STEPPING,TESTER,SOCKET,BASE_REV,RUN_NAME,CURRENT_COMMIT,CURRENT_COMMIT_DATE,TEST_START_DATETIME,DIE_ID,MACRO,IO,ADC_CAL,TEST_SEQUENCE,TEST_NAME,LEVEL_01_XPOINT_PPM,LEVEL_12_XPOINT_PPM,LEVEL_23_XPOINT_PPM,LEVEL_01_XPOINT_ADC,LEVEL_12_XPOINT_ADC,LEVEL_23_XPOINT_ADC,LEVEL_01_XPOINT_EXT_PPM,LEVEL_12_XPOINT_EXT_PPM,LEVEL_23_XPOINT_EXT_PPM,LEVEL_01_XPOINT_SUM_PPM,LEVEL_12_XPOINT_SUM_PPM,LEVEL_23_XPOINT_SUM_PPM,LEVEL_01_XPOINT_SUM_ADC,LEVEL_12_XPOINT_SUM_ADC,LEVEL_23_XPOINT_SUM_ADC,LEVEL_01_0SIGMA_ADCRWB,LEVEL_12_0SIGMA_ADCRWB,LEVEL_23_0SIGMA_ADCRWB,LEVEL_01_M1SIGMA_ADCRWB,LEVEL_12_M1SIGMA_ADCRWB,LEVEL_23_M1SIGMA_ADCRWB,LEVEL_01_M2SIGMA_ADCRWB,LEVEL_12_M2SIGMA_ADCRWB,LEVEL_23_M2SIGMA_ADCRWB,LEVEL_01_M2P5SIGMA_ADCRWB,LEVEL_12_M2P5SIGMA_ADCRWB,LEVEL_23_M2P5SIGMA_ADCRWB,LEVEL_01_M3SIGMA_ADCRWB,LEVEL_12_M3SIGMA_ADCRWB,LEVEL_23_M3SIGMA_ADCRWB,LEVEL_01_170PPM_ADCRWB,LEVEL_12_170PPM_ADCRWB,LEVEL_23_170PPM_ADCRWB,LEVEL_01_500PPM_ADCRWB,LEVEL_12_500PPM_ADCRWB,LEVEL_23_500PPM_ADCRWB,LEVEL_01_0_0SIGMA_ADC,LEVEL_01_1_0SIGMA_ADC,LEVEL_12_1_0SIGMA_ADC,LEVEL_12_2_0SIGMA_ADC,LEVEL_23_2_0SIGMA_ADC,LEVEL_23_3_0SIGMA_ADC,LEVEL_01_0_M1SIGMA_ADC,LEVEL_01_1_M1SIGMA_ADC,LEVEL_12_1_M1SIGMA_ADC,LEVEL_12_2_M1SIGMA_ADC,LEVEL_23_2_M1SIGMA_ADC,LEVEL_23_3_M1SIGMA_ADC,LEVEL_01_0_M2SIGMA_ADC,LEVEL_01_1_M2SIGMA_ADC,LEVEL_12_1_M2SIGMA_ADC,LEVEL_12_2_M2SIGMA_ADC,LEVEL_23_2_M2SIGMA_ADC,LEVEL_23_3_M2SIGMA_ADC,LEVEL_01_0_M2P5SIGMA_ADC,LEVEL_01_1_M2P5SIGMA_ADC,LEVEL_12_1_M2P5SIGMA_ADC,LEVEL_12_2_M2P5SIGMA_ADC,LEVEL_23_2_M2P5SIGMA_ADC,LEVEL_23_3_M2P5SIGMA_ADC,LEVEL_01_0_M3SIGMA_ADC,LEVEL_01_1_M3SIGMA_ADC,LEVEL_12_1_M3SIGMA_ADC,LEVEL_12_2_M3SIGMA_ADC,LEVEL_23_2_M3SIGMA_ADC,LEVEL_23_3_M3SIGMA_ADC,LEVEL_01_0_170PPM_ADC,LEVEL_01_1_170PPM_ADC,LEVEL_12_1_170PPM_ADC,LEVEL_12_2_170PPM_ADC,LEVEL_23_2_170PPM_ADC,LEVEL_23_3_170PPM_ADC,LEVEL_01_0_500PPM_ADC,LEVEL_01_1_500PPM_ADC,LEVEL_12_1_500PPM_ADC,LEVEL_12_2_500PPM_ADC,LEVEL_23_2_500PPM_ADC,LEVEL_23_3_500PPM_ADC,LEVEL_0_MAXADC,LEVEL_0_MINADC,LEVEL_1_MAXADC,LEVEL_1_MINADC,LEVEL_2_MAXADC,LEVEL_2_MINADC,LEVEL_3_MAXADC,LEVEL_3_MINADC,LEVEL_0_DISTSIGMA,LEVEL_1_DISTSIGMA,LEVEL_2_DISTSIGMA,LEVEL_3_DISTSIGMA,ADC_0_COND_US,ADC_63_COND_US,LEVEL_0_0ADC_PPM,LEVEL_0_1ADC_PPM,LEVEL_0_2ADC_PPM,LEVEL_0_3ADC_PPM,LEVEL_0_4ADC_PPM,LEVEL_0_5ADC_PPM,LEVEL_0_6ADC_PPM,LEVEL_0_7ADC_PPM,LEVEL_0_8ADC_PPM,LEVEL_0_9ADC_PPM,LEVEL_0_10ADC_PPM,LEVEL_0_11ADC_PPM,LEVEL_0_12ADC_PPM,LEVEL_0_13ADC_PPM,LEVEL_0_14ADC_PPM,LEVEL_0_15ADC_PPM,LEVEL_0_16ADC_PPM,LEVEL_0_17ADC_PPM,LEVEL_0_18ADC_PPM,LEVEL_0_19ADC_PPM,LEVEL_0_20ADC_PPM,LEVEL_0_21ADC_PPM,LEVEL_0_22ADC_PPM,LEVEL_0_23ADC_PPM,LEVEL_0_24ADC_PPM,LEVEL_0_25ADC_PPM,LEVEL_0_26ADC_PPM,LEVEL_0_27ADC_PPM,LEVEL_0_28ADC_PPM,LEVEL_0_29ADC_PPM,LEVEL_0_30ADC_PPM,LEVEL_0_31ADC_PPM,LEVEL_0_32ADC_PPM,LEVEL_0_33ADC_PPM,LEVEL_0_34ADC_PPM,LEVEL_0_35ADC_PPM,LEVEL_0_36ADC_PPM,LEVEL_0_37ADC_PPM,LEVEL_0_38ADC_PPM,LEVEL_0_39ADC_PPM,LEVEL_0_40ADC_PPM,LEVEL_0_41ADC_PPM,LEVEL_0_42ADC_PPM,LEVEL_0_43ADC_PPM,LEVEL_0_44ADC_PPM,LEVEL_0_45ADC_PPM,LEVEL_0_46ADC_PPM,LEVEL_0_47ADC_PPM,LEVEL_0_48ADC_PPM,LEVEL_0_49ADC_PPM,LEVEL_0_50ADC_PPM,LEVEL_0_51ADC_PPM,LEVEL_0_52ADC_PPM,LEVEL_0_53ADC_PPM,LEVEL_0_54ADC_PPM,LEVEL_0_55ADC_PPM,LEVEL_0_56ADC_PPM,LEVEL_0_57ADC_PPM,LEVEL_0_58ADC_PPM,LEVEL_0_59ADC_PPM,LEVEL_0_60ADC_PPM,LEVEL_0_61ADC_PPM,LEVEL_0_62ADC_PPM,LEVEL_0_63ADC_PPM,LEVEL_1_0ADC_PPM,LEVEL_1_1ADC_PPM,LEVEL_1_2ADC_PPM,LEVEL_1_3ADC_PPM,LEVEL_1_4ADC_PPM,LEVEL_1_5ADC_PPM,LEVEL_1_6ADC_PPM,LEVEL_1_7ADC_PPM,LEVEL_1_8ADC_PPM,LEVEL_1_9ADC_PPM,LEVEL_1_10ADC_PPM,LEVEL_1_11ADC_PPM,LEVEL_1_12ADC_PPM,LEVEL_1_13ADC_PPM,LEVEL_1_14ADC_PPM,LEVEL_1_15ADC_PPM,LEVEL_1_16ADC_PPM,LEVEL_1_17ADC_PPM,LEVEL_1_18ADC_PPM,LEVEL_1_19ADC_PPM,LEVEL_1_20ADC_PPM,LEVEL_1_21ADC_PPM,LEVEL_1_22ADC_PPM,LEVEL_1_23ADC_PPM,LEVEL_1_24ADC_PPM,LEVEL_1_25ADC_PPM,LEVEL_1_26ADC_PPM,LEVEL_1_27ADC_PPM,LEVEL_1_28ADC_PPM,LEVEL_1_29ADC_PPM,LEVEL_1_30ADC_PPM,LEVEL_1_31ADC_PPM,LEVEL_1_32ADC_PPM,LEVEL_1_33ADC_PPM,LEVEL_1_34ADC_PPM,LEVEL_1_35ADC_PPM,LEVEL_1_36ADC_PPM,LEVEL_1_37ADC_PPM,LEVEL_1_38ADC_PPM,LEVEL_1_39ADC_PPM,LEVEL_1_40ADC_PPM,LEVEL_1_41ADC_PPM,LEVEL_1_42ADC_PPM,LEVEL_1_43ADC_PPM,LEVEL_1_44ADC_PPM,LEVEL_1_45ADC_PPM,LEVEL_1_46ADC_PPM,LEVEL_1_47ADC_PPM,LEVEL_1_48ADC_PPM,LEVEL_1_49ADC_PPM,LEVEL_1_50ADC_PPM,LEVEL_1_51ADC_PPM,LEVEL_1_52ADC_PPM,LEVEL_1_53ADC_PPM,LEVEL_1_54ADC_PPM,LEVEL_1_55ADC_PPM,LEVEL_1_56ADC_PPM,LEVEL_1_57ADC_PPM,LEVEL_1_58ADC_PPM,LEVEL_1_59ADC_PPM,LEVEL_1_60ADC_PPM,LEVEL_1_61ADC_PPM,LEVEL_1_62ADC_PPM,LEVEL_1_63ADC_PPM,LEVEL_2_0ADC_PPM,LEVEL_2_1ADC_PPM,LEVEL_2_2ADC_PPM,LEVEL_2_3ADC_PPM,LEVEL_2_4ADC_PPM,LEVEL_2_5ADC_PPM,LEVEL_2_6ADC_PPM,LEVEL_2_7ADC_PPM,LEVEL_2_8ADC_PPM,LEVEL_2_9ADC_PPM,LEVEL_2_10ADC_PPM,LEVEL_2_11ADC_PPM,LEVEL_2_12ADC_PPM,LEVEL_2_13ADC_PPM,LEVEL_2_14ADC_PPM,LEVEL_2_15ADC_PPM,LEVEL_2_16ADC_PPM,LEVEL_2_17ADC_PPM,LEVEL_2_18ADC_PPM,LEVEL_2_19ADC_PPM,LEVEL_2_20ADC_PPM,LEVEL_2_21ADC_PPM,LEVEL_2_22ADC_PPM,LEVEL_2_23ADC_PPM,LEVEL_2_24ADC_PPM,LEVEL_2_25ADC_PPM,LEVEL_2_26ADC_PPM,LEVEL_2_27ADC_PPM,LEVEL_2_28ADC_PPM,LEVEL_2_29ADC_PPM,LEVEL_2_30ADC_PPM,LEVEL_2_31ADC_PPM,LEVEL_2_32ADC_PPM,LEVEL_2_33ADC_PPM,LEVEL_2_34ADC_PPM,LEVEL_2_35ADC_PPM,LEVEL_2_36ADC_PPM,LEVEL_2_37ADC_PPM,LEVEL_2_38ADC_PPM,LEVEL_2_39ADC_PPM,LEVEL_2_40ADC_PPM,LEVEL_2_41ADC_PPM,LEVEL_2_42ADC_PPM,LEVEL_2_43ADC_PPM,LEVEL_2_44ADC_PPM,LEVEL_2_45ADC_PPM,LEVEL_2_46ADC_PPM,LEVEL_2_47ADC_PPM,LEVEL_2_48ADC_PPM,LEVEL_2_49ADC_PPM,LEVEL_2_50ADC_PPM,LEVEL_2_51ADC_PPM,LEVEL_2_52ADC_PPM,LEVEL_2_53ADC_PPM,LEVEL_2_54ADC_PPM,LEVEL_2_55ADC_PPM,LEVEL_2_56ADC_PPM,LEVEL_2_57ADC_PPM,LEVEL_2_58ADC_PPM,LEVEL_2_59ADC_PPM,LEVEL_2_60ADC_PPM,LEVEL_2_61ADC_PPM,LEVEL_2_62ADC_PPM,LEVEL_2_63ADC_PPM,LEVEL_3_0ADC_PPM,LEVEL_3_1ADC_PPM,LEVEL_3_2ADC_PPM,LEVEL_3_3ADC_PPM,LEVEL_3_4ADC_PPM,LEVEL_3_5ADC_PPM,LEVEL_3_6ADC_PPM,LEVEL_3_7ADC_PPM,LEVEL_3_8ADC_PPM,LEVEL_3_9ADC_PPM,LEVEL_3_10ADC_PPM,LEVEL_3_11ADC_PPM,LEVEL_3_12ADC_PPM,LEVEL_3_13ADC_PPM,LEVEL_3_14ADC_PPM,LEVEL_3_15ADC_PPM,LEVEL_3_16ADC_PPM,LEVEL_3_17ADC_PPM,LEVEL_3_18ADC_PPM,LEVEL_3_19ADC_PPM,LEVEL_3_20ADC_PPM,LEVEL_3_21ADC_PPM,LEVEL_3_22ADC_PPM,LEVEL_3_23ADC_PPM,LEVEL_3_24ADC_PPM,LEVEL_3_25ADC_PPM,LEVEL_3_26ADC_PPM,LEVEL_3_27ADC_PPM,LEVEL_3_28ADC_PPM,LEVEL_3_29ADC_PPM,LEVEL_3_30ADC_PPM,LEVEL_3_31ADC_PPM,LEVEL_3_32ADC_PPM,LEVEL_3_33ADC_PPM,LEVEL_3_34ADC_PPM,LEVEL_3_35ADC_PPM,LEVEL_3_36ADC_PPM,LEVEL_3_37ADC_PPM,LEVEL_3_38ADC_PPM,LEVEL_3_39ADC_PPM,LEVEL_3_40ADC_PPM,LEVEL_3_41ADC_PPM,LEVEL_3_42ADC_PPM,LEVEL_3_43ADC_PPM,LEVEL_3_44ADC_PPM,LEVEL_3_45ADC_PPM,LEVEL_3_46ADC_PPM,LEVEL_3_47ADC_PPM,LEVEL_3_48ADC_PPM,LEVEL_3_49ADC_PPM,LEVEL_3_50ADC_PPM,LEVEL_3_51ADC_PPM,LEVEL_3_52ADC_PPM,LEVEL_3_53ADC_PPM,LEVEL_3_54ADC_PPM,LEVEL_3_55ADC_PPM,LEVEL_3_56ADC_PPM,LEVEL_3_57ADC_PPM,LEVEL_3_58ADC_PPM,LEVEL_3_59ADC_PPM,LEVEL_3_60ADC_PPM,LEVEL_3_61ADC_PPM,LEVEL_3_62ADC_PPM,LEVEL_3_63ADC_PPM
FLINT,MAGNUM03,F,na,na,na,na,2025_03_11-15_02_56,na,4,0,Yes,1,na,96.4552688690621,1302.1461297323344,22666.988184229613,6.5,43.0,62.0,,,,96.4552688690621,2363.1540872920345,22666.988184229613,6.5,43.0,62.0,32.0,21.0,10.0,28.0,17.0,7.0,23.0,10.0,2.0,20.0,6.0,0.0,14.0,2.0,0.0,3.0,-5.0,0.0,9.0,-4.0,0.0,0.0,32.0,32.0,53.0,53.0,63.0,0.0,28.0,34.0,51.0,56.0,63.0,0.0,23.0,38.0,48.0,61.0,63.0,0.0,20.0,40.0,46.0,63.0,63.0,2.0,16.0,42.0,44.0,63.0,63.0,5.0,8.0,47.0,42.0,63.0,63.0,4.0,13.0,46.0,42.0,63.0,63.0,6.0,0.0,58.0,5.0,63.0,40.0,63.0,63.0,0.1320281423920386,3.6364316656738893,2.8727805202327494,0.0,30.0,160.0,998022.6669881842,998649.626235833,999276.585483482,999517.7236556546,999758.8618278273,999951.7723655654,1000000.0,1000000.0,1000000.0,1000000.0,1000000.0,1000000.0,1000000.0,1000000.0,1000000.0,1000000.0,1000000.0,1000000.0,1000000.0,1000000.0,1000000.0,1000000.0,1000000.0,1000000.0,1000000.0,1000000.0,1000000.0,1000000.0,1000000.0,1000000.0,1000000.0,1000000.0,1000000.0,1000000.0,1000000.0,1000000.0,1000000.0,1000000.0,1000000.0,1000000.0,1000000.0,1000000.0,1000000.0,1000000.0,1000000.0,1000000.0,1000000.0,1000000.0,1000000.0,1000000.0,1000000.0,1000000.0,1000000.0,1000000.0,1000000.0,1000000.0,1000000.0,1000000.0,1000000.0,1000000.0,1000000.0,1000000.0,1000000.0,1000000.0,0.0,0.0,0.0,0.0,0.0,48.22763443453082,48.22763443453082,144.68290330359284,241.13817217265407,289.36580660718624,337.59344104171646,385.82107547624787,530.5039787798403,723.414516517964,964.5526886906189,1157.4632264287443,1832.650108512174,3038.3409693754506,4629.85290571497,6028.454304316367,9838.437424644324,14178.924523752106,21557.752592235323,30094.04388714736,43742.46443211957,62599.46949602117,99252.47166626477,133252.9539426091,193006.9930069929,270798.1673498915,368700.26525198936,395321.91945985047,648951.048951049,747962.3824451411,859127.079816735,901133.3494092115,949939.7154569568,974680.4919218712,987798.4084880636,992669.3995659512,996624.0655895828,998119.1222570533,998938.9920424403,999083.6749457439,999228.3578490474,999421.2683867855,999855.3170966964,999903.5447311308,999951.7723655654,999951.7723655654,1000000.0,1000000.0,1000000.0,1000000.0,1000000.0,1000000.0,1000000.0,1000000.0,1000000.0,1000000.0,1000000.0,1000000.0,1000000.0,1000000.0,0.0,0.0,0.0,0.0,0.0,0.0,0.0,0.0,0.0,0.0,0.0,0.0,0.0,0.0,0.0,0.0,0.0,0.0,0.0,0.0,0.0,0.0,0.0,0.0,0.0,0.0,0.0,0.0,0.0,0.0,0.0,0.0,0.0,0.0,0.0,0.0,0.0,0.0,0.0,0.0,96.4552688690621,192.91053773812425,916.3250542560885,1350.373764166866,2604.2922594646707,5401.495056667472,12105.136243067265,20544.972269110207,40800.578731613175,69544.24885459371,137111.16469737166,200819.869785387,345792.1388955871,507354.714251266,720279.7202797201,831058.5965758379,916035.6884494815,943284.3019049915,956932.7224499638,963154.0872920182,971690.3785869303,977333.0118157704,983313.2384856523,1000000.0,0.0,0.0,0.0,0.0,0.0,0.0,0.0,0.0,0.0,0.0,0.0,0.0,0.0,0.0,0.0,0.0,0.0,0.0,0.0,0.0,0.0,0.0,0.0,0.0,0.0,0.0,0.0,0.0,0.0,0.0,0.0,0.0,0.0,0.0,0.0,0.0,0.0,0.0,0.0,0.0,0.0,0.0,0.0,0.0,0.0,0.0,0.0,0.0,0.0,0.0,0.0,0.0,0.0,0.0,0.0,0.0,0.0,0.0,0.0,0.0,0.0,0.0,0.0,1000000.0
FLINT,MAGNUM03,F,na,na,na,na,2025_03_11-15_02_56,na,4,1,Yes,1,na,0.0,6124.909573185457,0.0,11.5,44.0,0.0,,,,0.0,7668.193875090419,0.0,11.5,44.0,0.0,32.0,21.0,10.0,29.0,16.0,9.0,23.0,10.0,6.0,19.0,3.0,0.0,15.0,-12.0,0.0,9.0,-22.0,0.0,12.0,-18.0,0.0,0.0,32.0,32.0,53.0,53.0,63.0,0.0,29.0,34.0,50.0,54.0,63.0,2.0,25.0,37.0,47.0,57.0,63.0,4.0,23.0,43.0,46.0,63.0,63.0,5.0,20.0,56.0,44.0,63.0,63.0,7.0,16.0,63.0,41.0,63.0,63.0,6.0,18.0,60.0,42.0,63.0,63.0,9.0,0.0,63.0,14.0,63.0,40.0,63.0,0.0,0.6227065784490297,3.329176734212748,2.482550222714938,0.43803888309958594,30.0,160.0,931275.6209307932,956932.7224499638,980226.6698818422,989100.5546177959,997588.6182782734,999276.585483482,999807.0894622619,1000000.0,1000000.0,1000000.0,1000000.0,1000000.0,1000000.0,1000000.0,1000000.0,1000000.0,1000000.0,1000000.0,1000000.0,1000000.0,1000000.0,1000000.0,1000000.0,1000000.0,1000000.0,1000000.0,1000000.0,1000000.0,1000000.0,1000000.0,1000000.0,1000000.0,1000000.0,1000000.0,1000000.0,1000000.0,1000000.0,1000000.0,1000000.0,1000000.0,1000000.0,1000000.0,1000000.0,1000000.0,1000000.0,1000000.0,1000000.0,1000000.0,1000000.0,1000000.0,1000000.0,1000000.0,1000000.0,1000000.0,1000000.0,1000000.0,1000000.0,1000000.0,1000000.0,1000000.0,1000000.0,1000000.0,1000000.0,1000000.0,0.0,0.0,0.0,0.0,0.0,0.0,0.0,0.0,0.0,0.0,0.0,0.0,0.0,0.0,96.4552688690621,96.4552688690621,241.13817217265407,289.36580660718624,868.0974198215577,1350.373764166866,2459.609356161082,3858.2107547624714,6076.6819387508895,9259.705811429942,16927.89968652038,28406.07668193874,54641.90981432362,82131.66144200628,141210.5136243067,212201.5915119363,325584.7600675187,357463.2264287436,626718.1094767301,745840.3665300217,866505.9078852182,920424.4031830238,962671.8109476729,980564.263322884,988666.5059078851,991029.6599951772,992524.7166626477,993006.993006993,993633.9522546419,993875.0904268145,994405.5944055944,994791.4154810706,995370.147094285,996045.3339763684,996479.3826862792,996624.0655895828,997009.886665059,997299.2524716662,997685.0735471424,998119.1222570533,998408.4880636605,998601.3986013986,998794.3091391367,998987.2196768748,999276.585483482,999421.2683867855,999565.9512900892,999710.6341933928,999758.8618278273,1000000.0,0.0,0.0,0.0,0.0,0.0,0.0,0.0,0.0,0.0,0.0,0.0,0.0,0.0,0.0,0.0,0.0,0.0,0.0,0.0,0.0,0.0,0.0,0.0,0.0,0.0,0.0,0.0,0.0,0.0,0.0,0.0,0.0,0.0,0.0,0.0,0.0,0.0,0.0,0.0,0.0,144.68290330359284,385.82107547624787,723.414516517964,1350.373764166866,3134.7962382445157,6221.364842054485,15191.704846877255,26332.288401253903,60911.502290812634,108078.12876778394,210561.85194116228,306968.8931757897,495828.30962141306,667663.371111647,856378.1046539667,927031.5891005546,974535.8090185677,986544.4899927658,990450.9283819628,991222.5705329153,991560.1639739571,991753.0745116952,992138.8955871714,1000000.0,48.22763443453082,48.22763443453082,48.22763443453082,48.22763443453082,48.22763443453082,48.22763443453082,48.22763443453082,48.22763443453082,48.22763443453082,48.22763443453082,48.22763443453082,48.22763443453082,48.22763443453082,48.22763443453082,48.22763443453082,48.22763443453082,48.22763443453082,48.22763443453082,48.22763443453082,48.22763443453082,48.22763443453082,48.22763443453082,48.22763443453082,48.22763443453082,48.22763443453082,48.22763443453082,48.22763443453082,48.22763443453082,48.22763443453082,48.22763443453082,48.22763443453082,48.22763443453082,48.22763443453082,48.22763443453082,48.22763443453082,48.22763443453082,48.22763443453082,48.22763443453082,48.22763443453082,48.22763443453082,48.22763443453082,48.22763443453082,48.22763443453082,48.22763443453082,48.22763443453082,48.22763443453082,48.22763443453082,48.22763443453082,48.22763443453082,48.22763443453082,48.22763443453082,48.22763443453082,48.22763443453082,48.22763443453082,48.22763443453082,48.22763443453082,48.22763443453082,48.22763443453082,48.22763443453082,48.22763443453082,96.4552688690621,96.4552688690621,144.68290330359284,1000000.0
FLINT,MAGNUM03,F,na,na,na,na,2025_03_11-15_02_56,na,4,2,Yes,1,na,48.22763443457198,8488.063660477499,5883.771401012808,9.0,45.0,62.0,,,,48.22763443457198,10851.217747769479,5883.771401012808,9.0,45.0,62.0,32.0,20.0,11.0,28.0,16.0,9.0,22.0,10.0,7.0,18.0,-4.0,2.0,13.0,-18.0,0.0,6.0,-22.0,0.0,9.0,-21.0,0.0,0.0,32.0,32.0,52.0,52.0,63.0,0.0,28.0,34.0,50.0,54.0,63.0,2.0,24.0,37.0,47.0,56.0,63.0,4.0,22.0,49.0,45.0,61.0,63.0,6.0,19.0,61.0,43.0,63.0,63.0,8.0,14.0,63.0,41.0,63.0,63.0,7.0,16.0,63.0,42.0,63.0,63.0,11.0,0.0,63.0,9.0,63.0,40.0,63.0,63.0,0.6326469845453471,3.7143201478688863,2.42024402006538,0.0,30.0,160.0,944393.5374969858,962334.2175066313,980660.7185917529,988184.22956354,995707.7405353268,998697.8538702676,999517.7236556546,999758.8618278273,999951.7723655654,1000000.0,1000000.0,1000000.0,1000000.0,1000000.0,1000000.0,1000000.0,1000000.0,1000000.0,1000000.0,1000000.0,1000000.0,1000000.0,1000000.0,1000000.0,1000000.0,1000000.0,1000000.0,1000000.0,1000000.0,1000000.0,1000000.0,1000000.0,1000000.0,1000000.0,1000000.0,1000000.0,1000000.0,1000000.0,1000000.0,1000000.0,1000000.0,1000000.0,1000000.0,1000000.0,1000000.0,1000000.0,1000000.0,1000000.0,1000000.0,1000000.0,1000000.0,1000000.0,1000000.0,1000000.0,1000000.0,1000000.0,1000000.0,1000000.0,1000000.0,1000000.0,1000000.0,1000000.0,1000000.0,1000000.0,0.0,0.0,0.0,0.0,0.0,0.0,0.0,0.0,0.0,48.22763443453082,48.22763443453082,144.68290330359284,144.68290330359284,192.91053773812425,385.82107547624787,434.04870991077877,578.7316132143711,819.8697853870253,1253.9184952978064,1736.1948396431121,2990.1133349409165,5112.12925006028,9549.071618037116,13696.648179406795,24644.321196045297,40077.16421509529,73836.50831926694,108078.12876778394,178779.84084880637,257921.3889558717,384133.1082710393,434965.034965035,681504.7021943573,791077.8876296118,888063.6604774535,928960.6944779358,964166.8676151434,978056.4263322884,985724.6202073788,988039.5466602363,989341.6927899687,989872.1967687485,990740.29418857,991222.5705329153,991511.9363395225,991801.3021461297,992524.7166626477,993006.993006993,993682.1798890764,994164.4562334217,994984.3260188088,995273.6918254159,995755.9681697612,996238.2445141064,996624.0655895828,997058.1142994935,997588.6182782734,997974.4393537496,998263.8051603568,998408.4880636605,998601.3986013986,998746.0815047021,999228.3578490474,1000000.0,0.0,0.0,0.0,0.0,0.0,0.0,0.0,0.0,0.0,0.0,0.0,0.0,0.0,0.0,0.0,0.0,0.0,0.0,0.0,0.0,0.0,0.0,0.0,0.0,0.0,0.0,0.0,0.0,0.0,0.0,0.0,0.0,0.0,0.0,0.0,0.0,0.0,0.0,0.0,0.0,48.22763443453082,241.13817217265407,868.0974198215577,1687.967205208584,3906.438389197008,7089.462261876058,17747.769471907395,30045.816252712804,62647.697130455745,109476.73016638531,212876.7783940197,313865.44489992765,516373.2818905232,694911.984567157,871232.2160598021,938413.310827104,979310.3448275862,987991.3190258017,992428.2613937786,993199.9035447311,993730.407523511,994116.2285989872,994502.0496744635,1000000.0,0.0,0.0,0.0,0.0,0.0,0.0,0.0,0.0,0.0,0.0,0.0,0.0,0.0,0.0,0.0,0.0,0.0,0.0,0.0,0.0,0.0,0.0,0.0,0.0,0.0,0.0,0.0,0.0,0.0,0.0,0.0,0.0,0.0,0.0,0.0,0.0,0.0,0.0,0.0,0.0,0.0,0.0,0.0,0.0,0.0,0.0,0.0,0.0,0.0,0.0,0.0,0.0,0.0,0.0,0.0,0.0,0.0,0.0,0.0,0.0,0.0,0.0,0.0,1000000.0
FLINT,MAGNUM03,F,na,na,na,na,2025_03_11-15_02_56,na,4,3,Yes,1,na,144.68290330359284,7619.9662406559655,48.22763443453082,10.0,42.0,0.0,,,,192.91053773812425,13262.599469496132,48.22763443453082,10.0,42.0,0.0,32.0,19.0,12.0,28.0,14.0,9.0,20.0,6.0,5.0,16.0,-1.0,0.0,10.0,-18.0,0.0,2.0,-27.0,0.0,6.0,-25.0,0.0,0.0,32.0,32.0,51.0,51.0,63.0,0.0,28.0,34.0,48.0,54.0,63.0,2.0,22.0,38.0,44.0,58.0,63.0,4.0,20.0,43.0,42.0,63.0,63.0,6.0,16.0,58.0,40.0,63.0,63.0,9.0,11.0,63.0,36.0,63.0,63.0,8.0,14.0,63.0,38.0,63.0,63.0,11.0,0.0,63.0,8.0,63.0,30.0,63.0,0.0,0.6079308574343882,4.085268192236351,3.328404510850214,0.6186885949313036,30.0,160.0,958910.0554617796,970822.2811671087,983023.872679045,989100.5546177959,995273.6918254159,998263.8051603568,999180.1302146129,999469.4960212201,999807.0894622619,999903.5447311308,1000000.0,1000000.0,1000000.0,1000000.0,1000000.0,1000000.0,1000000.0,1000000.0,1000000.0,1000000.0,1000000.0,1000000.0,1000000.0,1000000.0,1000000.0,1000000.0,1000000.0,1000000.0,1000000.0,1000000.0,1000000.0,1000000.0,1000000.0,1000000.0,1000000.0,1000000.0,1000000.0,1000000.0,1000000.0,1000000.0,1000000.0,1000000.0,1000000.0,1000000.0,1000000.0,1000000.0,1000000.0,1000000.0,1000000.0,1000000.0,1000000.0,1000000.0,1000000.0,1000000.0,1000000.0,1000000.0,1000000.0,1000000.0,1000000.0,1000000.0,1000000.0,1000000.0,1000000.0,1000000.0,0.0,0.0,0.0,0.0,0.0,0.0,0.0,0.0,96.4552688690621,144.68290330359284,192.91053773812425,241.13817217265407,289.36580660718624,530.5039787798403,916.3250542560885,1253.9184952978064,1832.650108512174,2797.202797202796,4340.487099107789,5835.543766578246,10561.851941162287,15529.298287918953,24354.95538943816,34723.8967928623,52616.34916807329,73498.91487822525,112418.61586689172,150711.3576079094,222956.35399083674,297950.3255365323,408680.9741982155,451314.20303834096,672244.9963829273,766915.8427779117,858017.8442247409,902724.861345551,944248.8545936821,966095.9729925247,980226.6698818422,985821.0754762478,990402.7007475282,992380.033759344,993633.9522546419,993971.5456956836,994694.9602122015,995032.5536532432,995370.147094285,995804.1958041957,995997.1063419338,996238.2445141064,996431.1550518447,996624.0655895828,997251.0248372317,997588.6182782734,997829.756450446,998022.6669881842,998312.0327947914,998649.626235833,998938.9920424403,999083.6749457439,999228.3578490474,999373.040752351,999517.7236556546,1000000.0,0.0,0.0,0.0,0.0,0.0,0.0,0.0,0.0,0.0,0.0,0.0,0.0,0.0,0.0,0.0,0.0,0.0,0.0,0.0,0.0,0.0,0.0,0.0,0.0,0.0,0.0,0.0,0.0,0.0,0.0,48.22763443453082,48.22763443453082,48.22763443453082,48.22763443453082,48.22763443453082,144.68290330359284,241.13817217265407,434.04870991077877,675.1868820834334,1061.0079575596806,2170.2435495538875,3713.527851458888,7185.917530745107,12635.640221847118,23824.451410658283,39305.52206414272,73450.68724379067,114058.35543766568,185531.70966964067,273064.86616831436,409115.02290812635,513961.9001687967,671280.4436942368,784760.0675186882,888449.4815529299,934651.5553412104,965034.965034965,975066.3129973474,980371.3527851459,982107.547624789,982975.6450446106,983457.9213889558,984326.0188087773,1000000.0,96.4552688690621,96.4552688690621,96.4552688690621,96.4552688690621,96.4552688690621,96.4552688690621,96.4552688690621,96.4552688690621,96.4552688690621,96.4552688690621,96.4552688690621,96.4552688690621,96.4552688690621,96.4552688690621,96.4552688690621,96.4552688690621,96.4552688690621,96.4552688690621,96.4552688690621,96.4552688690621,96.4552688690621,96.4552688690621,96.4552688690621,96.4552688690621,96.4552688690621,96.4552688690621,96.4552688690621,96.4552688690621,96.4552688690621,96.4552688690621,96.4552688690621,96.4552688690621,96.4552688690621,96.4552688690621,96.4552688690621,96.4552688690621,96.4552688690621,96.4552688690621,96.4552688690621,96.4552688690621,96.4552688690621,96.4552688690621,96.4552688690621,96.4552688690621,96.4552688690621,96.4552688690621,96.4552688690621,96.4552688690621,96.4552688690621,96.4552688690621,96.4552688690621,96.4552688690621,96.4552688690621,96.4552688690621,96.4552688690621,96.4552688690621,96.4552688690621,96.4552688690621,96.4552688690621,96.4552688690621,96.4552688690621,96.4552688690621,96.4552688690621,1000000.0
FLINT,MAGNUM03,F,na,na,na,na,2025_03_11-15_02_56,na,4,4,Yes,1,na,0.0,11671.087533156593,0.0,11.5,44.0,0.0,,,,0.0,16638.533879913204,0.0,11.5,44.0,0.0,32.0,20.0,11.0,28.0,14.0,9.0,21.0,7.0,3.0,16.0,-8.0,0.0,12.0,-20.0,0.0,6.0,-24.0,0.0,8.0,-23.0,0.0,0.0,32.0,32.0,52.0,52.0,63.0,0.0,28.0,35.0,49.0,54.0,63.0,3.0,24.0,39.0,46.0,60.0,63.0,5.0,21.0,52.0,44.0,63.0,63.0,6.0,18.0,62.0,42.0,63.0,63.0,9.0,15.0,63.0,39.0,63.0,63.0,8.0,16.0,63.0,40.0,63.0,63.0,10.0,0.0,63.0,13.0,63.0,38.0,63.0,0.0,0.7743469301190017,4.103769329233354,3.1311159621223723,0.4374894505865458,30.0,160.0,927320.9549071618,947769.4719074029,970002.4113817217,980467.8080540149,992862.3101036893,997588.6182782734,999276.585483482,999517.7236556546,999758.8618278273,999903.5447311308,1000000.0,1000000.0,1000000.0,1000000.0,1000000.0,1000000.0,1000000.0,1000000.0,1000000.0,1000000.0,1000000.0,1000000.0,1000000.0,1000000.0,1000000.0,1000000.0,1000000.0,1000000.0,1000000.0,1000000.0,1000000.0,1000000.0,1000000.0,1000000.0,1000000.0,1000000.0,1000000.0,1000000.0,1000000.0,1000000.0,1000000.0,1000000.0,1000000.0,1000000.0,1000000.0,1000000.0,1000000.0,1000000.0,1000000.0,1000000.0,1000000.0,1000000.0,1000000.0,1000000.0,1000000.0,1000000.0,1000000.0,1000000.0,1000000.0,1000000.0,1000000.0,1000000.0,1000000.0,1000000.0,0.0,0.0,0.0,0.0,0.0,0.0,0.0,0.0,0.0,0.0,0.0,0.0,0.0,48.22763443453082,192.91053773812425,337.59344104171646,868.0974198215577,1302.1461297323344,2170.2435495538875,3472.38967928623,4967.446346756688,8198.697853870257,13310.827103930547,18953.460332770668,29418.857005063877,43067.27755003614,71425.12659754041,100313.47962382453,162623.5833132384,229033.03592958767,334748.01061007957,386833.855799373,615625.7535567881,720135.0373764166,832457.1979744392,886182.7827345066,937062.937062937,960501.5673981191,975934.410417169,980853.6291294912,984518.9293465156,986351.5794550277,987750.1808536291,988328.9124668434,989438.1480588376,989872.1967687485,990354.4731130938,990836.7494574391,991608.3916083915,992331.8061249095,993199.9035447311,993682.1798890764,994309.1391367252,994694.9602122015,995370.147094285,995804.1958041957,996286.472148541,996961.6590306245,997492.1630094043,997781.5288160116,998215.5775259222,998601.3986013986,998842.5367735712,1000000.0,0.0,0.0,0.0,0.0,0.0,0.0,0.0,0.0,0.0,0.0,0.0,0.0,0.0,0.0,0.0,0.0,0.0,0.0,0.0,0.0,0.0,0.0,0.0,0.0,0.0,0.0,0.0,0.0,0.0,0.0,0.0,0.0,0.0,0.0,0.0,0.0,0.0,0.0,96.4552688690621,337.59344104171646,723.414516517964,1205.690860863273,3086.56860380998,4919.218712322153,8729.201832650102,16783.21678321678,36026.04292259466,56474.5599228358,105618.51941162281,173908.84977091875,298818.422956354,395948.8787074994,567205.208584519,702049.6744634676,843549.5538943816,904075.2351097177,951868.820834338,967928.6231010369,974873.4024596093,975982.6380516036,978008.1986978538,978828.0684832409,979792.6211719314,1000000.0,48.22763443453082,48.22763443453082,48.22763443453082,48.22763443453082,48.22763443453082,48.22763443453082,48.22763443453082,48.22763443453082,48.22763443453082,48.22763443453082,48.22763443453082,48.22763443453082,48.22763443453082,48.22763443453082,48.22763443453082,48.22763443453082,48.22763443453082,48.22763443453082,48.22763443453082,48.22763443453082,48.22763443453082,48.22763443453082,48.22763443453082,48.22763443453082,48.22763443453082,48.22763443453082,48.22763443453082,48.22763443453082,48.22763443453082,48.22763443453082,48.22763443453082,48.22763443453082,48.22763443453082,48.22763443453082,48.22763443453082,48.22763443453082,48.22763443453082,48.22763443453082,48.22763443453082,48.22763443453082,48.22763443453082,48.22763443453082,48.22763443453082,48.22763443453082,48.22763443453082,48.22763443453082,48.22763443453082,48.22763443453082,48.22763443453082,48.22763443453082,48.22763443453082,48.22763443453082,48.22763443453082,48.22763443453082,48.22763443453082,48.22763443453082,48.22763443453082,48.22763443453082,48.22763443453082,48.22763443453082,48.22763443453082,48.22763443453082,48.22763443453082,1000000.0
FLINT,MAGNUM03,F,na,na,na,na,2025_03_11-15_02_56,na,4,5,Yes,1,na,0.0,17506.63129973483,19242.826139377896,11.0,48.0,62.0,,,,0.0,22811.671087533156,19242.826139377896,11.0,48.0,62.0,33.0,22.0,8.0,29.0,17.0,6.0,22.0,6.0,3.0,18.0,-9.0,0.0,15.0,-17.0,0.0,10.0,-19.0,0.0,12.0,-18.0,0.0,0.0,33.0,33.0,55.0,55.0,63.0,1.0,30.0,36.0,53.0,57.0,63.0,4.0,26.0,44.0,50.0,60.0,63.0,6.0,24.0,57.0,48.0,63.0,63.0,7.0,22.0,63.0,46.0,63.0,63.0,9.0,19.0,63.0,44.0,63.0,63.0,8.0,20.0,63.0,45.0,63.0,63.0,10.0,0.0,63.0,12.0,63.0,42.0,63.0,63.0,1.1973108315491103,4.2742150053657335,2.464016902655822,0.0,30.0,160.0,834530.9862551242,877260.6703641186,924379.0692066554,947238.9679286231,978201.1092355918,990981.4323607427,997251.0248372317,998890.7644080058,999807.0894622619,999951.7723655654,1000000.0,1000000.0,1000000.0,1000000.0,1000000.0,1000000.0,1000000.0,1000000.0,1000000.0,1000000.0,1000000.0,1000000.0,1000000.0,1000000.0,1000000.0,1000000.0,1000000.0,1000000.0,1000000.0,1000000.0,1000000.0,1000000.0,1000000.0,1000000.0,1000000.0,1000000.0,1000000.0,1000000.0,1000000.0,1000000.0,1000000.0,1000000.0,1000000.0,1000000.0,1000000.0,1000000.0,1000000.0,1000000.0,1000000.0,1000000.0,1000000.0,1000000.0,1000000.0,1000000.0,1000000.0,1000000.0,1000000.0,1000000.0,1000000.0,1000000.0,1000000.0,1000000.0,1000000.0,1000000.0,0.0,0.0,0.0,0.0,0.0,0.0,0.0,0.0,0.0,0.0,0.0,0.0,48.22763443453082,48.22763443453082,48.22763443453082,48.22763443453082,48.22763443453082,48.22763443453082,144.68290330359284,241.13817217265407,626.959247648901,1061.0079575596806,2797.202797202796,4629.85290571497,8343.380757173849,14371.835061490223,27537.979262117184,43646.009163250514,79238.0033759344,123028.69544248862,204919.21871232204,242585.00120569076,468531.4685314685,584422.4740776465,728140.8246925488,811526.4046298529,896310.5859657583,935471.4251265975,959247.6489028212,966915.8427779117,971883.2891246683,973957.0774053532,975886.1827827344,976947.1907402942,978297.564504461,979792.6211719314,981480.58837714,982493.3687002652,984084.8806366047,985338.7991319025,986399.8070894622,987123.2216059802,988570.0506390162,989582.8309621413,991077.8876296117,992235.3508560404,993682.1798890764,994936.0983843743,995659.5129008922,996334.6997829756,997106.3419339281,997733.301181577,998215.5775259222,1000000.0,0.0,0.0,0.0,0.0,0.0,0.0,0.0,0.0,0.0,0.0,0.0,0.0,0.0,0.0,0.0,0.0,0.0,0.0,0.0,0.0,0.0,0.0,0.0,0.0,0.0,0.0,0.0,0.0,0.0,0.0,0.0,0.0,0.0,0.0,0.0,0.0,0.0,0.0,0.0,0.0,0.0,0.0,48.22763443453082,96.4552688690621,530.5039787798403,1157.4632264287443,2748.975162768264,4822.763443453095,10802.990113334929,20110.923559199407,46105.61851941157,74656.37810465397,146322.64287436698,235206.17313720754,415866.8917289607,573715.9392331805,788811.1888111886,902676.6337111164,964070.4123462744,975259.2235350856,979792.6211719314,980757.1738606221,981432.3607427055,1000000.0,0.0,0.0,0.0,0.0,0.0,0.0,0.0,0.0,0.0,0.0,0.0,0.0,0.0,0.0,0.0,0.0,0.0,0.0,0.0,0.0,0.0,0.0,0.0,0.0,0.0,0.0,0.0,0.0,0.0,0.0,0.0,0.0,0.0,0.0,0.0,0.0,0.0,0.0,0.0,0.0,0.0,0.0,0.0,0.0,0.0,0.0,0.0,0.0,0.0,0.0,0.0,0.0,0.0,0.0,0.0,0.0,0.0,0.0,0.0,0.0,0.0,0.0,0.0,1000000.0
FLINT,MAGNUM03,F,na,na,na,na,2025_03_11-15_02_56,na,4,6,Yes,1,na,0.0,1205.690860863306,1350.373764166911,11.5,45.0,61.0,,,,0.0,1784.4224740777295,1591.5119363395504,11.5,45.0,61.0,32.0,21.0,10.0,30.0,17.0,9.0,25.0,11.0,7.0,22.0,9.0,6.0,19.0,2.0,1.0,13.0,-11.0,-2.0,17.0,-6.0,-1.0,0.0,32.0,32.0,53.0,53.0,63.0,0.0,30.0,34.0,51.0,54.0,63.0,2.0,27.0,37.0,48.0,56.0,63.0,3.0,25.0,38.0,47.0,57.0,63.0,4.0,23.0,44.0,46.0,61.0,62.0,6.0,19.0,55.0,44.0,63.0,61.0,5.0,22.0,51.0,45.0,63.0,62.0,7.0,0.0,61.0,16.0,63.0,44.0,63.0,61.0,0.5243304460905138,2.453223494527685,1.883975195815032,0.050990824335877635,30.0,160.0,924379.0692066554,960212.2015915118,989631.0585965757,995611.2852664576,999035.4473113093,999662.4065589582,1000000.0,1000000.0,1000000.0,1000000.0,1000000.0,1000000.0,1000000.0,1000000.0,1000000.0,1000000.0,1000000.0,1000000.0,1000000.0,1000000.0,1000000.0,1000000.0,1000000.0,1000000.0,1000000.0,1000000.0,1000000.0,1000000.0,1000000.0,1000000.0,1000000.0,1000000.0,1000000.0,1000000.0,1000000.0,1000000.0,1000000.0,1000000.0,1000000.0,1000000.0,1000000.0,1000000.0,1000000.0,1000000.0,1000000.0,1000000.0,1000000.0,1000000.0,1000000.0,1000000.0,1000000.0,1000000.0,1000000.0,1000000.0,1000000.0,1000000.0,1000000.0,1000000.0,1000000.0,1000000.0,1000000.0,1000000.0,1000000.0,1000000.0,0.0,0.0,0.0,0.0,0.0,0.0,0.0,0.0,0.0,0.0,0.0,0.0,0.0,0.0,0.0,0.0,96.4552688690621,96.4552688690621,192.91053773812425,241.13817217265407,385.82107547624787,530.5039787798403,1205.690860863273,1929.1053773812387,4581.625271280436,9597.299252471657,20786.110441282854,35061.49023390402,69447.79358572459,123655.65469013751,220593.19990354482,261007.95755968176,567349.8914878224,717337.8345792139,873643.5977815288,933590.5473836508,976995.4183747286,991174.3428984808,996238.2445141064,997251.0248372317,997685.0735471424,997974.4393537496,998215.5775259222,998312.0327947914,998794.3091391367,998938.9920424403,999131.9025801783,999180.1302146129,999180.1302146129,999276.585483482,999421.2683867855,999565.9512900892,999710.6341933928,999758.8618278273,999807.0894622619,999903.5447311308,999951.7723655654,999951.7723655654,1000000.0,1000000.0,1000000.0,1000000.0,1000000.0,1000000.0,0.0,0.0,0.0,0.0,0.0,0.0,0.0,0.0,0.0,0.0,0.0,0.0,0.0,0.0,0.0,0.0,0.0,0.0,0.0,0.0,0.0,0.0,0.0,0.0,0.0,0.0,0.0,0.0,0.0,0.0,0.0,0.0,0.0,0.0,0.0,0.0,0.0,0.0,0.0,0.0,0.0,0.0,0.0,0.0,385.82107547624787,771.6421509524955,4147.576561369663,8246.925488304796,24258.500120569093,52761.03207137695,123318.06124909567,208150.47021943567,424981.91463708703,641765.1314203038,868435.0132625994,947962.382445141,990595.6112852665,996768.7484928863,998119.1222570533,998408.4880636605,998649.626235833,998842.5367735712,998938.9920424403,1000000.0,0.0,0.0,0.0,0.0,0.0,0.0,0.0,0.0,0.0,0.0,0.0,0.0,0.0,0.0,0.0,0.0,0.0,0.0,0.0,0.0,0.0,0.0,0.0,0.0,0.0,0.0,0.0,0.0,0.0,0.0,0.0,0.0,0.0,0.0,0.0,0.0,0.0,0.0,0.0,0.0,0.0,0.0,0.0,0.0,0.0,0.0,0.0,0.0,0.0,0.0,0.0,0.0,0.0,0.0,0.0,0.0,0.0,0.0,0.0,0.0,0.0,289.36580660718624,1736.1948396431121,1000000.0
FLINT,MAGNUM03,F,na,na,na,na,2025_03_11-15_02_56,na,4,7,Yes,1,na,0.0,4436.942367976865,8729.201832650146,10.5,44.0,62.0,,,,0.0,5256.81215336388,8970.3400048228,10.5,44.0,62.0,32.0,20.0,11.0,29.0,16.0,9.0,25.0,10.0,7.0,22.0,6.0,0.0,19.0,-9.0,0.0,14.0,-19.0,-1.0,16.0,-14.0,0.0,0.0,32.0,32.0,52.0,52.0,63.0,0.0,29.0,34.0,50.0,54.0,63.0,1.0,26.0,37.0,47.0,56.0,63.0,2.0,24.0,40.0,46.0,63.0,63.0,3.0,22.0,53.0,44.0,63.0,63.0,5.0,19.0,61.0,42.0,63.0,62.0,4.0,20.0,57.0,43.0,63.0,63.0,5.0,0.0,62.0,16.0,63.0,40.0,63.0,61.0,0.30454254533700825,2.8545626092075236,2.3430209263327213,0.024053167362293727,30.0,160.0,971256.3298770195,987026.766337111,996913.43139619,998794.3091391367,999758.8618278273,1000000.0,1000000.0,1000000.0,1000000.0,1000000.0,1000000.0,1000000.0,1000000.0,1000000.0,1000000.0,1000000.0,1000000.0,1000000.0,1000000.0,1000000.0,1000000.0,1000000.0,1000000.0,1000000.0,1000000.0,1000000.0,1000000.0,1000000.0,1000000.0,1000000.0,1000000.0,1000000.0,1000000.0,1000000.0,1000000.0,1000000.0,1000000.0,1000000.0,1000000.0,1000000.0,1000000.0,1000000.0,1000000.0,1000000.0,1000000.0,1000000.0,1000000.0,1000000.0,1000000.0,1000000.0,1000000.0,1000000.0,1000000.0,1000000.0,1000000.0,1000000.0,1000000.0,1000000.0,1000000.0,1000000.0,1000000.0,1000000.0,1000000.0,1000000.0,0.0,0.0,0.0,0.0,0.0,0.0,0.0,0.0,0.0,0.0,0.0,0.0,0.0,0.0,0.0,0.0,48.22763443453082,48.22763443453082,144.68290330359284,337.59344104171646,626.959247648901,1253.9184952978064,2507.836990595609,3809.9831203279427,8825.657101519182,15722.208825657093,32843.01904991558,52278.755727031574,100602.84543043168,165469.01374487576,277115.987460815,341210.51362430665,617265.4931275621,751965.276103207,887340.2459609356,937641.6686761514,974680.4919218712,987026.766337111,992476.4890282131,993537.4969857727,994309.1391367252,994743.187846636,995321.9194598505,995563.0576320231,995997.1063419338,996238.2445141064,996672.2932240173,996913.43139619,997299.2524716662,997588.6182782734,997926.211719315,998167.3498914879,998697.8538702676,998890.7644080058,999083.6749457439,999131.9025801783,999469.4960212201,999662.4065589582,999710.6341933928,999758.8618278273,999855.3170966964,999903.5447311308,1000000.0,1000000.0,0.0,0.0,0.0,0.0,0.0,0.0,0.0,0.0,0.0,0.0,0.0,0.0,0.0,0.0,0.0,0.0,0.0,0.0,0.0,0.0,0.0,0.0,0.0,0.0,0.0,0.0,0.0,0.0,0.0,0.0,0.0,0.0,0.0,0.0,0.0,0.0,0.0,0.0,0.0,0.0,48.22763443453082,96.4552688690621,241.13817217265407,626.959247648901,1977.3330118157653,4678.080540149494,12635.640221847118,25030.14227152156,59705.811429949295,111164.6973715939,228840.12539184943,342802.0255606462,562189.5346033276,740149.505666747,906631.2997347481,957945.5027730889,983795.5148299976,988232.4571979743,989872.1967687485,990161.5625753556,990692.0665541354,991270.7981673499,992138.8955871714,1000000.0,0.0,0.0,0.0,0.0,0.0,0.0,0.0,0.0,0.0,0.0,0.0,0.0,0.0,0.0,0.0,0.0,0.0,0.0,0.0,0.0,0.0,0.0,0.0,0.0,0.0,0.0,0.0,0.0,0.0,0.0,0.0,0.0,0.0,0.0,0.0,0.0,0.0,0.0,0.0,0.0,0.0,0.0,0.0,0.0,0.0,0.0,0.0,0.0,0.0,0.0,0.0,0.0,0.0,0.0,0.0,0.0,0.0,0.0,0.0,0.0,0.0,96.4552688690621,289.36580660718624,1000000.0
FLINT,MAGNUM03,F,na,na,na,na,2025_03_11-15_02_56,na,4,8,Yes,1,na,0.0,1109.2355919942718,868.0974198216343,11.0,42.0,62.0,,,,0.0,1639.739570774056,868.0974198216343,11.0,42.0,62.0,32.0,20.0,11.0,29.0,16.0,9.0,25.0,9.0,7.0,22.0,7.0,6.0,18.0,2.0,3.0,14.0,-16.0,0.0,16.0,-9.0,0.0,0.0,32.0,32.0,52.0,52.0,63.0,0.0,29.0,34.0,50.0,54.0,63.0,0.0,25.0,37.0,46.0,56.0,63.0,1.0,23.0,38.0,45.0,57.0,63.0,2.0,20.0,41.0,43.0,60.0,63.0,4.0,18.0,57.0,41.0,63.0,63.0,3.0,19.0,51.0,42.0,63.0,63.0,7.0,0.0,62.0,15.0,63.0,38.0,63.0,63.0,0.1678896643060169,2.878707250006104,2.4338345932190273,0.0,30.0,160.0,991994.2126838678,996672.2932240173,999131.9025801783,999614.1789245236,999951.7723655654,999951.7723655654,1000000.0,1000000.0,1000000.0,1000000.0,1000000.0,1000000.0,1000000.0,1000000.0,1000000.0,1000000.0,1000000.0,1000000.0,1000000.0,1000000.0,1000000.0,1000000.0,1000000.0,1000000.0,1000000.0,1000000.0,1000000.0,1000000.0,1000000.0,1000000.0,1000000.0,1000000.0,1000000.0,1000000.0,1000000.0,1000000.0,1000000.0,1000000.0,1000000.0,1000000.0,1000000.0,1000000.0,1000000.0,1000000.0,1000000.0,1000000.0,1000000.0,1000000.0,1000000.0,1000000.0,1000000.0,1000000.0,1000000.0,1000000.0,1000000.0,1000000.0,1000000.0,1000000.0,1000000.0,1000000.0,1000000.0,1000000.0,1000000.0,1000000.0,0.0,0.0,0.0,0.0,0.0,0.0,0.0,0.0,0.0,0.0,0.0,0.0,0.0,0.0,0.0,48.22763443453082,48.22763443453082,192.91053773812425,482.27634434531,723.414516517964,1591.5119363395213,2941.8857005063924,5883.771401012779,8777.42946708464,17024.354955389445,27634.43453098625,50446.105618519425,72920.18326501081,128478.41813359056,194260.9115022908,310441.2828550759,365276.10320713767,633855.7993730407,760212.201591512,881215.3363877503,929491.1984567158,973426.5734265733,987605.4979503255,994550.2773088979,996672.2932240173,998697.8538702676,998890.7644080058,999035.4473113093,999083.6749457439,999131.9025801783,999228.3578490474,999276.585483482,999276.585483482,999324.8131179166,999469.4960212201,999517.7236556546,999662.4065589582,999758.8618278273,999807.0894622619,999807.0894622619,999807.0894622619,999855.3170966964,999903.5447311308,999951.7723655654,1000000.0,1000000.0,1000000.0,1000000.0,1000000.0,0.0,0.0,0.0,0.0,0.0,0.0,0.0,0.0,0.0,0.0,0.0,0.0,0.0,0.0,0.0,0.0,0.0,0.0,0.0,0.0,0.0,0.0,0.0,0.0,0.0,0.0,0.0,0.0,0.0,0.0,0.0,0.0,0.0,0.0,0.0,0.0,0.0,0.0,48.22763443453082,96.4552688690621,192.91053773812425,385.82107547624787,916.3250542560885,2122.0159151193625,5305.039787798405,10417.169037858685,24547.86592717626,41861.586689172866,91246.68435013261,151531.22739329634,276923.0769230769,382830.96214130695,585145.8885941644,737448.7581384133,893850.9766095973,945936.8217988907,986062.2136484205,994984.3260188088,997781.5288160116,998649.626235833,998938.9920424403,999131.9025801783,999228.3578490474,1000000.0,0.0,0.0,0.0,0.0,0.0,0.0,0.0,0.0,0.0,0.0,0.0,0.0,0.0,0.0,0.0,0.0,0.0,0.0,0.0,0.0,0.0,0.0,0.0,0.0,0.0,0.0,0.0,0.0,0.0,0.0,0.0,0.0,0.0,0.0,0.0,0.0,0.0,0.0,0.0,0.0,0.0,0.0,0.0,0.0,0.0,0.0,0.0,0.0,0.0,0.0,0.0,0.0,0.0,0.0,0.0,0.0,0.0,0.0,0.0,0.0,0.0,0.0,0.0,1000000.0
FLINT,MAGNUM03,F,na,na,na,na,2025_03_11-15_02_56,na,4,9,Yes,1,na,96.4552688690621,4774.535809018565,13841.331082710467,11.0,41.0,62.0,,,,96.4552688690621,9163.250542560969,13841.331082710467,11.0,41.0,62.0,32.0,19.0,12.0,28.0,14.0,9.0,22.0,6.0,5.0,17.0,2.0,0.0,11.0,-11.0,0.0,6.0,-27.0,0.0,9.0,-20.0,0.0,0.0,32.0,32.0,51.0,51.0,63.0,0.0,28.0,34.0,48.0,54.0,63.0,1.0,23.0,38.0,44.0,58.0,63.0,3.0,20.0,40.0,42.0,63.0,63.0,5.0,16.0,50.0,39.0,63.0,63.0,6.0,12.0,63.0,36.0,63.0,63.0,5.0,14.0,58.0,38.0,63.0,63.0,7.0,0.0,63.0,0.0,63.0,0.0,63.0,63.0,0.40491397030077964,3.6576937031318058,3.363943948196058,0.0,30.0,160.0,975452.1340728237,984133.1082710393,991608.3916083915,995418.3747287195,998553.1709669641,999614.1789245236,999903.5447311308,1000000.0,1000000.0,1000000.0,1000000.0,1000000.0,1000000.0,1000000.0,1000000.0,1000000.0,1000000.0,1000000.0,1000000.0,1000000.0,1000000.0,1000000.0,1000000.0,1000000.0,1000000.0,1000000.0,1000000.0,1000000.0,1000000.0,1000000.0,1000000.0,1000000.0,1000000.0,1000000.0,1000000.0,1000000.0,1000000.0,1000000.0,1000000.0,1000000.0,1000000.0,1000000.0,1000000.0,1000000.0,1000000.0,1000000.0,1000000.0,1000000.0,1000000.0,1000000.0,1000000.0,1000000.0,1000000.0,1000000.0,1000000.0,1000000.0,1000000.0,1000000.0,1000000.0,1000000.0,1000000.0,1000000.0,1000000.0,1000000.0,48.22763443453082,48.22763443453082,48.22763443453082,96.4552688690621,96.4552688690621,96.4552688690621,96.4552688690621,96.4552688690621,96.4552688690621,96.4552688690621,96.4552688690621,144.68290330359284,337.59344104171646,385.82107547624787,626.959247648901,1061.0079575596806,1977.3330118157653,2507.836990595609,3858.2107547624714,5015.673981191222,7716.421509524954,11429.94936098385,17844.224740776455,25223.052809259698,39064.38389197007,58258.9823969134,91632.5054256089,123607.42705570282,185290.57149746807,254207.86110441273,360067.5186882083,414275.3797926211,640655.8958283096,746370.8705088014,851024.8372317337,905377.3812394501,950952.495780082,971111.6469737159,985724.6202073788,992042.4403183024,995611.2852664576,996624.0655895828,997347.4801061008,997636.845912708,997877.9840848806,998167.3498914879,998263.8051603568,998360.2604292259,998504.9433325295,998649.626235833,998890.7644080058,999035.4473113093,999180.1302146129,999228.3578490474,999228.3578490474,999276.585483482,999373.040752351,999469.4960212201,999614.1789245236,999662.4065589582,999710.6341933928,999710.6341933928,999758.8618278273,1000000.0,48.22763443453082,48.22763443453082,48.22763443453082,48.22763443453082,48.22763443453082,48.22763443453082,48.22763443453082,48.22763443453082,48.22763443453082,48.22763443453082,48.22763443453082,48.22763443453082,48.22763443453082,48.22763443453082,48.22763443453082,48.22763443453082,48.22763443453082,48.22763443453082,48.22763443453082,48.22763443453082,48.22763443453082,48.22763443453082,48.22763443453082,48.22763443453082,48.22763443453082,48.22763443453082,48.22763443453082,48.22763443453082,48.22763443453082,48.22763443453082,48.22763443453082,48.22763443453082,96.4552688690621,96.4552688690621,96.4552688690621,144.68290330359284,289.36580660718624,434.04870991077877,868.0974198215577,1543.2843019049903,3134.7962382445157,4822.763443453095,8729.201832650102,13069.688931757892,25319.508078128747,42440.318302387284,78562.81649385093,117289.60694477924,195032.5536532433,282951.53122739325,418905.2326983361,525343.621895346,677742.946708464,783457.9213889559,886954.4248854592,930793.344586448,964408.0057873161,975548.5893416927,982155.7752592235,984084.8806366047,985435.2544007716,986158.6689172896,986689.1728960694,1000000.0,0.0,0.0,0.0,0.0,0.0,0.0,0.0,0.0,0.0,0.0,0.0,0.0,0.0,0.0,0.0,0.0,0.0,0.0,0.0,0.0,0.0,0.0,0.0,0.0,0.0,0.0,0.0,0.0,0.0,0.0,0.0,0.0,0.0,0.0,0.0,0.0,0.0,0.0,0.0,0.0,0.0,0.0,0.0,0.0,0.0,0.0,0.0,0.0,0.0,0.0,0.0,0.0,0.0,0.0,0.0,0.0,0.0,0.0,0.0,0.0,0.0,0.0,0.0,1000000.0
FLINT,MAGNUM03,F,na,na,na,na,2025_03_11-15_02_56,na,4,10,Yes,1,na,0.0,23631.540872920184,17313.720761996636,12.5,48.0,62.0,,,,0.0,30769.230769230788,17313.720761996636,12.5,48.0,62.0,32.0,21.0,10.0,28.0,16.0,8.0,22.0,1.0,5.0,19.0,-10.0,0.0,16.0,-17.0,0.0,13.0,-19.0,0.0,14.0,-19.0,0.0,0.0,32.0,32.0,53.0,53.0,63.0,2.0,30.0,35.0,51.0,55.0,63.0,5.0,27.0,48.0,49.0,58.0,63.0,6.0,25.0,57.0,47.0,63.0,63.0,7.0,23.0,62.0,45.0,63.0,63.0,8.0,21.0,63.0,44.0,63.0,63.0,8.0,22.0,63.0,44.0,63.0,63.0,9.0,0.0,63.0,16.0,63.0,43.0,63.0,63.0,1.366091837843107,4.322257737092012,2.31151279516202,0.0,30.0,160.0,739474.3187846636,806896.5517241379,886038.0998312032,927947.9141548107,971111.6469737159,989631.0585965757,998070.8946226187,999131.9025801783,999903.5447311308,1000000.0,1000000.0,1000000.0,1000000.0,1000000.0,1000000.0,1000000.0,1000000.0,1000000.0,1000000.0,1000000.0,1000000.0,1000000.0,1000000.0,1000000.0,1000000.0,1000000.0,1000000.0,1000000.0,1000000.0,1000000.0,1000000.0,1000000.0,1000000.0,1000000.0,1000000.0,1000000.0,1000000.0,1000000.0,1000000.0,1000000.0,1000000.0,1000000.0,1000000.0,1000000.0,1000000.0,1000000.0,1000000.0,1000000.0,1000000.0,1000000.0,1000000.0,1000000.0,1000000.0,1000000.0,1000000.0,1000000.0,1000000.0,1000000.0,1000000.0,1000000.0,1000000.0,1000000.0,1000000.0,1000000.0,0.0,0.0,0.0,0.0,0.0,0.0,0.0,0.0,0.0,0.0,0.0,0.0,0.0,0.0,0.0,0.0,48.22763443453082,48.22763443453082,96.4552688690621,96.4552688690621,192.91053773812425,482.27634434531,1109.2355919942117,2411.3817217265464,4292.259464673261,8295.15312273932,18181.818181818162,32408.970340004777,69881.84229563536,123269.83361466121,217844.22474077647,285845.18929346517,533204.7263081745,669592.4764890282,813117.9165661924,884350.1326259947,929732.3366288883,948541.1140583555,957993.7304075235,961273.2095490716,963684.5912707981,965034.965034965,966964.0704123463,968748.4928864238,970629.3706293706,972365.5654690136,974535.8090185677,976368.4591270798,979165.6619242826,980805.4014950566,983506.1490233904,985097.6609597298,987509.0426814564,988955.8717144924,991126.1152640462,992042.4403183024,993585.7246202073,994791.4154810706,996382.9274174101,997299.2524716662,997829.756450446,998408.4880636605,999035.4473113093,1000000.0,0.0,0.0,0.0,0.0,0.0,0.0,0.0,0.0,0.0,0.0,0.0,0.0,0.0,0.0,0.0,0.0,0.0,0.0,0.0,0.0,0.0,0.0,0.0,0.0,0.0,0.0,0.0,0.0,0.0,0.0,0.0,0.0,0.0,0.0,0.0,0.0,0.0,0.0,0.0,0.0,0.0,0.0,0.0,192.91053773812425,626.959247648901,1446.829033035929,4244.031830238725,7137.689896310589,19098.143236074284,39884.25367735713,97371.59392331807,174342.89848082952,333156.49867374,529442.9708222811,783506.1490233904,893175.7897275137,964456.2334217506,976706.0525681215,979985.5317096696,981191.2225705328,982155.7752592235,982686.2792380033,983891.9700988666,1000000.0,0.0,0.0,0.0,0.0,0.0,0.0,0.0,0.0,0.0,0.0,0.0,0.0,0.0,0.0,0.0,0.0,0.0,0.0,0.0,0.0,0.0,0.0,0.0,0.0,0.0,0.0,0.0,0.0,0.0,0.0,0.0,0.0,0.0,0.0,0.0,0.0,0.0,0.0,0.0,0.0,0.0,0.0,0.0,0.0,0.0,0.0,0.0,0.0,0.0,0.0,0.0,0.0,0.0,0.0,0.0,0.0,0.0,0.0,0.0,0.0,0.0,0.0,0.0,1000000.0
FLINT,MAGNUM03,F,na,na,na,na,2025_03_11-15_02_56,na,4,11,Yes,1,na,0.0,1687.967205208584,96.4552688690621,6.5,41.0,0.0,,,,0.0,2170.2435495539726,96.4552688690621,6.5,41.0,0.0,32.0,20.0,11.0,28.0,15.0,9.0,24.0,9.0,7.0,20.0,6.0,6.0,16.0,1.0,4.0,8.0,-4.0,0.0,12.0,-1.0,0.0,0.0,32.0,32.0,52.0,52.0,63.0,0.0,28.0,34.0,49.0,54.0,63.0,0.0,24.0,37.0,46.0,56.0,63.0,0.0,20.0,38.0,44.0,57.0,63.0,1.0,17.0,40.0,41.0,59.0,63.0,4.0,12.0,42.0,38.0,63.0,63.0,3.0,15.0,41.0,40.0,63.0,63.0,5.0,0.0,59.0,8.0,63.0,34.0,63.0,0.0,0.10726070808958765,3.1777930167116013,2.6849825203780298,0.7577174106292265,30.0,160.0,997588.6182782734,998890.7644080058,999421.2683867855,999758.8618278273,1000000.0,1000000.0,1000000.0,1000000.0,1000000.0,1000000.0,1000000.0,1000000.0,1000000.0,1000000.0,1000000.0,1000000.0,1000000.0,1000000.0,1000000.0,1000000.0,1000000.0,1000000.0,1000000.0,1000000.0,1000000.0,1000000.0,1000000.0,1000000.0,1000000.0,1000000.0,1000000.0,1000000.0,1000000.0,1000000.0,1000000.0,1000000.0,1000000.0,1000000.0,1000000.0,1000000.0,1000000.0,1000000.0,1000000.0,1000000.0,1000000.0,1000000.0,1000000.0,1000000.0,1000000.0,1000000.0,1000000.0,1000000.0,1000000.0,1000000.0,1000000.0,1000000.0,1000000.0,1000000.0,1000000.0,1000000.0,1000000.0,1000000.0,1000000.0,1000000.0,0.0,0.0,0.0,0.0,0.0,0.0,0.0,0.0,48.22763443453082,48.22763443453082,96.4552688690621,144.68290330359284,289.36580660718624,337.59344104171646,434.04870991077877,626.959247648901,964.5526886906189,1639.7395707740552,3086.56860380998,4051.121292500604,6751.868820834333,9066.795273691821,15239.932481311793,21798.89076440802,35688.44948155294,52664.5768025078,89028.21316614418,127658.54834820362,200964.55268869063,291053.7738123945,423004.5816252713,491198.45671569806,725584.7600675187,819821.5577525923,907017.1208102243,948734.0245960935,977043.6460091631,989679.2862310103,996527.6103207137,998263.8051603568,999517.7236556546,999758.8618278273,1000000.0,1000000.0,1000000.0,1000000.0,1000000.0,1000000.0,1000000.0,1000000.0,1000000.0,1000000.0,1000000.0,1000000.0,1000000.0,1000000.0,1000000.0,1000000.0,1000000.0,1000000.0,1000000.0,1000000.0,1000000.0,1000000.0,0.0,0.0,0.0,0.0,0.0,0.0,0.0,0.0,0.0,0.0,0.0,0.0,0.0,0.0,0.0,0.0,0.0,0.0,0.0,0.0,0.0,0.0,0.0,0.0,0.0,0.0,0.0,0.0,0.0,0.0,0.0,0.0,0.0,0.0,48.22763443453082,96.4552688690621,96.4552688690621,96.4552688690621,337.59344104171646,530.5039787798403,1109.2355919942117,1736.1948396431121,3568.844948155295,5594.405594405593,12153.363877501795,21654.207861104413,44031.83023872678,71087.53315649867,136725.34362189542,208488.06366047746,345743.9112611526,462213.648420545,634916.8073306005,769905.9561128528,902917.771883289,950663.1299734748,985387.0267663371,994260.9115022907,998022.6669881842,999035.4473113093,999228.3578490474,999276.585483482,999469.4960212201,1000000.0,144.68290330359284,144.68290330359284,144.68290330359284,144.68290330359284,144.68290330359284,144.68290330359284,144.68290330359284,144.68290330359284,144.68290330359284,144.68290330359284,144.68290330359284,144.68290330359284,144.68290330359284,144.68290330359284,144.68290330359284,144.68290330359284,144.68290330359284,144.68290330359284,144.68290330359284,144.68290330359284,144.68290330359284,144.68290330359284,144.68290330359284,144.68290330359284,144.68290330359284,144.68290330359284,144.68290330359284,144.68290330359284,144.68290330359284,144.68290330359284,144.68290330359284,144.68290330359284,144.68290330359284,144.68290330359284,144.68290330359284,144.68290330359284,144.68290330359284,144.68290330359284,144.68290330359284,144.68290330359284,144.68290330359284,144.68290330359284,144.68290330359284,144.68290330359284,144.68290330359284,144.68290330359284,144.68290330359284,144.68290330359284,144.68290330359284,144.68290330359284,144.68290330359284,144.68290330359284,144.68290330359284,144.68290330359284,144.68290330359284,144.68290330359284,144.68290330359284,144.68290330359284,144.68290330359284,144.68290330359284,144.68290330359284,144.68290330359284,144.68290330359284,1000000.0
FLINT,MAGNUM03,F,na,na,na,na,2025_03_11-15_02_56,na,4,12,Yes,1,na,0.0,3472.3896792863147,48.22763443453082,11.0,42.0,0.0,,,,0.0,4919.218712322243,48.22763443453082,11.0,42.0,0.0,32.0,20.0,11.0,28.0,15.0,9.0,22.0,9.0,7.0,18.0,4.0,5.0,12.0,-9.0,0.0,9.0,-23.0,0.0,11.0,-18.0,0.0,0.0,32.0,32.0,52.0,52.0,63.0,0.0,28.0,34.0,49.0,54.0,63.0,2.0,24.0,37.0,46.0,56.0,63.0,4.0,22.0,40.0,44.0,58.0,63.0,6.0,18.0,51.0,42.0,63.0,63.0,7.0,16.0,63.0,40.0,63.0,63.0,6.0,17.0,59.0,41.0,63.0,63.0,9.0,0.0,63.0,13.0,63.0,36.0,63.0,0.0,0.6096457587701744,3.3500051510795914,2.6846916826795075,0.6186885949313036,30.0,160.0,948637.5693272244,963973.9570774053,981432.3607427055,988907.6440800579,996334.6997829756,998601.3986013986,999758.8618278273,999903.5447311308,1000000.0,1000000.0,1000000.0,1000000.0,1000000.0,1000000.0,1000000.0,1000000.0,1000000.0,1000000.0,1000000.0,1000000.0,1000000.0,1000000.0,1000000.0,1000000.0,1000000.0,1000000.0,1000000.0,1000000.0,1000000.0,1000000.0,1000000.0,1000000.0,1000000.0,1000000.0,1000000.0,1000000.0,1000000.0,1000000.0,1000000.0,1000000.0,1000000.0,1000000.0,1000000.0,1000000.0,1000000.0,1000000.0,1000000.0,1000000.0,1000000.0,1000000.0,1000000.0,1000000.0,1000000.0,1000000.0,1000000.0,1000000.0,1000000.0,1000000.0,1000000.0,1000000.0,1000000.0,1000000.0,1000000.0,1000000.0,0.0,0.0,0.0,0.0,0.0,0.0,0.0,0.0,0.0,0.0,0.0,0.0,0.0,96.4552688690621,144.68290330359284,192.91053773812425,434.04870991077877,723.414516517964,1495.056667470457,2218.471183988428,3761.755485893413,6124.909573185426,10320.71376898964,15288.160115746312,28647.21485411141,43694.23679768507,70460.57390884974,103400.04822763438,166915.84277791178,236749.45743911256,349360.98384374235,400289.3658066072,651265.9754039064,756739.8119122257,864625.0301422713,918398.8425367735,960694.4779358571,977911.7434289848,989727.5138654449,993441.0417169037,995997.1063419338,996527.6103207137,997106.3419339281,997492.1630094043,997733.301181577,997926.211719315,998119.1222570533,998360.2604292259,998504.9433325295,998601.3986013986,998697.8538702676,998842.5367735712,998987.2196768748,999035.4473113093,999131.9025801783,999180.1302146129,999324.8131179166,999373.040752351,999373.040752351,999614.1789245236,999807.0894622619,999855.3170966964,999855.3170966964,1000000.0,0.0,0.0,0.0,0.0,0.0,0.0,0.0,0.0,0.0,0.0,0.0,0.0,0.0,0.0,0.0,0.0,0.0,0.0,0.0,0.0,0.0,0.0,0.0,0.0,0.0,0.0,0.0,0.0,0.0,0.0,0.0,0.0,0.0,0.0,0.0,0.0,48.22763443453082,96.4552688690621,96.4552688690621,192.91053773812425,434.04870991077877,964.5526886906189,2025.5606462503029,4195.804195804195,8922.112370388226,16831.444417651295,38099.8312032795,61683.14444176514,125006.02845430431,201350.3737641668,334651.5553412105,451314.20303834096,625753.5567880395,762961.1767542802,896503.4965034965,951482.9997588617,983023.872679045,991415.4810706534,994598.5049433325,995032.5536532432,995466.602363154,995804.1958041957,996045.3339763684,1000000.0,96.4552688690621,96.4552688690621,96.4552688690621,96.4552688690621,96.4552688690621,96.4552688690621,96.4552688690621,96.4552688690621,96.4552688690621,96.4552688690621,96.4552688690621,96.4552688690621,96.4552688690621,96.4552688690621,96.4552688690621,96.4552688690621,96.4552688690621,96.4552688690621,96.4552688690621,96.4552688690621,96.4552688690621,96.4552688690621,96.4552688690621,96.4552688690621,96.4552688690621,96.4552688690621,96.4552688690621,96.4552688690621,96.4552688690621,96.4552688690621,96.4552688690621,96.4552688690621,96.4552688690621,96.4552688690621,96.4552688690621,96.4552688690621,96.4552688690621,96.4552688690621,96.4552688690621,96.4552688690621,96.4552688690621,96.4552688690621,96.4552688690621,96.4552688690621,96.4552688690621,96.4552688690621,96.4552688690621,96.4552688690621,96.4552688690621,96.4552688690621,96.4552688690621,96.4552688690621,96.4552688690621,96.4552688690621,96.4552688690621,96.4552688690621,96.4552688690621,96.4552688690621,96.4552688690621,96.4552688690621,96.4552688690621,96.4552688690621,96.4552688690621,1000000.0
FLINT,MAGNUM03,F,na,na,na,na,2025_03_11-15_02_56,na,4,13,Yes,1,na,0.0,2363.1540872920177,1880.8777429467623,10.0,41.0,62.0,,,,0.0,4340.4870991078105,1880.8777429467623,10.0,41.0,62.0,32.0,19.0,12.0,28.0,14.0,9.0,23.0,8.0,7.0,18.0,4.0,5.0,12.0,0.0,0.0,6.0,-13.0,0.0,9.0,-3.0,0.0,0.0,32.0,32.0,51.0,51.0,63.0,0.0,28.0,34.0,48.0,54.0,63.0,1.0,24.0,37.0,45.0,56.0,63.0,2.0,20.0,39.0,43.0,58.0,63.0,4.0,16.0,41.0,41.0,63.0,63.0,6.0,12.0,50.0,37.0,63.0,63.0,5.0,14.0,42.0,39.0,63.0,63.0,11.0,0.0,55.0,10.0,63.0,32.0,63.0,63.0,0.3585926421353523,3.353367517027276,2.9432975584512047,0.0,30.0,160.0,975982.6380516036,984856.5227875572,994598.5049433325,997009.886665059,999373.040752351,999807.0894622619,1000000.0,1000000.0,1000000.0,1000000.0,1000000.0,1000000.0,1000000.0,1000000.0,1000000.0,1000000.0,1000000.0,1000000.0,1000000.0,1000000.0,1000000.0,1000000.0,1000000.0,1000000.0,1000000.0,1000000.0,1000000.0,1000000.0,1000000.0,1000000.0,1000000.0,1000000.0,1000000.0,1000000.0,1000000.0,1000000.0,1000000.0,1000000.0,1000000.0,1000000.0,1000000.0,1000000.0,1000000.0,1000000.0,1000000.0,1000000.0,1000000.0,1000000.0,1000000.0,1000000.0,1000000.0,1000000.0,1000000.0,1000000.0,1000000.0,1000000.0,1000000.0,1000000.0,1000000.0,1000000.0,1000000.0,1000000.0,1000000.0,1000000.0,0.0,0.0,0.0,0.0,0.0,0.0,0.0,0.0,0.0,0.0,48.22763443453082,192.91053773812425,241.13817217265407,385.82107547624787,723.414516517964,868.0974198215577,1446.829033035929,2363.1540872920177,3279.479141548107,4678.080540149494,6993.006993006999,10031.347962382453,16156.257535567875,22281.167108753332,34241.620448517,50783.69905956114,84735.95370147096,115987.4608150469,175259.22353508562,248468.77260670357,360742.7055702917,416493.85097660957,649143.959488787,756595.1290089221,869399.5659512902,919170.484687726,962575.3556788039,981480.58837714,992862.3101036893,995804.1958041957,998022.6669881842,999035.4473113093,999758.8618278273,999758.8618278273,999807.0894622619,999807.0894622619,999807.0894622619,999807.0894622619,999855.3170966964,999855.3170966964,999951.7723655654,999951.7723655654,999951.7723655654,999951.7723655654,1000000.0,1000000.0,1000000.0,1000000.0,1000000.0,1000000.0,1000000.0,1000000.0,1000000.0,1000000.0,0.0,0.0,0.0,0.0,0.0,0.0,0.0,0.0,0.0,0.0,0.0,0.0,0.0,0.0,0.0,0.0,0.0,0.0,0.0,0.0,0.0,0.0,0.0,0.0,0.0,0.0,0.0,0.0,0.0,0.0,0.0,0.0,48.22763443453082,48.22763443453082,48.22763443453082,96.4552688690621,192.91053773812425,289.36580660718624,530.5039787798403,675.1868820834334,1253.9184952978064,2411.3817217265464,5787.316132143714,10561.851941162287,20593.199903544737,36074.27055702915,66795.27369182547,103110.68242102722,175500.36170725824,262406.5589582831,404388.7147335423,512804.436942368,669303.110682421,790113.334940921,902001.446829033,947914.1548107065,979840.848806366,990884.9770918736,996382.9274174101,997492.1630094043,997926.211719315,998119.1222570533,998360.2604292259,1000000.0,0.0,0.0,0.0,0.0,0.0,0.0,0.0,0.0,0.0,0.0,0.0,0.0,0.0,0.0,0.0,0.0,0.0,0.0,0.0,0.0,0.0,0.0,0.0,0.0,0.0,0.0,0.0,0.0,0.0,0.0,0.0,0.0,0.0,0.0,0.0,0.0,0.0,0.0,0.0,0.0,0.0,0.0,0.0,0.0,0.0,0.0,0.0,0.0,0.0,0.0,0.0,0.0,0.0,0.0,0.0,0.0,0.0,0.0,0.0,0.0,0.0,0.0,0.0,1000000.0
FLINT,MAGNUM03,F,na,na,na,na,2025_03_11-15_02_56,na,4,14,Yes,1,na,0.0,7764.649143959572,48.22763443453082,11.0,47.0,0.0,,,,0.0,9983.12032794801,48.22763443453082,11.0,47.0,0.0,32.0,21.0,10.0,30.0,17.0,8.0,22.0,12.0,6.0,19.0,-1.0,0.0,16.0,-11.0,0.0,11.0,-18.0,0.0,13.0,-15.0,0.0,0.0,32.0,32.0,53.0,53.0,63.0,0.0,30.0,34.0,51.0,55.0,63.0,4.0,26.0,37.0,49.0,57.0,63.0,5.0,24.0,48.0,47.0,63.0,63.0,6.0,22.0,57.0,46.0,63.0,63.0,8.0,19.0,62.0,44.0,63.0,63.0,7.0,20.0,60.0,45.0,63.0,63.0,8.0,0.0,63.0,14.0,63.0,41.0,63.0,0.0,0.9893751388504262,3.23220319970732,2.159358946356215,0.6188819959376585,30.0,160.0,863805.1603568846,903303.5929587652,946081.5047021944,966433.5664335664,988280.6848324089,996334.6997829756,999180.1302146129,999855.3170966964,1000000.0,1000000.0,1000000.0,1000000.0,1000000.0,1000000.0,1000000.0,1000000.0,1000000.0,1000000.0,1000000.0,1000000.0,1000000.0,1000000.0,1000000.0,1000000.0,1000000.0,1000000.0,1000000.0,1000000.0,1000000.0,1000000.0,1000000.0,1000000.0,1000000.0,1000000.0,1000000.0,1000000.0,1000000.0,1000000.0,1000000.0,1000000.0,1000000.0,1000000.0,1000000.0,1000000.0,1000000.0,1000000.0,1000000.0,1000000.0,1000000.0,1000000.0,1000000.0,1000000.0,1000000.0,1000000.0,1000000.0,1000000.0,1000000.0,1000000.0,1000000.0,1000000.0,1000000.0,1000000.0,1000000.0,1000000.0,0.0,0.0,0.0,0.0,0.0,0.0,0.0,0.0,0.0,0.0,0.0,0.0,0.0,0.0,48.22763443453082,48.22763443453082,48.22763443453082,48.22763443453082,144.68290330359284,289.36580660718624,578.7316132143711,964.5526886906189,1977.3330118157653,3086.56860380998,6655.413551965274,13407.2823727996,29804.678080540147,51073.06486616835,95346.03327706765,155823.4868579697,257005.0639016156,328767.7839401977,577863.5157945502,716952.0135037377,858355.4376657825,921823.0045816253,962189.5346033276,978104.6539667229,985001.2056908607,986978.5387026767,988521.8230045816,989100.5546177959,989582.8309621413,990209.7902097901,990933.2047263081,991608.3916083915,992235.3508560404,993055.2206414274,994068.0009645526,994839.6431155051,995466.602363154,995997.1063419338,996575.8379551483,996961.6590306245,997395.7077405354,997877.9840848806,998360.2604292259,998794.3091391367,999131.9025801783,999324.8131179166,999614.1789245236,999855.3170966964,999951.7723655654,1000000.0,0.0,0.0,0.0,0.0,0.0,0.0,0.0,0.0,0.0,0.0,0.0,0.0,0.0,0.0,0.0,0.0,0.0,0.0,0.0,0.0,0.0,0.0,0.0,0.0,0.0,0.0,0.0,0.0,0.0,0.0,0.0,0.0,0.0,0.0,0.0,0.0,0.0,0.0,0.0,0.0,0.0,48.22763443453082,96.4552688690621,192.91053773812425,530.5039787798403,964.5526886906189,3086.56860380998,7137.689896310589,20930.793344586447,45237.52109959005,109283.8196286472,193682.17988907645,365903.06245478656,573764.1668676151,826621.654207861,926259.9469496021,976030.865686038,984374.2464432119,986689.1728960694,987267.9045092838,987798.4084880636,988570.0506390162,989534.6033277067,1000000.0,96.4552688690621,96.4552688690621,96.4552688690621,96.4552688690621,96.4552688690621,96.4552688690621,96.4552688690621,96.4552688690621,96.4552688690621,96.4552688690621,96.4552688690621,96.4552688690621,96.4552688690621,96.4552688690621,96.4552688690621,96.4552688690621,96.4552688690621,96.4552688690621,96.4552688690621,96.4552688690621,96.4552688690621,96.4552688690621,96.4552688690621,96.4552688690621,96.4552688690621,96.4552688690621,96.4552688690621,96.4552688690621,96.4552688690621,96.4552688690621,96.4552688690621,96.4552688690621,96.4552688690621,96.4552688690621,96.4552688690621,96.4552688690621,96.4552688690621,96.4552688690621,96.4552688690621,96.4552688690621,96.4552688690621,96.4552688690621,96.4552688690621,96.4552688690621,96.4552688690621,96.4552688690621,96.4552688690621,96.4552688690621,96.4552688690621,96.4552688690621,96.4552688690621,96.4552688690621,96.4552688690621,96.4552688690621,96.4552688690621,96.4552688690621,96.4552688690621,96.4552688690621,96.4552688690621,96.4552688690621,96.4552688690621,144.68290330359284,192.91053773812425,1000000.0
FLINT,MAGNUM03,F,na,na,na,na,2025_03_11-15_02_56,na,4,15,Yes,1,na,0.0,626.9592476489951,96.4552688690621,11.5,41.0,0.0,,,,0.0,1157.4632264288352,96.4552688690621,11.5,41.0,0.0,32.0,20.0,11.0,29.0,15.0,9.0,24.0,9.0,7.0,20.0,6.0,5.0,15.0,2.0,4.0,10.0,-3.0,0.0,12.0,0.0,0.0,0.0,32.0,32.0,52.0,52.0,63.0,0.0,29.0,34.0,49.0,54.0,63.0,1.0,25.0,37.0,46.0,56.0,63.0,2.0,22.0,38.0,44.0,58.0,63.0,4.0,19.0,40.0,42.0,59.0,63.0,5.0,15.0,43.0,40.0,63.0,63.0,5.0,17.0,41.0,41.0,63.0,63.0,8.0,0.0,63.0,15.0,63.0,37.0,63.0,0.0,0.3615316494452666,2.9528755745429844,2.5803028857519026,0.7577174106292265,30.0,160.0,974053.5326742223,984711.8398842536,994309.1391367252,996575.8379551483,999517.7236556546,999903.5447311308,999951.7723655654,1000000.0,1000000.0,1000000.0,1000000.0,1000000.0,1000000.0,1000000.0,1000000.0,1000000.0,1000000.0,1000000.0,1000000.0,1000000.0,1000000.0,1000000.0,1000000.0,1000000.0,1000000.0,1000000.0,1000000.0,1000000.0,1000000.0,1000000.0,1000000.0,1000000.0,1000000.0,1000000.0,1000000.0,1000000.0,1000000.0,1000000.0,1000000.0,1000000.0,1000000.0,1000000.0,1000000.0,1000000.0,1000000.0,1000000.0,1000000.0,1000000.0,1000000.0,1000000.0,1000000.0,1000000.0,1000000.0,1000000.0,1000000.0,1000000.0,1000000.0,1000000.0,1000000.0,1000000.0,1000000.0,1000000.0,1000000.0,1000000.0,0.0,0.0,0.0,0.0,0.0,0.0,0.0,0.0,0.0,0.0,0.0,0.0,0.0,0.0,0.0,337.59344104171646,385.82107547624787,626.959247648901,1012.7803231251486,1398.601398601398,2604.2922594646707,3858.2107547624714,7282.372799614172,10947.673016638537,18760.549795032555,28984.80829515312,52182.30045816258,74463.46756691586,126452.85748734025,188039.54666023626,289365.80660718586,327079.8167349891,596913.4313961901,720424.4031830238,855510.0072341452,910730.6486616831,964842.0544972268,984952.9780564263,996334.6997829756,997974.4393537496,999373.040752351,999710.6341933928,999807.0894622619,999903.5447311308,999903.5447311308,999903.5447311308,999903.5447311308,999903.5447311308,999903.5447311308,999903.5447311308,999903.5447311308,999903.5447311308,999903.5447311308,999903.5447311308,999951.7723655654,1000000.0,1000000.0,1000000.0,1000000.0,1000000.0,1000000.0,1000000.0,1000000.0,1000000.0,0.0,0.0,0.0,0.0,0.0,0.0,0.0,0.0,0.0,0.0,0.0,0.0,0.0,0.0,0.0,0.0,0.0,0.0,0.0,0.0,0.0,0.0,0.0,0.0,0.0,0.0,0.0,0.0,0.0,0.0,0.0,0.0,0.0,0.0,0.0,0.0,0.0,48.22763443453082,48.22763443453082,48.22763443453082,385.82107547624787,578.7316132143711,1832.650108512174,2941.8857005063924,7234.145165179647,12876.778394019768,30672.775500361717,51410.65830721003,102917.771883289,166144.20062695924,290667.95273691823,389197.00988666504,571786.8338557993,718977.5741499879,876151.4347721244,937111.1646973715,980612.4909573185,992717.6272003858,997733.301181577,998794.3091391367,999180.1302146129,999324.8131179166,999469.4960212201,1000000.0,144.68290330359284,144.68290330359284,144.68290330359284,144.68290330359284,144.68290330359284,144.68290330359284,144.68290330359284,144.68290330359284,144.68290330359284,144.68290330359284,144.68290330359284,144.68290330359284,144.68290330359284,144.68290330359284,144.68290330359284,144.68290330359284,144.68290330359284,144.68290330359284,144.68290330359284,144.68290330359284,144.68290330359284,144.68290330359284,144.68290330359284,144.68290330359284,144.68290330359284,144.68290330359284,144.68290330359284,144.68290330359284,144.68290330359284,144.68290330359284,144.68290330359284,144.68290330359284,144.68290330359284,144.68290330359284,144.68290330359284,144.68290330359284,144.68290330359284,144.68290330359284,144.68290330359284,144.68290330359284,144.68290330359284,144.68290330359284,144.68290330359284,144.68290330359284,144.68290330359284,144.68290330359284,144.68290330359284,144.68290330359284,144.68290330359284,144.68290330359284,144.68290330359284,144.68290330359284,144.68290330359284,144.68290330359284,144.68290330359284,144.68290330359284,144.68290330359284,144.68290330359284,144.68290330359284,144.68290330359284,144.68290330359284,144.68290330359284,144.68290330359284,1000000.0
FLINT,MAGNUM03,F,na,na,na,na,2025_03_11-15_02_56,na,4,16,Yes,1,na,0.0,3617.072582589918,48.22763443453082,12.5,44.0,0.0,,,,0.0,4726.30817458404,48.22763443453082,12.5,44.0,0.0,32.0,20.0,11.0,29.0,16.0,9.0,22.0,10.0,7.0,18.0,6.0,0.0,15.0,-9.0,0.0,10.0,-19.0,0.0,11.0,-15.0,0.0,0.0,32.0,32.0,52.0,52.0,63.0,0.0,29.0,34.0,50.0,54.0,63.0,4.0,26.0,37.0,47.0,56.0,63.0,5.0,23.0,40.0,46.0,63.0,63.0,6.0,21.0,53.0,44.0,63.0,63.0,8.0,18.0,61.0,42.0,63.0,63.0,7.0,18.0,58.0,43.0,63.0,63.0,9.0,0.0,63.0,16.0,63.0,40.0,63.0,0.0,1.0115137446578586,3.064826998222165,2.468796494800115,0.6186885949313036,30.0,160.0,863998.0708946226,902097.902097902,944586.4480347238,963443.4530986254,987846.6361224981,995466.602363154,999228.3578490474,999614.1789245236,1000000.0,1000000.0,1000000.0,1000000.0,1000000.0,1000000.0,1000000.0,1000000.0,1000000.0,1000000.0,1000000.0,1000000.0,1000000.0,1000000.0,1000000.0,1000000.0,1000000.0,1000000.0,1000000.0,1000000.0,1000000.0,1000000.0,1000000.0,1000000.0,1000000.0,1000000.0,1000000.0,1000000.0,1000000.0,1000000.0,1000000.0,1000000.0,1000000.0,1000000.0,1000000.0,1000000.0,1000000.0,1000000.0,1000000.0,1000000.0,1000000.0,1000000.0,1000000.0,1000000.0,1000000.0,1000000.0,1000000.0,1000000.0,1000000.0,1000000.0,1000000.0,1000000.0,1000000.0,1000000.0,1000000.0,1000000.0,0.0,0.0,0.0,0.0,0.0,0.0,0.0,0.0,0.0,0.0,0.0,0.0,0.0,0.0,0.0,0.0,48.22763443453082,192.91053773812425,578.7316132143711,771.6421509524955,1302.1461297323344,2314.926452857486,4726.3081745840345,7523.510971786837,13744.875813841316,22618.760549795024,44514.1065830721,67711.59874608151,118109.47673016647,178635.15794550284,281215.3363877502,335664.33566433564,593489.2693513383,719942.1268386785,852664.5768025079,913190.2580178442,963057.6320231492,980998.3120327947,990884.9770918736,993537.4969857727,995129.0089221123,995707.7405353268,995997.1063419338,996382.9274174101,996768.7484928863,997106.3419339281,997492.1630094043,997733.301181577,997974.4393537496,998263.8051603568,998360.2604292259,998504.9433325295,998553.1709669641,998842.5367735712,999083.6749457439,999228.3578490474,999373.040752351,999517.7236556546,999710.6341933928,999758.8618278273,999855.3170966964,999903.5447311308,1000000.0,1000000.0,0.0,0.0,0.0,0.0,0.0,0.0,0.0,0.0,0.0,0.0,0.0,0.0,0.0,0.0,0.0,0.0,0.0,0.0,0.0,0.0,0.0,0.0,0.0,0.0,0.0,0.0,0.0,0.0,0.0,0.0,0.0,0.0,0.0,0.0,0.0,0.0,0.0,0.0,0.0,0.0,48.22763443453082,192.91053773812425,482.27634434531,1061.0079575596806,2314.926452857486,5305.039787798405,15915.11936339523,30383.40969375452,64914.39594887867,118977.57414998783,234868.57969616586,340487.09910778876,538365.0831926694,698287.9189775741,872148.5411140582,938509.766095973,978249.3368700264,987412.5874125873,990643.8389197009,991126.1152640462,991994.2126838678,992331.8061249095,992910.5377381239,1000000.0,96.4552688690621,96.4552688690621,96.4552688690621,96.4552688690621,96.4552688690621,96.4552688690621,96.4552688690621,96.4552688690621,96.4552688690621,96.4552688690621,96.4552688690621,96.4552688690621,96.4552688690621,96.4552688690621,96.4552688690621,96.4552688690621,96.4552688690621,96.4552688690621,96.4552688690621,96.4552688690621,96.4552688690621,96.4552688690621,96.4552688690621,96.4552688690621,96.4552688690621,96.4552688690621,96.4552688690621,96.4552688690621,96.4552688690621,96.4552688690621,96.4552688690621,96.4552688690621,96.4552688690621,96.4552688690621,96.4552688690621,96.4552688690621,96.4552688690621,96.4552688690621,96.4552688690621,96.4552688690621,96.4552688690621,96.4552688690621,96.4552688690621,96.4552688690621,96.4552688690621,96.4552688690621,96.4552688690621,96.4552688690621,96.4552688690621,96.4552688690621,96.4552688690621,96.4552688690621,96.4552688690621,96.4552688690621,96.4552688690621,96.4552688690621,96.4552688690621,96.4552688690621,96.4552688690621,96.4552688690621,96.4552688690621,96.4552688690621,96.4552688690621,1000000.0
FLINT,MAGNUM03,F,na,na,na,na,2025_03_11-15_02_56,na,4,17,Yes,1,na,0.0,626.9592476489951,1495.0566674705178,7.0,42.0,62.0,,,,0.0,964.5526886906539,1591.51193633958,7.0,42.0,62.0,32.0,21.0,10.0,29.0,16.0,9.0,24.0,10.0,7.0,21.0,7.0,6.0,16.0,4.0,0.0,12.0,-11.0,0.0,14.0,0.0,0.0,0.0,32.0,32.0,53.0,53.0,63.0,0.0,29.0,34.0,50.0,54.0,63.0,2.0,26.0,37.0,47.0,56.0,63.0,3.0,24.0,38.0,45.0,57.0,63.0,5.0,21.0,40.0,44.0,63.0,63.0,6.0,18.0,53.0,42.0,63.0,63.0,5.0,19.0,43.0,43.0,63.0,63.0,6.0,0.0,63.0,8.0,63.0,35.0,63.0,60.0,0.501137004512352,2.792361621761767,2.3454403796152947,0.023030854370862764,30.0,160.0,945551.0007234145,967783.9401977332,988666.5059078851,994936.0983843743,998553.1709669641,999614.1789245236,1000000.0,1000000.0,1000000.0,1000000.0,1000000.0,1000000.0,1000000.0,1000000.0,1000000.0,1000000.0,1000000.0,1000000.0,1000000.0,1000000.0,1000000.0,1000000.0,1000000.0,1000000.0,1000000.0,1000000.0,1000000.0,1000000.0,1000000.0,1000000.0,1000000.0,1000000.0,1000000.0,1000000.0,1000000.0,1000000.0,1000000.0,1000000.0,1000000.0,1000000.0,1000000.0,1000000.0,1000000.0,1000000.0,1000000.0,1000000.0,1000000.0,1000000.0,1000000.0,1000000.0,1000000.0,1000000.0,1000000.0,1000000.0,1000000.0,1000000.0,1000000.0,1000000.0,1000000.0,1000000.0,1000000.0,1000000.0,1000000.0,1000000.0,0.0,0.0,0.0,0.0,0.0,0.0,0.0,0.0,48.22763443453082,48.22763443453082,48.22763443453082,48.22763443453082,48.22763443453082,48.22763443453082,48.22763443453082,48.22763443453082,96.4552688690621,192.91053773812425,385.82107547624787,578.7316132143711,964.5526886906189,2073.7882806848356,3520.617313720762,5980.226669881832,11478.176995418351,21075.47624789003,40270.07475283335,63322.88401253919,111261.15264046294,173860.6221364842,279189.77574149985,334651.5553412105,590740.29418857,722739.3296358812,857873.161321437,919942.1268386785,966867.6151434772,986592.7176272003,995273.6918254159,997588.6182782734,999180.1302146129,999373.040752351,999517.7236556546,999565.9512900892,999614.1789245236,999614.1789245236,999662.4065589582,999710.6341933928,999758.8618278273,999758.8618278273,999758.8618278273,999855.3170966964,999855.3170966964,999903.5447311308,999903.5447311308,999951.7723655654,999951.7723655654,999951.7723655654,999951.7723655654,1000000.0,1000000.0,1000000.0,1000000.0,1000000.0,0.0,0.0,0.0,0.0,0.0,0.0,0.0,0.0,0.0,0.0,0.0,0.0,0.0,0.0,0.0,0.0,0.0,0.0,0.0,0.0,0.0,0.0,0.0,0.0,0.0,0.0,0.0,0.0,0.0,0.0,0.0,0.0,0.0,0.0,0.0,48.22763443453082,48.22763443453082,48.22763443453082,48.22763443453082,48.22763443453082,48.22763443453082,192.91053773812425,530.5039787798403,1061.0079575596806,3134.7962382445157,7089.462261876058,17506.63129973476,29852.905714974695,64094.526163491675,110103.68941403415,214178.92452375204,310778.87629611767,496407.0412346274,666264.7697130454,859127.079816735,937207.6199662406,983747.2871955631,994646.732577767,997443.9353749697,998167.3498914879,998408.4880636605,998504.9433325295,998553.1709669641,1000000.0,0.0,0.0,0.0,0.0,0.0,0.0,0.0,0.0,0.0,0.0,0.0,0.0,0.0,0.0,0.0,0.0,0.0,0.0,0.0,0.0,0.0,0.0,0.0,0.0,0.0,0.0,0.0,0.0,0.0,0.0,0.0,0.0,0.0,0.0,0.0,0.0,0.0,0.0,0.0,0.0,0.0,0.0,0.0,0.0,0.0,0.0,0.0,0.0,0.0,0.0,0.0,0.0,0.0,0.0,0.0,0.0,0.0,0.0,0.0,0.0,48.22763443453082,48.22763443453082,144.68290330359284,1000000.0
FLINT,MAGNUM03,F,na,na,na,na,2025_03_11-15_02_56,na,4,18,Yes,1,na,0.0,0.0,1543.284301905088,12.0,0.0,62.0,,,,0.0,0.0,1784.422474077646,12.0,0.0,62.0,32.0,21.0,10.0,29.0,17.0,9.0,22.0,11.0,7.0,20.0,8.0,6.0,16.0,3.0,0.0,12.0,-17.0,-1.0,15.0,-6.0,0.0,0.0,32.0,32.0,53.0,53.0,63.0,1.0,30.0,34.0,51.0,54.0,63.0,4.0,26.0,37.0,48.0,56.0,63.0,5.0,25.0,38.0,46.0,57.0,63.0,6.0,22.0,42.0,45.0,63.0,63.0,7.0,19.0,59.0,42.0,63.0,62.0,6.0,21.0,50.0,44.0,63.0,63.0,8.0,0.0,63.0,16.0,63.0,0.0,63.0,61.0,1.0129630421262292,2.629251398399213,2.153888954191834,0.02689221540739526,30.0,160.0,834723.8967928623,885362.9129491198,941114.0583554376,963105.8596575838,990836.7494574391,997636.845912708,999758.8618278273,1000000.0,1000000.0,1000000.0,1000000.0,1000000.0,1000000.0,1000000.0,1000000.0,1000000.0,1000000.0,1000000.0,1000000.0,1000000.0,1000000.0,1000000.0,1000000.0,1000000.0,1000000.0,1000000.0,1000000.0,1000000.0,1000000.0,1000000.0,1000000.0,1000000.0,1000000.0,1000000.0,1000000.0,1000000.0,1000000.0,1000000.0,1000000.0,1000000.0,1000000.0,1000000.0,1000000.0,1000000.0,1000000.0,1000000.0,1000000.0,1000000.0,1000000.0,1000000.0,1000000.0,1000000.0,1000000.0,1000000.0,1000000.0,1000000.0,1000000.0,1000000.0,1000000.0,1000000.0,1000000.0,1000000.0,1000000.0,1000000.0,0.0,0.0,0.0,0.0,0.0,0.0,0.0,0.0,0.0,0.0,0.0,0.0,0.0,0.0,0.0,0.0,48.22763443453082,48.22763443453082,192.91053773812425,241.13817217265407,530.5039787798403,868.0974198215577,2025.5606462503029,3472.38967928623,6221.364842054485,12105.136243067265,27441.523993248135,44272.968410899375,82951.5312273933,134458.64480347242,227972.02797202792,274752.8333735231,541692.789968652,689269.3513383168,845864.4803472388,915987.460815047,969230.7692307692,987894.8637569327,995804.1958041957,997395.7077405354,998215.5775259222,998504.9433325295,998794.3091391367,998842.5367735712,998987.2196768748,999180.1302146129,999276.585483482,999276.585483482,999276.585483482,999324.8131179166,999614.1789245236,999710.6341933928,999710.6341933928,999710.6341933928,999710.6341933928,999710.6341933928,999758.8618278273,999758.8618278273,999807.0894622619,999903.5447311308,999951.7723655654,999951.7723655654,999951.7723655654,1000000.0,48.22763443453082,48.22763443453082,48.22763443453082,48.22763443453082,48.22763443453082,48.22763443453082,48.22763443453082,48.22763443453082,48.22763443453082,48.22763443453082,48.22763443453082,48.22763443453082,48.22763443453082,48.22763443453082,48.22763443453082,48.22763443453082,48.22763443453082,48.22763443453082,48.22763443453082,48.22763443453082,48.22763443453082,48.22763443453082,48.22763443453082,48.22763443453082,48.22763443453082,48.22763443453082,48.22763443453082,48.22763443453082,48.22763443453082,48.22763443453082,48.22763443453082,48.22763443453082,48.22763443453082,48.22763443453082,48.22763443453082,48.22763443453082,48.22763443453082,48.22763443453082,96.4552688690621,96.4552688690621,96.4552688690621,144.68290330359284,241.13817217265407,337.59344104171646,1205.690860863273,3038.3409693754506,7861.104412828547,14757.656136966469,36701.229804678085,71039.30552206413,156305.76320231493,247455.99228357844,436363.63636363635,616204.4851700023,843742.4644321194,930552.2064142753,983988.4253677357,995080.7812876777,997781.5288160116,998119.1222570533,998312.0327947914,998456.7156980949,998601.3986013986,1000000.0,0.0,0.0,0.0,0.0,0.0,0.0,0.0,0.0,0.0,0.0,0.0,0.0,0.0,0.0,0.0,0.0,0.0,0.0,0.0,0.0,0.0,0.0,0.0,0.0,0.0,0.0,0.0,0.0,0.0,0.0,0.0,0.0,0.0,0.0,0.0,0.0,0.0,0.0,0.0,0.0,0.0,0.0,0.0,0.0,0.0,0.0,0.0,0.0,0.0,0.0,0.0,0.0,0.0,0.0,0.0,0.0,0.0,0.0,0.0,0.0,0.0,144.68290330359284,289.36580660718624,1000000.0
FLINT,MAGNUM03,F,na,na,na,na,2025_03_11-15_02_56,na,4,19,Yes,1,na,0.0,2266.6988184229576,96.4552688690621,11.0,42.0,0.0,,,,0.0,4002.893658066071,96.4552688690621,11.0,42.0,0.0,32.0,20.0,11.0,28.0,15.0,9.0,20.0,8.0,7.0,17.0,4.0,5.0,11.0,-4.0,0.0,6.0,-24.0,0.0,9.0,-17.0,0.0,0.0,32.0,32.0,52.0,52.0,63.0,0.0,28.0,34.0,49.0,54.0,63.0,4.0,24.0,38.0,46.0,56.0,63.0,5.0,22.0,40.0,44.0,58.0,63.0,7.0,18.0,46.0,42.0,63.0,63.0,10.0,16.0,63.0,39.0,63.0,63.0,8.0,17.0,58.0,41.0,63.0,63.0,11.0,0.0,63.0,11.0,63.0,35.0,63.0,0.0,0.9107473412801523,3.355554540659282,2.701481132766301,0.7577174106292265,30.0,160.0,902869.5442488546,927031.5891005546,959054.7383650831,972027.972027972,989920.4244031829,996286.472148541,998360.2604292259,999131.9025801783,999758.8618278273,999855.3170966964,1000000.0,1000000.0,1000000.0,1000000.0,1000000.0,1000000.0,1000000.0,1000000.0,1000000.0,1000000.0,1000000.0,1000000.0,1000000.0,1000000.0,1000000.0,1000000.0,1000000.0,1000000.0,1000000.0,1000000.0,1000000.0,1000000.0,1000000.0,1000000.0,1000000.0,1000000.0,1000000.0,1000000.0,1000000.0,1000000.0,1000000.0,1000000.0,1000000.0,1000000.0,1000000.0,1000000.0,1000000.0,1000000.0,1000000.0,1000000.0,1000000.0,1000000.0,1000000.0,1000000.0,1000000.0,1000000.0,1000000.0,1000000.0,1000000.0,1000000.0,1000000.0,1000000.0,1000000.0,1000000.0,0.0,0.0,0.0,0.0,0.0,0.0,0.0,0.0,0.0,0.0,0.0,48.22763443453082,48.22763443453082,96.4552688690621,96.4552688690621,96.4552688690621,434.04870991077877,723.414516517964,1398.601398601398,1832.650108512174,3665.3002170243526,6173.137207619962,10561.851941162287,16156.257535567875,27682.662165420767,43838.91970098867,75379.7926211719,108078.12876778394,172558.47600675194,246491.43959488784,359344.10417169036,398215.57752592233,650060.2845430431,753556.7880395466,856329.8770195321,908512.1774776946,955485.8934169278,976561.3696648179,989389.9204244032,993826.8627923799,997009.886665059,997781.5288160116,998263.8051603568,998408.4880636605,998553.1709669641,998697.8538702676,998842.5367735712,998890.7644080058,999131.9025801783,999180.1302146129,999324.8131179166,999373.040752351,999373.040752351,999373.040752351,999373.040752351,999517.7236556546,999517.7236556546,999517.7236556546,999614.1789245236,999710.6341933928,999758.8618278273,999807.0894622619,999807.0894622619,1000000.0,0.0,0.0,0.0,0.0,0.0,0.0,0.0,0.0,0.0,0.0,0.0,0.0,0.0,0.0,0.0,0.0,0.0,0.0,0.0,0.0,0.0,0.0,0.0,0.0,0.0,0.0,0.0,0.0,0.0,0.0,0.0,0.0,0.0,0.0,0.0,48.22763443453082,96.4552688690621,96.4552688690621,192.91053773812425,289.36580660718624,434.04870991077877,1061.0079575596806,2314.926452857486,3954.6660236315374,9549.071618037116,17651.314203038342,38726.79045092839,63129.973474801096,126501.08512177483,203327.70677598266,337786.351579455,450108.51217747765,625126.5975403906,761273.2095490717,896648.1794068001,946226.1876054979,981673.4989148782,990643.8389197009,994791.4154810706,995707.7405353268,996238.2445141064,996479.3826862792,996575.8379551483,1000000.0,144.68290330359284,144.68290330359284,144.68290330359284,144.68290330359284,144.68290330359284,144.68290330359284,144.68290330359284,144.68290330359284,144.68290330359284,144.68290330359284,144.68290330359284,144.68290330359284,144.68290330359284,144.68290330359284,144.68290330359284,144.68290330359284,144.68290330359284,144.68290330359284,144.68290330359284,144.68290330359284,144.68290330359284,144.68290330359284,144.68290330359284,144.68290330359284,144.68290330359284,144.68290330359284,144.68290330359284,144.68290330359284,144.68290330359284,144.68290330359284,144.68290330359284,144.68290330359284,144.68290330359284,144.68290330359284,144.68290330359284,144.68290330359284,144.68290330359284,144.68290330359284,144.68290330359284,144.68290330359284,144.68290330359284,144.68290330359284,144.68290330359284,144.68290330359284,144.68290330359284,144.68290330359284,144.68290330359284,144.68290330359284,144.68290330359284,144.68290330359284,144.68290330359284,144.68290330359284,144.68290330359284,144.68290330359284,144.68290330359284,144.68290330359284,144.68290330359284,144.68290330359284,144.68290330359284,144.68290330359284,144.68290330359284,144.68290330359284,144.68290330359284,1000000.0
FLINT,MAGNUM03,F,na,na,na,na,2025_03_11-15_02_56,na,4,20,Yes,1,na,0.0,48.22763443453082,0.0,11.0,42.0,60.0,,,,0.0,48.22763443453082,0.0,11.0,42.0,60.0,32.0,20.0,11.0,29.0,16.0,9.0,25.0,12.0,7.0,21.0,9.0,7.0,18.0,7.0,6.0,13.0,3.0,4.0,16.0,5.0,4.0,0.0,32.0,32.0,52.0,52.0,63.0,0.0,29.0,34.0,50.0,54.0,63.0,0.0,25.0,36.0,48.0,56.0,63.0,2.0,23.0,37.0,46.0,56.0,63.0,3.0,21.0,38.0,45.0,57.0,63.0,6.0,19.0,40.0,43.0,58.0,62.0,4.0,20.0,39.0,44.0,58.0,62.0,6.0,0.0,48.0,16.0,60.0,42.0,63.0,60.0,0.24198389247163848,2.5996059238627374,2.031783311977656,0.041068911813449765,30.0,160.0,983168.5555823486,992331.8061249095,998456.7156980949,999228.3578490474,999662.4065589582,999855.3170966964,1000000.0,1000000.0,1000000.0,1000000.0,1000000.0,1000000.0,1000000.0,1000000.0,1000000.0,1000000.0,1000000.0,1000000.0,1000000.0,1000000.0,1000000.0,1000000.0,1000000.0,1000000.0,1000000.0,1000000.0,1000000.0,1000000.0,1000000.0,1000000.0,1000000.0,1000000.0,1000000.0,1000000.0,1000000.0,1000000.0,1000000.0,1000000.0,1000000.0,1000000.0,1000000.0,1000000.0,1000000.0,1000000.0,1000000.0,1000000.0,1000000.0,1000000.0,1000000.0,1000000.0,1000000.0,1000000.0,1000000.0,1000000.0,1000000.0,1000000.0,1000000.0,1000000.0,1000000.0,1000000.0,1000000.0,1000000.0,1000000.0,1000000.0,0.0,0.0,0.0,0.0,0.0,0.0,0.0,0.0,0.0,0.0,0.0,0.0,0.0,0.0,0.0,0.0,48.22763443453082,48.22763443453082,144.68290330359284,289.36580660718624,868.0974198215577,1639.7395707740552,3761.755485893413,6944.779358572451,13793.103448275855,24740.776464914372,49915.60163973956,85700.50639016152,147335.4231974921,240318.30238726793,388570.05063901615,445237.52109959006,718881.1188811188,829177.7188328911,929394.7431878465,968555.5823486858,989872.1967687485,997106.3419339281,999517.7236556546,999855.3170966964,999951.7723655654,999951.7723655654,999951.7723655654,999951.7723655654,1000000.0,1000000.0,1000000.0,1000000.0,1000000.0,1000000.0,1000000.0,1000000.0,1000000.0,1000000.0,1000000.0,1000000.0,1000000.0,1000000.0,1000000.0,1000000.0,1000000.0,1000000.0,1000000.0,1000000.0,0.0,0.0,0.0,0.0,0.0,0.0,0.0,0.0,0.0,0.0,0.0,0.0,0.0,0.0,0.0,0.0,0.0,0.0,0.0,0.0,0.0,0.0,0.0,0.0,0.0,0.0,0.0,0.0,0.0,0.0,0.0,0.0,0.0,0.0,0.0,0.0,0.0,0.0,0.0,0.0,0.0,0.0,96.4552688690621,434.04870991077877,1157.4632264287443,2652.5198938992025,7282.372799614172,16831.444417651295,51073.06486616835,113334.94092114782,265541.35519652755,418760.54979503254,608873.8847359538,767928.6231010369,921196.0453339763,973088.9799855317,995900.6510730648,999373.040752351,1000000.0,1000000.0,1000000.0,1000000.0,1000000.0,1000000.0,0.0,0.0,0.0,0.0,0.0,0.0,0.0,0.0,0.0,0.0,0.0,0.0,0.0,0.0,0.0,0.0,0.0,0.0,0.0,0.0,0.0,0.0,0.0,0.0,0.0,0.0,0.0,0.0,0.0,0.0,0.0,0.0,0.0,0.0,0.0,0.0,0.0,0.0,0.0,0.0,0.0,0.0,0.0,0.0,0.0,0.0,0.0,0.0,0.0,0.0,0.0,0.0,0.0,0.0,0.0,0.0,0.0,0.0,0.0,0.0,48.22763443453082,192.91053773812425,868.0974198215577,1000000.0
FLINT,MAGNUM03,F,na,na,na,na,2025_03_11-15_02_56,na,4,21,Yes,1,na,0.0,946226.1876054979,971835.0614902339,13.0,62.0,62.0,,,,0.0,974584.0366530021,971835.0614902339,13.0,62.0,62.0,63.0,0.0,0.0,63.0,0.0,0.0,49.0,-7.0,0.0,34.0,-11.0,0.0,31.0,-14.0,0.0,26.0,-16.0,0.0,29.0,-15.0,0.0,0.0,63.0,63.0,63.0,63.0,63.0,0.0,63.0,63.0,63.0,63.0,63.0,0.0,49.0,63.0,56.0,63.0,63.0,0.0,34.0,63.0,52.0,63.0,63.0,0.0,31.0,63.0,49.0,63.0,63.0,0.0,26.0,63.0,47.0,63.0,63.0,0.0,29.0,63.0,48.0,63.0,63.0,2.0,0.0,63.0,24.0,63.0,45.0,63.0,63.0,0.01388855398687447,3.904905196598431,1.5147503385914403,0.0,30.0,160.0,1000000.0,1000000.0,1000000.0,1000000.0,1000000.0,1000000.0,1000000.0,1000000.0,1000000.0,1000000.0,1000000.0,1000000.0,1000000.0,1000000.0,1000000.0,1000000.0,1000000.0,1000000.0,1000000.0,1000000.0,1000000.0,1000000.0,1000000.0,1000000.0,1000000.0,1000000.0,1000000.0,1000000.0,1000000.0,1000000.0,1000000.0,1000000.0,1000000.0,1000000.0,1000000.0,1000000.0,1000000.0,1000000.0,1000000.0,1000000.0,1000000.0,1000000.0,1000000.0,1000000.0,1000000.0,1000000.0,1000000.0,1000000.0,1000000.0,1000000.0,1000000.0,1000000.0,1000000.0,1000000.0,1000000.0,1000000.0,1000000.0,1000000.0,1000000.0,1000000.0,1000000.0,1000000.0,1000000.0,1000000.0,0.0,0.0,0.0,0.0,0.0,0.0,0.0,0.0,0.0,0.0,0.0,0.0,0.0,0.0,0.0,0.0,0.0,0.0,0.0,0.0,0.0,0.0,0.0,0.0,48.22763443453082,48.22763443453082,241.13817217265407,385.82107547624787,482.27634434531,675.1868820834334,1205.690860863273,1446.829033035929,3327.7067759826386,5015.673981191222,6848.3240897033975,8970.34000482275,10851.217747769464,11960.453339763686,12925.006028454296,13359.054738365065,13744.875813841316,14275.379792621161,15191.704846877255,16059.802266698814,16445.623342175077,17651.314203038342,19049.915601639714,19869.785387026743,21605.980226669853,22859.898721967693,25126.59754039064,26139.377863515776,27682.662165420767,29177.718832891253,31782.011092355893,33904.027007475284,36508.31926693995,39016.1562575356,42585.001205690816,46057.39088497706,50301.42271521575,53773.81239450204,60622.13648420542,1000000.0,0.0,0.0,0.0,0.0,0.0,0.0,0.0,0.0,0.0,0.0,0.0,0.0,0.0,0.0,0.0,0.0,0.0,0.0,0.0,0.0,0.0,0.0,0.0,0.0,0.0,0.0,0.0,0.0,0.0,0.0,0.0,0.0,0.0,0.0,0.0,0.0,0.0,0.0,0.0,0.0,0.0,0.0,0.0,0.0,0.0,96.4552688690621,192.91053773812425,385.82107547624787,916.3250542560885,1832.650108512174,3086.56860380998,4629.85290571497,6655.413551965274,9115.022908126357,13503.73764166868,17120.81022425849,23149.2645285749,25898.23969134314,26959.2476489028,27634.43453098625,27875.572703158876,28164.938509766103,28406.07668193874,1000000.0,0.0,0.0,0.0,0.0,0.0,0.0,0.0,0.0,0.0,0.0,0.0,0.0,0.0,0.0,0.0,0.0,0.0,0.0,0.0,0.0,0.0,0.0,0.0,0.0,0.0,0.0,0.0,0.0,0.0,0.0,0.0,0.0,0.0,0.0,0.0,0.0,0.0,0.0,0.0,0.0,0.0,0.0,0.0,0.0,0.0,0.0,0.0,0.0,0.0,0.0,0.0,0.0,0.0,0.0,0.0,0.0,0.0,0.0,0.0,0.0,0.0,0.0,0.0,1000000.0
FLINT,MAGNUM03,F,na,na,na,na,2025_03_11-15_02_56,na,4,22,Yes,1,na,0.0,771.6421509525992,2122.0159151194002,11.0,42.0,62.0,,,,0.0,1495.0566674705633,2170.243549553931,11.0,42.0,62.0,32.0,20.0,11.0,29.0,16.0,9.0,23.0,10.0,7.0,19.0,7.0,6.0,14.0,2.0,0.0,11.0,-9.0,0.0,13.0,-3.0,0.0,0.0,32.0,32.0,52.0,52.0,63.0,0.0,29.0,34.0,50.0,54.0,63.0,3.0,26.0,37.0,47.0,56.0,63.0,4.0,23.0,38.0,45.0,57.0,63.0,6.0,20.0,41.0,43.0,63.0,63.0,7.0,18.0,50.0,41.0,63.0,63.0,6.0,19.0,45.0,42.0,63.0,63.0,8.0,0.0,63.0,14.0,63.0,35.0,63.0,61.0,0.6622932827600577,2.8320213261215264,2.386421791820295,0.015527575859944588,30.0,160.0,938027.4897516277,956788.0395466601,976898.9631058596,986158.6689172896,995997.1063419338,998649.626235833,999855.3170966964,999951.7723655654,1000000.0,1000000.0,1000000.0,1000000.0,1000000.0,1000000.0,1000000.0,1000000.0,1000000.0,1000000.0,1000000.0,1000000.0,1000000.0,1000000.0,1000000.0,1000000.0,1000000.0,1000000.0,1000000.0,1000000.0,1000000.0,1000000.0,1000000.0,1000000.0,1000000.0,1000000.0,1000000.0,1000000.0,1000000.0,1000000.0,1000000.0,1000000.0,1000000.0,1000000.0,1000000.0,1000000.0,1000000.0,1000000.0,1000000.0,1000000.0,1000000.0,1000000.0,1000000.0,1000000.0,1000000.0,1000000.0,1000000.0,1000000.0,1000000.0,1000000.0,1000000.0,1000000.0,1000000.0,1000000.0,1000000.0,1000000.0,0.0,0.0,0.0,0.0,0.0,0.0,0.0,0.0,0.0,0.0,0.0,0.0,0.0,0.0,48.22763443453082,48.22763443453082,144.68290330359284,192.91053773812425,530.5039787798403,964.5526886906189,1495.056667470457,2363.1540872920177,5160.356884494808,8005.7873161321395,13407.2823727996,21364.842054497214,40945.261634916824,68676.15143477211,114926.45285748731,177381.23945020494,283433.80757173855,338895.58717144927,580612.4909573185,715408.7292018327,856956.8362671811,925343.621895346,966964.0704123463,986689.1728960694,996286.472148541,997540.3906438388,998649.626235833,999228.3578490474,999324.8131179166,999373.040752351,999421.2683867855,999565.9512900892,999614.1789245236,999662.4065589582,999710.6341933928,999807.0894622619,999903.5447311308,999903.5447311308,999903.5447311308,999951.7723655654,999951.7723655654,1000000.0,1000000.0,1000000.0,1000000.0,1000000.0,1000000.0,1000000.0,1000000.0,1000000.0,0.0,0.0,0.0,0.0,0.0,0.0,0.0,0.0,0.0,0.0,0.0,0.0,0.0,0.0,0.0,0.0,0.0,0.0,0.0,0.0,0.0,0.0,0.0,0.0,0.0,0.0,0.0,0.0,0.0,0.0,0.0,0.0,0.0,0.0,0.0,48.22763443453082,48.22763443453082,48.22763443453082,96.4552688690621,96.4552688690621,96.4552688690621,434.04870991077877,771.6421509524955,1398.601398601398,3472.38967928623,7523.510971786837,18567.639257294406,36026.04292259466,77694.71907402946,137689.896310586,263467.56691584276,391608.39160839154,563346.9978297564,720810.2242585,890137.4487581383,951193.6339522545,986351.5794550277,994743.187846636,997154.5695683626,997492.1630094043,997685.0735471424,997877.9840848806,998167.3498914879,1000000.0,0.0,0.0,0.0,0.0,0.0,0.0,0.0,0.0,0.0,0.0,0.0,0.0,0.0,0.0,0.0,0.0,0.0,0.0,0.0,0.0,0.0,0.0,0.0,0.0,0.0,0.0,0.0,0.0,0.0,0.0,0.0,0.0,0.0,0.0,0.0,0.0,0.0,0.0,0.0,0.0,0.0,0.0,0.0,0.0,0.0,0.0,0.0,0.0,0.0,0.0,0.0,0.0,0.0,0.0,0.0,0.0,0.0,0.0,0.0,0.0,0.0,48.22763443453082,96.4552688690621,1000000.0
FLINT,MAGNUM03,F,na,na,na,na,2025_03_11-15_02_56,na,4,23,Yes,1,na,48.22763443453082,1446.8290330359434,626.9592476489951,9.0,41.0,62.0,,,,48.22763443453082,2604.292259464688,626.9592476489951,9.0,41.0,62.0,32.0,20.0,11.0,29.0,15.0,9.0,21.0,9.0,7.0,17.0,6.0,5.0,14.0,1.0,4.0,7.0,-13.0,0.0,11.0,-1.0,0.0,0.0,32.0,32.0,52.0,52.0,63.0,0.0,29.0,34.0,49.0,54.0,63.0,3.0,24.0,37.0,46.0,56.0,63.0,4.0,21.0,38.0,44.0,58.0,63.0,5.0,19.0,41.0,42.0,59.0,63.0,7.0,14.0,52.0,39.0,63.0,63.0,6.0,17.0,42.0,41.0,63.0,63.0,8.0,0.0,63.0,4.0,63.0,35.0,63.0,63.0,0.689703439884472,3.1123548111526684,2.671565888477829,0.0,30.0,160.0,923993.2481311791,947817.6995418373,974680.4919218712,985821.0754762478,996575.8379551483,999035.4473113093,999855.3170966964,999951.7723655654,1000000.0,1000000.0,1000000.0,1000000.0,1000000.0,1000000.0,1000000.0,1000000.0,1000000.0,1000000.0,1000000.0,1000000.0,1000000.0,1000000.0,1000000.0,1000000.0,1000000.0,1000000.0,1000000.0,1000000.0,1000000.0,1000000.0,1000000.0,1000000.0,1000000.0,1000000.0,1000000.0,1000000.0,1000000.0,1000000.0,1000000.0,1000000.0,1000000.0,1000000.0,1000000.0,1000000.0,1000000.0,1000000.0,1000000.0,1000000.0,1000000.0,1000000.0,1000000.0,1000000.0,1000000.0,1000000.0,1000000.0,1000000.0,1000000.0,1000000.0,1000000.0,1000000.0,1000000.0,1000000.0,1000000.0,1000000.0,0.0,0.0,0.0,0.0,48.22763443453082,48.22763443453082,48.22763443453082,48.22763443453082,48.22763443453082,96.4552688690621,96.4552688690621,96.4552688690621,144.68290330359284,192.91053773812425,241.13817217265407,337.59344104171646,530.5039787798403,916.3250542560885,1253.9184952978064,2170.2435495538875,4195.804195804195,6414.2753797926125,10513.624306727752,15577.525922353496,24644.321196045297,37906.92066554136,63805.160356884495,94043.88714733536,150518.4470701712,216879.6720520858,331999.03544731124,376995.4183747287,624837.2317337835,743477.2124427297,867181.0947673017,926645.7680250783,966722.9322401736,983409.6937545212,994019.7733301182,996672.2932240173,998553.1709669641,999324.8131179166,999758.8618278273,999807.0894622619,999855.3170966964,999855.3170966964,999855.3170966964,999855.3170966964,999855.3170966964,999855.3170966964,999855.3170966964,999855.3170966964,999903.5447311308,999951.7723655654,999951.7723655654,999951.7723655654,1000000.0,1000000.0,1000000.0,1000000.0,1000000.0,1000000.0,1000000.0,1000000.0,0.0,0.0,0.0,0.0,0.0,0.0,0.0,0.0,0.0,0.0,0.0,0.0,0.0,0.0,0.0,0.0,0.0,0.0,0.0,0.0,0.0,0.0,0.0,0.0,0.0,0.0,0.0,0.0,0.0,0.0,0.0,0.0,0.0,0.0,0.0,48.22763443453082,144.68290330359284,192.91053773812425,192.91053773812425,289.36580660718624,482.27634434531,1205.690860863273,2218.471183988428,4774.535809018565,9790.2097902098,17699.54183747286,37810.465396672276,59802.266698818436,113045.57511454061,178972.75138654443,299107.78876296117,413696.64817940677,579262.1171931517,723510.9717868337,872148.5411140582,936821.7988907644,980371.3527851459,993006.993006993,997877.9840848806,998890.7644080058,999180.1302146129,999373.040752351,999421.2683867855,1000000.0,0.0,0.0,0.0,0.0,0.0,0.0,0.0,0.0,0.0,0.0,0.0,0.0,0.0,0.0,0.0,0.0,0.0,0.0,0.0,0.0,0.0,0.0,0.0,0.0,0.0,0.0,0.0,0.0,0.0,0.0,0.0,0.0,0.0,0.0,0.0,0.0,0.0,0.0,0.0,0.0,0.0,0.0,0.0,0.0,0.0,0.0,0.0,0.0,0.0,0.0,0.0,0.0,0.0,0.0,0.0,0.0,0.0,0.0,0.0,0.0,0.0,0.0,0.0,1000000.0
FLINT,MAGNUM03,F,na,na,na,na,2025_03_11-15_02_56,na,4,24,Yes,1,na,0.0,337.59344104178416,819.869785387061,10.0,41.0,62.0,,,,0.0,434.04870991077877,819.869785387061,10.0,41.0,62.0,32.0,20.0,11.0,29.0,16.0,9.0,23.0,10.0,7.0,19.0,8.0,6.0,15.0,5.0,4.0,9.0,1.0,0.0,11.0,3.0,0.0,0.0,32.0,32.0,52.0,52.0,63.0,0.0,29.0,34.0,50.0,54.0,63.0,2.0,25.0,37.0,47.0,56.0,63.0,4.0,23.0,38.0,46.0,57.0,63.0,5.0,20.0,39.0,44.0,59.0,63.0,7.0,16.0,41.0,42.0,63.0,63.0,6.0,17.0,40.0,43.0,63.0,63.0,8.0,0.0,52.0,12.0,63.0,41.0,63.0,63.0,0.5302332135418638,2.744511897152508,2.3656062357290915,0.0,30.0,160.0,957656.1369664818,971931.5167591029,986206.896551724,992042.4403183024,997395.7077405354,999083.6749457439,999855.3170966964,999951.7723655654,1000000.0,1000000.0,1000000.0,1000000.0,1000000.0,1000000.0,1000000.0,1000000.0,1000000.0,1000000.0,1000000.0,1000000.0,1000000.0,1000000.0,1000000.0,1000000.0,1000000.0,1000000.0,1000000.0,1000000.0,1000000.0,1000000.0,1000000.0,1000000.0,1000000.0,1000000.0,1000000.0,1000000.0,1000000.0,1000000.0,1000000.0,1000000.0,1000000.0,1000000.0,1000000.0,1000000.0,1000000.0,1000000.0,1000000.0,1000000.0,1000000.0,1000000.0,1000000.0,1000000.0,1000000.0,1000000.0,1000000.0,1000000.0,1000000.0,1000000.0,1000000.0,1000000.0,1000000.0,1000000.0,1000000.0,1000000.0,0.0,0.0,0.0,0.0,0.0,0.0,0.0,0.0,0.0,0.0,0.0,0.0,96.4552688690621,96.4552688690621,96.4552688690621,192.91053773812425,337.59344104171646,578.7316132143711,771.6421509524955,1350.373764166866,2218.471183988428,3327.7067759826386,6076.6819387508895,9163.250542560887,14998.794309139143,23631.540872920184,42102.72486134549,65878.9486375693,111261.15264046294,170774.0535326742,276826.6216542079,335857.2462020737,612490.9573185436,744489.9927658548,871810.9476730165,933638.7750180854,974294.670846395,989197.009886665,997154.5695683626,998842.5367735712,999662.4065589582,1000000.0,1000000.0,1000000.0,1000000.0,1000000.0,1000000.0,1000000.0,1000000.0,1000000.0,1000000.0,1000000.0,1000000.0,1000000.0,1000000.0,1000000.0,1000000.0,1000000.0,1000000.0,1000000.0,1000000.0,1000000.0,1000000.0,1000000.0,0.0,0.0,0.0,0.0,0.0,0.0,0.0,0.0,0.0,0.0,0.0,0.0,0.0,0.0,0.0,0.0,0.0,0.0,0.0,0.0,0.0,0.0,0.0,0.0,0.0,0.0,0.0,0.0,0.0,0.0,0.0,0.0,0.0,0.0,0.0,0.0,0.0,0.0,0.0,0.0,0.0,192.91053773812425,482.27634434531,819.8697853870253,2797.202797202796,6076.6819387508895,16204.485170002381,32698.336146611982,69930.0699300699,121967.68748492881,230721.00313479628,340438.8714733542,513045.57511454064,672679.0450928381,860188.0877742947,938895.5871714492,983891.9700988666,994743.187846636,998312.0327947914,998746.0815047021,999035.4473113093,999180.1302146129,999276.585483482,1000000.0,0.0,0.0,0.0,0.0,0.0,0.0,0.0,0.0,0.0,0.0,0.0,0.0,0.0,0.0,0.0,0.0,0.0,0.0,0.0,0.0,0.0,0.0,0.0,0.0,0.0,0.0,0.0,0.0,0.0,0.0,0.0,0.0,0.0,0.0,0.0,0.0,0.0,0.0,0.0,0.0,0.0,0.0,0.0,0.0,0.0,0.0,0.0,0.0,0.0,0.0,0.0,0.0,0.0,0.0,0.0,0.0,0.0,0.0,0.0,0.0,0.0,0.0,0.0,1000000.0
FLINT,MAGNUM03,F,na,na,na,na,2025_03_11-15_02_56,na,4,25,Yes,1,na,0.0,289.36580660718624,48.22763443457198,10.5,41.0,61.0,,,,0.0,434.04870991079144,48.22763443457198,10.5,41.0,61.0,32.0,20.0,11.0,28.0,16.0,9.0,25.0,11.0,7.0,20.0,8.0,6.0,17.0,5.0,5.0,12.0,-1.0,4.0,14.0,3.0,5.0,0.0,32.0,32.0,52.0,52.0,63.0,0.0,28.0,34.0,50.0,54.0,63.0,0.0,25.0,36.0,47.0,56.0,63.0,2.0,22.0,38.0,46.0,57.0,63.0,3.0,20.0,39.0,44.0,58.0,63.0,5.0,17.0,41.0,40.0,59.0,63.0,4.0,18.0,40.0,43.0,58.0,63.0,6.0,0.0,41.0,15.0,63.0,39.0,63.0,63.0,0.2421861700072508,2.82458710654696,2.202222696140826,0.0,30.0,160.0,984518.9293465156,992428.2613937786,997781.5288160116,999131.9025801783,999807.0894622619,999951.7723655654,1000000.0,1000000.0,1000000.0,1000000.0,1000000.0,1000000.0,1000000.0,1000000.0,1000000.0,1000000.0,1000000.0,1000000.0,1000000.0,1000000.0,1000000.0,1000000.0,1000000.0,1000000.0,1000000.0,1000000.0,1000000.0,1000000.0,1000000.0,1000000.0,1000000.0,1000000.0,1000000.0,1000000.0,1000000.0,1000000.0,1000000.0,1000000.0,1000000.0,1000000.0,1000000.0,1000000.0,1000000.0,1000000.0,1000000.0,1000000.0,1000000.0,1000000.0,1000000.0,1000000.0,1000000.0,1000000.0,1000000.0,1000000.0,1000000.0,1000000.0,1000000.0,1000000.0,1000000.0,1000000.0,1000000.0,1000000.0,1000000.0,1000000.0,0.0,0.0,0.0,0.0,0.0,0.0,0.0,0.0,0.0,0.0,0.0,0.0,0.0,0.0,0.0,96.4552688690621,192.91053773812425,385.82107547624787,964.5526886906189,1350.373764166866,2170.2435495538875,4147.576561369663,7571.738606221362,11863.998070894622,20062.69592476488,32987.70195321919,61924.282613937714,99493.60983843742,167639.2572944297,256378.1046539667,396479.3826862792,469399.5659512901,707210.0313479623,814516.5179647937,914637.0870508801,959729.9252471667,983988.4253677357,993730.407523511,998215.5775259222,999228.3578490474,999855.3170966964,1000000.0,1000000.0,1000000.0,1000000.0,1000000.0,1000000.0,1000000.0,1000000.0,1000000.0,1000000.0,1000000.0,1000000.0,1000000.0,1000000.0,1000000.0,1000000.0,1000000.0,1000000.0,1000000.0,1000000.0,1000000.0,1000000.0,1000000.0,0.0,0.0,0.0,0.0,0.0,0.0,0.0,0.0,0.0,0.0,0.0,0.0,0.0,0.0,0.0,0.0,0.0,0.0,0.0,0.0,0.0,0.0,0.0,0.0,0.0,0.0,0.0,0.0,0.0,0.0,0.0,0.0,0.0,0.0,0.0,0.0,0.0,0.0,0.0,144.68290330359284,241.13817217265407,337.59344104171646,530.5039787798403,916.3250542560885,2218.471183988428,5063.901615625751,13889.55871714491,27682.662165420767,63853.38799131898,121678.32167832165,246250.3014227152,378828.06848324084,571497.4680491921,734217.5066312997,899879.4309139136,958668.9172896069,991222.5705329153,997540.3906438388,999662.4065589582,999903.5447311308,999951.7723655654,1000000.0,1000000.0,1000000.0,0.0,0.0,0.0,0.0,0.0,0.0,0.0,0.0,0.0,0.0,0.0,0.0,0.0,0.0,0.0,0.0,0.0,0.0,0.0,0.0,0.0,0.0,0.0,0.0,0.0,0.0,0.0,0.0,0.0,0.0,0.0,0.0,0.0,0.0,0.0,0.0,0.0,0.0,0.0,0.0,0.0,0.0,0.0,0.0,0.0,0.0,0.0,0.0,0.0,0.0,0.0,0.0,0.0,0.0,0.0,0.0,0.0,0.0,0.0,0.0,0.0,0.0,0.0,1000000.0
FLINT,MAGNUM03,F,na,na,na,na,2025_03_11-15_02_56,na,4,26,Yes,1,na,96.4552688690621,3231.251507113677,0.0,6.0,40.0,61.5,,,,144.68290330363408,6076.681938751008,0.0,6.0,40.0,61.5,31.0,20.0,12.0,28.0,14.0,9.0,23.0,7.0,7.0,20.0,4.0,6.0,13.0,-2.0,4.0,5.0,-7.0,3.0,10.0,-5.0,3.0,0.0,31.0,31.0,51.0,51.0,63.0,0.0,28.0,34.0,48.0,54.0,63.0,0.0,23.0,37.0,44.0,56.0,63.0,0.0,20.0,38.0,42.0,57.0,63.0,2.0,15.0,41.0,39.0,59.0,63.0,5.0,10.0,43.0,36.0,60.0,63.0,3.0,13.0,42.0,37.0,60.0,63.0,6.0,0.0,44.0,1.0,60.0,32.0,63.0,63.0,0.136796959797442,3.346949512445101,2.940204382411922,0.0,30.0,160.0,996575.8379551483,998167.3498914879,999373.040752351,999614.1789245236,999807.0894622619,999951.7723655654,1000000.0,1000000.0,1000000.0,1000000.0,1000000.0,1000000.0,1000000.0,1000000.0,1000000.0,1000000.0,1000000.0,1000000.0,1000000.0,1000000.0,1000000.0,1000000.0,1000000.0,1000000.0,1000000.0,1000000.0,1000000.0,1000000.0,1000000.0,1000000.0,1000000.0,1000000.0,1000000.0,1000000.0,1000000.0,1000000.0,1000000.0,1000000.0,1000000.0,1000000.0,1000000.0,1000000.0,1000000.0,1000000.0,1000000.0,1000000.0,1000000.0,1000000.0,1000000.0,1000000.0,1000000.0,1000000.0,1000000.0,1000000.0,1000000.0,1000000.0,1000000.0,1000000.0,1000000.0,1000000.0,1000000.0,1000000.0,1000000.0,1000000.0,0.0,48.22763443453082,48.22763443453082,48.22763443453082,96.4552688690621,96.4552688690621,144.68290330359284,144.68290330359284,144.68290330359284,144.68290330359284,289.36580660718624,337.59344104171646,434.04870991077877,819.8697853870253,1109.2355919942117,1398.601398601398,2218.471183988428,3086.56860380998,4388.714733542319,6076.6819387508895,8729.201832650102,12201.591511936347,20014.468290330373,27923.800337593464,42777.911743428944,62406.55895828314,101278.03231251509,146901.3744875814,220352.06173137212,311454.0631782011,457583.79551483,543863.0335182059,740197.7333011816,827827.3450687245,911020.0144682903,948251.7482517482,972317.3378345792,985097.6609597298,994212.6838678562,996768.7484928863,998504.9433325295,999324.8131179166,999710.6341933928,1000000.0,1000000.0,1000000.0,1000000.0,1000000.0,1000000.0,1000000.0,1000000.0,1000000.0,1000000.0,1000000.0,1000000.0,1000000.0,1000000.0,1000000.0,1000000.0,1000000.0,1000000.0,1000000.0,1000000.0,1000000.0,0.0,0.0,0.0,0.0,0.0,0.0,0.0,0.0,0.0,0.0,0.0,0.0,0.0,0.0,0.0,0.0,0.0,0.0,0.0,0.0,0.0,0.0,0.0,0.0,0.0,0.0,0.0,0.0,0.0,0.0,0.0,0.0,96.4552688690621,96.4552688690621,144.68290330359284,192.91053773812425,385.82107547624787,578.7316132143711,1157.4632264287443,1687.967205208584,2893.6580660718573,4678.080540149494,9356.161080299,15384.615384615381,27682.662165420767,47311.30938027491,84108.99445382209,125198.93899204243,206558.95828309623,303448.2758620689,457632.0231492645,585145.8885941644,725006.0284543043,830238.7267904509,925391.8495297804,964215.0952495779,987509.0426814564,995129.0089221123,998553.1709669641,999469.4960212201,1000000.0,1000000.0,1000000.0,1000000.0,0.0,0.0,0.0,0.0,0.0,0.0,0.0,0.0,0.0,0.0,0.0,0.0,0.0,0.0,0.0,0.0,0.0,0.0,0.0,0.0,0.0,0.0,0.0,0.0,0.0,0.0,0.0,0.0,0.0,0.0,0.0,0.0,0.0,0.0,0.0,0.0,0.0,0.0,0.0,0.0,0.0,0.0,0.0,0.0,0.0,0.0,0.0,0.0,0.0,0.0,0.0,0.0,0.0,0.0,0.0,0.0,0.0,0.0,0.0,0.0,0.0,0.0,0.0,1000000.0
FLINT,MAGNUM03,F,na,na,na,na,2025_03_11-15_02_56,na,4,27,Yes,1,na,48.22763443457198,1591.5119363395213,819.869785387061,8.0,41.0,62.0,,,,96.4552688690621,2652.5198938992216,819.869785387061,8.0,41.0,62.0,32.0,20.0,11.0,29.0,15.0,9.0,22.0,8.0,7.0,17.0,5.0,6.0,13.0,1.0,4.0,4.0,-3.0,0.0,10.0,-1.0,0.0,0.0,32.0,32.0,52.0,52.0,63.0,0.0,29.0,34.0,49.0,54.0,63.0,2.0,24.0,37.0,45.0,56.0,63.0,4.0,21.0,38.0,43.0,57.0,63.0,5.0,18.0,40.0,41.0,59.0,63.0,7.0,11.0,42.0,39.0,63.0,63.0,6.0,16.0,41.0,40.0,63.0,63.0,8.0,0.0,60.0,5.0,63.0,36.0,63.0,63.0,0.6350322631987162,3.1286345034026177,2.7513148942737815,0.0,30.0,160.0,942464.4321196045,960983.8437424643,979020.9790209789,987701.9532191945,995997.1063419338,998746.0815047021,999807.0894622619,999951.7723655654,1000000.0,1000000.0,1000000.0,1000000.0,1000000.0,1000000.0,1000000.0,1000000.0,1000000.0,1000000.0,1000000.0,1000000.0,1000000.0,1000000.0,1000000.0,1000000.0,1000000.0,1000000.0,1000000.0,1000000.0,1000000.0,1000000.0,1000000.0,1000000.0,1000000.0,1000000.0,1000000.0,1000000.0,1000000.0,1000000.0,1000000.0,1000000.0,1000000.0,1000000.0,1000000.0,1000000.0,1000000.0,1000000.0,1000000.0,1000000.0,1000000.0,1000000.0,1000000.0,1000000.0,1000000.0,1000000.0,1000000.0,1000000.0,1000000.0,1000000.0,1000000.0,1000000.0,1000000.0,1000000.0,1000000.0,1000000.0,0.0,0.0,0.0,0.0,0.0,48.22763443453082,48.22763443453082,48.22763443453082,96.4552688690621,144.68290330359284,192.91053773812425,241.13817217265407,241.13817217265407,241.13817217265407,385.82107547624787,482.27634434531,868.0974198215577,1302.1461297323344,2122.0159151193625,3279.479141548107,4870.991077887631,6896.551724137931,11767.542802025564,16542.078611044137,27103.930552206417,40655.89582830962,67904.50928381959,100651.07306486614,153074.51169520136,222425.85001205685,330021.7024354955,362671.810947673,631974.9216300941,750373.7641668676,873354.2319749214,932288.4012539185,968555.5823486858,985821.0754762478,994453.8220400289,996768.7484928863,998938.9920424403,999565.9512900892,999903.5447311308,1000000.0,1000000.0,1000000.0,1000000.0,1000000.0,1000000.0,1000000.0,1000000.0,1000000.0,1000000.0,1000000.0,1000000.0,1000000.0,1000000.0,1000000.0,1000000.0,1000000.0,1000000.0,1000000.0,1000000.0,1000000.0,0.0,0.0,0.0,0.0,0.0,0.0,0.0,0.0,0.0,0.0,0.0,0.0,0.0,0.0,0.0,0.0,0.0,0.0,0.0,0.0,0.0,0.0,0.0,0.0,0.0,0.0,0.0,0.0,0.0,0.0,0.0,0.0,0.0,0.0,0.0,0.0,48.22763443453082,96.4552688690621,192.91053773812425,482.27634434531,916.3250542560885,1639.7395707740552,4388.714733542319,7475.283337352298,15288.160115746312,27055.70291777187,54738.3650831927,85941.64456233422,146901.3744875814,223583.31323848563,363877.5018085363,494043.8871473354,645141.0658307209,778828.0684832408,907017.1208102243,954858.934169279,985579.9373040752,995273.6918254159,998504.9433325295,998987.2196768748,999180.1302146129,999180.1302146129,999228.3578490474,1000000.0,0.0,0.0,0.0,0.0,0.0,0.0,0.0,0.0,0.0,0.0,0.0,0.0,0.0,0.0,0.0,0.0,0.0,0.0,0.0,0.0,0.0,0.0,0.0,0.0,0.0,0.0,0.0,0.0,0.0,0.0,0.0,0.0,0.0,0.0,0.0,0.0,0.0,0.0,0.0,0.0,0.0,0.0,0.0,0.0,0.0,0.0,0.0,0.0,0.0,0.0,0.0,0.0,0.0,0.0,0.0,0.0,0.0,0.0,0.0,0.0,0.0,0.0,0.0,1000000.0
FLINT,MAGNUM03,F,na,na,na,na,2025_03_11-15_02_56,na,4,28,Yes,1,na,96.4552688690621,2122.0159151193625,0.0,8.0,41.0,0.0,,,,144.68290330363408,2941.8857005064237,0.0,8.0,41.0,0.0,32.0,19.0,12.0,28.0,14.0,9.0,24.0,8.0,7.0,17.0,5.0,6.0,11.0,1.0,4.0,4.0,-5.0,0.0,6.0,-2.0,0.0,0.0,32.0,32.0,51.0,51.0,63.0,0.0,28.0,34.0,48.0,54.0,63.0,0.0,24.0,37.0,45.0,56.0,63.0,3.0,20.0,38.0,43.0,57.0,63.0,5.0,16.0,40.0,41.0,59.0,63.0,6.0,10.0,43.0,38.0,63.0,63.0,6.0,12.0,42.0,40.0,63.0,63.0,8.0,0.0,48.0,6.0,63.0,34.0,63.0,0.0,0.39485235611892006,3.245776096600597,2.8273583830881606,0.4374894505865458,30.0,160.0,978345.7921388955,984904.7504219918,992331.8061249095,995997.1063419338,998408.4880636605,999469.4960212201,999903.5447311308,999951.7723655654,1000000.0,1000000.0,1000000.0,1000000.0,1000000.0,1000000.0,1000000.0,1000000.0,1000000.0,1000000.0,1000000.0,1000000.0,1000000.0,1000000.0,1000000.0,1000000.0,1000000.0,1000000.0,1000000.0,1000000.0,1000000.0,1000000.0,1000000.0,1000000.0,1000000.0,1000000.0,1000000.0,1000000.0,1000000.0,1000000.0,1000000.0,1000000.0,1000000.0,1000000.0,1000000.0,1000000.0,1000000.0,1000000.0,1000000.0,1000000.0,1000000.0,1000000.0,1000000.0,1000000.0,1000000.0,1000000.0,1000000.0,1000000.0,1000000.0,1000000.0,1000000.0,1000000.0,1000000.0,1000000.0,1000000.0,1000000.0,0.0,0.0,0.0,0.0,0.0,0.0,48.22763443453082,96.4552688690621,144.68290330359284,144.68290330359284,289.36580660718624,530.5039787798403,675.1868820834334,723.414516517964,868.0974198215577,1205.690860863273,1784.4224740776426,2266.6988184229576,3424.1620448516924,4292.259464673261,6317.820110923553,8970.34000482275,14902.339040270084,20207.378828068486,32264.28743670122,48758.13841331082,80154.3284301905,116132.14371835062,170774.0535326742,244128.28550759587,360790.9332047262,424113.8172172655,659223.5350856041,771256.3298770195,880974.1982155774,936339.5225464191,968603.8099831202,985338.7991319025,995032.5536532432,997877.9840848806,999180.1302146129,999517.7236556546,999855.3170966964,999903.5447311308,999951.7723655654,999951.7723655654,1000000.0,1000000.0,1000000.0,1000000.0,1000000.0,1000000.0,1000000.0,1000000.0,1000000.0,1000000.0,1000000.0,1000000.0,1000000.0,1000000.0,1000000.0,1000000.0,1000000.0,1000000.0,0.0,0.0,0.0,0.0,0.0,0.0,0.0,0.0,0.0,0.0,0.0,0.0,0.0,0.0,0.0,0.0,0.0,0.0,0.0,0.0,0.0,0.0,0.0,0.0,0.0,0.0,0.0,0.0,0.0,0.0,0.0,0.0,0.0,0.0,48.22763443453082,48.22763443453082,48.22763443453082,192.91053773812425,337.59344104171646,482.27634434531,1253.9184952978064,2170.2435495538875,4870.991077887631,9549.071618037116,17506.63129973476,31396.190016879682,63467.566915842755,97757.41499879437,169278.9968652037,257439.11261152636,399035.44731130934,524861.3455510007,675862.0689655172,794164.4562334217,910055.4617795998,956064.6250301423,984808.2951531227,994550.2773088979,997781.5288160116,998842.5367735712,999228.3578490474,999421.2683867855,999517.7236556546,1000000.0,48.22763443453082,48.22763443453082,48.22763443453082,48.22763443453082,48.22763443453082,48.22763443453082,48.22763443453082,48.22763443453082,48.22763443453082,48.22763443453082,48.22763443453082,48.22763443453082,48.22763443453082,48.22763443453082,48.22763443453082,48.22763443453082,48.22763443453082,48.22763443453082,48.22763443453082,48.22763443453082,48.22763443453082,48.22763443453082,48.22763443453082,48.22763443453082,48.22763443453082,48.22763443453082,48.22763443453082,48.22763443453082,48.22763443453082,48.22763443453082,48.22763443453082,48.22763443453082,48.22763443453082,48.22763443453082,48.22763443453082,48.22763443453082,48.22763443453082,48.22763443453082,48.22763443453082,48.22763443453082,48.22763443453082,48.22763443453082,48.22763443453082,48.22763443453082,48.22763443453082,48.22763443453082,48.22763443453082,48.22763443453082,48.22763443453082,48.22763443453082,48.22763443453082,48.22763443453082,48.22763443453082,48.22763443453082,48.22763443453082,48.22763443453082,48.22763443453082,48.22763443453082,48.22763443453082,48.22763443453082,48.22763443453082,48.22763443453082,48.22763443453082,1000000.0
FLINT,MAGNUM03,F,na,na,na,na,2025_03_11-15_02_56,na,4,29,Yes,1,na,144.68290330360517,4678.080540149508,289.36580660721114,8.0,40.0,62.0,,,,241.13817217265407,7475.283337352394,289.36580660721114,8.0,40.0,62.0,32.0,19.0,12.0,27.0,14.0,9.0,20.0,7.0,7.0,14.0,3.0,5.0,9.0,-3.0,4.0,1.0,-9.0,0.0,7.0,-5.0,3.0,0.0,32.0,32.0,51.0,51.0,63.0,0.0,27.0,34.0,48.0,54.0,63.0,2.0,22.0,37.0,44.0,56.0,63.0,4.0,18.0,39.0,42.0,58.0,63.0,6.0,15.0,41.0,38.0,59.0,63.0,8.0,9.0,43.0,34.0,63.0,63.0,6.0,13.0,42.0,37.0,60.0,63.0,10.0,0.0,43.0,0.0,63.0,29.0,63.0,63.0,0.514936212974289,3.699880506422079,3.1043004607694775,0.0,30.0,160.0,968073.3060043404,976898.9631058596,987605.4979503255,992090.6679527368,997202.7972027971,998553.1709669641,999614.1789245236,999855.3170966964,1000000.0,1000000.0,1000000.0,1000000.0,1000000.0,1000000.0,1000000.0,1000000.0,1000000.0,1000000.0,1000000.0,1000000.0,1000000.0,1000000.0,1000000.0,1000000.0,1000000.0,1000000.0,1000000.0,1000000.0,1000000.0,1000000.0,1000000.0,1000000.0,1000000.0,1000000.0,1000000.0,1000000.0,1000000.0,1000000.0,1000000.0,1000000.0,1000000.0,1000000.0,1000000.0,1000000.0,1000000.0,1000000.0,1000000.0,1000000.0,1000000.0,1000000.0,1000000.0,1000000.0,1000000.0,1000000.0,1000000.0,1000000.0,1000000.0,1000000.0,1000000.0,1000000.0,1000000.0,1000000.0,1000000.0,1000000.0,96.4552688690621,96.4552688690621,96.4552688690621,96.4552688690621,144.68290330359284,144.68290330359284,144.68290330359284,144.68290330359284,192.91053773812425,289.36580660718624,337.59344104171646,482.27634434531,530.5039787798403,868.0974198215577,1253.9184952978064,1543.2843019049903,2941.8857005063924,4099.348926935128,6655.413551965274,8584.518929346517,12008.680974198212,16831.444417651295,26380.516035688444,35157.9455027731,54111.4058355437,77067.7598263805,118447.07017120815,159971.0634193393,225319.50807812874,302387.26790450927,408922.11237038823,433180.6124909573,680540.1495056667,777236.5565469015,877791.1743428983,924282.6139377863,961128.526645768,978442.2474077647,990306.2454786592,995321.9194598505,998456.7156980949,999276.585483482,999807.0894622619,1000000.0,1000000.0,1000000.0,1000000.0,1000000.0,1000000.0,1000000.0,1000000.0,1000000.0,1000000.0,1000000.0,1000000.0,1000000.0,1000000.0,1000000.0,1000000.0,1000000.0,1000000.0,1000000.0,1000000.0,1000000.0,0.0,0.0,0.0,0.0,0.0,0.0,0.0,0.0,0.0,0.0,0.0,0.0,0.0,0.0,0.0,0.0,0.0,0.0,0.0,0.0,0.0,0.0,0.0,0.0,0.0,0.0,0.0,0.0,0.0,48.22763443453082,96.4552688690621,96.4552688690621,96.4552688690621,144.68290330359284,289.36580660718624,337.59344104171646,530.5039787798403,723.414516517964,1543.2843019049903,2122.0159151193625,3809.9831203279427,5980.226669881832,10947.673016638537,18278.273450687222,32650.108512177485,53773.81239450204,101133.34940921143,144731.13093802743,232746.5637810465,323366.28888353024,465203.7617554859,584856.5227875573,719508.0781287677,821268.386785628,918254.1596334699,956980.9500843983,984567.15698095,993585.7246202073,998408.4880636605,999276.585483482,999662.4065589582,999710.6341933928,999758.8618278273,1000000.0,0.0,0.0,0.0,0.0,0.0,0.0,0.0,0.0,0.0,0.0,0.0,0.0,0.0,0.0,0.0,0.0,0.0,0.0,0.0,0.0,0.0,0.0,0.0,0.0,0.0,0.0,0.0,0.0,0.0,0.0,0.0,0.0,0.0,0.0,0.0,0.0,0.0,0.0,0.0,0.0,0.0,0.0,0.0,0.0,0.0,0.0,0.0,0.0,0.0,0.0,0.0,0.0,0.0,0.0,0.0,0.0,0.0,0.0,0.0,0.0,0.0,0.0,0.0,1000000.0
FLINT,MAGNUM03,F,na,na,na,na,2025_03_11-15_02_56,na,4,30,Yes,1,na,0.0,723.4145165180289,0.0,10.0,41.0,0.0,,,,0.0,1398.6013986014623,0.0,10.0,41.0,0.0,32.0,20.0,11.0,27.0,15.0,9.0,20.0,9.0,7.0,16.0,6.0,6.0,12.0,2.0,4.0,5.0,-3.0,0.0,10.0,0.0,2.0,0.0,32.0,32.0,52.0,52.0,63.0,1.0,28.0,34.0,49.0,54.0,63.0,4.0,24.0,37.0,46.0,56.0,63.0,6.0,22.0,38.0,44.0,57.0,63.0,7.0,19.0,40.0,42.0,59.0,63.0,9.0,14.0,43.0,40.0,63.0,63.0,8.0,18.0,41.0,41.0,61.0,63.0,13.0,0.0,60.0,10.0,63.0,36.0,63.0,0.0,1.1668282636832774,3.088429634390414,2.5749584557695613,0.4374894505865458,30.0,160.0,806703.6411863999,862454.7865927175,922642.8743670122,952206.4142753797,982445.1410658307,993730.407523511,998553.1709669641,999324.8131179166,999807.0894622619,1000000.0,1000000.0,1000000.0,1000000.0,1000000.0,1000000.0,1000000.0,1000000.0,1000000.0,1000000.0,1000000.0,1000000.0,1000000.0,1000000.0,1000000.0,1000000.0,1000000.0,1000000.0,1000000.0,1000000.0,1000000.0,1000000.0,1000000.0,1000000.0,1000000.0,1000000.0,1000000.0,1000000.0,1000000.0,1000000.0,1000000.0,1000000.0,1000000.0,1000000.0,1000000.0,1000000.0,1000000.0,1000000.0,1000000.0,1000000.0,1000000.0,1000000.0,1000000.0,1000000.0,1000000.0,1000000.0,1000000.0,1000000.0,1000000.0,1000000.0,1000000.0,1000000.0,1000000.0,1000000.0,1000000.0,0.0,0.0,0.0,0.0,0.0,0.0,0.0,0.0,0.0,0.0,48.22763443453082,48.22763443453082,96.4552688690621,192.91053773812425,289.36580660718624,289.36580660718624,385.82107547624787,530.5039787798403,1061.0079575596806,1736.1948396431121,3279.479141548107,5690.860863274664,10561.851941162287,14805.883771401013,25608.87388473595,40559.440559440554,70557.02917771878,106872.43790692053,164408.0057873162,236460.0916325054,350036.1707258258,377959.9710634193,643211.9604533397,759440.5594405596,881263.5640221847,937255.8476006752,971738.6062213648,986689.1728960694,995177.2365565469,997974.4393537496,999276.585483482,999565.9512900892,999758.8618278273,999903.5447311308,999903.5447311308,999951.7723655654,999951.7723655654,999951.7723655654,999951.7723655654,999951.7723655654,999951.7723655654,999951.7723655654,1000000.0,1000000.0,1000000.0,1000000.0,1000000.0,1000000.0,1000000.0,1000000.0,1000000.0,1000000.0,1000000.0,1000000.0,0.0,0.0,0.0,0.0,0.0,0.0,0.0,0.0,0.0,0.0,0.0,0.0,0.0,0.0,0.0,0.0,0.0,0.0,0.0,0.0,0.0,0.0,0.0,0.0,0.0,0.0,0.0,0.0,0.0,0.0,0.0,0.0,0.0,0.0,0.0,0.0,48.22763443453082,48.22763443453082,48.22763443453082,144.68290330359284,289.36580660718624,723.414516517964,2170.2435495538875,4195.804195804195,8873.884735953696,16590.30624547866,42199.18013021459,70991.07788762964,137304.0752351097,219483.96431155043,361948.396431155,491246.6843501326,655461.7795997106,786640.945261635,917723.65565469,963105.8596575838,989968.6520376175,996575.8379551483,998697.8538702676,999228.3578490474,999517.7236556546,999614.1789245236,999662.4065589582,1000000.0,48.22763443453082,48.22763443453082,48.22763443453082,48.22763443453082,48.22763443453082,48.22763443453082,48.22763443453082,48.22763443453082,48.22763443453082,48.22763443453082,48.22763443453082,48.22763443453082,48.22763443453082,48.22763443453082,48.22763443453082,48.22763443453082,48.22763443453082,48.22763443453082,48.22763443453082,48.22763443453082,48.22763443453082,48.22763443453082,48.22763443453082,48.22763443453082,48.22763443453082,48.22763443453082,48.22763443453082,48.22763443453082,48.22763443453082,48.22763443453082,48.22763443453082,48.22763443453082,48.22763443453082,48.22763443453082,48.22763443453082,48.22763443453082,48.22763443453082,48.22763443453082,48.22763443453082,48.22763443453082,48.22763443453082,48.22763443453082,48.22763443453082,48.22763443453082,48.22763443453082,48.22763443453082,48.22763443453082,48.22763443453082,48.22763443453082,48.22763443453082,48.22763443453082,48.22763443453082,48.22763443453082,48.22763443453082,48.22763443453082,48.22763443453082,48.22763443453082,48.22763443453082,48.22763443453082,48.22763443453082,48.22763443453082,48.22763443453082,48.22763443453082,1000000.0
FLINT,MAGNUM03,F,na,na,na,na,2025_03_11-15_02_56,na,4,31,Yes,1,na,0.0,723.414516517964,0.0,8.5,41.0,0.0,,,,0.0,1012.7803231251751,0.0,8.5,41.0,0.0,30.0,21.0,12.0,28.0,16.0,9.0,24.0,10.0,7.0,20.0,7.0,7.0,16.0,3.0,5.0,12.0,-5.0,5.0,14.0,1.0,5.0,0.0,30.0,30.0,51.0,51.0,63.0,0.0,28.0,33.0,49.0,54.0,63.0,0.0,24.0,36.0,46.0,56.0,63.0,1.0,21.0,37.0,44.0,56.0,63.0,2.0,18.0,39.0,42.0,58.0,63.0,4.0,16.0,42.0,37.0,58.0,63.0,3.0,17.0,40.0,41.0,58.0,63.0,5.0,0.0,43.0,12.0,59.0,35.0,63.0,0.0,0.1433171792292052,2.9923108980815005,2.412448571134207,0.4374894505865458,30.0,160.0,993730.407523511,997347.4801061008,999469.4960212201,999758.8618278273,999903.5447311308,1000000.0,1000000.0,1000000.0,1000000.0,1000000.0,1000000.0,1000000.0,1000000.0,1000000.0,1000000.0,1000000.0,1000000.0,1000000.0,1000000.0,1000000.0,1000000.0,1000000.0,1000000.0,1000000.0,1000000.0,1000000.0,1000000.0,1000000.0,1000000.0,1000000.0,1000000.0,1000000.0,1000000.0,1000000.0,1000000.0,1000000.0,1000000.0,1000000.0,1000000.0,1000000.0,1000000.0,1000000.0,1000000.0,1000000.0,1000000.0,1000000.0,1000000.0,1000000.0,1000000.0,1000000.0,1000000.0,1000000.0,1000000.0,1000000.0,1000000.0,1000000.0,1000000.0,1000000.0,1000000.0,1000000.0,1000000.0,1000000.0,1000000.0,1000000.0,0.0,0.0,0.0,0.0,0.0,0.0,0.0,0.0,0.0,0.0,0.0,0.0,48.22763443453082,48.22763443453082,144.68290330359284,192.91053773812425,482.27634434531,916.3250542560885,1880.8777429467057,2893.6580660718573,4774.535809018565,7957.559681697602,14275.379792621161,21847.118398842544,37231.7337834579,59223.535085604046,104268.14564745601,156788.03954666026,243260.18808777427,351917.0484687726,509959.00651073066,589438.1480588376,802459.609356161,876585.4834820352,946370.8705088015,972558.4760067519,988762.9611767542,995418.3747287195,998312.0327947914,999083.6749457439,999710.6341933928,999807.0894622619,1000000.0,1000000.0,1000000.0,1000000.0,1000000.0,1000000.0,1000000.0,1000000.0,1000000.0,1000000.0,1000000.0,1000000.0,1000000.0,1000000.0,1000000.0,1000000.0,1000000.0,1000000.0,1000000.0,1000000.0,1000000.0,1000000.0,0.0,0.0,0.0,0.0,0.0,0.0,0.0,0.0,0.0,0.0,0.0,0.0,0.0,0.0,0.0,0.0,0.0,0.0,0.0,0.0,0.0,0.0,0.0,0.0,0.0,0.0,0.0,0.0,0.0,0.0,0.0,0.0,0.0,0.0,0.0,48.22763443453082,192.91053773812425,241.13817217265407,241.13817217265407,241.13817217265407,289.36580660718624,771.6421509524955,1929.1053773812387,3520.617313720762,7716.421509524954,14612.973233662888,35591.994212683836,63660.477453580876,130938.02748975159,224065.5895828309,405015.6739811912,542416.2044851701,706968.8931757897,829129.4911984567,940004.8227634435,972896.0694477935,994116.2285989872,998263.8051603568,999951.7723655654,1000000.0,1000000.0,1000000.0,1000000.0,1000000.0,48.22763443453082,48.22763443453082,48.22763443453082,48.22763443453082,48.22763443453082,48.22763443453082,48.22763443453082,48.22763443453082,48.22763443453082,48.22763443453082,48.22763443453082,48.22763443453082,48.22763443453082,48.22763443453082,48.22763443453082,48.22763443453082,48.22763443453082,48.22763443453082,48.22763443453082,48.22763443453082,48.22763443453082,48.22763443453082,48.22763443453082,48.22763443453082,48.22763443453082,48.22763443453082,48.22763443453082,48.22763443453082,48.22763443453082,48.22763443453082,48.22763443453082,48.22763443453082,48.22763443453082,48.22763443453082,48.22763443453082,48.22763443453082,48.22763443453082,48.22763443453082,48.22763443453082,48.22763443453082,48.22763443453082,48.22763443453082,48.22763443453082,48.22763443453082,48.22763443453082,48.22763443453082,48.22763443453082,48.22763443453082,48.22763443453082,48.22763443453082,48.22763443453082,48.22763443453082,48.22763443453082,48.22763443453082,48.22763443453082,48.22763443453082,48.22763443453082,48.22763443453082,48.22763443453082,48.22763443453082,48.22763443453082,48.22763443453082,48.22763443453082,1000000.0
FLINT,MAGNUM03,F,na,na,na,na,2025_03_11-15_02_56,na,4,32,Yes,1,na,0.0,868.0974198216343,0.0,10.0,41.0,0.0,,,,0.0,1157.4632264288205,0.0,10.0,41.0,0.0,32.0,20.0,11.0,29.0,15.0,9.0,22.0,9.0,7.0,17.0,7.0,6.0,13.0,2.0,3.0,7.0,-1.0,0.0,11.0,1.0,0.0,0.0,32.0,32.0,52.0,52.0,63.0,0.0,29.0,34.0,49.0,54.0,63.0,3.0,25.0,37.0,46.0,56.0,63.0,5.0,22.0,38.0,45.0,57.0,63.0,6.0,19.0,40.0,42.0,60.0,63.0,8.0,15.0,42.0,41.0,63.0,63.0,6.0,17.0,41.0,42.0,63.0,63.0,9.0,0.0,46.0,11.0,63.0,40.0,63.0,0.0,0.7587022814633326,3.0300940105999277,2.5547502593147775,0.4374894505865458,30.0,160.0,929539.4260911501,948637.5693272244,971593.9233180612,981480.58837714,992862.3101036893,996816.9761273209,999614.1789245236,999807.0894622619,999951.7723655654,1000000.0,1000000.0,1000000.0,1000000.0,1000000.0,1000000.0,1000000.0,1000000.0,1000000.0,1000000.0,1000000.0,1000000.0,1000000.0,1000000.0,1000000.0,1000000.0,1000000.0,1000000.0,1000000.0,1000000.0,1000000.0,1000000.0,1000000.0,1000000.0,1000000.0,1000000.0,1000000.0,1000000.0,1000000.0,1000000.0,1000000.0,1000000.0,1000000.0,1000000.0,1000000.0,1000000.0,1000000.0,1000000.0,1000000.0,1000000.0,1000000.0,1000000.0,1000000.0,1000000.0,1000000.0,1000000.0,1000000.0,1000000.0,1000000.0,1000000.0,1000000.0,1000000.0,1000000.0,1000000.0,1000000.0,0.0,0.0,0.0,0.0,0.0,0.0,0.0,0.0,0.0,0.0,0.0,48.22763443453082,96.4552688690621,144.68290330359284,192.91053773812425,241.13817217265407,482.27634434531,723.414516517964,1157.4632264287443,1736.1948396431121,2748.975162768264,4870.991077887631,8102.242585001196,12298.046780805396,21895.346033277066,33421.750663129984,60477.45358090182,88979.98553170967,146612.00868097425,209983.12032794787,320761.99662406556,371304.557511454,611140.5835543766,726018.8087774294,860670.36411864,924186.1586689171,968748.4928864238,985435.2544007716,995466.602363154,997926.211719315,999131.9025801783,999662.4065589582,999903.5447311308,999951.7723655654,1000000.0,1000000.0,1000000.0,1000000.0,1000000.0,1000000.0,1000000.0,1000000.0,1000000.0,1000000.0,1000000.0,1000000.0,1000000.0,1000000.0,1000000.0,1000000.0,1000000.0,1000000.0,1000000.0,1000000.0,0.0,0.0,0.0,0.0,0.0,0.0,0.0,0.0,0.0,0.0,0.0,0.0,0.0,0.0,0.0,0.0,0.0,0.0,0.0,0.0,0.0,0.0,0.0,0.0,0.0,0.0,0.0,0.0,0.0,0.0,0.0,0.0,0.0,0.0,0.0,0.0,0.0,0.0,0.0,0.0,144.68290330359284,337.59344104171646,1495.056667470457,2700.747528333735,6076.6819387508895,11333.494092114755,29659.99517723655,52182.30045816258,111357.60790933197,181962.86472148538,321099.5900651072,442777.91174342897,606510.7306486617,740776.4649143958,886906.1972510247,945888.5941644561,985242.3438630335,994984.3260188088,997829.756450446,998649.626235833,998987.2196768748,999035.4473113093,999131.9025801783,1000000.0,48.22763443453082,48.22763443453082,48.22763443453082,48.22763443453082,48.22763443453082,48.22763443453082,48.22763443453082,48.22763443453082,48.22763443453082,48.22763443453082,48.22763443453082,48.22763443453082,48.22763443453082,48.22763443453082,48.22763443453082,48.22763443453082,48.22763443453082,48.22763443453082,48.22763443453082,48.22763443453082,48.22763443453082,48.22763443453082,48.22763443453082,48.22763443453082,48.22763443453082,48.22763443453082,48.22763443453082,48.22763443453082,48.22763443453082,48.22763443453082,48.22763443453082,48.22763443453082,48.22763443453082,48.22763443453082,48.22763443453082,48.22763443453082,48.22763443453082,48.22763443453082,48.22763443453082,48.22763443453082,48.22763443453082,48.22763443453082,48.22763443453082,48.22763443453082,48.22763443453082,48.22763443453082,48.22763443453082,48.22763443453082,48.22763443453082,48.22763443453082,48.22763443453082,48.22763443453082,48.22763443453082,48.22763443453082,48.22763443453082,48.22763443453082,48.22763443453082,48.22763443453082,48.22763443453082,48.22763443453082,48.22763443453082,48.22763443453082,48.22763443453082,1000000.0
FLINT,MAGNUM03,F,na,na,na,na,2025_03_11-15_02_56,na,4,33,Yes,1,na,48.22763443457198,1012.7803231252384,289.36580660721114,8.0,40.0,62.0,,,,48.22763443457198,1495.0566674704712,289.36580660721114,8.0,40.0,62.0,32.0,20.0,11.0,28.0,15.0,9.0,21.0,10.0,7.0,17.0,6.0,6.0,12.0,2.0,5.0,7.0,-2.0,0.0,10.0,0.0,4.0,0.0,32.0,32.0,52.0,52.0,63.0,0.0,28.0,34.0,49.0,54.0,63.0,3.0,24.0,36.0,46.0,56.0,63.0,5.0,22.0,38.0,44.0,57.0,63.0,6.0,18.0,39.0,41.0,58.0,63.0,7.0,14.0,41.0,39.0,63.0,63.0,6.0,16.0,40.0,40.0,59.0,63.0,8.0,0.0,42.0,8.0,63.0,36.0,63.0,63.0,0.8453908214217378,3.0179978414482136,2.5901544318263876,0.0,30.0,160.0,897034.0004822764,929250.0602845431,961273.2095490716,977525.9223535085,991801.3021461297,997636.845912708,999565.9512900892,999951.7723655654,1000000.0,1000000.0,1000000.0,1000000.0,1000000.0,1000000.0,1000000.0,1000000.0,1000000.0,1000000.0,1000000.0,1000000.0,1000000.0,1000000.0,1000000.0,1000000.0,1000000.0,1000000.0,1000000.0,1000000.0,1000000.0,1000000.0,1000000.0,1000000.0,1000000.0,1000000.0,1000000.0,1000000.0,1000000.0,1000000.0,1000000.0,1000000.0,1000000.0,1000000.0,1000000.0,1000000.0,1000000.0,1000000.0,1000000.0,1000000.0,1000000.0,1000000.0,1000000.0,1000000.0,1000000.0,1000000.0,1000000.0,1000000.0,1000000.0,1000000.0,1000000.0,1000000.0,1000000.0,1000000.0,1000000.0,1000000.0,0.0,0.0,0.0,0.0,0.0,0.0,0.0,0.0,48.22763443453082,48.22763443453082,48.22763443453082,144.68290330359284,192.91053773812425,192.91053773812425,241.13817217265407,434.04870991077877,626.959247648901,868.0974198215577,1495.056667470457,2218.471183988428,3520.617313720762,5353.267422232942,9983.120327947918,15818.664094526175,25946.467325777645,41475.765613696625,72968.41089944534,111020.01446829025,168796.72052085848,243115.50518447068,358283.0962141307,393778.63515794545,664287.4367012298,783265.0108512177,898143.2360742704,951338.3168555582,977622.3776223776,991415.4810706534,997492.1630094043,998987.2196768748,999855.3170966964,1000000.0,1000000.0,1000000.0,1000000.0,1000000.0,1000000.0,1000000.0,1000000.0,1000000.0,1000000.0,1000000.0,1000000.0,1000000.0,1000000.0,1000000.0,1000000.0,1000000.0,1000000.0,1000000.0,1000000.0,1000000.0,1000000.0,1000000.0,0.0,0.0,0.0,0.0,0.0,0.0,0.0,0.0,0.0,0.0,0.0,0.0,0.0,0.0,0.0,0.0,0.0,0.0,0.0,0.0,0.0,0.0,0.0,0.0,0.0,0.0,0.0,0.0,0.0,0.0,0.0,0.0,0.0,0.0,0.0,0.0,48.22763443453082,48.22763443453082,48.22763443453082,289.36580660718624,819.8697853870253,1398.601398601398,2411.3817217265464,4870.991077887631,9886.665059078852,17699.54183747286,38919.70098866653,63226.4287436701,124668.43501326258,196865.2037617555,327610.320713769,453580.9018567639,616397.3957077406,759344.1041716903,904605.7390884976,956209.3079334458,988907.6440800579,996672.2932240173,999083.6749457439,999565.9512900892,999710.6341933928,999710.6341933928,999758.8618278273,1000000.0,0.0,0.0,0.0,0.0,0.0,0.0,0.0,0.0,0.0,0.0,0.0,0.0,0.0,0.0,0.0,0.0,0.0,0.0,0.0,0.0,0.0,0.0,0.0,0.0,0.0,0.0,0.0,0.0,0.0,0.0,0.0,0.0,0.0,0.0,0.0,0.0,0.0,0.0,0.0,0.0,0.0,0.0,0.0,0.0,0.0,0.0,0.0,0.0,0.0,0.0,0.0,0.0,0.0,0.0,0.0,0.0,0.0,0.0,0.0,0.0,0.0,0.0,0.0,1000000.0
FLINT,MAGNUM03,F,na,na,na,na,2025_03_11-15_02_56,na,4,34,Yes,1,na,96.4552688690621,1302.1461297323344,96.4552688691443,10.0,41.0,62.0,,,,96.4552688690621,1977.3330118157896,96.4552688691443,10.0,41.0,62.0,32.0,20.0,11.0,28.0,15.0,9.0,20.0,9.0,7.0,16.0,6.0,6.0,11.0,2.0,5.0,6.0,-3.0,2.0,9.0,-1.0,4.0,0.0,32.0,32.0,52.0,52.0,63.0,0.0,28.0,34.0,49.0,54.0,63.0,4.0,24.0,37.0,46.0,56.0,63.0,5.0,21.0,38.0,44.0,57.0,63.0,6.0,17.0,40.0,42.0,58.0,63.0,7.0,13.0,42.0,39.0,61.0,63.0,6.0,15.0,41.0,40.0,59.0,63.0,11.0,0.0,44.0,4.0,63.0,37.0,63.0,63.0,0.8705125924151584,3.1428595936702672,2.646730819765943,0.0,30.0,160.0,884012.539184953,921244.2729684107,957029.1777188329,977091.8736435977,992572.9442970823,997685.0735471424,999662.4065589582,999903.5447311308,1000000.0,1000000.0,1000000.0,1000000.0,1000000.0,1000000.0,1000000.0,1000000.0,1000000.0,1000000.0,1000000.0,1000000.0,1000000.0,1000000.0,1000000.0,1000000.0,1000000.0,1000000.0,1000000.0,1000000.0,1000000.0,1000000.0,1000000.0,1000000.0,1000000.0,1000000.0,1000000.0,1000000.0,1000000.0,1000000.0,1000000.0,1000000.0,1000000.0,1000000.0,1000000.0,1000000.0,1000000.0,1000000.0,1000000.0,1000000.0,1000000.0,1000000.0,1000000.0,1000000.0,1000000.0,1000000.0,1000000.0,1000000.0,1000000.0,1000000.0,1000000.0,1000000.0,1000000.0,1000000.0,1000000.0,1000000.0,0.0,0.0,0.0,0.0,48.22763443453082,48.22763443453082,48.22763443453082,48.22763443453082,48.22763443453082,144.68290330359284,144.68290330359284,144.68290330359284,192.91053773812425,385.82107547624787,530.5039787798403,578.7316132143711,868.0974198215577,1495.056667470457,2507.836990595609,3424.1620448516924,5112.12925006028,7378.82806848324,12298.046780805396,18230.045816252703,31010.36894140342,48902.821316614405,79768.50735471425,117000.24113817215,176657.824933687,249674.46346756694,371690.3785869303,433855.79937304073,671376.8989631059,781769.9541837473,891970.0988666507,946370.8705088015,976513.1420303833,988521.8230045816,995804.1958041957,998215.5775259222,999324.8131179166,999758.8618278273,1000000.0,1000000.0,1000000.0,1000000.0,1000000.0,1000000.0,1000000.0,1000000.0,1000000.0,1000000.0,1000000.0,1000000.0,1000000.0,1000000.0,1000000.0,1000000.0,1000000.0,1000000.0,1000000.0,1000000.0,1000000.0,1000000.0,0.0,0.0,0.0,0.0,0.0,0.0,0.0,0.0,0.0,0.0,0.0,0.0,0.0,0.0,0.0,0.0,0.0,0.0,0.0,0.0,0.0,0.0,0.0,0.0,0.0,0.0,0.0,0.0,0.0,0.0,0.0,0.0,0.0,0.0,0.0,0.0,0.0,48.22763443453082,96.4552688690621,289.36580660718624,771.6421509524955,1350.373764166866,2556.0646250301406,5353.267422232942,10417.169037858685,18953.460332770668,38726.79045092839,62937.06293706294,122015.91511936343,189775.74149987943,316276.82662165415,442392.0906679527,599083.6749457439,738268.6279238004,887726.0670364117,946756.6915842778,984615.3846153845,994550.2773088979,998987.2196768748,999565.9512900892,999855.3170966964,999903.5447311308,999951.7723655654,1000000.0,0.0,0.0,0.0,0.0,0.0,0.0,0.0,0.0,0.0,0.0,0.0,0.0,0.0,0.0,0.0,0.0,0.0,0.0,0.0,0.0,0.0,0.0,0.0,0.0,0.0,0.0,0.0,0.0,0.0,0.0,0.0,0.0,0.0,0.0,0.0,0.0,0.0,0.0,0.0,0.0,0.0,0.0,0.0,0.0,0.0,0.0,0.0,0.0,0.0,0.0,0.0,0.0,0.0,0.0,0.0,0.0,0.0,0.0,0.0,0.0,0.0,0.0,0.0,1000000.0
FLINT,MAGNUM03,F,na,na,na,na,2025_03_11-15_02_56,na,4,35,Yes,1,na,144.68290330359284,0.0,0.0,9.0,0.0,62.5,,,,144.68290330359284,0.0,0.0,9.0,0.0,62.5,32.0,19.0,12.0,28.0,14.0,9.0,19.0,8.0,7.0,15.0,5.0,6.0,10.0,0.0,5.0,2.0,-3.0,3.0,8.0,-2.0,4.0,0.0,32.0,32.0,51.0,51.0,63.0,0.0,28.0,34.0,48.0,54.0,63.0,4.0,23.0,37.0,45.0,56.0,63.0,5.0,20.0,38.0,43.0,57.0,63.0,6.0,16.0,40.0,40.0,58.0,63.0,8.0,10.0,41.0,38.0,60.0,63.0,6.0,14.0,41.0,39.0,59.0,63.0,8.0,0.0,43.0,3.0,62.0,0.0,63.0,63.0,0.8610518631900772,3.379220867549317,2.7884965452566006,0.0,30.0,160.0,893368.7002652519,926693.9956595128,960405.1121292501,975886.1827827344,991608.3916083915,997492.1630094043,999614.1789245236,999855.3170966964,1000000.0,1000000.0,1000000.0,1000000.0,1000000.0,1000000.0,1000000.0,1000000.0,1000000.0,1000000.0,1000000.0,1000000.0,1000000.0,1000000.0,1000000.0,1000000.0,1000000.0,1000000.0,1000000.0,1000000.0,1000000.0,1000000.0,1000000.0,1000000.0,1000000.0,1000000.0,1000000.0,1000000.0,1000000.0,1000000.0,1000000.0,1000000.0,1000000.0,1000000.0,1000000.0,1000000.0,1000000.0,1000000.0,1000000.0,1000000.0,1000000.0,1000000.0,1000000.0,1000000.0,1000000.0,1000000.0,1000000.0,1000000.0,1000000.0,1000000.0,1000000.0,1000000.0,1000000.0,1000000.0,1000000.0,1000000.0,0.0,0.0,0.0,48.22763443453082,48.22763443453082,48.22763443453082,48.22763443453082,48.22763443453082,96.4552688690621,192.91053773812425,241.13817217265407,241.13817217265407,289.36580660718624,434.04870991077877,916.3250542560885,1061.0079575596806,1880.8777429467057,2700.747528333735,4099.348926935128,6173.137207619962,8632.74656378105,12056.90860863274,19098.143236074284,26718.109476730133,40221.84711839883,58355.43766578245,94477.93585724618,132577.76706052572,191704.8468772607,265975.4039064384,371786.8338557993,399276.585483482,674656.3781046539,779599.7106341933,886713.2867132868,935809.0185676392,970291.7771883288,985676.3925729443,994164.4562334217,996961.6590306245,999228.3578490474,999903.5447311308,999951.7723655654,1000000.0,1000000.0,1000000.0,1000000.0,1000000.0,1000000.0,1000000.0,1000000.0,1000000.0,1000000.0,1000000.0,1000000.0,1000000.0,1000000.0,1000000.0,1000000.0,1000000.0,1000000.0,1000000.0,1000000.0,1000000.0,48.22763443453082,48.22763443453082,48.22763443453082,48.22763443453082,48.22763443453082,48.22763443453082,48.22763443453082,48.22763443453082,48.22763443453082,48.22763443453082,48.22763443453082,48.22763443453082,48.22763443453082,48.22763443453082,48.22763443453082,48.22763443453082,48.22763443453082,48.22763443453082,48.22763443453082,48.22763443453082,48.22763443453082,48.22763443453082,48.22763443453082,48.22763443453082,48.22763443453082,48.22763443453082,48.22763443453082,48.22763443453082,48.22763443453082,48.22763443453082,48.22763443453082,48.22763443453082,48.22763443453082,48.22763443453082,48.22763443453082,48.22763443453082,96.4552688690621,144.68290330359284,434.04870991077877,675.1868820834334,1398.601398601398,2073.7882806848356,3954.6660236315374,7764.649143959485,15722.208825657093,29370.629370629358,62454.78659271758,96599.95177236552,179213.88955871714,269351.33831685554,418471.18398842536,538123.9450204967,688015.432843019,806800.0964552688,919508.0781287678,959488.787074994,988714.7335423196,996382.9274174101,999180.1302146129,999662.4065589582,999951.7723655654,1000000.0,1000000.0,1000000.0,0.0,0.0,0.0,0.0,0.0,0.0,0.0,0.0,0.0,0.0,0.0,0.0,0.0,0.0,0.0,0.0,0.0,0.0,0.0,0.0,0.0,0.0,0.0,0.0,0.0,0.0,0.0,0.0,0.0,0.0,0.0,0.0,0.0,0.0,0.0,0.0,0.0,0.0,0.0,0.0,0.0,0.0,0.0,0.0,0.0,0.0,0.0,0.0,0.0,0.0,0.0,0.0,0.0,0.0,0.0,0.0,0.0,0.0,0.0,0.0,0.0,0.0,0.0,1000000.0
FLINT,MAGNUM03,F,na,na,na,na,2025_03_11-15_02_56,na,4,36,Yes,1,na,0.0,0.0,144.68290330359284,12.5,20.5,60.5,,,,0.0,0.0,144.68290330359284,12.5,20.5,60.5,32.0,21.0,10.0,27.0,16.0,9.0,22.0,12.0,7.0,18.0,9.0,6.0,14.0,6.0,5.0,9.0,3.0,5.0,12.0,4.0,5.0,0.0,32.0,32.0,53.0,53.0,63.0,2.0,29.0,34.0,50.0,54.0,63.0,4.0,26.0,36.0,48.0,56.0,63.0,5.0,23.0,37.0,46.0,57.0,63.0,6.0,20.0,38.0,44.0,58.0,63.0,8.0,17.0,40.0,43.0,58.0,63.0,7.0,19.0,39.0,43.0,58.0,63.0,9.0,0.0,41.0,16.0,61.0,0.0,63.0,0.0,1.3245191559630356,2.6078570169675297,2.0774903573196,0.6187655829712211,30.0,160.0,694043.8871473353,780901.8567639256,878948.6375693271,932818.9052326983,979599.7106341934,994694.9602122015,999083.6749457439,999614.1789245236,999951.7723655654,1000000.0,1000000.0,1000000.0,1000000.0,1000000.0,1000000.0,1000000.0,1000000.0,1000000.0,1000000.0,1000000.0,1000000.0,1000000.0,1000000.0,1000000.0,1000000.0,1000000.0,1000000.0,1000000.0,1000000.0,1000000.0,1000000.0,1000000.0,1000000.0,1000000.0,1000000.0,1000000.0,1000000.0,1000000.0,1000000.0,1000000.0,1000000.0,1000000.0,1000000.0,1000000.0,1000000.0,1000000.0,1000000.0,1000000.0,1000000.0,1000000.0,1000000.0,1000000.0,1000000.0,1000000.0,1000000.0,1000000.0,1000000.0,1000000.0,1000000.0,1000000.0,1000000.0,1000000.0,1000000.0,1000000.0,0.0,0.0,0.0,0.0,0.0,0.0,0.0,0.0,0.0,0.0,0.0,0.0,0.0,0.0,0.0,0.0,192.91053773812425,289.36580660718624,530.5039787798403,868.0974198215577,1495.056667470457,2411.3817217265464,4678.080540149494,6607.1859175307445,12394.502049674455,20834.33807571737,40800.578731613175,67132.8671328671,118109.47673016647,189148.78225223054,311357.60790933203,350036.1707258258,647070.1712081021,776368.4591270797,900988.6665059077,955437.6657824933,984808.2951531227,994791.4154810706,998938.9920424403,999758.8618278273,1000000.0,1000000.0,1000000.0,1000000.0,1000000.0,1000000.0,1000000.0,1000000.0,1000000.0,1000000.0,1000000.0,1000000.0,1000000.0,1000000.0,1000000.0,1000000.0,1000000.0,1000000.0,1000000.0,1000000.0,1000000.0,1000000.0,1000000.0,1000000.0,48.22763443453082,48.22763443453082,48.22763443453082,48.22763443453082,48.22763443453082,48.22763443453082,48.22763443453082,48.22763443453082,48.22763443453082,48.22763443453082,48.22763443453082,48.22763443453082,48.22763443453082,48.22763443453082,48.22763443453082,48.22763443453082,48.22763443453082,48.22763443453082,48.22763443453082,48.22763443453082,48.22763443453082,48.22763443453082,48.22763443453082,48.22763443453082,48.22763443453082,48.22763443453082,48.22763443453082,48.22763443453082,48.22763443453082,48.22763443453082,48.22763443453082,48.22763443453082,48.22763443453082,48.22763443453082,48.22763443453082,48.22763443453082,48.22763443453082,48.22763443453082,48.22763443453082,48.22763443453082,48.22763443453082,48.22763443453082,96.4552688690621,675.1868820834334,1495.056667470457,2507.836990595609,8150.470219435744,15673.98119122258,37762.23776223773,73450.68724379067,163202.31492645288,270315.89100554615,452182.3004581625,642199.1801302145,863853.3879913188,946515.5534121052,991077.8876296117,998215.5775259222,999903.5447311308,999951.7723655654,1000000.0,1000000.0,1000000.0,1000000.0,96.4552688690621,96.4552688690621,96.4552688690621,96.4552688690621,96.4552688690621,96.4552688690621,96.4552688690621,96.4552688690621,96.4552688690621,96.4552688690621,96.4552688690621,96.4552688690621,96.4552688690621,96.4552688690621,96.4552688690621,96.4552688690621,96.4552688690621,96.4552688690621,96.4552688690621,96.4552688690621,96.4552688690621,96.4552688690621,96.4552688690621,96.4552688690621,96.4552688690621,96.4552688690621,96.4552688690621,96.4552688690621,96.4552688690621,96.4552688690621,96.4552688690621,96.4552688690621,96.4552688690621,96.4552688690621,96.4552688690621,96.4552688690621,96.4552688690621,96.4552688690621,96.4552688690621,96.4552688690621,96.4552688690621,96.4552688690621,96.4552688690621,96.4552688690621,96.4552688690621,96.4552688690621,96.4552688690621,96.4552688690621,96.4552688690621,96.4552688690621,96.4552688690621,96.4552688690621,96.4552688690621,96.4552688690621,96.4552688690621,96.4552688690621,96.4552688690621,96.4552688690621,96.4552688690621,96.4552688690621,96.4552688690621,96.4552688690621,192.91053773812425,1000000.0
FLINT,MAGNUM03,F,na,na,na,na,2025_03_11-15_02_56,na,4,37,Yes,1,na,0.0,771.6421509525992,0.0,8.5,41.0,62.0,,,,0.0,1109.2355919943157,0.0,8.5,41.0,62.0,32.0,21.0,10.0,29.0,16.0,8.0,21.0,10.0,6.0,17.0,7.0,5.0,12.0,3.0,4.0,6.0,-2.0,3.0,9.0,1.0,3.0,0.0,32.0,32.0,53.0,53.0,63.0,0.0,29.0,34.0,50.0,55.0,63.0,4.0,25.0,37.0,47.0,57.0,63.0,5.0,22.0,38.0,45.0,58.0,63.0,6.0,18.0,40.0,43.0,59.0,63.0,8.0,14.0,42.0,40.0,60.0,63.0,7.0,16.0,41.0,42.0,60.0,63.0,8.0,0.0,44.0,9.0,61.0,37.0,63.0,63.0,0.9132344123062777,3.038622759099418,2.5032196155820574,0.0,30.0,160.0,877067.7598263804,916180.3713527849,952736.9182541596,972606.7036411864,991801.3021461297,997251.0248372317,999517.7236556546,999710.6341933928,1000000.0,1000000.0,1000000.0,1000000.0,1000000.0,1000000.0,1000000.0,1000000.0,1000000.0,1000000.0,1000000.0,1000000.0,1000000.0,1000000.0,1000000.0,1000000.0,1000000.0,1000000.0,1000000.0,1000000.0,1000000.0,1000000.0,1000000.0,1000000.0,1000000.0,1000000.0,1000000.0,1000000.0,1000000.0,1000000.0,1000000.0,1000000.0,1000000.0,1000000.0,1000000.0,1000000.0,1000000.0,1000000.0,1000000.0,1000000.0,1000000.0,1000000.0,1000000.0,1000000.0,1000000.0,1000000.0,1000000.0,1000000.0,1000000.0,1000000.0,1000000.0,1000000.0,1000000.0,1000000.0,1000000.0,1000000.0,0.0,0.0,0.0,0.0,0.0,0.0,0.0,0.0,0.0,48.22763443453082,96.4552688690621,96.4552688690621,144.68290330359284,144.68290330359284,289.36580660718624,385.82107547624787,626.959247648901,1012.7803231251486,1639.7395707740552,2314.926452857486,3617.07258258982,5015.673981191222,9018.567639257291,12394.502049674455,21364.842054497214,32264.28743670122,56667.470460573895,87677.83940197733,138075.7173860623,203424.1620448517,313913.6725343622,337496.98577284784,611526.4046298529,726404.6298529056,853339.7636845912,920086.8097419821,963732.8189052327,982830.962141307,995418.3747287195,998167.3498914879,999228.3578490474,999710.6341933928,1000000.0,1000000.0,1000000.0,1000000.0,1000000.0,1000000.0,1000000.0,1000000.0,1000000.0,1000000.0,1000000.0,1000000.0,1000000.0,1000000.0,1000000.0,1000000.0,1000000.0,1000000.0,1000000.0,1000000.0,1000000.0,1000000.0,0.0,0.0,0.0,0.0,0.0,0.0,0.0,0.0,0.0,0.0,0.0,0.0,0.0,0.0,0.0,0.0,0.0,0.0,0.0,0.0,0.0,0.0,0.0,0.0,0.0,0.0,0.0,0.0,0.0,0.0,0.0,0.0,0.0,0.0,0.0,0.0,0.0,48.22763443453082,48.22763443453082,48.22763443453082,241.13817217265407,385.82107547624787,916.3250542560885,1591.5119363395213,3713.527851458888,6510.730648661682,14612.973233662888,23583.31323848561,51073.06486616835,85555.82348685792,161224.9819146371,245575.11454063174,388473.5953701471,527755.0036170725,732577.7670605257,842585.0012056908,951241.8615866891,982975.6450446106,997395.7077405354,999324.8131179166,999903.5447311308,1000000.0,1000000.0,1000000.0,0.0,0.0,0.0,0.0,0.0,0.0,0.0,0.0,0.0,0.0,0.0,0.0,0.0,0.0,0.0,0.0,0.0,0.0,0.0,0.0,0.0,0.0,0.0,0.0,0.0,0.0,0.0,0.0,0.0,0.0,0.0,0.0,0.0,0.0,0.0,0.0,0.0,0.0,0.0,0.0,0.0,0.0,0.0,0.0,0.0,0.0,0.0,0.0,0.0,0.0,0.0,0.0,0.0,0.0,0.0,0.0,0.0,0.0,0.0,0.0,0.0,0.0,0.0,1000000.0
FLINT,MAGNUM03,F,na,na,na,na,2025_03_11-15_02_56,na,4,38,Yes,1,na,530.5039787798403,10658.30721003135,241.13817217274982,7.0,40.0,62.0,,,,771.6421509525901,20641.42753797936,241.13817217274982,7.0,40.0,62.0,32.0,19.0,12.0,27.0,13.0,9.0,18.0,4.0,6.0,12.0,0.0,5.0,7.0,-6.0,3.0,-3.0,-16.0,1.0,1.0,-9.0,2.0,0.0,32.0,32.0,51.0,51.0,63.0,0.0,27.0,34.0,47.0,54.0,63.0,2.0,20.0,38.0,42.0,57.0,63.0,4.0,16.0,40.0,40.0,58.0,63.0,5.0,12.0,42.0,36.0,60.0,63.0,8.0,5.0,46.0,30.0,62.0,63.0,6.0,7.0,43.0,34.0,61.0,63.0,10.0,0.0,49.0,0.0,63.0,24.0,63.0,63.0,0.5479347747127652,4.34234765431863,3.598043012657403,0.0,30.0,160.0,962768.266216542,973715.9392331806,987460.8150470218,990354.4731130938,995997.1063419338,998746.0815047021,999758.8618278273,999807.0894622619,999951.7723655654,999951.7723655654,1000000.0,1000000.0,1000000.0,1000000.0,1000000.0,1000000.0,1000000.0,1000000.0,1000000.0,1000000.0,1000000.0,1000000.0,1000000.0,1000000.0,1000000.0,1000000.0,1000000.0,1000000.0,1000000.0,1000000.0,1000000.0,1000000.0,1000000.0,1000000.0,1000000.0,1000000.0,1000000.0,1000000.0,1000000.0,1000000.0,1000000.0,1000000.0,1000000.0,1000000.0,1000000.0,1000000.0,1000000.0,1000000.0,1000000.0,1000000.0,1000000.0,1000000.0,1000000.0,1000000.0,1000000.0,1000000.0,1000000.0,1000000.0,1000000.0,1000000.0,1000000.0,1000000.0,1000000.0,1000000.0,96.4552688690621,96.4552688690621,96.4552688690621,144.68290330359284,192.91053773812425,337.59344104171646,482.27634434531,578.7316132143711,578.7316132143711,868.0974198215577,1109.2355919942117,1302.1461297323344,1977.3330118157653,3086.56860380998,4678.080540149494,5305.039787798405,7427.055702917767,10176.030865686038,15625.753556788046,19628.647214854085,25850.012056908607,35977.8152881601,50397.87798408488,63226.4287436701,82421.02724861339,107113.57607909339,156739.8119122257,196672.29322401737,251073.0648661683,330021.7024354955,429370.6293706294,452182.3004581625,667904.5092838196,758476.0067518688,865975.4039064385,904943.3325295394,946370.8705088015,970195.3219194597,984904.7504219918,990016.879672052,995080.7812876777,997154.5695683626,999083.6749457439,999565.9512900892,999855.3170966964,999855.3170966964,999951.7723655654,1000000.0,1000000.0,1000000.0,1000000.0,1000000.0,1000000.0,1000000.0,1000000.0,1000000.0,1000000.0,1000000.0,1000000.0,1000000.0,1000000.0,1000000.0,1000000.0,1000000.0,0.0,0.0,0.0,0.0,0.0,0.0,0.0,0.0,0.0,0.0,0.0,0.0,0.0,0.0,0.0,0.0,0.0,0.0,0.0,0.0,0.0,0.0,0.0,0.0,48.22763443453082,48.22763443453082,48.22763443453082,96.4552688690621,96.4552688690621,144.68290330359284,289.36580660718624,289.36580660718624,482.27634434531,530.5039787798403,675.1868820834334,1109.2355919942117,1543.2843019049903,2556.0646250301406,4292.259464673261,6221.364842054485,10706.534844465874,16011.574632264283,27393.29635881359,40077.16421509529,59127.07981673499,88835.30262840606,142898.48082951523,185531.70966964067,265927.1762720038,347335.4231974921,494429.70822281163,592331.8061249095,710778.8762961177,809741.9821557752,902869.5442488546,942512.659754039,972896.0694477935,986013.9860139859,995852.4234386302,998456.7156980949,999228.3578490474,999758.8618278273,1000000.0,1000000.0,0.0,0.0,0.0,0.0,0.0,0.0,0.0,0.0,0.0,0.0,0.0,0.0,0.0,0.0,0.0,0.0,0.0,0.0,0.0,0.0,0.0,0.0,0.0,0.0,0.0,0.0,0.0,0.0,0.0,0.0,0.0,0.0,0.0,0.0,0.0,0.0,0.0,0.0,0.0,0.0,0.0,0.0,0.0,0.0,0.0,0.0,0.0,0.0,0.0,0.0,0.0,0.0,0.0,0.0,0.0,0.0,0.0,0.0,0.0,0.0,0.0,0.0,0.0,1000000.0
FLINT,MAGNUM03,F,na,na,na,na,2025_03_11-15_02_56,na,4,39,Yes,1,na,96.4552688690621,1302.1461297323394,0.0,9.0,40.0,61.5,,,,96.4552688690621,2266.6988184230195,0.0,9.0,40.0,61.5,32.0,20.0,11.0,28.0,15.0,9.0,20.0,10.0,7.0,16.0,6.0,6.0,12.0,1.0,5.0,4.0,-4.0,3.0,9.0,-2.0,4.0,0.0,32.0,32.0,52.0,52.0,63.0,0.0,28.0,34.0,49.0,54.0,63.0,3.0,23.0,36.0,46.0,56.0,63.0,4.0,20.0,38.0,44.0,57.0,63.0,5.0,17.0,40.0,41.0,58.0,63.0,7.0,11.0,42.0,38.0,60.0,63.0,6.0,15.0,41.0,39.0,59.0,63.0,9.0,0.0,44.0,3.0,60.0,37.0,63.0,63.0,0.6725716627551899,3.2185621738356778,2.572197477826235,0.0,30.0,160.0,925584.7600675187,949602.1220159151,976850.7354714251,987605.4979503255,996093.561610803,999083.6749457439,999855.3170966964,999951.7723655654,1000000.0,1000000.0,1000000.0,1000000.0,1000000.0,1000000.0,1000000.0,1000000.0,1000000.0,1000000.0,1000000.0,1000000.0,1000000.0,1000000.0,1000000.0,1000000.0,1000000.0,1000000.0,1000000.0,1000000.0,1000000.0,1000000.0,1000000.0,1000000.0,1000000.0,1000000.0,1000000.0,1000000.0,1000000.0,1000000.0,1000000.0,1000000.0,1000000.0,1000000.0,1000000.0,1000000.0,1000000.0,1000000.0,1000000.0,1000000.0,1000000.0,1000000.0,1000000.0,1000000.0,1000000.0,1000000.0,1000000.0,1000000.0,1000000.0,1000000.0,1000000.0,1000000.0,1000000.0,1000000.0,1000000.0,1000000.0,0.0,0.0,0.0,48.22763443453082,48.22763443453082,96.4552688690621,96.4552688690621,96.4552688690621,96.4552688690621,96.4552688690621,144.68290330359284,241.13817217265407,241.13817217265407,337.59344104171646,530.5039787798403,675.1868820834334,1205.690860863273,1639.7395707740552,2700.747528333735,3858.2107547624714,6607.1859175307445,9549.071618037116,16156.257535567875,23390.40270074749,38967.92862310102,56474.5599228358,93175.78972751384,131564.98673740047,203231.25150711357,287484.92886423913,415336.38775018085,465830.7210031348,712418.6158668917,809645.526886906,907836.9905956112,951241.8615866891,978731.6132143717,989872.1967687485,996286.472148541,998697.8538702676,999276.585483482,999758.8618278273,999951.7723655654,999951.7723655654,1000000.0,1000000.0,1000000.0,1000000.0,1000000.0,1000000.0,1000000.0,1000000.0,1000000.0,1000000.0,1000000.0,1000000.0,1000000.0,1000000.0,1000000.0,1000000.0,1000000.0,1000000.0,1000000.0,1000000.0,0.0,0.0,0.0,0.0,0.0,0.0,0.0,0.0,0.0,0.0,0.0,0.0,0.0,0.0,0.0,0.0,0.0,0.0,0.0,0.0,0.0,0.0,0.0,0.0,0.0,0.0,0.0,0.0,0.0,0.0,0.0,0.0,0.0,0.0,0.0,0.0,0.0,48.22763443453082,434.04870991077877,578.7316132143711,1061.0079575596806,1591.5119363395213,2845.4304316373314,5112.12925006028,10706.534844465874,18905.23269833615,39160.839160839154,61249.095731854315,117627.20038582108,190065.10730648664,328864.2392090667,444417.65131420305,628164.938509766,765903.0624547866,904461.0561851941,956112.8526645768,989197.009886665,996382.9274174101,999373.040752351,999807.0894622619,1000000.0,1000000.0,1000000.0,1000000.0,0.0,0.0,0.0,0.0,0.0,0.0,0.0,0.0,0.0,0.0,0.0,0.0,0.0,0.0,0.0,0.0,0.0,0.0,0.0,0.0,0.0,0.0,0.0,0.0,0.0,0.0,0.0,0.0,0.0,0.0,0.0,0.0,0.0,0.0,0.0,0.0,0.0,0.0,0.0,0.0,0.0,0.0,0.0,0.0,0.0,0.0,0.0,0.0,0.0,0.0,0.0,0.0,0.0,0.0,0.0,0.0,0.0,0.0,0.0,0.0,0.0,0.0,0.0,1000000.0
FLINT,MAGNUM03,F,na,na,na,na,2025_03_11-15_02_56,na,4,40,Yes,1,na,48.22763443453082,2314.926452857486,0.0,8.0,40.0,62.5,,,,48.22763443453082,4292.259464673279,0.0,8.0,40.0,62.5,31.0,20.0,12.0,27.0,15.0,9.0,21.0,9.0,7.0,16.0,4.0,6.0,10.0,0.0,4.0,4.0,-6.0,3.0,7.0,-4.0,3.0,0.0,31.0,31.0,51.0,51.0,63.0,0.0,27.0,33.0,48.0,54.0,63.0,1.0,22.0,36.0,45.0,56.0,63.0,3.0,19.0,38.0,42.0,57.0,63.0,4.0,14.0,40.0,40.0,59.0,63.0,6.0,10.0,42.0,36.0,60.0,63.0,5.0,12.0,41.0,37.0,60.0,63.0,6.0,0.0,44.0,6.0,62.0,34.0,63.0,63.0,0.3797845536781109,3.4494606313277294,2.824147211139301,0.0,30.0,160.0,972365.5654690136,983072.1003134795,993441.0417169037,996238.2445141064,999276.585483482,999855.3170966964,1000000.0,1000000.0,1000000.0,1000000.0,1000000.0,1000000.0,1000000.0,1000000.0,1000000.0,1000000.0,1000000.0,1000000.0,1000000.0,1000000.0,1000000.0,1000000.0,1000000.0,1000000.0,1000000.0,1000000.0,1000000.0,1000000.0,1000000.0,1000000.0,1000000.0,1000000.0,1000000.0,1000000.0,1000000.0,1000000.0,1000000.0,1000000.0,1000000.0,1000000.0,1000000.0,1000000.0,1000000.0,1000000.0,1000000.0,1000000.0,1000000.0,1000000.0,1000000.0,1000000.0,1000000.0,1000000.0,1000000.0,1000000.0,1000000.0,1000000.0,1000000.0,1000000.0,1000000.0,1000000.0,1000000.0,1000000.0,1000000.0,1000000.0,0.0,0.0,0.0,0.0,0.0,0.0,48.22763443453082,48.22763443453082,96.4552688690621,96.4552688690621,337.59344104171646,482.27634434531,771.6421509524955,1012.7803231251486,1543.2843019049903,1832.650108512174,2797.202797202796,3858.2107547624714,6124.909573185426,7957.559681697602,12056.90860863274,16831.444417651295,25608.87388473595,35833.1323848565,55172.413793103486,81118.88111888111,130021.70243549565,175837.95514829998,261393.77863515794,356932.7224499638,494285.0253195081,540824.6925488305,775789.7275138655,854304.3163732818,928140.8246925487,956161.0802990112,980660.7185917529,990836.7494574391,996238.2445141064,998022.6669881842,999276.585483482,999662.4065589582,999951.7723655654,1000000.0,1000000.0,1000000.0,1000000.0,1000000.0,1000000.0,1000000.0,1000000.0,1000000.0,1000000.0,1000000.0,1000000.0,1000000.0,1000000.0,1000000.0,1000000.0,1000000.0,1000000.0,1000000.0,1000000.0,1000000.0,0.0,0.0,0.0,0.0,0.0,0.0,0.0,0.0,0.0,0.0,0.0,0.0,0.0,0.0,0.0,0.0,0.0,0.0,0.0,0.0,0.0,0.0,0.0,0.0,0.0,0.0,0.0,0.0,0.0,0.0,0.0,0.0,0.0,0.0,48.22763443453082,192.91053773812425,434.04870991077877,578.7316132143711,916.3250542560885,1302.1461297323344,2363.1540872920177,4099.348926935128,8246.925488304796,12539.18495297808,21847.118398842544,36604.774535809054,68579.69616590298,101422.71521581864,182059.31999035447,268820.8343380757,423486.85796961654,533783.4579213889,707161.8037135277,821268.386785628,929057.1497468048,964890.2821316614,988039.5466602363,995129.0089221123,998601.3986013986,999469.4960212201,999951.7723655654,1000000.0,1000000.0,1000000.0,0.0,0.0,0.0,0.0,0.0,0.0,0.0,0.0,0.0,0.0,0.0,0.0,0.0,0.0,0.0,0.0,0.0,0.0,0.0,0.0,0.0,0.0,0.0,0.0,0.0,0.0,0.0,0.0,0.0,0.0,0.0,0.0,0.0,0.0,0.0,0.0,0.0,0.0,0.0,0.0,0.0,0.0,0.0,0.0,0.0,0.0,0.0,0.0,0.0,0.0,0.0,0.0,0.0,0.0,0.0,0.0,0.0,0.0,0.0,0.0,0.0,0.0,0.0,1000000.0
FLINT,MAGNUM03,F,na,na,na,na,2025_03_11-15_02_56,na,4,41,Yes,1,na,530.5039787798496,4533.397636845913,96.4552688691443,8.0,41.0,62.0,,,,578.7316132143711,6124.909573185464,96.4552688691443,8.0,41.0,62.0,32.0,19.0,12.0,27.0,14.0,9.0,18.0,7.0,7.0,13.0,3.0,6.0,8.0,-2.0,5.0,0.0,-7.0,2.0,2.0,-4.0,4.0,0.0,32.0,32.0,51.0,51.0,63.0,0.0,27.0,34.0,48.0,54.0,63.0,4.0,22.0,37.0,44.0,56.0,63.0,5.0,18.0,39.0,42.0,57.0,63.0,6.0,14.0,41.0,39.0,58.0,63.0,8.0,8.0,43.0,36.0,61.0,63.0,8.0,10.0,42.0,38.0,59.0,63.0,10.0,0.0,44.0,1.0,63.0,26.0,63.0,63.0,0.9566723032805664,3.7395254577264088,2.9550453362476485,0.0,30.0,160.0,879768.5073547142,912756.2093079333,952351.0971786834,969086.0863274656,989245.2375210995,995804.1958041957,998987.2196768748,999469.4960212201,999903.5447311308,1000000.0,1000000.0,1000000.0,1000000.0,1000000.0,1000000.0,1000000.0,1000000.0,1000000.0,1000000.0,1000000.0,1000000.0,1000000.0,1000000.0,1000000.0,1000000.0,1000000.0,1000000.0,1000000.0,1000000.0,1000000.0,1000000.0,1000000.0,1000000.0,1000000.0,1000000.0,1000000.0,1000000.0,1000000.0,1000000.0,1000000.0,1000000.0,1000000.0,1000000.0,1000000.0,1000000.0,1000000.0,1000000.0,1000000.0,1000000.0,1000000.0,1000000.0,1000000.0,1000000.0,1000000.0,1000000.0,1000000.0,1000000.0,1000000.0,1000000.0,1000000.0,1000000.0,1000000.0,1000000.0,1000000.0,0.0,48.22763443453082,48.22763443453082,96.4552688690621,96.4552688690621,96.4552688690621,96.4552688690621,144.68290330359284,337.59344104171646,337.59344104171646,626.959247648901,675.1868820834334,771.6421509524955,916.3250542560885,1639.7395707740552,1880.8777429467057,2893.6580660718573,3954.6660236315374,6366.047745358085,8054.014950566682,12394.502049674455,17506.63129973476,26959.2476489028,37665.78249336868,56378.10465396668,79141.54810706542,122353.50856040517,165324.33084157223,237183.5061490234,316759.1029659995,427441.52399324806,453870.26766337105,685314.6853146853,782204.002893658,877357.1256329876,919459.8504943332,959344.1041716904,979213.8895587171,991077.8876296117,995466.602363154,998408.4880636605,999276.585483482,999855.3170966964,999951.7723655654,1000000.0,1000000.0,1000000.0,1000000.0,1000000.0,1000000.0,1000000.0,1000000.0,1000000.0,1000000.0,1000000.0,1000000.0,1000000.0,1000000.0,1000000.0,1000000.0,1000000.0,1000000.0,1000000.0,1000000.0,0.0,0.0,0.0,0.0,0.0,0.0,0.0,0.0,0.0,0.0,0.0,0.0,0.0,0.0,0.0,0.0,0.0,0.0,0.0,0.0,0.0,0.0,0.0,0.0,0.0,0.0,48.22763443453082,48.22763443453082,48.22763443453082,48.22763443453082,48.22763443453082,48.22763443453082,96.4552688690621,144.68290330359284,192.91053773812425,192.91053773812425,289.36580660718624,530.5039787798403,1012.7803231251486,1784.4224740776426,2893.6580660718573,4581.625271280436,9018.567639257291,14371.835061490223,26332.288401253903,45237.52109959005,88738.84735953702,132770.67759826384,223293.94743187848,328864.2392090667,488497.7091873643,594260.9115022907,740245.9609356162,836990.5956112852,928092.5970581142,960983.8437424643,986930.3110682421,994887.8707499397,998987.2196768748,999565.9512900892,999807.0894622619,999903.5447311308,999951.7723655654,1000000.0,0.0,0.0,0.0,0.0,0.0,0.0,0.0,0.0,0.0,0.0,0.0,0.0,0.0,0.0,0.0,0.0,0.0,0.0,0.0,0.0,0.0,0.0,0.0,0.0,0.0,0.0,0.0,0.0,0.0,0.0,0.0,0.0,0.0,0.0,0.0,0.0,0.0,0.0,0.0,0.0,0.0,0.0,0.0,0.0,0.0,0.0,0.0,0.0,0.0,0.0,0.0,0.0,0.0,0.0,0.0,0.0,0.0,0.0,0.0,0.0,0.0,0.0,0.0,1000000.0
FLINT,MAGNUM03,F,na,na,na,na,2025_03_11-15_02_56,na,4,42,Yes,1,na,96.4552688690621,868.0974198215577,241.13817217274982,12.0,41.0,60.0,,,,96.4552688690621,1350.3737641669463,241.13817217274982,12.0,41.0,60.0,32.0,20.0,11.0,28.0,15.0,9.0,21.0,10.0,7.0,17.0,6.0,6.0,12.0,3.0,5.0,8.0,-2.0,3.0,9.0,0.0,4.0,0.0,32.0,32.0,52.0,52.0,63.0,0.0,28.0,34.0,49.0,54.0,63.0,3.0,24.0,36.0,46.0,56.0,63.0,5.0,22.0,38.0,44.0,57.0,63.0,6.0,18.0,39.0,42.0,58.0,63.0,7.0,15.0,42.0,40.0,60.0,63.0,7.0,16.0,41.0,41.0,59.0,63.0,8.0,0.0,43.0,6.0,63.0,37.0,63.0,63.0,0.7991795350055938,2.9948205174544933,2.536300729712721,0.0,30.0,160.0,912756.2093079333,938027.4897516277,967542.8020255606,980033.7593441041,992717.6272003858,997106.3419339281,999469.4960212201,999903.5447311308,1000000.0,1000000.0,1000000.0,1000000.0,1000000.0,1000000.0,1000000.0,1000000.0,1000000.0,1000000.0,1000000.0,1000000.0,1000000.0,1000000.0,1000000.0,1000000.0,1000000.0,1000000.0,1000000.0,1000000.0,1000000.0,1000000.0,1000000.0,1000000.0,1000000.0,1000000.0,1000000.0,1000000.0,1000000.0,1000000.0,1000000.0,1000000.0,1000000.0,1000000.0,1000000.0,1000000.0,1000000.0,1000000.0,1000000.0,1000000.0,1000000.0,1000000.0,1000000.0,1000000.0,1000000.0,1000000.0,1000000.0,1000000.0,1000000.0,1000000.0,1000000.0,1000000.0,1000000.0,1000000.0,1000000.0,1000000.0,0.0,0.0,0.0,0.0,0.0,0.0,48.22763443453082,48.22763443453082,48.22763443453082,48.22763443453082,48.22763443453082,48.22763443453082,144.68290330359284,144.68290330359284,144.68290330359284,337.59344104171646,578.7316132143711,868.0974198215577,1446.829033035929,1929.1053773812387,3665.3002170243526,5739.088497709187,9741.98215577526,15047.021943573669,28261.393778635178,40655.89582830962,69737.15939233181,101808.53629129488,161321.43718350612,234241.62044851697,356595.1290089221,400578.73161321436,671859.175307451,784808.2951531226,898914.8782252228,946033.2770677598,977670.6052568122,990258.0178442247,997347.4801061008,998938.9920424403,999517.7236556546,999807.0894622619,1000000.0,1000000.0,1000000.0,1000000.0,1000000.0,1000000.0,1000000.0,1000000.0,1000000.0,1000000.0,1000000.0,1000000.0,1000000.0,1000000.0,1000000.0,1000000.0,1000000.0,1000000.0,1000000.0,1000000.0,1000000.0,1000000.0,0.0,0.0,0.0,0.0,0.0,0.0,0.0,0.0,0.0,0.0,0.0,0.0,0.0,0.0,0.0,0.0,0.0,0.0,0.0,0.0,0.0,0.0,0.0,0.0,0.0,0.0,0.0,0.0,0.0,0.0,0.0,0.0,0.0,0.0,0.0,0.0,0.0,48.22763443453082,96.4552688690621,192.91053773812425,434.04870991077877,916.3250542560885,2266.6988184229576,4244.031830238725,8488.063660477448,16349.168073306007,36363.636363636375,57873.16132143717,113142.03038340976,181046.53966722928,309669.6407041235,432408.97034000483,605787.3161321436,748782.252230528,904171.6903785869,954810.7065348445,989823.9691343139,996624.0655895828,999228.3578490474,999758.8618278273,1000000.0,1000000.0,1000000.0,1000000.0,0.0,0.0,0.0,0.0,0.0,0.0,0.0,0.0,0.0,0.0,0.0,0.0,0.0,0.0,0.0,0.0,0.0,0.0,0.0,0.0,0.0,0.0,0.0,0.0,0.0,0.0,0.0,0.0,0.0,0.0,0.0,0.0,0.0,0.0,0.0,0.0,0.0,0.0,0.0,0.0,0.0,0.0,0.0,0.0,0.0,0.0,0.0,0.0,0.0,0.0,0.0,0.0,0.0,0.0,0.0,0.0,0.0,0.0,0.0,0.0,0.0,0.0,0.0,1000000.0
FLINT,MAGNUM03,F,na,na,na,na,2025_03_11-15_02_56,na,4,43,Yes,1,na,96.4552688691443,868.0974198216343,1398.6013986014846,10.0,41.0,62.0,,,,144.68290330359284,1736.194839643192,1398.6013986014846,10.0,41.0,62.0,32.0,20.0,11.0,26.0,15.0,9.0,19.0,9.0,7.0,15.0,6.0,6.0,11.0,2.0,0.0,5.0,-2.0,0.0,8.0,0.0,0.0,0.0,32.0,32.0,52.0,52.0,63.0,2.0,28.0,34.0,49.0,54.0,63.0,5.0,24.0,37.0,46.0,56.0,63.0,6.0,21.0,38.0,44.0,57.0,63.0,7.0,18.0,40.0,42.0,63.0,63.0,9.0,14.0,42.0,40.0,63.0,63.0,8.0,16.0,41.0,41.0,63.0,63.0,11.0,0.0,50.0,8.0,63.0,39.0,63.0,63.0,1.3141265714604697,3.2814226865721468,2.6551383119043015,0.0,30.0,160.0,768603.8099831203,826814.5647455993,901229.8046780805,934892.6935133832,974680.4919218712,989727.5138654449,997685.0735471424,998987.2196768748,999855.3170966964,999903.5447311308,1000000.0,1000000.0,1000000.0,1000000.0,1000000.0,1000000.0,1000000.0,1000000.0,1000000.0,1000000.0,1000000.0,1000000.0,1000000.0,1000000.0,1000000.0,1000000.0,1000000.0,1000000.0,1000000.0,1000000.0,1000000.0,1000000.0,1000000.0,1000000.0,1000000.0,1000000.0,1000000.0,1000000.0,1000000.0,1000000.0,1000000.0,1000000.0,1000000.0,1000000.0,1000000.0,1000000.0,1000000.0,1000000.0,1000000.0,1000000.0,1000000.0,1000000.0,1000000.0,1000000.0,1000000.0,1000000.0,1000000.0,1000000.0,1000000.0,1000000.0,1000000.0,1000000.0,1000000.0,1000000.0,0.0,0.0,0.0,0.0,0.0,0.0,0.0,0.0,48.22763443453082,48.22763443453082,144.68290330359284,192.91053773812425,192.91053773812425,192.91053773812425,337.59344104171646,482.27634434531,819.8697853870253,1253.9184952978064,2122.0159151193625,3279.479141548107,5256.812153363875,7812.876778394019,14130.696889317576,20014.468290330373,35640.221847118344,53870.26766337109,89028.21316614418,124861.34555100076,192138.89558717134,268483.24089703395,382782.73450687237,415432.84301904985,667084.6394984325,771690.3785869302,880540.1495056667,929732.3366288883,969037.858693031,985387.0267663371,994984.3260188088,997685.0735471424,999131.9025801783,999855.3170966964,999903.5447311308,999903.5447311308,1000000.0,1000000.0,1000000.0,1000000.0,1000000.0,1000000.0,1000000.0,1000000.0,1000000.0,1000000.0,1000000.0,1000000.0,1000000.0,1000000.0,1000000.0,1000000.0,1000000.0,1000000.0,1000000.0,1000000.0,0.0,0.0,0.0,0.0,0.0,0.0,0.0,0.0,0.0,0.0,0.0,0.0,0.0,0.0,0.0,0.0,0.0,0.0,0.0,0.0,0.0,0.0,0.0,0.0,0.0,0.0,0.0,0.0,0.0,0.0,0.0,0.0,0.0,0.0,0.0,0.0,0.0,0.0,0.0,48.22763443453082,289.36580660718624,916.3250542560885,2122.0159151193625,3472.38967928623,8777.42946708464,16204.485170002381,43549.55389438146,69061.97251024836,139619.00168796725,224789.00409934888,376368.4591270798,486954.42488545936,659609.3561610803,782300.4581625272,905280.9259705811,948444.6587894864,984470.701712081,994260.9115022907,997733.301181577,998360.2604292259,998553.1709669641,998601.3986013986,998649.626235833,1000000.0,0.0,0.0,0.0,0.0,0.0,0.0,0.0,0.0,0.0,0.0,0.0,0.0,0.0,0.0,0.0,0.0,0.0,0.0,0.0,0.0,0.0,0.0,0.0,0.0,0.0,0.0,0.0,0.0,0.0,0.0,0.0,0.0,0.0,0.0,0.0,0.0,0.0,0.0,0.0,0.0,0.0,0.0,0.0,0.0,0.0,0.0,0.0,0.0,0.0,0.0,0.0,0.0,0.0,0.0,0.0,0.0,0.0,0.0,0.0,0.0,0.0,0.0,0.0,1000000.0
FLINT,MAGNUM03,F,na,na,na,na,2025_03_11-15_02_56,na,4,44,Yes,1,na,192.91053773812425,2073.788280684941,337.59344104178416,10.0,41.0,62.0,,,,192.91053773812425,3472.389679286339,337.59344104178416,10.0,41.0,62.0,32.0,21.0,10.0,29.0,15.0,8.0,20.0,8.0,5.0,16.0,4.0,5.0,9.0,0.0,3.0,1.0,-6.0,0.0,5.0,-2.0,2.0,0.0,32.0,32.0,53.0,53.0,63.0,0.0,29.0,35.0,50.0,55.0,63.0,4.0,24.0,38.0,46.0,58.0,63.0,5.0,21.0,40.0,44.0,58.0,63.0,7.0,16.0,41.0,41.0,60.0,63.0,9.0,10.0,44.0,38.0,63.0,63.0,8.0,13.0,42.0,40.0,61.0,63.0,9.0,0.0,48.0,4.0,63.0,35.0,63.0,63.0,1.0024386548337785,3.384538151008874,2.98454549502125,0.0,30.0,160.0,879189.7757414998,913238.4856522789,951675.9102966,963057.6320231492,986544.4899927658,994598.5049433325,998312.0327947914,999180.1302146129,999758.8618278273,1000000.0,1000000.0,1000000.0,1000000.0,1000000.0,1000000.0,1000000.0,1000000.0,1000000.0,1000000.0,1000000.0,1000000.0,1000000.0,1000000.0,1000000.0,1000000.0,1000000.0,1000000.0,1000000.0,1000000.0,1000000.0,1000000.0,1000000.0,1000000.0,1000000.0,1000000.0,1000000.0,1000000.0,1000000.0,1000000.0,1000000.0,1000000.0,1000000.0,1000000.0,1000000.0,1000000.0,1000000.0,1000000.0,1000000.0,1000000.0,1000000.0,1000000.0,1000000.0,1000000.0,1000000.0,1000000.0,1000000.0,1000000.0,1000000.0,1000000.0,1000000.0,1000000.0,1000000.0,1000000.0,1000000.0,0.0,0.0,0.0,0.0,48.22763443453082,48.22763443453082,48.22763443453082,96.4552688690621,144.68290330359284,192.91053773812425,241.13817217265407,289.36580660718624,482.27634434531,626.959247648901,771.6421509524955,916.3250542560885,1591.5119363395213,1977.3330118157653,2941.8857005063924,3906.438389197008,5353.267422232942,7716.421509524954,12876.778394019768,17699.54183747286,27345.068724379063,40897.034000482294,67325.77767060528,91005.54617795997,140294.1885700506,197974.43935374965,286568.6038099831,302001.446829033,549650.3496503497,661152.6404629853,801977.3330118157,872775.5003617073,938316.8555582348,969905.9561128526,988377.140101278,993537.4969857727,997926.211719315,999228.3578490474,999662.4065589582,999855.3170966964,999951.7723655654,999951.7723655654,1000000.0,1000000.0,1000000.0,1000000.0,1000000.0,1000000.0,1000000.0,1000000.0,1000000.0,1000000.0,1000000.0,1000000.0,1000000.0,1000000.0,1000000.0,1000000.0,1000000.0,1000000.0,0.0,0.0,0.0,0.0,0.0,0.0,0.0,0.0,0.0,0.0,0.0,0.0,0.0,0.0,0.0,0.0,0.0,0.0,0.0,0.0,0.0,0.0,0.0,0.0,0.0,0.0,0.0,0.0,0.0,0.0,0.0,0.0,0.0,0.0,0.0,48.22763443453082,96.4552688690621,144.68290330359284,385.82107547624787,385.82107547624787,916.3250542560885,1446.829033035929,2893.6580660718573,5353.267422232942,11188.811188811189,19194.598504943326,37038.82324571978,57101.519170484666,101760.3086568603,154907.16180371356,255606.46250301416,332095.4907161803,469544.24885459366,593489.2693513383,761128.526645768,851265.9754039063,940583.5543766577,974584.036653002,993875.0904268145,997299.2524716662,999228.3578490474,999662.4065589582,999758.8618278273,1000000.0,0.0,0.0,0.0,0.0,0.0,0.0,0.0,0.0,0.0,0.0,0.0,0.0,0.0,0.0,0.0,0.0,0.0,0.0,0.0,0.0,0.0,0.0,0.0,0.0,0.0,0.0,0.0,0.0,0.0,0.0,0.0,0.0,0.0,0.0,0.0,0.0,0.0,0.0,0.0,0.0,0.0,0.0,0.0,0.0,0.0,0.0,0.0,0.0,0.0,0.0,0.0,0.0,0.0,0.0,0.0,0.0,0.0,0.0,0.0,0.0,0.0,0.0,0.0,1000000.0
FLINT,MAGNUM03,F,na,na,na,na,2025_03_11-15_02_56,na,4,45,Yes,1,na,48.22763443453082,434.0487099108167,1832.6501085121924,13.5,41.0,62.0,,,,48.22763443453082,626.959247648941,1832.6501085121924,13.5,41.0,62.0,32.0,20.0,11.0,27.0,16.0,9.0,20.0,10.0,7.0,17.0,8.0,6.0,13.0,5.0,0.0,10.0,-1.0,0.0,11.0,3.0,0.0,0.0,32.0,32.0,52.0,52.0,63.0,2.0,29.0,34.0,50.0,54.0,63.0,5.0,25.0,37.0,47.0,56.0,63.0,6.0,23.0,38.0,46.0,57.0,63.0,7.0,20.0,39.0,44.0,63.0,63.0,8.0,18.0,42.0,41.0,63.0,63.0,8.0,19.0,40.0,43.0,63.0,63.0,14.0,0.0,51.0,12.0,63.0,35.0,63.0,63.0,1.3147099828520439,2.8926966421343008,2.3903547295946654,0.0,30.0,160.0,756739.8119122257,820014.4682903303,893850.9766095973,934410.4171690379,976320.2314926452,991608.3916083915,998215.5775259222,999324.8131179166,999903.5447311308,999951.7723655654,999951.7723655654,999951.7723655654,1000000.0,1000000.0,1000000.0,1000000.0,1000000.0,1000000.0,1000000.0,1000000.0,1000000.0,1000000.0,1000000.0,1000000.0,1000000.0,1000000.0,1000000.0,1000000.0,1000000.0,1000000.0,1000000.0,1000000.0,1000000.0,1000000.0,1000000.0,1000000.0,1000000.0,1000000.0,1000000.0,1000000.0,1000000.0,1000000.0,1000000.0,1000000.0,1000000.0,1000000.0,1000000.0,1000000.0,1000000.0,1000000.0,1000000.0,1000000.0,1000000.0,1000000.0,1000000.0,1000000.0,1000000.0,1000000.0,1000000.0,1000000.0,1000000.0,1000000.0,1000000.0,1000000.0,0.0,0.0,0.0,0.0,0.0,0.0,0.0,0.0,0.0,0.0,0.0,0.0,48.22763443453082,96.4552688690621,96.4552688690621,96.4552688690621,96.4552688690621,96.4552688690621,385.82107547624787,964.5526886906189,1543.2843019049903,2556.0646250301406,5690.860863274664,9452.616349168073,17217.265493127543,27682.662165420767,51844.70701712074,83964.31155051853,141982.1557752592,209259.70581142994,322257.05329153605,364986.73740053043,631058.5965758379,745213.4072823727,867422.2329394743,929732.3366288883,971883.2891246683,988473.595370147,996527.6103207137,998842.5367735712,999565.9512900892,999710.6341933928,999903.5447311308,999903.5447311308,999903.5447311308,999951.7723655654,999951.7723655654,999951.7723655654,999951.7723655654,999951.7723655654,999951.7723655654,1000000.0,1000000.0,1000000.0,1000000.0,1000000.0,1000000.0,1000000.0,1000000.0,1000000.0,1000000.0,1000000.0,1000000.0,1000000.0,0.0,0.0,0.0,0.0,0.0,0.0,0.0,0.0,0.0,0.0,0.0,0.0,0.0,0.0,0.0,0.0,0.0,0.0,0.0,0.0,0.0,0.0,0.0,0.0,0.0,0.0,0.0,0.0,0.0,0.0,0.0,0.0,0.0,0.0,0.0,48.22763443453082,48.22763443453082,48.22763443453082,48.22763443453082,48.22763443453082,96.4552688690621,241.13817217265407,530.5039787798403,964.5526886906189,2363.1540872920177,5690.860863274664,17747.769471907395,32408.970340004777,82276.34434530995,150904.2681456475,281938.7509042681,409115.02290812635,580516.0356884494,724475.5244755244,887388.4735953701,948444.6587894864,987267.9045092838,995273.6918254159,997877.9840848806,998070.8946226187,998119.1222570533,998167.3498914879,998312.0327947914,1000000.0,0.0,0.0,0.0,0.0,0.0,0.0,0.0,0.0,0.0,0.0,0.0,0.0,0.0,0.0,0.0,0.0,0.0,0.0,0.0,0.0,0.0,0.0,0.0,0.0,0.0,0.0,0.0,0.0,0.0,0.0,0.0,0.0,0.0,0.0,0.0,0.0,0.0,0.0,0.0,0.0,0.0,0.0,0.0,0.0,0.0,0.0,0.0,0.0,0.0,0.0,0.0,0.0,0.0,0.0,0.0,0.0,0.0,0.0,0.0,0.0,0.0,0.0,0.0,1000000.0
FLINT,MAGNUM03,F,na,na,na,na,2025_03_11-15_02_56,na,4,46,Yes,1,na,192.91053773812425,2556.0646250301406,0.0,10.0,41.0,0.0,,,,192.91053773812425,3954.666023631625,0.0,10.0,41.0,0.0,32.0,20.0,11.0,28.0,14.0,9.0,22.0,8.0,6.0,17.0,4.0,5.0,10.0,-1.0,3.0,3.0,-6.0,0.0,8.0,-3.0,0.0,0.0,32.0,32.0,52.0,52.0,63.0,0.0,28.0,34.0,48.0,54.0,63.0,2.0,24.0,37.0,45.0,57.0,63.0,4.0,21.0,39.0,43.0,58.0,63.0,6.0,16.0,41.0,40.0,60.0,63.0,8.0,11.0,44.0,38.0,63.0,63.0,6.0,14.0,42.0,39.0,63.0,63.0,11.0,0.0,50.0,7.0,63.0,36.0,63.0,0.0,0.6393003896631839,3.359663259157251,2.934868201000009,0.4374894505865458,30.0,160.0,949312.756209308,963877.5018085362,979744.393537497,987701.9532191945,995370.147094285,998167.3498914879,999565.9512900892,999710.6341933928,999951.7723655654,1000000.0,1000000.0,1000000.0,1000000.0,1000000.0,1000000.0,1000000.0,1000000.0,1000000.0,1000000.0,1000000.0,1000000.0,1000000.0,1000000.0,1000000.0,1000000.0,1000000.0,1000000.0,1000000.0,1000000.0,1000000.0,1000000.0,1000000.0,1000000.0,1000000.0,1000000.0,1000000.0,1000000.0,1000000.0,1000000.0,1000000.0,1000000.0,1000000.0,1000000.0,1000000.0,1000000.0,1000000.0,1000000.0,1000000.0,1000000.0,1000000.0,1000000.0,1000000.0,1000000.0,1000000.0,1000000.0,1000000.0,1000000.0,1000000.0,1000000.0,1000000.0,1000000.0,1000000.0,1000000.0,1000000.0,0.0,0.0,0.0,0.0,0.0,0.0,0.0,48.22763443453082,96.4552688690621,96.4552688690621,96.4552688690621,241.13817217265407,241.13817217265407,337.59344104171646,723.414516517964,819.8697853870253,1543.2843019049903,1832.650108512174,2845.4304316373314,4051.121292500604,5980.226669881832,9886.665059078852,15625.753556788046,21509.52495780081,34386.30335182058,50735.4714251266,82613.93778635157,115746.32264287426,173667.71159874604,240945.2616349168,345647.45599228353,395611.28526645765,627972.0279720279,740101.2780323125,855847.600675187,915505.1844707016,961128.526645768,980612.4909573185,992235.3508560404,996190.0168796721,998601.3986013986,999324.8131179166,999758.8618278273,999807.0894622619,999903.5447311308,1000000.0,1000000.0,1000000.0,1000000.0,1000000.0,1000000.0,1000000.0,1000000.0,1000000.0,1000000.0,1000000.0,1000000.0,1000000.0,1000000.0,1000000.0,1000000.0,1000000.0,1000000.0,1000000.0,0.0,0.0,0.0,0.0,0.0,0.0,0.0,0.0,0.0,0.0,0.0,0.0,0.0,0.0,0.0,0.0,0.0,0.0,0.0,0.0,0.0,0.0,0.0,0.0,0.0,0.0,0.0,0.0,0.0,0.0,0.0,0.0,0.0,0.0,0.0,0.0,48.22763443453082,96.4552688690621,337.59344104171646,771.6421509524955,1639.7395707740552,2604.2922594646707,5931.999035447306,10561.851941162287,18181.818181818162,30528.092597058127,60188.087774294625,90860.86327465637,161562.57535567885,241379.31034482757,372703.15891005547,488111.8881118881,637472.8719556305,758090.1856763925,884880.6366047744,936291.2949119845,976898.9631058596,990643.8389197009,997009.886665059,998553.1709669641,998842.5367735712,998987.2196768748,999276.585483482,1000000.0,48.22763443453082,48.22763443453082,48.22763443453082,48.22763443453082,48.22763443453082,48.22763443453082,48.22763443453082,48.22763443453082,48.22763443453082,48.22763443453082,48.22763443453082,48.22763443453082,48.22763443453082,48.22763443453082,48.22763443453082,48.22763443453082,48.22763443453082,48.22763443453082,48.22763443453082,48.22763443453082,48.22763443453082,48.22763443453082,48.22763443453082,48.22763443453082,48.22763443453082,48.22763443453082,48.22763443453082,48.22763443453082,48.22763443453082,48.22763443453082,48.22763443453082,48.22763443453082,48.22763443453082,48.22763443453082,48.22763443453082,48.22763443453082,48.22763443453082,48.22763443453082,48.22763443453082,48.22763443453082,48.22763443453082,48.22763443453082,48.22763443453082,48.22763443453082,48.22763443453082,48.22763443453082,48.22763443453082,48.22763443453082,48.22763443453082,48.22763443453082,48.22763443453082,48.22763443453082,48.22763443453082,48.22763443453082,48.22763443453082,48.22763443453082,48.22763443453082,48.22763443453082,48.22763443453082,48.22763443453082,48.22763443453082,48.22763443453082,48.22763443453082,1000000.0
FLINT,MAGNUM03,F,na,na,na,na,2025_03_11-15_02_56,na,4,47,Yes,1,na,0.0,1350.373764166866,0.0,9.0,40.0,30.5,,,,0.0,2073.788280684924,0.0,9.0,40.0,30.5,30.0,20.0,13.0,27.0,15.0,10.0,22.0,9.0,8.0,18.0,6.0,7.0,15.0,1.0,6.0,10.0,-3.0,4.0,12.0,-1.0,5.0,0.0,30.0,30.0,50.0,50.0,63.0,0.0,27.0,33.0,48.0,53.0,63.0,0.0,22.0,36.0,45.0,55.0,63.0,2.0,20.0,37.0,43.0,56.0,63.0,3.0,18.0,39.0,40.0,57.0,63.0,4.0,14.0,41.0,38.0,59.0,63.0,4.0,16.0,40.0,39.0,58.0,63.0,7.0,0.0,43.0,11.0,61.0,35.0,63.0,0.0,0.25127205524610063,3.1769883654620323,2.4960398261264145,0.43754422556097095,30.0,160.0,982300.4581625271,990836.7494574391,998022.6669881842,999180.1302146129,999903.5447311308,1000000.0,1000000.0,1000000.0,1000000.0,1000000.0,1000000.0,1000000.0,1000000.0,1000000.0,1000000.0,1000000.0,1000000.0,1000000.0,1000000.0,1000000.0,1000000.0,1000000.0,1000000.0,1000000.0,1000000.0,1000000.0,1000000.0,1000000.0,1000000.0,1000000.0,1000000.0,1000000.0,1000000.0,1000000.0,1000000.0,1000000.0,1000000.0,1000000.0,1000000.0,1000000.0,1000000.0,1000000.0,1000000.0,1000000.0,1000000.0,1000000.0,1000000.0,1000000.0,1000000.0,1000000.0,1000000.0,1000000.0,1000000.0,1000000.0,1000000.0,1000000.0,1000000.0,1000000.0,1000000.0,1000000.0,1000000.0,1000000.0,1000000.0,1000000.0,0.0,0.0,0.0,0.0,0.0,0.0,0.0,0.0,0.0,0.0,0.0,48.22763443453082,192.91053773812425,192.91053773812425,385.82107547624787,482.27634434531,916.3250542560885,1302.1461297323344,2893.6580660718573,5160.356884494808,8825.657101519182,13696.648179406795,23052.809259705788,32408.970340004777,51892.93465155528,78996.8652037617,135567.88039546675,196479.3826862792,294285.02531950804,404292.25946467323,557752.5922353507,617024.3549553894,826621.654207861,893609.8384374246,954280.2025560646,975789.7275138653,989823.9691343139,994646.732577767,998215.5775259222,998987.2196768748,999758.8618278273,1000000.0,1000000.0,1000000.0,1000000.0,1000000.0,1000000.0,1000000.0,1000000.0,1000000.0,1000000.0,1000000.0,1000000.0,1000000.0,1000000.0,1000000.0,1000000.0,1000000.0,1000000.0,1000000.0,1000000.0,1000000.0,1000000.0,1000000.0,0.0,0.0,0.0,0.0,0.0,0.0,0.0,0.0,0.0,0.0,0.0,0.0,0.0,0.0,0.0,0.0,0.0,0.0,0.0,0.0,0.0,0.0,0.0,0.0,0.0,0.0,0.0,0.0,0.0,0.0,0.0,0.0,0.0,0.0,0.0,48.22763443453082,48.22763443453082,96.4552688690621,385.82107547624787,578.7316132143711,1398.601398601398,1880.8777429467057,4244.031830238725,7089.462261876058,14998.794309139143,27055.70291777187,59416.44562334221,99927.65854834829,195900.6510730648,309524.9578008198,505425.60887388466,639112.6115264046,788907.6440800577,883916.0839160839,961417.8924523751,983747.2871955631,996479.3826862792,999083.6749457439,999855.3170966964,1000000.0,1000000.0,1000000.0,1000000.0,1000000.0,48.22763443453082,48.22763443453082,48.22763443453082,48.22763443453082,48.22763443453082,48.22763443453082,48.22763443453082,48.22763443453082,48.22763443453082,48.22763443453082,48.22763443453082,48.22763443453082,48.22763443453082,48.22763443453082,48.22763443453082,48.22763443453082,48.22763443453082,48.22763443453082,48.22763443453082,48.22763443453082,48.22763443453082,48.22763443453082,48.22763443453082,48.22763443453082,48.22763443453082,48.22763443453082,48.22763443453082,48.22763443453082,48.22763443453082,48.22763443453082,48.22763443453082,48.22763443453082,48.22763443453082,48.22763443453082,48.22763443453082,48.22763443453082,48.22763443453082,48.22763443453082,48.22763443453082,48.22763443453082,48.22763443453082,48.22763443453082,48.22763443453082,48.22763443453082,48.22763443453082,48.22763443453082,48.22763443453082,48.22763443453082,48.22763443453082,48.22763443453082,48.22763443453082,48.22763443453082,48.22763443453082,48.22763443453082,48.22763443453082,48.22763443453082,48.22763443453082,48.22763443453082,48.22763443453082,48.22763443453082,48.22763443453082,48.22763443453082,96.4552688690621,1000000.0
FLINT,MAGNUM03,F,na,na,na,na,2025_03_11-15_02_56,na,4,48,Yes,1,na,0.0,241.13817217274982,0.0,10.0,40.0,59.0,,,,0.0,337.5934410418119,0.0,10.0,40.0,59.0,30.0,20.0,13.0,27.0,16.0,11.0,24.0,10.0,9.0,22.0,8.0,8.0,19.0,4.0,7.0,15.0,0.0,5.0,17.0,2.0,5.0,0.0,30.0,30.0,50.0,50.0,63.0,0.0,27.0,32.0,48.0,52.0,63.0,0.0,24.0,35.0,45.0,54.0,63.0,0.0,22.0,36.0,44.0,55.0,63.0,1.0,20.0,38.0,42.0,56.0,63.0,2.0,17.0,41.0,41.0,57.0,62.0,1.0,18.0,39.0,41.0,57.0,62.0,4.0,0.0,43.0,16.0,60.0,39.0,63.0,59.0,0.06168872830321807,2.7528334816462485,2.098015167837385,0.049086068274716926,30.0,160.0,998601.3986013986,999614.1789245236,999903.5447311308,1000000.0,1000000.0,1000000.0,1000000.0,1000000.0,1000000.0,1000000.0,1000000.0,1000000.0,1000000.0,1000000.0,1000000.0,1000000.0,1000000.0,1000000.0,1000000.0,1000000.0,1000000.0,1000000.0,1000000.0,1000000.0,1000000.0,1000000.0,1000000.0,1000000.0,1000000.0,1000000.0,1000000.0,1000000.0,1000000.0,1000000.0,1000000.0,1000000.0,1000000.0,1000000.0,1000000.0,1000000.0,1000000.0,1000000.0,1000000.0,1000000.0,1000000.0,1000000.0,1000000.0,1000000.0,1000000.0,1000000.0,1000000.0,1000000.0,1000000.0,1000000.0,1000000.0,1000000.0,1000000.0,1000000.0,1000000.0,1000000.0,1000000.0,1000000.0,1000000.0,1000000.0,0.0,0.0,0.0,0.0,0.0,0.0,0.0,0.0,0.0,0.0,0.0,0.0,0.0,0.0,0.0,0.0,48.22763443453082,241.13817217265407,723.414516517964,1205.690860863273,2845.4304316373314,5401.495056667472,11912.225705329136,19773.330118157683,39064.38389197007,66071.8591753075,126404.62985290568,185242.34386303357,318447.0701712081,447697.1304557511,626766.3371111647,733204.7263081745,878900.4099348924,930311.0682421026,969471.9074029418,985049.4333252953,995080.7812876777,998070.8946226187,999469.4960212201,999758.8618278273,999855.3170966964,999951.7723655654,1000000.0,1000000.0,1000000.0,1000000.0,1000000.0,1000000.0,1000000.0,1000000.0,1000000.0,1000000.0,1000000.0,1000000.0,1000000.0,1000000.0,1000000.0,1000000.0,1000000.0,1000000.0,1000000.0,1000000.0,1000000.0,1000000.0,0.0,0.0,0.0,0.0,0.0,0.0,0.0,0.0,0.0,0.0,0.0,0.0,0.0,0.0,0.0,0.0,0.0,0.0,0.0,0.0,0.0,0.0,0.0,0.0,0.0,0.0,0.0,0.0,0.0,0.0,0.0,0.0,0.0,0.0,0.0,0.0,0.0,0.0,0.0,48.22763443453082,144.68290330359284,675.1868820834334,2314.926452857486,4533.397636845913,11285.266457680242,24547.86592717626,69158.4277791174,137111.16469737166,290137.4487581384,465589.58283096214,712418.6158668917,818905.2326983361,925198.9389920424,964022.1847118399,989438.1480588376,995900.6510730648,999373.040752351,999951.7723655654,1000000.0,1000000.0,1000000.0,1000000.0,1000000.0,1000000.0,0.0,0.0,0.0,0.0,0.0,0.0,0.0,0.0,0.0,0.0,0.0,0.0,0.0,0.0,0.0,0.0,0.0,0.0,0.0,0.0,0.0,0.0,0.0,0.0,0.0,0.0,0.0,0.0,0.0,0.0,0.0,0.0,0.0,0.0,0.0,0.0,0.0,0.0,0.0,0.0,0.0,0.0,0.0,0.0,0.0,0.0,0.0,0.0,0.0,0.0,0.0,0.0,0.0,0.0,0.0,0.0,0.0,0.0,0.0,48.22763443453082,96.4552688690621,192.91053773812425,1012.7803231251486,1000000.0
FLINT,MAGNUM03,F,na,na,na,na,2025_03_11-15_02_56,na,4,49,Yes,1,na,192.91053773812425,4340.487099107789,530.5039787798496,10.0,41.0,62.0,,,,289.36580660718624,7619.9662406559255,530.5039787798496,10.0,41.0,62.0,32.0,19.0,12.0,28.0,13.0,9.0,20.0,6.0,6.0,15.0,2.0,5.0,9.0,-2.0,3.0,1.0,-7.0,0.0,6.0,-5.0,1.0,0.0,32.0,32.0,51.0,51.0,63.0,0.0,28.0,35.0,48.0,54.0,63.0,3.0,23.0,38.0,44.0,57.0,63.0,5.0,20.0,40.0,42.0,58.0,63.0,7.0,16.0,41.0,39.0,60.0,63.0,9.0,10.0,43.0,36.0,63.0,63.0,8.0,14.0,43.0,38.0,62.0,63.0,12.0,0.0,46.0,6.0,63.0,32.0,63.0,63.0,0.8374283160468283,3.604191622932282,3.067094497366899,0.0,30.0,160.0,921726.549312756,943187.8466361224,967301.6638533879,977477.694719074,991415.4810706534,995370.147094285,998360.2604292259,999276.585483482,999758.8618278273,999903.5447311308,999951.7723655654,1000000.0,1000000.0,1000000.0,1000000.0,1000000.0,1000000.0,1000000.0,1000000.0,1000000.0,1000000.0,1000000.0,1000000.0,1000000.0,1000000.0,1000000.0,1000000.0,1000000.0,1000000.0,1000000.0,1000000.0,1000000.0,1000000.0,1000000.0,1000000.0,1000000.0,1000000.0,1000000.0,1000000.0,1000000.0,1000000.0,1000000.0,1000000.0,1000000.0,1000000.0,1000000.0,1000000.0,1000000.0,1000000.0,1000000.0,1000000.0,1000000.0,1000000.0,1000000.0,1000000.0,1000000.0,1000000.0,1000000.0,1000000.0,1000000.0,1000000.0,1000000.0,1000000.0,1000000.0,0.0,0.0,0.0,0.0,0.0,0.0,48.22763443453082,96.4552688690621,96.4552688690621,96.4552688690621,241.13817217265407,289.36580660718624,337.59344104171646,482.27634434531,819.8697853870253,1253.9184952978064,1929.1053773812387,3086.56860380998,4822.763443453095,6221.364842054485,9163.250542560887,12876.778394019768,19966.24065589584,26621.654207861102,41282.85507595855,58693.03110682416,90233.90402700753,122691.10200144678,183506.1490233903,247070.17120810226,347383.6508319267,400241.1381721726,622377.6223776224,728574.8734024595,839016.1562575356,894477.9358572462,945020.4967446346,968314.4441765131,986351.5794550277,992765.8548348203,996720.5208584518,998794.3091391367,999517.7236556546,999903.5447311308,1000000.0,1000000.0,1000000.0,1000000.0,1000000.0,1000000.0,1000000.0,1000000.0,1000000.0,1000000.0,1000000.0,1000000.0,1000000.0,1000000.0,1000000.0,1000000.0,1000000.0,1000000.0,1000000.0,1000000.0,0.0,0.0,0.0,0.0,0.0,0.0,0.0,0.0,0.0,0.0,0.0,0.0,0.0,0.0,0.0,0.0,0.0,0.0,0.0,0.0,0.0,0.0,0.0,0.0,0.0,0.0,0.0,0.0,0.0,0.0,0.0,0.0,48.22763443453082,96.4552688690621,144.68290330359284,192.91053773812425,337.59344104171646,482.27634434531,964.5526886906189,1446.829033035929,2700.747528333735,4388.714733542319,8680.97419821557,13069.688931757892,25850.012056908607,41234.627441524026,75331.56498673736,112032.79479141554,195032.5536532433,279623.8244514106,415963.34699782974,518013.02146129723,672003.8582107547,781094.767301664,894188.5700506389,940149.505666747,975886.1827827344,989341.6927899687,997058.1142994935,998649.626235833,999276.585483482,999469.4960212201,999710.6341933928,1000000.0,0.0,0.0,0.0,0.0,0.0,0.0,0.0,0.0,0.0,0.0,0.0,0.0,0.0,0.0,0.0,0.0,0.0,0.0,0.0,0.0,0.0,0.0,0.0,0.0,0.0,0.0,0.0,0.0,0.0,0.0,0.0,0.0,0.0,0.0,0.0,0.0,0.0,0.0,0.0,0.0,0.0,0.0,0.0,0.0,0.0,0.0,0.0,0.0,0.0,0.0,0.0,0.0,0.0,0.0,0.0,0.0,0.0,0.0,0.0,0.0,0.0,0.0,0.0,1000000.0
FLINT,MAGNUM03,F,na,na,na,na,2025_03_11-15_02_56,na,4,50,Yes,1,na,0.0,916.3250542560885,48.22763443457198,8.5,41.0,62.0,,,,0.0,1398.601398601477,48.22763443457198,8.5,41.0,62.0,32.0,20.0,11.0,28.0,15.0,9.0,22.0,10.0,7.0,17.0,6.0,6.0,11.0,2.0,4.0,7.0,-3.0,2.0,9.0,-1.0,3.0,0.0,32.0,32.0,52.0,52.0,63.0,0.0,28.0,34.0,49.0,54.0,63.0,2.0,24.0,36.0,46.0,56.0,63.0,4.0,21.0,38.0,44.0,57.0,63.0,6.0,17.0,40.0,42.0,59.0,63.0,7.0,14.0,42.0,39.0,61.0,63.0,6.0,15.0,41.0,40.0,60.0,63.0,8.0,0.0,43.0,9.0,63.0,37.0,63.0,63.0,0.6046308109515988,3.0534778541544876,2.5064318102686727,0.0,30.0,160.0,951097.1786833855,966047.7453580903,981914.6370870508,988232.4571979743,996190.0168796721,998649.626235833,999758.8618278273,999951.7723655654,1000000.0,1000000.0,1000000.0,1000000.0,1000000.0,1000000.0,1000000.0,1000000.0,1000000.0,1000000.0,1000000.0,1000000.0,1000000.0,1000000.0,1000000.0,1000000.0,1000000.0,1000000.0,1000000.0,1000000.0,1000000.0,1000000.0,1000000.0,1000000.0,1000000.0,1000000.0,1000000.0,1000000.0,1000000.0,1000000.0,1000000.0,1000000.0,1000000.0,1000000.0,1000000.0,1000000.0,1000000.0,1000000.0,1000000.0,1000000.0,1000000.0,1000000.0,1000000.0,1000000.0,1000000.0,1000000.0,1000000.0,1000000.0,1000000.0,1000000.0,1000000.0,1000000.0,1000000.0,1000000.0,1000000.0,1000000.0,0.0,0.0,0.0,0.0,0.0,0.0,0.0,0.0,0.0,48.22763443453082,96.4552688690621,144.68290330359284,144.68290330359284,192.91053773812425,385.82107547624787,675.1868820834334,1205.690860863273,1639.7395707740552,2266.6988184229576,3279.479141548107,4581.625271280436,6848.3240897033975,12346.274415239926,18230.045816252703,29852.905714974695,45478.65927176273,75283.33735230277,110007.23414516528,185387.0267663371,267566.9158427779,401929.1053773812,465686.03809983114,716035.6884494815,817699.5418374728,909283.8196286471,948782.252230528,977911.7434289848,989486.3756932722,996141.7892452375,998408.4880636605,999517.7236556546,999807.0894622619,1000000.0,1000000.0,1000000.0,1000000.0,1000000.0,1000000.0,1000000.0,1000000.0,1000000.0,1000000.0,1000000.0,1000000.0,1000000.0,1000000.0,1000000.0,1000000.0,1000000.0,1000000.0,1000000.0,1000000.0,1000000.0,1000000.0,0.0,0.0,0.0,0.0,0.0,0.0,0.0,0.0,0.0,0.0,0.0,0.0,0.0,0.0,0.0,0.0,0.0,0.0,0.0,0.0,0.0,0.0,0.0,0.0,0.0,0.0,0.0,0.0,0.0,0.0,0.0,0.0,0.0,0.0,0.0,0.0,0.0,48.22763443453082,96.4552688690621,241.13817217265407,578.7316132143711,964.5526886906189,2073.7882806848356,3761.755485893413,7619.966240655894,14082.469254883039,29659.99517723655,49770.918736435924,101422.71521581864,172751.38654448997,303785.8693031107,417217.2654931275,605497.9503255365,752736.9182541596,896937.5452134071,948107.0653484446,985242.3438630335,994743.187846636,998649.626235833,999469.4960212201,999710.6341933928,999951.7723655654,1000000.0,1000000.0,0.0,0.0,0.0,0.0,0.0,0.0,0.0,0.0,0.0,0.0,0.0,0.0,0.0,0.0,0.0,0.0,0.0,0.0,0.0,0.0,0.0,0.0,0.0,0.0,0.0,0.0,0.0,0.0,0.0,0.0,0.0,0.0,0.0,0.0,0.0,0.0,0.0,0.0,0.0,0.0,0.0,0.0,0.0,0.0,0.0,0.0,0.0,0.0,0.0,0.0,0.0,0.0,0.0,0.0,0.0,0.0,0.0,0.0,0.0,0.0,0.0,0.0,0.0,1000000.0
FLINT,MAGNUM03,F,na,na,na,na,2025_03_11-15_02_56,na,4,51,Yes,1,na,192.91053773812425,1880.8777429467623,771.6421509525992,10.5,41.0,62.0,,,,192.91053773812425,3617.0725825898744,771.6421509525992,10.5,41.0,62.0,32.0,20.0,11.0,29.0,15.0,9.0,20.0,8.0,7.0,17.0,5.0,5.0,11.0,0.0,3.0,1.0,-6.0,0.0,6.0,-4.0,0.0,0.0,32.0,32.0,52.0,52.0,63.0,0.0,29.0,34.0,49.0,54.0,63.0,4.0,24.0,38.0,46.0,56.0,63.0,5.0,22.0,39.0,44.0,58.0,63.0,7.0,18.0,41.0,41.0,60.0,63.0,10.0,11.0,43.0,37.0,63.0,63.0,8.0,14.0,42.0,38.0,63.0,63.0,10.0,0.0,59.0,2.0,63.0,32.0,63.0,63.0,1.0417642279254773,3.2392730037273774,2.7744214584321223,0.0,30.0,160.0,865348.4446587894,904075.2351097177,942609.1150229082,961659.0306245479,986882.0834338076,994743.187846636,998167.3498914879,998987.2196768748,999614.1789245236,999855.3170966964,1000000.0,1000000.0,1000000.0,1000000.0,1000000.0,1000000.0,1000000.0,1000000.0,1000000.0,1000000.0,1000000.0,1000000.0,1000000.0,1000000.0,1000000.0,1000000.0,1000000.0,1000000.0,1000000.0,1000000.0,1000000.0,1000000.0,1000000.0,1000000.0,1000000.0,1000000.0,1000000.0,1000000.0,1000000.0,1000000.0,1000000.0,1000000.0,1000000.0,1000000.0,1000000.0,1000000.0,1000000.0,1000000.0,1000000.0,1000000.0,1000000.0,1000000.0,1000000.0,1000000.0,1000000.0,1000000.0,1000000.0,1000000.0,1000000.0,1000000.0,1000000.0,1000000.0,1000000.0,1000000.0,0.0,0.0,48.22763443453082,48.22763443453082,48.22763443453082,48.22763443453082,48.22763443453082,48.22763443453082,96.4552688690621,192.91053773812425,192.91053773812425,241.13817217265407,434.04870991077877,530.5039787798403,578.7316132143711,868.0974198215577,1012.7803231251486,1302.1461297323344,2025.5606462503029,2700.747528333735,4195.804195804195,5980.226669881832,10899.44538220399,15818.664094526175,25994.694960212186,39739.57077405354,67808.05401495053,95635.39908367491,150759.58524234395,214130.69688931757,315987.46081504703,376947.1907402942,604292.2594646732,720231.4926452858,844851.7000241138,904316.3732818905,955100.0723414515,976898.9631058596,991415.4810706534,995563.0576320231,998119.1222570533,999180.1302146129,999662.4065589582,999903.5447311308,999951.7723655654,999951.7723655654,1000000.0,1000000.0,1000000.0,1000000.0,1000000.0,1000000.0,1000000.0,1000000.0,1000000.0,1000000.0,1000000.0,1000000.0,1000000.0,1000000.0,1000000.0,1000000.0,1000000.0,1000000.0,0.0,0.0,0.0,0.0,0.0,0.0,0.0,0.0,0.0,0.0,0.0,0.0,0.0,0.0,0.0,0.0,0.0,0.0,0.0,0.0,0.0,0.0,0.0,0.0,0.0,0.0,0.0,0.0,0.0,0.0,0.0,0.0,48.22763443453082,48.22763443453082,96.4552688690621,144.68290330359284,192.91053773812425,289.36580660718624,578.7316132143711,771.6421509524955,1109.2355919942117,1784.4224740776426,3665.3002170243526,5546.177959971061,10320.71376898964,20014.468290330373,43694.23679768507,71232.21605980226,126693.99565951289,201929.10537738123,334892.69351338316,432891.2466843501,597974.4393537497,732095.4907161803,874174.1017603086,936580.6607185917,978586.9303110682,991319.0258017844,997492.1630094043,998697.8538702676,999131.9025801783,999228.3578490474,999324.8131179166,1000000.0,0.0,0.0,0.0,0.0,0.0,0.0,0.0,0.0,0.0,0.0,0.0,0.0,0.0,0.0,0.0,0.0,0.0,0.0,0.0,0.0,0.0,0.0,0.0,0.0,0.0,0.0,0.0,0.0,0.0,0.0,0.0,0.0,0.0,0.0,0.0,0.0,0.0,0.0,0.0,0.0,0.0,0.0,0.0,0.0,0.0,0.0,0.0,0.0,0.0,0.0,0.0,0.0,0.0,0.0,0.0,0.0,0.0,0.0,0.0,0.0,0.0,0.0,0.0,1000000.0
FLINT,MAGNUM03,F,na,na,na,na,2025_03_11-15_02_56,na,4,52,Yes,1,na,0.0,385.8210754763569,0.0,11.0,41.0,0.0,,,,0.0,530.5039787799498,0.0,11.0,41.0,0.0,32.0,20.0,11.0,28.0,15.0,9.0,20.0,10.0,7.0,17.0,7.0,6.0,13.0,4.0,5.0,8.0,0.0,3.0,11.0,3.0,5.0,0.0,32.0,32.0,52.0,52.0,63.0,0.0,28.0,34.0,49.0,54.0,63.0,4.0,24.0,36.0,46.0,56.0,63.0,5.0,22.0,38.0,45.0,57.0,63.0,6.0,19.0,39.0,43.0,58.0,63.0,8.0,16.0,42.0,42.0,60.0,63.0,6.0,17.0,40.0,43.0,58.0,63.0,12.0,0.0,46.0,11.0,63.0,36.0,63.0,0.0,1.0253198691416803,2.890633513838247,2.3687736245928104,0.4374894505865458,30.0,160.0,844755.2447552447,889848.0829515312,939763.6845912706,963491.68073306,989148.7822522304,996672.2932240173,999565.9512900892,999807.0894622619,999951.7723655654,999951.7723655654,1000000.0,1000000.0,1000000.0,1000000.0,1000000.0,1000000.0,1000000.0,1000000.0,1000000.0,1000000.0,1000000.0,1000000.0,1000000.0,1000000.0,1000000.0,1000000.0,1000000.0,1000000.0,1000000.0,1000000.0,1000000.0,1000000.0,1000000.0,1000000.0,1000000.0,1000000.0,1000000.0,1000000.0,1000000.0,1000000.0,1000000.0,1000000.0,1000000.0,1000000.0,1000000.0,1000000.0,1000000.0,1000000.0,1000000.0,1000000.0,1000000.0,1000000.0,1000000.0,1000000.0,1000000.0,1000000.0,1000000.0,1000000.0,1000000.0,1000000.0,1000000.0,1000000.0,1000000.0,1000000.0,0.0,0.0,0.0,0.0,0.0,0.0,0.0,0.0,0.0,0.0,0.0,48.22763443453082,96.4552688690621,96.4552688690621,144.68290330359284,192.91053773812425,337.59344104171646,578.7316132143711,1061.0079575596806,1687.967205208584,3134.7962382445157,4485.170002411382,8343.380757173849,13455.510007234145,23004.581625271243,37714.01012780322,67711.59874608151,106775.9826380516,183795.51482999756,276778.3940197733,416734.9891487822,472003.85821075476,729057.1497468051,827345.0687243791,916566.1924282613,956788.0395466601,984663.6122498191,993103.448275862,997395.7077405354,998938.9920424403,999614.1789245236,999807.0894622619,1000000.0,1000000.0,1000000.0,1000000.0,1000000.0,1000000.0,1000000.0,1000000.0,1000000.0,1000000.0,1000000.0,1000000.0,1000000.0,1000000.0,1000000.0,1000000.0,1000000.0,1000000.0,1000000.0,1000000.0,1000000.0,1000000.0,0.0,0.0,0.0,0.0,0.0,0.0,0.0,0.0,0.0,0.0,0.0,0.0,0.0,0.0,0.0,0.0,0.0,0.0,0.0,0.0,0.0,0.0,0.0,0.0,0.0,0.0,0.0,0.0,0.0,0.0,0.0,0.0,0.0,0.0,0.0,0.0,48.22763443453082,48.22763443453082,48.22763443453082,48.22763443453082,144.68290330359284,192.91053773812425,482.27634434531,1832.650108512174,5160.356884494808,10561.851941162287,27441.523993248135,49095.731854352576,102724.86134555098,180033.75934410415,325247.166626477,443838.9197009886,644851.7000241138,787026.7663371111,918832.8912466844,965517.2413793103,991415.4810706534,997347.4801061008,999565.9512900892,999855.3170966964,999951.7723655654,999951.7723655654,999951.7723655654,1000000.0,48.22763443453082,48.22763443453082,48.22763443453082,48.22763443453082,48.22763443453082,48.22763443453082,48.22763443453082,48.22763443453082,48.22763443453082,48.22763443453082,48.22763443453082,48.22763443453082,48.22763443453082,48.22763443453082,48.22763443453082,48.22763443453082,48.22763443453082,48.22763443453082,48.22763443453082,48.22763443453082,48.22763443453082,48.22763443453082,48.22763443453082,48.22763443453082,48.22763443453082,48.22763443453082,48.22763443453082,48.22763443453082,48.22763443453082,48.22763443453082,48.22763443453082,48.22763443453082,48.22763443453082,48.22763443453082,48.22763443453082,48.22763443453082,48.22763443453082,48.22763443453082,48.22763443453082,48.22763443453082,48.22763443453082,48.22763443453082,48.22763443453082,48.22763443453082,48.22763443453082,48.22763443453082,48.22763443453082,48.22763443453082,48.22763443453082,48.22763443453082,48.22763443453082,48.22763443453082,48.22763443453082,48.22763443453082,48.22763443453082,48.22763443453082,48.22763443453082,48.22763443453082,48.22763443453082,48.22763443453082,48.22763443453082,48.22763443453082,48.22763443453082,1000000.0
FLINT,MAGNUM03,F,na,na,na,na,2025_03_11-15_02_56,na,4,53,Yes,1,na,0.0,144.68290330359284,0.0,12.5,41.0,0.0,,,,0.0,144.68290330359284,0.0,12.5,41.0,0.0,32.0,20.0,11.0,27.0,16.0,9.0,20.0,11.0,7.0,17.0,7.0,6.0,13.0,5.0,5.0,8.0,0.0,0.0,10.0,2.0,0.0,0.0,32.0,32.0,52.0,52.0,63.0,2.0,29.0,34.0,50.0,54.0,63.0,5.0,25.0,36.0,47.0,56.0,63.0,6.0,23.0,38.0,45.0,57.0,63.0,7.0,20.0,39.0,44.0,58.0,63.0,9.0,17.0,42.0,42.0,63.0,63.0,8.0,18.0,40.0,42.0,63.0,63.0,10.0,0.0,50.0,15.0,63.0,41.0,63.0,0.0,1.3415891173082135,2.7738856392558136,2.2347725949517225,0.4376537390016579,30.0,160.0,736966.481794068,808825.657101519,892307.6923076923,925729.4429708222,974198.2155775258,992621.1719315166,998167.3498914879,999131.9025801783,999855.3170966964,1000000.0,1000000.0,1000000.0,1000000.0,1000000.0,1000000.0,1000000.0,1000000.0,1000000.0,1000000.0,1000000.0,1000000.0,1000000.0,1000000.0,1000000.0,1000000.0,1000000.0,1000000.0,1000000.0,1000000.0,1000000.0,1000000.0,1000000.0,1000000.0,1000000.0,1000000.0,1000000.0,1000000.0,1000000.0,1000000.0,1000000.0,1000000.0,1000000.0,1000000.0,1000000.0,1000000.0,1000000.0,1000000.0,1000000.0,1000000.0,1000000.0,1000000.0,1000000.0,1000000.0,1000000.0,1000000.0,1000000.0,1000000.0,1000000.0,1000000.0,1000000.0,1000000.0,1000000.0,1000000.0,1000000.0,0.0,0.0,0.0,0.0,0.0,0.0,0.0,0.0,0.0,0.0,0.0,0.0,0.0,0.0,0.0,48.22763443453082,192.91053773812425,434.04870991077877,723.414516517964,1012.7803231251486,1880.8777429467057,3279.479141548107,6076.6819387508895,9838.437424644324,17361.948396431144,29467.08463949845,58837.71401012778,92597.05811429946,156643.35664335664,248999.2765854835,382927.417410176,434434.5309862551,700168.7967205208,813117.9165661924,918302.3872679046,957463.2264287436,984615.3846153845,993730.407523511,998167.3498914879,999228.3578490474,999710.6341933928,999710.6341933928,999951.7723655654,999951.7723655654,999951.7723655654,1000000.0,1000000.0,1000000.0,1000000.0,1000000.0,1000000.0,1000000.0,1000000.0,1000000.0,1000000.0,1000000.0,1000000.0,1000000.0,1000000.0,1000000.0,1000000.0,1000000.0,1000000.0,1000000.0,0.0,0.0,0.0,0.0,0.0,0.0,0.0,0.0,0.0,0.0,0.0,0.0,0.0,0.0,0.0,0.0,0.0,0.0,0.0,0.0,0.0,0.0,0.0,0.0,0.0,0.0,0.0,0.0,0.0,0.0,0.0,0.0,0.0,0.0,0.0,0.0,0.0,0.0,0.0,0.0,0.0,192.91053773812425,723.414516517964,1205.690860863273,2893.6580660718573,7330.600434048703,20689.655172413797,37617.55485893416,82662.16542078614,150614.9023390403,297034.0004822764,414227.1521581866,623727.9961417892,790499.1560163973,927851.4588859415,971883.2891246683,992862.3101036893,997733.301181577,998987.2196768748,999276.585483482,999324.8131179166,999421.2683867855,999517.7236556546,1000000.0,48.22763443453082,48.22763443453082,48.22763443453082,48.22763443453082,48.22763443453082,48.22763443453082,48.22763443453082,48.22763443453082,48.22763443453082,48.22763443453082,48.22763443453082,48.22763443453082,48.22763443453082,48.22763443453082,48.22763443453082,48.22763443453082,48.22763443453082,48.22763443453082,48.22763443453082,48.22763443453082,48.22763443453082,48.22763443453082,48.22763443453082,48.22763443453082,48.22763443453082,48.22763443453082,48.22763443453082,48.22763443453082,48.22763443453082,48.22763443453082,48.22763443453082,48.22763443453082,48.22763443453082,48.22763443453082,48.22763443453082,48.22763443453082,48.22763443453082,48.22763443453082,48.22763443453082,48.22763443453082,48.22763443453082,48.22763443453082,48.22763443453082,48.22763443453082,48.22763443453082,48.22763443453082,48.22763443453082,48.22763443453082,48.22763443453082,48.22763443453082,48.22763443453082,48.22763443453082,48.22763443453082,48.22763443453082,48.22763443453082,48.22763443453082,48.22763443453082,48.22763443453082,48.22763443453082,48.22763443453082,48.22763443453082,48.22763443453082,192.91053773812425,1000000.0
FLINT,MAGNUM03,F,na,na,na,na,2025_03_11-15_02_56,na,4,54,Yes,1,na,0.0,964.5526886906189,0.0,9.0,40.0,30.5,,,,0.0,1543.284301905041,0.0,9.0,40.0,30.5,30.0,21.0,12.0,28.0,15.0,10.0,22.0,9.0,7.0,17.0,6.0,6.0,13.0,2.0,5.0,8.0,-3.0,4.0,10.0,0.0,5.0,0.0,30.0,30.0,51.0,51.0,63.0,0.0,28.0,33.0,48.0,53.0,63.0,2.0,24.0,36.0,45.0,56.0,63.0,4.0,21.0,37.0,43.0,57.0,63.0,5.0,18.0,39.0,41.0,58.0,63.0,6.0,14.0,41.0,38.0,59.0,63.0,6.0,16.0,40.0,40.0,58.0,63.0,9.0,0.0,42.0,9.0,61.0,34.0,63.0,0.0,0.5453249239016923,2.990616540262175,2.638844511008588,0.4374894505865458,30.0,160.0,950373.7641668676,968073.3060043404,984904.7504219918,992283.578490475,997685.0735471424,999324.8131179166,999903.5447311308,999951.7723655654,1000000.0,1000000.0,1000000.0,1000000.0,1000000.0,1000000.0,1000000.0,1000000.0,1000000.0,1000000.0,1000000.0,1000000.0,1000000.0,1000000.0,1000000.0,1000000.0,1000000.0,1000000.0,1000000.0,1000000.0,1000000.0,1000000.0,1000000.0,1000000.0,1000000.0,1000000.0,1000000.0,1000000.0,1000000.0,1000000.0,1000000.0,1000000.0,1000000.0,1000000.0,1000000.0,1000000.0,1000000.0,1000000.0,1000000.0,1000000.0,1000000.0,1000000.0,1000000.0,1000000.0,1000000.0,1000000.0,1000000.0,1000000.0,1000000.0,1000000.0,1000000.0,1000000.0,1000000.0,1000000.0,1000000.0,1000000.0,0.0,0.0,0.0,0.0,0.0,0.0,0.0,0.0,0.0,48.22763443453082,48.22763443453082,48.22763443453082,48.22763443453082,192.91053773812425,385.82107547624787,434.04870991077877,675.1868820834334,1253.9184952978064,2122.0159151193625,3327.7067759826386,4726.3081745840345,8246.925488304796,14323.607427055684,22474.077646491416,36460.09163250545,59464.673257776754,104268.14564745601,158138.41331082708,248902.8213166144,367156.98095008434,521388.9558717144,601061.0079575597,803038.3409693755,884108.9944538219,946949.6021220158,972944.2970822281,989197.009886665,995707.7405353268,998649.626235833,999421.2683867855,999855.3170966964,1000000.0,1000000.0,1000000.0,1000000.0,1000000.0,1000000.0,1000000.0,1000000.0,1000000.0,1000000.0,1000000.0,1000000.0,1000000.0,1000000.0,1000000.0,1000000.0,1000000.0,1000000.0,1000000.0,1000000.0,1000000.0,1000000.0,1000000.0,0.0,0.0,0.0,0.0,0.0,0.0,0.0,0.0,0.0,0.0,0.0,0.0,0.0,0.0,0.0,0.0,0.0,0.0,0.0,0.0,0.0,0.0,0.0,0.0,0.0,0.0,0.0,0.0,0.0,0.0,0.0,0.0,0.0,0.0,48.22763443453082,48.22763443453082,48.22763443453082,144.68290330359284,337.59344104171646,530.5039787798403,1012.7803231251486,2122.0159151193625,4485.170002411382,7089.462261876058,15481.070653484428,29033.035929587655,61007.957559681716,98095.00843983609,181673.49891487818,288497.70918736426,455075.95852423436,577381.2394502049,733204.7263081745,846202.0737882805,940824.6925488304,975210.995900651,992958.7653725585,997636.845912708,999710.6341933928,999903.5447311308,1000000.0,1000000.0,1000000.0,1000000.0,48.22763443453082,48.22763443453082,48.22763443453082,48.22763443453082,48.22763443453082,48.22763443453082,48.22763443453082,48.22763443453082,48.22763443453082,48.22763443453082,48.22763443453082,48.22763443453082,48.22763443453082,48.22763443453082,48.22763443453082,48.22763443453082,48.22763443453082,48.22763443453082,48.22763443453082,48.22763443453082,48.22763443453082,48.22763443453082,48.22763443453082,48.22763443453082,48.22763443453082,48.22763443453082,48.22763443453082,48.22763443453082,48.22763443453082,48.22763443453082,48.22763443453082,48.22763443453082,48.22763443453082,48.22763443453082,48.22763443453082,48.22763443453082,48.22763443453082,48.22763443453082,48.22763443453082,48.22763443453082,48.22763443453082,48.22763443453082,48.22763443453082,48.22763443453082,48.22763443453082,48.22763443453082,48.22763443453082,48.22763443453082,48.22763443453082,48.22763443453082,48.22763443453082,48.22763443453082,48.22763443453082,48.22763443453082,48.22763443453082,48.22763443453082,48.22763443453082,48.22763443453082,48.22763443453082,48.22763443453082,48.22763443453082,48.22763443453082,48.22763443453082,1000000.0
FLINT,MAGNUM03,F,na,na,na,na,2025_03_11-15_02_56,na,4,55,Yes,1,na,0.0,1302.1461297323394,144.68290330360517,9.0,39.0,62.0,,,,0.0,2411.3817217265514,144.68290330360517,9.0,39.0,62.0,29.0,20.0,14.0,26.0,15.0,11.0,22.0,9.0,9.0,20.0,5.0,7.0,15.0,1.0,6.0,10.0,-3.0,1.0,13.0,-2.0,5.0,0.0,29.0,29.0,49.0,49.0,63.0,0.0,26.0,32.0,47.0,52.0,63.0,0.0,22.0,35.0,44.0,54.0,63.0,0.0,20.0,37.0,42.0,56.0,63.0,2.0,17.0,39.0,40.0,57.0,63.0,4.0,14.0,41.0,38.0,62.0,63.0,3.0,16.0,40.0,38.0,58.0,63.0,5.0,0.0,44.0,13.0,63.0,32.0,63.0,63.0,0.12481227896542542,3.051571685210519,2.607082684879708,0.0,30.0,160.0,996045.3339763684,998215.5775259222,999469.4960212201,999710.6341933928,999951.7723655654,1000000.0,1000000.0,1000000.0,1000000.0,1000000.0,1000000.0,1000000.0,1000000.0,1000000.0,1000000.0,1000000.0,1000000.0,1000000.0,1000000.0,1000000.0,1000000.0,1000000.0,1000000.0,1000000.0,1000000.0,1000000.0,1000000.0,1000000.0,1000000.0,1000000.0,1000000.0,1000000.0,1000000.0,1000000.0,1000000.0,1000000.0,1000000.0,1000000.0,1000000.0,1000000.0,1000000.0,1000000.0,1000000.0,1000000.0,1000000.0,1000000.0,1000000.0,1000000.0,1000000.0,1000000.0,1000000.0,1000000.0,1000000.0,1000000.0,1000000.0,1000000.0,1000000.0,1000000.0,1000000.0,1000000.0,1000000.0,1000000.0,1000000.0,1000000.0,0.0,0.0,0.0,0.0,0.0,0.0,0.0,0.0,0.0,0.0,0.0,0.0,0.0,96.4552688690621,241.13817217265407,385.82107547624787,1157.4632264287443,1880.8777429467057,3375.934410417169,4581.625271280436,8102.242585001196,13841.331082710401,25753.55678803953,39016.1562575356,67036.41186399803,105618.51941162281,186255.1241861587,264962.62358331325,398649.6262358331,538702.6766337111,695442.4885459368,769664.81794068,896310.5859657583,937448.7581384132,974101.7603086568,985579.9373040752,993633.9522546419,996816.9761273209,998697.8538702676,999373.040752351,999758.8618278273,999903.5447311308,1000000.0,1000000.0,1000000.0,1000000.0,1000000.0,1000000.0,1000000.0,1000000.0,1000000.0,1000000.0,1000000.0,1000000.0,1000000.0,1000000.0,1000000.0,1000000.0,1000000.0,1000000.0,1000000.0,1000000.0,1000000.0,1000000.0,0.0,0.0,0.0,0.0,0.0,0.0,0.0,0.0,0.0,0.0,0.0,0.0,0.0,0.0,0.0,0.0,0.0,0.0,0.0,0.0,0.0,0.0,0.0,0.0,0.0,0.0,0.0,0.0,0.0,0.0,0.0,0.0,48.22763443453082,48.22763443453082,96.4552688690621,96.4552688690621,96.4552688690621,192.91053773812425,578.7316132143711,1157.4632264287443,2700.747528333735,4678.080540149494,11429.94936098385,19676.87484928863,39643.1155051845,68338.55799373037,138702.67663371118,213841.33108271036,359537.01470942853,505232.6983361466,700024.1138172172,799565.9512900892,903207.1376898963,952640.4629852904,984229.5635399083,993344.5864480347,998022.6669881842,999180.1302146129,999807.0894622619,999855.3170966964,999855.3170966964,999855.3170966964,999903.5447311308,1000000.0,0.0,0.0,0.0,0.0,0.0,0.0,0.0,0.0,0.0,0.0,0.0,0.0,0.0,0.0,0.0,0.0,0.0,0.0,0.0,0.0,0.0,0.0,0.0,0.0,0.0,0.0,0.0,0.0,0.0,0.0,0.0,0.0,0.0,0.0,0.0,0.0,0.0,0.0,0.0,0.0,0.0,0.0,0.0,0.0,0.0,0.0,0.0,0.0,0.0,0.0,0.0,0.0,0.0,0.0,0.0,0.0,0.0,0.0,0.0,0.0,0.0,0.0,0.0,1000000.0
FLINT,MAGNUM03,F,na,na,na,na,2025_03_11-15_02_56,na,4,56,Yes,1,na,48.22763443453082,964.552688690668,0.0,12.0,41.0,0.0,,,,48.22763443453082,1736.1948396431635,0.0,12.0,41.0,0.0,32.0,20.0,11.0,29.0,16.0,9.0,21.0,9.0,7.0,17.0,7.0,5.0,13.0,2.0,4.0,6.0,-3.0,0.0,10.0,0.0,1.0,0.0,32.0,32.0,52.0,52.0,63.0,0.0,29.0,34.0,50.0,54.0,63.0,4.0,25.0,37.0,46.0,56.0,63.0,5.0,22.0,38.0,45.0,58.0,63.0,6.0,19.0,40.0,42.0,59.0,63.0,8.0,14.0,43.0,40.0,63.0,63.0,7.0,17.0,41.0,41.0,62.0,63.0,12.0,0.0,61.0,12.0,63.0,37.0,63.0,0.0,0.8785658086464552,3.0235306384714895,2.5036001281507922,0.4374894505865458,30.0,160.0,904219.9180130212,930600.4340487098,959537.0147094284,974439.3537496985,990354.4731130938,996575.8379551483,999373.040752351,999662.4065589582,999903.5447311308,999951.7723655654,1000000.0,1000000.0,1000000.0,1000000.0,1000000.0,1000000.0,1000000.0,1000000.0,1000000.0,1000000.0,1000000.0,1000000.0,1000000.0,1000000.0,1000000.0,1000000.0,1000000.0,1000000.0,1000000.0,1000000.0,1000000.0,1000000.0,1000000.0,1000000.0,1000000.0,1000000.0,1000000.0,1000000.0,1000000.0,1000000.0,1000000.0,1000000.0,1000000.0,1000000.0,1000000.0,1000000.0,1000000.0,1000000.0,1000000.0,1000000.0,1000000.0,1000000.0,1000000.0,1000000.0,1000000.0,1000000.0,1000000.0,1000000.0,1000000.0,1000000.0,1000000.0,1000000.0,1000000.0,1000000.0,0.0,0.0,0.0,0.0,0.0,0.0,0.0,0.0,0.0,0.0,0.0,0.0,96.4552688690621,144.68290330359284,241.13817217265407,289.36580660718624,482.27634434531,819.8697853870253,1302.1461297323344,1687.967205208584,3086.56860380998,5208.58451892934,8922.112370388226,13359.054738365065,21461.29732336628,34145.16517964793,57728.478418133614,83047.98649626227,136291.29491198456,203134.79623824448,311309.3802748975,368362.6718109476,620979.0209790209,737014.7094285025,863805.1603568846,920858.4518929345,964938.509766096,983602.6042922594,993971.5456956836,997009.886665059,999035.4473113093,999662.4065589582,999855.3170966964,999903.5447311308,999903.5447311308,999951.7723655654,999951.7723655654,999951.7723655654,999951.7723655654,999951.7723655654,999951.7723655654,999951.7723655654,999951.7723655654,999951.7723655654,999951.7723655654,1000000.0,1000000.0,1000000.0,1000000.0,1000000.0,1000000.0,1000000.0,1000000.0,1000000.0,0.0,0.0,0.0,0.0,0.0,0.0,0.0,0.0,0.0,0.0,0.0,0.0,0.0,0.0,0.0,0.0,0.0,0.0,0.0,0.0,0.0,0.0,0.0,0.0,0.0,0.0,0.0,0.0,0.0,0.0,0.0,0.0,0.0,0.0,0.0,0.0,0.0,48.22763443453082,96.4552688690621,192.91053773812425,385.82107547624787,819.8697853870253,1832.650108512174,2604.2922594646707,6124.909573185426,12153.363877501795,24789.004099348924,41331.08271039299,83964.31155051853,144634.67566915843,256329.8770195322,361610.80299011327,543477.2124427296,697757.4149987944,862744.1523993247,935278.5145888594,981046.5396672293,993006.993006993,998456.7156980949,999035.4473113093,999373.040752351,999421.2683867855,999565.9512900892,1000000.0,48.22763443453082,48.22763443453082,48.22763443453082,48.22763443453082,48.22763443453082,48.22763443453082,48.22763443453082,48.22763443453082,48.22763443453082,48.22763443453082,48.22763443453082,48.22763443453082,48.22763443453082,48.22763443453082,48.22763443453082,48.22763443453082,48.22763443453082,48.22763443453082,48.22763443453082,48.22763443453082,48.22763443453082,48.22763443453082,48.22763443453082,48.22763443453082,48.22763443453082,48.22763443453082,48.22763443453082,48.22763443453082,48.22763443453082,48.22763443453082,48.22763443453082,48.22763443453082,48.22763443453082,48.22763443453082,48.22763443453082,48.22763443453082,48.22763443453082,48.22763443453082,48.22763443453082,48.22763443453082,48.22763443453082,48.22763443453082,48.22763443453082,48.22763443453082,48.22763443453082,48.22763443453082,48.22763443453082,48.22763443453082,48.22763443453082,48.22763443453082,48.22763443453082,48.22763443453082,48.22763443453082,48.22763443453082,48.22763443453082,48.22763443453082,48.22763443453082,48.22763443453082,48.22763443453082,48.22763443453082,48.22763443453082,48.22763443453082,48.22763443453082,1000000.0
FLINT,MAGNUM03,F,na,na,na,na,2025_03_11-15_02_56,na,4,57,Yes,1,na,48.22763443453082,675.1868820834552,96.4552688691443,9.0,40.0,62.0,,,,48.22763443453082,1109.235591994234,96.4552688691443,9.0,40.0,62.0,31.0,21.0,11.0,28.0,15.0,9.0,22.0,10.0,7.0,18.0,6.0,6.0,14.0,3.0,5.0,6.0,-2.0,2.0,10.0,1.0,5.0,0.0,31.0,31.0,52.0,52.0,63.0,0.0,28.0,34.0,49.0,54.0,63.0,2.0,24.0,36.0,46.0,56.0,63.0,4.0,22.0,38.0,44.0,57.0,63.0,5.0,19.0,39.0,42.0,58.0,63.0,7.0,13.0,41.0,39.0,61.0,63.0,6.0,16.0,40.0,41.0,58.0,63.0,8.0,0.0,56.0,5.0,63.0,36.0,63.0,63.0,0.5598253642875011,2.966351440039621,2.435646949160898,0.0,30.0,160.0,953942.6091150228,968748.4928864238,983747.2871955631,990595.6112852665,997251.0248372317,999373.040752351,999807.0894622619,999951.7723655654,1000000.0,1000000.0,1000000.0,1000000.0,1000000.0,1000000.0,1000000.0,1000000.0,1000000.0,1000000.0,1000000.0,1000000.0,1000000.0,1000000.0,1000000.0,1000000.0,1000000.0,1000000.0,1000000.0,1000000.0,1000000.0,1000000.0,1000000.0,1000000.0,1000000.0,1000000.0,1000000.0,1000000.0,1000000.0,1000000.0,1000000.0,1000000.0,1000000.0,1000000.0,1000000.0,1000000.0,1000000.0,1000000.0,1000000.0,1000000.0,1000000.0,1000000.0,1000000.0,1000000.0,1000000.0,1000000.0,1000000.0,1000000.0,1000000.0,1000000.0,1000000.0,1000000.0,1000000.0,1000000.0,1000000.0,1000000.0,0.0,0.0,0.0,0.0,0.0,48.22763443453082,48.22763443453082,48.22763443453082,48.22763443453082,96.4552688690621,96.4552688690621,96.4552688690621,192.91053773812425,241.13817217265407,385.82107547624787,385.82107547624787,578.7316132143711,868.0974198215577,1205.690860863273,1977.3330118157653,3134.7962382445157,5883.771401012779,10658.30721003135,15722.208825657093,27296.841089944523,44417.65131420309,80781.28767783949,126838.6785628165,199565.95129008926,291873.6435977815,432794.7914154811,537448.7581384133,729442.9708222812,832023.1492645285,924282.6139377863,961707.2582589823,985387.0267663371,993537.4969857727,998312.0327947914,999324.8131179166,999855.3170966964,999951.7723655654,999951.7723655654,1000000.0,1000000.0,1000000.0,1000000.0,1000000.0,1000000.0,1000000.0,1000000.0,1000000.0,1000000.0,1000000.0,1000000.0,1000000.0,1000000.0,1000000.0,1000000.0,1000000.0,1000000.0,1000000.0,1000000.0,1000000.0,0.0,0.0,0.0,0.0,0.0,0.0,0.0,0.0,0.0,0.0,0.0,0.0,0.0,0.0,0.0,0.0,0.0,0.0,0.0,0.0,0.0,0.0,0.0,0.0,0.0,0.0,0.0,0.0,0.0,0.0,0.0,0.0,0.0,0.0,0.0,0.0,48.22763443453082,96.4552688690621,192.91053773812425,289.36580660718624,482.27634434531,1109.2355919942117,2025.5606462503029,3279.479141548107,7619.966240655894,14275.379792621161,32794.791415481086,61297.32336628891,117144.92404147581,201639.73957077402,355051.8447070171,495008.439836026,667518.6882083433,803906.438389197,926935.1338316854,969809.5008439835,992042.4403183024,998167.3498914879,999614.1789245236,999807.0894622619,999855.3170966964,999903.5447311308,999951.7723655654,1000000.0,0.0,0.0,0.0,0.0,0.0,0.0,0.0,0.0,0.0,0.0,0.0,0.0,0.0,0.0,0.0,0.0,0.0,0.0,0.0,0.0,0.0,0.0,0.0,0.0,0.0,0.0,0.0,0.0,0.0,0.0,0.0,0.0,0.0,0.0,0.0,0.0,0.0,0.0,0.0,0.0,0.0,0.0,0.0,0.0,0.0,0.0,0.0,0.0,0.0,0.0,0.0,0.0,0.0,0.0,0.0,0.0,0.0,0.0,0.0,0.0,0.0,0.0,0.0,1000000.0
FLINT,MAGNUM03,F,na,na,na,na,2025_03_11-15_02_56,na,4,58,Yes,1,na,48.22763443453082,578.7316132143711,964.552688690668,12.0,42.0,62.0,,,,48.22763443453082,916.3250542560885,964.552688690668,12.0,42.0,62.0,32.0,21.0,10.0,29.0,16.0,9.0,22.0,10.0,7.0,18.0,8.0,6.0,14.0,4.0,4.0,9.0,-12.0,0.0,11.0,0.0,0.0,0.0,32.0,32.0,53.0,53.0,63.0,0.0,29.0,34.0,50.0,54.0,63.0,4.0,26.0,37.0,47.0,56.0,63.0,5.0,23.0,38.0,46.0,57.0,63.0,6.0,20.0,40.0,44.0,59.0,63.0,8.0,17.0,54.0,42.0,63.0,63.0,7.0,18.0,42.0,42.0,63.0,63.0,11.0,0.0,63.0,9.0,63.0,38.0,63.0,63.0,0.8426290202405662,2.80455288415975,2.259562075436364,0.0,30.0,160.0,907788.7629611767,934940.9211478176,963105.8596575838,976416.6867615143,991801.3021461297,997154.5695683626,999276.585483482,999662.4065589582,999951.7723655654,1000000.0,1000000.0,1000000.0,1000000.0,1000000.0,1000000.0,1000000.0,1000000.0,1000000.0,1000000.0,1000000.0,1000000.0,1000000.0,1000000.0,1000000.0,1000000.0,1000000.0,1000000.0,1000000.0,1000000.0,1000000.0,1000000.0,1000000.0,1000000.0,1000000.0,1000000.0,1000000.0,1000000.0,1000000.0,1000000.0,1000000.0,1000000.0,1000000.0,1000000.0,1000000.0,1000000.0,1000000.0,1000000.0,1000000.0,1000000.0,1000000.0,1000000.0,1000000.0,1000000.0,1000000.0,1000000.0,1000000.0,1000000.0,1000000.0,1000000.0,1000000.0,1000000.0,1000000.0,1000000.0,1000000.0,0.0,0.0,0.0,0.0,0.0,0.0,0.0,0.0,0.0,48.22763443453082,48.22763443453082,48.22763443453082,48.22763443453082,96.4552688690621,96.4552688690621,96.4552688690621,192.91053773812425,289.36580660718624,626.959247648901,916.3250542560885,1495.056667470457,2556.0646250301406,4581.625271280436,6462.5030142271535,11863.998070894622,20689.655172413797,39305.52206414272,60477.45358090182,109669.64070412343,170195.3219194598,272244.9963829274,320954.9071618036,580033.7593441042,711261.152640463,853050.3978779841,918398.8425367735,966578.2493368699,985483.482035206,995466.602363154,997877.9840848806,999131.9025801783,999517.7236556546,999662.4065589582,999662.4065589582,999662.4065589582,999662.4065589582,999662.4065589582,999710.6341933928,999758.8618278273,999758.8618278273,999758.8618278273,999758.8618278273,999758.8618278273,999807.0894622619,999903.5447311308,999951.7723655654,999951.7723655654,999951.7723655654,1000000.0,1000000.0,1000000.0,1000000.0,1000000.0,1000000.0,0.0,0.0,0.0,0.0,0.0,0.0,0.0,0.0,0.0,0.0,0.0,0.0,0.0,0.0,0.0,0.0,0.0,0.0,0.0,0.0,0.0,0.0,0.0,0.0,0.0,0.0,0.0,0.0,0.0,0.0,0.0,0.0,0.0,0.0,0.0,0.0,0.0,0.0,96.4552688690621,96.4552688690621,96.4552688690621,192.91053773812425,626.959247648901,964.5526886906189,2073.7882806848356,4870.991077887631,11912.225705329136,23486.85796961658,52809.25970581137,95538.94381480588,189534.60332770678,285796.9616590306,474463.46756691585,651796.4793826862,848517.0002411379,930745.1169520135,982396.9134313961,994357.3667711598,997974.4393537496,998746.0815047021,999035.4473113093,999035.4473113093,999180.1302146129,1000000.0,0.0,0.0,0.0,0.0,0.0,0.0,0.0,0.0,0.0,0.0,0.0,0.0,0.0,0.0,0.0,0.0,0.0,0.0,0.0,0.0,0.0,0.0,0.0,0.0,0.0,0.0,0.0,0.0,0.0,0.0,0.0,0.0,0.0,0.0,0.0,0.0,0.0,0.0,0.0,0.0,0.0,0.0,0.0,0.0,0.0,0.0,0.0,0.0,0.0,0.0,0.0,0.0,0.0,0.0,0.0,0.0,0.0,0.0,0.0,0.0,0.0,0.0,0.0,1000000.0
FLINT,MAGNUM03,F,na,na,na,na,2025_03_11-15_02_56,na,4,59,Yes,1,na,144.68290330359284,0.0,48.22763443457198,11.5,0.0,62.0,,,,144.68290330359284,0.0,48.22763443457198,11.5,0.0,62.0,31.0,20.0,12.0,28.0,14.0,9.0,24.0,9.0,7.0,18.0,5.0,6.0,13.0,1.0,5.0,5.0,-5.0,3.0,10.0,-1.0,4.0,0.0,31.0,31.0,51.0,51.0,63.0,0.0,28.0,34.0,48.0,54.0,63.0,0.0,24.0,36.0,45.0,56.0,63.0,3.0,21.0,38.0,43.0,57.0,63.0,4.0,17.0,40.0,41.0,58.0,63.0,8.0,13.0,43.0,38.0,60.0,63.0,5.0,15.0,41.0,40.0,59.0,63.0,11.0,0.0,46.0,5.0,63.0,0.0,63.0,63.0,0.3679620755547288,3.128838543850787,2.643810651447914,0.0,30.0,160.0,984952.9780564263,988618.2782734506,993778.6351579454,995611.2852664576,998746.0815047021,999565.9512900892,999855.3170966964,999855.3170966964,1000000.0,1000000.0,1000000.0,1000000.0,1000000.0,1000000.0,1000000.0,1000000.0,1000000.0,1000000.0,1000000.0,1000000.0,1000000.0,1000000.0,1000000.0,1000000.0,1000000.0,1000000.0,1000000.0,1000000.0,1000000.0,1000000.0,1000000.0,1000000.0,1000000.0,1000000.0,1000000.0,1000000.0,1000000.0,1000000.0,1000000.0,1000000.0,1000000.0,1000000.0,1000000.0,1000000.0,1000000.0,1000000.0,1000000.0,1000000.0,1000000.0,1000000.0,1000000.0,1000000.0,1000000.0,1000000.0,1000000.0,1000000.0,1000000.0,1000000.0,1000000.0,1000000.0,1000000.0,1000000.0,1000000.0,1000000.0,0.0,0.0,0.0,0.0,0.0,48.22763443453082,48.22763443453082,48.22763443453082,48.22763443453082,48.22763443453082,48.22763443453082,48.22763443453082,192.91053773812425,241.13817217265407,434.04870991077877,578.7316132143711,1012.7803231251486,1543.2843019049903,2170.2435495538875,3279.479141548107,5739.088497709187,8391.608391608395,14902.339040270084,21268.386785628147,36218.95346033274,54931.27562093078,93127.56209307938,130407.52351097179,215577.52592235347,308753.3156498673,464769.7130455751,541837.4728719556,748878.7074993971,836315.4087292018,919411.6228598985,951868.820834338,980033.7593441041,990258.0178442247,996720.5208584518,998312.0327947914,999421.2683867855,999710.6341933928,999855.3170966964,999903.5447311308,1000000.0,1000000.0,1000000.0,1000000.0,1000000.0,1000000.0,1000000.0,1000000.0,1000000.0,1000000.0,1000000.0,1000000.0,1000000.0,1000000.0,1000000.0,1000000.0,1000000.0,1000000.0,1000000.0,1000000.0,48.22763443453082,48.22763443453082,48.22763443453082,48.22763443453082,48.22763443453082,48.22763443453082,48.22763443453082,48.22763443453082,48.22763443453082,48.22763443453082,48.22763443453082,48.22763443453082,48.22763443453082,48.22763443453082,48.22763443453082,48.22763443453082,48.22763443453082,48.22763443453082,48.22763443453082,48.22763443453082,48.22763443453082,48.22763443453082,48.22763443453082,48.22763443453082,48.22763443453082,48.22763443453082,48.22763443453082,48.22763443453082,48.22763443453082,48.22763443453082,48.22763443453082,48.22763443453082,48.22763443453082,48.22763443453082,48.22763443453082,48.22763443453082,96.4552688690621,192.91053773812425,385.82107547624787,530.5039787798403,1012.7803231251486,1832.650108512174,3665.3002170243526,6414.2753797926125,13841.331082710401,24885.459368218024,52182.30045816258,85411.14058355431,166385.33879913192,266361.2249819146,436026.04292259464,546853.1468531468,721244.2729684109,833228.8401253917,934121.0513624307,968266.2165420785,990595.6112852665,996672.2932240173,999131.9025801783,999662.4065589582,999903.5447311308,999951.7723655654,1000000.0,1000000.0,0.0,0.0,0.0,0.0,0.0,0.0,0.0,0.0,0.0,0.0,0.0,0.0,0.0,0.0,0.0,0.0,0.0,0.0,0.0,0.0,0.0,0.0,0.0,0.0,0.0,0.0,0.0,0.0,0.0,0.0,0.0,0.0,0.0,0.0,0.0,0.0,0.0,0.0,0.0,0.0,0.0,0.0,0.0,0.0,0.0,0.0,0.0,0.0,0.0,0.0,0.0,0.0,0.0,0.0,0.0,0.0,0.0,0.0,0.0,0.0,0.0,0.0,0.0,1000000.0
FLINT,MAGNUM03,F,na,na,na,na,2025_03_11-15_02_56,na,4,60,Yes,1,na,0.0,2025.5606462503658,144.68290330360517,11.5,40.0,62.0,,,,0.0,3183.0238726791104,144.68290330360517,11.5,40.0,62.0,30.0,21.0,12.0,27.0,15.0,9.0,22.0,9.0,7.0,17.0,4.0,6.0,14.0,1.0,4.0,8.0,-4.0,1.0,11.0,-2.0,3.0,0.0,30.0,30.0,51.0,51.0,63.0,0.0,27.0,33.0,48.0,54.0,63.0,1.0,23.0,36.0,45.0,56.0,63.0,3.0,20.0,38.0,42.0,57.0,63.0,4.0,18.0,40.0,41.0,59.0,63.0,6.0,14.0,42.0,38.0,62.0,63.0,5.0,16.0,41.0,39.0,60.0,63.0,10.0,0.0,42.0,13.0,63.0,37.0,63.0,63.0,0.37121315345033706,3.243888135569671,2.859608005889711,0.0,30.0,160.0,974680.4919218712,985290.571497468,993489.2693513383,996816.9761273209,999276.585483482,999807.0894622619,999903.5447311308,999903.5447311308,1000000.0,1000000.0,1000000.0,1000000.0,1000000.0,1000000.0,1000000.0,1000000.0,1000000.0,1000000.0,1000000.0,1000000.0,1000000.0,1000000.0,1000000.0,1000000.0,1000000.0,1000000.0,1000000.0,1000000.0,1000000.0,1000000.0,1000000.0,1000000.0,1000000.0,1000000.0,1000000.0,1000000.0,1000000.0,1000000.0,1000000.0,1000000.0,1000000.0,1000000.0,1000000.0,1000000.0,1000000.0,1000000.0,1000000.0,1000000.0,1000000.0,1000000.0,1000000.0,1000000.0,1000000.0,1000000.0,1000000.0,1000000.0,1000000.0,1000000.0,1000000.0,1000000.0,1000000.0,1000000.0,1000000.0,1000000.0,0.0,0.0,0.0,0.0,0.0,0.0,0.0,0.0,0.0,0.0,0.0,0.0,0.0,96.4552688690621,289.36580660718624,434.04870991077877,868.0974198215577,1205.690860863273,2363.1540872920177,4244.031830238725,6751.868820834333,11044.128285507591,19435.736677115998,28888.35302628405,47648.90282131659,74993.97154569572,123559.1994212683,175355.67880395465,271618.03713527846,378779.84084880626,520520.8584518929,601543.284301905,790933.2047263081,865107.3064866166,931709.6696407042,958861.827827345,981625.2712804436,991319.0258017844,996190.0168796721,997974.4393537496,999276.585483482,999758.8618278273,1000000.0,1000000.0,1000000.0,1000000.0,1000000.0,1000000.0,1000000.0,1000000.0,1000000.0,1000000.0,1000000.0,1000000.0,1000000.0,1000000.0,1000000.0,1000000.0,1000000.0,1000000.0,1000000.0,1000000.0,1000000.0,1000000.0,0.0,0.0,0.0,0.0,0.0,0.0,0.0,0.0,0.0,0.0,0.0,0.0,0.0,0.0,0.0,0.0,0.0,0.0,0.0,0.0,0.0,0.0,0.0,0.0,0.0,0.0,0.0,0.0,0.0,0.0,0.0,0.0,0.0,0.0,0.0,0.0,0.0,96.4552688690621,337.59344104171646,578.7316132143711,1205.690860863273,2700.747528333735,6462.5030142271535,10610.079575596808,20786.110441282854,38244.514106583076,77357.12563298768,119508.0781287678,212298.04678080534,327851.45888594165,492404.1475765614,599228.3578490475,741355.1965276103,836508.3192669398,922160.5980226669,959199.4212683868,985772.8478418133,995370.147094285,998697.8538702676,999469.4960212201,999758.8618278273,999855.3170966964,999951.7723655654,1000000.0,0.0,0.0,0.0,0.0,0.0,0.0,0.0,0.0,0.0,0.0,0.0,0.0,0.0,0.0,0.0,0.0,0.0,0.0,0.0,0.0,0.0,0.0,0.0,0.0,0.0,0.0,0.0,0.0,0.0,0.0,0.0,0.0,0.0,0.0,0.0,0.0,0.0,0.0,0.0,0.0,0.0,0.0,0.0,0.0,0.0,0.0,0.0,0.0,0.0,0.0,0.0,0.0,0.0,0.0,0.0,0.0,0.0,0.0,0.0,0.0,0.0,0.0,0.0,1000000.0
FLINT,MAGNUM03,F,na,na,na,na,2025_03_11-15_02_56,na,4,61,Yes,1,na,0.0,626.9592476489951,0.0,10.0,40.0,60.0,,,,0.0,916.3250542561814,0.0,10.0,40.0,60.0,30.0,20.0,13.0,28.0,15.0,10.0,24.0,9.0,8.0,19.0,7.0,7.0,14.0,4.0,6.0,9.0,-1.0,5.0,11.0,1.0,6.0,0.0,30.0,30.0,50.0,50.0,63.0,0.0,28.0,33.0,48.0,53.0,63.0,0.0,24.0,36.0,45.0,55.0,63.0,2.0,21.0,37.0,44.0,56.0,63.0,4.0,18.0,38.0,42.0,57.0,63.0,6.0,15.0,41.0,40.0,58.0,63.0,5.0,16.0,40.0,41.0,57.0,63.0,8.0,0.0,42.0,12.0,60.0,35.0,63.0,0.0,0.29008047087542715,2.987309210097236,2.330046705575138,0.6186885949313036,30.0,160.0,983747.2871955631,990643.8389197009,996816.9761273209,998119.1222570533,999469.4960212201,999758.8618278273,999903.5447311308,1000000.0,1000000.0,1000000.0,1000000.0,1000000.0,1000000.0,1000000.0,1000000.0,1000000.0,1000000.0,1000000.0,1000000.0,1000000.0,1000000.0,1000000.0,1000000.0,1000000.0,1000000.0,1000000.0,1000000.0,1000000.0,1000000.0,1000000.0,1000000.0,1000000.0,1000000.0,1000000.0,1000000.0,1000000.0,1000000.0,1000000.0,1000000.0,1000000.0,1000000.0,1000000.0,1000000.0,1000000.0,1000000.0,1000000.0,1000000.0,1000000.0,1000000.0,1000000.0,1000000.0,1000000.0,1000000.0,1000000.0,1000000.0,1000000.0,1000000.0,1000000.0,1000000.0,1000000.0,1000000.0,1000000.0,1000000.0,1000000.0,0.0,0.0,0.0,0.0,0.0,0.0,0.0,0.0,0.0,0.0,0.0,0.0,96.4552688690621,144.68290330359284,192.91053773812425,289.36580660718624,578.7316132143711,819.8697853870253,1784.4224740776426,3086.56860380998,4967.446346756688,8005.7873161321395,14516.517964793811,21654.207861104413,40173.61948396432,63033.51820593199,112997.3474801061,158331.3238485652,268097.41982155765,374439.35374969855,530407.5235109718,572076.1996624066,826139.3778635158,894429.7082228118,954231.97492163,974101.7603086568,990065.1073064866,995611.2852664576,998938.9920424403,999373.040752351,999807.0894622619,999903.5447311308,1000000.0,1000000.0,1000000.0,1000000.0,1000000.0,1000000.0,1000000.0,1000000.0,1000000.0,1000000.0,1000000.0,1000000.0,1000000.0,1000000.0,1000000.0,1000000.0,1000000.0,1000000.0,1000000.0,1000000.0,1000000.0,1000000.0,0.0,0.0,0.0,0.0,0.0,0.0,0.0,0.0,0.0,0.0,0.0,0.0,0.0,0.0,0.0,0.0,0.0,0.0,0.0,0.0,0.0,0.0,0.0,0.0,0.0,0.0,0.0,0.0,0.0,0.0,0.0,0.0,0.0,0.0,0.0,48.22763443453082,96.4552688690621,96.4552688690621,96.4552688690621,96.4552688690621,337.59344104171646,1061.0079575596806,2941.8857005063924,4581.625271280436,12346.274415239926,25078.369905956108,58693.03110682416,95683.62671810949,207957.5596816976,339136.7253436218,553797.9262117193,677839.4019773329,838775.018085363,917434.2898480829,975355.6788039546,989582.8309621413,998215.5775259222,999614.1789245236,999951.7723655654,1000000.0,1000000.0,1000000.0,1000000.0,1000000.0,96.4552688690621,96.4552688690621,96.4552688690621,96.4552688690621,96.4552688690621,96.4552688690621,96.4552688690621,96.4552688690621,96.4552688690621,96.4552688690621,96.4552688690621,96.4552688690621,96.4552688690621,96.4552688690621,96.4552688690621,96.4552688690621,96.4552688690621,96.4552688690621,96.4552688690621,96.4552688690621,96.4552688690621,96.4552688690621,96.4552688690621,96.4552688690621,96.4552688690621,96.4552688690621,96.4552688690621,96.4552688690621,96.4552688690621,96.4552688690621,96.4552688690621,96.4552688690621,96.4552688690621,96.4552688690621,96.4552688690621,96.4552688690621,96.4552688690621,96.4552688690621,96.4552688690621,96.4552688690621,96.4552688690621,96.4552688690621,96.4552688690621,96.4552688690621,96.4552688690621,96.4552688690621,96.4552688690621,96.4552688690621,96.4552688690621,96.4552688690621,96.4552688690621,96.4552688690621,96.4552688690621,96.4552688690621,96.4552688690621,96.4552688690621,96.4552688690621,96.4552688690621,96.4552688690621,96.4552688690621,96.4552688690621,96.4552688690621,96.4552688690621,1000000.0
FLINT,MAGNUM03,F,na,na,na,na,2025_03_11-15_02_56,na,4,62,Yes,1,na,48.22763443453082,2507.836990595649,0.0,8.0,39.0,61.5,,,,48.22763443453082,3665.300217024393,0.0,8.0,39.0,61.5,30.0,20.0,13.0,26.0,15.0,11.0,22.0,7.0,8.0,18.0,4.0,7.0,12.0,0.0,6.0,8.0,-5.0,4.0,10.0,-2.0,5.0,0.0,30.0,30.0,50.0,50.0,63.0,0.0,26.0,32.0,47.0,52.0,63.0,0.0,22.0,36.0,43.0,55.0,63.0,0.0,18.0,37.0,41.0,56.0,63.0,2.0,14.0,40.0,40.0,57.0,63.0,4.0,12.0,42.0,37.0,59.0,63.0,3.0,13.0,40.0,38.0,58.0,63.0,6.0,0.0,44.0,1.0,60.0,35.0,63.0,63.0,0.13446333418641085,3.4598173137102943,2.7811767542139862,0.0,30.0,160.0,996190.0168796721,997926.211719315,999421.2683867855,999565.9512900892,999951.7723655654,1000000.0,1000000.0,1000000.0,1000000.0,1000000.0,1000000.0,1000000.0,1000000.0,1000000.0,1000000.0,1000000.0,1000000.0,1000000.0,1000000.0,1000000.0,1000000.0,1000000.0,1000000.0,1000000.0,1000000.0,1000000.0,1000000.0,1000000.0,1000000.0,1000000.0,1000000.0,1000000.0,1000000.0,1000000.0,1000000.0,1000000.0,1000000.0,1000000.0,1000000.0,1000000.0,1000000.0,1000000.0,1000000.0,1000000.0,1000000.0,1000000.0,1000000.0,1000000.0,1000000.0,1000000.0,1000000.0,1000000.0,1000000.0,1000000.0,1000000.0,1000000.0,1000000.0,1000000.0,1000000.0,1000000.0,1000000.0,1000000.0,1000000.0,1000000.0,0.0,48.22763443453082,48.22763443453082,48.22763443453082,48.22763443453082,48.22763443453082,48.22763443453082,48.22763443453082,48.22763443453082,48.22763443453082,96.4552688690621,192.91053773812425,530.5039787798403,771.6421509524955,1398.601398601398,1687.967205208584,2893.6580660718573,4340.487099107789,6944.779358572451,9163.250542560887,14998.794309139143,22377.6223776224,36845.91270798169,48420.54497226907,78659.27176272009,114492.40414757656,183891.9700988667,238244.51410658308,360694.4779358573,470074.7528333735,622281.1671087532,673161.3214371834,852809.2597058114,906920.6655413551,954955.389438148,971979.7443935374,988280.6848324089,993875.0904268145,997492.1630094043,998504.9433325295,999565.9512900892,999855.3170966964,999903.5447311308,1000000.0,1000000.0,1000000.0,1000000.0,1000000.0,1000000.0,1000000.0,1000000.0,1000000.0,1000000.0,1000000.0,1000000.0,1000000.0,1000000.0,1000000.0,1000000.0,1000000.0,1000000.0,1000000.0,1000000.0,1000000.0,0.0,0.0,0.0,0.0,0.0,0.0,0.0,0.0,0.0,0.0,0.0,0.0,0.0,0.0,0.0,0.0,0.0,0.0,0.0,0.0,0.0,0.0,0.0,0.0,0.0,0.0,0.0,0.0,0.0,0.0,0.0,0.0,0.0,0.0,0.0,48.22763443453082,144.68290330359284,434.04870991077877,868.0974198215577,1205.690860863273,4147.576561369663,7619.966240655894,15915.11936339523,24017.361948396418,47890.04099348927,77984.08488063654,148975.16276826622,210802.99011333488,359778.15288160107,497612.7320954907,681118.881118881,771256.3298770195,887195.563057632,938992.0424403182,976223.7762237762,987653.7255847601,996720.5208584518,998842.5367735712,999807.0894622619,999951.7723655654,1000000.0,1000000.0,1000000.0,1000000.0,0.0,0.0,0.0,0.0,0.0,0.0,0.0,0.0,0.0,0.0,0.0,0.0,0.0,0.0,0.0,0.0,0.0,0.0,0.0,0.0,0.0,0.0,0.0,0.0,0.0,0.0,0.0,0.0,0.0,0.0,0.0,0.0,0.0,0.0,0.0,0.0,0.0,0.0,0.0,0.0,0.0,0.0,0.0,0.0,0.0,0.0,0.0,0.0,0.0,0.0,0.0,0.0,0.0,0.0,0.0,0.0,0.0,0.0,0.0,0.0,0.0,0.0,0.0,1000000.0
FLINT,MAGNUM03,F,na,na,na,na,2025_03_11-15_02_56,na,4,63,Yes,1,na,0.0,6317.820110923626,42826.139377863656,13.5,45.0,61.0,,,,0.0,7523.510971786838,53387.99131902591,13.5,45.0,61.0,32.0,21.0,10.0,30.0,15.0,8.0,22.0,10.0,-2.0,19.0,1.0,-3.0,16.0,-14.0,-5.0,10.0,-21.0,-7.0,12.0,-20.0,-6.0,0.0,32.0,32.0,53.0,53.0,63.0,0.0,30.0,35.0,50.0,55.0,63.0,4.0,26.0,38.0,48.0,63.0,61.0,5.0,24.0,45.0,46.0,63.0,60.0,6.0,22.0,58.0,44.0,63.0,58.0,9.0,19.0,63.0,42.0,63.0,56.0,8.0,20.0,63.0,43.0,63.0,57.0,10.0,0.0,63.0,17.0,63.0,35.0,63.0,53.0,0.9250732665403459,3.129897297404805,3.0934591426574856,0.5292935328751588,30.0,160.0,896117.6754280202,925584.7600675187,955630.5763202314,969857.7284784181,989486.3756932722,995948.8787074994,998987.2196768748,999469.4960212201,999855.3170966964,999951.7723655654,1000000.0,1000000.0,1000000.0,1000000.0,1000000.0,1000000.0,1000000.0,1000000.0,1000000.0,1000000.0,1000000.0,1000000.0,1000000.0,1000000.0,1000000.0,1000000.0,1000000.0,1000000.0,1000000.0,1000000.0,1000000.0,1000000.0,1000000.0,1000000.0,1000000.0,1000000.0,1000000.0,1000000.0,1000000.0,1000000.0,1000000.0,1000000.0,1000000.0,1000000.0,1000000.0,1000000.0,1000000.0,1000000.0,1000000.0,1000000.0,1000000.0,1000000.0,1000000.0,1000000.0,1000000.0,1000000.0,1000000.0,1000000.0,1000000.0,1000000.0,1000000.0,1000000.0,1000000.0,1000000.0,0.0,0.0,0.0,0.0,0.0,0.0,0.0,0.0,0.0,0.0,0.0,0.0,0.0,0.0,0.0,0.0,0.0,48.22763443453082,96.4552688690621,434.04870991077877,578.7316132143711,1205.690860863273,2314.926452857486,3327.7067759826386,6944.779358572451,13214.371835061467,26380.516035688444,41234.627441524026,81504.70219435729,134844.46587894871,233035.9295876537,288931.75789727503,532915.3605015674,677067.7598263804,829225.9464673257,900265.2519893899,954810.7065348445,973908.8497709187,986062.2136484205,989052.3269833614,991270.7981673499,992524.7166626477,993103.448275862,993344.5864480347,993682.1798890764,994068.0009645526,994646.732577767,994984.3260188088,995321.9194598505,995755.9681697612,996190.0168796721,996575.8379551483,997058.1142994935,997685.0735471424,998022.6669881842,998167.3498914879,998312.0327947914,998601.3986013986,998890.7644080058,999035.4473113093,999276.585483482,999373.040752351,999469.4960212201,1000000.0,0.0,0.0,0.0,0.0,0.0,0.0,0.0,0.0,0.0,0.0,0.0,0.0,0.0,0.0,0.0,0.0,0.0,0.0,0.0,0.0,0.0,0.0,0.0,0.0,0.0,0.0,0.0,0.0,0.0,0.0,0.0,0.0,0.0,0.0,0.0,48.22763443453082,48.22763443453082,48.22763443453082,48.22763443453082,48.22763443453082,48.22763443453082,144.68290330359284,434.04870991077877,675.1868820834334,2411.3817217265464,4533.397636845913,11140.583554376653,19869.785387026743,45526.886906197295,89896.31058596575,181528.8160115746,269447.79358572455,450687.243790692,611767.5428020254,796093.5616108029,872871.9556305762,927176.2720038582,942994.9360983843,950807.8128767783,952833.3735230287,957173.8606221364,959585.242343863,962575.3556788039,1000000.0,0.0,0.0,0.0,0.0,0.0,0.0,0.0,0.0,0.0,0.0,0.0,0.0,0.0,0.0,0.0,0.0,0.0,0.0,0.0,0.0,0.0,0.0,0.0,0.0,0.0,0.0,0.0,0.0,0.0,0.0,0.0,0.0,0.0,0.0,0.0,0.0,0.0,0.0,0.0,0.0,0.0,0.0,0.0,0.0,0.0,0.0,0.0,0.0,0.0,0.0,0.0,0.0,0.0,96.4552688690621,96.4552688690621,96.4552688690621,482.27634434531,1109.2355919942117,2507.836990595609,4244.031830238725,11671.08753315649,28116.71087533155,77694.71907402946,1000000.0
FLINT,MAGNUM03,F,na,na,na,na,2025_03_11-15_02_56,na,4,64,Yes,1,na,192.91053773812425,2218.471183988431,144.68290330360517,9.0,40.0,61.0,,,,192.91053773812425,3183.023872679146,144.68290330360517,9.0,40.0,61.0,31.0,20.0,12.0,28.0,15.0,10.0,21.0,9.0,7.0,16.0,5.0,6.0,11.0,1.0,5.0,1.0,-5.0,2.0,7.0,-2.0,4.0,0.0,31.0,31.0,51.0,51.0,63.0,0.0,28.0,33.0,48.0,53.0,63.0,2.0,23.0,36.0,45.0,56.0,63.0,4.0,20.0,38.0,43.0,57.0,63.0,6.0,17.0,40.0,41.0,58.0,63.0,8.0,9.0,42.0,37.0,61.0,63.0,7.0,14.0,41.0,39.0,59.0,63.0,8.0,0.0,59.0,6.0,63.0,34.0,63.0,63.0,0.5427125908705397,3.28495740104042,2.7410979162830147,0.0,30.0,160.0,964070.4123462744,975066.3129973474,986110.4412828551,991174.3428984808,996624.0655895828,998553.1709669641,999469.4960212201,999710.6341933928,1000000.0,1000000.0,1000000.0,1000000.0,1000000.0,1000000.0,1000000.0,1000000.0,1000000.0,1000000.0,1000000.0,1000000.0,1000000.0,1000000.0,1000000.0,1000000.0,1000000.0,1000000.0,1000000.0,1000000.0,1000000.0,1000000.0,1000000.0,1000000.0,1000000.0,1000000.0,1000000.0,1000000.0,1000000.0,1000000.0,1000000.0,1000000.0,1000000.0,1000000.0,1000000.0,1000000.0,1000000.0,1000000.0,1000000.0,1000000.0,1000000.0,1000000.0,1000000.0,1000000.0,1000000.0,1000000.0,1000000.0,1000000.0,1000000.0,1000000.0,1000000.0,1000000.0,1000000.0,1000000.0,1000000.0,1000000.0,0.0,0.0,0.0,0.0,0.0,0.0,48.22763443453082,144.68290330359284,192.91053773812425,241.13817217265407,289.36580660718624,337.59344104171646,337.59344104171646,434.04870991077877,626.959247648901,868.0974198215577,1205.690860863273,1784.4224740776426,3279.479141548107,4822.763443453095,7716.421509524954,11622.859898721968,19483.964311550495,27923.800337593464,46057.39088497706,68193.87509042685,111261.15264046294,153653.24330841572,234868.57969616586,329732.3366288883,469688.93175789726,536098.3843742464,757366.7711598746,846539.6672293224,922594.6467325777,954087.2920183266,979937.304075235,990547.3836508319,996045.3339763684,997781.5288160116,999228.3578490474,999614.1789245236,999903.5447311308,999951.7723655654,1000000.0,1000000.0,1000000.0,1000000.0,1000000.0,1000000.0,1000000.0,1000000.0,1000000.0,1000000.0,1000000.0,1000000.0,1000000.0,1000000.0,1000000.0,1000000.0,1000000.0,1000000.0,1000000.0,1000000.0,0.0,0.0,0.0,0.0,0.0,0.0,0.0,0.0,0.0,0.0,0.0,0.0,0.0,0.0,0.0,0.0,0.0,0.0,0.0,0.0,0.0,0.0,0.0,0.0,0.0,0.0,0.0,0.0,0.0,0.0,0.0,0.0,0.0,0.0,48.22763443453082,96.4552688690621,192.91053773812425,289.36580660718624,530.5039787798403,916.3250542560885,1253.9184952978064,2459.609356161082,5353.267422232942,9741.98215577526,19483.964311550495,34723.8967928623,70701.71208102239,111261.15264046294,196624.06558958278,302917.77188328904,459319.99035447306,578490.4750421993,742271.5215818665,850831.9266939956,937014.7094285025,969278.9968652037,990692.0665541354,997106.3419339281,999131.9025801783,999565.9512900892,999855.3170966964,1000000.0,1000000.0,1000000.0,0.0,0.0,0.0,0.0,0.0,0.0,0.0,0.0,0.0,0.0,0.0,0.0,0.0,0.0,0.0,0.0,0.0,0.0,0.0,0.0,0.0,0.0,0.0,0.0,0.0,0.0,0.0,0.0,0.0,0.0,0.0,0.0,0.0,0.0,0.0,0.0,0.0,0.0,0.0,0.0,0.0,0.0,0.0,0.0,0.0,0.0,0.0,0.0,0.0,0.0,0.0,0.0,0.0,0.0,0.0,0.0,0.0,0.0,0.0,0.0,0.0,0.0,0.0,1000000.0
FLINT,MAGNUM03,F,na,na,na,na,2025_03_11-15_02_56,na,4,65,Yes,1,na,0.0,1446.829033035929,48.22763443457198,10.5,41.0,60.0,,,,0.0,2073.78828068486,48.22763443457198,10.5,41.0,60.0,32.0,19.0,12.0,28.0,14.0,10.0,24.0,9.0,7.0,19.0,6.0,6.0,15.0,1.0,5.0,9.0,-6.0,4.0,12.0,0.0,5.0,0.0,32.0,32.0,51.0,51.0,63.0,0.0,28.0,34.0,48.0,53.0,63.0,1.0,25.0,36.0,45.0,56.0,63.0,3.0,22.0,38.0,44.0,57.0,63.0,5.0,20.0,40.0,41.0,58.0,63.0,6.0,15.0,44.0,38.0,59.0,63.0,5.0,17.0,41.0,41.0,58.0,63.0,8.0,0.0,56.0,13.0,60.0,36.0,63.0,60.0,0.4374011460862011,2.821764519268025,2.549352894345385,0.020832830980311707,30.0,160.0,973040.7523510971,980901.8567639258,990402.7007475282,994019.7733301182,998504.9433325295,999565.9512900892,1000000.0,1000000.0,1000000.0,1000000.0,1000000.0,1000000.0,1000000.0,1000000.0,1000000.0,1000000.0,1000000.0,1000000.0,1000000.0,1000000.0,1000000.0,1000000.0,1000000.0,1000000.0,1000000.0,1000000.0,1000000.0,1000000.0,1000000.0,1000000.0,1000000.0,1000000.0,1000000.0,1000000.0,1000000.0,1000000.0,1000000.0,1000000.0,1000000.0,1000000.0,1000000.0,1000000.0,1000000.0,1000000.0,1000000.0,1000000.0,1000000.0,1000000.0,1000000.0,1000000.0,1000000.0,1000000.0,1000000.0,1000000.0,1000000.0,1000000.0,1000000.0,1000000.0,1000000.0,1000000.0,1000000.0,1000000.0,1000000.0,1000000.0,0.0,0.0,0.0,0.0,0.0,0.0,0.0,0.0,0.0,0.0,0.0,0.0,0.0,48.22763443453082,192.91053773812425,241.13817217265407,337.59344104171646,578.7316132143711,868.0974198215577,1205.690860863273,1880.8777429467057,3375.934410417169,6414.2753797926125,10513.624306727752,19483.964311550495,31974.921630094064,63033.51820593199,92163.00940438865,161224.9819146371,251651.79647938264,394550.277308898,443549.55389438145,715119.3633952254,817940.6800096455,920183.265010851,952254.6419098142,981432.3607427055,992331.8061249095,996961.6590306245,998408.4880636605,999324.8131179166,999758.8618278273,999855.3170966964,999855.3170966964,999903.5447311308,999903.5447311308,999951.7723655654,999951.7723655654,1000000.0,1000000.0,1000000.0,1000000.0,1000000.0,1000000.0,1000000.0,1000000.0,1000000.0,1000000.0,1000000.0,1000000.0,1000000.0,1000000.0,1000000.0,1000000.0,0.0,0.0,0.0,0.0,0.0,0.0,0.0,0.0,0.0,0.0,0.0,0.0,0.0,0.0,0.0,0.0,0.0,0.0,0.0,0.0,0.0,0.0,0.0,0.0,0.0,0.0,0.0,0.0,0.0,0.0,0.0,0.0,0.0,0.0,0.0,0.0,48.22763443453082,96.4552688690621,289.36580660718624,434.04870991077877,530.5039787798403,1495.056667470457,3617.07258258982,5546.177959971061,11478.176995418351,24354.95538943816,56233.42175066313,89414.03424162048,173233.6628888353,278466.3612249819,463949.84326018806,575934.410417169,750036.1707258258,856715.6980950084,944827.5862068966,973619.4839643115,993537.4969857727,998022.6669881842,999710.6341933928,999951.7723655654,1000000.0,1000000.0,1000000.0,1000000.0,0.0,0.0,0.0,0.0,0.0,0.0,0.0,0.0,0.0,0.0,0.0,0.0,0.0,0.0,0.0,0.0,0.0,0.0,0.0,0.0,0.0,0.0,0.0,0.0,0.0,0.0,0.0,0.0,0.0,0.0,0.0,0.0,0.0,0.0,0.0,0.0,0.0,0.0,0.0,0.0,0.0,0.0,0.0,0.0,0.0,0.0,0.0,0.0,0.0,0.0,0.0,0.0,0.0,0.0,0.0,0.0,0.0,0.0,0.0,0.0,48.22763443453082,48.22763443453082,48.22763443453082,1000000.0
FLINT,MAGNUM03,F,na,na,na,na,2025_03_11-15_02_56,na,4,66,Yes,1,na,0.0,2411.3817217266105,434.0487099108167,6.5,39.0,62.0,,,,0.0,3954.666023631601,434.0487099108167,6.5,39.0,62.0,29.0,20.0,14.0,26.0,15.0,11.0,22.0,8.0,8.0,20.0,5.0,7.0,16.0,-1.0,5.0,9.0,-7.0,0.0,12.0,-3.0,4.0,0.0,29.0,29.0,49.0,49.0,63.0,0.0,26.0,32.0,47.0,52.0,63.0,0.0,22.0,36.0,44.0,55.0,63.0,0.0,20.0,37.0,42.0,56.0,63.0,0.0,16.0,40.0,39.0,58.0,63.0,2.0,11.0,44.0,37.0,63.0,63.0,1.0,13.0,41.0,38.0,59.0,63.0,4.0,0.0,53.0,9.0,63.0,32.0,63.0,63.0,0.052870072515611086,3.343785253477391,2.8198349014371935,0.0,30.0,160.0,999228.3578490474,999662.4065589582,999951.7723655654,1000000.0,1000000.0,1000000.0,1000000.0,1000000.0,1000000.0,1000000.0,1000000.0,1000000.0,1000000.0,1000000.0,1000000.0,1000000.0,1000000.0,1000000.0,1000000.0,1000000.0,1000000.0,1000000.0,1000000.0,1000000.0,1000000.0,1000000.0,1000000.0,1000000.0,1000000.0,1000000.0,1000000.0,1000000.0,1000000.0,1000000.0,1000000.0,1000000.0,1000000.0,1000000.0,1000000.0,1000000.0,1000000.0,1000000.0,1000000.0,1000000.0,1000000.0,1000000.0,1000000.0,1000000.0,1000000.0,1000000.0,1000000.0,1000000.0,1000000.0,1000000.0,1000000.0,1000000.0,1000000.0,1000000.0,1000000.0,1000000.0,1000000.0,1000000.0,1000000.0,1000000.0,0.0,0.0,0.0,0.0,0.0,0.0,0.0,0.0,0.0,96.4552688690621,144.68290330359284,241.13817217265407,337.59344104171646,578.7316132143711,868.0974198215577,1109.2355919942117,1591.5119363395213,2073.7882806848356,4051.121292500604,5690.860863274664,9790.2097902098,15963.346997829749,29611.76754280201,44031.83023872678,74849.28864239207,114781.7699541837,192958.76537255853,258789.48637569326,386399.80708946224,501856.76392572944,643211.9604533397,702146.1297323366,862985.2905714974,913865.4448999276,957559.6816976126,972847.8418133591,989197.009886665,994694.9602122015,997588.6182782734,998504.9433325295,999421.2683867855,999565.9512900892,999614.1789245236,999710.6341933928,999951.7723655654,999951.7723655654,999951.7723655654,999951.7723655654,999951.7723655654,999951.7723655654,999951.7723655654,1000000.0,1000000.0,1000000.0,1000000.0,1000000.0,1000000.0,1000000.0,1000000.0,1000000.0,1000000.0,1000000.0,1000000.0,1000000.0,0.0,0.0,0.0,0.0,0.0,0.0,0.0,0.0,0.0,0.0,0.0,0.0,0.0,0.0,0.0,0.0,0.0,0.0,0.0,0.0,0.0,0.0,0.0,0.0,0.0,0.0,0.0,0.0,0.0,0.0,0.0,0.0,48.22763443453082,48.22763443453082,48.22763443453082,96.4552688690621,144.68290330359284,289.36580660718624,868.0974198215577,1591.5119363395213,3520.617313720762,6028.454304316367,13600.192910537737,20930.793344586447,45671.569809500856,82710.39305522066,155630.57632023148,229563.53990836747,381577.0436460091,518977.5741499879,688497.7091873643,774246.4432119605,881263.5640221847,932625.9946949602,974921.6300940439,987026.766337111,995900.6510730648,998022.6669881842,999228.3578490474,999565.9512900892,999565.9512900892,999565.9512900892,999614.1789245236,1000000.0,0.0,0.0,0.0,0.0,0.0,0.0,0.0,0.0,0.0,0.0,0.0,0.0,0.0,0.0,0.0,0.0,0.0,0.0,0.0,0.0,0.0,0.0,0.0,0.0,0.0,0.0,0.0,0.0,0.0,0.0,0.0,0.0,0.0,0.0,0.0,0.0,0.0,0.0,0.0,0.0,0.0,0.0,0.0,0.0,0.0,0.0,0.0,0.0,0.0,0.0,0.0,0.0,0.0,0.0,0.0,0.0,0.0,0.0,0.0,0.0,0.0,0.0,0.0,1000000.0
FLINT,MAGNUM03,F,na,na,na,na,2025_03_11-15_02_56,na,4,67,Yes,1,na,144.68290330359284,2990.1133349409224,0.0,10.0,40.0,0.0,,,,192.91053773812425,4629.852905715077,0.0,10.0,40.0,0.0,31.0,19.0,13.0,27.0,15.0,10.0,21.0,8.0,7.0,16.0,4.0,6.0,10.0,0.0,5.0,3.0,-8.0,3.0,8.0,-4.0,4.0,0.0,31.0,31.0,50.0,50.0,63.0,0.0,27.0,33.0,48.0,53.0,63.0,2.0,23.0,36.0,44.0,56.0,63.0,4.0,20.0,38.0,42.0,57.0,63.0,6.0,16.0,40.0,40.0,58.0,63.0,9.0,12.0,43.0,35.0,60.0,63.0,6.0,14.0,42.0,38.0,59.0,63.0,10.0,0.0,45.0,1.0,60.0,33.0,63.0,0.0,0.5809771424683392,3.3696203349937166,2.8110554894341093,0.4374894505865458,30.0,160.0,958765.3725584759,971208.1022425849,983072.1003134795,989775.7414998794,996431.1550518447,998601.3986013986,999662.4065589582,999710.6341933928,999855.3170966964,999951.7723655654,1000000.0,1000000.0,1000000.0,1000000.0,1000000.0,1000000.0,1000000.0,1000000.0,1000000.0,1000000.0,1000000.0,1000000.0,1000000.0,1000000.0,1000000.0,1000000.0,1000000.0,1000000.0,1000000.0,1000000.0,1000000.0,1000000.0,1000000.0,1000000.0,1000000.0,1000000.0,1000000.0,1000000.0,1000000.0,1000000.0,1000000.0,1000000.0,1000000.0,1000000.0,1000000.0,1000000.0,1000000.0,1000000.0,1000000.0,1000000.0,1000000.0,1000000.0,1000000.0,1000000.0,1000000.0,1000000.0,1000000.0,1000000.0,1000000.0,1000000.0,1000000.0,1000000.0,1000000.0,1000000.0,0.0,48.22763443453082,48.22763443453082,48.22763443453082,96.4552688690621,96.4552688690621,96.4552688690621,96.4552688690621,96.4552688690621,144.68290330359284,192.91053773812425,192.91053773812425,241.13817217265407,434.04870991077877,771.6421509524955,1012.7803231251486,1784.4224740776426,3086.56860380998,4629.85290571497,5835.543766578246,9163.250542560887,13841.331082710401,22281.167108753332,30528.092597058127,49529.780564263296,72582.58982396919,116566.19242826143,161514.3477212443,247938.2686279238,343477.2124427297,482855.07595852425,556595.129008922,763298.7701953219,847021.9435736677,919556.3057632023,950566.6747046056,979165.6619242826,988232.4571979743,995321.9194598505,997009.886665059,998842.5367735712,999324.8131179166,999614.1789245236,999951.7723655654,1000000.0,1000000.0,1000000.0,1000000.0,1000000.0,1000000.0,1000000.0,1000000.0,1000000.0,1000000.0,1000000.0,1000000.0,1000000.0,1000000.0,1000000.0,1000000.0,1000000.0,1000000.0,1000000.0,1000000.0,0.0,0.0,0.0,0.0,0.0,0.0,0.0,0.0,0.0,0.0,0.0,0.0,0.0,0.0,0.0,0.0,0.0,0.0,0.0,0.0,0.0,0.0,0.0,0.0,0.0,0.0,0.0,0.0,0.0,0.0,0.0,0.0,0.0,48.22763443453082,144.68290330359284,241.13817217265407,289.36580660718624,385.82107547624787,626.959247648901,1012.7803231251486,2025.5606462503029,3520.617313720762,8198.697853870257,13310.827103930547,27634.43453098625,45141.065830721025,84301.90499156027,131902.5801784423,226139.37786351572,339860.1398601398,506197.25102483726,620882.5657101519,772413.7931034482,867615.1434772124,945792.1388955871,973764.1668676152,991367.253436219,996575.8379551483,999180.1302146129,999758.8618278273,1000000.0,1000000.0,1000000.0,1000000.0,48.22763443453082,48.22763443453082,48.22763443453082,48.22763443453082,48.22763443453082,48.22763443453082,48.22763443453082,48.22763443453082,48.22763443453082,48.22763443453082,48.22763443453082,48.22763443453082,48.22763443453082,48.22763443453082,48.22763443453082,48.22763443453082,48.22763443453082,48.22763443453082,48.22763443453082,48.22763443453082,48.22763443453082,48.22763443453082,48.22763443453082,48.22763443453082,48.22763443453082,48.22763443453082,48.22763443453082,48.22763443453082,48.22763443453082,48.22763443453082,48.22763443453082,48.22763443453082,48.22763443453082,48.22763443453082,48.22763443453082,48.22763443453082,48.22763443453082,48.22763443453082,48.22763443453082,48.22763443453082,48.22763443453082,48.22763443453082,48.22763443453082,48.22763443453082,48.22763443453082,48.22763443453082,48.22763443453082,48.22763443453082,48.22763443453082,48.22763443453082,48.22763443453082,48.22763443453082,48.22763443453082,48.22763443453082,48.22763443453082,48.22763443453082,48.22763443453082,48.22763443453082,48.22763443453082,48.22763443453082,48.22763443453082,48.22763443453082,48.22763443453082,1000000.0
FLINT,MAGNUM03,F,na,na,na,na,2025_03_11-15_02_56,na,4,68,Yes,1,na,48.22763443453082,2941.8857005063924,289.36580660721114,9.0,40.0,62.0,,,,48.22763443453082,4919.218712322185,289.36580660721114,9.0,40.0,62.0,31.0,19.0,13.0,28.0,15.0,10.0,23.0,8.0,7.0,18.0,4.0,6.0,11.0,0.0,5.0,5.0,-7.0,0.0,8.0,-3.0,3.0,0.0,31.0,31.0,50.0,50.0,63.0,0.0,28.0,33.0,48.0,53.0,63.0,0.0,23.0,36.0,44.0,56.0,63.0,2.0,20.0,38.0,42.0,57.0,63.0,5.0,16.0,40.0,40.0,58.0,63.0,7.0,12.0,42.0,35.0,63.0,63.0,6.0,14.0,41.0,38.0,60.0,63.0,8.0,0.0,46.0,7.0,63.0,30.0,63.0,63.0,0.36728265569961027,3.1822789796170987,2.8308752975422466,0.0,30.0,160.0,983650.8319266939,988811.1888111888,994019.7733301182,996334.6997829756,998167.3498914879,999373.040752351,999758.8618278273,999903.5447311308,1000000.0,1000000.0,1000000.0,1000000.0,1000000.0,1000000.0,1000000.0,1000000.0,1000000.0,1000000.0,1000000.0,1000000.0,1000000.0,1000000.0,1000000.0,1000000.0,1000000.0,1000000.0,1000000.0,1000000.0,1000000.0,1000000.0,1000000.0,1000000.0,1000000.0,1000000.0,1000000.0,1000000.0,1000000.0,1000000.0,1000000.0,1000000.0,1000000.0,1000000.0,1000000.0,1000000.0,1000000.0,1000000.0,1000000.0,1000000.0,1000000.0,1000000.0,1000000.0,1000000.0,1000000.0,1000000.0,1000000.0,1000000.0,1000000.0,1000000.0,1000000.0,1000000.0,1000000.0,1000000.0,1000000.0,1000000.0,0.0,0.0,0.0,0.0,0.0,0.0,0.0,48.22763443453082,48.22763443453082,96.4552688690621,96.4552688690621,144.68290330359284,241.13817217265407,289.36580660718624,675.1868820834334,723.414516517964,1543.2843019049903,2363.1540872920177,3279.479141548107,4581.625271280436,7282.372799614172,10802.990113334929,17603.08656860379,25223.052809259698,41909.81432360741,64046.298529057116,104123.46274415246,144489.99276585484,238630.3351820593,341789.24523752107,488449.4815529298,559054.7383650831,777188.3289124668,859609.3561610803,929684.1089944538,958861.827827345,982059.3199903545,991029.6599951772,996238.2445141064,998022.6669881842,999324.8131179166,999662.4065589582,999951.7723655654,1000000.0,1000000.0,1000000.0,1000000.0,1000000.0,1000000.0,1000000.0,1000000.0,1000000.0,1000000.0,1000000.0,1000000.0,1000000.0,1000000.0,1000000.0,1000000.0,1000000.0,1000000.0,1000000.0,1000000.0,1000000.0,0.0,0.0,0.0,0.0,0.0,0.0,0.0,0.0,0.0,0.0,0.0,0.0,0.0,0.0,0.0,0.0,0.0,0.0,0.0,0.0,0.0,0.0,0.0,0.0,0.0,0.0,0.0,0.0,0.0,0.0,48.22763443453082,48.22763443453082,96.4552688690621,144.68290330359284,192.91053773812425,241.13817217265407,289.36580660718624,434.04870991077877,723.414516517964,1205.690860863273,2990.1133349409165,4967.446346756688,9693.754521340716,15143.477212442745,29756.45044610562,50156.739811912215,95876.53725584755,141837.47287195563,249915.6016397396,367060.5256812153,537882.806848324,647070.1712081021,800048.2276344345,881842.2956353991,952688.690619725,975982.6380516036,992428.2613937786,997299.2524716662,999131.9025801783,999421.2683867855,999662.4065589582,999710.6341933928,999758.8618278273,1000000.0,0.0,0.0,0.0,0.0,0.0,0.0,0.0,0.0,0.0,0.0,0.0,0.0,0.0,0.0,0.0,0.0,0.0,0.0,0.0,0.0,0.0,0.0,0.0,0.0,0.0,0.0,0.0,0.0,0.0,0.0,0.0,0.0,0.0,0.0,0.0,0.0,0.0,0.0,0.0,0.0,0.0,0.0,0.0,0.0,0.0,0.0,0.0,0.0,0.0,0.0,0.0,0.0,0.0,0.0,0.0,0.0,0.0,0.0,0.0,0.0,0.0,0.0,0.0,1000000.0
FLINT,MAGNUM03,F,na,na,na,na,2025_03_11-15_02_56,na,4,69,Yes,1,na,144.68290330359284,3086.5686038100644,0.0,9.0,40.0,0.0,,,,192.9105377381648,4919.218712322215,0.0,9.0,40.0,0.0,31.0,19.0,13.0,28.0,14.0,10.0,21.0,7.0,7.0,16.0,4.0,6.0,10.0,0.0,4.0,3.0,-6.0,0.0,6.0,-3.0,2.0,0.0,31.0,31.0,50.0,50.0,63.0,0.0,28.0,34.0,48.0,53.0,63.0,1.0,22.0,37.0,44.0,56.0,63.0,4.0,20.0,38.0,42.0,57.0,63.0,6.0,16.0,40.0,40.0,59.0,63.0,8.0,11.0,43.0,37.0,63.0,63.0,7.0,13.0,41.0,38.0,61.0,63.0,12.0,0.0,45.0,8.0,63.0,35.0,63.0,0.0,0.4927034166572096,3.3906105079578643,2.8973781931282137,0.4374894505865458,30.0,160.0,974825.1748251747,981432.3607427055,989341.6927899687,992283.578490475,997154.5695683626,998553.1709669641,999517.7236556546,999758.8618278273,999951.7723655654,1000000.0,1000000.0,1000000.0,1000000.0,1000000.0,1000000.0,1000000.0,1000000.0,1000000.0,1000000.0,1000000.0,1000000.0,1000000.0,1000000.0,1000000.0,1000000.0,1000000.0,1000000.0,1000000.0,1000000.0,1000000.0,1000000.0,1000000.0,1000000.0,1000000.0,1000000.0,1000000.0,1000000.0,1000000.0,1000000.0,1000000.0,1000000.0,1000000.0,1000000.0,1000000.0,1000000.0,1000000.0,1000000.0,1000000.0,1000000.0,1000000.0,1000000.0,1000000.0,1000000.0,1000000.0,1000000.0,1000000.0,1000000.0,1000000.0,1000000.0,1000000.0,1000000.0,1000000.0,1000000.0,1000000.0,0.0,0.0,0.0,0.0,0.0,0.0,0.0,0.0,96.4552688690621,192.91053773812425,192.91053773812425,289.36580660718624,482.27634434531,626.959247648901,1061.0079575596806,1253.9184952978064,1880.8777429467057,2314.926452857486,4340.487099107789,5931.999035447306,9549.071618037116,14130.696889317576,23245.719797443904,30865.686038099826,48082.95153122741,69158.4277791174,107065.34844465887,148782.2522305281,232264.28743670118,325343.6218953459,463371.1116469737,513142.03038340964,747769.471907403,833614.661200868,912659.7540390643,944731.1309380274,973957.0774053532,986737.400530504,994309.1391367252,996913.43139619,998890.7644080058,999614.1789245236,999855.3170966964,999951.7723655654,1000000.0,1000000.0,1000000.0,1000000.0,1000000.0,1000000.0,1000000.0,1000000.0,1000000.0,1000000.0,1000000.0,1000000.0,1000000.0,1000000.0,1000000.0,1000000.0,1000000.0,1000000.0,1000000.0,1000000.0,0.0,0.0,0.0,0.0,0.0,0.0,0.0,0.0,0.0,0.0,0.0,0.0,0.0,0.0,0.0,0.0,0.0,0.0,0.0,0.0,0.0,0.0,0.0,0.0,0.0,0.0,0.0,0.0,0.0,0.0,0.0,0.0,0.0,0.0,0.0,48.22763443453082,144.68290330359284,289.36580660718624,578.7316132143711,1061.0079575596806,2363.1540872920177,3858.2107547624714,9307.933445864473,15384.615384615381,29033.035929587655,49963.82927417407,91198.45671569809,134169.27899686527,231492.64528574882,336821.7988907644,501326.25994694955,609452.616349168,763781.0465396672,859368.2179889075,940680.0096455268,969423.6797685073,988811.1888111888,994550.2773088979,998456.7156980949,999131.9025801783,999517.7236556546,999662.4065589582,999710.6341933928,1000000.0,48.22763443453082,48.22763443453082,48.22763443453082,48.22763443453082,48.22763443453082,48.22763443453082,48.22763443453082,48.22763443453082,48.22763443453082,48.22763443453082,48.22763443453082,48.22763443453082,48.22763443453082,48.22763443453082,48.22763443453082,48.22763443453082,48.22763443453082,48.22763443453082,48.22763443453082,48.22763443453082,48.22763443453082,48.22763443453082,48.22763443453082,48.22763443453082,48.22763443453082,48.22763443453082,48.22763443453082,48.22763443453082,48.22763443453082,48.22763443453082,48.22763443453082,48.22763443453082,48.22763443453082,48.22763443453082,48.22763443453082,48.22763443453082,48.22763443453082,48.22763443453082,48.22763443453082,48.22763443453082,48.22763443453082,48.22763443453082,48.22763443453082,48.22763443453082,48.22763443453082,48.22763443453082,48.22763443453082,48.22763443453082,48.22763443453082,48.22763443453082,48.22763443453082,48.22763443453082,48.22763443453082,48.22763443453082,48.22763443453082,48.22763443453082,48.22763443453082,48.22763443453082,48.22763443453082,48.22763443453082,48.22763443453082,48.22763443453082,48.22763443453082,1000000.0
FLINT,MAGNUM03,F,na,na,na,na,2025_03_11-15_02_56,na,4,70,Yes,1,na,144.68290330359284,2411.3817217266105,771.6421509525992,9.5,40.0,60.0,,,,144.68290330359284,3472.3896792862633,771.6421509525992,9.5,40.0,60.0,32.0,19.0,12.0,28.0,14.0,9.0,21.0,8.0,7.0,16.0,5.0,6.0,10.0,0.0,5.0,3.0,-8.0,0.0,7.0,-4.0,3.0,0.0,32.0,32.0,51.0,51.0,63.0,0.0,28.0,34.0,48.0,54.0,63.0,2.0,23.0,37.0,45.0,56.0,63.0,4.0,20.0,38.0,43.0,57.0,63.0,6.0,16.0,40.0,40.0,58.0,63.0,8.0,11.0,44.0,36.0,63.0,63.0,7.0,14.0,42.0,38.0,60.0,63.0,10.0,0.0,50.0,4.0,63.0,36.0,63.0,63.0,0.6293761297791395,3.245727135705578,2.717380123184765,0.0,30.0,160.0,954183.7472871954,967783.9401977332,981866.4094526162,987460.8150470218,994887.8707499397,997974.4393537496,999180.1302146129,999758.8618278273,999903.5447311308,1000000.0,1000000.0,1000000.0,1000000.0,1000000.0,1000000.0,1000000.0,1000000.0,1000000.0,1000000.0,1000000.0,1000000.0,1000000.0,1000000.0,1000000.0,1000000.0,1000000.0,1000000.0,1000000.0,1000000.0,1000000.0,1000000.0,1000000.0,1000000.0,1000000.0,1000000.0,1000000.0,1000000.0,1000000.0,1000000.0,1000000.0,1000000.0,1000000.0,1000000.0,1000000.0,1000000.0,1000000.0,1000000.0,1000000.0,1000000.0,1000000.0,1000000.0,1000000.0,1000000.0,1000000.0,1000000.0,1000000.0,1000000.0,1000000.0,1000000.0,1000000.0,1000000.0,1000000.0,1000000.0,1000000.0,0.0,0.0,0.0,0.0,48.22763443453082,48.22763443453082,48.22763443453082,48.22763443453082,144.68290330359284,144.68290330359284,192.91053773812425,241.13817217265407,337.59344104171646,530.5039787798403,771.6421509524955,1157.4632264287443,1495.056667470457,2170.2435495538875,3134.7962382445157,4195.804195804195,6751.868820834333,9741.98215577526,16349.168073306007,23583.31323848561,36315.408729201816,53677.35712563295,88642.39209066799,125777.6706052568,194019.7733301181,278659.27176271996,408054.01495056663,457873.16132143716,713431.3961900169,806414.2753797924,899348.9269351338,940680.0096455268,974680.4919218712,987412.5874125873,995370.147094285,997588.6182782734,999180.1302146129,999517.7236556546,999855.3170966964,999855.3170966964,999951.7723655654,999951.7723655654,1000000.0,1000000.0,1000000.0,1000000.0,1000000.0,1000000.0,1000000.0,1000000.0,1000000.0,1000000.0,1000000.0,1000000.0,1000000.0,1000000.0,1000000.0,1000000.0,1000000.0,1000000.0,0.0,0.0,0.0,0.0,0.0,0.0,0.0,0.0,0.0,0.0,0.0,0.0,0.0,0.0,0.0,0.0,0.0,0.0,0.0,0.0,0.0,0.0,0.0,0.0,0.0,0.0,0.0,0.0,0.0,0.0,0.0,0.0,0.0,0.0,0.0,0.0,241.13817217265407,289.36580660718624,626.959247648901,964.5526886906189,1687.967205208584,2700.747528333735,5787.316132143714,8439.836026042916,16542.078611044137,28984.80829515312,59705.811429949295,91391.36725343627,166722.93224017366,259754.0390643839,411429.9493609838,530262.8406076682,706486.6168314444,825512.4186158669,926115.2640462985,964986.7374005304,988184.22956354,995948.8787074994,998794.3091391367,999228.3578490474,999855.3170966964,999855.3170966964,999855.3170966964,1000000.0,0.0,0.0,0.0,0.0,0.0,0.0,0.0,0.0,0.0,0.0,0.0,0.0,0.0,0.0,0.0,0.0,0.0,0.0,0.0,0.0,0.0,0.0,0.0,0.0,0.0,0.0,0.0,0.0,0.0,0.0,0.0,0.0,0.0,0.0,0.0,0.0,0.0,0.0,0.0,0.0,0.0,0.0,0.0,0.0,0.0,0.0,0.0,0.0,0.0,0.0,0.0,0.0,0.0,0.0,0.0,0.0,0.0,0.0,0.0,0.0,0.0,0.0,0.0,1000000.0
FLINT,MAGNUM03,F,na,na,na,na,2025_03_11-15_02_56,na,4,71,Yes,1,na,0.0,1446.829033035929,771.6421509525992,10.0,41.0,62.0,,,,0.0,2266.69881842299,771.6421509525992,10.0,41.0,62.0,31.0,20.0,12.0,28.0,15.0,9.0,22.0,10.0,7.0,17.0,6.0,6.0,12.0,1.0,3.0,8.0,-10.0,0.0,9.0,-2.0,0.0,0.0,31.0,31.0,51.0,51.0,63.0,0.0,28.0,34.0,49.0,54.0,63.0,2.0,24.0,36.0,46.0,56.0,63.0,4.0,21.0,38.0,44.0,57.0,63.0,6.0,18.0,40.0,41.0,60.0,63.0,8.0,16.0,49.0,39.0,63.0,63.0,7.0,16.0,42.0,40.0,63.0,63.0,10.0,0.0,60.0,10.0,63.0,37.0,63.0,63.0,0.5602637948938224,3.0036785335840865,2.6166229710749285,0.0,30.0,160.0,958572.4620207378,971738.6062213648,986206.896551724,990788.5218230045,996527.6103207137,998553.1709669641,999469.4960212201,999710.6341933928,999951.7723655654,1000000.0,1000000.0,1000000.0,1000000.0,1000000.0,1000000.0,1000000.0,1000000.0,1000000.0,1000000.0,1000000.0,1000000.0,1000000.0,1000000.0,1000000.0,1000000.0,1000000.0,1000000.0,1000000.0,1000000.0,1000000.0,1000000.0,1000000.0,1000000.0,1000000.0,1000000.0,1000000.0,1000000.0,1000000.0,1000000.0,1000000.0,1000000.0,1000000.0,1000000.0,1000000.0,1000000.0,1000000.0,1000000.0,1000000.0,1000000.0,1000000.0,1000000.0,1000000.0,1000000.0,1000000.0,1000000.0,1000000.0,1000000.0,1000000.0,1000000.0,1000000.0,1000000.0,1000000.0,1000000.0,1000000.0,0.0,0.0,0.0,0.0,0.0,0.0,0.0,0.0,0.0,0.0,48.22763443453082,48.22763443453082,96.4552688690621,144.68290330359284,192.91053773812425,192.91053773812425,578.7316132143711,916.3250542560885,1977.3330118157653,2604.2922594646707,3568.844948155295,6510.730648661682,12008.680974198212,16686.761514347712,28116.71087533155,45044.61056185197,80202.55606462507,119556.30576320231,191415.48107065354,286906.19725102483,423342.175066313,506004.3404870991,732143.7183506149,831299.7347480105,924330.8415722209,956691.5842777911,982734.5068724379,992958.7653725585,997395.7077405354,998215.5775259222,999180.1302146129,999373.040752351,999565.9512900892,999565.9512900892,999662.4065589582,999662.4065589582,999710.6341933928,999758.8618278273,999807.0894622619,999903.5447311308,999951.7723655654,999951.7723655654,1000000.0,1000000.0,1000000.0,1000000.0,1000000.0,1000000.0,1000000.0,1000000.0,1000000.0,1000000.0,1000000.0,1000000.0,0.0,0.0,0.0,0.0,0.0,0.0,0.0,0.0,0.0,0.0,0.0,0.0,0.0,0.0,0.0,0.0,0.0,0.0,0.0,0.0,0.0,0.0,0.0,0.0,0.0,0.0,0.0,0.0,0.0,0.0,0.0,0.0,0.0,0.0,0.0,0.0,0.0,48.22763443453082,144.68290330359284,482.27634434531,819.8697853870253,1495.056667470457,3086.56860380998,5690.860863274664,12539.18495297808,22763.44345309863,49819.14637087052,79864.96262358334,153315.6498673741,241909.81432360742,398890.76440800575,508367.4945743911,693995.6595129009,826139.3778635158,930938.0274897516,967446.3467566915,988280.6848324089,995418.3747287195,998119.1222570533,998649.626235833,999083.6749457439,999228.3578490474,999324.8131179166,1000000.0,0.0,0.0,0.0,0.0,0.0,0.0,0.0,0.0,0.0,0.0,0.0,0.0,0.0,0.0,0.0,0.0,0.0,0.0,0.0,0.0,0.0,0.0,0.0,0.0,0.0,0.0,0.0,0.0,0.0,0.0,0.0,0.0,0.0,0.0,0.0,0.0,0.0,0.0,0.0,0.0,0.0,0.0,0.0,0.0,0.0,0.0,0.0,0.0,0.0,0.0,0.0,0.0,0.0,0.0,0.0,0.0,0.0,0.0,0.0,0.0,0.0,0.0,0.0,1000000.0
FLINT,MAGNUM03,F,na,na,na,na,2025_03_11-15_02_56,na,4,72,Yes,1,na,0.0,2266.6988184229576,0.0,9.0,40.0,62.5,,,,0.0,3713.527851458901,0.0,9.0,40.0,62.5,30.0,20.0,13.0,27.0,14.0,11.0,23.0,8.0,8.0,18.0,4.0,7.0,13.0,0.0,5.0,7.0,-7.0,3.0,11.0,-3.0,4.0,0.0,30.0,30.0,50.0,50.0,63.0,0.0,27.0,33.0,47.0,52.0,63.0,0.0,23.0,36.0,44.0,55.0,63.0,2.0,20.0,38.0,42.0,56.0,63.0,4.0,17.0,40.0,40.0,58.0,63.0,6.0,13.0,43.0,36.0,60.0,63.0,5.0,16.0,41.0,38.0,59.0,63.0,7.0,0.0,62.0,11.0,62.0,35.0,63.0,63.0,0.3005120010287807,3.2014636665202914,2.7238267474807105,0.0,30.0,160.0,986544.4899927658,991222.5705329153,995370.147094285,997492.1630094043,999421.2683867855,999710.6341933928,1000000.0,1000000.0,1000000.0,1000000.0,1000000.0,1000000.0,1000000.0,1000000.0,1000000.0,1000000.0,1000000.0,1000000.0,1000000.0,1000000.0,1000000.0,1000000.0,1000000.0,1000000.0,1000000.0,1000000.0,1000000.0,1000000.0,1000000.0,1000000.0,1000000.0,1000000.0,1000000.0,1000000.0,1000000.0,1000000.0,1000000.0,1000000.0,1000000.0,1000000.0,1000000.0,1000000.0,1000000.0,1000000.0,1000000.0,1000000.0,1000000.0,1000000.0,1000000.0,1000000.0,1000000.0,1000000.0,1000000.0,1000000.0,1000000.0,1000000.0,1000000.0,1000000.0,1000000.0,1000000.0,1000000.0,1000000.0,1000000.0,1000000.0,0.0,0.0,0.0,0.0,0.0,0.0,0.0,0.0,0.0,0.0,0.0,96.4552688690621,192.91053773812425,241.13817217265407,385.82107547624787,482.27634434531,723.414516517964,1398.601398601398,2363.1540872920177,3858.2107547624714,7378.82806848324,11912.225705329136,21654.207861104413,31540.872920183247,52423.43863033518,80250.78369905958,132336.628888353,183699.05956112858,283916.0839160839,395611.28526645765,551724.1379310344,617265.4931275621,821220.1591511936,889703.4000482275,947142.512659754,969568.3626718109,986351.5794550277,992572.9442970823,996720.5208584518,998553.1709669641,999421.2683867855,999662.4065589582,999855.3170966964,999951.7723655654,999951.7723655654,999951.7723655654,999951.7723655654,999951.7723655654,999951.7723655654,999951.7723655654,999951.7723655654,999951.7723655654,999951.7723655654,999951.7723655654,999951.7723655654,999951.7723655654,999951.7723655654,999951.7723655654,1000000.0,1000000.0,1000000.0,1000000.0,1000000.0,1000000.0,0.0,0.0,0.0,0.0,0.0,0.0,0.0,0.0,0.0,0.0,0.0,0.0,0.0,0.0,0.0,0.0,0.0,0.0,0.0,0.0,0.0,0.0,0.0,0.0,0.0,0.0,0.0,0.0,0.0,0.0,0.0,0.0,0.0,0.0,0.0,96.4552688690621,241.13817217265407,337.59344104171646,675.1868820834334,1061.0079575596806,2314.926452857486,4678.080540149494,9838.437424644324,15866.891728960678,31589.100554617777,54641.90981432362,109235.59199421262,165710.15191704847,283723.17337834573,419001.6879672052,602314.9264528574,715215.8186640944,844465.8789486374,914926.4528574873,967012.2980467808,984904.7504219918,995129.0089221123,998119.1222570533,999469.4960212201,999855.3170966964,1000000.0,1000000.0,1000000.0,1000000.0,0.0,0.0,0.0,0.0,0.0,0.0,0.0,0.0,0.0,0.0,0.0,0.0,0.0,0.0,0.0,0.0,0.0,0.0,0.0,0.0,0.0,0.0,0.0,0.0,0.0,0.0,0.0,0.0,0.0,0.0,0.0,0.0,0.0,0.0,0.0,0.0,0.0,0.0,0.0,0.0,0.0,0.0,0.0,0.0,0.0,0.0,0.0,0.0,0.0,0.0,0.0,0.0,0.0,0.0,0.0,0.0,0.0,0.0,0.0,0.0,0.0,0.0,0.0,1000000.0
FLINT,MAGNUM03,F,na,na,na,na,2025_03_11-15_02_56,na,4,73,Yes,1,na,48.22763443453082,1687.967205208584,0.0,8.0,39.0,62.0,,,,48.22763443453082,2700.7475283337326,0.0,8.0,39.0,62.0,30.0,20.0,13.0,27.0,14.0,11.0,23.0,8.0,8.0,18.0,5.0,7.0,13.0,1.0,5.0,7.0,-6.0,0.0,11.0,-2.0,5.0,0.0,30.0,30.0,50.0,50.0,63.0,0.0,27.0,33.0,47.0,52.0,63.0,0.0,23.0,36.0,44.0,55.0,63.0,2.0,20.0,37.0,42.0,56.0,63.0,4.0,17.0,39.0,40.0,58.0,63.0,6.0,13.0,43.0,37.0,63.0,63.0,5.0,16.0,40.0,38.0,58.0,63.0,8.0,0.0,54.0,6.0,63.0,36.0,63.0,62.0,0.2799442862452151,3.1538935474443166,2.638450632765972,0.006944276993437237,30.0,160.0,987074.9939715456,991849.5297805641,996382.9274174101,998070.8946226187,999517.7236556546,999807.0894622619,999951.7723655654,1000000.0,1000000.0,1000000.0,1000000.0,1000000.0,1000000.0,1000000.0,1000000.0,1000000.0,1000000.0,1000000.0,1000000.0,1000000.0,1000000.0,1000000.0,1000000.0,1000000.0,1000000.0,1000000.0,1000000.0,1000000.0,1000000.0,1000000.0,1000000.0,1000000.0,1000000.0,1000000.0,1000000.0,1000000.0,1000000.0,1000000.0,1000000.0,1000000.0,1000000.0,1000000.0,1000000.0,1000000.0,1000000.0,1000000.0,1000000.0,1000000.0,1000000.0,1000000.0,1000000.0,1000000.0,1000000.0,1000000.0,1000000.0,1000000.0,1000000.0,1000000.0,1000000.0,1000000.0,1000000.0,1000000.0,1000000.0,1000000.0,0.0,0.0,0.0,0.0,0.0,0.0,48.22763443453082,48.22763443453082,96.4552688690621,96.4552688690621,96.4552688690621,96.4552688690621,96.4552688690621,241.13817217265407,289.36580660718624,337.59344104171646,1061.0079575596806,1639.7395707740552,2893.6580660718573,4099.348926935128,6558.958283096219,10465.39667229322,20110.923559199407,30142.271521581883,51892.93465155528,81842.29563539907,144200.6269592477,198649.62623583316,307306.4866168314,426669.8818422956,586496.2623583314,652664.5768025077,833952.2546419099,898480.8295153123,952544.0077164215,972413.7931034482,988811.1888111888,995032.5536532432,998312.0327947914,999228.3578490474,999710.6341933928,999758.8618278273,999855.3170966964,999903.5447311308,999951.7723655654,999951.7723655654,999951.7723655654,999951.7723655654,999951.7723655654,999951.7723655654,999951.7723655654,1000000.0,1000000.0,1000000.0,1000000.0,1000000.0,1000000.0,1000000.0,1000000.0,1000000.0,1000000.0,1000000.0,1000000.0,1000000.0,0.0,0.0,0.0,0.0,0.0,0.0,0.0,0.0,0.0,0.0,0.0,0.0,0.0,0.0,0.0,0.0,0.0,0.0,0.0,0.0,0.0,0.0,0.0,0.0,0.0,0.0,0.0,0.0,0.0,0.0,0.0,0.0,0.0,0.0,0.0,0.0,96.4552688690621,385.82107547624787,626.959247648901,1061.0079575596806,2122.0159151193625,4292.259464673261,9356.161080299,15818.664094526175,31782.011092355893,58066.0718591753,116228.59898721965,180660.718591753,314010.12780323124,458837.7140101278,648227.6344345309,750856.040511213,876054.9795032553,936821.7988907644,976464.9143959489,988618.2782734506,996141.7892452375,998504.9433325295,999758.8618278273,999855.3170966964,999855.3170966964,999855.3170966964,999855.3170966964,1000000.0,0.0,0.0,0.0,0.0,0.0,0.0,0.0,0.0,0.0,0.0,0.0,0.0,0.0,0.0,0.0,0.0,0.0,0.0,0.0,0.0,0.0,0.0,0.0,0.0,0.0,0.0,0.0,0.0,0.0,0.0,0.0,0.0,0.0,0.0,0.0,0.0,0.0,0.0,0.0,0.0,0.0,0.0,0.0,0.0,0.0,0.0,0.0,0.0,0.0,0.0,0.0,0.0,0.0,0.0,0.0,0.0,0.0,0.0,0.0,0.0,0.0,0.0,48.22763443453082,1000000.0
FLINT,MAGNUM03,F,na,na,na,na,2025_03_11-15_02_56,na,4,74,Yes,1,na,0.0,482.27634434538857,0.0,11.5,41.0,60.0,,,,0.0,626.9592476489814,0.0,11.5,41.0,60.0,32.0,19.0,12.0,29.0,16.0,10.0,21.0,10.0,8.0,18.0,8.0,7.0,15.0,5.0,6.0,10.0,-8.0,4.0,13.0,1.0,6.0,0.0,32.0,32.0,51.0,51.0,63.0,0.0,29.0,33.0,49.0,53.0,63.0,4.0,25.0,36.0,46.0,55.0,63.0,5.0,23.0,37.0,45.0,56.0,63.0,6.0,21.0,38.0,43.0,57.0,63.0,8.0,18.0,50.0,42.0,58.0,62.0,7.0,20.0,41.0,42.0,57.0,63.0,9.0,0.0,63.0,14.0,59.0,37.0,63.0,61.0,1.0581557166260434,2.620312999233806,2.205787447897667,0.026890485720827032,30.0,160.0,842729.6841089944,888449.4815529299,939040.2700747529,958427.7791174343,987123.2216059802,995755.9681697612,999131.9025801783,999565.9512900892,1000000.0,1000000.0,1000000.0,1000000.0,1000000.0,1000000.0,1000000.0,1000000.0,1000000.0,1000000.0,1000000.0,1000000.0,1000000.0,1000000.0,1000000.0,1000000.0,1000000.0,1000000.0,1000000.0,1000000.0,1000000.0,1000000.0,1000000.0,1000000.0,1000000.0,1000000.0,1000000.0,1000000.0,1000000.0,1000000.0,1000000.0,1000000.0,1000000.0,1000000.0,1000000.0,1000000.0,1000000.0,1000000.0,1000000.0,1000000.0,1000000.0,1000000.0,1000000.0,1000000.0,1000000.0,1000000.0,1000000.0,1000000.0,1000000.0,1000000.0,1000000.0,1000000.0,1000000.0,1000000.0,1000000.0,1000000.0,0.0,0.0,0.0,0.0,0.0,0.0,0.0,0.0,0.0,0.0,0.0,0.0,0.0,0.0,48.22763443453082,48.22763443453082,96.4552688690621,144.68290330359284,241.13817217265407,434.04870991077877,819.8697853870253,1591.5119363395213,3568.844948155295,6944.779358572451,12683.867856281646,24740.776464914372,51748.25174825174,85073.54714251269,157800.8198697855,260815.04702194358,407812.876778394,464769.7130455751,733494.0921147817,842536.7735712563,937593.4410417168,969809.5008439835,990643.8389197009,996961.6590306245,998794.3091391367,999324.8131179166,999517.7236556546,999662.4065589582,999662.4065589582,999758.8618278273,999758.8618278273,999758.8618278273,999758.8618278273,999758.8618278273,999807.0894622619,999855.3170966964,999903.5447311308,999951.7723655654,999951.7723655654,999951.7723655654,999951.7723655654,999951.7723655654,999951.7723655654,999951.7723655654,999951.7723655654,999951.7723655654,999951.7723655654,999951.7723655654,1000000.0,1000000.0,0.0,0.0,0.0,0.0,0.0,0.0,0.0,0.0,0.0,0.0,0.0,0.0,0.0,0.0,0.0,0.0,0.0,0.0,0.0,0.0,0.0,0.0,0.0,0.0,0.0,0.0,0.0,0.0,0.0,0.0,0.0,0.0,0.0,0.0,0.0,0.0,0.0,48.22763443453082,48.22763443453082,48.22763443453082,48.22763443453082,192.91053773812425,1012.7803231251486,1543.2843019049903,4244.031830238725,9838.437424644324,28116.71087533155,57294.42970822282,137689.896310586,252278.75572703156,450494.3332529539,583554.376657825,760935.6161080298,878080.5401495057,964552.6886906198,988473.595370147,998601.3986013986,999710.6341933928,1000000.0,1000000.0,1000000.0,1000000.0,1000000.0,1000000.0,0.0,0.0,0.0,0.0,0.0,0.0,0.0,0.0,0.0,0.0,0.0,0.0,0.0,0.0,0.0,0.0,0.0,0.0,0.0,0.0,0.0,0.0,0.0,0.0,0.0,0.0,0.0,0.0,0.0,0.0,0.0,0.0,0.0,0.0,0.0,0.0,0.0,0.0,0.0,0.0,0.0,0.0,0.0,0.0,0.0,0.0,0.0,0.0,0.0,0.0,0.0,0.0,0.0,0.0,0.0,0.0,0.0,0.0,0.0,0.0,0.0,96.4552688690621,434.04870991077877,1000000.0
FLINT,MAGNUM03,F,na,na,na,na,2025_03_11-15_02_56,na,4,75,Yes,1,na,0.0,626.959247648901,0.0,9.5,40.0,60.0,,,,0.0,1109.2355919942897,0.0,9.5,40.0,60.0,30.0,20.0,13.0,27.0,16.0,11.0,22.0,10.0,9.0,18.0,6.0,7.0,14.0,3.0,6.0,8.0,-2.0,4.0,11.0,0.0,5.0,0.0,30.0,30.0,50.0,50.0,63.0,0.0,27.0,32.0,48.0,52.0,63.0,1.0,23.0,35.0,45.0,54.0,63.0,3.0,21.0,37.0,43.0,56.0,63.0,4.0,18.0,38.0,41.0,57.0,63.0,6.0,14.0,40.0,38.0,58.0,62.0,5.0,16.0,40.0,40.0,58.0,63.0,9.0,0.0,56.0,10.0,63.0,38.0,63.0,60.0,0.39999183573194314,3.0007152285237715,2.338229439857384,0.027775098464747405,30.0,160.0,968410.8994453822,981528.8160115746,992765.8548348203,996093.561610803,999180.1302146129,999807.0894622619,1000000.0,1000000.0,1000000.0,1000000.0,1000000.0,1000000.0,1000000.0,1000000.0,1000000.0,1000000.0,1000000.0,1000000.0,1000000.0,1000000.0,1000000.0,1000000.0,1000000.0,1000000.0,1000000.0,1000000.0,1000000.0,1000000.0,1000000.0,1000000.0,1000000.0,1000000.0,1000000.0,1000000.0,1000000.0,1000000.0,1000000.0,1000000.0,1000000.0,1000000.0,1000000.0,1000000.0,1000000.0,1000000.0,1000000.0,1000000.0,1000000.0,1000000.0,1000000.0,1000000.0,1000000.0,1000000.0,1000000.0,1000000.0,1000000.0,1000000.0,1000000.0,1000000.0,1000000.0,1000000.0,1000000.0,1000000.0,1000000.0,1000000.0,0.0,0.0,0.0,0.0,0.0,0.0,0.0,0.0,0.0,0.0,48.22763443453082,48.22763443453082,48.22763443453082,144.68290330359284,241.13817217265407,385.82107547624787,723.414516517964,1109.2355919942117,1736.1948396431121,2700.747528333735,5112.12925006028,8391.608391608395,15915.11936339523,25753.55678803953,45960.93561610798,74077.6464914396,131854.35254400774,185628.16493850976,301808.5362912949,424451.41065830714,583843.742464432,629659.9951772365,853773.8123945019,912852.6645768026,961755.4858934169,978394.0197733301,991319.0258017844,996334.6997829756,998842.5367735712,999517.7236556546,999903.5447311308,999951.7723655654,1000000.0,1000000.0,1000000.0,1000000.0,1000000.0,1000000.0,1000000.0,1000000.0,1000000.0,1000000.0,1000000.0,1000000.0,1000000.0,1000000.0,1000000.0,1000000.0,1000000.0,1000000.0,1000000.0,1000000.0,1000000.0,1000000.0,0.0,0.0,0.0,0.0,0.0,0.0,0.0,0.0,0.0,0.0,0.0,0.0,0.0,0.0,0.0,0.0,0.0,0.0,0.0,0.0,0.0,0.0,0.0,0.0,0.0,0.0,0.0,0.0,0.0,0.0,0.0,0.0,0.0,0.0,0.0,0.0,0.0,0.0,241.13817217265407,385.82107547624787,675.1868820834334,1398.601398601398,3568.844948155295,6462.5030142271535,18808.777429467067,35977.8152881601,87050.88015432844,143911.26115264042,281167.10875331564,434289.8480829515,650494.333252954,764600.9163250542,894092.1147817698,949264.5285748733,984518.9293465156,993296.3588136001,998408.4880636605,999276.585483482,999903.5447311308,999903.5447311308,999903.5447311308,999903.5447311308,999903.5447311308,1000000.0,0.0,0.0,0.0,0.0,0.0,0.0,0.0,0.0,0.0,0.0,0.0,0.0,0.0,0.0,0.0,0.0,0.0,0.0,0.0,0.0,0.0,0.0,0.0,0.0,0.0,0.0,0.0,0.0,0.0,0.0,0.0,0.0,0.0,0.0,0.0,0.0,0.0,0.0,0.0,0.0,0.0,0.0,0.0,0.0,0.0,0.0,0.0,0.0,0.0,0.0,0.0,0.0,0.0,0.0,0.0,0.0,0.0,0.0,0.0,0.0,48.22763443453082,96.4552688690621,241.13817217265407,1000000.0
FLINT,MAGNUM03,F,na,na,na,na,2025_03_11-15_02_56,na,4,76,Yes,1,na,0.0,2122.0159151194002,1157.4632264288473,11.5,44.0,62.0,,,,0.0,3038.3409693755452,1157.4632264288473,11.5,44.0,62.0,33.0,21.0,9.0,30.0,16.0,7.0,23.0,10.0,5.0,19.0,6.0,4.0,15.0,-4.0,2.0,9.0,-18.0,0.0,12.0,-13.0,0.0,0.0,33.0,33.0,54.0,54.0,63.0,0.0,30.0,35.0,51.0,56.0,63.0,3.0,26.0,38.0,48.0,58.0,63.0,5.0,24.0,40.0,46.0,59.0,63.0,6.0,21.0,48.0,44.0,61.0,63.0,9.0,18.0,60.0,42.0,63.0,63.0,7.0,19.0,56.0,43.0,63.0,63.0,10.0,0.0,62.0,13.0,63.0,36.0,63.0,63.0,0.7826723149156553,3.006676439869774,2.367775921331957,0.0,30.0,160.0,926838.6785628165,948058.8377140102,970291.7771883288,980612.4909573185,992090.6679527368,996672.2932240173,999035.4473113093,999662.4065589582,999855.3170966964,999903.5447311308,1000000.0,1000000.0,1000000.0,1000000.0,1000000.0,1000000.0,1000000.0,1000000.0,1000000.0,1000000.0,1000000.0,1000000.0,1000000.0,1000000.0,1000000.0,1000000.0,1000000.0,1000000.0,1000000.0,1000000.0,1000000.0,1000000.0,1000000.0,1000000.0,1000000.0,1000000.0,1000000.0,1000000.0,1000000.0,1000000.0,1000000.0,1000000.0,1000000.0,1000000.0,1000000.0,1000000.0,1000000.0,1000000.0,1000000.0,1000000.0,1000000.0,1000000.0,1000000.0,1000000.0,1000000.0,1000000.0,1000000.0,1000000.0,1000000.0,1000000.0,1000000.0,1000000.0,1000000.0,1000000.0,0.0,0.0,0.0,0.0,0.0,0.0,0.0,0.0,0.0,0.0,0.0,0.0,0.0,48.22763443453082,48.22763443453082,48.22763443453082,96.4552688690621,192.91053773812425,337.59344104171646,626.959247648901,1012.7803231251486,1687.967205208584,3038.3409693754506,4822.763443453095,8246.925488304796,14854.111405835532,28984.80829515312,47311.30938027491,81890.52326983365,129780.5642633229,213310.82710393055,281360.0192910537,480588.3771401013,611960.4533397637,759633.4699782975,847359.5370147093,928719.5563057632,967301.6638533879,985579.9373040752,992428.2613937786,995466.602363154,996865.2037617555,997685.0735471424,997877.9840848806,998167.3498914879,998360.2604292259,998649.626235833,998649.626235833,998890.7644080058,998987.2196768748,999083.6749457439,999131.9025801783,999276.585483482,999276.585483482,999373.040752351,999517.7236556546,999662.4065589582,999710.6341933928,999855.3170966964,999855.3170966964,1000000.0,1000000.0,1000000.0,1000000.0,0.0,0.0,0.0,0.0,0.0,0.0,0.0,0.0,0.0,0.0,0.0,0.0,0.0,0.0,0.0,0.0,0.0,0.0,0.0,0.0,0.0,0.0,0.0,0.0,0.0,0.0,0.0,0.0,0.0,0.0,0.0,0.0,0.0,0.0,0.0,0.0,48.22763443453082,48.22763443453082,48.22763443453082,48.22763443453082,48.22763443453082,96.4552688690621,337.59344104171646,771.6421509524955,1495.056667470457,2507.836990595609,6607.1859175307445,13069.688931757892,28454.30431637329,56619.24282613938,119459.85049433328,187267.90450928386,324089.70340004825,472244.9963829274,684398.3602604292,819821.5577525923,927562.0930793345,974053.5326742223,992765.8548348203,996768.7484928863,998504.9433325295,998842.5367735712,998987.2196768748,1000000.0,0.0,0.0,0.0,0.0,0.0,0.0,0.0,0.0,0.0,0.0,0.0,0.0,0.0,0.0,0.0,0.0,0.0,0.0,0.0,0.0,0.0,0.0,0.0,0.0,0.0,0.0,0.0,0.0,0.0,0.0,0.0,0.0,0.0,0.0,0.0,0.0,0.0,0.0,0.0,0.0,0.0,0.0,0.0,0.0,0.0,0.0,0.0,0.0,0.0,0.0,0.0,0.0,0.0,0.0,0.0,0.0,0.0,0.0,0.0,0.0,0.0,0.0,0.0,1000000.0
FLINT,MAGNUM03,F,na,na,na,na,2025_03_11-15_02_56,na,4,77,Yes,1,na,1000000.0,1000000.0,1000000.0,0.0,22.0,35.666666666666664,,,,1000000.0,1000000.0,1000000.0,0.0,22.0,35.666666666666664,0.0,0.0,0.0,0.0,0.0,0.0,0.0,0.0,0.0,0.0,0.0,0.0,0.0,0.0,0.0,0.0,0.0,0.0,0.0,0.0,0.0,0.0,0.0,0.0,0.0,0.0,0.0,0.0,0.0,0.0,0.0,0.0,0.0,0.0,0.0,0.0,0.0,0.0,0.0,0.0,0.0,0.0,0.0,0.0,0.0,0.0,0.0,0.0,0.0,0.0,0.0,0.0,0.0,0.0,0.0,0.0,0.0,0.0,0.0,0.0,0.0,0.0,0.0,0.0,0.0,0.0,0.0,44.0,0.0,63.0,0.0,0.0,0.0,0.3055481877112384,0.6186885949313039,30.0,160.0,1000000.0,1000000.0,1000000.0,1000000.0,1000000.0,1000000.0,1000000.0,1000000.0,1000000.0,1000000.0,1000000.0,1000000.0,1000000.0,1000000.0,1000000.0,1000000.0,1000000.0,1000000.0,1000000.0,1000000.0,1000000.0,1000000.0,1000000.0,1000000.0,1000000.0,1000000.0,1000000.0,1000000.0,1000000.0,1000000.0,1000000.0,1000000.0,1000000.0,1000000.0,1000000.0,1000000.0,1000000.0,1000000.0,1000000.0,1000000.0,1000000.0,1000000.0,1000000.0,1000000.0,1000000.0,1000000.0,1000000.0,1000000.0,1000000.0,1000000.0,1000000.0,1000000.0,1000000.0,1000000.0,1000000.0,1000000.0,1000000.0,1000000.0,1000000.0,1000000.0,1000000.0,1000000.0,1000000.0,1000000.0,1000000.0,1000000.0,1000000.0,1000000.0,1000000.0,1000000.0,1000000.0,1000000.0,1000000.0,1000000.0,1000000.0,1000000.0,1000000.0,1000000.0,1000000.0,1000000.0,1000000.0,1000000.0,1000000.0,1000000.0,1000000.0,1000000.0,1000000.0,1000000.0,1000000.0,1000000.0,1000000.0,1000000.0,1000000.0,1000000.0,1000000.0,1000000.0,1000000.0,1000000.0,1000000.0,1000000.0,1000000.0,1000000.0,1000000.0,1000000.0,1000000.0,1000000.0,1000000.0,1000000.0,1000000.0,1000000.0,1000000.0,1000000.0,1000000.0,1000000.0,1000000.0,1000000.0,1000000.0,1000000.0,1000000.0,1000000.0,1000000.0,1000000.0,1000000.0,1000000.0,1000000.0,1000000.0,1000000.0,1000000.0,1000000.0,1000000.0,1000000.0,1000000.0,1000000.0,1000000.0,1000000.0,1000000.0,1000000.0,1000000.0,1000000.0,1000000.0,1000000.0,1000000.0,1000000.0,1000000.0,1000000.0,1000000.0,1000000.0,1000000.0,1000000.0,1000000.0,1000000.0,1000000.0,1000000.0,1000000.0,1000000.0,1000000.0,1000000.0,1000000.0,1000000.0,1000000.0,1000000.0,1000000.0,1000000.0,1000000.0,1000000.0,1000000.0,1000000.0,1000000.0,1000000.0,1000000.0,1000000.0,1000000.0,1000000.0,1000000.0,1000000.0,1000000.0,1000000.0,1000000.0,1000000.0,1000000.0,1000000.0,1000000.0,1000000.0,1000000.0,1000000.0,1000000.0,1000000.0,1000000.0,1000000.0,1000000.0,1000000.0,1000000.0,999951.7723655654,999951.7723655654,999951.7723655654,999951.7723655654,999951.7723655654,999951.7723655654,999951.7723655654,999951.7723655654,999951.7723655654,999951.7723655654,999951.7723655654,999951.7723655654,999951.7723655654,999951.7723655654,999951.7723655654,999951.7723655654,999951.7723655654,999951.7723655654,999951.7723655654,999951.7723655654,999951.7723655654,999951.7723655654,999951.7723655654,999951.7723655654,999951.7723655654,999951.7723655654,999951.7723655654,999951.7723655654,999951.7723655654,999951.7723655654,999951.7723655654,999951.7723655654,999951.7723655654,999951.7723655654,999951.7723655654,999951.7723655654,999951.7723655654,999951.7723655654,999951.7723655654,999951.7723655654,999951.7723655654,999951.7723655654,999951.7723655654,999951.7723655654,999951.7723655654,999951.7723655654,999951.7723655654,999951.7723655654,999951.7723655654,999951.7723655654,999951.7723655654,999951.7723655654,999951.7723655654,999951.7723655654,999951.7723655654,999951.7723655654,999951.7723655654,999951.7723655654,999951.7723655654,999951.7723655654,999951.7723655654,999951.7723655654,999951.7723655654,1000000.0
