STEPPING,TESTER,SOCKET,BASE_REV,RUN_NAME,CURRENT_COMMIT,CURRENT_COMMIT_DATE,TEST_START_DATETIME,DIE_ID,MACRO,IO,ADC_CAL,TEST_SEQUENCE,TEST_NAME,LEVEL_01_XPOINT_PPM,LEVEL_12_XPOINT_PPM,LEVEL_23_XPOINT_PPM,LEVEL_01_XPOINT_ADC,LEVEL_12_XPOINT_ADC,LEVEL_23_XPOINT_ADC,LEVEL_01_XPOINT_EXT_PPM,LEVEL_12_XPOINT_EXT_PPM,LEVEL_23_XPOINT_EXT_PPM,LEVEL_01_XPOINT_SUM_PPM,LEVEL_12_XPOINT_SUM_PPM,LEVEL_23_XPOINT_SUM_PPM,LEVEL_01_XPOINT_SUM_ADC,LEVEL_12_XPOINT_SUM_ADC,LEVEL_23_XPOINT_SUM_ADC,LEVEL_01_0SIGMA_ADCRWB,LEVEL_12_0SIGMA_ADCRWB,LEVEL_23_0SIGMA_ADCRWB,LEVEL_01_M1SIGMA_ADCRWB,LEVEL_12_M1SIGMA_ADCRWB,LEVEL_23_M1SIGMA_ADCRWB,LEVEL_01_M2SIGMA_ADCRWB,LEVEL_12_M2SIGMA_ADCRWB,LEVEL_23_M2SIGMA_ADCRWB,LEVEL_01_M2P5SIGMA_ADCRWB,LEVEL_12_M2P5SIGMA_ADCRWB,LEVEL_23_M2P5SIGMA_ADCRWB,LEVEL_01_M3SIGMA_ADCRWB,LEVEL_12_M3SIGMA_ADCRWB,LEVEL_23_M3SIGMA_ADCRWB,LEVEL_01_170PPM_ADCRWB,LEVEL_12_170PPM_ADCRWB,LEVEL_23_170PPM_ADCRWB,LEVEL_01_500PPM_ADCRWB,LEVEL_12_500PPM_ADCRWB,LEVEL_23_500PPM_ADCRWB,LEVEL_01_0_0SIGMA_ADC,LEVEL_01_1_0SIGMA_ADC,LEVEL_12_1_0SIGMA_ADC,LEVEL_12_2_0SIGMA_ADC,LEVEL_23_2_0SIGMA_ADC,LEVEL_23_3_0SIGMA_ADC,LEVEL_01_0_M1SIGMA_ADC,LEVEL_01_1_M1SIGMA_ADC,LEVEL_12_1_M1SIGMA_ADC,LEVEL_12_2_M1SIGMA_ADC,LEVEL_23_2_M1SIGMA_ADC,LEVEL_23_3_M1SIGMA_ADC,LEVEL_01_0_M2SIGMA_ADC,LEVEL_01_1_M2SIGMA_ADC,LEVEL_12_1_M2SIGMA_ADC,LEVEL_12_2_M2SIGMA_ADC,LEVEL_23_2_M2SIGMA_ADC,LEVEL_23_3_M2SIGMA_ADC,LEVEL_01_0_M2P5SIGMA_ADC,LEVEL_01_1_M2P5SIGMA_ADC,LEVEL_12_1_M2P5SIGMA_ADC,LEVEL_12_2_M2P5SIGMA_ADC,LEVEL_23_2_M2P5SIGMA_ADC,LEVEL_23_3_M2P5SIGMA_ADC,LEVEL_01_0_M3SIGMA_ADC,LEVEL_01_1_M3SIGMA_ADC,LEVEL_12_1_M3SIGMA_ADC,LEVEL_12_2_M3SIGMA_ADC,LEVEL_23_2_M3SIGMA_ADC,LEVEL_23_3_M3SIGMA_ADC,LEVEL_01_0_170PPM_ADC,LEVEL_01_1_170PPM_ADC,LEVEL_12_1_170PPM_ADC,LEVEL_12_2_170PPM_ADC,LEVEL_23_2_170PPM_ADC,LEVEL_23_3_170PPM_ADC,LEVEL_01_0_500PPM_ADC,LEVEL_01_1_500PPM_ADC,LEVEL_12_1_500PPM_ADC,LEVEL_12_2_500PPM_ADC,LEVEL_23_2_500PPM_ADC,LEVEL_23_3_500PPM_ADC,LEVEL_0_MAXADC,LEVEL_0_MINADC,LEVEL_1_MAXADC,LEVEL_1_MINADC,LEVEL_2_MAXADC,LEVEL_2_MINADC,LEVEL_3_MAXADC,LEVEL_3_MINADC,LEVEL_0_DISTSIGMA,LEVEL_1_DISTSIGMA,LEVEL_2_DISTSIGMA,LEVEL_3_DISTSIGMA,ADC_0_COND_US,ADC_63_COND_US,LEVEL_0_0ADC_PPM,LEVEL_0_1ADC_PPM,LEVEL_0_2ADC_PPM,LEVEL_0_3ADC_PPM,LEVEL_0_4ADC_PPM,LEVEL_0_5ADC_PPM,LEVEL_0_6ADC_PPM,LEVEL_0_7ADC_PPM,LEVEL_0_8ADC_PPM,LEVEL_0_9ADC_PPM,LEVEL_0_10ADC_PPM,LEVEL_0_11ADC_PPM,LEVEL_0_12ADC_PPM,LEVEL_0_13ADC_PPM,LEVEL_0_14ADC_PPM,LEVEL_0_15ADC_PPM,LEVEL_0_16ADC_PPM,LEVEL_0_17ADC_PPM,LEVEL_0_18ADC_PPM,LEVEL_0_19ADC_PPM,LEVEL_0_20ADC_PPM,LEVEL_0_21ADC_PPM,LEVEL_0_22ADC_PPM,LEVEL_0_23ADC_PPM,LEVEL_0_24ADC_PPM,LEVEL_0_25ADC_PPM,LEVEL_0_26ADC_PPM,LEVEL_0_27ADC_PPM,LEVEL_0_28ADC_PPM,LEVEL_0_29ADC_PPM,LEVEL_0_30ADC_PPM,LEVEL_0_31ADC_PPM,LEVEL_0_32ADC_PPM,LEVEL_0_33ADC_PPM,LEVEL_0_34ADC_PPM,LEVEL_0_35ADC_PPM,LEVEL_0_36ADC_PPM,LEVEL_0_37ADC_PPM,LEVEL_0_38ADC_PPM,LEVEL_0_39ADC_PPM,LEVEL_0_40ADC_PPM,LEVEL_0_41ADC_PPM,LEVEL_0_42ADC_PPM,LEVEL_0_43ADC_PPM,LEVEL_0_44ADC_PPM,LEVEL_0_45ADC_PPM,LEVEL_0_46ADC_PPM,LEVEL_0_47ADC_PPM,LEVEL_0_48ADC_PPM,LEVEL_0_49ADC_PPM,LEVEL_0_50ADC_PPM,LEVEL_0_51ADC_PPM,LEVEL_0_52ADC_PPM,LEVEL_0_53ADC_PPM,LEVEL_0_54ADC_PPM,LEVEL_0_55ADC_PPM,LEVEL_0_56ADC_PPM,LEVEL_0_57ADC_PPM,LEVEL_0_58ADC_PPM,LEVEL_0_59ADC_PPM,LEVEL_0_60ADC_PPM,LEVEL_0_61ADC_PPM,LEVEL_0_62ADC_PPM,LEVEL_0_63ADC_PPM,LEVEL_1_0ADC_PPM,LEVEL_1_1ADC_PPM,LEVEL_1_2ADC_PPM,LEVEL_1_3ADC_PPM,LEVEL_1_4ADC_PPM,LEVEL_1_5ADC_PPM,LEVEL_1_6ADC_PPM,LEVEL_1_7ADC_PPM,LEVEL_1_8ADC_PPM,LEVEL_1_9ADC_PPM,LEVEL_1_10ADC_PPM,LEVEL_1_11ADC_PPM,LEVEL_1_12ADC_PPM,LEVEL_1_13ADC_PPM,LEVEL_1_14ADC_PPM,LEVEL_1_15ADC_PPM,LEVEL_1_16ADC_PPM,LEVEL_1_17ADC_PPM,LEVEL_1_18ADC_PPM,LEVEL_1_19ADC_PPM,LEVEL_1_20ADC_PPM,LEVEL_1_21ADC_PPM,LEVEL_1_22ADC_PPM,LEVEL_1_23ADC_PPM,LEVEL_1_24ADC_PPM,LEVEL_1_25ADC_PPM,LEVEL_1_26ADC_PPM,LEVEL_1_27ADC_PPM,LEVEL_1_28ADC_PPM,LEVEL_1_29ADC_PPM,LEVEL_1_30ADC_PPM,LEVEL_1_31ADC_PPM,LEVEL_1_32ADC_PPM,LEVEL_1_33ADC_PPM,LEVEL_1_34ADC_PPM,LEVEL_1_35ADC_PPM,LEVEL_1_36ADC_PPM,LEVEL_1_37ADC_PPM,LEVEL_1_38ADC_PPM,LEVEL_1_39ADC_PPM,LEVEL_1_40ADC_PPM,LEVEL_1_41ADC_PPM,LEVEL_1_42ADC_PPM,LEVEL_1_43ADC_PPM,LEVEL_1_44ADC_PPM,LEVEL_1_45ADC_PPM,LEVEL_1_46ADC_PPM,LEVEL_1_47ADC_PPM,LEVEL_1_48ADC_PPM,LEVEL_1_49ADC_PPM,LEVEL_1_50ADC_PPM,LEVEL_1_51ADC_PPM,LEVEL_1_52ADC_PPM,LEVEL_1_53ADC_PPM,LEVEL_1_54ADC_PPM,LEVEL_1_55ADC_PPM,LEVEL_1_56ADC_PPM,LEVEL_1_57ADC_PPM,LEVEL_1_58ADC_PPM,LEVEL_1_59ADC_PPM,LEVEL_1_60ADC_PPM,LEVEL_1_61ADC_PPM,LEVEL_1_62ADC_PPM,LEVEL_1_63ADC_PPM,LEVEL_2_0ADC_PPM,LEVEL_2_1ADC_PPM,LEVEL_2_2ADC_PPM,LEVEL_2_3ADC_PPM,LEVEL_2_4ADC_PPM,LEVEL_2_5ADC_PPM,LEVEL_2_6ADC_PPM,LEVEL_2_7ADC_PPM,LEVEL_2_8ADC_PPM,LEVEL_2_9ADC_PPM,LEVEL_2_10ADC_PPM,LEVEL_2_11ADC_PPM,LEVEL_2_12ADC_PPM,LEVEL_2_13ADC_PPM,LEVEL_2_14ADC_PPM,LEVEL_2_15ADC_PPM,LEVEL_2_16ADC_PPM,LEVEL_2_17ADC_PPM,LEVEL_2_18ADC_PPM,LEVEL_2_19ADC_PPM,LEVEL_2_20ADC_PPM,LEVEL_2_21ADC_PPM,LEVEL_2_22ADC_PPM,LEVEL_2_23ADC_PPM,LEVEL_2_24ADC_PPM,LEVEL_2_25ADC_PPM,LEVEL_2_26ADC_PPM,LEVEL_2_27ADC_PPM,LEVEL_2_28ADC_PPM,LEVEL_2_29ADC_PPM,LEVEL_2_30ADC_PPM,LEVEL_2_31ADC_PPM,LEVEL_2_32ADC_PPM,LEVEL_2_33ADC_PPM,LEVEL_2_34ADC_PPM,LEVEL_2_35ADC_PPM,LEVEL_2_36ADC_PPM,LEVEL_2_37ADC_PPM,LEVEL_2_38ADC_PPM,LEVEL_2_39ADC_PPM,LEVEL_2_40ADC_PPM,LEVEL_2_41ADC_PPM,LEVEL_2_42ADC_PPM,LEVEL_2_43ADC_PPM,LEVEL_2_44ADC_PPM,LEVEL_2_45ADC_PPM,LEVEL_2_46ADC_PPM,LEVEL_2_47ADC_PPM,LEVEL_2_48ADC_PPM,LEVEL_2_49ADC_PPM,LEVEL_2_50ADC_PPM,LEVEL_2_51ADC_PPM,LEVEL_2_52ADC_PPM,LEVEL_2_53ADC_PPM,LEVEL_2_54ADC_PPM,LEVEL_2_55ADC_PPM,LEVEL_2_56ADC_PPM,LEVEL_2_57ADC_PPM,LEVEL_2_58ADC_PPM,LEVEL_2_59ADC_PPM,LEVEL_2_60ADC_PPM,LEVEL_2_61ADC_PPM,LEVEL_2_62ADC_PPM,LEVEL_2_63ADC_PPM,LEVEL_3_0ADC_PPM,LEVEL_3_1ADC_PPM,LEVEL_3_2ADC_PPM,LEVEL_3_3ADC_PPM,LEVEL_3_4ADC_PPM,LEVEL_3_5ADC_PPM,LEVEL_3_6ADC_PPM,LEVEL_3_7ADC_PPM,LEVEL_3_8ADC_PPM,LEVEL_3_9ADC_PPM,LEVEL_3_10ADC_PPM,LEVEL_3_11ADC_PPM,LEVEL_3_12ADC_PPM,LEVEL_3_13ADC_PPM,LEVEL_3_14ADC_PPM,LEVEL_3_15ADC_PPM,LEVEL_3_16ADC_PPM,LEVEL_3_17ADC_PPM,LEVEL_3_18ADC_PPM,LEVEL_3_19ADC_PPM,LEVEL_3_20ADC_PPM,LEVEL_3_21ADC_PPM,LEVEL_3_22ADC_PPM,LEVEL_3_23ADC_PPM,LEVEL_3_24ADC_PPM,LEVEL_3_25ADC_PPM,LEVEL_3_26ADC_PPM,LEVEL_3_27ADC_PPM,LEVEL_3_28ADC_PPM,LEVEL_3_29ADC_PPM,LEVEL_3_30ADC_PPM,LEVEL_3_31ADC_PPM,LEVEL_3_32ADC_PPM,LEVEL_3_33ADC_PPM,LEVEL_3_34ADC_PPM,LEVEL_3_35ADC_PPM,LEVEL_3_36ADC_PPM,LEVEL_3_37ADC_PPM,LEVEL_3_38ADC_PPM,LEVEL_3_39ADC_PPM,LEVEL_3_40ADC_PPM,LEVEL_3_41ADC_PPM,LEVEL_3_42ADC_PPM,LEVEL_3_43ADC_PPM,LEVEL_3_44ADC_PPM,LEVEL_3_45ADC_PPM,LEVEL_3_46ADC_PPM,LEVEL_3_47ADC_PPM,LEVEL_3_48ADC_PPM,LEVEL_3_49ADC_PPM,LEVEL_3_50ADC_PPM,LEVEL_3_51ADC_PPM,LEVEL_3_52ADC_PPM,LEVEL_3_53ADC_PPM,LEVEL_3_54ADC_PPM,LEVEL_3_55ADC_PPM,LEVEL_3_56ADC_PPM,LEVEL_3_57ADC_PPM,LEVEL_3_58ADC_PPM,LEVEL_3_59ADC_PPM,LEVEL_3_60ADC_PPM,LEVEL_3_61ADC_PPM,LEVEL_3_62ADC_PPM,LEVEL_3_63ADC_PPM
FLINT,MAGNUM03,F,na,na,na,na,2025_03_11-09_22_56,na,1,0,Yes,1,na,0.0,0.0,0.0,13.0,51.0,0.0,,,,0.0,0.0,0.0,13.0,51.0,0.0,32.0,31.0,0.0,30.0,29.0,0.0,28.0,27.0,0.0,27.0,26.0,0.0,25.0,25.0,0.0,22.0,23.0,0.0,24.0,25.0,0.0,0.0,32.0,32.0,63.0,63.0,63.0,0.0,30.0,34.0,63.0,63.0,63.0,0.0,28.0,36.0,63.0,63.0,63.0,0.0,27.0,37.0,63.0,63.0,63.0,0.0,25.0,38.0,63.0,63.0,63.0,0.0,22.0,39.0,62.0,63.0,63.0,0.0,24.0,38.0,63.0,63.0,63.0,5.0,0.0,41.0,21.0,63.0,61.0,63.0,0.0,0.03472138496718618,1.9471672082656364,0.021956872338166962,0.4374894505865458,30.0,160.0,1000000.0,1000000.0,1000000.0,1000000.0,1000000.0,1000000.0,1000000.0,1000000.0,1000000.0,1000000.0,1000000.0,1000000.0,1000000.0,1000000.0,1000000.0,1000000.0,1000000.0,1000000.0,1000000.0,1000000.0,1000000.0,1000000.0,1000000.0,1000000.0,1000000.0,1000000.0,1000000.0,1000000.0,1000000.0,1000000.0,1000000.0,1000000.0,1000000.0,1000000.0,1000000.0,1000000.0,1000000.0,1000000.0,1000000.0,1000000.0,1000000.0,1000000.0,1000000.0,1000000.0,1000000.0,1000000.0,1000000.0,1000000.0,1000000.0,1000000.0,1000000.0,1000000.0,1000000.0,1000000.0,1000000.0,1000000.0,1000000.0,1000000.0,1000000.0,1000000.0,1000000.0,1000000.0,1000000.0,1000000.0,0.0,0.0,0.0,0.0,0.0,0.0,0.0,0.0,0.0,0.0,0.0,0.0,0.0,0.0,0.0,0.0,0.0,0.0,0.0,0.0,0.0,48.22763443453082,337.59344104171646,482.27634434531,868.0974198215577,2025.5606462503029,6076.6819387508895,13069.688931757892,32939.474318784654,78128.7677839402,163877.50180853633,226284.06076681934,511405.8355437665,702580.1784422474,883819.6286472147,955196.5276103207,990016.879672052,997540.3906438388,999565.9512900892,999951.7723655654,999951.7723655654,1000000.0,1000000.0,1000000.0,1000000.0,1000000.0,1000000.0,1000000.0,1000000.0,1000000.0,1000000.0,1000000.0,1000000.0,1000000.0,1000000.0,1000000.0,1000000.0,1000000.0,1000000.0,1000000.0,1000000.0,1000000.0,1000000.0,1000000.0,0.0,0.0,0.0,0.0,0.0,0.0,0.0,0.0,0.0,0.0,0.0,0.0,0.0,0.0,0.0,0.0,0.0,0.0,0.0,0.0,0.0,0.0,0.0,0.0,0.0,0.0,0.0,0.0,0.0,0.0,0.0,0.0,0.0,0.0,0.0,0.0,0.0,0.0,0.0,0.0,0.0,0.0,0.0,0.0,0.0,0.0,0.0,0.0,0.0,0.0,0.0,0.0,0.0,0.0,0.0,0.0,0.0,0.0,0.0,0.0,0.0,48.22763443453082,337.59344104171646,1000000.0,48.22763443453082,48.22763443453082,48.22763443453082,48.22763443453082,48.22763443453082,48.22763443453082,48.22763443453082,48.22763443453082,48.22763443453082,48.22763443453082,48.22763443453082,48.22763443453082,48.22763443453082,48.22763443453082,48.22763443453082,48.22763443453082,48.22763443453082,48.22763443453082,48.22763443453082,48.22763443453082,48.22763443453082,48.22763443453082,48.22763443453082,48.22763443453082,48.22763443453082,48.22763443453082,48.22763443453082,48.22763443453082,48.22763443453082,48.22763443453082,48.22763443453082,48.22763443453082,48.22763443453082,48.22763443453082,48.22763443453082,48.22763443453082,48.22763443453082,48.22763443453082,48.22763443453082,48.22763443453082,48.22763443453082,48.22763443453082,48.22763443453082,48.22763443453082,48.22763443453082,48.22763443453082,48.22763443453082,48.22763443453082,48.22763443453082,48.22763443453082,48.22763443453082,48.22763443453082,48.22763443453082,48.22763443453082,48.22763443453082,48.22763443453082,48.22763443453082,48.22763443453082,48.22763443453082,48.22763443453082,48.22763443453082,48.22763443453082,48.22763443453082,1000000.0
FLINT,MAGNUM03,F,na,na,na,na,2025_03_11-09_22_56,na,1,1,Yes,1,na,0.0,48.22763443457198,966433.5664335665,14.5,57.0,62.0,,,,0.0,96.45526886910281,966433.5664335665,14.5,57.0,62.0,32.0,31.0,0.0,30.0,29.0,0.0,25.0,25.0,0.0,21.0,22.0,0.0,19.0,19.0,0.0,14.0,5.0,0.0,17.0,13.0,0.0,0.0,32.0,32.0,63.0,63.0,63.0,0.0,30.0,34.0,63.0,63.0,63.0,2.0,27.0,36.0,61.0,63.0,63.0,4.0,25.0,38.0,60.0,63.0,63.0,5.0,24.0,40.0,59.0,63.0,63.0,7.0,21.0,53.0,58.0,63.0,63.0,5.0,22.0,46.0,59.0,63.0,63.0,9.0,0.0,58.0,20.0,63.0,57.0,63.0,63.0,0.531044731361017,2.3071324094967474,0.5072819620052568,0.0,30.0,160.0,955968.1697612732,971883.2891246683,984904.7504219918,991415.4810706534,998022.6669881842,999614.1789245236,999855.3170966964,1000000.0,1000000.0,1000000.0,1000000.0,1000000.0,1000000.0,1000000.0,1000000.0,1000000.0,1000000.0,1000000.0,1000000.0,1000000.0,1000000.0,1000000.0,1000000.0,1000000.0,1000000.0,1000000.0,1000000.0,1000000.0,1000000.0,1000000.0,1000000.0,1000000.0,1000000.0,1000000.0,1000000.0,1000000.0,1000000.0,1000000.0,1000000.0,1000000.0,1000000.0,1000000.0,1000000.0,1000000.0,1000000.0,1000000.0,1000000.0,1000000.0,1000000.0,1000000.0,1000000.0,1000000.0,1000000.0,1000000.0,1000000.0,1000000.0,1000000.0,1000000.0,1000000.0,1000000.0,1000000.0,1000000.0,1000000.0,1000000.0,0.0,0.0,0.0,0.0,0.0,0.0,0.0,0.0,0.0,0.0,0.0,0.0,0.0,0.0,0.0,0.0,0.0,0.0,0.0,0.0,96.4552688690621,289.36580660718624,675.1868820834334,1302.1461297323344,3086.56860380998,6703.6411863998055,15336.387750180844,29370.629370629358,63371.1116469737,122208.82565710161,221654.20786110434,256956.83626718112,571449.2404147576,732529.5394260911,871618.0371352785,941114.0583554376,980998.3120327947,993296.3588136001,997685.0735471424,998553.1709669641,999083.6749457439,999276.585483482,999324.8131179166,999324.8131179166,999373.040752351,999517.7236556546,999662.4065589582,999710.6341933928,999758.8618278273,999758.8618278273,999758.8618278273,999758.8618278273,999807.0894622619,999903.5447311308,999903.5447311308,999951.7723655654,999951.7723655654,1000000.0,1000000.0,1000000.0,1000000.0,1000000.0,1000000.0,1000000.0,0.0,0.0,0.0,0.0,0.0,0.0,0.0,0.0,0.0,0.0,0.0,0.0,0.0,0.0,0.0,0.0,0.0,0.0,0.0,0.0,0.0,0.0,0.0,0.0,0.0,0.0,0.0,0.0,0.0,0.0,0.0,0.0,0.0,0.0,0.0,0.0,0.0,0.0,0.0,0.0,0.0,0.0,0.0,0.0,0.0,0.0,0.0,0.0,0.0,0.0,0.0,0.0,0.0,0.0,0.0,0.0,0.0,96.4552688690621,530.5039787798403,1929.1053773812387,10754.762478900398,33566.43356643356,107306.48661683145,1000000.0,0.0,0.0,0.0,0.0,0.0,0.0,0.0,0.0,0.0,0.0,0.0,0.0,0.0,0.0,0.0,0.0,0.0,0.0,0.0,0.0,0.0,0.0,0.0,0.0,0.0,0.0,0.0,0.0,0.0,0.0,0.0,0.0,0.0,0.0,0.0,0.0,0.0,0.0,0.0,0.0,0.0,0.0,0.0,0.0,0.0,0.0,0.0,0.0,0.0,0.0,0.0,0.0,0.0,0.0,0.0,0.0,0.0,0.0,0.0,0.0,0.0,0.0,0.0,1000000.0
FLINT,MAGNUM03,F,na,na,na,na,2025_03_11-09_22_56,na,1,2,Yes,1,na,0.0,0.0,48.22763443453082,12.5,58.0,0.0,,,,0.0,0.0,48.22763443453082,12.5,58.0,0.0,32.0,31.0,0.0,30.0,29.0,0.0,26.0,27.0,0.0,23.0,24.0,0.0,20.0,21.0,0.0,15.0,3.0,0.0,17.0,11.0,0.0,0.0,32.0,32.0,63.0,63.0,63.0,0.0,30.0,34.0,63.0,63.0,63.0,1.0,27.0,36.0,63.0,63.0,63.0,3.0,26.0,38.0,62.0,63.0,63.0,4.0,24.0,40.0,61.0,63.0,63.0,6.0,21.0,56.0,59.0,63.0,63.0,5.0,22.0,49.0,60.0,63.0,63.0,6.0,0.0,60.0,19.0,63.0,58.0,63.0,0.0,0.4315000311607314,2.2719066192264346,0.20908384419614715,0.6186885949313036,30.0,160.0,969182.5415963347,980033.7593441041,990499.1560163974,994502.0496744635,998987.2196768748,999710.6341933928,1000000.0,1000000.0,1000000.0,1000000.0,1000000.0,1000000.0,1000000.0,1000000.0,1000000.0,1000000.0,1000000.0,1000000.0,1000000.0,1000000.0,1000000.0,1000000.0,1000000.0,1000000.0,1000000.0,1000000.0,1000000.0,1000000.0,1000000.0,1000000.0,1000000.0,1000000.0,1000000.0,1000000.0,1000000.0,1000000.0,1000000.0,1000000.0,1000000.0,1000000.0,1000000.0,1000000.0,1000000.0,1000000.0,1000000.0,1000000.0,1000000.0,1000000.0,1000000.0,1000000.0,1000000.0,1000000.0,1000000.0,1000000.0,1000000.0,1000000.0,1000000.0,1000000.0,1000000.0,1000000.0,1000000.0,1000000.0,1000000.0,1000000.0,0.0,0.0,0.0,0.0,0.0,0.0,0.0,0.0,0.0,0.0,0.0,0.0,0.0,0.0,0.0,0.0,0.0,0.0,0.0,48.22763443453082,192.91053773812425,289.36580660718624,578.7316132143711,1061.0079575596806,2748.975162768264,5112.12925006028,13455.510007234145,24499.63829274172,57680.2507836991,113961.90016879671,220062.6959247649,258017.84422474072,565710.1519170484,729491.1984567156,878852.1823004582,944779.358572462,984133.1082710393,993826.8627923799,998022.6669881842,998601.3986013986,998890.7644080058,999083.6749457439,999083.6749457439,999083.6749457439,999131.9025801783,999276.585483482,999373.040752351,999373.040752351,999469.4960212201,999565.9512900892,999565.9512900892,999565.9512900892,999662.4065589582,999710.6341933928,999855.3170966964,999855.3170966964,999951.7723655654,999951.7723655654,999951.7723655654,1000000.0,1000000.0,1000000.0,1000000.0,1000000.0,0.0,0.0,0.0,0.0,0.0,0.0,0.0,0.0,0.0,0.0,0.0,0.0,0.0,0.0,0.0,0.0,0.0,0.0,0.0,0.0,0.0,0.0,0.0,0.0,0.0,0.0,0.0,0.0,0.0,0.0,0.0,0.0,0.0,0.0,0.0,0.0,0.0,0.0,0.0,0.0,0.0,0.0,0.0,0.0,0.0,0.0,0.0,0.0,0.0,0.0,0.0,0.0,0.0,0.0,0.0,0.0,0.0,0.0,48.22763443453082,241.13817217265407,1157.4632264287443,4919.218712322153,21847.118398842544,1000000.0,96.4552688690621,96.4552688690621,96.4552688690621,96.4552688690621,96.4552688690621,96.4552688690621,96.4552688690621,96.4552688690621,96.4552688690621,96.4552688690621,96.4552688690621,96.4552688690621,96.4552688690621,96.4552688690621,96.4552688690621,96.4552688690621,96.4552688690621,96.4552688690621,96.4552688690621,96.4552688690621,96.4552688690621,96.4552688690621,96.4552688690621,96.4552688690621,96.4552688690621,96.4552688690621,96.4552688690621,96.4552688690621,96.4552688690621,96.4552688690621,96.4552688690621,96.4552688690621,96.4552688690621,96.4552688690621,96.4552688690621,96.4552688690621,96.4552688690621,96.4552688690621,96.4552688690621,96.4552688690621,96.4552688690621,96.4552688690621,96.4552688690621,96.4552688690621,96.4552688690621,96.4552688690621,96.4552688690621,96.4552688690621,96.4552688690621,96.4552688690621,96.4552688690621,96.4552688690621,96.4552688690621,96.4552688690621,96.4552688690621,96.4552688690621,96.4552688690621,96.4552688690621,96.4552688690621,96.4552688690621,96.4552688690621,96.4552688690621,96.4552688690621,1000000.0
FLINT,MAGNUM03,F,na,na,na,na,2025_03_11-09_22_56,na,1,3,Yes,1,na,0.0,144.68290330360517,0.0,12.0,57.0,0.0,,,,0.0,241.13817217266728,0.0,12.0,57.0,0.0,32.0,31.0,0.0,30.0,29.0,0.0,25.0,25.0,0.0,21.0,22.0,0.0,18.0,12.0,0.0,14.0,1.0,0.0,16.0,5.0,0.0,0.0,32.0,32.0,63.0,63.0,63.0,0.0,30.0,34.0,63.0,63.0,63.0,2.0,27.0,36.0,61.0,63.0,63.0,4.0,25.0,38.0,60.0,63.0,63.0,5.0,23.0,47.0,59.0,63.0,63.0,6.0,20.0,57.0,58.0,63.0,63.0,5.0,21.0,54.0,59.0,63.0,63.0,8.0,0.0,60.0,16.0,63.0,56.0,63.0,0.0,0.501219659760025,2.471397915459591,0.44358484055848413,0.4374894505865458,30.0,160.0,960501.5673981191,974246.4432119604,987316.1321437183,992428.2613937786,998070.8946226187,999565.9512900892,999951.7723655654,1000000.0,1000000.0,1000000.0,1000000.0,1000000.0,1000000.0,1000000.0,1000000.0,1000000.0,1000000.0,1000000.0,1000000.0,1000000.0,1000000.0,1000000.0,1000000.0,1000000.0,1000000.0,1000000.0,1000000.0,1000000.0,1000000.0,1000000.0,1000000.0,1000000.0,1000000.0,1000000.0,1000000.0,1000000.0,1000000.0,1000000.0,1000000.0,1000000.0,1000000.0,1000000.0,1000000.0,1000000.0,1000000.0,1000000.0,1000000.0,1000000.0,1000000.0,1000000.0,1000000.0,1000000.0,1000000.0,1000000.0,1000000.0,1000000.0,1000000.0,1000000.0,1000000.0,1000000.0,1000000.0,1000000.0,1000000.0,1000000.0,0.0,0.0,0.0,0.0,0.0,0.0,0.0,0.0,0.0,0.0,0.0,0.0,0.0,0.0,0.0,0.0,48.22763443453082,48.22763443453082,96.4552688690621,96.4552688690621,289.36580660718624,578.7316132143711,1253.9184952978064,2218.471183988428,4388.714733542319,8198.697853870257,19001.68796720521,33035.929587653714,70315.89100554615,133783.45792138902,242006.26959247646,307258.2589823969,581480.5883771401,744586.4480347239,882035.2061731372,943332.5295394261,979551.4829997588,991897.7574149987,996093.561610803,997058.1142994935,997685.0735471424,997926.211719315,998119.1222570533,998263.8051603568,998360.2604292259,998408.4880636605,998504.9433325295,998746.0815047021,998746.0815047021,998890.7644080058,998938.9920424403,999180.1302146129,999276.585483482,999469.4960212201,999662.4065589582,999662.4065589582,999855.3170966964,999903.5447311308,999903.5447311308,1000000.0,1000000.0,1000000.0,1000000.0,1000000.0,0.0,0.0,0.0,0.0,0.0,0.0,0.0,0.0,0.0,0.0,0.0,0.0,0.0,0.0,0.0,0.0,0.0,0.0,0.0,0.0,0.0,0.0,0.0,0.0,0.0,0.0,0.0,0.0,0.0,0.0,0.0,0.0,0.0,0.0,0.0,0.0,0.0,0.0,0.0,0.0,0.0,0.0,0.0,0.0,0.0,0.0,0.0,0.0,0.0,0.0,0.0,0.0,0.0,0.0,0.0,0.0,48.22763443453082,144.68290330359284,434.04870991077877,1736.1948396431121,7378.82806848324,24017.361948396418,83240.89703400045,1000000.0,48.22763443453082,48.22763443453082,48.22763443453082,48.22763443453082,48.22763443453082,48.22763443453082,48.22763443453082,48.22763443453082,48.22763443453082,48.22763443453082,48.22763443453082,48.22763443453082,48.22763443453082,48.22763443453082,48.22763443453082,48.22763443453082,48.22763443453082,48.22763443453082,48.22763443453082,48.22763443453082,48.22763443453082,48.22763443453082,48.22763443453082,48.22763443453082,48.22763443453082,48.22763443453082,48.22763443453082,48.22763443453082,48.22763443453082,48.22763443453082,48.22763443453082,48.22763443453082,48.22763443453082,48.22763443453082,48.22763443453082,48.22763443453082,48.22763443453082,48.22763443453082,48.22763443453082,48.22763443453082,48.22763443453082,48.22763443453082,48.22763443453082,48.22763443453082,48.22763443453082,48.22763443453082,48.22763443453082,48.22763443453082,48.22763443453082,48.22763443453082,48.22763443453082,48.22763443453082,48.22763443453082,48.22763443453082,48.22763443453082,48.22763443453082,48.22763443453082,48.22763443453082,48.22763443453082,48.22763443453082,48.22763443453082,48.22763443453082,48.22763443453082,1000000.0
FLINT,MAGNUM03,F,na,na,na,na,2025_03_11-09_22_56,na,1,4,Yes,1,na,0.0,48.22763443453082,999228.3578490475,10.0,58.0,62.0,,,,0.0,48.22763443453082,999228.3578490475,10.0,58.0,62.0,32.0,31.0,0.0,29.0,29.0,0.0,25.0,26.0,0.0,20.0,25.0,0.0,15.0,21.0,0.0,10.0,6.0,0.0,11.0,16.0,0.0,0.0,32.0,32.0,63.0,63.0,63.0,0.0,29.0,34.0,63.0,63.0,63.0,0.0,25.0,37.0,63.0,63.0,63.0,3.0,23.0,38.0,63.0,63.0,63.0,5.0,20.0,41.0,62.0,63.0,63.0,6.0,16.0,54.0,60.0,63.0,63.0,6.0,17.0,45.0,61.0,63.0,63.0,8.0,0.0,63.0,12.0,63.0,58.0,63.0,63.0,0.37673921006213124,2.828819561779999,0.09257008471289459,0.0,30.0,160.0,982686.2792380033,987750.1808536291,993392.8140824692,995514.8299975885,998504.9433325295,999324.8131179166,999951.7723655654,999951.7723655654,1000000.0,1000000.0,1000000.0,1000000.0,1000000.0,1000000.0,1000000.0,1000000.0,1000000.0,1000000.0,1000000.0,1000000.0,1000000.0,1000000.0,1000000.0,1000000.0,1000000.0,1000000.0,1000000.0,1000000.0,1000000.0,1000000.0,1000000.0,1000000.0,1000000.0,1000000.0,1000000.0,1000000.0,1000000.0,1000000.0,1000000.0,1000000.0,1000000.0,1000000.0,1000000.0,1000000.0,1000000.0,1000000.0,1000000.0,1000000.0,1000000.0,1000000.0,1000000.0,1000000.0,1000000.0,1000000.0,1000000.0,1000000.0,1000000.0,1000000.0,1000000.0,1000000.0,1000000.0,1000000.0,1000000.0,1000000.0,0.0,0.0,0.0,0.0,0.0,0.0,0.0,0.0,0.0,0.0,0.0,0.0,48.22763443453082,48.22763443453082,144.68290330359284,144.68290330359284,482.27634434531,626.959247648901,819.8697853870253,1205.690860863273,2314.926452857486,3665.3002170243526,5353.267422232942,9115.022908126357,15481.070653484428,25994.694960212186,45237.52109959005,68386.78562816493,122932.24017361959,194068.0009645527,318736.4359778152,422859.89872196765,650397.8779840849,776657.8249336871,882710.3930552206,935423.1974921629,971786.8338557993,987074.9939715456,994502.0496744635,997251.0248372317,998360.2604292259,998890.7644080058,999228.3578490474,999421.2683867855,999517.7236556546,999565.9512900892,999662.4065589582,999662.4065589582,999662.4065589582,999710.6341933928,999807.0894622619,999807.0894622619,999855.3170966964,999855.3170966964,999951.7723655654,999951.7723655654,999951.7723655654,999951.7723655654,999951.7723655654,999951.7723655654,999951.7723655654,999951.7723655654,1000000.0,1000000.0,0.0,0.0,0.0,0.0,0.0,0.0,0.0,0.0,0.0,0.0,0.0,0.0,0.0,0.0,0.0,0.0,0.0,0.0,0.0,0.0,0.0,0.0,0.0,0.0,0.0,0.0,0.0,0.0,0.0,0.0,0.0,0.0,0.0,0.0,0.0,0.0,0.0,0.0,0.0,0.0,0.0,0.0,0.0,0.0,0.0,0.0,0.0,0.0,0.0,0.0,0.0,0.0,0.0,0.0,0.0,0.0,0.0,0.0,96.4552688690621,144.68290330359284,385.82107547624787,771.6421509524955,2459.609356161082,1000000.0,0.0,0.0,0.0,0.0,0.0,0.0,0.0,0.0,0.0,0.0,0.0,0.0,0.0,0.0,0.0,0.0,0.0,0.0,0.0,0.0,0.0,0.0,0.0,0.0,0.0,0.0,0.0,0.0,0.0,0.0,0.0,0.0,0.0,0.0,0.0,0.0,0.0,0.0,0.0,0.0,0.0,0.0,0.0,0.0,0.0,0.0,0.0,0.0,0.0,0.0,0.0,0.0,0.0,0.0,0.0,0.0,0.0,0.0,0.0,0.0,0.0,0.0,0.0,1000000.0
FLINT,MAGNUM03,F,na,na,na,na,2025_03_11-09_22_56,na,1,5,Yes,1,na,0.0,96.4552688690621,970725.8258982396,14.0,58.0,62.0,,,,0.0,96.4552688690621,970725.8258982396,14.0,58.0,62.0,33.0,30.0,0.0,31.0,28.0,0.0,26.0,24.0,0.0,23.0,22.0,0.0,20.0,13.0,0.0,16.0,0.0,0.0,18.0,7.0,0.0,0.0,33.0,33.0,63.0,63.0,63.0,0.0,31.0,35.0,63.0,63.0,63.0,2.0,28.0,37.0,61.0,63.0,63.0,4.0,27.0,38.0,60.0,63.0,63.0,5.0,25.0,46.0,59.0,63.0,63.0,6.0,22.0,59.0,59.0,63.0,63.0,6.0,24.0,52.0,59.0,63.0,63.0,10.0,0.0,63.0,18.0,63.0,58.0,63.0,63.0,0.6308970441951482,2.31311024187934,0.4713547661521663,0.0,30.0,160.0,935085.6040511213,957077.4053532673,979792.6211719314,987943.0913913671,997106.3419339281,999373.040752351,999903.5447311308,999951.7723655654,1000000.0,1000000.0,1000000.0,1000000.0,1000000.0,1000000.0,1000000.0,1000000.0,1000000.0,1000000.0,1000000.0,1000000.0,1000000.0,1000000.0,1000000.0,1000000.0,1000000.0,1000000.0,1000000.0,1000000.0,1000000.0,1000000.0,1000000.0,1000000.0,1000000.0,1000000.0,1000000.0,1000000.0,1000000.0,1000000.0,1000000.0,1000000.0,1000000.0,1000000.0,1000000.0,1000000.0,1000000.0,1000000.0,1000000.0,1000000.0,1000000.0,1000000.0,1000000.0,1000000.0,1000000.0,1000000.0,1000000.0,1000000.0,1000000.0,1000000.0,1000000.0,1000000.0,1000000.0,1000000.0,1000000.0,1000000.0,0.0,0.0,0.0,0.0,0.0,0.0,0.0,0.0,0.0,0.0,0.0,0.0,0.0,0.0,0.0,0.0,0.0,0.0,48.22763443453082,48.22763443453082,48.22763443453082,144.68290330359284,241.13817217265407,434.04870991077877,1205.690860863273,2363.1540872920177,5449.72269110199,11960.453339763686,30576.320231492606,63853.38799131898,128864.23920906681,161321.43718350612,399999.9999999999,563250.5425608874,758331.3238485651,870267.6633711117,957029.1777188329,985001.2056908607,994502.0496744635,996913.43139619,997685.0735471424,997781.5288160116,998119.1222570533,998360.2604292259,998553.1709669641,998553.1709669641,998746.0815047021,998987.2196768748,999180.1302146129,999324.8131179166,999421.2683867855,999421.2683867855,999662.4065589582,999662.4065589582,999710.6341933928,999758.8618278273,999855.3170966964,999855.3170966964,999855.3170966964,999951.7723655654,1000000.0,1000000.0,1000000.0,1000000.0,0.0,0.0,0.0,0.0,0.0,0.0,0.0,0.0,0.0,0.0,0.0,0.0,0.0,0.0,0.0,0.0,0.0,0.0,0.0,0.0,0.0,0.0,0.0,0.0,0.0,0.0,0.0,0.0,0.0,0.0,0.0,0.0,0.0,0.0,0.0,0.0,0.0,0.0,0.0,0.0,0.0,0.0,0.0,0.0,0.0,0.0,0.0,0.0,0.0,0.0,0.0,0.0,0.0,0.0,0.0,0.0,0.0,0.0,144.68290330359284,1398.601398601398,7764.649143959485,29274.17410176033,105088.0154328429,1000000.0,0.0,0.0,0.0,0.0,0.0,0.0,0.0,0.0,0.0,0.0,0.0,0.0,0.0,0.0,0.0,0.0,0.0,0.0,0.0,0.0,0.0,0.0,0.0,0.0,0.0,0.0,0.0,0.0,0.0,0.0,0.0,0.0,0.0,0.0,0.0,0.0,0.0,0.0,0.0,0.0,0.0,0.0,0.0,0.0,0.0,0.0,0.0,0.0,0.0,0.0,0.0,0.0,0.0,0.0,0.0,0.0,0.0,0.0,0.0,0.0,0.0,0.0,0.0,1000000.0
FLINT,MAGNUM03,F,na,na,na,na,2025_03_11-09_22_56,na,1,6,Yes,1,na,0.0,48.22763443453082,964649.1439594888,15.0,57.0,62.0,,,,0.0,48.22763443453082,964649.1439594888,15.0,57.0,62.0,33.0,30.0,0.0,31.0,29.0,0.0,24.0,25.0,0.0,22.0,23.0,0.0,21.0,10.0,0.0,17.0,4.0,0.0,19.0,6.0,0.0,0.0,33.0,33.0,63.0,63.0,63.0,0.0,31.0,34.0,63.0,63.0,63.0,4.0,28.0,36.0,61.0,63.0,63.0,5.0,27.0,37.0,60.0,63.0,63.0,5.0,26.0,49.0,59.0,63.0,63.0,7.0,24.0,54.0,58.0,63.0,63.0,6.0,25.0,53.0,59.0,63.0,63.0,7.0,0.0,57.0,23.0,63.0,57.0,63.0,63.0,0.878111459052708,2.043550792201104,0.5273694474875935,0.0,30.0,160.0,867711.5987460815,913576.0790933204,954569.5683626716,975693.2722449964,993826.8627923799,999083.6749457439,999855.3170966964,1000000.0,1000000.0,1000000.0,1000000.0,1000000.0,1000000.0,1000000.0,1000000.0,1000000.0,1000000.0,1000000.0,1000000.0,1000000.0,1000000.0,1000000.0,1000000.0,1000000.0,1000000.0,1000000.0,1000000.0,1000000.0,1000000.0,1000000.0,1000000.0,1000000.0,1000000.0,1000000.0,1000000.0,1000000.0,1000000.0,1000000.0,1000000.0,1000000.0,1000000.0,1000000.0,1000000.0,1000000.0,1000000.0,1000000.0,1000000.0,1000000.0,1000000.0,1000000.0,1000000.0,1000000.0,1000000.0,1000000.0,1000000.0,1000000.0,1000000.0,1000000.0,1000000.0,1000000.0,1000000.0,1000000.0,1000000.0,1000000.0,0.0,0.0,0.0,0.0,0.0,0.0,0.0,0.0,0.0,0.0,0.0,0.0,0.0,0.0,0.0,0.0,0.0,0.0,0.0,0.0,0.0,0.0,0.0,96.4552688690621,289.36580660718624,964.5526886906189,3520.617313720762,7282.372799614172,23052.809259705788,55654.690137448815,125632.98770195324,175162.76826621653,452182.3004581625,660236.3154087291,860188.0877742947,948058.8377140102,986544.4899927658,994357.3667711598,995755.9681697612,996045.3339763684,996382.9274174101,996527.6103207137,996865.2037617555,997443.9353749697,997733.301181577,997877.9840848806,998263.8051603568,998456.7156980949,998504.9433325295,998746.0815047021,999131.9025801783,999276.585483482,999517.7236556546,999758.8618278273,999903.5447311308,999951.7723655654,1000000.0,1000000.0,1000000.0,1000000.0,1000000.0,1000000.0,1000000.0,1000000.0,0.0,0.0,0.0,0.0,0.0,0.0,0.0,0.0,0.0,0.0,0.0,0.0,0.0,0.0,0.0,0.0,0.0,0.0,0.0,0.0,0.0,0.0,0.0,0.0,0.0,0.0,0.0,0.0,0.0,0.0,0.0,0.0,0.0,0.0,0.0,0.0,0.0,0.0,0.0,0.0,0.0,0.0,0.0,0.0,0.0,0.0,0.0,0.0,0.0,0.0,0.0,0.0,0.0,0.0,0.0,0.0,0.0,96.4552688690621,385.82107547624787,2025.5606462503029,9983.120327947918,35350.85604051118,137979.26211719326,1000000.0,0.0,0.0,0.0,0.0,0.0,0.0,0.0,0.0,0.0,0.0,0.0,0.0,0.0,0.0,0.0,0.0,0.0,0.0,0.0,0.0,0.0,0.0,0.0,0.0,0.0,0.0,0.0,0.0,0.0,0.0,0.0,0.0,0.0,0.0,0.0,0.0,0.0,0.0,0.0,0.0,0.0,0.0,0.0,0.0,0.0,0.0,0.0,0.0,0.0,0.0,0.0,0.0,0.0,0.0,0.0,0.0,0.0,0.0,0.0,0.0,0.0,0.0,0.0,1000000.0
FLINT,MAGNUM03,F,na,na,na,na,2025_03_11-09_22_56,na,1,7,Yes,1,na,0.0,192.91053773817794,0.0,10.5,56.0,0.0,,,,0.0,192.91053773817794,0.0,10.5,56.0,0.0,32.0,31.0,0.0,30.0,29.0,0.0,25.0,25.0,0.0,21.0,22.0,0.0,17.0,15.0,0.0,12.0,0.0,0.0,15.0,6.0,0.0,0.0,32.0,32.0,63.0,63.0,63.0,0.0,30.0,34.0,63.0,63.0,63.0,2.0,27.0,36.0,61.0,63.0,63.0,4.0,25.0,38.0,60.0,63.0,63.0,5.0,22.0,44.0,59.0,63.0,63.0,6.0,18.0,58.0,58.0,63.0,63.0,5.0,20.0,53.0,59.0,63.0,63.0,8.0,0.0,63.0,13.0,63.0,56.0,63.0,0.0,0.4955525127765827,2.4590663738945016,0.4715313122945461,0.4374894505865458,30.0,160.0,957704.3646009163,972654.9312756208,987074.9939715456,993199.9035447311,998649.626235833,999807.0894622619,1000000.0,1000000.0,1000000.0,1000000.0,1000000.0,1000000.0,1000000.0,1000000.0,1000000.0,1000000.0,1000000.0,1000000.0,1000000.0,1000000.0,1000000.0,1000000.0,1000000.0,1000000.0,1000000.0,1000000.0,1000000.0,1000000.0,1000000.0,1000000.0,1000000.0,1000000.0,1000000.0,1000000.0,1000000.0,1000000.0,1000000.0,1000000.0,1000000.0,1000000.0,1000000.0,1000000.0,1000000.0,1000000.0,1000000.0,1000000.0,1000000.0,1000000.0,1000000.0,1000000.0,1000000.0,1000000.0,1000000.0,1000000.0,1000000.0,1000000.0,1000000.0,1000000.0,1000000.0,1000000.0,1000000.0,1000000.0,1000000.0,1000000.0,0.0,0.0,0.0,0.0,0.0,0.0,0.0,0.0,0.0,0.0,0.0,0.0,0.0,48.22763443453082,48.22763443453082,48.22763443453082,144.68290330359284,192.91053773812425,289.36580660718624,482.27634434531,578.7316132143711,771.6421509524955,1446.829033035929,2266.6988184229576,5449.72269110199,10658.30721003135,21943.57366771158,37955.148299975874,78803.95466602374,148155.2929828794,262985.29057149746,324957.8008198697,626573.4265734265,773137.2076199662,897468.0491921869,950132.625994695,981577.043646009,993151.6759102965,997009.886665059,997685.0735471424,998119.1222570533,998215.5775259222,998408.4880636605,998553.1709669641,998794.3091391367,998794.3091391367,998938.9920424403,999083.6749457439,999228.3578490474,999324.8131179166,999373.040752351,999421.2683867855,999517.7236556546,999662.4065589582,999758.8618278273,999807.0894622619,999855.3170966964,999855.3170966964,999903.5447311308,999903.5447311308,999903.5447311308,999951.7723655654,999951.7723655654,1000000.0,0.0,0.0,0.0,0.0,0.0,0.0,0.0,0.0,0.0,0.0,0.0,0.0,0.0,0.0,0.0,0.0,0.0,0.0,0.0,0.0,0.0,0.0,0.0,0.0,0.0,0.0,0.0,0.0,0.0,0.0,0.0,0.0,0.0,0.0,0.0,0.0,0.0,0.0,0.0,0.0,0.0,0.0,0.0,0.0,0.0,0.0,0.0,0.0,0.0,0.0,0.0,0.0,0.0,0.0,0.0,0.0,48.22763443453082,48.22763443453082,434.04870991077877,1784.4224740776426,8536.291294911978,27923.800337593464,96696.40704123466,1000000.0,48.22763443453082,48.22763443453082,48.22763443453082,48.22763443453082,48.22763443453082,48.22763443453082,48.22763443453082,48.22763443453082,48.22763443453082,48.22763443453082,48.22763443453082,48.22763443453082,48.22763443453082,48.22763443453082,48.22763443453082,48.22763443453082,48.22763443453082,48.22763443453082,48.22763443453082,48.22763443453082,48.22763443453082,48.22763443453082,48.22763443453082,48.22763443453082,48.22763443453082,48.22763443453082,48.22763443453082,48.22763443453082,48.22763443453082,48.22763443453082,48.22763443453082,48.22763443453082,48.22763443453082,48.22763443453082,48.22763443453082,48.22763443453082,48.22763443453082,48.22763443453082,48.22763443453082,48.22763443453082,48.22763443453082,48.22763443453082,48.22763443453082,48.22763443453082,48.22763443453082,48.22763443453082,48.22763443453082,48.22763443453082,48.22763443453082,48.22763443453082,48.22763443453082,48.22763443453082,48.22763443453082,48.22763443453082,48.22763443453082,48.22763443453082,48.22763443453082,48.22763443453082,48.22763443453082,48.22763443453082,48.22763443453082,48.22763443453082,48.22763443453082,1000000.0
FLINT,MAGNUM03,F,na,na,na,na,2025_03_11-09_22_56,na,1,8,Yes,1,na,0.0,0.0,999903.5447311309,13.0,60.0,62.0,,,,0.0,0.0,999903.5447311309,13.0,60.0,62.0,32.0,31.0,0.0,30.0,29.0,0.0,28.0,27.0,0.0,23.0,26.0,0.0,20.0,24.0,0.0,16.0,6.0,0.0,19.0,14.0,0.0,0.0,32.0,32.0,63.0,63.0,63.0,0.0,30.0,34.0,63.0,63.0,63.0,0.0,28.0,36.0,63.0,63.0,63.0,3.0,26.0,37.0,63.0,63.0,63.0,4.0,24.0,39.0,63.0,63.0,63.0,6.0,22.0,56.0,62.0,63.0,63.0,5.0,24.0,48.0,62.0,63.0,63.0,6.0,0.0,60.0,20.0,63.0,60.0,63.0,63.0,0.3902182637765277,2.1209389942149763,0.04106324854979441,0.0,30.0,160.0,977863.5157945502,984952.9780564263,991608.3916083915,995273.6918254159,999083.6749457439,999758.8618278273,1000000.0,1000000.0,1000000.0,1000000.0,1000000.0,1000000.0,1000000.0,1000000.0,1000000.0,1000000.0,1000000.0,1000000.0,1000000.0,1000000.0,1000000.0,1000000.0,1000000.0,1000000.0,1000000.0,1000000.0,1000000.0,1000000.0,1000000.0,1000000.0,1000000.0,1000000.0,1000000.0,1000000.0,1000000.0,1000000.0,1000000.0,1000000.0,1000000.0,1000000.0,1000000.0,1000000.0,1000000.0,1000000.0,1000000.0,1000000.0,1000000.0,1000000.0,1000000.0,1000000.0,1000000.0,1000000.0,1000000.0,1000000.0,1000000.0,1000000.0,1000000.0,1000000.0,1000000.0,1000000.0,1000000.0,1000000.0,1000000.0,1000000.0,0.0,0.0,0.0,0.0,0.0,0.0,0.0,0.0,0.0,0.0,0.0,0.0,0.0,0.0,0.0,0.0,0.0,0.0,0.0,0.0,144.68290330359284,144.68290330359284,241.13817217265407,482.27634434531,1543.2843019049903,2990.1133349409165,8005.7873161321395,15384.615384615381,39787.79840848808,85121.77477694722,181046.53966722928,250012.05690860862,532529.5394260911,709717.868338558,877115.987460815,944345.3098625512,985290.571497468,994646.732577767,998263.8051603568,998746.0815047021,998987.2196768748,999035.4473113093,999035.4473113093,999083.6749457439,999228.3578490474,999276.585483482,999421.2683867855,999469.4960212201,999614.1789245236,999614.1789245236,999662.4065589582,999758.8618278273,999758.8618278273,999807.0894622619,999855.3170966964,999855.3170966964,1000000.0,1000000.0,1000000.0,1000000.0,1000000.0,1000000.0,1000000.0,1000000.0,0.0,0.0,0.0,0.0,0.0,0.0,0.0,0.0,0.0,0.0,0.0,0.0,0.0,0.0,0.0,0.0,0.0,0.0,0.0,0.0,0.0,0.0,0.0,0.0,0.0,0.0,0.0,0.0,0.0,0.0,0.0,0.0,0.0,0.0,0.0,0.0,0.0,0.0,0.0,0.0,0.0,0.0,0.0,0.0,0.0,0.0,0.0,0.0,0.0,0.0,0.0,0.0,0.0,0.0,0.0,0.0,0.0,0.0,0.0,0.0,48.22763443453082,96.4552688690621,1157.4632264287443,1000000.0,0.0,0.0,0.0,0.0,0.0,0.0,0.0,0.0,0.0,0.0,0.0,0.0,0.0,0.0,0.0,0.0,0.0,0.0,0.0,0.0,0.0,0.0,0.0,0.0,0.0,0.0,0.0,0.0,0.0,0.0,0.0,0.0,0.0,0.0,0.0,0.0,0.0,0.0,0.0,0.0,0.0,0.0,0.0,0.0,0.0,0.0,0.0,0.0,0.0,0.0,0.0,0.0,0.0,0.0,0.0,0.0,0.0,0.0,0.0,0.0,0.0,0.0,0.0,1000000.0
FLINT,MAGNUM03,F,na,na,na,na,2025_03_11-09_22_56,na,1,9,Yes,1,na,0.0,0.0,999131.9025801785,12.5,58.0,62.0,,,,0.0,0.0,999131.9025801785,12.5,58.0,62.0,32.0,31.0,0.0,30.0,29.0,0.0,27.0,27.0,0.0,22.0,25.0,0.0,18.0,21.0,0.0,13.0,3.0,0.0,14.0,11.0,0.0,0.0,32.0,32.0,63.0,63.0,63.0,0.0,30.0,34.0,63.0,63.0,63.0,0.0,27.0,36.0,63.0,63.0,63.0,3.0,25.0,38.0,63.0,63.0,63.0,4.0,22.0,41.0,62.0,63.0,63.0,6.0,19.0,57.0,60.0,63.0,63.0,6.0,20.0,50.0,61.0,63.0,63.0,9.0,0.0,59.0,16.0,63.0,58.0,63.0,63.0,0.4010579038156236,2.394635671304009,0.09900607709242275,0.0,30.0,160.0,977911.7434289848,985097.6609597298,991849.5297805641,995129.0089221123,998794.3091391367,999469.4960212201,999951.7723655654,999951.7723655654,1000000.0,1000000.0,1000000.0,1000000.0,1000000.0,1000000.0,1000000.0,1000000.0,1000000.0,1000000.0,1000000.0,1000000.0,1000000.0,1000000.0,1000000.0,1000000.0,1000000.0,1000000.0,1000000.0,1000000.0,1000000.0,1000000.0,1000000.0,1000000.0,1000000.0,1000000.0,1000000.0,1000000.0,1000000.0,1000000.0,1000000.0,1000000.0,1000000.0,1000000.0,1000000.0,1000000.0,1000000.0,1000000.0,1000000.0,1000000.0,1000000.0,1000000.0,1000000.0,1000000.0,1000000.0,1000000.0,1000000.0,1000000.0,1000000.0,1000000.0,1000000.0,1000000.0,1000000.0,1000000.0,1000000.0,1000000.0,0.0,0.0,0.0,0.0,0.0,0.0,0.0,0.0,0.0,0.0,0.0,0.0,0.0,0.0,0.0,0.0,48.22763443453082,48.22763443453082,96.4552688690621,337.59344104171646,626.959247648901,964.5526886906189,1495.056667470457,2507.836990595609,4533.397636845913,8102.242585001196,18181.818181818162,30865.686038099826,68917.28960694475,128285.50759585238,237906.9206655413,283964.3115505184,589534.6033277068,736966.481794068,881794.0680009645,940342.4162044851,980371.3527851459,991704.8468772606,996768.7484928863,997685.0735471424,998504.9433325295,998842.5367735712,999035.4473113093,999083.6749457439,999228.3578490474,999228.3578490474,999421.2683867855,999469.4960212201,999469.4960212201,999517.7236556546,999565.9512900892,999614.1789245236,999758.8618278273,999807.0894622619,999855.3170966964,999855.3170966964,999855.3170966964,1000000.0,1000000.0,1000000.0,1000000.0,1000000.0,1000000.0,1000000.0,0.0,0.0,0.0,0.0,0.0,0.0,0.0,0.0,0.0,0.0,0.0,0.0,0.0,0.0,0.0,0.0,0.0,0.0,0.0,0.0,0.0,0.0,0.0,0.0,0.0,0.0,0.0,0.0,0.0,0.0,0.0,0.0,0.0,0.0,0.0,0.0,0.0,0.0,0.0,0.0,0.0,0.0,0.0,0.0,0.0,0.0,0.0,0.0,0.0,0.0,0.0,0.0,0.0,0.0,0.0,0.0,0.0,0.0,48.22763443453082,96.4552688690621,289.36580660718624,868.0974198215577,4678.080540149494,1000000.0,0.0,0.0,0.0,0.0,0.0,0.0,0.0,0.0,0.0,0.0,0.0,0.0,0.0,0.0,0.0,0.0,0.0,0.0,0.0,0.0,0.0,0.0,0.0,0.0,0.0,0.0,0.0,0.0,0.0,0.0,0.0,0.0,0.0,0.0,0.0,0.0,0.0,0.0,0.0,0.0,0.0,0.0,0.0,0.0,0.0,0.0,0.0,0.0,0.0,0.0,0.0,0.0,0.0,0.0,0.0,0.0,0.0,0.0,0.0,0.0,0.0,0.0,0.0,1000000.0
FLINT,MAGNUM03,F,na,na,na,na,2025_03_11-09_22_56,na,1,10,Yes,1,na,0.0,0.0,992476.4890282132,12.0,50.0,62.0,,,,0.0,0.0,992476.4890282132,12.0,50.0,62.0,33.0,30.0,0.0,31.0,29.0,0.0,26.0,26.0,0.0,22.0,24.0,0.0,19.0,23.0,0.0,15.0,20.0,0.0,18.0,21.0,0.0,0.0,33.0,33.0,63.0,63.0,63.0,0.0,31.0,34.0,63.0,63.0,63.0,2.0,28.0,36.0,62.0,63.0,63.0,4.0,26.0,37.0,61.0,63.0,63.0,5.0,24.0,38.0,61.0,63.0,63.0,6.0,21.0,40.0,60.0,63.0,63.0,5.0,23.0,39.0,60.0,63.0,63.0,7.0,0.0,41.0,17.0,63.0,59.0,63.0,63.0,0.5471580781903299,2.0162428569726947,0.257758134801108,0.0,30.0,160.0,949602.1220159151,967494.574391126,983747.2871955631,991367.253436219,998119.1222570533,999758.8618278273,1000000.0,1000000.0,1000000.0,1000000.0,1000000.0,1000000.0,1000000.0,1000000.0,1000000.0,1000000.0,1000000.0,1000000.0,1000000.0,1000000.0,1000000.0,1000000.0,1000000.0,1000000.0,1000000.0,1000000.0,1000000.0,1000000.0,1000000.0,1000000.0,1000000.0,1000000.0,1000000.0,1000000.0,1000000.0,1000000.0,1000000.0,1000000.0,1000000.0,1000000.0,1000000.0,1000000.0,1000000.0,1000000.0,1000000.0,1000000.0,1000000.0,1000000.0,1000000.0,1000000.0,1000000.0,1000000.0,1000000.0,1000000.0,1000000.0,1000000.0,1000000.0,1000000.0,1000000.0,1000000.0,1000000.0,1000000.0,1000000.0,1000000.0,0.0,0.0,0.0,0.0,0.0,0.0,0.0,0.0,0.0,0.0,0.0,0.0,0.0,0.0,0.0,0.0,0.0,48.22763443453082,48.22763443453082,96.4552688690621,192.91053773812425,289.36580660718624,530.5039787798403,723.414516517964,1591.5119363395213,2941.8857005063924,6510.730648661682,12105.136243067265,30479.864962623575,68724.37906920664,155968.1697612732,221605.9802266699,498721.96768748487,682565.7101519171,857005.0639016156,936098.3843742465,983023.872679045,995563.0576320231,999180.1302146129,999710.6341933928,999951.7723655654,1000000.0,1000000.0,1000000.0,1000000.0,1000000.0,1000000.0,1000000.0,1000000.0,1000000.0,1000000.0,1000000.0,1000000.0,1000000.0,1000000.0,1000000.0,1000000.0,1000000.0,1000000.0,1000000.0,1000000.0,1000000.0,1000000.0,1000000.0,0.0,0.0,0.0,0.0,0.0,0.0,0.0,0.0,0.0,0.0,0.0,0.0,0.0,0.0,0.0,0.0,0.0,0.0,0.0,0.0,0.0,0.0,0.0,0.0,0.0,0.0,0.0,0.0,0.0,0.0,0.0,0.0,0.0,0.0,0.0,0.0,0.0,0.0,0.0,0.0,0.0,0.0,0.0,0.0,0.0,0.0,0.0,0.0,0.0,0.0,0.0,0.0,0.0,0.0,0.0,0.0,0.0,0.0,0.0,192.91053773812425,1302.1461297323344,7523.510971786837,38244.514106583076,1000000.0,0.0,0.0,0.0,0.0,0.0,0.0,0.0,0.0,0.0,0.0,0.0,0.0,0.0,0.0,0.0,0.0,0.0,0.0,0.0,0.0,0.0,0.0,0.0,0.0,0.0,0.0,0.0,0.0,0.0,0.0,0.0,0.0,0.0,0.0,0.0,0.0,0.0,0.0,0.0,0.0,0.0,0.0,0.0,0.0,0.0,0.0,0.0,0.0,0.0,0.0,0.0,0.0,0.0,0.0,0.0,0.0,0.0,0.0,0.0,0.0,0.0,0.0,0.0,1000000.0
FLINT,MAGNUM03,F,na,na,na,na,2025_03_11-09_22_56,na,1,11,Yes,1,na,48.22763443453082,0.0,996575.8379551483,11.0,51.5,62.0,,,,48.22763443453082,0.0,996575.8379551483,11.0,51.5,62.0,32.0,31.0,0.0,29.0,29.0,0.0,24.0,27.0,0.0,19.0,24.0,0.0,15.0,20.0,0.0,6.0,18.0,0.0,11.0,19.0,0.0,0.0,32.0,32.0,63.0,63.0,63.0,0.0,29.0,34.0,63.0,63.0,63.0,1.0,25.0,36.0,63.0,63.0,63.0,3.0,22.0,38.0,62.0,63.0,63.0,5.0,20.0,40.0,60.0,63.0,63.0,7.0,13.0,42.0,60.0,63.0,63.0,6.0,17.0,41.0,60.0,63.0,63.0,8.0,0.0,45.0,8.0,63.0,58.0,63.0,63.0,0.4373754533832442,2.725476557938059,0.1785213578923033,0.0,30.0,160.0,974198.2155775258,981866.4094526162,991029.6599951772,994019.7733301182,998167.3498914879,999517.7236556546,999855.3170966964,999903.5447311308,1000000.0,1000000.0,1000000.0,1000000.0,1000000.0,1000000.0,1000000.0,1000000.0,1000000.0,1000000.0,1000000.0,1000000.0,1000000.0,1000000.0,1000000.0,1000000.0,1000000.0,1000000.0,1000000.0,1000000.0,1000000.0,1000000.0,1000000.0,1000000.0,1000000.0,1000000.0,1000000.0,1000000.0,1000000.0,1000000.0,1000000.0,1000000.0,1000000.0,1000000.0,1000000.0,1000000.0,1000000.0,1000000.0,1000000.0,1000000.0,1000000.0,1000000.0,1000000.0,1000000.0,1000000.0,1000000.0,1000000.0,1000000.0,1000000.0,1000000.0,1000000.0,1000000.0,1000000.0,1000000.0,1000000.0,1000000.0,0.0,0.0,0.0,0.0,0.0,0.0,0.0,0.0,48.22763443453082,48.22763443453082,48.22763443453082,96.4552688690621,144.68290330359284,241.13817217265407,289.36580660718624,289.36580660718624,482.27634434531,578.7316132143711,819.8697853870253,1205.690860863273,2507.836990595609,3713.527851458888,6607.1859175307445,10031.347962382453,16108.029901133345,24933.687002652507,44080.05787316135,64817.94068000965,117964.79382686276,197588.6182782734,324427.2968410899,412394.50204967445,649529.7805642632,777381.2394502049,896021.2201591514,945213.4072823728,981046.5396672293,992524.7166626477,997395.7077405354,998504.9433325295,999469.4960212201,999807.0894622619,1000000.0,1000000.0,1000000.0,1000000.0,1000000.0,1000000.0,1000000.0,1000000.0,1000000.0,1000000.0,1000000.0,1000000.0,1000000.0,1000000.0,1000000.0,1000000.0,1000000.0,1000000.0,1000000.0,1000000.0,1000000.0,1000000.0,0.0,0.0,0.0,0.0,0.0,0.0,0.0,0.0,0.0,0.0,0.0,0.0,0.0,0.0,0.0,0.0,0.0,0.0,0.0,0.0,0.0,0.0,0.0,0.0,0.0,0.0,0.0,0.0,0.0,0.0,0.0,0.0,0.0,0.0,0.0,0.0,0.0,0.0,0.0,0.0,0.0,0.0,0.0,0.0,0.0,0.0,0.0,0.0,0.0,0.0,0.0,0.0,0.0,0.0,0.0,0.0,0.0,0.0,48.22763443453082,192.91053773812425,1639.7395707740552,3424.1620448516924,11912.225705329136,1000000.0,0.0,0.0,0.0,0.0,0.0,0.0,0.0,0.0,0.0,0.0,0.0,0.0,0.0,0.0,0.0,0.0,0.0,0.0,0.0,0.0,0.0,0.0,0.0,0.0,0.0,0.0,0.0,0.0,0.0,0.0,0.0,0.0,0.0,0.0,0.0,0.0,0.0,0.0,0.0,0.0,0.0,0.0,0.0,0.0,0.0,0.0,0.0,0.0,0.0,0.0,0.0,0.0,0.0,0.0,0.0,0.0,0.0,0.0,0.0,0.0,0.0,0.0,0.0,1000000.0
FLINT,MAGNUM03,F,na,na,na,na,2025_03_11-09_22_56,na,1,12,Yes,1,na,0.0,0.0,985869.3031106824,11.5,54.5,62.0,,,,0.0,0.0,985869.3031106824,11.5,54.5,62.0,32.0,31.0,0.0,30.0,29.0,0.0,25.0,26.0,0.0,21.0,24.0,0.0,18.0,21.0,0.0,14.0,18.0,0.0,16.0,19.0,0.0,0.0,32.0,32.0,63.0,63.0,63.0,0.0,30.0,34.0,63.0,63.0,63.0,2.0,27.0,36.0,62.0,63.0,63.0,4.0,25.0,37.0,61.0,63.0,63.0,5.0,23.0,39.0,60.0,63.0,63.0,6.0,20.0,40.0,58.0,63.0,63.0,5.0,21.0,40.0,59.0,63.0,63.0,6.0,0.0,51.0,17.0,63.0,58.0,63.0,63.0,0.5172263701778267,2.2542400919244296,0.3486139882864768,0.0,30.0,160.0,952254.6419098142,971786.8338557993,986110.4412828551,992910.5377381239,997829.756450446,999565.9512900892,1000000.0,1000000.0,1000000.0,1000000.0,1000000.0,1000000.0,1000000.0,1000000.0,1000000.0,1000000.0,1000000.0,1000000.0,1000000.0,1000000.0,1000000.0,1000000.0,1000000.0,1000000.0,1000000.0,1000000.0,1000000.0,1000000.0,1000000.0,1000000.0,1000000.0,1000000.0,1000000.0,1000000.0,1000000.0,1000000.0,1000000.0,1000000.0,1000000.0,1000000.0,1000000.0,1000000.0,1000000.0,1000000.0,1000000.0,1000000.0,1000000.0,1000000.0,1000000.0,1000000.0,1000000.0,1000000.0,1000000.0,1000000.0,1000000.0,1000000.0,1000000.0,1000000.0,1000000.0,1000000.0,1000000.0,1000000.0,1000000.0,1000000.0,0.0,0.0,0.0,0.0,0.0,0.0,0.0,0.0,0.0,0.0,0.0,0.0,0.0,0.0,0.0,0.0,0.0,48.22763443453082,96.4552688690621,144.68290330359284,482.27634434531,675.1868820834334,1157.4632264287443,2411.3817217265464,4485.170002411382,8295.15312273932,16252.71280443696,30142.271521581883,61731.37207619972,119893.89920424404,224596.09356161088,291294.9119845671,582011.0923559199,742657.3426573427,884832.40897034,947962.382445141,982975.6450446106,995563.0576320231,998649.626235833,999517.7236556546,999951.7723655654,1000000.0,1000000.0,1000000.0,1000000.0,1000000.0,1000000.0,1000000.0,1000000.0,1000000.0,1000000.0,1000000.0,1000000.0,1000000.0,1000000.0,1000000.0,1000000.0,1000000.0,1000000.0,1000000.0,1000000.0,1000000.0,1000000.0,1000000.0,0.0,0.0,0.0,0.0,0.0,0.0,0.0,0.0,0.0,0.0,0.0,0.0,0.0,0.0,0.0,0.0,0.0,0.0,0.0,0.0,0.0,0.0,0.0,0.0,0.0,0.0,0.0,0.0,0.0,0.0,0.0,0.0,0.0,0.0,0.0,0.0,0.0,0.0,0.0,0.0,0.0,0.0,0.0,0.0,0.0,0.0,0.0,0.0,0.0,0.0,0.0,0.0,0.0,0.0,0.0,0.0,0.0,0.0,241.13817217265407,723.414516517964,4051.121292500604,14130.696889317576,57535.567880395465,1000000.0,0.0,0.0,0.0,0.0,0.0,0.0,0.0,0.0,0.0,0.0,0.0,0.0,0.0,0.0,0.0,0.0,0.0,0.0,0.0,0.0,0.0,0.0,0.0,0.0,0.0,0.0,0.0,0.0,0.0,0.0,0.0,0.0,0.0,0.0,0.0,0.0,0.0,0.0,0.0,0.0,0.0,0.0,0.0,0.0,0.0,0.0,0.0,0.0,0.0,0.0,0.0,0.0,0.0,0.0,0.0,0.0,0.0,0.0,0.0,0.0,0.0,0.0,0.0,1000000.0
FLINT,MAGNUM03,F,na,na,na,na,2025_03_11-09_22_56,na,1,13,Yes,1,na,0.0,916.3250542560967,977863.5157945503,11.5,58.0,62.0,,,,0.0,1061.0079575597001,977863.5157945503,11.5,58.0,62.0,32.0,31.0,0.0,30.0,29.0,0.0,26.0,25.0,0.0,23.0,21.0,0.0,19.0,5.0,0.0,14.0,-4.0,0.0,17.0,0.0,0.0,0.0,32.0,32.0,63.0,63.0,63.0,0.0,30.0,34.0,63.0,63.0,63.0,1.0,27.0,37.0,62.0,63.0,63.0,3.0,26.0,40.0,61.0,63.0,63.0,5.0,24.0,55.0,60.0,63.0,63.0,6.0,20.0,62.0,58.0,63.0,63.0,5.0,22.0,59.0,59.0,63.0,63.0,8.0,0.0,63.0,15.0,63.0,57.0,63.0,63.0,0.4482762157665665,2.668647180662975,0.4109605405612513,0.0,30.0,160.0,968025.0783699059,979262.1171931516,989679.2862310103,994453.8220400289,998601.3986013986,999662.4065589582,999903.5447311308,999951.7723655654,1000000.0,1000000.0,1000000.0,1000000.0,1000000.0,1000000.0,1000000.0,1000000.0,1000000.0,1000000.0,1000000.0,1000000.0,1000000.0,1000000.0,1000000.0,1000000.0,1000000.0,1000000.0,1000000.0,1000000.0,1000000.0,1000000.0,1000000.0,1000000.0,1000000.0,1000000.0,1000000.0,1000000.0,1000000.0,1000000.0,1000000.0,1000000.0,1000000.0,1000000.0,1000000.0,1000000.0,1000000.0,1000000.0,1000000.0,1000000.0,1000000.0,1000000.0,1000000.0,1000000.0,1000000.0,1000000.0,1000000.0,1000000.0,1000000.0,1000000.0,1000000.0,1000000.0,1000000.0,1000000.0,1000000.0,1000000.0,0.0,0.0,0.0,0.0,0.0,0.0,0.0,0.0,0.0,0.0,0.0,0.0,0.0,0.0,0.0,48.22763443453082,48.22763443453082,48.22763443453082,96.4552688690621,96.4552688690621,241.13817217265407,434.04870991077877,819.8697853870253,1157.4632264287443,2652.5198938992025,5739.088497709187,14275.379792621161,28598.987219676885,63129.973474801096,124861.34555100076,226235.83313238472,318109.4767301663,586785.6281649385,747335.4231974921,878176.9954183747,941837.4728719556,975837.9551482999,987605.4979503255,992138.8955871714,993151.6759102965,993875.0904268145,994116.2285989872,994791.4154810706,995080.7812876777,995466.602363154,996045.3339763684,996479.3826862792,996720.5208584518,997009.886665059,997202.7972027971,997492.1630094043,997829.756450446,998070.8946226187,998215.5775259222,998601.3986013986,998842.5367735712,998938.9920424403,999083.6749457439,999324.8131179166,999565.9512900892,999614.1789245236,999807.0894622619,999903.5447311308,1000000.0,0.0,0.0,0.0,0.0,0.0,0.0,0.0,0.0,0.0,0.0,0.0,0.0,0.0,0.0,0.0,0.0,0.0,0.0,0.0,0.0,0.0,0.0,0.0,0.0,0.0,0.0,0.0,0.0,0.0,0.0,0.0,0.0,0.0,0.0,0.0,0.0,0.0,0.0,0.0,0.0,0.0,0.0,0.0,0.0,0.0,0.0,0.0,0.0,0.0,0.0,0.0,0.0,0.0,0.0,0.0,0.0,0.0,48.22763443453082,434.04870991077877,1109.2355919942117,5594.405594405593,22136.48420544968,72727.2727272727,1000000.0,0.0,0.0,0.0,0.0,0.0,0.0,0.0,0.0,0.0,0.0,0.0,0.0,0.0,0.0,0.0,0.0,0.0,0.0,0.0,0.0,0.0,0.0,0.0,0.0,0.0,0.0,0.0,0.0,0.0,0.0,0.0,0.0,0.0,0.0,0.0,0.0,0.0,0.0,0.0,0.0,0.0,0.0,0.0,0.0,0.0,0.0,0.0,0.0,0.0,0.0,0.0,0.0,0.0,0.0,0.0,0.0,0.0,0.0,0.0,0.0,0.0,0.0,0.0,1000000.0
FLINT,MAGNUM03,F,na,na,na,na,2025_03_11-09_22_56,na,1,14,Yes,1,na,0.0,0.0,994309.1391367253,14.0,57.0,62.0,,,,0.0,0.0,994309.1391367253,14.0,57.0,62.0,32.0,31.0,0.0,29.0,29.0,0.0,25.0,27.0,0.0,21.0,24.0,0.0,16.0,21.0,0.0,12.0,9.0,0.0,14.0,19.0,0.0,0.0,32.0,32.0,63.0,63.0,63.0,0.0,29.0,34.0,63.0,63.0,63.0,1.0,26.0,36.0,63.0,63.0,63.0,3.0,24.0,38.0,62.0,63.0,63.0,5.0,21.0,39.0,60.0,63.0,63.0,6.0,18.0,50.0,59.0,63.0,63.0,5.0,19.0,41.0,60.0,63.0,63.0,11.0,0.0,60.0,17.0,63.0,57.0,63.0,63.0,0.44809474247366754,2.565356410526888,0.23150205167573204,0.0,30.0,160.0,971642.1509524958,980901.8567639258,989727.5138654449,994164.4562334217,998022.6669881842,999662.4065589582,1000000.0,1000000.0,1000000.0,1000000.0,1000000.0,1000000.0,1000000.0,1000000.0,1000000.0,1000000.0,1000000.0,1000000.0,1000000.0,1000000.0,1000000.0,1000000.0,1000000.0,1000000.0,1000000.0,1000000.0,1000000.0,1000000.0,1000000.0,1000000.0,1000000.0,1000000.0,1000000.0,1000000.0,1000000.0,1000000.0,1000000.0,1000000.0,1000000.0,1000000.0,1000000.0,1000000.0,1000000.0,1000000.0,1000000.0,1000000.0,1000000.0,1000000.0,1000000.0,1000000.0,1000000.0,1000000.0,1000000.0,1000000.0,1000000.0,1000000.0,1000000.0,1000000.0,1000000.0,1000000.0,1000000.0,1000000.0,1000000.0,1000000.0,0.0,0.0,0.0,0.0,0.0,0.0,0.0,0.0,0.0,0.0,0.0,0.0,0.0,0.0,0.0,0.0,0.0,192.91053773812425,385.82107547624787,771.6421509524955,1302.1461297323344,1929.1053773812387,3327.7067759826386,5160.356884494808,9886.665059078852,17410.17603086568,33711.116469737135,56329.87701953218,102869.54424885464,174776.94719074032,301374.4875813841,368748.4928864239,644851.7000241138,783168.5555823486,895828.309621413,949216.3009404389,980612.4909573185,992572.9442970823,997781.5288160116,998938.9920424403,999373.040752351,999710.6341933928,999855.3170966964,999855.3170966964,999855.3170966964,999855.3170966964,999855.3170966964,999855.3170966964,999855.3170966964,999855.3170966964,999903.5447311308,999903.5447311308,999903.5447311308,999903.5447311308,999903.5447311308,999903.5447311308,999903.5447311308,999903.5447311308,999951.7723655654,1000000.0,1000000.0,1000000.0,1000000.0,1000000.0,0.0,0.0,0.0,0.0,0.0,0.0,0.0,0.0,0.0,0.0,0.0,0.0,0.0,0.0,0.0,0.0,0.0,0.0,0.0,0.0,0.0,0.0,0.0,0.0,0.0,0.0,0.0,0.0,0.0,0.0,0.0,0.0,0.0,0.0,0.0,0.0,0.0,0.0,0.0,0.0,0.0,0.0,0.0,0.0,0.0,0.0,0.0,0.0,0.0,0.0,0.0,0.0,0.0,0.0,0.0,0.0,0.0,48.22763443453082,192.91053773812425,434.04870991077877,1929.1053773812387,5690.860863274664,22522.305280925957,1000000.0,0.0,0.0,0.0,0.0,0.0,0.0,0.0,0.0,0.0,0.0,0.0,0.0,0.0,0.0,0.0,0.0,0.0,0.0,0.0,0.0,0.0,0.0,0.0,0.0,0.0,0.0,0.0,0.0,0.0,0.0,0.0,0.0,0.0,0.0,0.0,0.0,0.0,0.0,0.0,0.0,0.0,0.0,0.0,0.0,0.0,0.0,0.0,0.0,0.0,0.0,0.0,0.0,0.0,0.0,0.0,0.0,0.0,0.0,0.0,0.0,0.0,0.0,0.0,1000000.0
FLINT,MAGNUM03,F,na,na,na,na,2025_03_11-09_22_56,na,1,15,Yes,1,na,0.0,48.22763443453082,0.0,13.0,56.0,0.0,,,,0.0,48.22763443453082,0.0,13.0,56.0,0.0,32.0,31.0,0.0,30.0,28.0,0.0,24.0,24.0,0.0,22.0,23.0,0.0,19.0,19.0,0.0,16.0,4.0,0.0,17.0,12.0,0.0,0.0,32.0,32.0,63.0,63.0,63.0,0.0,30.0,34.0,62.0,63.0,63.0,3.0,27.0,36.0,60.0,63.0,63.0,4.0,26.0,37.0,60.0,63.0,63.0,5.0,24.0,39.0,58.0,63.0,63.0,6.0,22.0,53.0,57.0,63.0,63.0,6.0,23.0,46.0,58.0,63.0,63.0,8.0,0.0,56.0,18.0,63.0,56.0,63.0,0.0,0.722584824096183,2.1899276434970347,0.7532543604263683,0.4374894505865458,30.0,160.0,913286.7132867133,944055.944055944,971497.4680491921,984326.0188087773,995659.5129008922,999180.1302146129,999903.5447311308,1000000.0,1000000.0,1000000.0,1000000.0,1000000.0,1000000.0,1000000.0,1000000.0,1000000.0,1000000.0,1000000.0,1000000.0,1000000.0,1000000.0,1000000.0,1000000.0,1000000.0,1000000.0,1000000.0,1000000.0,1000000.0,1000000.0,1000000.0,1000000.0,1000000.0,1000000.0,1000000.0,1000000.0,1000000.0,1000000.0,1000000.0,1000000.0,1000000.0,1000000.0,1000000.0,1000000.0,1000000.0,1000000.0,1000000.0,1000000.0,1000000.0,1000000.0,1000000.0,1000000.0,1000000.0,1000000.0,1000000.0,1000000.0,1000000.0,1000000.0,1000000.0,1000000.0,1000000.0,1000000.0,1000000.0,1000000.0,1000000.0,0.0,0.0,0.0,0.0,0.0,0.0,0.0,0.0,0.0,0.0,0.0,0.0,0.0,0.0,0.0,0.0,0.0,0.0,48.22763443453082,48.22763443453082,192.91053773812425,192.91053773812425,530.5039787798403,1350.373764166866,2797.202797202796,5883.771401012779,13744.875813841316,25994.694960212186,58114.29949360983,122980.46780805395,231974.9216300941,307402.9418857005,600337.5934410417,765999.5177236556,902242.5850012057,960115.7463226429,987894.8637569327,996238.2445141064,998553.1709669641,999324.8131179166,999421.2683867855,999421.2683867855,999421.2683867855,999421.2683867855,999517.7236556546,999517.7236556546,999565.9512900892,999565.9512900892,999662.4065589582,999710.6341933928,999758.8618278273,999807.0894622619,999807.0894622619,999951.7723655654,999951.7723655654,1000000.0,1000000.0,1000000.0,1000000.0,1000000.0,1000000.0,1000000.0,1000000.0,1000000.0,0.0,0.0,0.0,0.0,0.0,0.0,0.0,0.0,0.0,0.0,0.0,0.0,0.0,0.0,0.0,0.0,0.0,0.0,0.0,0.0,0.0,0.0,0.0,0.0,0.0,0.0,0.0,0.0,0.0,0.0,0.0,0.0,0.0,0.0,0.0,0.0,0.0,0.0,0.0,0.0,0.0,0.0,0.0,0.0,0.0,0.0,0.0,0.0,0.0,0.0,0.0,0.0,0.0,0.0,0.0,0.0,96.4552688690621,337.59344104171646,1736.1948396431121,5497.950325536535,28116.71087533155,86809.74198215574,235688.44948155293,1000000.0,48.22763443453082,48.22763443453082,48.22763443453082,48.22763443453082,48.22763443453082,48.22763443453082,48.22763443453082,48.22763443453082,48.22763443453082,48.22763443453082,48.22763443453082,48.22763443453082,48.22763443453082,48.22763443453082,48.22763443453082,48.22763443453082,48.22763443453082,48.22763443453082,48.22763443453082,48.22763443453082,48.22763443453082,48.22763443453082,48.22763443453082,48.22763443453082,48.22763443453082,48.22763443453082,48.22763443453082,48.22763443453082,48.22763443453082,48.22763443453082,48.22763443453082,48.22763443453082,48.22763443453082,48.22763443453082,48.22763443453082,48.22763443453082,48.22763443453082,48.22763443453082,48.22763443453082,48.22763443453082,48.22763443453082,48.22763443453082,48.22763443453082,48.22763443453082,48.22763443453082,48.22763443453082,48.22763443453082,48.22763443453082,48.22763443453082,48.22763443453082,48.22763443453082,48.22763443453082,48.22763443453082,48.22763443453082,48.22763443453082,48.22763443453082,48.22763443453082,48.22763443453082,48.22763443453082,48.22763443453082,48.22763443453082,48.22763443453082,48.22763443453082,1000000.0
FLINT,MAGNUM03,F,na,na,na,na,2025_03_11-09_22_56,na,1,16,Yes,1,na,0.0,0.0,998215.5775259223,11.5,58.5,62.0,,,,0.0,0.0,998215.5775259223,11.5,58.5,62.0,32.0,31.0,0.0,30.0,29.0,0.0,26.0,27.0,0.0,23.0,25.0,0.0,19.0,22.0,0.0,13.0,16.0,0.0,17.0,22.0,0.0,0.0,32.0,32.0,63.0,63.0,63.0,0.0,30.0,34.0,63.0,63.0,63.0,1.0,27.0,36.0,63.0,63.0,63.0,3.0,26.0,37.0,62.0,63.0,63.0,5.0,24.0,39.0,61.0,63.0,63.0,7.0,20.0,44.0,60.0,63.0,63.0,5.0,22.0,39.0,61.0,63.0,63.0,11.0,0.0,58.0,12.0,63.0,59.0,63.0,63.0,0.46594010195360214,2.186231876134845,0.1345885250296886,0.0,30.0,160.0,965661.9242826139,978345.7921388955,989727.5138654449,994164.4562334217,998167.3498914879,999565.9512900892,999855.3170966964,999903.5447311308,999951.7723655654,1000000.0,1000000.0,1000000.0,1000000.0,1000000.0,1000000.0,1000000.0,1000000.0,1000000.0,1000000.0,1000000.0,1000000.0,1000000.0,1000000.0,1000000.0,1000000.0,1000000.0,1000000.0,1000000.0,1000000.0,1000000.0,1000000.0,1000000.0,1000000.0,1000000.0,1000000.0,1000000.0,1000000.0,1000000.0,1000000.0,1000000.0,1000000.0,1000000.0,1000000.0,1000000.0,1000000.0,1000000.0,1000000.0,1000000.0,1000000.0,1000000.0,1000000.0,1000000.0,1000000.0,1000000.0,1000000.0,1000000.0,1000000.0,1000000.0,1000000.0,1000000.0,1000000.0,1000000.0,1000000.0,1000000.0,0.0,0.0,0.0,0.0,0.0,0.0,0.0,0.0,0.0,0.0,0.0,0.0,48.22763443453082,48.22763443453082,48.22763443453082,48.22763443453082,48.22763443453082,96.4552688690621,144.68290330359284,192.91053773812425,241.13817217265407,482.27634434531,723.414516517964,1350.373764166866,2893.6580660718573,5112.12925006028,12925.006028454296,23920.90667952736,55944.05594405593,108608.63274656363,212973.2336628888,276730.16638533876,578924.5237521098,741837.4728719556,885073.5471425126,948541.1140583555,985676.3925729443,994646.732577767,998649.626235833,999614.1789245236,999710.6341933928,999758.8618278273,999807.0894622619,999855.3170966964,999903.5447311308,999903.5447311308,999903.5447311308,999903.5447311308,999903.5447311308,999903.5447311308,999903.5447311308,999951.7723655654,999951.7723655654,999951.7723655654,1000000.0,1000000.0,1000000.0,1000000.0,1000000.0,1000000.0,1000000.0,1000000.0,1000000.0,1000000.0,0.0,0.0,0.0,0.0,0.0,0.0,0.0,0.0,0.0,0.0,0.0,0.0,0.0,0.0,0.0,0.0,0.0,0.0,0.0,0.0,0.0,0.0,0.0,0.0,0.0,0.0,0.0,0.0,0.0,0.0,0.0,0.0,0.0,0.0,0.0,0.0,0.0,0.0,0.0,0.0,0.0,0.0,0.0,0.0,0.0,0.0,0.0,0.0,0.0,0.0,0.0,0.0,0.0,0.0,0.0,0.0,0.0,0.0,0.0,96.4552688690621,337.59344104171646,1784.4224740776426,10561.851941162287,1000000.0,0.0,0.0,0.0,0.0,0.0,0.0,0.0,0.0,0.0,0.0,0.0,0.0,0.0,0.0,0.0,0.0,0.0,0.0,0.0,0.0,0.0,0.0,0.0,0.0,0.0,0.0,0.0,0.0,0.0,0.0,0.0,0.0,0.0,0.0,0.0,0.0,0.0,0.0,0.0,0.0,0.0,0.0,0.0,0.0,0.0,0.0,0.0,0.0,0.0,0.0,0.0,0.0,0.0,0.0,0.0,0.0,0.0,0.0,0.0,0.0,0.0,0.0,0.0,1000000.0
FLINT,MAGNUM03,F,na,na,na,na,2025_03_11-09_22_56,na,1,17,Yes,1,na,0.0,0.0,973571.2563298771,13.5,56.0,62.0,,,,0.0,0.0,973571.2563298771,13.5,56.0,62.0,32.0,31.0,0.0,30.0,29.0,0.0,25.0,25.0,0.0,22.0,23.0,0.0,19.0,21.0,0.0,15.0,5.0,0.0,17.0,15.0,0.0,0.0,32.0,32.0,63.0,63.0,63.0,0.0,30.0,34.0,63.0,63.0,63.0,2.0,27.0,36.0,61.0,63.0,63.0,4.0,26.0,37.0,60.0,63.0,63.0,5.0,24.0,39.0,60.0,63.0,63.0,7.0,22.0,53.0,58.0,63.0,63.0,6.0,23.0,44.0,59.0,63.0,63.0,7.0,0.0,63.0,20.0,63.0,56.0,63.0,63.0,0.6547757853385319,2.192691833380915,0.4556683196160435,0.0,30.0,160.0,930889.7998553171,954907.1618037135,977911.7434289848,986930.3110682421,996334.6997829756,999180.1302146129,999855.3170966964,1000000.0,1000000.0,1000000.0,1000000.0,1000000.0,1000000.0,1000000.0,1000000.0,1000000.0,1000000.0,1000000.0,1000000.0,1000000.0,1000000.0,1000000.0,1000000.0,1000000.0,1000000.0,1000000.0,1000000.0,1000000.0,1000000.0,1000000.0,1000000.0,1000000.0,1000000.0,1000000.0,1000000.0,1000000.0,1000000.0,1000000.0,1000000.0,1000000.0,1000000.0,1000000.0,1000000.0,1000000.0,1000000.0,1000000.0,1000000.0,1000000.0,1000000.0,1000000.0,1000000.0,1000000.0,1000000.0,1000000.0,1000000.0,1000000.0,1000000.0,1000000.0,1000000.0,1000000.0,1000000.0,1000000.0,1000000.0,1000000.0,0.0,0.0,0.0,0.0,0.0,0.0,0.0,0.0,0.0,0.0,0.0,0.0,0.0,0.0,0.0,0.0,0.0,0.0,0.0,0.0,48.22763443453082,192.91053773812425,530.5039787798403,1157.4632264287443,2218.471183988428,5497.950325536535,13069.688931757892,24499.63829274172,53339.76368459129,110634.19339281417,219339.2814082468,285700.5063901615,575645.0446105619,740921.1478176996,889172.8960694479,950180.8536291294,986158.6689172896,995997.1063419338,998408.4880636605,999131.9025801783,999373.040752351,999373.040752351,999421.2683867855,999517.7236556546,999662.4065589582,999662.4065589582,999807.0894622619,999855.3170966964,999855.3170966964,999855.3170966964,999855.3170966964,999855.3170966964,999855.3170966964,999951.7723655654,999951.7723655654,1000000.0,1000000.0,1000000.0,1000000.0,1000000.0,1000000.0,1000000.0,1000000.0,1000000.0,0.0,0.0,0.0,0.0,0.0,0.0,0.0,0.0,0.0,0.0,0.0,0.0,0.0,0.0,0.0,0.0,0.0,0.0,0.0,0.0,0.0,0.0,0.0,0.0,0.0,0.0,0.0,0.0,0.0,0.0,0.0,0.0,0.0,0.0,0.0,0.0,0.0,0.0,0.0,0.0,0.0,0.0,0.0,0.0,0.0,0.0,0.0,0.0,0.0,0.0,0.0,0.0,0.0,0.0,0.0,0.0,48.22763443453082,96.4552688690621,482.27634434531,1253.9184952978064,6414.2753797926125,26428.743670122974,99493.60983843742,1000000.0,0.0,0.0,0.0,0.0,0.0,0.0,0.0,0.0,0.0,0.0,0.0,0.0,0.0,0.0,0.0,0.0,0.0,0.0,0.0,0.0,0.0,0.0,0.0,0.0,0.0,0.0,0.0,0.0,0.0,0.0,0.0,0.0,0.0,0.0,0.0,0.0,0.0,0.0,0.0,0.0,0.0,0.0,0.0,0.0,0.0,0.0,0.0,0.0,0.0,0.0,0.0,0.0,0.0,0.0,0.0,0.0,0.0,0.0,0.0,0.0,0.0,0.0,0.0,1000000.0
FLINT,MAGNUM03,F,na,na,na,na,2025_03_11-09_22_56,na,1,18,Yes,1,na,0.0,0.0,993151.6759102966,13.5,58.5,62.0,,,,0.0,0.0,993151.6759102966,13.5,58.5,62.0,32.0,31.0,0.0,30.0,29.0,0.0,26.0,26.0,0.0,22.0,24.0,0.0,19.0,21.0,0.0,14.0,12.0,0.0,17.0,18.0,0.0,0.0,32.0,32.0,63.0,63.0,63.0,0.0,30.0,34.0,63.0,63.0,63.0,2.0,28.0,36.0,62.0,63.0,63.0,4.0,26.0,37.0,61.0,63.0,63.0,5.0,24.0,39.0,60.0,63.0,63.0,7.0,21.0,48.0,60.0,63.0,63.0,6.0,23.0,42.0,60.0,63.0,63.0,8.0,0.0,58.0,19.0,63.0,59.0,63.0,63.0,0.6276643879756721,2.178291611184976,0.24556387299994,0.0,30.0,160.0,941692.7899686521,960405.1121292501,979792.6211719314,987557.2703158909,996479.3826862792,999180.1302146129,999855.3170966964,999903.5447311308,1000000.0,1000000.0,1000000.0,1000000.0,1000000.0,1000000.0,1000000.0,1000000.0,1000000.0,1000000.0,1000000.0,1000000.0,1000000.0,1000000.0,1000000.0,1000000.0,1000000.0,1000000.0,1000000.0,1000000.0,1000000.0,1000000.0,1000000.0,1000000.0,1000000.0,1000000.0,1000000.0,1000000.0,1000000.0,1000000.0,1000000.0,1000000.0,1000000.0,1000000.0,1000000.0,1000000.0,1000000.0,1000000.0,1000000.0,1000000.0,1000000.0,1000000.0,1000000.0,1000000.0,1000000.0,1000000.0,1000000.0,1000000.0,1000000.0,1000000.0,1000000.0,1000000.0,1000000.0,1000000.0,1000000.0,1000000.0,0.0,0.0,0.0,0.0,0.0,0.0,0.0,0.0,0.0,0.0,0.0,0.0,0.0,0.0,0.0,0.0,0.0,0.0,0.0,48.22763443453082,144.68290330359284,241.13817217265407,385.82107547624787,964.5526886906189,2122.0159151193625,4533.397636845913,10320.71376898964,20979.020979020985,49192.187123221556,99927.65854834829,198504.94333252954,249626.23583313238,541741.0176030865,711068.2421027247,870749.9397154569,940149.505666747,983265.0108512177,994598.5049433325,998649.626235833,999324.8131179166,999517.7236556546,999517.7236556546,999614.1789245236,999662.4065589582,999662.4065589582,999710.6341933928,999758.8618278273,999758.8618278273,999903.5447311308,999951.7723655654,999951.7723655654,999951.7723655654,999951.7723655654,999951.7723655654,1000000.0,1000000.0,1000000.0,1000000.0,1000000.0,1000000.0,1000000.0,1000000.0,1000000.0,1000000.0,0.0,0.0,0.0,0.0,0.0,0.0,0.0,0.0,0.0,0.0,0.0,0.0,0.0,0.0,0.0,0.0,0.0,0.0,0.0,0.0,0.0,0.0,0.0,0.0,0.0,0.0,0.0,0.0,0.0,0.0,0.0,0.0,0.0,0.0,0.0,0.0,0.0,0.0,0.0,0.0,0.0,0.0,0.0,0.0,0.0,0.0,0.0,0.0,0.0,0.0,0.0,0.0,0.0,0.0,0.0,0.0,0.0,0.0,0.0,96.4552688690621,1446.829033035929,6848.3240897033975,33614.66120086806,1000000.0,0.0,0.0,0.0,0.0,0.0,0.0,0.0,0.0,0.0,0.0,0.0,0.0,0.0,0.0,0.0,0.0,0.0,0.0,0.0,0.0,0.0,0.0,0.0,0.0,0.0,0.0,0.0,0.0,0.0,0.0,0.0,0.0,0.0,0.0,0.0,0.0,0.0,0.0,0.0,0.0,0.0,0.0,0.0,0.0,0.0,0.0,0.0,0.0,0.0,0.0,0.0,0.0,0.0,0.0,0.0,0.0,0.0,0.0,0.0,0.0,0.0,0.0,0.0,1000000.0
FLINT,MAGNUM03,F,na,na,na,na,2025_03_11-09_22_56,na,1,19,Yes,1,na,0.0,0.0,903400.0482276345,14.5,54.0,62.0,,,,0.0,0.0,903400.0482276345,14.5,54.0,62.0,32.0,31.0,0.0,29.0,28.0,0.0,23.0,24.0,0.0,20.0,22.0,0.0,17.0,20.0,0.0,13.0,17.0,0.0,15.0,18.0,0.0,0.0,32.0,32.0,63.0,63.0,63.0,0.0,29.0,34.0,62.0,63.0,63.0,3.0,26.0,36.0,60.0,63.0,63.0,4.0,24.0,37.0,59.0,63.0,63.0,5.0,22.0,38.0,58.0,63.0,63.0,7.0,20.0,40.0,57.0,63.0,63.0,6.0,21.0,39.0,57.0,63.0,63.0,12.0,0.0,57.0,17.0,63.0,54.0,63.0,63.0,0.6998284250922107,2.33596656761945,0.8074524002538424,0.0,30.0,160.0,926742.2232939475,949746.8049192186,974101.7603086568,984084.8806366047,996382.9274174101,999131.9025801783,999807.0894622619,999951.7723655654,999951.7723655654,999951.7723655654,1000000.0,1000000.0,1000000.0,1000000.0,1000000.0,1000000.0,1000000.0,1000000.0,1000000.0,1000000.0,1000000.0,1000000.0,1000000.0,1000000.0,1000000.0,1000000.0,1000000.0,1000000.0,1000000.0,1000000.0,1000000.0,1000000.0,1000000.0,1000000.0,1000000.0,1000000.0,1000000.0,1000000.0,1000000.0,1000000.0,1000000.0,1000000.0,1000000.0,1000000.0,1000000.0,1000000.0,1000000.0,1000000.0,1000000.0,1000000.0,1000000.0,1000000.0,1000000.0,1000000.0,1000000.0,1000000.0,1000000.0,1000000.0,1000000.0,1000000.0,1000000.0,1000000.0,1000000.0,1000000.0,0.0,0.0,0.0,0.0,0.0,0.0,0.0,0.0,0.0,0.0,0.0,0.0,0.0,0.0,0.0,0.0,0.0,48.22763443453082,96.4552688690621,192.91053773812425,385.82107547624787,1157.4632264287443,2122.0159151193625,3665.3002170243526,6607.1859175307445,12105.136243067265,25319.508078128747,44224.7407764649,88304.79864962626,159585.24234386295,277694.71907402936,309814.32360742707,648999.2765854833,795852.4234386303,914203.0383409692,960790.9332047263,988232.4571979743,996768.7484928863,998987.2196768748,999662.4065589582,999903.5447311308,999903.5447311308,999951.7723655654,999951.7723655654,999951.7723655654,999951.7723655654,999951.7723655654,999951.7723655654,999951.7723655654,999951.7723655654,999951.7723655654,999951.7723655654,1000000.0,1000000.0,1000000.0,1000000.0,1000000.0,1000000.0,1000000.0,1000000.0,1000000.0,1000000.0,1000000.0,1000000.0,0.0,0.0,0.0,0.0,0.0,0.0,0.0,0.0,0.0,0.0,0.0,0.0,0.0,0.0,0.0,0.0,0.0,0.0,0.0,0.0,0.0,0.0,0.0,0.0,0.0,0.0,0.0,0.0,0.0,0.0,0.0,0.0,0.0,0.0,0.0,0.0,0.0,0.0,0.0,0.0,0.0,0.0,0.0,0.0,0.0,0.0,0.0,0.0,0.0,0.0,0.0,0.0,0.0,0.0,48.22763443453082,48.22763443453082,144.68290330359284,675.1868820834334,2893.6580660718573,8295.15312273932,34241.620448517,96599.95177236552,252085.84518929344,1000000.0,0.0,0.0,0.0,0.0,0.0,0.0,0.0,0.0,0.0,0.0,0.0,0.0,0.0,0.0,0.0,0.0,0.0,0.0,0.0,0.0,0.0,0.0,0.0,0.0,0.0,0.0,0.0,0.0,0.0,0.0,0.0,0.0,0.0,0.0,0.0,0.0,0.0,0.0,0.0,0.0,0.0,0.0,0.0,0.0,0.0,0.0,0.0,0.0,0.0,0.0,0.0,0.0,0.0,0.0,0.0,0.0,0.0,0.0,0.0,0.0,0.0,0.0,0.0,1000000.0
FLINT,MAGNUM03,F,na,na,na,na,2025_03_11-09_22_56,na,1,20,Yes,1,na,0.0,0.0,893561.6108029903,14.5,56.0,62.0,,,,0.0,0.0,893561.6108029903,14.5,56.0,62.0,32.0,31.0,0.0,29.0,28.0,0.0,24.0,24.0,0.0,21.0,22.0,0.0,19.0,18.0,0.0,16.0,7.0,0.0,18.0,11.0,0.0,0.0,32.0,32.0,63.0,63.0,63.0,1.0,30.0,34.0,62.0,63.0,63.0,4.0,28.0,36.0,60.0,63.0,63.0,5.0,26.0,37.0,59.0,63.0,63.0,6.0,25.0,40.0,58.0,63.0,63.0,7.0,23.0,50.0,57.0,63.0,63.0,6.0,24.0,47.0,58.0,63.0,63.0,8.0,0.0,56.0,21.0,63.0,56.0,63.0,63.0,1.0106704483334352,2.081944530213177,0.8188679389939083,0.0,30.0,160.0,836218.9534603327,889414.0342416205,941933.9281408247,963829.2741741017,988811.1888111888,998215.5775259222,999710.6341933928,999903.5447311308,1000000.0,1000000.0,1000000.0,1000000.0,1000000.0,1000000.0,1000000.0,1000000.0,1000000.0,1000000.0,1000000.0,1000000.0,1000000.0,1000000.0,1000000.0,1000000.0,1000000.0,1000000.0,1000000.0,1000000.0,1000000.0,1000000.0,1000000.0,1000000.0,1000000.0,1000000.0,1000000.0,1000000.0,1000000.0,1000000.0,1000000.0,1000000.0,1000000.0,1000000.0,1000000.0,1000000.0,1000000.0,1000000.0,1000000.0,1000000.0,1000000.0,1000000.0,1000000.0,1000000.0,1000000.0,1000000.0,1000000.0,1000000.0,1000000.0,1000000.0,1000000.0,1000000.0,1000000.0,1000000.0,1000000.0,1000000.0,0.0,0.0,0.0,0.0,0.0,0.0,0.0,0.0,0.0,0.0,0.0,0.0,0.0,0.0,0.0,0.0,0.0,0.0,0.0,0.0,0.0,48.22763443453082,192.91053773812425,482.27634434531,964.5526886906189,2652.5198938992025,7668.193875090419,17554.858934169293,39884.25367735713,91825.41596334698,193344.58644803465,242826.13937786352,536339.5225464191,721485.4111405835,889510.4895104895,952785.1458885941,987991.3190258017,996382.9274174101,998408.4880636605,998553.1709669641,998746.0815047021,998890.7644080058,999035.4473113093,999083.6749457439,999228.3578490474,999373.040752351,999469.4960212201,999565.9512900892,999807.0894622619,999855.3170966964,999903.5447311308,999903.5447311308,999903.5447311308,999903.5447311308,999951.7723655654,1000000.0,1000000.0,1000000.0,1000000.0,1000000.0,1000000.0,1000000.0,1000000.0,1000000.0,0.0,0.0,0.0,0.0,0.0,0.0,0.0,0.0,0.0,0.0,0.0,0.0,0.0,0.0,0.0,0.0,0.0,0.0,0.0,0.0,0.0,0.0,0.0,0.0,0.0,0.0,0.0,0.0,0.0,0.0,0.0,0.0,0.0,0.0,0.0,0.0,0.0,0.0,0.0,0.0,0.0,0.0,0.0,0.0,0.0,0.0,0.0,0.0,0.0,0.0,0.0,0.0,0.0,0.0,0.0,0.0,48.22763443453082,289.36580660718624,2314.926452857486,8005.7873161321395,35013.262599469446,106438.38919700982,299011.33349409205,1000000.0,0.0,0.0,0.0,0.0,0.0,0.0,0.0,0.0,0.0,0.0,0.0,0.0,0.0,0.0,0.0,0.0,0.0,0.0,0.0,0.0,0.0,0.0,0.0,0.0,0.0,0.0,0.0,0.0,0.0,0.0,0.0,0.0,0.0,0.0,0.0,0.0,0.0,0.0,0.0,0.0,0.0,0.0,0.0,0.0,0.0,0.0,0.0,0.0,0.0,0.0,0.0,0.0,0.0,0.0,0.0,0.0,0.0,0.0,0.0,0.0,0.0,0.0,0.0,1000000.0
FLINT,MAGNUM03,F,na,na,na,na,2025_03_11-09_22_56,na,1,21,Yes,1,na,0.0,0.0,922401.7361948397,13.5,56.0,62.0,,,,0.0,0.0,922401.7361948397,13.5,56.0,62.0,33.0,30.0,0.0,31.0,27.0,0.0,24.0,23.0,0.0,21.0,22.0,0.0,19.0,19.0,0.0,16.0,8.0,0.0,18.0,15.0,0.0,0.0,33.0,33.0,63.0,63.0,63.0,0.0,31.0,35.0,62.0,63.0,63.0,4.0,28.0,37.0,60.0,63.0,63.0,5.0,26.0,38.0,60.0,63.0,63.0,6.0,25.0,39.0,58.0,63.0,63.0,6.0,22.0,49.0,57.0,63.0,63.0,6.0,24.0,43.0,58.0,63.0,63.0,7.0,0.0,63.0,20.0,63.0,56.0,63.0,63.0,0.916978352950835,2.257052433577728,0.7297255343671682,0.0,30.0,160.0,861152.6404629853,906197.2510248373,951000.7234145164,972992.5247166626,992476.4890282131,998504.9433325295,999903.5447311308,1000000.0,1000000.0,1000000.0,1000000.0,1000000.0,1000000.0,1000000.0,1000000.0,1000000.0,1000000.0,1000000.0,1000000.0,1000000.0,1000000.0,1000000.0,1000000.0,1000000.0,1000000.0,1000000.0,1000000.0,1000000.0,1000000.0,1000000.0,1000000.0,1000000.0,1000000.0,1000000.0,1000000.0,1000000.0,1000000.0,1000000.0,1000000.0,1000000.0,1000000.0,1000000.0,1000000.0,1000000.0,1000000.0,1000000.0,1000000.0,1000000.0,1000000.0,1000000.0,1000000.0,1000000.0,1000000.0,1000000.0,1000000.0,1000000.0,1000000.0,1000000.0,1000000.0,1000000.0,1000000.0,1000000.0,1000000.0,1000000.0,0.0,0.0,0.0,0.0,0.0,0.0,0.0,0.0,0.0,0.0,0.0,0.0,0.0,0.0,0.0,0.0,0.0,0.0,0.0,0.0,48.22763443453082,144.68290330359284,241.13817217265407,434.04870991077877,1061.0079575596806,2845.4304316373314,7234.145165179647,15288.160115746312,31637.328189052336,75186.8820834338,151579.45502773096,199614.1789245237,432987.7019532192,594694.9602122016,776368.4591270797,886375.6932722449,961224.981914637,990016.879672052,997540.3906438388,998890.7644080058,999324.8131179166,999421.2683867855,999421.2683867855,999614.1789245236,999662.4065589582,999807.0894622619,999807.0894622619,999855.3170966964,999855.3170966964,999951.7723655654,999951.7723655654,999951.7723655654,999951.7723655654,999951.7723655654,999951.7723655654,1000000.0,1000000.0,1000000.0,1000000.0,1000000.0,1000000.0,1000000.0,1000000.0,1000000.0,0.0,0.0,0.0,0.0,0.0,0.0,0.0,0.0,0.0,0.0,0.0,0.0,0.0,0.0,0.0,0.0,0.0,0.0,0.0,0.0,0.0,0.0,0.0,0.0,0.0,0.0,0.0,0.0,0.0,0.0,0.0,0.0,0.0,0.0,0.0,0.0,0.0,0.0,0.0,0.0,0.0,0.0,0.0,0.0,0.0,0.0,0.0,0.0,0.0,0.0,0.0,0.0,0.0,0.0,0.0,0.0,48.22763443453082,241.13817217265407,1398.601398601398,5739.088497709187,25946.467325777645,77598.26380516033,230672.77550036163,1000000.0,0.0,0.0,0.0,0.0,0.0,0.0,0.0,0.0,0.0,0.0,0.0,0.0,0.0,0.0,0.0,0.0,0.0,0.0,0.0,0.0,0.0,0.0,0.0,0.0,0.0,0.0,0.0,0.0,0.0,0.0,0.0,0.0,0.0,0.0,0.0,0.0,0.0,0.0,0.0,0.0,0.0,0.0,0.0,0.0,0.0,0.0,0.0,0.0,0.0,0.0,0.0,0.0,0.0,0.0,0.0,0.0,0.0,0.0,0.0,0.0,0.0,0.0,0.0,1000000.0
FLINT,MAGNUM03,F,na,na,na,na,2025_03_11-09_22_56,na,1,22,Yes,1,na,0.0,0.0,972654.9312756209,13.0,52.0,62.0,,,,0.0,0.0,972654.9312756209,13.0,52.0,62.0,32.0,31.0,0.0,30.0,29.0,0.0,25.0,25.0,0.0,22.0,23.0,0.0,19.0,22.0,0.0,17.0,20.0,0.0,17.0,21.0,0.0,0.0,32.0,32.0,63.0,63.0,63.0,0.0,30.0,34.0,63.0,63.0,63.0,3.0,28.0,36.0,61.0,63.0,63.0,4.0,26.0,37.0,60.0,63.0,63.0,5.0,24.0,38.0,60.0,63.0,63.0,6.0,23.0,39.0,59.0,63.0,63.0,6.0,23.0,38.0,59.0,63.0,63.0,7.0,0.0,46.0,19.0,63.0,58.0,63.0,63.0,0.7076431269295729,1.9986062824070778,0.4580379773962819,0.0,30.0,160.0,915408.7292018327,945743.9112611526,971786.8338557993,985242.3438630335,996093.561610803,999421.2683867855,1000000.0,1000000.0,1000000.0,1000000.0,1000000.0,1000000.0,1000000.0,1000000.0,1000000.0,1000000.0,1000000.0,1000000.0,1000000.0,1000000.0,1000000.0,1000000.0,1000000.0,1000000.0,1000000.0,1000000.0,1000000.0,1000000.0,1000000.0,1000000.0,1000000.0,1000000.0,1000000.0,1000000.0,1000000.0,1000000.0,1000000.0,1000000.0,1000000.0,1000000.0,1000000.0,1000000.0,1000000.0,1000000.0,1000000.0,1000000.0,1000000.0,1000000.0,1000000.0,1000000.0,1000000.0,1000000.0,1000000.0,1000000.0,1000000.0,1000000.0,1000000.0,1000000.0,1000000.0,1000000.0,1000000.0,1000000.0,1000000.0,1000000.0,0.0,0.0,0.0,0.0,0.0,0.0,0.0,0.0,0.0,0.0,0.0,0.0,0.0,0.0,0.0,0.0,0.0,0.0,0.0,48.22763443453082,48.22763443453082,48.22763443453082,192.91053773812425,675.1868820834334,1591.5119363395213,3617.07258258982,8970.34000482275,17988.907644080045,43356.6433566433,98046.78080540152,195611.28526645765,262599.4694960212,565179.6479382686,748541.1140583555,898721.9676874849,965372.5584760066,992476.4890282131,998070.8946226187,999662.4065589582,999951.7723655654,1000000.0,1000000.0,1000000.0,1000000.0,1000000.0,1000000.0,1000000.0,1000000.0,1000000.0,1000000.0,1000000.0,1000000.0,1000000.0,1000000.0,1000000.0,1000000.0,1000000.0,1000000.0,1000000.0,1000000.0,1000000.0,1000000.0,1000000.0,1000000.0,0.0,0.0,0.0,0.0,0.0,0.0,0.0,0.0,0.0,0.0,0.0,0.0,0.0,0.0,0.0,0.0,0.0,0.0,0.0,0.0,0.0,0.0,0.0,0.0,0.0,0.0,0.0,0.0,0.0,0.0,0.0,0.0,0.0,0.0,0.0,0.0,0.0,0.0,0.0,0.0,0.0,0.0,0.0,0.0,0.0,0.0,0.0,0.0,0.0,0.0,0.0,0.0,0.0,0.0,0.0,0.0,0.0,0.0,96.4552688690621,964.5526886906189,7282.372799614172,27345.068724379063,102965.99951772355,1000000.0,0.0,0.0,0.0,0.0,0.0,0.0,0.0,0.0,0.0,0.0,0.0,0.0,0.0,0.0,0.0,0.0,0.0,0.0,0.0,0.0,0.0,0.0,0.0,0.0,0.0,0.0,0.0,0.0,0.0,0.0,0.0,0.0,0.0,0.0,0.0,0.0,0.0,0.0,0.0,0.0,0.0,0.0,0.0,0.0,0.0,0.0,0.0,0.0,0.0,0.0,0.0,0.0,0.0,0.0,0.0,0.0,0.0,0.0,0.0,0.0,0.0,0.0,0.0,1000000.0
FLINT,MAGNUM03,F,na,na,na,na,2025_03_11-09_22_56,na,1,23,Yes,1,na,0.0,0.0,996382.9274174102,13.5,20.5,62.0,,,,0.0,0.0,996382.9274174102,13.5,20.5,62.0,32.0,31.0,0.0,30.0,29.0,0.0,25.0,27.0,0.0,22.0,25.0,0.0,17.0,23.0,0.0,14.0,20.0,0.0,15.0,21.0,0.0,0.0,32.0,32.0,63.0,63.0,63.0,0.0,30.0,34.0,63.0,63.0,63.0,2.0,27.0,36.0,63.0,63.0,63.0,3.0,25.0,37.0,62.0,63.0,63.0,5.0,22.0,38.0,61.0,63.0,63.0,6.0,20.0,40.0,60.0,63.0,63.0,6.0,21.0,39.0,60.0,63.0,63.0,9.0,0.0,41.0,18.0,63.0,0.0,63.0,63.0,0.4741471536454584,2.2865254319683075,0.47398341689605084,0.0,30.0,160.0,966578.2493368699,977188.3289124668,988473.595370147,993971.5456956836,998215.5775259222,999421.2683867855,999903.5447311308,999903.5447311308,1000000.0,1000000.0,1000000.0,1000000.0,1000000.0,1000000.0,1000000.0,1000000.0,1000000.0,1000000.0,1000000.0,1000000.0,1000000.0,1000000.0,1000000.0,1000000.0,1000000.0,1000000.0,1000000.0,1000000.0,1000000.0,1000000.0,1000000.0,1000000.0,1000000.0,1000000.0,1000000.0,1000000.0,1000000.0,1000000.0,1000000.0,1000000.0,1000000.0,1000000.0,1000000.0,1000000.0,1000000.0,1000000.0,1000000.0,1000000.0,1000000.0,1000000.0,1000000.0,1000000.0,1000000.0,1000000.0,1000000.0,1000000.0,1000000.0,1000000.0,1000000.0,1000000.0,1000000.0,1000000.0,1000000.0,1000000.0,0.0,0.0,0.0,0.0,0.0,0.0,0.0,0.0,0.0,0.0,0.0,0.0,0.0,0.0,0.0,0.0,0.0,0.0,96.4552688690621,192.91053773812425,241.13817217265407,626.959247648901,1784.4224740776426,2556.0646250301406,5401.495056667472,10127.80323125151,20593.199903544737,37472.8719556306,77646.49143959493,143670.12298046777,264576.802507837,354231.97492163006,627779.1174342898,778490.4750421991,906583.0721003135,958524.2343863033,987509.0426814564,996141.7892452375,999083.6749457439,999758.8618278273,1000000.0,1000000.0,1000000.0,1000000.0,1000000.0,1000000.0,1000000.0,1000000.0,1000000.0,1000000.0,1000000.0,1000000.0,1000000.0,1000000.0,1000000.0,1000000.0,1000000.0,1000000.0,1000000.0,1000000.0,1000000.0,1000000.0,1000000.0,1000000.0,48.22763443453082,48.22763443453082,48.22763443453082,48.22763443453082,48.22763443453082,48.22763443453082,48.22763443453082,48.22763443453082,48.22763443453082,48.22763443453082,48.22763443453082,48.22763443453082,48.22763443453082,48.22763443453082,48.22763443453082,48.22763443453082,48.22763443453082,48.22763443453082,48.22763443453082,48.22763443453082,48.22763443453082,48.22763443453082,48.22763443453082,48.22763443453082,48.22763443453082,48.22763443453082,48.22763443453082,48.22763443453082,48.22763443453082,48.22763443453082,48.22763443453082,48.22763443453082,48.22763443453082,48.22763443453082,48.22763443453082,48.22763443453082,48.22763443453082,48.22763443453082,48.22763443453082,48.22763443453082,48.22763443453082,48.22763443453082,48.22763443453082,48.22763443453082,48.22763443453082,48.22763443453082,48.22763443453082,48.22763443453082,48.22763443453082,48.22763443453082,48.22763443453082,48.22763443453082,48.22763443453082,48.22763443453082,48.22763443453082,48.22763443453082,48.22763443453082,48.22763443453082,48.22763443453082,192.91053773812425,916.3250542560885,3617.07258258982,17892.452375210985,1000000.0,0.0,0.0,0.0,0.0,0.0,0.0,0.0,0.0,0.0,0.0,0.0,0.0,0.0,0.0,0.0,0.0,0.0,0.0,0.0,0.0,0.0,0.0,0.0,0.0,0.0,0.0,0.0,0.0,0.0,0.0,0.0,0.0,0.0,0.0,0.0,0.0,0.0,0.0,0.0,0.0,0.0,0.0,0.0,0.0,0.0,0.0,0.0,0.0,0.0,0.0,0.0,0.0,0.0,0.0,0.0,0.0,0.0,0.0,0.0,0.0,0.0,0.0,0.0,1000000.0
FLINT,MAGNUM03,F,na,na,na,na,2025_03_11-09_22_56,na,1,24,Yes,1,na,0.0,0.0,0.0,13.5,50.5,0.0,,,,0.0,0.0,0.0,13.5,50.5,0.0,32.0,31.0,0.0,29.0,29.0,0.0,25.0,27.0,0.0,21.0,25.0,0.0,17.0,21.0,0.0,13.0,18.0,0.0,15.0,20.0,0.0,0.0,32.0,32.0,63.0,63.0,63.0,0.0,29.0,34.0,63.0,63.0,63.0,1.0,26.0,36.0,63.0,63.0,63.0,3.0,24.0,37.0,62.0,63.0,63.0,5.0,22.0,39.0,60.0,63.0,63.0,6.0,19.0,41.0,59.0,63.0,63.0,5.0,20.0,39.0,59.0,63.0,63.0,10.0,0.0,45.0,17.0,63.0,56.0,63.0,0.0,0.4248888238458116,2.4062346163905195,0.22540911133248775,0.4374894505865458,30.0,160.0,972654.9312756208,982396.9134313961,990933.2047263081,994839.6431155051,998456.7156980949,999758.8618278273,999951.7723655654,999951.7723655654,1000000.0,1000000.0,1000000.0,1000000.0,1000000.0,1000000.0,1000000.0,1000000.0,1000000.0,1000000.0,1000000.0,1000000.0,1000000.0,1000000.0,1000000.0,1000000.0,1000000.0,1000000.0,1000000.0,1000000.0,1000000.0,1000000.0,1000000.0,1000000.0,1000000.0,1000000.0,1000000.0,1000000.0,1000000.0,1000000.0,1000000.0,1000000.0,1000000.0,1000000.0,1000000.0,1000000.0,1000000.0,1000000.0,1000000.0,1000000.0,1000000.0,1000000.0,1000000.0,1000000.0,1000000.0,1000000.0,1000000.0,1000000.0,1000000.0,1000000.0,1000000.0,1000000.0,1000000.0,1000000.0,1000000.0,1000000.0,0.0,0.0,0.0,0.0,0.0,0.0,0.0,0.0,0.0,0.0,0.0,0.0,0.0,0.0,0.0,0.0,0.0,48.22763443453082,192.91053773812425,289.36580660718624,578.7316132143711,1302.1461297323344,2218.471183988428,3809.9831203279427,6703.6411863998055,11719.315167591023,26718.109476730133,45864.48034723895,89124.66843501331,161755.48589341692,286375.693272245,373571.25632987695,643019.0499156016,781094.767301664,901808.5362912948,953315.649867374,984133.1082710393,994164.4562334217,998697.8538702676,999565.9512900892,999807.0894622619,999951.7723655654,1000000.0,1000000.0,1000000.0,1000000.0,1000000.0,1000000.0,1000000.0,1000000.0,1000000.0,1000000.0,1000000.0,1000000.0,1000000.0,1000000.0,1000000.0,1000000.0,1000000.0,1000000.0,1000000.0,1000000.0,1000000.0,1000000.0,0.0,0.0,0.0,0.0,0.0,0.0,0.0,0.0,0.0,0.0,0.0,0.0,0.0,0.0,0.0,0.0,0.0,0.0,0.0,0.0,0.0,0.0,0.0,0.0,0.0,0.0,0.0,0.0,0.0,0.0,0.0,0.0,0.0,0.0,0.0,0.0,0.0,0.0,0.0,0.0,0.0,0.0,0.0,0.0,0.0,0.0,0.0,0.0,0.0,0.0,0.0,0.0,0.0,0.0,0.0,0.0,48.22763443453082,48.22763443453082,96.4552688690621,578.7316132143711,1736.1948396431121,5208.58451892934,21268.386785628147,1000000.0,48.22763443453082,48.22763443453082,48.22763443453082,48.22763443453082,48.22763443453082,48.22763443453082,48.22763443453082,48.22763443453082,48.22763443453082,48.22763443453082,48.22763443453082,48.22763443453082,48.22763443453082,48.22763443453082,48.22763443453082,48.22763443453082,48.22763443453082,48.22763443453082,48.22763443453082,48.22763443453082,48.22763443453082,48.22763443453082,48.22763443453082,48.22763443453082,48.22763443453082,48.22763443453082,48.22763443453082,48.22763443453082,48.22763443453082,48.22763443453082,48.22763443453082,48.22763443453082,48.22763443453082,48.22763443453082,48.22763443453082,48.22763443453082,48.22763443453082,48.22763443453082,48.22763443453082,48.22763443453082,48.22763443453082,48.22763443453082,48.22763443453082,48.22763443453082,48.22763443453082,48.22763443453082,48.22763443453082,48.22763443453082,48.22763443453082,48.22763443453082,48.22763443453082,48.22763443453082,48.22763443453082,48.22763443453082,48.22763443453082,48.22763443453082,48.22763443453082,48.22763443453082,48.22763443453082,48.22763443453082,48.22763443453082,48.22763443453082,48.22763443453082,1000000.0
FLINT,MAGNUM03,F,na,na,na,na,2025_03_11-09_22_56,na,1,25,Yes,1,na,0.0,0.0,992524.7166626478,9.5,51.5,62.0,,,,0.0,0.0,992524.7166626478,9.5,51.5,62.0,32.0,31.0,0.0,29.0,29.0,0.0,25.0,26.0,0.0,21.0,24.0,0.0,17.0,21.0,0.0,11.0,19.0,0.0,14.0,21.0,0.0,0.0,32.0,32.0,63.0,63.0,63.0,0.0,29.0,34.0,63.0,63.0,63.0,1.0,26.0,36.0,62.0,63.0,63.0,3.0,24.0,37.0,61.0,63.0,63.0,4.0,21.0,39.0,60.0,63.0,63.0,6.0,17.0,40.0,59.0,63.0,63.0,5.0,19.0,39.0,60.0,63.0,63.0,6.0,0.0,45.0,13.0,63.0,58.0,63.0,63.0,0.4091072939328957,2.4544302950354004,0.26032401740525646,0.0,30.0,160.0,971352.7851458886,983168.5555823486,991222.5705329153,995177.2365565469,998842.5367735712,999807.0894622619,1000000.0,1000000.0,1000000.0,1000000.0,1000000.0,1000000.0,1000000.0,1000000.0,1000000.0,1000000.0,1000000.0,1000000.0,1000000.0,1000000.0,1000000.0,1000000.0,1000000.0,1000000.0,1000000.0,1000000.0,1000000.0,1000000.0,1000000.0,1000000.0,1000000.0,1000000.0,1000000.0,1000000.0,1000000.0,1000000.0,1000000.0,1000000.0,1000000.0,1000000.0,1000000.0,1000000.0,1000000.0,1000000.0,1000000.0,1000000.0,1000000.0,1000000.0,1000000.0,1000000.0,1000000.0,1000000.0,1000000.0,1000000.0,1000000.0,1000000.0,1000000.0,1000000.0,1000000.0,1000000.0,1000000.0,1000000.0,1000000.0,1000000.0,0.0,0.0,0.0,0.0,0.0,0.0,0.0,0.0,0.0,0.0,0.0,0.0,0.0,48.22763443453082,48.22763443453082,48.22763443453082,96.4552688690621,289.36580660718624,530.5039787798403,578.7316132143711,916.3250542560885,1543.2843019049903,2507.836990595609,3906.438389197008,7861.104412828547,14564.745599228345,28984.80829515312,51748.25174825174,99445.38220400289,177767.06052568124,305956.11285266455,409163.2505425609,656956.8362671811,789872.1967687485,908801.543284302,956257.5355678804,984277.7911743429,995032.5536532432,998504.9433325295,999758.8618278273,999951.7723655654,1000000.0,1000000.0,1000000.0,1000000.0,1000000.0,1000000.0,1000000.0,1000000.0,1000000.0,1000000.0,1000000.0,1000000.0,1000000.0,1000000.0,1000000.0,1000000.0,1000000.0,1000000.0,1000000.0,1000000.0,1000000.0,1000000.0,1000000.0,0.0,0.0,0.0,0.0,0.0,0.0,0.0,0.0,0.0,0.0,0.0,0.0,0.0,0.0,0.0,0.0,0.0,0.0,0.0,0.0,0.0,0.0,0.0,0.0,0.0,0.0,0.0,0.0,0.0,0.0,0.0,0.0,0.0,0.0,0.0,0.0,0.0,0.0,0.0,0.0,0.0,0.0,0.0,0.0,0.0,0.0,0.0,0.0,0.0,0.0,0.0,0.0,0.0,0.0,0.0,0.0,0.0,0.0,96.4552688690621,337.59344104171646,2556.0646250301406,7475.283337352298,31058.59657583795,1000000.0,0.0,0.0,0.0,0.0,0.0,0.0,0.0,0.0,0.0,0.0,0.0,0.0,0.0,0.0,0.0,0.0,0.0,0.0,0.0,0.0,0.0,0.0,0.0,0.0,0.0,0.0,0.0,0.0,0.0,0.0,0.0,0.0,0.0,0.0,0.0,0.0,0.0,0.0,0.0,0.0,0.0,0.0,0.0,0.0,0.0,0.0,0.0,0.0,0.0,0.0,0.0,0.0,0.0,0.0,0.0,0.0,0.0,0.0,0.0,0.0,0.0,0.0,0.0,1000000.0
FLINT,MAGNUM03,F,na,na,na,na,2025_03_11-09_22_56,na,1,26,Yes,1,na,0.0,0.0,998360.260429226,11.0,58.5,62.0,,,,0.0,0.0,998360.260429226,11.0,58.5,62.0,32.0,31.0,0.0,30.0,29.0,0.0,26.0,27.0,0.0,22.0,25.0,0.0,18.0,23.0,0.0,14.0,19.0,0.0,15.0,22.0,0.0,0.0,32.0,32.0,63.0,63.0,63.0,0.0,30.0,34.0,63.0,63.0,63.0,0.0,26.0,36.0,63.0,63.0,63.0,3.0,25.0,37.0,62.0,63.0,63.0,4.0,22.0,38.0,61.0,63.0,63.0,6.0,20.0,41.0,60.0,63.0,63.0,5.0,20.0,39.0,61.0,63.0,63.0,8.0,0.0,58.0,14.0,63.0,59.0,63.0,63.0,0.3901330033720131,2.3133053346603636,0.12170943420048919,0.0,30.0,160.0,980178.4422474077,985869.3031106823,992428.2613937786,995129.0089221123,998746.0815047021,999565.9512900892,999903.5447311308,1000000.0,1000000.0,1000000.0,1000000.0,1000000.0,1000000.0,1000000.0,1000000.0,1000000.0,1000000.0,1000000.0,1000000.0,1000000.0,1000000.0,1000000.0,1000000.0,1000000.0,1000000.0,1000000.0,1000000.0,1000000.0,1000000.0,1000000.0,1000000.0,1000000.0,1000000.0,1000000.0,1000000.0,1000000.0,1000000.0,1000000.0,1000000.0,1000000.0,1000000.0,1000000.0,1000000.0,1000000.0,1000000.0,1000000.0,1000000.0,1000000.0,1000000.0,1000000.0,1000000.0,1000000.0,1000000.0,1000000.0,1000000.0,1000000.0,1000000.0,1000000.0,1000000.0,1000000.0,1000000.0,1000000.0,1000000.0,1000000.0,0.0,0.0,0.0,0.0,0.0,0.0,0.0,0.0,0.0,0.0,0.0,0.0,0.0,0.0,48.22763443453082,48.22763443453082,48.22763443453082,96.4552688690621,144.68290330359284,192.91053773812425,626.959247648901,1012.7803231251486,1832.650108512174,3279.479141548107,5883.771401012779,10995.900651073063,23149.2645285749,40945.261634916824,85025.31950807807,152447.55244755253,278369.9059561128,359054.7383650832,655992.2835784905,795273.6918254159,913913.6725343622,961707.2582589823,987894.8637569327,995900.6510730648,998890.7644080058,999614.1789245236,999855.3170966964,999903.5447311308,999903.5447311308,999951.7723655654,999951.7723655654,999951.7723655654,999951.7723655654,999951.7723655654,1000000.0,1000000.0,1000000.0,1000000.0,1000000.0,1000000.0,1000000.0,1000000.0,1000000.0,1000000.0,1000000.0,1000000.0,1000000.0,1000000.0,1000000.0,1000000.0,0.0,0.0,0.0,0.0,0.0,0.0,0.0,0.0,0.0,0.0,0.0,0.0,0.0,0.0,0.0,0.0,0.0,0.0,0.0,0.0,0.0,0.0,0.0,0.0,0.0,0.0,0.0,0.0,0.0,0.0,0.0,0.0,0.0,0.0,0.0,0.0,0.0,0.0,0.0,0.0,0.0,0.0,0.0,0.0,0.0,0.0,0.0,0.0,0.0,0.0,0.0,0.0,0.0,0.0,0.0,0.0,0.0,0.0,0.0,48.22763443453082,482.27634434531,1639.7395707740552,7234.145165179647,1000000.0,0.0,0.0,0.0,0.0,0.0,0.0,0.0,0.0,0.0,0.0,0.0,0.0,0.0,0.0,0.0,0.0,0.0,0.0,0.0,0.0,0.0,0.0,0.0,0.0,0.0,0.0,0.0,0.0,0.0,0.0,0.0,0.0,0.0,0.0,0.0,0.0,0.0,0.0,0.0,0.0,0.0,0.0,0.0,0.0,0.0,0.0,0.0,0.0,0.0,0.0,0.0,0.0,0.0,0.0,0.0,0.0,0.0,0.0,0.0,0.0,0.0,0.0,0.0,1000000.0
FLINT,MAGNUM03,F,na,na,na,na,2025_03_11-09_22_56,na,1,27,Yes,1,na,0.0,0.0,972703.1589100554,12.5,52.0,62.0,,,,0.0,0.0,972703.1589100554,12.5,52.0,62.0,32.0,31.0,0.0,30.0,29.0,0.0,25.0,25.0,0.0,21.0,23.0,0.0,18.0,21.0,0.0,15.0,18.0,0.0,16.0,20.0,0.0,0.0,32.0,32.0,63.0,63.0,63.0,0.0,30.0,34.0,63.0,63.0,63.0,2.0,27.0,36.0,61.0,63.0,63.0,4.0,25.0,37.0,60.0,63.0,63.0,5.0,23.0,38.0,59.0,63.0,63.0,6.0,21.0,40.0,58.0,63.0,63.0,6.0,22.0,39.0,59.0,63.0,63.0,8.0,0.0,51.0,17.0,63.0,53.0,63.0,63.0,0.6240714120766753,2.284906051930482,0.47267337038796853,0.0,30.0,160.0,941114.0583554376,960067.5186882083,979406.8000964551,987605.4979503255,996768.7484928863,999324.8131179166,1000000.0,1000000.0,1000000.0,1000000.0,1000000.0,1000000.0,1000000.0,1000000.0,1000000.0,1000000.0,1000000.0,1000000.0,1000000.0,1000000.0,1000000.0,1000000.0,1000000.0,1000000.0,1000000.0,1000000.0,1000000.0,1000000.0,1000000.0,1000000.0,1000000.0,1000000.0,1000000.0,1000000.0,1000000.0,1000000.0,1000000.0,1000000.0,1000000.0,1000000.0,1000000.0,1000000.0,1000000.0,1000000.0,1000000.0,1000000.0,1000000.0,1000000.0,1000000.0,1000000.0,1000000.0,1000000.0,1000000.0,1000000.0,1000000.0,1000000.0,1000000.0,1000000.0,1000000.0,1000000.0,1000000.0,1000000.0,1000000.0,1000000.0,0.0,0.0,0.0,0.0,0.0,0.0,0.0,0.0,0.0,0.0,0.0,0.0,0.0,0.0,0.0,0.0,0.0,48.22763443453082,48.22763443453082,96.4552688690621,96.4552688690621,337.59344104171646,1205.690860863273,2122.0159151193625,4870.991077887631,9693.754521340716,20014.468290330373,36797.68507354718,73981.19122257055,139956.595129009,254738.3650831926,303930.55220641417,611960.4533397637,763491.6807330601,896069.4477935857,955485.8934169278,987316.1321437183,996431.1550518447,999180.1302146129,999710.6341933928,1000000.0,1000000.0,1000000.0,1000000.0,1000000.0,1000000.0,1000000.0,1000000.0,1000000.0,1000000.0,1000000.0,1000000.0,1000000.0,1000000.0,1000000.0,1000000.0,1000000.0,1000000.0,1000000.0,1000000.0,1000000.0,1000000.0,1000000.0,1000000.0,0.0,0.0,0.0,0.0,0.0,0.0,0.0,0.0,0.0,0.0,0.0,0.0,0.0,0.0,0.0,0.0,0.0,0.0,0.0,0.0,0.0,0.0,0.0,0.0,0.0,0.0,0.0,0.0,0.0,0.0,0.0,0.0,0.0,0.0,0.0,0.0,0.0,0.0,0.0,0.0,0.0,0.0,0.0,0.0,0.0,0.0,0.0,0.0,0.0,0.0,0.0,0.0,0.0,48.22763443453082,48.22763443453082,48.22763443453082,48.22763443453082,48.22763443453082,337.59344104171646,1784.4224740776426,8391.608391608395,27296.841089944523,99300.69930069934,1000000.0,0.0,0.0,0.0,0.0,0.0,0.0,0.0,0.0,0.0,0.0,0.0,0.0,0.0,0.0,0.0,0.0,0.0,0.0,0.0,0.0,0.0,0.0,0.0,0.0,0.0,0.0,0.0,0.0,0.0,0.0,0.0,0.0,0.0,0.0,0.0,0.0,0.0,0.0,0.0,0.0,0.0,0.0,0.0,0.0,0.0,0.0,0.0,0.0,0.0,0.0,0.0,0.0,0.0,0.0,0.0,0.0,0.0,0.0,0.0,0.0,0.0,0.0,0.0,1000000.0
FLINT,MAGNUM03,F,na,na,na,na,2025_03_11-09_22_56,na,1,28,Yes,1,na,0.0,0.0,938365.0831926694,9.0,49.0,62.0,,,,0.0,0.0,938365.0831926694,9.0,49.0,62.0,32.0,31.0,0.0,29.0,29.0,0.0,23.0,24.0,0.0,18.0,21.0,0.0,14.0,18.0,0.0,5.0,13.0,0.0,9.0,15.0,0.0,0.0,32.0,32.0,63.0,63.0,63.0,0.0,29.0,34.0,63.0,63.0,63.0,2.0,25.0,36.0,60.0,63.0,63.0,4.0,22.0,38.0,59.0,63.0,63.0,5.0,19.0,40.0,58.0,63.0,63.0,7.0,12.0,43.0,56.0,63.0,63.0,6.0,15.0,41.0,56.0,63.0,63.0,11.0,0.0,45.0,9.0,63.0,53.0,63.0,63.0,0.6330685179113402,2.773397119500419,0.7315260030109161,0.0,30.0,160.0,941306.968893176,960163.9739570774,978394.0197733301,988280.6848324089,996624.0655895828,998987.2196768748,999807.0894622619,999903.5447311308,1000000.0,1000000.0,1000000.0,1000000.0,1000000.0,1000000.0,1000000.0,1000000.0,1000000.0,1000000.0,1000000.0,1000000.0,1000000.0,1000000.0,1000000.0,1000000.0,1000000.0,1000000.0,1000000.0,1000000.0,1000000.0,1000000.0,1000000.0,1000000.0,1000000.0,1000000.0,1000000.0,1000000.0,1000000.0,1000000.0,1000000.0,1000000.0,1000000.0,1000000.0,1000000.0,1000000.0,1000000.0,1000000.0,1000000.0,1000000.0,1000000.0,1000000.0,1000000.0,1000000.0,1000000.0,1000000.0,1000000.0,1000000.0,1000000.0,1000000.0,1000000.0,1000000.0,1000000.0,1000000.0,1000000.0,1000000.0,0.0,0.0,0.0,0.0,0.0,0.0,0.0,0.0,0.0,48.22763443453082,48.22763443453082,144.68290330359284,241.13817217265407,289.36580660718624,482.27634434531,578.7316132143711,819.8697853870253,1012.7803231251486,1253.9184952978064,1736.1948396431121,2556.0646250301406,3809.9831203279427,6462.5030142271535,9066.795273691821,16493.850976609592,28454.30431637329,49385.09766095973,75572.70315891002,127899.68652037604,208150.47021943567,330455.7511454063,385001.2056908608,658741.2587412586,792235.3508560405,898384.3742464433,950084.3983602604,980081.9869785387,991511.9363395225,996575.8379551483,998408.4880636605,999373.040752351,999758.8618278273,999855.3170966964,1000000.0,1000000.0,1000000.0,1000000.0,1000000.0,1000000.0,1000000.0,1000000.0,1000000.0,1000000.0,1000000.0,1000000.0,1000000.0,1000000.0,1000000.0,1000000.0,1000000.0,1000000.0,1000000.0,1000000.0,1000000.0,0.0,0.0,0.0,0.0,0.0,0.0,0.0,0.0,0.0,0.0,0.0,0.0,0.0,0.0,0.0,0.0,0.0,0.0,0.0,0.0,0.0,0.0,0.0,0.0,0.0,0.0,0.0,0.0,0.0,0.0,0.0,0.0,0.0,0.0,0.0,0.0,0.0,0.0,0.0,0.0,0.0,0.0,0.0,0.0,0.0,0.0,0.0,0.0,0.0,0.0,0.0,0.0,0.0,48.22763443453082,144.68290330359284,144.68290330359284,675.1868820834334,1253.9184952978064,3906.438389197008,8536.291294911978,27537.979262117184,61634.91680733058,158234.86857969617,1000000.0,0.0,0.0,0.0,0.0,0.0,0.0,0.0,0.0,0.0,0.0,0.0,0.0,0.0,0.0,0.0,0.0,0.0,0.0,0.0,0.0,0.0,0.0,0.0,0.0,0.0,0.0,0.0,0.0,0.0,0.0,0.0,0.0,0.0,0.0,0.0,0.0,0.0,0.0,0.0,0.0,0.0,0.0,0.0,0.0,0.0,0.0,0.0,0.0,0.0,0.0,0.0,0.0,0.0,0.0,0.0,0.0,0.0,0.0,0.0,0.0,0.0,0.0,0.0,1000000.0
FLINT,MAGNUM03,F,na,na,na,na,2025_03_11-09_22_56,na,1,29,Yes,1,na,0.0,0.0,782252.2305280927,12.0,48.5,62.0,,,,0.0,0.0,782252.2305280927,12.0,48.5,62.0,32.0,31.0,0.0,29.0,27.0,0.0,24.0,24.0,0.0,21.0,22.0,0.0,18.0,20.0,0.0,16.0,18.0,0.0,17.0,19.0,0.0,0.0,32.0,32.0,63.0,63.0,63.0,1.0,30.0,34.0,61.0,63.0,63.0,4.0,28.0,36.0,60.0,63.0,63.0,5.0,26.0,37.0,59.0,63.0,63.0,6.0,24.0,38.0,58.0,63.0,63.0,7.0,23.0,39.0,57.0,63.0,63.0,6.0,23.0,38.0,57.0,63.0,63.0,8.0,0.0,41.0,16.0,63.0,56.0,63.0,63.0,1.1271611903587984,1.964529205687714,1.0332914557884425,0.0,30.0,160.0,792814.0824692548,856329.8770195321,920569.0860863273,954183.7472871954,986689.1728960694,997395.7077405354,999662.4065589582,999903.5447311308,1000000.0,1000000.0,1000000.0,1000000.0,1000000.0,1000000.0,1000000.0,1000000.0,1000000.0,1000000.0,1000000.0,1000000.0,1000000.0,1000000.0,1000000.0,1000000.0,1000000.0,1000000.0,1000000.0,1000000.0,1000000.0,1000000.0,1000000.0,1000000.0,1000000.0,1000000.0,1000000.0,1000000.0,1000000.0,1000000.0,1000000.0,1000000.0,1000000.0,1000000.0,1000000.0,1000000.0,1000000.0,1000000.0,1000000.0,1000000.0,1000000.0,1000000.0,1000000.0,1000000.0,1000000.0,1000000.0,1000000.0,1000000.0,1000000.0,1000000.0,1000000.0,1000000.0,1000000.0,1000000.0,1000000.0,1000000.0,0.0,0.0,0.0,0.0,0.0,0.0,0.0,0.0,0.0,0.0,0.0,0.0,0.0,0.0,0.0,0.0,48.22763443453082,96.4552688690621,96.4552688690621,96.4552688690621,96.4552688690621,96.4552688690621,192.91053773812425,675.1868820834334,1446.829033035929,2941.8857005063924,6848.3240897033975,14902.339040270084,36363.636363636375,80250.78369905958,171593.92331806122,197492.16300940435,526211.7193151675,706293.7062937062,880443.6942367977,955100.0723414515,990643.8389197009,998263.8051603568,999758.8618278273,999903.5447311308,1000000.0,1000000.0,1000000.0,1000000.0,1000000.0,1000000.0,1000000.0,1000000.0,1000000.0,1000000.0,1000000.0,1000000.0,1000000.0,1000000.0,1000000.0,1000000.0,1000000.0,1000000.0,1000000.0,1000000.0,1000000.0,1000000.0,1000000.0,1000000.0,0.0,0.0,0.0,0.0,0.0,0.0,0.0,0.0,0.0,0.0,0.0,0.0,0.0,0.0,0.0,0.0,0.0,0.0,0.0,0.0,0.0,0.0,0.0,0.0,0.0,0.0,0.0,0.0,0.0,0.0,0.0,0.0,0.0,0.0,0.0,0.0,0.0,0.0,0.0,0.0,0.0,0.0,0.0,0.0,0.0,0.0,0.0,0.0,0.0,0.0,0.0,0.0,0.0,0.0,0.0,0.0,48.22763443453082,675.1868820834334,5015.673981191222,17892.452375210985,81794.0680009645,217747.76947190732,492693.51338316855,1000000.0,0.0,0.0,0.0,0.0,0.0,0.0,0.0,0.0,0.0,0.0,0.0,0.0,0.0,0.0,0.0,0.0,0.0,0.0,0.0,0.0,0.0,0.0,0.0,0.0,0.0,0.0,0.0,0.0,0.0,0.0,0.0,0.0,0.0,0.0,0.0,0.0,0.0,0.0,0.0,0.0,0.0,0.0,0.0,0.0,0.0,0.0,0.0,0.0,0.0,0.0,0.0,0.0,0.0,0.0,0.0,0.0,0.0,0.0,0.0,0.0,0.0,0.0,0.0,1000000.0
FLINT,MAGNUM03,F,na,na,na,na,2025_03_11-09_22_56,na,1,30,Yes,1,na,0.0,704219.9180130216,999951.7723655654,11.5,62.0,62.0,,,,0.0,704702.1943573669,999951.7723655654,11.5,62.0,62.0,63.0,0.0,0.0,33.0,0.0,0.0,28.0,0.0,0.0,24.0,0.0,0.0,20.0,0.0,0.0,13.0,-1.0,0.0,18.0,0.0,0.0,0.0,63.0,63.0,63.0,63.0,63.0,0.0,33.0,63.0,63.0,63.0,63.0,1.0,29.0,63.0,63.0,63.0,63.0,3.0,27.0,63.0,63.0,63.0,63.0,4.0,24.0,63.0,63.0,63.0,63.0,5.0,18.0,63.0,62.0,63.0,63.0,5.0,23.0,63.0,63.0,63.0,63.0,8.0,0.0,63.0,15.0,63.0,61.0,63.0,63.0,0.3922908177310944,12.886682086701121,0.025977286675304915,0.0,30.0,160.0,974969.8577284784,983699.0595611285,992187.123221606,995418.3747287195,999083.6749457439,999951.7723655654,1000000.0,1000000.0,1000000.0,1000000.0,1000000.0,1000000.0,1000000.0,1000000.0,1000000.0,1000000.0,1000000.0,1000000.0,1000000.0,1000000.0,1000000.0,1000000.0,1000000.0,1000000.0,1000000.0,1000000.0,1000000.0,1000000.0,1000000.0,1000000.0,1000000.0,1000000.0,1000000.0,1000000.0,1000000.0,1000000.0,1000000.0,1000000.0,1000000.0,1000000.0,1000000.0,1000000.0,1000000.0,1000000.0,1000000.0,1000000.0,1000000.0,1000000.0,1000000.0,1000000.0,1000000.0,1000000.0,1000000.0,1000000.0,1000000.0,1000000.0,1000000.0,1000000.0,1000000.0,1000000.0,1000000.0,1000000.0,1000000.0,1000000.0,0.0,0.0,0.0,0.0,0.0,0.0,0.0,0.0,0.0,0.0,0.0,0.0,0.0,0.0,0.0,96.4552688690621,96.4552688690621,144.68290330359284,241.13817217265407,241.13817217265407,241.13817217265407,385.82107547624787,482.27634434531,675.1868820834334,1543.2843019049903,2411.3817217265464,5449.72269110199,9307.933445864473,17795.997106341903,31106.824210272465,56956.83626718108,70171.20810224256,131564.98673740047,161659.0306245479,191463.70870508795,206655.41355196526,215143.47721244275,218664.09452616354,221750.6631299735,223004.58162527127,224258.50012056908,225271.28044369427,227055.70291777188,228357.84904750422,229659.99517723656,231830.23872679044,234338.07571738606,236267.18109476723,238726.79045092833,241331.082710393,243983.60260429225,246587.89486375687,250204.96744634668,252857.4873402459,257101.51917048462,260188.08777429457,264239.2090667952,268193.8750904268,274752.8333735231,279913.19025801774,288111.888111888,295780.08198697853,306100.79575596814,1000000.0,0.0,0.0,0.0,0.0,0.0,0.0,0.0,0.0,0.0,0.0,0.0,0.0,0.0,0.0,0.0,0.0,0.0,0.0,0.0,0.0,0.0,0.0,0.0,0.0,0.0,0.0,0.0,0.0,0.0,0.0,0.0,0.0,0.0,0.0,0.0,0.0,0.0,0.0,0.0,0.0,0.0,0.0,0.0,0.0,0.0,0.0,0.0,0.0,0.0,0.0,0.0,0.0,0.0,0.0,0.0,0.0,0.0,0.0,0.0,0.0,0.0,48.22763443453082,530.5039787798403,1000000.0,0.0,0.0,0.0,0.0,0.0,0.0,0.0,0.0,0.0,0.0,0.0,0.0,0.0,0.0,0.0,0.0,0.0,0.0,0.0,0.0,0.0,0.0,0.0,0.0,0.0,0.0,0.0,0.0,0.0,0.0,0.0,0.0,0.0,0.0,0.0,0.0,0.0,0.0,0.0,0.0,0.0,0.0,0.0,0.0,0.0,0.0,0.0,0.0,0.0,0.0,0.0,0.0,0.0,0.0,0.0,0.0,0.0,0.0,0.0,0.0,0.0,0.0,0.0,1000000.0
FLINT,MAGNUM03,F,na,na,na,na,2025_03_11-09_22_56,na,1,31,Yes,1,na,0.0,0.0,911695.2013503738,10.5,49.0,62.0,,,,0.0,0.0,911695.2013503738,10.5,49.0,62.0,32.0,31.0,0.0,29.0,28.0,0.0,23.0,24.0,0.0,20.0,22.0,0.0,16.0,20.0,0.0,9.0,17.0,0.0,12.0,18.0,0.0,0.0,32.0,32.0,63.0,63.0,63.0,0.0,29.0,34.0,62.0,63.0,63.0,3.0,26.0,36.0,60.0,63.0,63.0,4.0,24.0,37.0,59.0,63.0,63.0,5.0,21.0,38.0,58.0,63.0,63.0,6.0,15.0,40.0,57.0,63.0,63.0,6.0,18.0,39.0,57.0,63.0,63.0,8.0,0.0,42.0,13.0,63.0,56.0,63.0,63.0,0.6593629445502213,2.4653530574483806,0.7874229561707705,0.0,30.0,160.0,929250.0602845431,953846.1538461538,976272.0038582106,986448.0347238968,997058.1142994935,999373.040752351,999951.7723655654,1000000.0,1000000.0,1000000.0,1000000.0,1000000.0,1000000.0,1000000.0,1000000.0,1000000.0,1000000.0,1000000.0,1000000.0,1000000.0,1000000.0,1000000.0,1000000.0,1000000.0,1000000.0,1000000.0,1000000.0,1000000.0,1000000.0,1000000.0,1000000.0,1000000.0,1000000.0,1000000.0,1000000.0,1000000.0,1000000.0,1000000.0,1000000.0,1000000.0,1000000.0,1000000.0,1000000.0,1000000.0,1000000.0,1000000.0,1000000.0,1000000.0,1000000.0,1000000.0,1000000.0,1000000.0,1000000.0,1000000.0,1000000.0,1000000.0,1000000.0,1000000.0,1000000.0,1000000.0,1000000.0,1000000.0,1000000.0,1000000.0,0.0,0.0,0.0,0.0,0.0,0.0,0.0,0.0,0.0,0.0,0.0,0.0,0.0,48.22763443453082,192.91053773812425,241.13817217265407,241.13817217265407,385.82107547624787,626.959247648901,771.6421509524955,1012.7803231251486,1639.7395707740552,3279.479141548107,5642.633228840121,10031.347962382453,17506.63129973476,34482.75862068963,60188.087774294625,109573.18543525446,194936.0983843742,321099.5900651072,350711.35760790936,672148.5411140583,810947.6730166385,923028.6954424884,968603.8099831202,988762.9611767542,996624.0655895828,999276.585483482,999710.6341933928,999903.5447311308,1000000.0,1000000.0,1000000.0,1000000.0,1000000.0,1000000.0,1000000.0,1000000.0,1000000.0,1000000.0,1000000.0,1000000.0,1000000.0,1000000.0,1000000.0,1000000.0,1000000.0,1000000.0,1000000.0,1000000.0,1000000.0,1000000.0,1000000.0,0.0,0.0,0.0,0.0,0.0,0.0,0.0,0.0,0.0,0.0,0.0,0.0,0.0,0.0,0.0,0.0,0.0,0.0,0.0,0.0,0.0,0.0,0.0,0.0,0.0,0.0,0.0,0.0,0.0,0.0,0.0,0.0,0.0,0.0,0.0,0.0,0.0,0.0,0.0,0.0,0.0,0.0,0.0,0.0,0.0,0.0,0.0,0.0,0.0,0.0,0.0,0.0,0.0,0.0,0.0,0.0,144.68290330359284,626.959247648901,2797.202797202796,8488.063660477448,32312.515071135764,88304.79864962626,236508.31926693994,1000000.0,0.0,0.0,0.0,0.0,0.0,0.0,0.0,0.0,0.0,0.0,0.0,0.0,0.0,0.0,0.0,0.0,0.0,0.0,0.0,0.0,0.0,0.0,0.0,0.0,0.0,0.0,0.0,0.0,0.0,0.0,0.0,0.0,0.0,0.0,0.0,0.0,0.0,0.0,0.0,0.0,0.0,0.0,0.0,0.0,0.0,0.0,0.0,0.0,0.0,0.0,0.0,0.0,0.0,0.0,0.0,0.0,0.0,0.0,0.0,0.0,0.0,0.0,0.0,1000000.0
FLINT,MAGNUM03,F,na,na,na,na,2025_03_11-09_22_56,na,1,32,Yes,1,na,144.68290330359284,0.0,0.0,11.0,47.5,0.0,,,,144.68290330359284,0.0,0.0,11.0,47.5,0.0,32.0,31.0,0.0,29.0,28.0,0.0,22.0,23.0,0.0,17.0,20.0,0.0,12.0,16.0,0.0,4.0,12.0,0.0,8.0,15.0,0.0,0.0,32.0,32.0,63.0,63.0,63.0,0.0,29.0,34.0,62.0,63.0,63.0,2.0,24.0,37.0,60.0,63.0,63.0,4.0,21.0,38.0,58.0,63.0,63.0,5.0,17.0,40.0,56.0,63.0,63.0,8.0,12.0,42.0,54.0,63.0,63.0,6.0,14.0,41.0,56.0,63.0,63.0,12.0,0.0,43.0,4.0,63.0,52.0,63.0,0.0,0.5791733702895042,2.969647146211765,0.9277080600280656,0.4374894505865458,30.0,160.0,949891.4878225223,967205.2085845189,983168.5555823486,990547.3836508319,997202.7972027971,999228.3578490474,999662.4065589582,999807.0894622619,999951.7723655654,999951.7723655654,1000000.0,1000000.0,1000000.0,1000000.0,1000000.0,1000000.0,1000000.0,1000000.0,1000000.0,1000000.0,1000000.0,1000000.0,1000000.0,1000000.0,1000000.0,1000000.0,1000000.0,1000000.0,1000000.0,1000000.0,1000000.0,1000000.0,1000000.0,1000000.0,1000000.0,1000000.0,1000000.0,1000000.0,1000000.0,1000000.0,1000000.0,1000000.0,1000000.0,1000000.0,1000000.0,1000000.0,1000000.0,1000000.0,1000000.0,1000000.0,1000000.0,1000000.0,1000000.0,1000000.0,1000000.0,1000000.0,1000000.0,1000000.0,1000000.0,1000000.0,1000000.0,1000000.0,1000000.0,1000000.0,0.0,0.0,0.0,0.0,48.22763443453082,48.22763443453082,48.22763443453082,144.68290330359284,144.68290330359284,144.68290330359284,144.68290330359284,192.91053773812425,241.13817217265407,241.13817217265407,675.1868820834334,819.8697853870253,1061.0079575596806,1591.5119363395213,2845.4304316373314,3472.38967928623,4967.446346756688,7089.462261876058,11044.128285507591,15866.891728960678,22908.126356402227,35736.6771159875,58162.52712804432,89317.57897275133,141933.92814082466,226911.0200144683,351338.31685555814,403424.16204485163,662599.4694960212,788039.5466602362,897950.3255365324,947238.9679286231,976802.5078369905,989968.6520376175,995659.5129008922,997926.211719315,999083.6749457439,999662.4065589582,999951.7723655654,1000000.0,1000000.0,1000000.0,1000000.0,1000000.0,1000000.0,1000000.0,1000000.0,1000000.0,1000000.0,1000000.0,1000000.0,1000000.0,1000000.0,1000000.0,1000000.0,1000000.0,1000000.0,1000000.0,1000000.0,1000000.0,0.0,0.0,0.0,0.0,0.0,0.0,0.0,0.0,0.0,0.0,0.0,0.0,0.0,0.0,0.0,0.0,0.0,0.0,0.0,0.0,0.0,0.0,0.0,0.0,0.0,0.0,0.0,0.0,0.0,0.0,0.0,0.0,0.0,0.0,0.0,0.0,0.0,0.0,0.0,0.0,0.0,0.0,0.0,0.0,0.0,0.0,0.0,0.0,0.0,0.0,0.0,0.0,96.4552688690621,192.91053773812425,241.13817217265407,385.82107547624787,1495.056667470457,2893.6580660718573,7861.104412828547,16445.623342175077,46587.894863756934,104219.91801302144,234627.44152399324,1000000.0,48.22763443453082,48.22763443453082,48.22763443453082,48.22763443453082,48.22763443453082,48.22763443453082,48.22763443453082,48.22763443453082,48.22763443453082,48.22763443453082,48.22763443453082,48.22763443453082,48.22763443453082,48.22763443453082,48.22763443453082,48.22763443453082,48.22763443453082,48.22763443453082,48.22763443453082,48.22763443453082,48.22763443453082,48.22763443453082,48.22763443453082,48.22763443453082,48.22763443453082,48.22763443453082,48.22763443453082,48.22763443453082,48.22763443453082,48.22763443453082,48.22763443453082,48.22763443453082,48.22763443453082,48.22763443453082,48.22763443453082,48.22763443453082,48.22763443453082,48.22763443453082,48.22763443453082,48.22763443453082,48.22763443453082,48.22763443453082,48.22763443453082,48.22763443453082,48.22763443453082,48.22763443453082,48.22763443453082,48.22763443453082,48.22763443453082,48.22763443453082,48.22763443453082,48.22763443453082,48.22763443453082,48.22763443453082,48.22763443453082,48.22763443453082,48.22763443453082,48.22763443453082,48.22763443453082,48.22763443453082,48.22763443453082,48.22763443453082,48.22763443453082,1000000.0
FLINT,MAGNUM03,F,na,na,na,na,2025_03_11-09_22_56,na,1,33,Yes,1,na,0.0,0.0,864817.9406800098,13.5,48.5,62.0,,,,0.0,0.0,864817.9406800098,13.5,48.5,62.0,32.0,31.0,0.0,30.0,28.0,0.0,23.0,24.0,0.0,21.0,23.0,0.0,19.0,20.0,0.0,15.0,18.0,0.0,17.0,20.0,0.0,0.0,32.0,32.0,63.0,63.0,63.0,0.0,30.0,34.0,62.0,63.0,63.0,4.0,27.0,36.0,60.0,63.0,63.0,5.0,26.0,36.0,59.0,63.0,63.0,5.0,24.0,38.0,58.0,63.0,63.0,7.0,22.0,39.0,57.0,63.0,63.0,6.0,23.0,38.0,58.0,63.0,63.0,8.0,0.0,40.0,19.0,63.0,57.0,63.0,63.0,0.8746422438634328,2.06768154582073,0.8818163195212102,0.0,30.0,160.0,873113.093802749,914444.1765131422,956546.9013744876,975934.410417169,993489.2693513383,998794.3091391367,999807.0894622619,999903.5447311308,1000000.0,1000000.0,1000000.0,1000000.0,1000000.0,1000000.0,1000000.0,1000000.0,1000000.0,1000000.0,1000000.0,1000000.0,1000000.0,1000000.0,1000000.0,1000000.0,1000000.0,1000000.0,1000000.0,1000000.0,1000000.0,1000000.0,1000000.0,1000000.0,1000000.0,1000000.0,1000000.0,1000000.0,1000000.0,1000000.0,1000000.0,1000000.0,1000000.0,1000000.0,1000000.0,1000000.0,1000000.0,1000000.0,1000000.0,1000000.0,1000000.0,1000000.0,1000000.0,1000000.0,1000000.0,1000000.0,1000000.0,1000000.0,1000000.0,1000000.0,1000000.0,1000000.0,1000000.0,1000000.0,1000000.0,1000000.0,0.0,0.0,0.0,0.0,0.0,0.0,0.0,0.0,0.0,0.0,0.0,0.0,0.0,0.0,0.0,0.0,0.0,0.0,0.0,48.22763443453082,96.4552688690621,144.68290330359284,289.36580660718624,626.959247648901,1784.4224740776426,4292.259464673261,12249.819146370864,28406.07668193874,64962.6235833132,135133.8316855557,253629.12949119843,310103.6894140342,630769.2307692308,797154.5695683627,925054.2560887389,975741.4998794309,994357.3667711598,998697.8538702676,999565.9512900892,1000000.0,1000000.0,1000000.0,1000000.0,1000000.0,1000000.0,1000000.0,1000000.0,1000000.0,1000000.0,1000000.0,1000000.0,1000000.0,1000000.0,1000000.0,1000000.0,1000000.0,1000000.0,1000000.0,1000000.0,1000000.0,1000000.0,1000000.0,1000000.0,1000000.0,0.0,0.0,0.0,0.0,0.0,0.0,0.0,0.0,0.0,0.0,0.0,0.0,0.0,0.0,0.0,0.0,0.0,0.0,0.0,0.0,0.0,0.0,0.0,0.0,0.0,0.0,0.0,0.0,0.0,0.0,0.0,0.0,0.0,0.0,0.0,0.0,0.0,0.0,0.0,0.0,0.0,0.0,0.0,0.0,0.0,0.0,0.0,0.0,0.0,0.0,0.0,0.0,0.0,0.0,0.0,0.0,0.0,385.82107547624787,2507.836990595609,9452.616349168073,44610.56185194114,135182.05931999028,350518.44707017124,1000000.0,0.0,0.0,0.0,0.0,0.0,0.0,0.0,0.0,0.0,0.0,0.0,0.0,0.0,0.0,0.0,0.0,0.0,0.0,0.0,0.0,0.0,0.0,0.0,0.0,0.0,0.0,0.0,0.0,0.0,0.0,0.0,0.0,0.0,0.0,0.0,0.0,0.0,0.0,0.0,0.0,0.0,0.0,0.0,0.0,0.0,0.0,0.0,0.0,0.0,0.0,0.0,0.0,0.0,0.0,0.0,0.0,0.0,0.0,0.0,0.0,0.0,0.0,0.0,1000000.0
FLINT,MAGNUM03,F,na,na,na,na,2025_03_11-09_22_56,na,1,34,Yes,1,na,0.0,0.0,994550.277308898,11.5,49.0,62.0,,,,0.0,0.0,994550.277308898,11.5,49.0,62.0,32.0,31.0,0.0,29.0,29.0,0.0,24.0,26.0,0.0,21.0,25.0,0.0,17.0,22.0,0.0,14.0,20.0,0.0,16.0,22.0,0.0,0.0,32.0,32.0,63.0,63.0,63.0,0.0,29.0,34.0,63.0,63.0,63.0,2.0,26.0,36.0,62.0,63.0,63.0,4.0,25.0,37.0,62.0,63.0,63.0,5.0,22.0,38.0,60.0,63.0,63.0,6.0,20.0,39.0,59.0,63.0,63.0,5.0,21.0,38.0,60.0,63.0,63.0,6.0,0.0,40.0,17.0,63.0,58.0,63.0,63.0,0.4979142377396009,2.2802587802521095,0.2256506200774523,0.0,30.0,160.0,960646.2503014227,972799.6141789245,986785.6281649384,993103.448275862,998263.8051603568,999710.6341933928,1000000.0,1000000.0,1000000.0,1000000.0,1000000.0,1000000.0,1000000.0,1000000.0,1000000.0,1000000.0,1000000.0,1000000.0,1000000.0,1000000.0,1000000.0,1000000.0,1000000.0,1000000.0,1000000.0,1000000.0,1000000.0,1000000.0,1000000.0,1000000.0,1000000.0,1000000.0,1000000.0,1000000.0,1000000.0,1000000.0,1000000.0,1000000.0,1000000.0,1000000.0,1000000.0,1000000.0,1000000.0,1000000.0,1000000.0,1000000.0,1000000.0,1000000.0,1000000.0,1000000.0,1000000.0,1000000.0,1000000.0,1000000.0,1000000.0,1000000.0,1000000.0,1000000.0,1000000.0,1000000.0,1000000.0,1000000.0,1000000.0,1000000.0,0.0,0.0,0.0,0.0,0.0,0.0,0.0,0.0,0.0,0.0,0.0,0.0,0.0,0.0,0.0,0.0,0.0,96.4552688690621,144.68290330359284,144.68290330359284,241.13817217265407,771.6421509524955,1446.829033035929,2507.836990595609,5497.950325536535,10127.80323125151,25030.14227152156,45430.43163732821,89124.66843501331,169954.1837472872,297468.0491921871,362430.67277550034,663226.4287436701,805497.9503255365,925343.621895346,970243.5495538943,991994.2126838678,998070.8946226187,999662.4065589582,999951.7723655654,1000000.0,1000000.0,1000000.0,1000000.0,1000000.0,1000000.0,1000000.0,1000000.0,1000000.0,1000000.0,1000000.0,1000000.0,1000000.0,1000000.0,1000000.0,1000000.0,1000000.0,1000000.0,1000000.0,1000000.0,1000000.0,1000000.0,1000000.0,1000000.0,0.0,0.0,0.0,0.0,0.0,0.0,0.0,0.0,0.0,0.0,0.0,0.0,0.0,0.0,0.0,0.0,0.0,0.0,0.0,0.0,0.0,0.0,0.0,0.0,0.0,0.0,0.0,0.0,0.0,0.0,0.0,0.0,0.0,0.0,0.0,0.0,0.0,0.0,0.0,0.0,0.0,0.0,0.0,0.0,0.0,0.0,0.0,0.0,0.0,0.0,0.0,0.0,0.0,0.0,0.0,0.0,0.0,0.0,48.22763443453082,289.36580660718624,1398.601398601398,5449.72269110199,26235.833132384843,1000000.0,0.0,0.0,0.0,0.0,0.0,0.0,0.0,0.0,0.0,0.0,0.0,0.0,0.0,0.0,0.0,0.0,0.0,0.0,0.0,0.0,0.0,0.0,0.0,0.0,0.0,0.0,0.0,0.0,0.0,0.0,0.0,0.0,0.0,0.0,0.0,0.0,0.0,0.0,0.0,0.0,0.0,0.0,0.0,0.0,0.0,0.0,0.0,0.0,0.0,0.0,0.0,0.0,0.0,0.0,0.0,0.0,0.0,0.0,0.0,0.0,0.0,0.0,0.0,1000000.0
FLINT,MAGNUM03,F,na,na,na,na,2025_03_11-09_22_56,na,1,35,Yes,1,na,96.4552688690621,0.0,48.22763443453082,9.0,49.5,0.0,,,,96.4552688690621,0.0,48.22763443453082,9.0,49.5,0.0,32.0,31.0,0.0,28.0,30.0,0.0,24.0,26.0,0.0,17.0,22.0,0.0,12.0,18.0,0.0,3.0,15.0,0.0,7.0,17.0,0.0,0.0,32.0,32.0,63.0,63.0,63.0,0.0,28.0,33.0,63.0,63.0,63.0,0.0,24.0,36.0,62.0,63.0,63.0,3.0,20.0,38.0,60.0,63.0,63.0,4.0,16.0,40.0,58.0,63.0,63.0,6.0,9.0,42.0,57.0,63.0,63.0,5.0,12.0,40.0,57.0,63.0,63.0,10.0,0.0,46.0,5.0,63.0,53.0,63.0,0.0,0.38381732412175656,3.0912298777581793,0.3915269745730432,0.6186885949313036,30.0,160.0,977959.9710634192,984615.3846153845,992958.7653725585,996382.9274174101,998794.3091391367,999758.8618278273,999903.5447311308,999951.7723655654,999951.7723655654,1000000.0,1000000.0,1000000.0,1000000.0,1000000.0,1000000.0,1000000.0,1000000.0,1000000.0,1000000.0,1000000.0,1000000.0,1000000.0,1000000.0,1000000.0,1000000.0,1000000.0,1000000.0,1000000.0,1000000.0,1000000.0,1000000.0,1000000.0,1000000.0,1000000.0,1000000.0,1000000.0,1000000.0,1000000.0,1000000.0,1000000.0,1000000.0,1000000.0,1000000.0,1000000.0,1000000.0,1000000.0,1000000.0,1000000.0,1000000.0,1000000.0,1000000.0,1000000.0,1000000.0,1000000.0,1000000.0,1000000.0,1000000.0,1000000.0,1000000.0,1000000.0,1000000.0,1000000.0,1000000.0,1000000.0,0.0,0.0,0.0,0.0,0.0,48.22763443453082,48.22763443453082,96.4552688690621,144.68290330359284,241.13817217265407,241.13817217265407,385.82107547624787,626.959247648901,771.6421509524955,916.3250542560885,1109.2355919942117,1543.2843019049903,2459.609356161082,3424.1620448516924,4870.991077887631,7330.600434048703,10079.575596816969,16156.257535567875,22763.44345309863,34772.12442729683,50397.87798408488,81745.84036653004,119845.6715698094,187557.27031589093,279816.73498914874,409645.5268869062,463805.1603568845,732722.4499638291,844224.7407764649,923559.1994212683,962237.7622377621,983506.1490233904,992090.6679527368,996961.6590306245,998649.626235833,999662.4065589582,999855.3170966964,999903.5447311308,999951.7723655654,999951.7723655654,1000000.0,1000000.0,1000000.0,1000000.0,1000000.0,1000000.0,1000000.0,1000000.0,1000000.0,1000000.0,1000000.0,1000000.0,1000000.0,1000000.0,1000000.0,1000000.0,1000000.0,1000000.0,1000000.0,0.0,0.0,0.0,0.0,0.0,0.0,0.0,0.0,0.0,0.0,0.0,0.0,0.0,0.0,0.0,0.0,0.0,0.0,0.0,0.0,0.0,0.0,0.0,0.0,0.0,0.0,0.0,0.0,0.0,0.0,0.0,0.0,0.0,0.0,0.0,0.0,0.0,0.0,0.0,0.0,0.0,0.0,0.0,0.0,0.0,0.0,0.0,0.0,0.0,0.0,0.0,0.0,0.0,48.22763443453082,48.22763443453082,96.4552688690621,192.91053773812425,771.6421509524955,1687.967205208584,2845.4304316373314,6848.3240897033975,13551.965276103192,32553.653243308425,1000000.0,96.4552688690621,96.4552688690621,96.4552688690621,96.4552688690621,96.4552688690621,96.4552688690621,96.4552688690621,96.4552688690621,96.4552688690621,96.4552688690621,96.4552688690621,96.4552688690621,96.4552688690621,96.4552688690621,96.4552688690621,96.4552688690621,96.4552688690621,96.4552688690621,96.4552688690621,96.4552688690621,96.4552688690621,96.4552688690621,96.4552688690621,96.4552688690621,96.4552688690621,96.4552688690621,96.4552688690621,96.4552688690621,96.4552688690621,96.4552688690621,96.4552688690621,96.4552688690621,96.4552688690621,96.4552688690621,96.4552688690621,96.4552688690621,96.4552688690621,96.4552688690621,96.4552688690621,96.4552688690621,96.4552688690621,96.4552688690621,96.4552688690621,96.4552688690621,96.4552688690621,96.4552688690621,96.4552688690621,96.4552688690621,96.4552688690621,96.4552688690621,96.4552688690621,96.4552688690621,96.4552688690621,96.4552688690621,96.4552688690621,96.4552688690621,96.4552688690621,96.4552688690621,96.4552688690621,96.4552688690621,96.4552688690621,96.4552688690621,96.4552688690621,1000000.0
FLINT,MAGNUM03,F,na,na,na,na,2025_03_11-09_22_56,na,1,36,Yes,1,na,0.0,0.0,999855.3170966964,11.0,50.0,62.0,,,,0.0,0.0,999855.3170966964,11.0,50.0,62.0,32.0,31.0,0.0,29.0,29.0,0.0,27.0,27.0,0.0,23.0,27.0,0.0,19.0,26.0,0.0,15.0,24.0,0.0,17.0,24.0,0.0,0.0,32.0,32.0,63.0,63.0,63.0,0.0,29.0,34.0,63.0,63.0,63.0,0.0,27.0,36.0,63.0,63.0,63.0,2.0,25.0,36.0,63.0,63.0,63.0,4.0,23.0,37.0,63.0,63.0,63.0,6.0,21.0,38.0,62.0,63.0,63.0,5.0,22.0,38.0,62.0,63.0,63.0,7.0,0.0,39.0,15.0,63.0,61.0,63.0,63.0,0.2919822409477965,2.164775406024263,0.035396719516558484,0.0,30.0,160.0,986833.855799373,991126.1152640462,995900.6510730648,997492.1630094043,999517.7236556546,999855.3170966964,1000000.0,1000000.0,1000000.0,1000000.0,1000000.0,1000000.0,1000000.0,1000000.0,1000000.0,1000000.0,1000000.0,1000000.0,1000000.0,1000000.0,1000000.0,1000000.0,1000000.0,1000000.0,1000000.0,1000000.0,1000000.0,1000000.0,1000000.0,1000000.0,1000000.0,1000000.0,1000000.0,1000000.0,1000000.0,1000000.0,1000000.0,1000000.0,1000000.0,1000000.0,1000000.0,1000000.0,1000000.0,1000000.0,1000000.0,1000000.0,1000000.0,1000000.0,1000000.0,1000000.0,1000000.0,1000000.0,1000000.0,1000000.0,1000000.0,1000000.0,1000000.0,1000000.0,1000000.0,1000000.0,1000000.0,1000000.0,1000000.0,1000000.0,0.0,0.0,0.0,0.0,0.0,0.0,0.0,0.0,0.0,0.0,0.0,0.0,0.0,0.0,0.0,48.22763443453082,48.22763443453082,48.22763443453082,48.22763443453082,48.22763443453082,144.68290330359284,289.36580660718624,675.1868820834334,1687.967205208584,3713.527851458888,7619.966240655894,19339.281408246912,37810.465396672276,81745.84036653004,163636.3636363637,300458.16252712806,388714.73354231974,670267.6633711116,815481.0706534844,942030.3834096937,976706.0525681215,994164.4562334217,999035.4473113093,999903.5447311308,1000000.0,1000000.0,1000000.0,1000000.0,1000000.0,1000000.0,1000000.0,1000000.0,1000000.0,1000000.0,1000000.0,1000000.0,1000000.0,1000000.0,1000000.0,1000000.0,1000000.0,1000000.0,1000000.0,1000000.0,1000000.0,1000000.0,1000000.0,1000000.0,1000000.0,0.0,0.0,0.0,0.0,0.0,0.0,0.0,0.0,0.0,0.0,0.0,0.0,0.0,0.0,0.0,0.0,0.0,0.0,0.0,0.0,0.0,0.0,0.0,0.0,0.0,0.0,0.0,0.0,0.0,0.0,0.0,0.0,0.0,0.0,0.0,0.0,0.0,0.0,0.0,0.0,0.0,0.0,0.0,0.0,0.0,0.0,0.0,0.0,0.0,0.0,0.0,0.0,0.0,0.0,0.0,0.0,0.0,0.0,0.0,0.0,0.0,144.68290330359284,819.8697853870253,1000000.0,0.0,0.0,0.0,0.0,0.0,0.0,0.0,0.0,0.0,0.0,0.0,0.0,0.0,0.0,0.0,0.0,0.0,0.0,0.0,0.0,0.0,0.0,0.0,0.0,0.0,0.0,0.0,0.0,0.0,0.0,0.0,0.0,0.0,0.0,0.0,0.0,0.0,0.0,0.0,0.0,0.0,0.0,0.0,0.0,0.0,0.0,0.0,0.0,0.0,0.0,0.0,0.0,0.0,0.0,0.0,0.0,0.0,0.0,0.0,0.0,0.0,0.0,0.0,1000000.0
FLINT,MAGNUM03,F,na,na,na,na,2025_03_11-09_22_56,na,1,37,Yes,1,na,0.0,0.0,0.0,9.0,48.5,0.0,,,,0.0,0.0,0.0,9.0,48.5,0.0,32.0,31.0,0.0,29.0,29.0,0.0,24.0,24.0,0.0,20.0,22.0,0.0,16.0,20.0,0.0,11.0,17.0,0.0,14.0,18.0,0.0,0.0,32.0,32.0,63.0,63.0,63.0,0.0,29.0,34.0,63.0,63.0,63.0,2.0,26.0,37.0,61.0,63.0,63.0,4.0,24.0,38.0,60.0,63.0,63.0,5.0,21.0,39.0,59.0,63.0,63.0,6.0,17.0,40.0,57.0,63.0,63.0,5.0,19.0,40.0,58.0,63.0,63.0,7.0,0.0,42.0,11.0,63.0,55.0,63.0,0.0,0.5111100496290306,2.593568056145762,0.5524010853473063,0.4374894505865458,30.0,160.0,956739.8119122257,971304.5575114541,986062.2136484205,992476.4890282131,998601.3986013986,999662.4065589582,1000000.0,1000000.0,1000000.0,1000000.0,1000000.0,1000000.0,1000000.0,1000000.0,1000000.0,1000000.0,1000000.0,1000000.0,1000000.0,1000000.0,1000000.0,1000000.0,1000000.0,1000000.0,1000000.0,1000000.0,1000000.0,1000000.0,1000000.0,1000000.0,1000000.0,1000000.0,1000000.0,1000000.0,1000000.0,1000000.0,1000000.0,1000000.0,1000000.0,1000000.0,1000000.0,1000000.0,1000000.0,1000000.0,1000000.0,1000000.0,1000000.0,1000000.0,1000000.0,1000000.0,1000000.0,1000000.0,1000000.0,1000000.0,1000000.0,1000000.0,1000000.0,1000000.0,1000000.0,1000000.0,1000000.0,1000000.0,1000000.0,1000000.0,0.0,0.0,0.0,0.0,0.0,0.0,0.0,0.0,0.0,0.0,0.0,48.22763443453082,48.22763443453082,48.22763443453082,48.22763443453082,48.22763443453082,144.68290330359284,241.13817217265407,434.04870991077877,626.959247648901,1205.690860863273,1832.650108512174,3134.7962382445157,5546.177959971061,10320.71376898964,17506.63129973476,32457.197974439336,53677.35712563295,97034.00048227639,165661.92428261394,277646.4914395948,325488.3047986496,620207.3788280684,748155.2929828792,869833.6146612009,937641.6686761514,975886.1827827344,991126.1152640462,997540.3906438388,999180.1302146129,999903.5447311308,1000000.0,1000000.0,1000000.0,1000000.0,1000000.0,1000000.0,1000000.0,1000000.0,1000000.0,1000000.0,1000000.0,1000000.0,1000000.0,1000000.0,1000000.0,1000000.0,1000000.0,1000000.0,1000000.0,1000000.0,1000000.0,1000000.0,1000000.0,0.0,0.0,0.0,0.0,0.0,0.0,0.0,0.0,0.0,0.0,0.0,0.0,0.0,0.0,0.0,0.0,0.0,0.0,0.0,0.0,0.0,0.0,0.0,0.0,0.0,0.0,0.0,0.0,0.0,0.0,0.0,0.0,0.0,0.0,0.0,0.0,0.0,0.0,0.0,0.0,0.0,0.0,0.0,0.0,0.0,0.0,0.0,0.0,0.0,0.0,0.0,0.0,0.0,0.0,0.0,48.22763443453082,144.68290330359284,385.82107547624787,1302.1461297323344,3809.9831203279427,12925.006028454296,35929.587653725575,116903.78586930306,1000000.0,48.22763443453082,48.22763443453082,48.22763443453082,48.22763443453082,48.22763443453082,48.22763443453082,48.22763443453082,48.22763443453082,48.22763443453082,48.22763443453082,48.22763443453082,48.22763443453082,48.22763443453082,48.22763443453082,48.22763443453082,48.22763443453082,48.22763443453082,48.22763443453082,48.22763443453082,48.22763443453082,48.22763443453082,48.22763443453082,48.22763443453082,48.22763443453082,48.22763443453082,48.22763443453082,48.22763443453082,48.22763443453082,48.22763443453082,48.22763443453082,48.22763443453082,48.22763443453082,48.22763443453082,48.22763443453082,48.22763443453082,48.22763443453082,48.22763443453082,48.22763443453082,48.22763443453082,48.22763443453082,48.22763443453082,48.22763443453082,48.22763443453082,48.22763443453082,48.22763443453082,48.22763443453082,48.22763443453082,48.22763443453082,48.22763443453082,48.22763443453082,48.22763443453082,48.22763443453082,48.22763443453082,48.22763443453082,48.22763443453082,48.22763443453082,48.22763443453082,48.22763443453082,48.22763443453082,48.22763443453082,48.22763443453082,48.22763443453082,48.22763443453082,1000000.0
FLINT,MAGNUM03,F,na,na,na,na,2025_03_11-09_22_56,na,1,38,Yes,1,na,0.0,0.0,0.0,8.0,48.5,0.0,,,,0.0,0.0,0.0,8.0,48.5,0.0,32.0,31.0,0.0,29.0,28.0,0.0,24.0,24.0,0.0,19.0,22.0,0.0,15.0,19.0,0.0,10.0,15.0,0.0,13.0,17.0,0.0,0.0,32.0,32.0,63.0,63.0,63.0,0.0,29.0,34.0,62.0,63.0,63.0,2.0,26.0,36.0,60.0,63.0,63.0,4.0,23.0,37.0,59.0,63.0,63.0,5.0,20.0,38.0,57.0,63.0,63.0,6.0,16.0,41.0,56.0,63.0,63.0,6.0,19.0,39.0,56.0,63.0,63.0,8.0,0.0,42.0,8.0,63.0,55.0,63.0,0.0,0.6232020761575984,2.534759128169339,0.87812625213881,0.4374894505865458,30.0,160.0,937207.6199662406,958379.5514829997,979792.6211719314,988907.6440800579,996672.2932240173,999324.8131179166,999903.5447311308,1000000.0,1000000.0,1000000.0,1000000.0,1000000.0,1000000.0,1000000.0,1000000.0,1000000.0,1000000.0,1000000.0,1000000.0,1000000.0,1000000.0,1000000.0,1000000.0,1000000.0,1000000.0,1000000.0,1000000.0,1000000.0,1000000.0,1000000.0,1000000.0,1000000.0,1000000.0,1000000.0,1000000.0,1000000.0,1000000.0,1000000.0,1000000.0,1000000.0,1000000.0,1000000.0,1000000.0,1000000.0,1000000.0,1000000.0,1000000.0,1000000.0,1000000.0,1000000.0,1000000.0,1000000.0,1000000.0,1000000.0,1000000.0,1000000.0,1000000.0,1000000.0,1000000.0,1000000.0,1000000.0,1000000.0,1000000.0,1000000.0,0.0,0.0,0.0,0.0,0.0,0.0,0.0,0.0,48.22763443453082,48.22763443453082,48.22763443453082,48.22763443453082,48.22763443453082,48.22763443453082,96.4552688690621,192.91053773812425,241.13817217265407,289.36580660718624,530.5039787798403,868.0974198215577,1639.7395707740552,2797.202797202796,4726.3081745840345,7475.283337352298,12105.136243067265,21075.47624789003,40559.440559440554,72437.9069206655,126597.54039064386,223390.4027007475,355485.8934169279,413696.64817940677,703110.6824210272,830142.2715215818,930600.4340487098,971593.9233180612,990547.3836508319,996527.6103207137,999083.6749457439,999807.0894622619,999855.3170966964,999951.7723655654,1000000.0,1000000.0,1000000.0,1000000.0,1000000.0,1000000.0,1000000.0,1000000.0,1000000.0,1000000.0,1000000.0,1000000.0,1000000.0,1000000.0,1000000.0,1000000.0,1000000.0,1000000.0,1000000.0,1000000.0,1000000.0,1000000.0,0.0,0.0,0.0,0.0,0.0,0.0,0.0,0.0,0.0,0.0,0.0,0.0,0.0,0.0,0.0,0.0,0.0,0.0,0.0,0.0,0.0,0.0,0.0,0.0,0.0,0.0,0.0,0.0,0.0,0.0,0.0,0.0,0.0,0.0,0.0,0.0,0.0,0.0,0.0,0.0,0.0,0.0,0.0,0.0,0.0,0.0,0.0,0.0,0.0,0.0,0.0,0.0,0.0,0.0,0.0,96.4552688690621,578.7316132143711,1639.7395707740552,5401.495056667472,13310.827103930547,41861.586689172866,105473.83650831932,260718.59175307443,1000000.0,48.22763443453082,48.22763443453082,48.22763443453082,48.22763443453082,48.22763443453082,48.22763443453082,48.22763443453082,48.22763443453082,48.22763443453082,48.22763443453082,48.22763443453082,48.22763443453082,48.22763443453082,48.22763443453082,48.22763443453082,48.22763443453082,48.22763443453082,48.22763443453082,48.22763443453082,48.22763443453082,48.22763443453082,48.22763443453082,48.22763443453082,48.22763443453082,48.22763443453082,48.22763443453082,48.22763443453082,48.22763443453082,48.22763443453082,48.22763443453082,48.22763443453082,48.22763443453082,48.22763443453082,48.22763443453082,48.22763443453082,48.22763443453082,48.22763443453082,48.22763443453082,48.22763443453082,48.22763443453082,48.22763443453082,48.22763443453082,48.22763443453082,48.22763443453082,48.22763443453082,48.22763443453082,48.22763443453082,48.22763443453082,48.22763443453082,48.22763443453082,48.22763443453082,48.22763443453082,48.22763443453082,48.22763443453082,48.22763443453082,48.22763443453082,48.22763443453082,48.22763443453082,48.22763443453082,48.22763443453082,48.22763443453082,48.22763443453082,48.22763443453082,1000000.0
FLINT,MAGNUM03,F,na,na,na,na,2025_03_11-09_22_56,na,1,39,Yes,1,na,0.0,0.0,884687.7260670363,8.0,52.0,62.0,,,,0.0,0.0,884687.7260670363,8.0,52.0,62.0,32.0,31.0,0.0,29.0,28.0,0.0,22.0,24.0,0.0,18.0,22.0,0.0,14.0,19.0,0.0,9.0,14.0,0.0,12.0,17.0,0.0,0.0,32.0,32.0,63.0,63.0,63.0,0.0,29.0,34.0,62.0,63.0,63.0,3.0,25.0,36.0,60.0,63.0,63.0,4.0,22.0,37.0,59.0,63.0,63.0,5.0,19.0,38.0,57.0,63.0,63.0,6.0,15.0,41.0,55.0,63.0,63.0,6.0,18.0,39.0,56.0,63.0,63.0,7.0,0.0,50.0,9.0,63.0,54.0,63.0,63.0,0.665274605258608,2.63296391281547,0.9085383660221205,0.0,30.0,160.0,929298.2879189776,954328.430190499,974969.8577284784,986351.5794550277,996768.7484928863,999373.040752351,999903.5447311308,1000000.0,1000000.0,1000000.0,1000000.0,1000000.0,1000000.0,1000000.0,1000000.0,1000000.0,1000000.0,1000000.0,1000000.0,1000000.0,1000000.0,1000000.0,1000000.0,1000000.0,1000000.0,1000000.0,1000000.0,1000000.0,1000000.0,1000000.0,1000000.0,1000000.0,1000000.0,1000000.0,1000000.0,1000000.0,1000000.0,1000000.0,1000000.0,1000000.0,1000000.0,1000000.0,1000000.0,1000000.0,1000000.0,1000000.0,1000000.0,1000000.0,1000000.0,1000000.0,1000000.0,1000000.0,1000000.0,1000000.0,1000000.0,1000000.0,1000000.0,1000000.0,1000000.0,1000000.0,1000000.0,1000000.0,1000000.0,1000000.0,0.0,0.0,0.0,0.0,0.0,0.0,0.0,0.0,0.0,48.22763443453082,48.22763443453082,48.22763443453082,144.68290330359284,144.68290330359284,192.91053773812425,241.13817217265407,385.82107547624787,530.5039787798403,1012.7803231251486,1495.056667470457,2411.3817217265464,3713.527851458888,6366.047745358085,9356.161080299,15336.387750180844,25657.101519170483,46877.26067036413,77694.71907402946,136098.38437424644,229563.53990836747,366915.8427779117,436218.95346033276,706679.5273691824,830383.4096937544,926597.5403906438,968217.988907644,988570.0506390162,995900.6510730648,998842.5367735712,999710.6341933928,999855.3170966964,999903.5447311308,1000000.0,1000000.0,1000000.0,1000000.0,1000000.0,1000000.0,1000000.0,1000000.0,1000000.0,1000000.0,1000000.0,1000000.0,1000000.0,1000000.0,1000000.0,1000000.0,1000000.0,1000000.0,1000000.0,1000000.0,1000000.0,1000000.0,0.0,0.0,0.0,0.0,0.0,0.0,0.0,0.0,0.0,0.0,0.0,0.0,0.0,0.0,0.0,0.0,0.0,0.0,0.0,0.0,0.0,0.0,0.0,0.0,0.0,0.0,0.0,0.0,0.0,0.0,0.0,0.0,0.0,0.0,0.0,0.0,0.0,0.0,0.0,0.0,0.0,0.0,0.0,0.0,0.0,0.0,0.0,0.0,0.0,0.0,0.0,0.0,0.0,0.0,48.22763443453082,289.36580660718624,1012.7803231251486,2073.7882806848356,5787.316132143714,13117.916566192442,45864.48034723895,115312.27393296373,280009.64552688686,1000000.0,0.0,0.0,0.0,0.0,0.0,0.0,0.0,0.0,0.0,0.0,0.0,0.0,0.0,0.0,0.0,0.0,0.0,0.0,0.0,0.0,0.0,0.0,0.0,0.0,0.0,0.0,0.0,0.0,0.0,0.0,0.0,0.0,0.0,0.0,0.0,0.0,0.0,0.0,0.0,0.0,0.0,0.0,0.0,0.0,0.0,0.0,0.0,0.0,0.0,0.0,0.0,0.0,0.0,0.0,0.0,0.0,0.0,0.0,0.0,0.0,0.0,0.0,0.0,1000000.0
FLINT,MAGNUM03,F,na,na,na,na,2025_03_11-09_22_56,na,1,40,Yes,1,na,96.4552688690621,0.0,941114.0583554377,8.0,49.0,62.0,,,,96.4552688690621,0.0,941114.0583554377,8.0,49.0,62.0,32.0,31.0,0.0,29.0,29.0,0.0,22.0,24.0,0.0,18.0,21.0,0.0,13.0,18.0,0.0,3.0,14.0,0.0,9.0,17.0,0.0,0.0,32.0,32.0,63.0,63.0,63.0,0.0,29.0,34.0,63.0,63.0,63.0,2.0,24.0,36.0,60.0,63.0,63.0,4.0,22.0,38.0,59.0,63.0,63.0,5.0,18.0,39.0,57.0,63.0,63.0,7.0,10.0,42.0,56.0,63.0,63.0,6.0,15.0,40.0,57.0,63.0,63.0,9.0,0.0,44.0,6.0,63.0,54.0,63.0,63.0,0.5652202033327418,2.8848738519789427,0.715576015407713,0.0,30.0,160.0,954183.7472871954,968893.1757897275,983699.0595611285,990016.879672052,997202.7972027971,999131.9025801783,999855.3170966964,1000000.0,1000000.0,1000000.0,1000000.0,1000000.0,1000000.0,1000000.0,1000000.0,1000000.0,1000000.0,1000000.0,1000000.0,1000000.0,1000000.0,1000000.0,1000000.0,1000000.0,1000000.0,1000000.0,1000000.0,1000000.0,1000000.0,1000000.0,1000000.0,1000000.0,1000000.0,1000000.0,1000000.0,1000000.0,1000000.0,1000000.0,1000000.0,1000000.0,1000000.0,1000000.0,1000000.0,1000000.0,1000000.0,1000000.0,1000000.0,1000000.0,1000000.0,1000000.0,1000000.0,1000000.0,1000000.0,1000000.0,1000000.0,1000000.0,1000000.0,1000000.0,1000000.0,1000000.0,1000000.0,1000000.0,1000000.0,1000000.0,0.0,0.0,0.0,0.0,0.0,0.0,48.22763443453082,96.4552688690621,144.68290330359284,192.91053773812425,241.13817217265407,241.13817217265407,337.59344104171646,337.59344104171646,385.82107547624787,578.7316132143711,723.414516517964,1109.2355919942117,1736.1948396431121,2073.7882806848356,3568.844948155295,5931.999035447306,8439.836026042916,14902.339040270084,22811.671087533156,35254.400771642155,59127.07981673499,91584.27779117435,146660.2363154087,233325.29539426084,357993.73040752346,405787.3161321437,683144.4417651313,807716.4215095249,910778.8762961178,952785.1458885941,980033.7593441041,992090.6679527368,996913.43139619,998890.7644080058,999565.9512900892,999855.3170966964,1000000.0,1000000.0,1000000.0,1000000.0,1000000.0,1000000.0,1000000.0,1000000.0,1000000.0,1000000.0,1000000.0,1000000.0,1000000.0,1000000.0,1000000.0,1000000.0,1000000.0,1000000.0,1000000.0,1000000.0,1000000.0,1000000.0,0.0,0.0,0.0,0.0,0.0,0.0,0.0,0.0,0.0,0.0,0.0,0.0,0.0,0.0,0.0,0.0,0.0,0.0,0.0,0.0,0.0,0.0,0.0,0.0,0.0,0.0,0.0,0.0,0.0,0.0,0.0,0.0,0.0,0.0,0.0,0.0,0.0,0.0,0.0,0.0,0.0,0.0,0.0,0.0,0.0,0.0,0.0,0.0,0.0,0.0,0.0,0.0,0.0,0.0,144.68290330359284,144.68290330359284,434.04870991077877,1495.056667470457,4244.031830238725,9066.795273691821,23824.451410658283,58885.94164456233,149071.61803713543,1000000.0,0.0,0.0,0.0,0.0,0.0,0.0,0.0,0.0,0.0,0.0,0.0,0.0,0.0,0.0,0.0,0.0,0.0,0.0,0.0,0.0,0.0,0.0,0.0,0.0,0.0,0.0,0.0,0.0,0.0,0.0,0.0,0.0,0.0,0.0,0.0,0.0,0.0,0.0,0.0,0.0,0.0,0.0,0.0,0.0,0.0,0.0,0.0,0.0,0.0,0.0,0.0,0.0,0.0,0.0,0.0,0.0,0.0,0.0,0.0,0.0,0.0,0.0,0.0,1000000.0
FLINT,MAGNUM03,F,na,na,na,na,2025_03_11-09_22_56,na,1,41,Yes,1,na,192.91053773812425,0.0,961369.6648179406,8.5,45.5,62.0,,,,192.91053773812425,0.0,961369.6648179406,8.5,45.5,62.0,32.0,31.0,0.0,28.0,29.0,0.0,22.0,24.0,0.0,15.0,21.0,0.0,9.0,15.0,0.0,2.0,11.0,0.0,6.0,12.0,0.0,0.0,32.0,32.0,63.0,63.0,63.0,0.0,28.0,34.0,63.0,63.0,63.0,1.0,23.0,37.0,61.0,63.0,63.0,4.0,19.0,38.0,59.0,63.0,63.0,5.0,14.0,41.0,56.0,63.0,63.0,7.0,9.0,42.0,53.0,63.0,63.0,6.0,12.0,42.0,54.0,63.0,63.0,9.0,0.0,45.0,0.0,63.0,46.0,63.0,63.0,0.4671049523406921,3.3479663953611127,0.6952076727941802,0.0,30.0,160.0,971063.4193392813,979840.848806366,988907.6440800579,993537.4969857727,997974.4393537496,999373.040752351,999807.0894622619,999903.5447311308,1000000.0,1000000.0,1000000.0,1000000.0,1000000.0,1000000.0,1000000.0,1000000.0,1000000.0,1000000.0,1000000.0,1000000.0,1000000.0,1000000.0,1000000.0,1000000.0,1000000.0,1000000.0,1000000.0,1000000.0,1000000.0,1000000.0,1000000.0,1000000.0,1000000.0,1000000.0,1000000.0,1000000.0,1000000.0,1000000.0,1000000.0,1000000.0,1000000.0,1000000.0,1000000.0,1000000.0,1000000.0,1000000.0,1000000.0,1000000.0,1000000.0,1000000.0,1000000.0,1000000.0,1000000.0,1000000.0,1000000.0,1000000.0,1000000.0,1000000.0,1000000.0,1000000.0,1000000.0,1000000.0,1000000.0,1000000.0,48.22763443453082,48.22763443453082,48.22763443453082,96.4552688690621,96.4552688690621,144.68290330359284,144.68290330359284,144.68290330359284,144.68290330359284,241.13817217265407,289.36580660718624,434.04870991077877,675.1868820834334,1012.7803231251486,1446.829033035929,1832.650108512174,2314.926452857486,3134.7962382445157,4967.446346756688,6703.6411863998055,9838.437424644324,13407.2823727996,20255.606462503023,28213.166144200633,41572.22088256569,60284.543043163794,92452.37521099586,131661.4420062695,196141.7892452375,286375.693272245,415481.07065348444,473788.28068483237,711646.9737159392,817554.8589341693,904123.4627441523,945599.2283578491,973426.5734265733,986978.5387026767,994598.5049433325,997299.2524716662,998697.8538702676,999517.7236556546,999903.5447311308,999951.7723655654,999951.7723655654,1000000.0,1000000.0,1000000.0,1000000.0,1000000.0,1000000.0,1000000.0,1000000.0,1000000.0,1000000.0,1000000.0,1000000.0,1000000.0,1000000.0,1000000.0,1000000.0,1000000.0,1000000.0,1000000.0,0.0,0.0,0.0,0.0,0.0,0.0,0.0,0.0,0.0,0.0,0.0,0.0,0.0,0.0,0.0,0.0,0.0,0.0,0.0,0.0,0.0,0.0,0.0,0.0,0.0,0.0,0.0,0.0,0.0,0.0,0.0,0.0,0.0,0.0,0.0,0.0,0.0,0.0,0.0,0.0,0.0,0.0,0.0,0.0,0.0,0.0,48.22763443453082,48.22763443453082,48.22763443453082,96.4552688690621,96.4552688690621,96.4552688690621,144.68290330359284,289.36580660718624,578.7316132143711,868.0974198215577,1687.967205208584,2797.202797202796,5112.12925006028,9018.567639257291,20882.56571015191,38630.33518205934,85652.278755727,1000000.0,0.0,0.0,0.0,0.0,0.0,0.0,0.0,0.0,0.0,0.0,0.0,0.0,0.0,0.0,0.0,0.0,0.0,0.0,0.0,0.0,0.0,0.0,0.0,0.0,0.0,0.0,0.0,0.0,0.0,0.0,0.0,0.0,0.0,0.0,0.0,0.0,0.0,0.0,0.0,0.0,0.0,0.0,0.0,0.0,0.0,0.0,0.0,0.0,0.0,0.0,0.0,0.0,0.0,0.0,0.0,0.0,0.0,0.0,0.0,0.0,0.0,0.0,0.0,1000000.0
FLINT,MAGNUM03,F,na,na,na,na,2025_03_11-09_22_56,na,1,42,Yes,1,na,0.0,0.0,993971.5456956837,10.5,20.5,62.0,,,,0.0,0.0,993971.5456956837,10.5,20.5,62.0,32.0,31.0,0.0,29.0,29.0,0.0,25.0,26.0,0.0,21.0,25.0,0.0,17.0,22.0,0.0,11.0,18.0,0.0,14.0,20.0,0.0,0.0,32.0,32.0,63.0,63.0,63.0,0.0,29.0,34.0,63.0,63.0,63.0,1.0,26.0,36.0,62.0,63.0,63.0,3.0,24.0,37.0,62.0,63.0,63.0,4.0,21.0,38.0,60.0,63.0,63.0,6.0,17.0,40.0,58.0,63.0,63.0,5.0,19.0,39.0,59.0,63.0,63.0,7.0,0.0,41.0,14.0,63.0,0.0,63.0,63.0,0.379154280268817,2.411114547266077,0.4999284011283647,0.0,30.0,160.0,974776.9471907403,984663.6122498191,992814.0824692548,996431.1550518447,999083.6749457439,999710.6341933928,999951.7723655654,1000000.0,1000000.0,1000000.0,1000000.0,1000000.0,1000000.0,1000000.0,1000000.0,1000000.0,1000000.0,1000000.0,1000000.0,1000000.0,1000000.0,1000000.0,1000000.0,1000000.0,1000000.0,1000000.0,1000000.0,1000000.0,1000000.0,1000000.0,1000000.0,1000000.0,1000000.0,1000000.0,1000000.0,1000000.0,1000000.0,1000000.0,1000000.0,1000000.0,1000000.0,1000000.0,1000000.0,1000000.0,1000000.0,1000000.0,1000000.0,1000000.0,1000000.0,1000000.0,1000000.0,1000000.0,1000000.0,1000000.0,1000000.0,1000000.0,1000000.0,1000000.0,1000000.0,1000000.0,1000000.0,1000000.0,1000000.0,1000000.0,0.0,0.0,0.0,0.0,0.0,0.0,0.0,0.0,0.0,0.0,0.0,0.0,0.0,0.0,48.22763443453082,48.22763443453082,48.22763443453082,289.36580660718624,385.82107547624787,626.959247648901,1061.0079575596806,1446.829033035929,2990.1133349409165,5015.673981191222,8729.201832650102,17169.037858693027,34096.93754521341,59802.266698818436,111888.11188811182,197829.7564504461,341162.2859898722,436942.3679768507,698770.1953219194,826525.198938992,928816.0115746323,973185.4352544007,991945.9850494333,997395.7077405354,999373.040752351,999855.3170966964,1000000.0,1000000.0,1000000.0,1000000.0,1000000.0,1000000.0,1000000.0,1000000.0,1000000.0,1000000.0,1000000.0,1000000.0,1000000.0,1000000.0,1000000.0,1000000.0,1000000.0,1000000.0,1000000.0,1000000.0,1000000.0,1000000.0,1000000.0,1000000.0,48.22763443453082,48.22763443453082,48.22763443453082,48.22763443453082,48.22763443453082,48.22763443453082,48.22763443453082,48.22763443453082,48.22763443453082,48.22763443453082,48.22763443453082,48.22763443453082,48.22763443453082,48.22763443453082,48.22763443453082,48.22763443453082,48.22763443453082,48.22763443453082,48.22763443453082,48.22763443453082,48.22763443453082,48.22763443453082,48.22763443453082,48.22763443453082,48.22763443453082,48.22763443453082,48.22763443453082,48.22763443453082,48.22763443453082,48.22763443453082,48.22763443453082,48.22763443453082,48.22763443453082,48.22763443453082,48.22763443453082,48.22763443453082,48.22763443453082,48.22763443453082,48.22763443453082,48.22763443453082,48.22763443453082,48.22763443453082,48.22763443453082,48.22763443453082,48.22763443453082,48.22763443453082,48.22763443453082,48.22763443453082,48.22763443453082,48.22763443453082,48.22763443453082,48.22763443453082,48.22763443453082,48.22763443453082,48.22763443453082,48.22763443453082,48.22763443453082,96.4552688690621,241.13817217265407,578.7316132143711,1784.4224740776426,6028.454304316367,27489.751627682657,1000000.0,0.0,0.0,0.0,0.0,0.0,0.0,0.0,0.0,0.0,0.0,0.0,0.0,0.0,0.0,0.0,0.0,0.0,0.0,0.0,0.0,0.0,0.0,0.0,0.0,0.0,0.0,0.0,0.0,0.0,0.0,0.0,0.0,0.0,0.0,0.0,0.0,0.0,0.0,0.0,0.0,0.0,0.0,0.0,0.0,0.0,0.0,0.0,0.0,0.0,0.0,0.0,0.0,0.0,0.0,0.0,0.0,0.0,0.0,0.0,0.0,0.0,0.0,0.0,1000000.0
FLINT,MAGNUM03,F,na,na,na,na,2025_03_11-09_22_56,na,1,43,Yes,1,na,48.22763443453082,0.0,882710.3930552207,10.5,49.5,62.0,,,,48.22763443453082,0.0,882710.3930552207,10.5,49.5,62.0,32.0,31.0,0.0,29.0,28.0,0.0,23.0,24.0,0.0,19.0,22.0,0.0,16.0,20.0,0.0,11.0,16.0,0.0,13.0,18.0,0.0,0.0,32.0,32.0,63.0,63.0,63.0,0.0,29.0,34.0,62.0,63.0,63.0,3.0,26.0,36.0,60.0,63.0,63.0,4.0,23.0,37.0,59.0,63.0,63.0,5.0,21.0,38.0,58.0,63.0,63.0,6.0,17.0,40.0,56.0,63.0,63.0,6.0,19.0,39.0,57.0,63.0,63.0,7.0,0.0,44.0,3.0,63.0,55.0,63.0,63.0,0.7743805930949622,2.5003135336864895,0.8836462518624036,0.0,30.0,160.0,909283.8196286471,938268.6279238003,966964.0704123463,980274.8975162767,993971.5456956836,999180.1302146129,1000000.0,1000000.0,1000000.0,1000000.0,1000000.0,1000000.0,1000000.0,1000000.0,1000000.0,1000000.0,1000000.0,1000000.0,1000000.0,1000000.0,1000000.0,1000000.0,1000000.0,1000000.0,1000000.0,1000000.0,1000000.0,1000000.0,1000000.0,1000000.0,1000000.0,1000000.0,1000000.0,1000000.0,1000000.0,1000000.0,1000000.0,1000000.0,1000000.0,1000000.0,1000000.0,1000000.0,1000000.0,1000000.0,1000000.0,1000000.0,1000000.0,1000000.0,1000000.0,1000000.0,1000000.0,1000000.0,1000000.0,1000000.0,1000000.0,1000000.0,1000000.0,1000000.0,1000000.0,1000000.0,1000000.0,1000000.0,1000000.0,1000000.0,0.0,0.0,0.0,48.22763443453082,48.22763443453082,48.22763443453082,48.22763443453082,48.22763443453082,48.22763443453082,48.22763443453082,48.22763443453082,48.22763443453082,48.22763443453082,48.22763443453082,96.4552688690621,96.4552688690621,144.68290330359284,289.36580660718624,482.27634434531,771.6421509524955,1253.9184952978064,2218.471183988428,4099.348926935128,6655.413551965274,10947.673016638537,19387.509042681453,37135.27851458886,62310.10368941406,111695.20135037364,202893.65806607186,333542.31974921626,391608.39160839154,680925.9705811429,813841.3310827104,925874.1258741259,967398.119122257,988377.140101278,996190.0168796721,999180.1302146129,999758.8618278273,999951.7723655654,1000000.0,1000000.0,1000000.0,1000000.0,1000000.0,1000000.0,1000000.0,1000000.0,1000000.0,1000000.0,1000000.0,1000000.0,1000000.0,1000000.0,1000000.0,1000000.0,1000000.0,1000000.0,1000000.0,1000000.0,1000000.0,1000000.0,1000000.0,0.0,0.0,0.0,0.0,0.0,0.0,0.0,0.0,0.0,0.0,0.0,0.0,0.0,0.0,0.0,0.0,0.0,0.0,0.0,0.0,0.0,0.0,0.0,0.0,0.0,0.0,0.0,0.0,0.0,0.0,0.0,0.0,0.0,0.0,0.0,0.0,0.0,0.0,0.0,0.0,0.0,0.0,0.0,0.0,0.0,0.0,0.0,0.0,0.0,0.0,0.0,0.0,0.0,0.0,0.0,48.22763443453082,530.5039787798403,1205.690860863273,4292.259464673261,11140.583554376653,44272.968410899375,117289.60694477924,288160.1157463226,1000000.0,0.0,0.0,0.0,0.0,0.0,0.0,0.0,0.0,0.0,0.0,0.0,0.0,0.0,0.0,0.0,0.0,0.0,0.0,0.0,0.0,0.0,0.0,0.0,0.0,0.0,0.0,0.0,0.0,0.0,0.0,0.0,0.0,0.0,0.0,0.0,0.0,0.0,0.0,0.0,0.0,0.0,0.0,0.0,0.0,0.0,0.0,0.0,0.0,0.0,0.0,0.0,0.0,0.0,0.0,0.0,0.0,0.0,0.0,0.0,0.0,0.0,0.0,0.0,1000000.0
FLINT,MAGNUM03,F,na,na,na,na,2025_03_11-09_22_56,na,1,44,Yes,1,na,144.68290330359284,0.0,991222.5705329154,7.0,49.0,62.0,,,,241.13817217265407,0.0,991222.5705329154,7.0,49.0,62.0,32.0,31.0,0.0,28.0,29.0,0.0,24.0,26.0,0.0,17.0,22.0,0.0,11.0,18.0,0.0,4.0,13.0,0.0,9.0,15.0,0.0,0.0,32.0,32.0,63.0,63.0,63.0,0.0,28.0,34.0,63.0,63.0,63.0,0.0,24.0,37.0,63.0,63.0,63.0,3.0,20.0,39.0,61.0,63.0,63.0,5.0,16.0,41.0,59.0,63.0,63.0,6.0,10.0,43.0,56.0,63.0,63.0,5.0,14.0,42.0,57.0,63.0,63.0,8.0,0.0,45.0,2.0,63.0,53.0,63.0,63.0,0.40536788852550953,3.2306635250749642,0.3252376025484647,0.0,30.0,160.0,979165.6619242826,985531.7096696406,992042.4403183024,994839.6431155051,997974.4393537496,999614.1789245236,999903.5447311308,1000000.0,1000000.0,1000000.0,1000000.0,1000000.0,1000000.0,1000000.0,1000000.0,1000000.0,1000000.0,1000000.0,1000000.0,1000000.0,1000000.0,1000000.0,1000000.0,1000000.0,1000000.0,1000000.0,1000000.0,1000000.0,1000000.0,1000000.0,1000000.0,1000000.0,1000000.0,1000000.0,1000000.0,1000000.0,1000000.0,1000000.0,1000000.0,1000000.0,1000000.0,1000000.0,1000000.0,1000000.0,1000000.0,1000000.0,1000000.0,1000000.0,1000000.0,1000000.0,1000000.0,1000000.0,1000000.0,1000000.0,1000000.0,1000000.0,1000000.0,1000000.0,1000000.0,1000000.0,1000000.0,1000000.0,1000000.0,1000000.0,0.0,0.0,48.22763443453082,48.22763443453082,144.68290330359284,144.68290330359284,144.68290330359284,192.91053773812425,192.91053773812425,192.91053773812425,289.36580660718624,289.36580660718624,337.59344104171646,434.04870991077877,578.7316132143711,868.0974198215577,1543.2843019049903,1832.650108512174,3038.3409693754506,4485.170002411382,7282.372799614172,10802.990113334929,15673.98119122258,22088.2565710152,31492.64528574873,46250.3014227152,72968.41089944534,103544.73113093805,160694.47793585723,240607.66819387508,358090.1856763925,405883.7714010128,657680.2507836991,776706.0525681216,878562.8164938509,931034.4827586206,967591.0296599951,983891.9700988666,993344.5864480347,997009.886665059,998553.1709669641,999373.040752351,999807.0894622619,999903.5447311308,1000000.0,1000000.0,1000000.0,1000000.0,1000000.0,1000000.0,1000000.0,1000000.0,1000000.0,1000000.0,1000000.0,1000000.0,1000000.0,1000000.0,1000000.0,1000000.0,1000000.0,1000000.0,1000000.0,1000000.0,0.0,0.0,0.0,0.0,0.0,0.0,0.0,0.0,0.0,0.0,0.0,0.0,0.0,0.0,0.0,0.0,0.0,0.0,0.0,0.0,0.0,0.0,0.0,0.0,0.0,0.0,0.0,0.0,0.0,0.0,0.0,0.0,0.0,0.0,0.0,0.0,0.0,0.0,0.0,0.0,0.0,0.0,0.0,0.0,0.0,0.0,0.0,0.0,0.0,0.0,0.0,0.0,0.0,48.22763443453082,48.22763443453082,192.91053773812425,434.04870991077877,626.959247648901,1012.7803231251486,1639.7395707740552,4388.714733542319,8777.42946708464,21220.159151193613,1000000.0,0.0,0.0,0.0,0.0,0.0,0.0,0.0,0.0,0.0,0.0,0.0,0.0,0.0,0.0,0.0,0.0,0.0,0.0,0.0,0.0,0.0,0.0,0.0,0.0,0.0,0.0,0.0,0.0,0.0,0.0,0.0,0.0,0.0,0.0,0.0,0.0,0.0,0.0,0.0,0.0,0.0,0.0,0.0,0.0,0.0,0.0,0.0,0.0,0.0,0.0,0.0,0.0,0.0,0.0,0.0,0.0,0.0,0.0,0.0,0.0,0.0,0.0,0.0,1000000.0
FLINT,MAGNUM03,F,na,na,na,na,2025_03_11-09_22_56,na,1,45,Yes,1,na,0.0,0.0,0.0,9.0,48.5,0.0,,,,0.0,0.0,0.0,9.0,48.5,0.0,32.0,31.0,0.0,29.0,29.0,0.0,24.0,26.0,0.0,19.0,23.0,0.0,15.0,20.0,0.0,10.0,15.0,0.0,12.0,18.0,0.0,0.0,32.0,32.0,63.0,63.0,63.0,0.0,29.0,34.0,63.0,63.0,63.0,1.0,25.0,36.0,62.0,63.0,63.0,3.0,22.0,38.0,61.0,63.0,63.0,4.0,19.0,39.0,59.0,63.0,63.0,6.0,16.0,41.0,56.0,63.0,63.0,5.0,17.0,40.0,58.0,63.0,63.0,6.0,0.0,42.0,12.0,63.0,55.0,63.0,0.0,0.4123199672583114,2.752152601819396,0.372875388861368,0.4374894505865458,30.0,160.0,975837.9551482999,982927.417410176,991367.253436219,994646.732577767,998746.0815047021,999614.1789245236,1000000.0,1000000.0,1000000.0,1000000.0,1000000.0,1000000.0,1000000.0,1000000.0,1000000.0,1000000.0,1000000.0,1000000.0,1000000.0,1000000.0,1000000.0,1000000.0,1000000.0,1000000.0,1000000.0,1000000.0,1000000.0,1000000.0,1000000.0,1000000.0,1000000.0,1000000.0,1000000.0,1000000.0,1000000.0,1000000.0,1000000.0,1000000.0,1000000.0,1000000.0,1000000.0,1000000.0,1000000.0,1000000.0,1000000.0,1000000.0,1000000.0,1000000.0,1000000.0,1000000.0,1000000.0,1000000.0,1000000.0,1000000.0,1000000.0,1000000.0,1000000.0,1000000.0,1000000.0,1000000.0,1000000.0,1000000.0,1000000.0,1000000.0,0.0,0.0,0.0,0.0,0.0,0.0,0.0,0.0,0.0,0.0,0.0,0.0,48.22763443453082,48.22763443453082,48.22763443453082,144.68290330359284,289.36580660718624,578.7316132143711,1109.2355919942117,1929.1053773812387,2893.6580660718573,4099.348926935128,7185.917530745107,11478.176995418351,19049.915601639714,31637.328189052336,55461.77959971061,88111.88811188814,147962.3824451411,242536.77357125632,381818.1818181817,450253.19508078124,712418.6158668917,825753.5567880395,920135.0373764166,961562.5753556788,983795.5148299976,993248.1311791657,998119.1222570533,999517.7236556546,999807.0894622619,1000000.0,1000000.0,1000000.0,1000000.0,1000000.0,1000000.0,1000000.0,1000000.0,1000000.0,1000000.0,1000000.0,1000000.0,1000000.0,1000000.0,1000000.0,1000000.0,1000000.0,1000000.0,1000000.0,1000000.0,1000000.0,1000000.0,1000000.0,0.0,0.0,0.0,0.0,0.0,0.0,0.0,0.0,0.0,0.0,0.0,0.0,0.0,0.0,0.0,0.0,0.0,0.0,0.0,0.0,0.0,0.0,0.0,0.0,0.0,0.0,0.0,0.0,0.0,0.0,0.0,0.0,0.0,0.0,0.0,0.0,0.0,0.0,0.0,0.0,0.0,0.0,0.0,0.0,0.0,0.0,0.0,0.0,0.0,0.0,0.0,0.0,0.0,0.0,0.0,144.68290330359284,337.59344104171646,530.5039787798403,1157.4632264287443,1929.1053773812387,5015.673981191222,13262.599469496023,42006.26959247647,1000000.0,48.22763443453082,48.22763443453082,48.22763443453082,48.22763443453082,48.22763443453082,48.22763443453082,48.22763443453082,48.22763443453082,48.22763443453082,48.22763443453082,48.22763443453082,48.22763443453082,48.22763443453082,48.22763443453082,48.22763443453082,48.22763443453082,48.22763443453082,48.22763443453082,48.22763443453082,48.22763443453082,48.22763443453082,48.22763443453082,48.22763443453082,48.22763443453082,48.22763443453082,48.22763443453082,48.22763443453082,48.22763443453082,48.22763443453082,48.22763443453082,48.22763443453082,48.22763443453082,48.22763443453082,48.22763443453082,48.22763443453082,48.22763443453082,48.22763443453082,48.22763443453082,48.22763443453082,48.22763443453082,48.22763443453082,48.22763443453082,48.22763443453082,48.22763443453082,48.22763443453082,48.22763443453082,48.22763443453082,48.22763443453082,48.22763443453082,48.22763443453082,48.22763443453082,48.22763443453082,48.22763443453082,48.22763443453082,48.22763443453082,48.22763443453082,48.22763443453082,48.22763443453082,48.22763443453082,48.22763443453082,48.22763443453082,48.22763443453082,48.22763443453082,1000000.0
FLINT,MAGNUM03,F,na,na,na,na,2025_03_11-09_22_56,na,1,46,Yes,1,na,0.0,0.0,0.0,13.5,49.0,0.0,,,,0.0,0.0,0.0,13.5,49.0,0.0,32.0,31.0,0.0,29.0,29.0,0.0,24.0,25.0,0.0,21.0,23.0,0.0,18.0,20.0,0.0,15.0,18.0,0.0,17.0,20.0,0.0,0.0,32.0,32.0,63.0,63.0,63.0,0.0,29.0,33.0,62.0,63.0,63.0,2.0,26.0,35.0,60.0,63.0,63.0,4.0,25.0,36.0,59.0,63.0,63.0,5.0,23.0,38.0,58.0,63.0,63.0,6.0,21.0,39.0,57.0,63.0,63.0,5.0,22.0,38.0,58.0,63.0,63.0,8.0,0.0,41.0,19.0,63.0,57.0,63.0,0.0,0.5481854559839707,2.237501291861816,0.7562751744984781,0.4374894505865458,30.0,160.0,951482.9997588617,968603.8099831202,984036.6530021701,991174.3428984808,997781.5288160116,999565.9512900892,1000000.0,1000000.0,1000000.0,1000000.0,1000000.0,1000000.0,1000000.0,1000000.0,1000000.0,1000000.0,1000000.0,1000000.0,1000000.0,1000000.0,1000000.0,1000000.0,1000000.0,1000000.0,1000000.0,1000000.0,1000000.0,1000000.0,1000000.0,1000000.0,1000000.0,1000000.0,1000000.0,1000000.0,1000000.0,1000000.0,1000000.0,1000000.0,1000000.0,1000000.0,1000000.0,1000000.0,1000000.0,1000000.0,1000000.0,1000000.0,1000000.0,1000000.0,1000000.0,1000000.0,1000000.0,1000000.0,1000000.0,1000000.0,1000000.0,1000000.0,1000000.0,1000000.0,1000000.0,1000000.0,1000000.0,1000000.0,1000000.0,1000000.0,0.0,0.0,0.0,0.0,0.0,0.0,0.0,0.0,0.0,0.0,0.0,0.0,0.0,0.0,0.0,0.0,0.0,0.0,0.0,48.22763443453082,144.68290330359284,434.04870991077877,964.5526886906189,2314.926452857486,4678.080540149494,10031.347962382453,24017.361948396418,48082.95153122741,100747.52833373519,195177.23655654694,330600.43404870987,416590.3062454787,700940.4388714733,842199.1801302144,938750.9042681456,978876.2961176754,995129.0089221123,998601.3986013986,999758.8618278273,999951.7723655654,1000000.0,1000000.0,1000000.0,1000000.0,1000000.0,1000000.0,1000000.0,1000000.0,1000000.0,1000000.0,1000000.0,1000000.0,1000000.0,1000000.0,1000000.0,1000000.0,1000000.0,1000000.0,1000000.0,1000000.0,1000000.0,1000000.0,1000000.0,1000000.0,0.0,0.0,0.0,0.0,0.0,0.0,0.0,0.0,0.0,0.0,0.0,0.0,0.0,0.0,0.0,0.0,0.0,0.0,0.0,0.0,0.0,0.0,0.0,0.0,0.0,0.0,0.0,0.0,0.0,0.0,0.0,0.0,0.0,0.0,0.0,0.0,0.0,0.0,0.0,0.0,0.0,0.0,0.0,0.0,0.0,0.0,0.0,0.0,0.0,0.0,0.0,0.0,0.0,0.0,0.0,0.0,0.0,482.27634434531,2122.0159151193625,6655.413551965274,28743.670122980442,83626.7181094768,230094.04388714733,1000000.0,48.22763443453082,48.22763443453082,48.22763443453082,48.22763443453082,48.22763443453082,48.22763443453082,48.22763443453082,48.22763443453082,48.22763443453082,48.22763443453082,48.22763443453082,48.22763443453082,48.22763443453082,48.22763443453082,48.22763443453082,48.22763443453082,48.22763443453082,48.22763443453082,48.22763443453082,48.22763443453082,48.22763443453082,48.22763443453082,48.22763443453082,48.22763443453082,48.22763443453082,48.22763443453082,48.22763443453082,48.22763443453082,48.22763443453082,48.22763443453082,48.22763443453082,48.22763443453082,48.22763443453082,48.22763443453082,48.22763443453082,48.22763443453082,48.22763443453082,48.22763443453082,48.22763443453082,48.22763443453082,48.22763443453082,48.22763443453082,48.22763443453082,48.22763443453082,48.22763443453082,48.22763443453082,48.22763443453082,48.22763443453082,48.22763443453082,48.22763443453082,48.22763443453082,48.22763443453082,48.22763443453082,48.22763443453082,48.22763443453082,48.22763443453082,48.22763443453082,48.22763443453082,48.22763443453082,48.22763443453082,48.22763443453082,48.22763443453082,48.22763443453082,1000000.0
FLINT,MAGNUM03,F,na,na,na,na,2025_03_11-09_22_56,na,1,47,Yes,1,na,0.0,0.0,988136.0019291054,13.5,52.0,62.0,,,,0.0,0.0,988136.0019291054,13.5,52.0,62.0,32.0,31.0,0.0,30.0,29.0,0.0,24.0,26.0,0.0,21.0,24.0,0.0,17.0,22.0,0.0,14.0,19.0,0.0,16.0,20.0,0.0,0.0,32.0,32.0,63.0,63.0,63.0,0.0,30.0,34.0,63.0,63.0,63.0,2.0,26.0,36.0,62.0,63.0,63.0,4.0,25.0,37.0,61.0,63.0,63.0,5.0,22.0,38.0,60.0,63.0,63.0,6.0,20.0,40.0,59.0,63.0,63.0,5.0,21.0,39.0,59.0,63.0,63.0,10.0,0.0,46.0,17.0,63.0,58.0,63.0,63.0,0.5328901405645566,2.298789823834974,0.32831435586187435,0.0,30.0,160.0,957366.7711598745,971690.3785869303,985097.6609597298,991801.3021461297,997347.4801061008,999758.8618278273,999903.5447311308,999903.5447311308,1000000.0,1000000.0,1000000.0,1000000.0,1000000.0,1000000.0,1000000.0,1000000.0,1000000.0,1000000.0,1000000.0,1000000.0,1000000.0,1000000.0,1000000.0,1000000.0,1000000.0,1000000.0,1000000.0,1000000.0,1000000.0,1000000.0,1000000.0,1000000.0,1000000.0,1000000.0,1000000.0,1000000.0,1000000.0,1000000.0,1000000.0,1000000.0,1000000.0,1000000.0,1000000.0,1000000.0,1000000.0,1000000.0,1000000.0,1000000.0,1000000.0,1000000.0,1000000.0,1000000.0,1000000.0,1000000.0,1000000.0,1000000.0,1000000.0,1000000.0,1000000.0,1000000.0,1000000.0,1000000.0,1000000.0,1000000.0,0.0,0.0,0.0,0.0,0.0,0.0,0.0,0.0,0.0,0.0,0.0,0.0,0.0,0.0,0.0,0.0,0.0,48.22763443453082,144.68290330359284,192.91053773812425,385.82107547624787,723.414516517964,1687.967205208584,2797.202797202796,6076.6819387508895,11526.404629852897,23679.768507354696,39932.48131179166,80347.23896792861,149602.12201591523,273884.7359537014,334651.5553412105,645526.8869061972,786496.2623583314,905859.6575837955,961562.5753556788,989534.6033277067,997009.886665059,999228.3578490474,999710.6341933928,999903.5447311308,1000000.0,1000000.0,1000000.0,1000000.0,1000000.0,1000000.0,1000000.0,1000000.0,1000000.0,1000000.0,1000000.0,1000000.0,1000000.0,1000000.0,1000000.0,1000000.0,1000000.0,1000000.0,1000000.0,1000000.0,1000000.0,1000000.0,1000000.0,0.0,0.0,0.0,0.0,0.0,0.0,0.0,0.0,0.0,0.0,0.0,0.0,0.0,0.0,0.0,0.0,0.0,0.0,0.0,0.0,0.0,0.0,0.0,0.0,0.0,0.0,0.0,0.0,0.0,0.0,0.0,0.0,0.0,0.0,0.0,0.0,0.0,0.0,0.0,0.0,0.0,0.0,0.0,0.0,0.0,0.0,0.0,0.0,0.0,0.0,0.0,0.0,0.0,0.0,0.0,0.0,0.0,0.0,96.4552688690621,578.7316132143711,2941.8857005063924,11863.998070894622,57969.61659030622,1000000.0,0.0,0.0,0.0,0.0,0.0,0.0,0.0,0.0,0.0,0.0,0.0,0.0,0.0,0.0,0.0,0.0,0.0,0.0,0.0,0.0,0.0,0.0,0.0,0.0,0.0,0.0,0.0,0.0,0.0,0.0,0.0,0.0,0.0,0.0,0.0,0.0,0.0,0.0,0.0,0.0,0.0,0.0,0.0,0.0,0.0,0.0,0.0,0.0,0.0,0.0,0.0,0.0,0.0,0.0,0.0,0.0,0.0,0.0,0.0,0.0,0.0,0.0,0.0,1000000.0
FLINT,MAGNUM03,F,na,na,na,na,2025_03_11-09_22_56,na,1,48,Yes,1,na,0.0,0.0,0.0,11.0,54.5,0.0,,,,0.0,0.0,0.0,11.0,54.5,0.0,32.0,31.0,0.0,29.0,28.0,0.0,23.0,24.0,0.0,20.0,23.0,0.0,16.0,20.0,0.0,11.0,17.0,0.0,14.0,19.0,0.0,0.0,32.0,32.0,63.0,63.0,63.0,0.0,29.0,34.0,62.0,63.0,63.0,3.0,26.0,36.0,60.0,63.0,63.0,4.0,24.0,37.0,60.0,63.0,63.0,5.0,21.0,38.0,58.0,63.0,63.0,6.0,17.0,40.0,57.0,63.0,63.0,6.0,20.0,39.0,58.0,63.0,63.0,8.0,0.0,53.0,14.0,63.0,56.0,63.0,0.0,0.7218708545342775,2.476372072013473,0.7151044015423929,0.4374894505865458,30.0,160.0,922449.9638292743,946226.1876054979,971593.9233180612,983265.0108512177,995514.8299975885,998938.9920424403,999903.5447311308,1000000.0,1000000.0,1000000.0,1000000.0,1000000.0,1000000.0,1000000.0,1000000.0,1000000.0,1000000.0,1000000.0,1000000.0,1000000.0,1000000.0,1000000.0,1000000.0,1000000.0,1000000.0,1000000.0,1000000.0,1000000.0,1000000.0,1000000.0,1000000.0,1000000.0,1000000.0,1000000.0,1000000.0,1000000.0,1000000.0,1000000.0,1000000.0,1000000.0,1000000.0,1000000.0,1000000.0,1000000.0,1000000.0,1000000.0,1000000.0,1000000.0,1000000.0,1000000.0,1000000.0,1000000.0,1000000.0,1000000.0,1000000.0,1000000.0,1000000.0,1000000.0,1000000.0,1000000.0,1000000.0,1000000.0,1000000.0,1000000.0,0.0,0.0,0.0,0.0,0.0,0.0,0.0,0.0,0.0,0.0,0.0,0.0,0.0,0.0,48.22763443453082,48.22763443453082,144.68290330359284,337.59344104171646,434.04870991077877,434.04870991077877,916.3250542560885,1639.7395707740552,3809.9831203279427,5353.267422232942,9693.754521340716,16397.39570774054,32505.4256088739,55365.32433084157,103400.04822763438,186689.17289606945,321388.95587171445,395273.69182541594,665782.4933687003,800482.2763443452,913624.306727755,959295.8765372558,987364.3597781529,995611.2852664576,999131.9025801783,999758.8618278273,999951.7723655654,1000000.0,1000000.0,1000000.0,1000000.0,1000000.0,1000000.0,1000000.0,1000000.0,1000000.0,1000000.0,1000000.0,1000000.0,1000000.0,1000000.0,1000000.0,1000000.0,1000000.0,1000000.0,1000000.0,1000000.0,1000000.0,1000000.0,1000000.0,0.0,0.0,0.0,0.0,0.0,0.0,0.0,0.0,0.0,0.0,0.0,0.0,0.0,0.0,0.0,0.0,0.0,0.0,0.0,0.0,0.0,0.0,0.0,0.0,0.0,0.0,0.0,0.0,0.0,0.0,0.0,0.0,0.0,0.0,0.0,0.0,0.0,0.0,0.0,0.0,0.0,0.0,0.0,0.0,0.0,0.0,0.0,0.0,0.0,0.0,0.0,0.0,0.0,0.0,0.0,0.0,144.68290330359284,385.82107547624787,1736.1948396431121,5594.405594405593,24596.093561610804,72727.2727272727,206414.2753797926,1000000.0,48.22763443453082,48.22763443453082,48.22763443453082,48.22763443453082,48.22763443453082,48.22763443453082,48.22763443453082,48.22763443453082,48.22763443453082,48.22763443453082,48.22763443453082,48.22763443453082,48.22763443453082,48.22763443453082,48.22763443453082,48.22763443453082,48.22763443453082,48.22763443453082,48.22763443453082,48.22763443453082,48.22763443453082,48.22763443453082,48.22763443453082,48.22763443453082,48.22763443453082,48.22763443453082,48.22763443453082,48.22763443453082,48.22763443453082,48.22763443453082,48.22763443453082,48.22763443453082,48.22763443453082,48.22763443453082,48.22763443453082,48.22763443453082,48.22763443453082,48.22763443453082,48.22763443453082,48.22763443453082,48.22763443453082,48.22763443453082,48.22763443453082,48.22763443453082,48.22763443453082,48.22763443453082,48.22763443453082,48.22763443453082,48.22763443453082,48.22763443453082,48.22763443453082,48.22763443453082,48.22763443453082,48.22763443453082,48.22763443453082,48.22763443453082,48.22763443453082,48.22763443453082,48.22763443453082,48.22763443453082,48.22763443453082,48.22763443453082,48.22763443453082,1000000.0
FLINT,MAGNUM03,F,na,na,na,na,2025_03_11-09_22_56,na,1,49,Yes,1,na,0.0,0.0,995563.0576320231,13.0,53.0,62.0,,,,0.0,0.0,995563.0576320231,13.0,53.0,62.0,32.0,31.0,0.0,30.0,29.0,0.0,26.0,27.0,0.0,22.0,25.0,0.0,19.0,23.0,0.0,14.0,20.0,0.0,17.0,21.0,0.0,0.0,32.0,32.0,63.0,63.0,63.0,0.0,30.0,34.0,63.0,63.0,63.0,1.0,27.0,36.0,63.0,63.0,63.0,3.0,25.0,37.0,62.0,63.0,63.0,4.0,23.0,38.0,61.0,63.0,63.0,6.0,20.0,40.0,60.0,63.0,63.0,5.0,22.0,39.0,60.0,63.0,63.0,7.0,0.0,49.0,19.0,63.0,57.0,63.0,63.0,0.3916301748631727,2.208217752593742,0.20744986909614685,0.0,30.0,160.0,975741.4998794309,984422.4740776465,992669.3995659512,995321.9194598505,998794.3091391367,999758.8618278273,1000000.0,1000000.0,1000000.0,1000000.0,1000000.0,1000000.0,1000000.0,1000000.0,1000000.0,1000000.0,1000000.0,1000000.0,1000000.0,1000000.0,1000000.0,1000000.0,1000000.0,1000000.0,1000000.0,1000000.0,1000000.0,1000000.0,1000000.0,1000000.0,1000000.0,1000000.0,1000000.0,1000000.0,1000000.0,1000000.0,1000000.0,1000000.0,1000000.0,1000000.0,1000000.0,1000000.0,1000000.0,1000000.0,1000000.0,1000000.0,1000000.0,1000000.0,1000000.0,1000000.0,1000000.0,1000000.0,1000000.0,1000000.0,1000000.0,1000000.0,1000000.0,1000000.0,1000000.0,1000000.0,1000000.0,1000000.0,1000000.0,1000000.0,0.0,0.0,0.0,0.0,0.0,0.0,0.0,0.0,0.0,0.0,0.0,0.0,0.0,0.0,0.0,0.0,0.0,0.0,0.0,144.68290330359284,241.13817217265407,434.04870991077877,1302.1461297323344,1880.8777429467057,4244.031830238725,8970.34000482275,19387.509042681453,34048.70991077888,73932.96358813594,140101.27803231255,268290.3303592958,351338.31685555814,638389.1970098866,794791.4154810706,916469.7371593923,965469.0137448758,990933.2047263081,997588.6182782734,999373.040752351,999855.3170966964,999951.7723655654,1000000.0,1000000.0,1000000.0,1000000.0,1000000.0,1000000.0,1000000.0,1000000.0,1000000.0,1000000.0,1000000.0,1000000.0,1000000.0,1000000.0,1000000.0,1000000.0,1000000.0,1000000.0,1000000.0,1000000.0,1000000.0,1000000.0,1000000.0,0.0,0.0,0.0,0.0,0.0,0.0,0.0,0.0,0.0,0.0,0.0,0.0,0.0,0.0,0.0,0.0,0.0,0.0,0.0,0.0,0.0,0.0,0.0,0.0,0.0,0.0,0.0,0.0,0.0,0.0,0.0,0.0,0.0,0.0,0.0,0.0,0.0,0.0,0.0,0.0,0.0,0.0,0.0,0.0,0.0,0.0,0.0,0.0,0.0,0.0,0.0,0.0,0.0,0.0,0.0,0.0,0.0,48.22763443453082,144.68290330359284,192.91053773812425,964.5526886906189,4436.942367976849,22522.305280925957,1000000.0,0.0,0.0,0.0,0.0,0.0,0.0,0.0,0.0,0.0,0.0,0.0,0.0,0.0,0.0,0.0,0.0,0.0,0.0,0.0,0.0,0.0,0.0,0.0,0.0,0.0,0.0,0.0,0.0,0.0,0.0,0.0,0.0,0.0,0.0,0.0,0.0,0.0,0.0,0.0,0.0,0.0,0.0,0.0,0.0,0.0,0.0,0.0,0.0,0.0,0.0,0.0,0.0,0.0,0.0,0.0,0.0,0.0,0.0,0.0,0.0,0.0,0.0,0.0,1000000.0
FLINT,MAGNUM03,F,na,na,na,na,2025_03_11-09_22_56,na,1,50,Yes,1,na,0.0,0.0,897275.138654449,11.5,49.0,62.0,,,,0.0,0.0,897275.138654449,11.5,49.0,62.0,32.0,31.0,0.0,29.0,28.0,0.0,24.0,24.0,0.0,19.0,22.0,0.0,15.0,18.0,0.0,8.0,16.0,0.0,13.0,17.0,0.0,0.0,32.0,32.0,63.0,63.0,63.0,0.0,29.0,34.0,62.0,63.0,63.0,2.0,26.0,36.0,60.0,63.0,63.0,4.0,23.0,37.0,59.0,63.0,63.0,5.0,20.0,39.0,57.0,63.0,63.0,8.0,16.0,40.0,56.0,63.0,63.0,6.0,19.0,39.0,56.0,63.0,63.0,8.0,0.0,43.0,15.0,63.0,55.0,63.0,63.0,0.6420205689910838,2.555735520024415,0.8706266778829251,0.0,30.0,160.0,937786.351579455,959199.4212683868,978152.8816011575,988425.3677357126,995804.1958041957,998842.5367735712,999855.3170966964,999855.3170966964,1000000.0,1000000.0,1000000.0,1000000.0,1000000.0,1000000.0,1000000.0,1000000.0,1000000.0,1000000.0,1000000.0,1000000.0,1000000.0,1000000.0,1000000.0,1000000.0,1000000.0,1000000.0,1000000.0,1000000.0,1000000.0,1000000.0,1000000.0,1000000.0,1000000.0,1000000.0,1000000.0,1000000.0,1000000.0,1000000.0,1000000.0,1000000.0,1000000.0,1000000.0,1000000.0,1000000.0,1000000.0,1000000.0,1000000.0,1000000.0,1000000.0,1000000.0,1000000.0,1000000.0,1000000.0,1000000.0,1000000.0,1000000.0,1000000.0,1000000.0,1000000.0,1000000.0,1000000.0,1000000.0,1000000.0,1000000.0,0.0,0.0,0.0,0.0,0.0,0.0,0.0,0.0,0.0,0.0,0.0,0.0,0.0,0.0,0.0,48.22763443453082,241.13817217265407,337.59344104171646,530.5039787798403,723.414516517964,1495.056667470457,2363.1540872920177,4099.348926935128,6848.3240897033975,13021.46129732335,22474.077646491416,40800.578731613175,68869.06197251029,126838.6785628165,215866.89172896062,349505.66674704605,447311.30938027485,697516.2768266216,826235.8331323848,921919.4598504943,963829.2741741017,987316.1321437183,995418.3747287195,998697.8538702676,999614.1789245236,999951.7723655654,1000000.0,1000000.0,1000000.0,1000000.0,1000000.0,1000000.0,1000000.0,1000000.0,1000000.0,1000000.0,1000000.0,1000000.0,1000000.0,1000000.0,1000000.0,1000000.0,1000000.0,1000000.0,1000000.0,1000000.0,1000000.0,1000000.0,1000000.0,0.0,0.0,0.0,0.0,0.0,0.0,0.0,0.0,0.0,0.0,0.0,0.0,0.0,0.0,0.0,0.0,0.0,0.0,0.0,0.0,0.0,0.0,0.0,0.0,0.0,0.0,0.0,0.0,0.0,0.0,0.0,0.0,0.0,0.0,0.0,0.0,0.0,0.0,0.0,0.0,0.0,0.0,0.0,0.0,0.0,0.0,0.0,0.0,0.0,0.0,0.0,0.0,0.0,0.0,0.0,96.4552688690621,578.7316132143711,1687.967205208584,5739.088497709187,12298.046780805396,41427.53797926209,102724.86134555098,245912.70798167342,1000000.0,0.0,0.0,0.0,0.0,0.0,0.0,0.0,0.0,0.0,0.0,0.0,0.0,0.0,0.0,0.0,0.0,0.0,0.0,0.0,0.0,0.0,0.0,0.0,0.0,0.0,0.0,0.0,0.0,0.0,0.0,0.0,0.0,0.0,0.0,0.0,0.0,0.0,0.0,0.0,0.0,0.0,0.0,0.0,0.0,0.0,0.0,0.0,0.0,0.0,0.0,0.0,0.0,0.0,0.0,0.0,0.0,0.0,0.0,0.0,0.0,0.0,0.0,0.0,1000000.0
FLINT,MAGNUM03,F,na,na,na,na,2025_03_11-09_22_56,na,1,51,Yes,1,na,0.0,0.0,0.0,12.0,46.5,0.0,,,,0.0,0.0,0.0,12.0,46.5,0.0,32.0,30.0,1.0,29.0,26.0,0.0,23.0,23.0,0.0,20.0,21.0,0.0,17.0,20.0,0.0,14.0,17.0,0.0,16.0,18.0,0.0,0.0,32.0,32.0,62.0,62.0,63.0,1.0,30.0,34.0,60.0,63.0,63.0,4.0,27.0,36.0,59.0,63.0,63.0,5.0,25.0,37.0,58.0,63.0,63.0,6.0,23.0,37.0,57.0,63.0,63.0,7.0,21.0,38.0,55.0,63.0,63.0,6.0,22.0,38.0,56.0,63.0,63.0,8.0,0.0,40.0,16.0,63.0,53.0,63.0,0.0,1.0308446588312201,2.1573856554585658,1.303618722094632,0.4374894505865458,30.0,160.0,833421.7506631301,887340.2459609356,936387.7501808536,963009.4043887146,988184.22956354,997974.4393537496,999614.1789245236,1000000.0,1000000.0,1000000.0,1000000.0,1000000.0,1000000.0,1000000.0,1000000.0,1000000.0,1000000.0,1000000.0,1000000.0,1000000.0,1000000.0,1000000.0,1000000.0,1000000.0,1000000.0,1000000.0,1000000.0,1000000.0,1000000.0,1000000.0,1000000.0,1000000.0,1000000.0,1000000.0,1000000.0,1000000.0,1000000.0,1000000.0,1000000.0,1000000.0,1000000.0,1000000.0,1000000.0,1000000.0,1000000.0,1000000.0,1000000.0,1000000.0,1000000.0,1000000.0,1000000.0,1000000.0,1000000.0,1000000.0,1000000.0,1000000.0,1000000.0,1000000.0,1000000.0,1000000.0,1000000.0,1000000.0,1000000.0,1000000.0,0.0,0.0,0.0,0.0,0.0,0.0,0.0,0.0,0.0,0.0,0.0,0.0,0.0,0.0,0.0,0.0,48.22763443453082,48.22763443453082,48.22763443453082,48.22763443453082,96.4552688690621,337.59344104171646,868.0974198215577,1543.2843019049903,3327.7067759826386,6655.413551965274,17024.354955389445,33325.295394260895,76489.02821316611,157704.36460091625,290667.95273691823,384760.0675186882,666120.086809742,814612.9732336629,930359.2958765372,972076.1996624066,992910.5377381239,998938.9920424403,999903.5447311308,1000000.0,1000000.0,1000000.0,1000000.0,1000000.0,1000000.0,1000000.0,1000000.0,1000000.0,1000000.0,1000000.0,1000000.0,1000000.0,1000000.0,1000000.0,1000000.0,1000000.0,1000000.0,1000000.0,1000000.0,1000000.0,1000000.0,1000000.0,1000000.0,1000000.0,0.0,0.0,0.0,0.0,0.0,0.0,0.0,0.0,0.0,0.0,0.0,0.0,0.0,0.0,0.0,0.0,0.0,0.0,0.0,0.0,0.0,0.0,0.0,0.0,0.0,0.0,0.0,0.0,0.0,0.0,0.0,0.0,0.0,0.0,0.0,0.0,0.0,0.0,0.0,0.0,0.0,0.0,0.0,0.0,0.0,0.0,0.0,0.0,0.0,0.0,0.0,0.0,0.0,48.22763443453082,96.4552688690621,289.36580660718624,916.3250542560885,3665.3002170243526,20303.83409693753,53677.35712563295,182686.2792380034,366722.9322401736,615481.0706534844,1000000.0,48.22763443453082,48.22763443453082,48.22763443453082,48.22763443453082,48.22763443453082,48.22763443453082,48.22763443453082,48.22763443453082,48.22763443453082,48.22763443453082,48.22763443453082,48.22763443453082,48.22763443453082,48.22763443453082,48.22763443453082,48.22763443453082,48.22763443453082,48.22763443453082,48.22763443453082,48.22763443453082,48.22763443453082,48.22763443453082,48.22763443453082,48.22763443453082,48.22763443453082,48.22763443453082,48.22763443453082,48.22763443453082,48.22763443453082,48.22763443453082,48.22763443453082,48.22763443453082,48.22763443453082,48.22763443453082,48.22763443453082,48.22763443453082,48.22763443453082,48.22763443453082,48.22763443453082,48.22763443453082,48.22763443453082,48.22763443453082,48.22763443453082,48.22763443453082,48.22763443453082,48.22763443453082,48.22763443453082,48.22763443453082,48.22763443453082,48.22763443453082,48.22763443453082,48.22763443453082,48.22763443453082,48.22763443453082,48.22763443453082,48.22763443453082,48.22763443453082,48.22763443453082,48.22763443453082,48.22763443453082,48.22763443453082,48.22763443453082,48.22763443453082,1000000.0
FLINT,MAGNUM03,F,na,na,na,na,2025_03_11-09_22_56,na,1,52,Yes,1,na,48.22763443453082,0.0,961369.6648179406,9.0,48.5,62.0,,,,48.22763443453082,0.0,961369.6648179406,9.0,48.5,62.0,32.0,31.0,0.0,29.0,29.0,0.0,22.0,24.0,0.0,17.0,21.0,0.0,11.0,17.0,0.0,5.0,9.0,0.0,8.0,13.0,0.0,0.0,32.0,32.0,63.0,63.0,63.0,0.0,29.0,34.0,63.0,63.0,63.0,2.0,24.0,37.0,61.0,63.0,63.0,4.0,21.0,38.0,59.0,63.0,63.0,5.0,16.0,40.0,57.0,63.0,63.0,7.0,12.0,44.0,53.0,63.0,63.0,6.0,14.0,42.0,55.0,63.0,63.0,8.0,0.0,46.0,5.0,63.0,51.0,63.0,63.0,0.541759322435976,3.0330085750717095,0.6520631971300066,0.0,30.0,160.0,960790.9332047263,972413.7931034482,985338.7991319025,990354.4731130938,997492.1630094043,999131.9025801783,999758.8618278273,999903.5447311308,1000000.0,1000000.0,1000000.0,1000000.0,1000000.0,1000000.0,1000000.0,1000000.0,1000000.0,1000000.0,1000000.0,1000000.0,1000000.0,1000000.0,1000000.0,1000000.0,1000000.0,1000000.0,1000000.0,1000000.0,1000000.0,1000000.0,1000000.0,1000000.0,1000000.0,1000000.0,1000000.0,1000000.0,1000000.0,1000000.0,1000000.0,1000000.0,1000000.0,1000000.0,1000000.0,1000000.0,1000000.0,1000000.0,1000000.0,1000000.0,1000000.0,1000000.0,1000000.0,1000000.0,1000000.0,1000000.0,1000000.0,1000000.0,1000000.0,1000000.0,1000000.0,1000000.0,1000000.0,1000000.0,1000000.0,1000000.0,0.0,0.0,0.0,0.0,0.0,48.22763443453082,48.22763443453082,48.22763443453082,48.22763443453082,96.4552688690621,144.68290330359284,144.68290330359284,241.13817217265407,385.82107547624787,626.959247648901,964.5526886906189,1495.056667470457,1929.1053773812387,2893.6580660718573,4340.487099107789,6124.909573185426,8970.34000482275,12925.006028454296,17747.769471907395,26862.792380033734,40221.84711839883,64866.16831444414,96792.8623101037,156643.35664335664,243646.00916325048,370581.14299493603,424547.86592717626,693079.3344586447,809741.9821557752,907306.4866168314,947673.0166385339,975596.8169761273,988714.7335423196,995225.4641909814,997685.0735471424,998746.0815047021,999373.040752351,999758.8618278273,999855.3170966964,999951.7723655654,999951.7723655654,1000000.0,1000000.0,1000000.0,1000000.0,1000000.0,1000000.0,1000000.0,1000000.0,1000000.0,1000000.0,1000000.0,1000000.0,1000000.0,1000000.0,1000000.0,1000000.0,1000000.0,1000000.0,0.0,0.0,0.0,0.0,0.0,0.0,0.0,0.0,0.0,0.0,0.0,0.0,0.0,0.0,0.0,0.0,0.0,0.0,0.0,0.0,0.0,0.0,0.0,0.0,0.0,0.0,0.0,0.0,0.0,0.0,0.0,0.0,0.0,0.0,0.0,0.0,0.0,0.0,0.0,0.0,0.0,0.0,0.0,0.0,0.0,0.0,0.0,0.0,0.0,0.0,0.0,48.22763443453082,96.4552688690621,241.13817217265407,337.59344104171646,626.959247648901,1253.9184952978064,1736.1948396431121,4340.487099107789,7716.421509524954,18567.639257294406,38630.33518205934,92838.19628647211,1000000.0,0.0,0.0,0.0,0.0,0.0,0.0,0.0,0.0,0.0,0.0,0.0,0.0,0.0,0.0,0.0,0.0,0.0,0.0,0.0,0.0,0.0,0.0,0.0,0.0,0.0,0.0,0.0,0.0,0.0,0.0,0.0,0.0,0.0,0.0,0.0,0.0,0.0,0.0,0.0,0.0,0.0,0.0,0.0,0.0,0.0,0.0,0.0,0.0,0.0,0.0,0.0,0.0,0.0,0.0,0.0,0.0,0.0,0.0,0.0,0.0,0.0,0.0,0.0,1000000.0
FLINT,MAGNUM03,F,na,na,na,na,2025_03_11-09_22_56,na,1,53,Yes,1,na,48.22763443453082,0.0,907354.7142512661,10.0,48.5,62.0,,,,48.22763443453082,0.0,907354.7142512661,10.0,48.5,62.0,32.0,31.0,0.0,29.0,28.0,0.0,23.0,24.0,0.0,18.0,20.0,0.0,14.0,18.0,0.0,6.0,13.0,0.0,12.0,16.0,0.0,0.0,32.0,32.0,63.0,63.0,63.0,0.0,29.0,34.0,62.0,63.0,63.0,2.0,25.0,36.0,60.0,63.0,63.0,4.0,22.0,38.0,58.0,63.0,63.0,6.0,20.0,39.0,57.0,63.0,63.0,8.0,14.0,42.0,55.0,63.0,63.0,6.0,18.0,40.0,56.0,63.0,63.0,10.0,0.0,44.0,7.0,63.0,53.0,63.0,63.0,0.6365132122864937,2.7921415465969197,0.8811100733723176,0.0,30.0,160.0,943863.0335182059,961610.8029901133,980323.1251507113,988184.22956354,995852.4234386302,998408.4880636605,999565.9512900892,999710.6341933928,999951.7723655654,1000000.0,1000000.0,1000000.0,1000000.0,1000000.0,1000000.0,1000000.0,1000000.0,1000000.0,1000000.0,1000000.0,1000000.0,1000000.0,1000000.0,1000000.0,1000000.0,1000000.0,1000000.0,1000000.0,1000000.0,1000000.0,1000000.0,1000000.0,1000000.0,1000000.0,1000000.0,1000000.0,1000000.0,1000000.0,1000000.0,1000000.0,1000000.0,1000000.0,1000000.0,1000000.0,1000000.0,1000000.0,1000000.0,1000000.0,1000000.0,1000000.0,1000000.0,1000000.0,1000000.0,1000000.0,1000000.0,1000000.0,1000000.0,1000000.0,1000000.0,1000000.0,1000000.0,1000000.0,1000000.0,1000000.0,0.0,0.0,0.0,0.0,0.0,0.0,0.0,48.22763443453082,48.22763443453082,48.22763443453082,96.4552688690621,96.4552688690621,192.91053773812425,192.91053773812425,241.13817217265407,289.36580660718624,385.82107547624787,482.27634434531,819.8697853870253,1157.4632264287443,2556.0646250301406,4678.080540149494,7571.738606221362,11574.632264287418,19435.736677115998,32650.108512177485,57776.706052568086,87195.56305763198,145502.77308897997,233469.97829756443,365661.92428261385,424258.500120569,695538.9438148058,817024.3549553895,913238.4856522789,955678.803954666,982252.2305280925,993826.8627923799,997443.9353749697,998842.5367735712,999662.4065589582,999807.0894622619,1000000.0,1000000.0,1000000.0,1000000.0,1000000.0,1000000.0,1000000.0,1000000.0,1000000.0,1000000.0,1000000.0,1000000.0,1000000.0,1000000.0,1000000.0,1000000.0,1000000.0,1000000.0,1000000.0,1000000.0,1000000.0,1000000.0,0.0,0.0,0.0,0.0,0.0,0.0,0.0,0.0,0.0,0.0,0.0,0.0,0.0,0.0,0.0,0.0,0.0,0.0,0.0,0.0,0.0,0.0,0.0,0.0,0.0,0.0,0.0,0.0,0.0,0.0,0.0,0.0,0.0,0.0,0.0,0.0,0.0,0.0,0.0,0.0,0.0,0.0,0.0,0.0,0.0,0.0,0.0,0.0,0.0,0.0,0.0,0.0,0.0,96.4552688690621,144.68290330359284,337.59344104171646,771.6421509524955,2363.1540872920177,7137.689896310589,15191.704846877255,41331.08271039299,92645.28574873394,221027.24861345545,1000000.0,0.0,0.0,0.0,0.0,0.0,0.0,0.0,0.0,0.0,0.0,0.0,0.0,0.0,0.0,0.0,0.0,0.0,0.0,0.0,0.0,0.0,0.0,0.0,0.0,0.0,0.0,0.0,0.0,0.0,0.0,0.0,0.0,0.0,0.0,0.0,0.0,0.0,0.0,0.0,0.0,0.0,0.0,0.0,0.0,0.0,0.0,0.0,0.0,0.0,0.0,0.0,0.0,0.0,0.0,0.0,0.0,0.0,0.0,0.0,0.0,0.0,0.0,0.0,1000000.0
FLINT,MAGNUM03,F,na,na,na,na,2025_03_11-09_22_56,na,1,54,Yes,1,na,0.0,0.0,845816.2527128046,11.5,48.0,62.0,,,,0.0,0.0,845816.2527128046,11.5,48.0,62.0,32.0,31.0,0.0,29.0,29.0,0.0,23.0,24.0,0.0,20.0,21.0,0.0,16.0,19.0,0.0,11.0,15.0,0.0,14.0,17.0,0.0,0.0,32.0,32.0,63.0,63.0,63.0,0.0,29.0,33.0,62.0,63.0,63.0,3.0,26.0,36.0,60.0,63.0,63.0,4.0,24.0,37.0,58.0,63.0,63.0,5.0,21.0,38.0,57.0,63.0,63.0,7.0,18.0,40.0,55.0,63.0,63.0,6.0,20.0,39.0,56.0,63.0,63.0,7.0,0.0,44.0,16.0,63.0,52.0,63.0,63.0,0.6629924210991787,2.434609161937498,1.0150090944446788,0.0,30.0,160.0,933879.913190258,955871.714492404,976513.1420303833,986640.9452616348,995707.7405353268,999035.4473113093,999855.3170966964,1000000.0,1000000.0,1000000.0,1000000.0,1000000.0,1000000.0,1000000.0,1000000.0,1000000.0,1000000.0,1000000.0,1000000.0,1000000.0,1000000.0,1000000.0,1000000.0,1000000.0,1000000.0,1000000.0,1000000.0,1000000.0,1000000.0,1000000.0,1000000.0,1000000.0,1000000.0,1000000.0,1000000.0,1000000.0,1000000.0,1000000.0,1000000.0,1000000.0,1000000.0,1000000.0,1000000.0,1000000.0,1000000.0,1000000.0,1000000.0,1000000.0,1000000.0,1000000.0,1000000.0,1000000.0,1000000.0,1000000.0,1000000.0,1000000.0,1000000.0,1000000.0,1000000.0,1000000.0,1000000.0,1000000.0,1000000.0,1000000.0,0.0,0.0,0.0,0.0,0.0,0.0,0.0,0.0,0.0,0.0,0.0,0.0,0.0,0.0,0.0,0.0,48.22763443453082,96.4552688690621,289.36580660718624,482.27634434531,868.0974198215577,1398.601398601398,2700.747528333735,5160.356884494808,9597.299252471657,18953.460332770668,38533.87991319024,65010.851217747775,122932.24017361959,219725.1024837231,363684.5912707981,435977.8152881601,722257.053291536,845141.0658307209,937834.5792138894,971352.7851458886,991174.3428984808,996913.43139619,999131.9025801783,999710.6341933928,1000000.0,1000000.0,1000000.0,1000000.0,1000000.0,1000000.0,1000000.0,1000000.0,1000000.0,1000000.0,1000000.0,1000000.0,1000000.0,1000000.0,1000000.0,1000000.0,1000000.0,1000000.0,1000000.0,1000000.0,1000000.0,1000000.0,1000000.0,1000000.0,0.0,0.0,0.0,0.0,0.0,0.0,0.0,0.0,0.0,0.0,0.0,0.0,0.0,0.0,0.0,0.0,0.0,0.0,0.0,0.0,0.0,0.0,0.0,0.0,0.0,0.0,0.0,0.0,0.0,0.0,0.0,0.0,0.0,0.0,0.0,0.0,0.0,0.0,0.0,0.0,0.0,0.0,0.0,0.0,0.0,0.0,0.0,0.0,0.0,0.0,0.0,0.0,48.22763443453082,96.4552688690621,144.68290330359284,241.13817217265407,819.8697853870253,1880.8777429467057,7812.876778394019,19339.281408246912,66361.22498191468,154183.74728719547,344538.22040028934,1000000.0,0.0,0.0,0.0,0.0,0.0,0.0,0.0,0.0,0.0,0.0,0.0,0.0,0.0,0.0,0.0,0.0,0.0,0.0,0.0,0.0,0.0,0.0,0.0,0.0,0.0,0.0,0.0,0.0,0.0,0.0,0.0,0.0,0.0,0.0,0.0,0.0,0.0,0.0,0.0,0.0,0.0,0.0,0.0,0.0,0.0,0.0,0.0,0.0,0.0,0.0,0.0,0.0,0.0,0.0,0.0,0.0,0.0,0.0,0.0,0.0,0.0,0.0,0.0,1000000.0
FLINT,MAGNUM03,F,na,na,na,na,2025_03_11-09_22_56,na,1,55,Yes,1,na,0.0,0.0,940294.1885700506,10.5,48.5,62.0,,,,0.0,0.0,940294.1885700506,10.5,48.5,62.0,32.0,31.0,0.0,29.0,29.0,0.0,23.0,25.0,0.0,19.0,22.0,0.0,15.0,20.0,0.0,11.0,16.0,0.0,13.0,18.0,0.0,0.0,32.0,32.0,63.0,63.0,63.0,0.0,29.0,33.0,62.0,63.0,63.0,2.0,25.0,36.0,61.0,63.0,63.0,4.0,23.0,37.0,59.0,63.0,63.0,5.0,20.0,38.0,58.0,63.0,63.0,6.0,17.0,40.0,56.0,63.0,63.0,6.0,19.0,39.0,57.0,63.0,63.0,8.0,0.0,41.0,13.0,63.0,56.0,63.0,63.0,0.5462126086733413,2.551417868538249,0.699312922540584,0.0,30.0,160.0,956450.4461056185,971352.7851458886,985097.6609597298,990306.2454786592,997009.886665059,999517.7236556546,999951.7723655654,999951.7723655654,1000000.0,1000000.0,1000000.0,1000000.0,1000000.0,1000000.0,1000000.0,1000000.0,1000000.0,1000000.0,1000000.0,1000000.0,1000000.0,1000000.0,1000000.0,1000000.0,1000000.0,1000000.0,1000000.0,1000000.0,1000000.0,1000000.0,1000000.0,1000000.0,1000000.0,1000000.0,1000000.0,1000000.0,1000000.0,1000000.0,1000000.0,1000000.0,1000000.0,1000000.0,1000000.0,1000000.0,1000000.0,1000000.0,1000000.0,1000000.0,1000000.0,1000000.0,1000000.0,1000000.0,1000000.0,1000000.0,1000000.0,1000000.0,1000000.0,1000000.0,1000000.0,1000000.0,1000000.0,1000000.0,1000000.0,1000000.0,0.0,0.0,0.0,0.0,0.0,0.0,0.0,0.0,0.0,0.0,0.0,0.0,0.0,48.22763443453082,96.4552688690621,96.4552688690621,192.91053773812425,241.13817217265407,482.27634434531,916.3250542560885,1591.5119363395213,2845.4304316373314,4967.446346756688,8343.380757173849,13841.331082710401,25608.87388473595,47938.26862792376,80684.83240897034,139619.00168796725,245478.6592717627,389534.60332770675,465589.58283096214,739233.1806124909,852809.2597058114,941306.968893176,973330.1181577044,989920.4244031829,996865.2037617555,998987.2196768748,999565.9512900892,999903.5447311308,1000000.0,1000000.0,1000000.0,1000000.0,1000000.0,1000000.0,1000000.0,1000000.0,1000000.0,1000000.0,1000000.0,1000000.0,1000000.0,1000000.0,1000000.0,1000000.0,1000000.0,1000000.0,1000000.0,1000000.0,1000000.0,1000000.0,1000000.0,0.0,0.0,0.0,0.0,0.0,0.0,0.0,0.0,0.0,0.0,0.0,0.0,0.0,0.0,0.0,0.0,0.0,0.0,0.0,0.0,0.0,0.0,0.0,0.0,0.0,0.0,0.0,0.0,0.0,0.0,0.0,0.0,0.0,0.0,0.0,0.0,0.0,0.0,0.0,0.0,0.0,0.0,0.0,0.0,0.0,0.0,0.0,0.0,0.0,0.0,0.0,0.0,0.0,0.0,0.0,0.0,434.04870991077877,1012.7803231251486,3617.07258258982,7234.145165179647,22474.077646491416,59705.811429949295,164842.05449722696,1000000.0,0.0,0.0,0.0,0.0,0.0,0.0,0.0,0.0,0.0,0.0,0.0,0.0,0.0,0.0,0.0,0.0,0.0,0.0,0.0,0.0,0.0,0.0,0.0,0.0,0.0,0.0,0.0,0.0,0.0,0.0,0.0,0.0,0.0,0.0,0.0,0.0,0.0,0.0,0.0,0.0,0.0,0.0,0.0,0.0,0.0,0.0,0.0,0.0,0.0,0.0,0.0,0.0,0.0,0.0,0.0,0.0,0.0,0.0,0.0,0.0,0.0,0.0,0.0,1000000.0
FLINT,MAGNUM03,F,na,na,na,na,2025_03_11-09_22_56,na,1,56,Yes,1,na,0.0,0.0,851410.6583072101,13.0,49.0,62.0,,,,0.0,0.0,851410.6583072101,13.0,49.0,62.0,32.0,31.0,0.0,30.0,28.0,0.0,24.0,24.0,0.0,21.0,22.0,0.0,18.0,20.0,0.0,14.0,17.0,0.0,16.0,20.0,0.0,0.0,32.0,32.0,63.0,63.0,63.0,0.0,30.0,34.0,62.0,63.0,63.0,3.0,27.0,36.0,60.0,63.0,63.0,4.0,25.0,37.0,59.0,63.0,63.0,5.0,23.0,38.0,58.0,63.0,63.0,6.0,20.0,40.0,57.0,63.0,63.0,6.0,22.0,38.0,58.0,63.0,63.0,7.0,0.0,42.0,19.0,63.0,56.0,63.0,63.0,0.698538917958232,2.1348534143316678,0.8995540284588659,0.0,30.0,160.0,921340.7282372798,948107.0653484446,973281.8905232698,984518.9293465156,996527.6103207137,999131.9025801783,1000000.0,1000000.0,1000000.0,1000000.0,1000000.0,1000000.0,1000000.0,1000000.0,1000000.0,1000000.0,1000000.0,1000000.0,1000000.0,1000000.0,1000000.0,1000000.0,1000000.0,1000000.0,1000000.0,1000000.0,1000000.0,1000000.0,1000000.0,1000000.0,1000000.0,1000000.0,1000000.0,1000000.0,1000000.0,1000000.0,1000000.0,1000000.0,1000000.0,1000000.0,1000000.0,1000000.0,1000000.0,1000000.0,1000000.0,1000000.0,1000000.0,1000000.0,1000000.0,1000000.0,1000000.0,1000000.0,1000000.0,1000000.0,1000000.0,1000000.0,1000000.0,1000000.0,1000000.0,1000000.0,1000000.0,1000000.0,1000000.0,1000000.0,0.0,0.0,0.0,0.0,0.0,0.0,0.0,0.0,0.0,0.0,0.0,0.0,0.0,0.0,0.0,0.0,0.0,0.0,0.0,48.22763443453082,289.36580660718624,337.59344104171646,819.8697853870253,1639.7395707740552,3279.479141548107,6558.958283096219,14902.339040270084,28647.21485411141,66747.04605739088,136628.88835302638,260380.99831203275,354666.0236315409,639353.7496985773,793055.2206414276,920617.3137207619,970581.142994936,992283.578490475,997733.301181577,999565.9512900892,999855.3170966964,999951.7723655654,1000000.0,1000000.0,1000000.0,1000000.0,1000000.0,1000000.0,1000000.0,1000000.0,1000000.0,1000000.0,1000000.0,1000000.0,1000000.0,1000000.0,1000000.0,1000000.0,1000000.0,1000000.0,1000000.0,1000000.0,1000000.0,1000000.0,1000000.0,0.0,0.0,0.0,0.0,0.0,0.0,0.0,0.0,0.0,0.0,0.0,0.0,0.0,0.0,0.0,0.0,0.0,0.0,0.0,0.0,0.0,0.0,0.0,0.0,0.0,0.0,0.0,0.0,0.0,0.0,0.0,0.0,0.0,0.0,0.0,0.0,0.0,0.0,0.0,0.0,0.0,0.0,0.0,0.0,0.0,0.0,0.0,0.0,0.0,0.0,0.0,0.0,0.0,0.0,0.0,0.0,48.22763443453082,337.59344104171646,2073.7882806848356,8150.470219435744,50156.739811912215,148589.34169278992,380274.89751627675,1000000.0,0.0,0.0,0.0,0.0,0.0,0.0,0.0,0.0,0.0,0.0,0.0,0.0,0.0,0.0,0.0,0.0,0.0,0.0,0.0,0.0,0.0,0.0,0.0,0.0,0.0,0.0,0.0,0.0,0.0,0.0,0.0,0.0,0.0,0.0,0.0,0.0,0.0,0.0,0.0,0.0,0.0,0.0,0.0,0.0,0.0,0.0,0.0,0.0,0.0,0.0,0.0,0.0,0.0,0.0,0.0,0.0,0.0,0.0,0.0,0.0,0.0,0.0,0.0,1000000.0
FLINT,MAGNUM03,F,na,na,na,na,2025_03_11-09_22_56,na,1,57,Yes,1,na,0.0,0.0,737207.6199662407,12.0,48.0,62.0,,,,0.0,0.0,737207.6199662407,12.0,48.0,62.0,32.0,30.0,1.0,29.0,27.0,0.0,22.0,23.0,0.0,20.0,21.0,0.0,17.0,19.0,0.0,14.0,16.0,0.0,15.0,17.0,0.0,0.0,32.0,32.0,62.0,62.0,63.0,0.0,29.0,34.0,61.0,63.0,63.0,4.0,26.0,36.0,59.0,63.0,63.0,5.0,25.0,37.0,58.0,63.0,63.0,5.0,22.0,38.0,57.0,63.0,63.0,6.0,20.0,40.0,56.0,63.0,63.0,6.0,21.0,39.0,56.0,63.0,63.0,7.0,0.0,41.0,17.0,63.0,55.0,63.0,63.0,0.8404026273251375,2.302421576151071,1.1579136262759082,0.0,30.0,160.0,889799.8553170966,924861.3455510007,962044.8517000242,976609.5972992524,992765.8548348203,998746.0815047021,999903.5447311308,1000000.0,1000000.0,1000000.0,1000000.0,1000000.0,1000000.0,1000000.0,1000000.0,1000000.0,1000000.0,1000000.0,1000000.0,1000000.0,1000000.0,1000000.0,1000000.0,1000000.0,1000000.0,1000000.0,1000000.0,1000000.0,1000000.0,1000000.0,1000000.0,1000000.0,1000000.0,1000000.0,1000000.0,1000000.0,1000000.0,1000000.0,1000000.0,1000000.0,1000000.0,1000000.0,1000000.0,1000000.0,1000000.0,1000000.0,1000000.0,1000000.0,1000000.0,1000000.0,1000000.0,1000000.0,1000000.0,1000000.0,1000000.0,1000000.0,1000000.0,1000000.0,1000000.0,1000000.0,1000000.0,1000000.0,1000000.0,1000000.0,0.0,0.0,0.0,0.0,0.0,0.0,0.0,0.0,0.0,0.0,0.0,0.0,0.0,0.0,0.0,0.0,0.0,48.22763443453082,96.4552688690621,192.91053773812425,289.36580660718624,626.959247648901,1687.967205208584,2990.1133349409165,5980.226669881832,11671.08753315649,24981.91463708706,47600.675186882094,95780.08198697852,183843.74246443214,319025.8017844224,384422.47407764645,680202.556064625,820544.9722691101,928864.2392090668,970677.598263805,991994.2126838678,997540.3906438388,999517.7236556546,999807.0894622619,999903.5447311308,1000000.0,1000000.0,1000000.0,1000000.0,1000000.0,1000000.0,1000000.0,1000000.0,1000000.0,1000000.0,1000000.0,1000000.0,1000000.0,1000000.0,1000000.0,1000000.0,1000000.0,1000000.0,1000000.0,1000000.0,1000000.0,1000000.0,1000000.0,0.0,0.0,0.0,0.0,0.0,0.0,0.0,0.0,0.0,0.0,0.0,0.0,0.0,0.0,0.0,0.0,0.0,0.0,0.0,0.0,0.0,0.0,0.0,0.0,0.0,0.0,0.0,0.0,0.0,0.0,0.0,0.0,0.0,0.0,0.0,0.0,0.0,0.0,0.0,0.0,0.0,0.0,0.0,0.0,0.0,0.0,0.0,0.0,0.0,0.0,0.0,0.0,0.0,0.0,0.0,96.4552688690621,626.959247648901,2170.2435495538875,10320.71376898964,29081.263564022156,115312.27393296373,262792.38003375934,508174.58403665293,1000000.0,0.0,0.0,0.0,0.0,0.0,0.0,0.0,0.0,0.0,0.0,0.0,0.0,0.0,0.0,0.0,0.0,0.0,0.0,0.0,0.0,0.0,0.0,0.0,0.0,0.0,0.0,0.0,0.0,0.0,0.0,0.0,0.0,0.0,0.0,0.0,0.0,0.0,0.0,0.0,0.0,0.0,0.0,0.0,0.0,0.0,0.0,0.0,0.0,0.0,0.0,0.0,0.0,0.0,0.0,0.0,0.0,0.0,0.0,0.0,0.0,0.0,0.0,0.0,1000000.0
FLINT,MAGNUM03,F,na,na,na,na,2025_03_11-09_22_56,na,1,58,Yes,1,na,0.0,0.0,913093.8027489751,12.5,46.0,62.0,,,,0.0,0.0,913093.8027489751,12.5,46.0,62.0,32.0,31.0,0.0,29.0,28.0,0.0,24.0,24.0,0.0,21.0,22.0,0.0,17.0,20.0,0.0,14.0,17.0,0.0,15.0,18.0,0.0,0.0,32.0,32.0,63.0,63.0,63.0,0.0,29.0,34.0,62.0,63.0,63.0,2.0,26.0,36.0,60.0,63.0,63.0,4.0,25.0,37.0,59.0,63.0,63.0,5.0,22.0,38.0,58.0,63.0,63.0,6.0,20.0,40.0,57.0,63.0,63.0,6.0,21.0,39.0,57.0,63.0,63.0,8.0,0.0,40.0,17.0,63.0,52.0,63.0,63.0,0.569848316833065,2.299825108332917,0.7768313484006685,0.0,30.0,160.0,949939.7154569568,966867.6151434772,983313.2384856523,990113.3349409212,997395.7077405354,999180.1302146129,1000000.0,1000000.0,1000000.0,1000000.0,1000000.0,1000000.0,1000000.0,1000000.0,1000000.0,1000000.0,1000000.0,1000000.0,1000000.0,1000000.0,1000000.0,1000000.0,1000000.0,1000000.0,1000000.0,1000000.0,1000000.0,1000000.0,1000000.0,1000000.0,1000000.0,1000000.0,1000000.0,1000000.0,1000000.0,1000000.0,1000000.0,1000000.0,1000000.0,1000000.0,1000000.0,1000000.0,1000000.0,1000000.0,1000000.0,1000000.0,1000000.0,1000000.0,1000000.0,1000000.0,1000000.0,1000000.0,1000000.0,1000000.0,1000000.0,1000000.0,1000000.0,1000000.0,1000000.0,1000000.0,1000000.0,1000000.0,1000000.0,1000000.0,0.0,0.0,0.0,0.0,0.0,0.0,0.0,0.0,0.0,0.0,0.0,0.0,0.0,0.0,0.0,0.0,0.0,48.22763443453082,144.68290330359284,192.91053773812425,385.82107547624787,1012.7803231251486,1784.4224740776426,2990.1133349409165,5883.771401012779,11188.811188811189,24981.91463708706,46009.16325054253,97275.13865444892,182686.2792380034,325150.71135760786,424547.86592717626,689606.9447793586,825560.6462503014,929153.6050156739,968700.2652519894,991704.8468772606,997443.9353749697,999469.4960212201,999758.8618278273,1000000.0,1000000.0,1000000.0,1000000.0,1000000.0,1000000.0,1000000.0,1000000.0,1000000.0,1000000.0,1000000.0,1000000.0,1000000.0,1000000.0,1000000.0,1000000.0,1000000.0,1000000.0,1000000.0,1000000.0,1000000.0,1000000.0,1000000.0,1000000.0,0.0,0.0,0.0,0.0,0.0,0.0,0.0,0.0,0.0,0.0,0.0,0.0,0.0,0.0,0.0,0.0,0.0,0.0,0.0,0.0,0.0,0.0,0.0,0.0,0.0,0.0,0.0,0.0,0.0,0.0,0.0,0.0,0.0,0.0,0.0,0.0,0.0,0.0,0.0,0.0,0.0,0.0,0.0,0.0,0.0,0.0,0.0,0.0,0.0,0.0,0.0,0.0,48.22763443453082,48.22763443453082,48.22763443453082,96.4552688690621,144.68290330359284,675.1868820834334,2556.0646250301406,7427.055702917767,29418.857005063877,86906.19725102489,248324.08970340004,1000000.0,0.0,0.0,0.0,0.0,0.0,0.0,0.0,0.0,0.0,0.0,0.0,0.0,0.0,0.0,0.0,0.0,0.0,0.0,0.0,0.0,0.0,0.0,0.0,0.0,0.0,0.0,0.0,0.0,0.0,0.0,0.0,0.0,0.0,0.0,0.0,0.0,0.0,0.0,0.0,0.0,0.0,0.0,0.0,0.0,0.0,0.0,0.0,0.0,0.0,0.0,0.0,0.0,0.0,0.0,0.0,0.0,0.0,0.0,0.0,0.0,0.0,0.0,0.0,1000000.0
FLINT,MAGNUM03,F,na,na,na,na,2025_03_11-09_22_56,na,1,59,Yes,1,na,0.0,0.0,791126.1152640464,10.5,50.5,62.0,,,,0.0,0.0,791126.1152640464,10.5,50.5,62.0,32.0,31.0,0.0,29.0,27.0,0.0,23.0,23.0,0.0,20.0,21.0,0.0,17.0,19.0,0.0,13.0,16.0,0.0,15.0,18.0,0.0,0.0,32.0,32.0,63.0,63.0,63.0,0.0,29.0,34.0,61.0,63.0,63.0,3.0,26.0,36.0,59.0,63.0,63.0,4.0,24.0,37.0,58.0,63.0,63.0,5.0,22.0,38.0,57.0,63.0,63.0,6.0,19.0,40.0,56.0,63.0,63.0,6.0,21.0,39.0,57.0,63.0,63.0,8.0,0.0,47.0,13.0,63.0,54.0,63.0,63.0,0.6692802347352746,2.3985447478610444,1.0963565340189292,0.0,30.0,160.0,930118.1577043646,952254.6419098142,975741.4998794309,987171.4492404147,996141.7892452375,999131.9025801783,999903.5447311308,999951.7723655654,1000000.0,1000000.0,1000000.0,1000000.0,1000000.0,1000000.0,1000000.0,1000000.0,1000000.0,1000000.0,1000000.0,1000000.0,1000000.0,1000000.0,1000000.0,1000000.0,1000000.0,1000000.0,1000000.0,1000000.0,1000000.0,1000000.0,1000000.0,1000000.0,1000000.0,1000000.0,1000000.0,1000000.0,1000000.0,1000000.0,1000000.0,1000000.0,1000000.0,1000000.0,1000000.0,1000000.0,1000000.0,1000000.0,1000000.0,1000000.0,1000000.0,1000000.0,1000000.0,1000000.0,1000000.0,1000000.0,1000000.0,1000000.0,1000000.0,1000000.0,1000000.0,1000000.0,1000000.0,1000000.0,1000000.0,1000000.0,0.0,0.0,0.0,0.0,0.0,0.0,0.0,0.0,0.0,0.0,0.0,0.0,0.0,48.22763443453082,48.22763443453082,48.22763443453082,48.22763443453082,144.68290330359284,192.91053773812425,241.13817217265407,385.82107547624787,916.3250542560885,2170.2435495538875,3906.438389197008,8102.242585001196,15191.704846877255,33759.34410417167,60766.81938750905,115987.4608150469,203520.61731372066,344393.53749698575,445719.79744393536,700072.3414516518,829563.5399083674,932143.7183506148,971401.012780323,991029.6599951772,997588.6182782734,999421.2683867855,999758.8618278273,1000000.0,1000000.0,1000000.0,1000000.0,1000000.0,1000000.0,1000000.0,1000000.0,1000000.0,1000000.0,1000000.0,1000000.0,1000000.0,1000000.0,1000000.0,1000000.0,1000000.0,1000000.0,1000000.0,1000000.0,1000000.0,1000000.0,1000000.0,1000000.0,0.0,0.0,0.0,0.0,0.0,0.0,0.0,0.0,0.0,0.0,0.0,0.0,0.0,0.0,0.0,0.0,0.0,0.0,0.0,0.0,0.0,0.0,0.0,0.0,0.0,0.0,0.0,0.0,0.0,0.0,0.0,0.0,0.0,0.0,0.0,0.0,0.0,0.0,0.0,0.0,0.0,0.0,0.0,0.0,0.0,0.0,0.0,0.0,0.0,0.0,0.0,0.0,0.0,0.0,48.22763443453082,192.91053773812425,530.5039787798403,2218.471183988428,8488.063660477448,25271.280443694228,87677.83940197733,208873.88473595364,427441.52399324806,1000000.0,0.0,0.0,0.0,0.0,0.0,0.0,0.0,0.0,0.0,0.0,0.0,0.0,0.0,0.0,0.0,0.0,0.0,0.0,0.0,0.0,0.0,0.0,0.0,0.0,0.0,0.0,0.0,0.0,0.0,0.0,0.0,0.0,0.0,0.0,0.0,0.0,0.0,0.0,0.0,0.0,0.0,0.0,0.0,0.0,0.0,0.0,0.0,0.0,0.0,0.0,0.0,0.0,0.0,0.0,0.0,0.0,0.0,0.0,0.0,0.0,0.0,0.0,0.0,1000000.0
FLINT,MAGNUM03,F,na,na,na,na,2025_03_11-09_22_56,na,1,60,Yes,1,na,0.0,0.0,995852.4234386303,13.5,51.5,62.0,,,,0.0,0.0,995852.4234386303,13.5,51.5,62.0,32.0,31.0,0.0,29.0,29.0,0.0,26.0,27.0,0.0,23.0,25.0,0.0,18.0,23.0,0.0,13.0,20.0,0.0,16.0,20.0,0.0,0.0,32.0,32.0,63.0,63.0,63.0,0.0,29.0,34.0,63.0,63.0,63.0,0.0,26.0,36.0,63.0,63.0,63.0,2.0,25.0,37.0,62.0,63.0,63.0,4.0,22.0,38.0,61.0,63.0,63.0,6.0,19.0,40.0,60.0,63.0,63.0,5.0,21.0,40.0,60.0,63.0,63.0,9.0,0.0,45.0,18.0,63.0,58.0,63.0,63.0,0.3467425178910086,2.3823001786343787,0.19611196950113144,0.0,30.0,160.0,982348.6857969615,989341.6927899687,994116.2285989872,995852.4234386302,999083.6749457439,999855.3170966964,1000000.0,1000000.0,1000000.0,1000000.0,1000000.0,1000000.0,1000000.0,1000000.0,1000000.0,1000000.0,1000000.0,1000000.0,1000000.0,1000000.0,1000000.0,1000000.0,1000000.0,1000000.0,1000000.0,1000000.0,1000000.0,1000000.0,1000000.0,1000000.0,1000000.0,1000000.0,1000000.0,1000000.0,1000000.0,1000000.0,1000000.0,1000000.0,1000000.0,1000000.0,1000000.0,1000000.0,1000000.0,1000000.0,1000000.0,1000000.0,1000000.0,1000000.0,1000000.0,1000000.0,1000000.0,1000000.0,1000000.0,1000000.0,1000000.0,1000000.0,1000000.0,1000000.0,1000000.0,1000000.0,1000000.0,1000000.0,1000000.0,1000000.0,0.0,0.0,0.0,0.0,0.0,0.0,0.0,0.0,0.0,0.0,0.0,0.0,0.0,0.0,0.0,0.0,0.0,0.0,48.22763443453082,241.13817217265407,530.5039787798403,819.8697853870253,1736.1948396431121,2652.5198938992025,5353.267422232942,10658.30721003135,23679.768507354696,45044.61056185197,91536.05015673982,180516.03568844948,316228.5989872197,404292.25946467323,664335.6643356642,794791.4154810706,907836.9905956112,954907.1618037135,986255.1241861585,996093.561610803,998794.3091391367,999517.7236556546,999903.5447311308,999951.7723655654,1000000.0,1000000.0,1000000.0,1000000.0,1000000.0,1000000.0,1000000.0,1000000.0,1000000.0,1000000.0,1000000.0,1000000.0,1000000.0,1000000.0,1000000.0,1000000.0,1000000.0,1000000.0,1000000.0,1000000.0,1000000.0,1000000.0,0.0,0.0,0.0,0.0,0.0,0.0,0.0,0.0,0.0,0.0,0.0,0.0,0.0,0.0,0.0,0.0,0.0,0.0,0.0,0.0,0.0,0.0,0.0,0.0,0.0,0.0,0.0,0.0,0.0,0.0,0.0,0.0,0.0,0.0,0.0,0.0,0.0,0.0,0.0,0.0,0.0,0.0,0.0,0.0,0.0,0.0,0.0,0.0,0.0,0.0,0.0,0.0,0.0,0.0,0.0,0.0,0.0,0.0,48.22763443453082,144.68290330359284,1012.7803231251486,4147.576561369663,20159.151193633927,1000000.0,0.0,0.0,0.0,0.0,0.0,0.0,0.0,0.0,0.0,0.0,0.0,0.0,0.0,0.0,0.0,0.0,0.0,0.0,0.0,0.0,0.0,0.0,0.0,0.0,0.0,0.0,0.0,0.0,0.0,0.0,0.0,0.0,0.0,0.0,0.0,0.0,0.0,0.0,0.0,0.0,0.0,0.0,0.0,0.0,0.0,0.0,0.0,0.0,0.0,0.0,0.0,0.0,0.0,0.0,0.0,0.0,0.0,0.0,0.0,0.0,0.0,0.0,0.0,1000000.0
FLINT,MAGNUM03,F,na,na,na,na,2025_03_11-09_22_56,na,1,61,Yes,1,na,0.0,0.0,974439.3537496986,13.0,54.5,62.0,,,,0.0,0.0,974439.3537496986,13.0,54.5,62.0,32.0,31.0,0.0,29.0,29.0,0.0,24.0,25.0,0.0,21.0,23.0,0.0,17.0,21.0,0.0,15.0,18.0,0.0,15.0,20.0,0.0,0.0,32.0,32.0,63.0,63.0,63.0,0.0,29.0,34.0,63.0,63.0,63.0,2.0,26.0,36.0,61.0,63.0,63.0,4.0,25.0,37.0,60.0,63.0,63.0,5.0,22.0,38.0,59.0,63.0,63.0,6.0,21.0,40.0,58.0,63.0,63.0,6.0,21.0,38.0,58.0,63.0,63.0,8.0,0.0,52.0,18.0,63.0,57.0,63.0,63.0,0.488974152567686,2.283219776444838,0.4655583851511154,0.0,30.0,160.0,964600.9163250541,977043.6460091631,987798.4084880636,992524.7166626477,998119.1222570533,999324.8131179166,999951.7723655654,1000000.0,1000000.0,1000000.0,1000000.0,1000000.0,1000000.0,1000000.0,1000000.0,1000000.0,1000000.0,1000000.0,1000000.0,1000000.0,1000000.0,1000000.0,1000000.0,1000000.0,1000000.0,1000000.0,1000000.0,1000000.0,1000000.0,1000000.0,1000000.0,1000000.0,1000000.0,1000000.0,1000000.0,1000000.0,1000000.0,1000000.0,1000000.0,1000000.0,1000000.0,1000000.0,1000000.0,1000000.0,1000000.0,1000000.0,1000000.0,1000000.0,1000000.0,1000000.0,1000000.0,1000000.0,1000000.0,1000000.0,1000000.0,1000000.0,1000000.0,1000000.0,1000000.0,1000000.0,1000000.0,1000000.0,1000000.0,1000000.0,0.0,0.0,0.0,0.0,0.0,0.0,0.0,0.0,0.0,0.0,0.0,0.0,0.0,0.0,0.0,0.0,0.0,0.0,144.68290330359284,192.91053773812425,192.91053773812425,626.959247648901,1398.601398601398,2700.747528333735,5835.543766578246,11574.632264287418,25850.012056908607,47118.398842536764,97082.22811671092,180419.58041958034,315987.46081504703,391174.34289848077,692307.6923076923,827682.6621654207,932288.4012539185,971208.1022425849,992187.123221606,997829.756450446,999614.1789245236,999758.8618278273,999903.5447311308,999951.7723655654,1000000.0,1000000.0,1000000.0,1000000.0,1000000.0,1000000.0,1000000.0,1000000.0,1000000.0,1000000.0,1000000.0,1000000.0,1000000.0,1000000.0,1000000.0,1000000.0,1000000.0,1000000.0,1000000.0,1000000.0,1000000.0,1000000.0,0.0,0.0,0.0,0.0,0.0,0.0,0.0,0.0,0.0,0.0,0.0,0.0,0.0,0.0,0.0,0.0,0.0,0.0,0.0,0.0,0.0,0.0,0.0,0.0,0.0,0.0,0.0,0.0,0.0,0.0,0.0,0.0,0.0,0.0,0.0,0.0,0.0,0.0,0.0,0.0,0.0,0.0,0.0,0.0,0.0,0.0,0.0,0.0,0.0,0.0,0.0,0.0,0.0,0.0,0.0,0.0,0.0,192.91053773812425,771.6421509524955,1687.967205208584,7764.649143959485,25560.646250301426,98432.60188087772,1000000.0,0.0,0.0,0.0,0.0,0.0,0.0,0.0,0.0,0.0,0.0,0.0,0.0,0.0,0.0,0.0,0.0,0.0,0.0,0.0,0.0,0.0,0.0,0.0,0.0,0.0,0.0,0.0,0.0,0.0,0.0,0.0,0.0,0.0,0.0,0.0,0.0,0.0,0.0,0.0,0.0,0.0,0.0,0.0,0.0,0.0,0.0,0.0,0.0,0.0,0.0,0.0,0.0,0.0,0.0,0.0,0.0,0.0,0.0,0.0,0.0,0.0,0.0,0.0,1000000.0
FLINT,MAGNUM03,F,na,na,na,na,2025_03_11-09_22_56,na,1,62,Yes,1,na,0.0,0.0,998794.3091391367,11.5,49.5,62.0,,,,0.0,0.0,998794.3091391367,11.5,49.5,62.0,32.0,31.0,0.0,29.0,30.0,0.0,26.0,27.0,0.0,21.0,25.0,0.0,18.0,24.0,0.0,12.0,21.0,0.0,15.0,22.0,0.0,0.0,32.0,32.0,63.0,63.0,63.0,0.0,29.0,33.0,63.0,63.0,63.0,0.0,26.0,36.0,63.0,63.0,63.0,3.0,24.0,37.0,62.0,63.0,63.0,4.0,22.0,38.0,62.0,63.0,63.0,6.0,18.0,40.0,61.0,63.0,63.0,5.0,20.0,39.0,61.0,63.0,63.0,8.0,0.0,43.0,15.0,63.0,56.0,63.0,63.0,0.38721342109947227,2.373509606517803,0.12152226618895083,0.0,30.0,160.0,979455.0277308897,985194.116228599,992331.8061249095,995080.7812876777,998890.7644080058,999855.3170966964,1000000.0,1000000.0,1000000.0,1000000.0,1000000.0,1000000.0,1000000.0,1000000.0,1000000.0,1000000.0,1000000.0,1000000.0,1000000.0,1000000.0,1000000.0,1000000.0,1000000.0,1000000.0,1000000.0,1000000.0,1000000.0,1000000.0,1000000.0,1000000.0,1000000.0,1000000.0,1000000.0,1000000.0,1000000.0,1000000.0,1000000.0,1000000.0,1000000.0,1000000.0,1000000.0,1000000.0,1000000.0,1000000.0,1000000.0,1000000.0,1000000.0,1000000.0,1000000.0,1000000.0,1000000.0,1000000.0,1000000.0,1000000.0,1000000.0,1000000.0,1000000.0,1000000.0,1000000.0,1000000.0,1000000.0,1000000.0,1000000.0,1000000.0,0.0,0.0,0.0,0.0,0.0,0.0,0.0,0.0,0.0,0.0,0.0,0.0,0.0,0.0,0.0,96.4552688690621,96.4552688690621,144.68290330359284,241.13817217265407,337.59344104171646,675.1868820834334,1302.1461297323344,2748.975162768264,4629.85290571497,9115.022908126357,17554.858934169293,34338.07571738605,58644.80347238967,121581.86640945256,206414.2753797926,351675.91029659996,438871.4733542319,722449.9638292742,846394.9843260188,943766.5782493367,974680.4919218712,992765.8548348203,997299.2524716662,999373.040752351,999758.8618278273,999903.5447311308,999951.7723655654,1000000.0,1000000.0,1000000.0,1000000.0,1000000.0,1000000.0,1000000.0,1000000.0,1000000.0,1000000.0,1000000.0,1000000.0,1000000.0,1000000.0,1000000.0,1000000.0,1000000.0,1000000.0,1000000.0,1000000.0,1000000.0,1000000.0,0.0,0.0,0.0,0.0,0.0,0.0,0.0,0.0,0.0,0.0,0.0,0.0,0.0,0.0,0.0,0.0,0.0,0.0,0.0,0.0,0.0,0.0,0.0,0.0,0.0,0.0,0.0,0.0,0.0,0.0,0.0,0.0,0.0,0.0,0.0,0.0,0.0,0.0,0.0,0.0,0.0,0.0,0.0,0.0,0.0,0.0,0.0,0.0,0.0,0.0,0.0,0.0,0.0,0.0,0.0,0.0,48.22763443453082,48.22763443453082,96.4552688690621,96.4552688690621,192.91053773812425,1205.690860863273,7571.738606221362,1000000.0,0.0,0.0,0.0,0.0,0.0,0.0,0.0,0.0,0.0,0.0,0.0,0.0,0.0,0.0,0.0,0.0,0.0,0.0,0.0,0.0,0.0,0.0,0.0,0.0,0.0,0.0,0.0,0.0,0.0,0.0,0.0,0.0,0.0,0.0,0.0,0.0,0.0,0.0,0.0,0.0,0.0,0.0,0.0,0.0,0.0,0.0,0.0,0.0,0.0,0.0,0.0,0.0,0.0,0.0,0.0,0.0,0.0,0.0,0.0,0.0,0.0,0.0,0.0,1000000.0
FLINT,MAGNUM03,F,na,na,na,na,2025_03_11-09_22_56,na,1,63,Yes,1,na,0.0,48.22763443457198,507451.16952013504,14.0,51.0,62.0,,,,0.0,48.22763443457198,507981.67349891487,14.0,51.0,62.0,31.0,31.0,1.0,29.0,27.0,0.0,23.0,23.0,0.0,21.0,21.0,0.0,18.0,18.0,0.0,16.0,6.0,-3.0,17.0,11.0,-1.0,0.0,31.0,31.0,62.0,62.0,63.0,0.0,29.0,33.0,60.0,63.0,63.0,3.0,26.0,35.0,58.0,63.0,63.0,4.0,25.0,36.0,57.0,63.0,63.0,5.0,23.0,38.0,56.0,63.0,63.0,6.0,22.0,49.0,55.0,63.0,60.0,6.0,23.0,45.0,56.0,63.0,62.0,7.0,0.0,54.0,21.0,63.0,54.0,63.0,58.0,0.7733135439875605,2.1892305253987945,1.4154126739068649,0.06363255921693965,30.0,160.0,906438.3891970098,937400.5305039788,966047.7453580903,981239.4502049674,994791.4154810706,998890.7644080058,999951.7723655654,1000000.0,1000000.0,1000000.0,1000000.0,1000000.0,1000000.0,1000000.0,1000000.0,1000000.0,1000000.0,1000000.0,1000000.0,1000000.0,1000000.0,1000000.0,1000000.0,1000000.0,1000000.0,1000000.0,1000000.0,1000000.0,1000000.0,1000000.0,1000000.0,1000000.0,1000000.0,1000000.0,1000000.0,1000000.0,1000000.0,1000000.0,1000000.0,1000000.0,1000000.0,1000000.0,1000000.0,1000000.0,1000000.0,1000000.0,1000000.0,1000000.0,1000000.0,1000000.0,1000000.0,1000000.0,1000000.0,1000000.0,1000000.0,1000000.0,1000000.0,1000000.0,1000000.0,1000000.0,1000000.0,1000000.0,1000000.0,1000000.0,0.0,0.0,0.0,0.0,0.0,0.0,0.0,0.0,0.0,0.0,0.0,0.0,0.0,0.0,0.0,0.0,0.0,0.0,0.0,0.0,0.0,48.22763443453082,434.04870991077877,1446.829033035929,4340.487099107789,10417.169037858685,26091.150229081253,51796.47938268629,117578.97275138651,234048.70991077885,406366.0477453581,527224.4996382928,781480.5883771401,890475.0421991801,960453.3397636845,986448.0347238968,996431.1550518447,998263.8051603568,999083.6749457439,999180.1302146129,999276.585483482,999373.040752351,999373.040752351,999373.040752351,999517.7236556546,999662.4065589582,999662.4065589582,999710.6341933928,999855.3170966964,999951.7723655654,999951.7723655654,1000000.0,1000000.0,1000000.0,1000000.0,1000000.0,1000000.0,1000000.0,1000000.0,1000000.0,1000000.0,1000000.0,1000000.0,1000000.0,0.0,0.0,0.0,0.0,0.0,0.0,0.0,0.0,0.0,0.0,0.0,0.0,0.0,0.0,0.0,0.0,0.0,0.0,0.0,0.0,0.0,0.0,0.0,0.0,0.0,0.0,0.0,0.0,0.0,0.0,0.0,0.0,0.0,0.0,0.0,0.0,0.0,0.0,0.0,0.0,0.0,0.0,0.0,0.0,0.0,0.0,0.0,0.0,0.0,0.0,0.0,0.0,0.0,0.0,144.68290330359284,385.82107547624787,2893.6580660718573,10368.941403424169,40511.21292500604,98963.10585965756,264142.7537979262,492548.8304798649,752929.8287918977,1000000.0,0.0,0.0,0.0,0.0,0.0,0.0,0.0,0.0,0.0,0.0,0.0,0.0,0.0,0.0,0.0,0.0,0.0,0.0,0.0,0.0,0.0,0.0,0.0,0.0,0.0,0.0,0.0,0.0,0.0,0.0,0.0,0.0,0.0,0.0,0.0,0.0,0.0,0.0,0.0,0.0,0.0,0.0,0.0,0.0,0.0,0.0,0.0,0.0,0.0,0.0,0.0,0.0,0.0,0.0,0.0,0.0,0.0,0.0,48.22763443453082,96.4552688690621,241.13817217265407,385.82107547624787,578.7316132143711,1000000.0
FLINT,MAGNUM03,F,na,na,na,na,2025_03_11-09_22_56,na,1,64,Yes,1,na,0.0,0.0,0.0,14.0,51.0,0.0,,,,0.0,0.0,0.0,14.0,51.0,0.0,32.0,31.0,0.0,30.0,27.0,0.0,24.0,25.0,0.0,22.0,23.0,0.0,19.0,21.0,0.0,16.0,18.0,0.0,17.0,20.0,0.0,0.0,32.0,32.0,63.0,63.0,63.0,0.0,30.0,34.0,61.0,63.0,63.0,3.0,27.0,35.0,60.0,63.0,63.0,4.0,26.0,36.0,59.0,63.0,63.0,5.0,24.0,37.0,58.0,63.0,63.0,6.0,22.0,39.0,57.0,63.0,63.0,6.0,23.0,38.0,58.0,63.0,63.0,8.0,0.0,46.0,20.0,63.0,56.0,63.0,0.0,0.7044495250608507,2.0350678207285835,1.0135835948884269,0.4374894505865458,30.0,160.0,920569.0860863273,948203.5206173137,972944.2970822281,985145.8885941644,995659.5129008922,999083.6749457439,999903.5447311308,999951.7723655654,1000000.0,1000000.0,1000000.0,1000000.0,1000000.0,1000000.0,1000000.0,1000000.0,1000000.0,1000000.0,1000000.0,1000000.0,1000000.0,1000000.0,1000000.0,1000000.0,1000000.0,1000000.0,1000000.0,1000000.0,1000000.0,1000000.0,1000000.0,1000000.0,1000000.0,1000000.0,1000000.0,1000000.0,1000000.0,1000000.0,1000000.0,1000000.0,1000000.0,1000000.0,1000000.0,1000000.0,1000000.0,1000000.0,1000000.0,1000000.0,1000000.0,1000000.0,1000000.0,1000000.0,1000000.0,1000000.0,1000000.0,1000000.0,1000000.0,1000000.0,1000000.0,1000000.0,1000000.0,1000000.0,1000000.0,1000000.0,0.0,0.0,0.0,0.0,0.0,0.0,0.0,0.0,0.0,0.0,0.0,0.0,0.0,0.0,0.0,0.0,0.0,0.0,0.0,0.0,48.22763443453082,144.68290330359284,482.27634434531,771.6421509524955,1736.1948396431121,4244.031830238725,10561.851941162287,27393.29635881359,67374.00530503978,144248.8545936823,280540.14950566675,383120.32794791413,670460.5739088497,827345.0687243791,939811.9122257052,978394.0197733301,995611.2852664576,999373.040752351,999807.0894622619,999903.5447311308,999903.5447311308,999903.5447311308,1000000.0,1000000.0,1000000.0,1000000.0,1000000.0,1000000.0,1000000.0,1000000.0,1000000.0,1000000.0,1000000.0,1000000.0,1000000.0,1000000.0,1000000.0,1000000.0,1000000.0,1000000.0,1000000.0,1000000.0,1000000.0,1000000.0,0.0,0.0,0.0,0.0,0.0,0.0,0.0,0.0,0.0,0.0,0.0,0.0,0.0,0.0,0.0,0.0,0.0,0.0,0.0,0.0,0.0,0.0,0.0,0.0,0.0,0.0,0.0,0.0,0.0,0.0,0.0,0.0,0.0,0.0,0.0,0.0,0.0,0.0,0.0,0.0,0.0,0.0,0.0,0.0,0.0,0.0,0.0,0.0,0.0,0.0,0.0,0.0,0.0,0.0,0.0,0.0,48.22763443453082,337.59344104171646,3568.844948155295,14516.517964793811,77984.08488063654,221123.7038823245,492934.65155534114,1000000.0,48.22763443453082,48.22763443453082,48.22763443453082,48.22763443453082,48.22763443453082,48.22763443453082,48.22763443453082,48.22763443453082,48.22763443453082,48.22763443453082,48.22763443453082,48.22763443453082,48.22763443453082,48.22763443453082,48.22763443453082,48.22763443453082,48.22763443453082,48.22763443453082,48.22763443453082,48.22763443453082,48.22763443453082,48.22763443453082,48.22763443453082,48.22763443453082,48.22763443453082,48.22763443453082,48.22763443453082,48.22763443453082,48.22763443453082,48.22763443453082,48.22763443453082,48.22763443453082,48.22763443453082,48.22763443453082,48.22763443453082,48.22763443453082,48.22763443453082,48.22763443453082,48.22763443453082,48.22763443453082,48.22763443453082,48.22763443453082,48.22763443453082,48.22763443453082,48.22763443453082,48.22763443453082,48.22763443453082,48.22763443453082,48.22763443453082,48.22763443453082,48.22763443453082,48.22763443453082,48.22763443453082,48.22763443453082,48.22763443453082,48.22763443453082,48.22763443453082,48.22763443453082,48.22763443453082,48.22763443453082,48.22763443453082,48.22763443453082,48.22763443453082,1000000.0
FLINT,MAGNUM03,F,na,na,na,na,2025_03_11-09_22_56,na,1,65,Yes,1,na,0.0,0.0,967349.8914878225,11.5,55.0,62.0,,,,0.0,0.0,967349.8914878225,11.5,55.0,62.0,32.0,31.0,0.0,29.0,29.0,0.0,24.0,25.0,0.0,21.0,23.0,0.0,16.0,19.0,0.0,13.0,10.0,0.0,15.0,18.0,0.0,0.0,32.0,32.0,63.0,63.0,63.0,0.0,29.0,34.0,63.0,63.0,63.0,2.0,26.0,36.0,61.0,63.0,63.0,4.0,25.0,37.0,60.0,63.0,63.0,6.0,22.0,39.0,58.0,63.0,63.0,7.0,20.0,47.0,57.0,63.0,63.0,6.0,21.0,40.0,58.0,63.0,63.0,12.0,0.0,54.0,11.0,63.0,56.0,63.0,63.0,0.641341137996043,2.343631786963656,0.5297770247686945,0.0,30.0,160.0,945309.8625512419,960935.6161080298,979647.9382686279,985724.6202073788,996672.2932240173,998649.626235833,999807.0894622619,999903.5447311308,1000000.0,1000000.0,1000000.0,1000000.0,1000000.0,1000000.0,1000000.0,1000000.0,1000000.0,1000000.0,1000000.0,1000000.0,1000000.0,1000000.0,1000000.0,1000000.0,1000000.0,1000000.0,1000000.0,1000000.0,1000000.0,1000000.0,1000000.0,1000000.0,1000000.0,1000000.0,1000000.0,1000000.0,1000000.0,1000000.0,1000000.0,1000000.0,1000000.0,1000000.0,1000000.0,1000000.0,1000000.0,1000000.0,1000000.0,1000000.0,1000000.0,1000000.0,1000000.0,1000000.0,1000000.0,1000000.0,1000000.0,1000000.0,1000000.0,1000000.0,1000000.0,1000000.0,1000000.0,1000000.0,1000000.0,1000000.0,0.0,0.0,0.0,0.0,0.0,0.0,0.0,0.0,0.0,0.0,0.0,48.22763443453082,48.22763443453082,48.22763443453082,48.22763443453082,48.22763443453082,48.22763443453082,96.4552688690621,96.4552688690621,192.91053773812425,385.82107547624787,916.3250542560885,1832.650108512174,3134.7962382445157,5787.316132143714,10947.673016638537,24258.500120569093,42006.26959247647,88304.79864962626,166578.24933686998,298914.87822522304,391319.0258017844,666939.956595129,804629.852905715,918977.5741499879,961851.9411622859,986062.2136484205,995225.4641909814,998070.8946226187,999035.4473113093,999565.9512900892,999710.6341933928,999855.3170966964,999855.3170966964,999855.3170966964,999855.3170966964,999855.3170966964,999903.5447311308,999903.5447311308,999951.7723655654,999951.7723655654,999951.7723655654,1000000.0,1000000.0,1000000.0,1000000.0,1000000.0,1000000.0,1000000.0,1000000.0,1000000.0,1000000.0,1000000.0,1000000.0,0.0,0.0,0.0,0.0,0.0,0.0,0.0,0.0,0.0,0.0,0.0,0.0,0.0,0.0,0.0,0.0,0.0,0.0,0.0,0.0,0.0,0.0,0.0,0.0,0.0,0.0,0.0,0.0,0.0,0.0,0.0,0.0,0.0,0.0,0.0,0.0,0.0,0.0,0.0,0.0,0.0,0.0,0.0,0.0,0.0,0.0,0.0,0.0,0.0,0.0,0.0,0.0,0.0,0.0,0.0,0.0,48.22763443453082,385.82107547624787,1591.5119363395213,3424.1620448516924,11671.08753315649,32650.108512177485,105232.69833614663,1000000.0,0.0,0.0,0.0,0.0,0.0,0.0,0.0,0.0,0.0,0.0,0.0,0.0,0.0,0.0,0.0,0.0,0.0,0.0,0.0,0.0,0.0,0.0,0.0,0.0,0.0,0.0,0.0,0.0,0.0,0.0,0.0,0.0,0.0,0.0,0.0,0.0,0.0,0.0,0.0,0.0,0.0,0.0,0.0,0.0,0.0,0.0,0.0,0.0,0.0,0.0,0.0,0.0,0.0,0.0,0.0,0.0,0.0,0.0,0.0,0.0,0.0,0.0,0.0,1000000.0
FLINT,MAGNUM03,F,na,na,na,na,2025_03_11-09_22_56,na,1,66,Yes,1,na,0.0,995514.8299975886,1000000.0,14.5,62.0,63.0,,,,0.0,995514.8299975886,1000000.0,14.5,62.0,63.0,63.0,0.0,0.0,63.0,0.0,0.0,63.0,0.0,0.0,63.0,0.0,0.0,54.0,0.0,0.0,34.0,0.0,0.0,49.0,0.0,0.0,0.0,63.0,63.0,63.0,63.0,63.0,0.0,63.0,63.0,63.0,63.0,63.0,0.0,63.0,63.0,63.0,63.0,63.0,0.0,63.0,63.0,63.0,63.0,63.0,0.0,54.0,63.0,63.0,63.0,63.0,0.0,34.0,63.0,63.0,63.0,63.0,0.0,49.0,63.0,63.0,63.0,63.0,0.0,0.0,63.0,29.0,63.0,63.0,63.0,63.0,0.0,0.7420558213187279,0.0,0.0,30.0,160.0,1000000.0,1000000.0,1000000.0,1000000.0,1000000.0,1000000.0,1000000.0,1000000.0,1000000.0,1000000.0,1000000.0,1000000.0,1000000.0,1000000.0,1000000.0,1000000.0,1000000.0,1000000.0,1000000.0,1000000.0,1000000.0,1000000.0,1000000.0,1000000.0,1000000.0,1000000.0,1000000.0,1000000.0,1000000.0,1000000.0,1000000.0,1000000.0,1000000.0,1000000.0,1000000.0,1000000.0,1000000.0,1000000.0,1000000.0,1000000.0,1000000.0,1000000.0,1000000.0,1000000.0,1000000.0,1000000.0,1000000.0,1000000.0,1000000.0,1000000.0,1000000.0,1000000.0,1000000.0,1000000.0,1000000.0,1000000.0,1000000.0,1000000.0,1000000.0,1000000.0,1000000.0,1000000.0,1000000.0,1000000.0,0.0,0.0,0.0,0.0,0.0,0.0,0.0,0.0,0.0,0.0,0.0,0.0,0.0,0.0,0.0,0.0,0.0,0.0,0.0,0.0,0.0,0.0,0.0,0.0,0.0,0.0,0.0,0.0,0.0,48.22763443453082,96.4552688690621,96.4552688690621,192.91053773812425,192.91053773812425,241.13817217265407,289.36580660718624,289.36580660718624,289.36580660718624,289.36580660718624,289.36580660718624,289.36580660718624,289.36580660718624,289.36580660718624,289.36580660718624,289.36580660718624,337.59344104171646,385.82107547624787,385.82107547624787,530.5039787798403,723.414516517964,916.3250542560885,1157.4632264287443,1302.1461297323344,1350.373764166866,1591.5119363395213,1784.4224740776426,1977.3330118157653,2507.836990595609,2797.202797202796,3183.023872679041,3809.9831203279427,4485.170002411382,5546.177959971061,1000000.0,0.0,0.0,0.0,0.0,0.0,0.0,0.0,0.0,0.0,0.0,0.0,0.0,0.0,0.0,0.0,0.0,0.0,0.0,0.0,0.0,0.0,0.0,0.0,0.0,0.0,0.0,0.0,0.0,0.0,0.0,0.0,0.0,0.0,0.0,0.0,0.0,0.0,0.0,0.0,0.0,0.0,0.0,0.0,0.0,0.0,0.0,0.0,0.0,0.0,0.0,0.0,0.0,0.0,0.0,0.0,0.0,0.0,0.0,0.0,0.0,0.0,0.0,0.0,1000000.0,0.0,0.0,0.0,0.0,0.0,0.0,0.0,0.0,0.0,0.0,0.0,0.0,0.0,0.0,0.0,0.0,0.0,0.0,0.0,0.0,0.0,0.0,0.0,0.0,0.0,0.0,0.0,0.0,0.0,0.0,0.0,0.0,0.0,0.0,0.0,0.0,0.0,0.0,0.0,0.0,0.0,0.0,0.0,0.0,0.0,0.0,0.0,0.0,0.0,0.0,0.0,0.0,0.0,0.0,0.0,0.0,0.0,0.0,0.0,0.0,0.0,0.0,0.0,1000000.0
FLINT,MAGNUM03,F,na,na,na,na,2025_03_11-09_22_56,na,1,67,Yes,1,na,0.0,0.0,919074.0294188571,12.5,48.0,62.0,,,,0.0,0.0,919074.0294188571,12.5,48.0,62.0,32.0,31.0,0.0,29.0,29.0,0.0,24.0,24.0,0.0,20.0,22.0,0.0,16.0,20.0,0.0,14.0,16.0,0.0,14.0,18.0,0.0,0.0,32.0,32.0,63.0,63.0,63.0,0.0,29.0,33.0,62.0,63.0,63.0,2.0,26.0,36.0,60.0,63.0,63.0,4.0,24.0,37.0,59.0,63.0,63.0,5.0,21.0,38.0,58.0,63.0,63.0,6.0,20.0,40.0,56.0,63.0,63.0,6.0,20.0,39.0,57.0,63.0,63.0,8.0,0.0,42.0,17.0,63.0,54.0,63.0,63.0,0.5966465881380516,2.4664412029691736,0.7670739952779494,0.0,30.0,160.0,945309.8625512419,963732.8189052327,980516.0356884495,989534.6033277067,997347.4801061008,999228.3578490474,999903.5447311308,999951.7723655654,1000000.0,1000000.0,1000000.0,1000000.0,1000000.0,1000000.0,1000000.0,1000000.0,1000000.0,1000000.0,1000000.0,1000000.0,1000000.0,1000000.0,1000000.0,1000000.0,1000000.0,1000000.0,1000000.0,1000000.0,1000000.0,1000000.0,1000000.0,1000000.0,1000000.0,1000000.0,1000000.0,1000000.0,1000000.0,1000000.0,1000000.0,1000000.0,1000000.0,1000000.0,1000000.0,1000000.0,1000000.0,1000000.0,1000000.0,1000000.0,1000000.0,1000000.0,1000000.0,1000000.0,1000000.0,1000000.0,1000000.0,1000000.0,1000000.0,1000000.0,1000000.0,1000000.0,1000000.0,1000000.0,1000000.0,1000000.0,0.0,0.0,0.0,0.0,0.0,0.0,0.0,0.0,0.0,0.0,0.0,0.0,0.0,0.0,0.0,0.0,0.0,48.22763443453082,48.22763443453082,192.91053773812425,723.414516517964,1446.829033035929,3231.251507113574,5305.039787798405,11333.494092114755,21943.57366771158,42826.139377863445,71618.03713527854,139136.72534362177,242006.26959247646,397492.1630094044,476730.16638533876,748830.4798649625,859754.0390643838,938123.9450204967,974005.3050397878,990788.5218230045,997106.3419339281,999083.6749457439,999614.1789245236,999951.7723655654,1000000.0,1000000.0,1000000.0,1000000.0,1000000.0,1000000.0,1000000.0,1000000.0,1000000.0,1000000.0,1000000.0,1000000.0,1000000.0,1000000.0,1000000.0,1000000.0,1000000.0,1000000.0,1000000.0,1000000.0,1000000.0,1000000.0,1000000.0,0.0,0.0,0.0,0.0,0.0,0.0,0.0,0.0,0.0,0.0,0.0,0.0,0.0,0.0,0.0,0.0,0.0,0.0,0.0,0.0,0.0,0.0,0.0,0.0,0.0,0.0,0.0,0.0,0.0,0.0,0.0,0.0,0.0,0.0,0.0,0.0,0.0,0.0,0.0,0.0,0.0,0.0,0.0,0.0,0.0,0.0,0.0,0.0,0.0,0.0,0.0,0.0,0.0,0.0,96.4552688690621,144.68290330359284,241.13817217265407,1157.4632264287443,2893.6580660718573,8198.697853870257,28068.483240897014,80925.97058114297,216783.21678321678,1000000.0,0.0,0.0,0.0,0.0,0.0,0.0,0.0,0.0,0.0,0.0,0.0,0.0,0.0,0.0,0.0,0.0,0.0,0.0,0.0,0.0,0.0,0.0,0.0,0.0,0.0,0.0,0.0,0.0,0.0,0.0,0.0,0.0,0.0,0.0,0.0,0.0,0.0,0.0,0.0,0.0,0.0,0.0,0.0,0.0,0.0,0.0,0.0,0.0,0.0,0.0,0.0,0.0,0.0,0.0,0.0,0.0,0.0,0.0,0.0,0.0,0.0,0.0,0.0,1000000.0
FLINT,MAGNUM03,F,na,na,na,na,2025_03_11-09_22_56,na,1,68,Yes,1,na,0.0,0.0,568844.9481552931,14.0,53.5,62.0,,,,0.0,0.0,568844.9481552931,14.0,53.5,62.0,32.0,30.0,1.0,29.0,27.0,0.0,23.0,24.0,0.0,21.0,22.0,0.0,18.0,20.0,0.0,16.0,15.0,0.0,17.0,18.0,0.0,0.0,32.0,32.0,62.0,62.0,63.0,0.0,29.0,33.0,60.0,63.0,63.0,4.0,27.0,35.0,59.0,63.0,63.0,5.0,26.0,36.0,58.0,63.0,63.0,6.0,24.0,37.0,57.0,63.0,63.0,6.0,22.0,41.0,56.0,63.0,63.0,6.0,23.0,38.0,56.0,63.0,63.0,8.0,0.0,53.0,20.0,63.0,54.0,63.0,63.0,0.8940662732118058,2.0788136487715243,1.2549696483526769,0.0,30.0,160.0,872534.3621895345,916083.9160839161,954039.064383892,972992.5247166626,992717.6272003858,998456.7156980949,999903.5447311308,999951.7723655654,1000000.0,1000000.0,1000000.0,1000000.0,1000000.0,1000000.0,1000000.0,1000000.0,1000000.0,1000000.0,1000000.0,1000000.0,1000000.0,1000000.0,1000000.0,1000000.0,1000000.0,1000000.0,1000000.0,1000000.0,1000000.0,1000000.0,1000000.0,1000000.0,1000000.0,1000000.0,1000000.0,1000000.0,1000000.0,1000000.0,1000000.0,1000000.0,1000000.0,1000000.0,1000000.0,1000000.0,1000000.0,1000000.0,1000000.0,1000000.0,1000000.0,1000000.0,1000000.0,1000000.0,1000000.0,1000000.0,1000000.0,1000000.0,1000000.0,1000000.0,1000000.0,1000000.0,1000000.0,1000000.0,1000000.0,1000000.0,0.0,0.0,0.0,0.0,0.0,0.0,0.0,0.0,0.0,0.0,0.0,0.0,0.0,0.0,0.0,0.0,0.0,0.0,0.0,0.0,48.22763443453082,96.4552688690621,241.13817217265407,916.3250542560885,2025.5606462503029,5160.356884494808,14516.517964793811,33277.06775982637,81938.75090426816,175500.36170725824,329298.28791897756,422474.0776464914,718350.614902339,852326.983361466,948107.0653484446,982927.417410176,996575.8379551483,999228.3578490474,999710.6341933928,999855.3170966964,999855.3170966964,999903.5447311308,999903.5447311308,999903.5447311308,999903.5447311308,999903.5447311308,999903.5447311308,999903.5447311308,999951.7723655654,999951.7723655654,999951.7723655654,1000000.0,1000000.0,1000000.0,1000000.0,1000000.0,1000000.0,1000000.0,1000000.0,1000000.0,1000000.0,1000000.0,1000000.0,1000000.0,0.0,0.0,0.0,0.0,0.0,0.0,0.0,0.0,0.0,0.0,0.0,0.0,0.0,0.0,0.0,0.0,0.0,0.0,0.0,0.0,0.0,0.0,0.0,0.0,0.0,0.0,0.0,0.0,0.0,0.0,0.0,0.0,0.0,0.0,0.0,0.0,0.0,0.0,0.0,0.0,0.0,0.0,0.0,0.0,0.0,0.0,0.0,0.0,0.0,0.0,0.0,0.0,0.0,0.0,48.22763443453082,144.68290330359284,578.7316132143711,2748.975162768264,15866.891728960678,56088.738847359535,204533.3976368459,431155.051844707,714154.8107065349,1000000.0,0.0,0.0,0.0,0.0,0.0,0.0,0.0,0.0,0.0,0.0,0.0,0.0,0.0,0.0,0.0,0.0,0.0,0.0,0.0,0.0,0.0,0.0,0.0,0.0,0.0,0.0,0.0,0.0,0.0,0.0,0.0,0.0,0.0,0.0,0.0,0.0,0.0,0.0,0.0,0.0,0.0,0.0,0.0,0.0,0.0,0.0,0.0,0.0,0.0,0.0,0.0,0.0,0.0,0.0,0.0,0.0,0.0,0.0,0.0,0.0,0.0,0.0,0.0,1000000.0
FLINT,MAGNUM03,F,na,na,na,na,2025_03_11-09_22_56,na,1,69,Yes,1,na,0.0,0.0,969905.9561128527,13.5,51.5,62.0,,,,0.0,0.0,969905.9561128527,13.5,51.5,62.0,32.0,31.0,0.0,29.0,30.0,0.0,26.0,26.0,0.0,23.0,24.0,0.0,19.0,23.0,0.0,15.0,20.0,0.0,18.0,21.0,0.0,0.0,32.0,32.0,63.0,63.0,63.0,0.0,29.0,33.0,63.0,63.0,63.0,1.0,27.0,35.0,61.0,63.0,63.0,3.0,26.0,36.0,60.0,63.0,63.0,5.0,24.0,37.0,60.0,63.0,63.0,6.0,21.0,39.0,59.0,63.0,63.0,5.0,23.0,38.0,59.0,63.0,63.0,7.0,0.0,46.0,20.0,63.0,57.0,63.0,63.0,0.4321608914179894,2.07602759718475,0.48968273568776394,0.0,30.0,160.0,970629.3706293706,981625.2712804436,989968.6520376175,994550.2773088979,998649.626235833,999662.4065589582,1000000.0,1000000.0,1000000.0,1000000.0,1000000.0,1000000.0,1000000.0,1000000.0,1000000.0,1000000.0,1000000.0,1000000.0,1000000.0,1000000.0,1000000.0,1000000.0,1000000.0,1000000.0,1000000.0,1000000.0,1000000.0,1000000.0,1000000.0,1000000.0,1000000.0,1000000.0,1000000.0,1000000.0,1000000.0,1000000.0,1000000.0,1000000.0,1000000.0,1000000.0,1000000.0,1000000.0,1000000.0,1000000.0,1000000.0,1000000.0,1000000.0,1000000.0,1000000.0,1000000.0,1000000.0,1000000.0,1000000.0,1000000.0,1000000.0,1000000.0,1000000.0,1000000.0,1000000.0,1000000.0,1000000.0,1000000.0,1000000.0,1000000.0,0.0,0.0,0.0,0.0,0.0,0.0,0.0,0.0,0.0,0.0,0.0,0.0,0.0,0.0,0.0,0.0,0.0,0.0,0.0,0.0,144.68290330359284,241.13817217265407,482.27634434531,964.5526886906189,1639.7395707740552,4870.991077887631,15047.021943573669,33084.15722208825,83867.85628164934,175693.27224499636,328092.59705811425,453195.0807812877,723896.7928623101,850831.9266939956,948058.8377140102,981239.4502049674,995563.0576320231,999373.040752351,999855.3170966964,999951.7723655654,999951.7723655654,999951.7723655654,999951.7723655654,1000000.0,1000000.0,1000000.0,1000000.0,1000000.0,1000000.0,1000000.0,1000000.0,1000000.0,1000000.0,1000000.0,1000000.0,1000000.0,1000000.0,1000000.0,1000000.0,1000000.0,1000000.0,1000000.0,1000000.0,1000000.0,0.0,0.0,0.0,0.0,0.0,0.0,0.0,0.0,0.0,0.0,0.0,0.0,0.0,0.0,0.0,0.0,0.0,0.0,0.0,0.0,0.0,0.0,0.0,0.0,0.0,0.0,0.0,0.0,0.0,0.0,0.0,0.0,0.0,0.0,0.0,0.0,0.0,0.0,0.0,0.0,0.0,0.0,0.0,0.0,0.0,0.0,0.0,0.0,0.0,0.0,0.0,0.0,0.0,0.0,0.0,0.0,0.0,48.22763443453082,144.68290330359284,771.6421509524955,6848.3240897033975,30094.04388714736,139522.5464190981,1000000.0,0.0,0.0,0.0,0.0,0.0,0.0,0.0,0.0,0.0,0.0,0.0,0.0,0.0,0.0,0.0,0.0,0.0,0.0,0.0,0.0,0.0,0.0,0.0,0.0,0.0,0.0,0.0,0.0,0.0,0.0,0.0,0.0,0.0,0.0,0.0,0.0,0.0,0.0,0.0,0.0,0.0,0.0,0.0,0.0,0.0,0.0,0.0,0.0,0.0,0.0,0.0,0.0,0.0,0.0,0.0,0.0,0.0,0.0,0.0,0.0,0.0,0.0,0.0,1000000.0
FLINT,MAGNUM03,F,na,na,na,na,2025_03_11-09_22_56,na,1,70,Yes,1,na,0.0,48.22763443457198,985387.0267663371,12.5,52.0,62.0,,,,0.0,48.22763443457198,985387.0267663371,12.5,52.0,62.0,32.0,31.0,0.0,29.0,30.0,0.0,25.0,26.0,0.0,20.0,24.0,0.0,16.0,22.0,0.0,12.0,18.0,0.0,14.0,20.0,0.0,0.0,32.0,32.0,63.0,63.0,63.0,0.0,29.0,33.0,63.0,63.0,63.0,1.0,26.0,36.0,62.0,63.0,63.0,4.0,24.0,37.0,61.0,63.0,63.0,5.0,21.0,38.0,60.0,63.0,63.0,6.0,18.0,41.0,59.0,63.0,63.0,6.0,20.0,39.0,59.0,63.0,63.0,9.0,0.0,58.0,16.0,63.0,58.0,63.0,63.0,0.4786669105729253,2.4494528257939305,0.3437085919379704,0.0,30.0,160.0,969568.3626718109,978345.7921388955,988618.2782734506,992621.1719315166,997685.0735471424,999517.7236556546,999951.7723655654,1000000.0,1000000.0,1000000.0,1000000.0,1000000.0,1000000.0,1000000.0,1000000.0,1000000.0,1000000.0,1000000.0,1000000.0,1000000.0,1000000.0,1000000.0,1000000.0,1000000.0,1000000.0,1000000.0,1000000.0,1000000.0,1000000.0,1000000.0,1000000.0,1000000.0,1000000.0,1000000.0,1000000.0,1000000.0,1000000.0,1000000.0,1000000.0,1000000.0,1000000.0,1000000.0,1000000.0,1000000.0,1000000.0,1000000.0,1000000.0,1000000.0,1000000.0,1000000.0,1000000.0,1000000.0,1000000.0,1000000.0,1000000.0,1000000.0,1000000.0,1000000.0,1000000.0,1000000.0,1000000.0,1000000.0,1000000.0,1000000.0,0.0,0.0,0.0,0.0,0.0,0.0,0.0,0.0,0.0,0.0,0.0,0.0,0.0,0.0,0.0,0.0,48.22763443453082,144.68290330359284,241.13817217265407,530.5039787798403,916.3250542560885,1543.2843019049903,3134.7962382445157,4726.3081745840345,9693.754521340716,16445.623342175077,37279.96141789247,63033.51820593199,125391.84952978055,230431.6373281891,387750.18085362914,458596.5758379551,733638.7750180853,849529.7805642633,937593.4410417168,969857.7284784181,989679.2862310103,995852.4234386302,998842.5367735712,999565.9512900892,999758.8618278273,999951.7723655654,999951.7723655654,999951.7723655654,999951.7723655654,999951.7723655654,999951.7723655654,999951.7723655654,999951.7723655654,999951.7723655654,999951.7723655654,999951.7723655654,1000000.0,1000000.0,1000000.0,1000000.0,1000000.0,1000000.0,1000000.0,1000000.0,1000000.0,1000000.0,1000000.0,1000000.0,0.0,0.0,0.0,0.0,0.0,0.0,0.0,0.0,0.0,0.0,0.0,0.0,0.0,0.0,0.0,0.0,0.0,0.0,0.0,0.0,0.0,0.0,0.0,0.0,0.0,0.0,0.0,0.0,0.0,0.0,0.0,0.0,0.0,0.0,0.0,0.0,0.0,0.0,0.0,0.0,0.0,0.0,0.0,0.0,0.0,0.0,0.0,0.0,0.0,0.0,0.0,0.0,0.0,0.0,0.0,0.0,0.0,0.0,192.91053773812425,1012.7803231251486,4292.259464673261,14612.973233662888,48758.13841331082,1000000.0,0.0,0.0,0.0,0.0,0.0,0.0,0.0,0.0,0.0,0.0,0.0,0.0,0.0,0.0,0.0,0.0,0.0,0.0,0.0,0.0,0.0,0.0,0.0,0.0,0.0,0.0,0.0,0.0,0.0,0.0,0.0,0.0,0.0,0.0,0.0,0.0,0.0,0.0,0.0,0.0,0.0,0.0,0.0,0.0,0.0,0.0,0.0,0.0,0.0,0.0,0.0,0.0,0.0,0.0,0.0,0.0,0.0,0.0,0.0,0.0,0.0,0.0,0.0,1000000.0
FLINT,MAGNUM03,F,na,na,na,na,2025_03_11-09_22_56,na,1,71,Yes,1,na,0.0,0.0,984952.9780564264,10.5,49.0,62.0,,,,0.0,0.0,984952.9780564264,10.5,49.0,62.0,32.0,31.0,0.0,29.0,30.0,0.0,25.0,27.0,0.0,20.0,24.0,0.0,16.0,22.0,0.0,10.0,18.0,0.0,15.0,20.0,0.0,0.0,32.0,32.0,63.0,63.0,63.0,0.0,29.0,33.0,63.0,63.0,63.0,1.0,26.0,35.0,62.0,63.0,63.0,4.0,24.0,37.0,61.0,63.0,63.0,5.0,21.0,38.0,60.0,63.0,63.0,6.0,16.0,39.0,57.0,63.0,63.0,5.0,20.0,39.0,59.0,63.0,63.0,9.0,0.0,42.0,12.0,63.0,56.0,63.0,63.0,0.469568874357621,2.431036796015516,0.3734206162763152,0.0,30.0,160.0,968266.2165420785,977767.0605256812,989100.5546177959,993151.6759102965,998119.1222570533,999662.4065589582,999951.7723655654,1000000.0,1000000.0,1000000.0,1000000.0,1000000.0,1000000.0,1000000.0,1000000.0,1000000.0,1000000.0,1000000.0,1000000.0,1000000.0,1000000.0,1000000.0,1000000.0,1000000.0,1000000.0,1000000.0,1000000.0,1000000.0,1000000.0,1000000.0,1000000.0,1000000.0,1000000.0,1000000.0,1000000.0,1000000.0,1000000.0,1000000.0,1000000.0,1000000.0,1000000.0,1000000.0,1000000.0,1000000.0,1000000.0,1000000.0,1000000.0,1000000.0,1000000.0,1000000.0,1000000.0,1000000.0,1000000.0,1000000.0,1000000.0,1000000.0,1000000.0,1000000.0,1000000.0,1000000.0,1000000.0,1000000.0,1000000.0,1000000.0,0.0,0.0,0.0,0.0,0.0,0.0,0.0,0.0,0.0,0.0,0.0,0.0,48.22763443453082,48.22763443453082,48.22763443453082,48.22763443453082,241.13817217265407,241.13817217265407,337.59344104171646,434.04870991077877,868.0974198215577,1495.056667470457,2556.0646250301406,4967.446346756688,9886.665059078852,18664.09452616349,41572.22088256569,72775.50036170722,142657.34265734258,261924.28261393774,418085.3629129491,459175.3074511695,760405.11212925,870942.850253195,950229.081263564,978345.7921388955,992572.9442970823,997829.756450446,999517.7236556546,999903.5447311308,1000000.0,1000000.0,1000000.0,1000000.0,1000000.0,1000000.0,1000000.0,1000000.0,1000000.0,1000000.0,1000000.0,1000000.0,1000000.0,1000000.0,1000000.0,1000000.0,1000000.0,1000000.0,1000000.0,1000000.0,1000000.0,1000000.0,1000000.0,1000000.0,0.0,0.0,0.0,0.0,0.0,0.0,0.0,0.0,0.0,0.0,0.0,0.0,0.0,0.0,0.0,0.0,0.0,0.0,0.0,0.0,0.0,0.0,0.0,0.0,0.0,0.0,0.0,0.0,0.0,0.0,0.0,0.0,0.0,0.0,0.0,0.0,0.0,0.0,0.0,0.0,0.0,0.0,0.0,0.0,0.0,0.0,0.0,0.0,0.0,0.0,0.0,0.0,0.0,0.0,0.0,0.0,96.4552688690621,337.59344104171646,530.5039787798403,1109.2355919942117,4533.397636845913,15047.021943573669,60959.72992524717,1000000.0,0.0,0.0,0.0,0.0,0.0,0.0,0.0,0.0,0.0,0.0,0.0,0.0,0.0,0.0,0.0,0.0,0.0,0.0,0.0,0.0,0.0,0.0,0.0,0.0,0.0,0.0,0.0,0.0,0.0,0.0,0.0,0.0,0.0,0.0,0.0,0.0,0.0,0.0,0.0,0.0,0.0,0.0,0.0,0.0,0.0,0.0,0.0,0.0,0.0,0.0,0.0,0.0,0.0,0.0,0.0,0.0,0.0,0.0,0.0,0.0,0.0,0.0,0.0,1000000.0
FLINT,MAGNUM03,F,na,na,na,na,2025_03_11-09_22_56,na,1,72,Yes,1,na,0.0,0.0,912225.7053291536,10.5,47.5,62.0,,,,0.0,0.0,912225.7053291536,10.5,47.5,62.0,31.0,32.0,0.0,28.0,29.0,0.0,23.0,25.0,0.0,19.0,22.0,0.0,15.0,20.0,0.0,10.0,16.0,0.0,13.0,18.0,0.0,0.0,31.0,31.0,63.0,63.0,63.0,0.0,28.0,33.0,62.0,63.0,63.0,2.0,25.0,35.0,60.0,63.0,63.0,4.0,23.0,37.0,59.0,63.0,63.0,5.0,20.0,38.0,58.0,63.0,63.0,7.0,17.0,40.0,56.0,63.0,63.0,6.0,19.0,39.0,57.0,63.0,63.0,8.0,0.0,40.0,13.0,63.0,55.0,63.0,63.0,0.498607170587063,2.4922235114790623,0.8141731792785128,0.0,30.0,160.0,965083.1926693994,975934.410417169,987123.2216059802,992380.033759344,997877.9840848806,999469.4960212201,999855.3170966964,999951.7723655654,1000000.0,1000000.0,1000000.0,1000000.0,1000000.0,1000000.0,1000000.0,1000000.0,1000000.0,1000000.0,1000000.0,1000000.0,1000000.0,1000000.0,1000000.0,1000000.0,1000000.0,1000000.0,1000000.0,1000000.0,1000000.0,1000000.0,1000000.0,1000000.0,1000000.0,1000000.0,1000000.0,1000000.0,1000000.0,1000000.0,1000000.0,1000000.0,1000000.0,1000000.0,1000000.0,1000000.0,1000000.0,1000000.0,1000000.0,1000000.0,1000000.0,1000000.0,1000000.0,1000000.0,1000000.0,1000000.0,1000000.0,1000000.0,1000000.0,1000000.0,1000000.0,1000000.0,1000000.0,1000000.0,1000000.0,1000000.0,0.0,0.0,0.0,0.0,0.0,0.0,0.0,0.0,0.0,0.0,0.0,0.0,0.0,48.22763443453082,96.4552688690621,144.68290330359284,144.68290330359284,241.13817217265407,434.04870991077877,819.8697853870253,1591.5119363395213,2748.975162768264,4774.535809018565,7571.738606221362,13503.73764166868,25078.369905956108,50204.9674463467,86665.05907885225,159681.69761273215,276633.7111164697,439016.15625753556,527320.9549071618,786110.441282855,884205.449722691,953605.0156739812,978731.6132143717,992717.6272003858,997492.1630094043,999324.8131179166,999807.0894622619,1000000.0,1000000.0,1000000.0,1000000.0,1000000.0,1000000.0,1000000.0,1000000.0,1000000.0,1000000.0,1000000.0,1000000.0,1000000.0,1000000.0,1000000.0,1000000.0,1000000.0,1000000.0,1000000.0,1000000.0,1000000.0,1000000.0,1000000.0,1000000.0,0.0,0.0,0.0,0.0,0.0,0.0,0.0,0.0,0.0,0.0,0.0,0.0,0.0,0.0,0.0,0.0,0.0,0.0,0.0,0.0,0.0,0.0,0.0,0.0,0.0,0.0,0.0,0.0,0.0,0.0,0.0,0.0,0.0,0.0,0.0,0.0,0.0,0.0,0.0,0.0,0.0,0.0,0.0,0.0,0.0,0.0,0.0,0.0,0.0,0.0,0.0,0.0,0.0,0.0,0.0,96.4552688690621,337.59344104171646,1109.2355919942117,4340.487099107789,10465.39667229322,35302.628406076685,87774.29467084642,226911.0200144683,1000000.0,0.0,0.0,0.0,0.0,0.0,0.0,0.0,0.0,0.0,0.0,0.0,0.0,0.0,0.0,0.0,0.0,0.0,0.0,0.0,0.0,0.0,0.0,0.0,0.0,0.0,0.0,0.0,0.0,0.0,0.0,0.0,0.0,0.0,0.0,0.0,0.0,0.0,0.0,0.0,0.0,0.0,0.0,0.0,0.0,0.0,0.0,0.0,0.0,0.0,0.0,0.0,0.0,0.0,0.0,0.0,0.0,0.0,0.0,0.0,0.0,0.0,0.0,0.0,1000000.0
FLINT,MAGNUM03,F,na,na,na,na,2025_03_11-09_22_56,na,1,73,Yes,1,na,0.0,0.0,998938.9920424403,11.0,55.0,62.0,,,,0.0,0.0,998938.9920424403,11.0,55.0,62.0,31.0,32.0,0.0,29.0,30.0,0.0,26.0,27.0,0.0,21.0,26.0,0.0,16.0,24.0,0.0,11.0,17.0,0.0,14.0,22.0,0.0,0.0,31.0,31.0,63.0,63.0,63.0,0.0,29.0,33.0,63.0,63.0,63.0,0.0,26.0,36.0,63.0,63.0,63.0,3.0,24.0,37.0,63.0,63.0,63.0,5.0,21.0,38.0,62.0,63.0,63.0,7.0,18.0,43.0,60.0,63.0,63.0,6.0,20.0,39.0,61.0,63.0,63.0,8.0,0.0,50.0,14.0,63.0,60.0,63.0,63.0,0.3699661592294596,2.457863556666354,0.0930014042914358,0.0,30.0,160.0,984133.1082710393,988618.2782734506,993006.993006993,995804.1958041957,998601.3986013986,999517.7236556546,999807.0894622619,999951.7723655654,1000000.0,1000000.0,1000000.0,1000000.0,1000000.0,1000000.0,1000000.0,1000000.0,1000000.0,1000000.0,1000000.0,1000000.0,1000000.0,1000000.0,1000000.0,1000000.0,1000000.0,1000000.0,1000000.0,1000000.0,1000000.0,1000000.0,1000000.0,1000000.0,1000000.0,1000000.0,1000000.0,1000000.0,1000000.0,1000000.0,1000000.0,1000000.0,1000000.0,1000000.0,1000000.0,1000000.0,1000000.0,1000000.0,1000000.0,1000000.0,1000000.0,1000000.0,1000000.0,1000000.0,1000000.0,1000000.0,1000000.0,1000000.0,1000000.0,1000000.0,1000000.0,1000000.0,1000000.0,1000000.0,1000000.0,1000000.0,0.0,0.0,0.0,0.0,0.0,0.0,0.0,0.0,0.0,0.0,0.0,0.0,0.0,0.0,48.22763443453082,96.4552688690621,144.68290330359284,192.91053773812425,337.59344104171646,385.82107547624787,771.6421509524955,1832.650108512174,3327.7067759826386,5497.950325536535,11429.94936098385,20641.427537979234,42392.09066795271,70991.07788762964,137689.896310586,242199.18013021458,406751.8688208343,512756.2093079334,752447.5524475524,863564.0221847118,942464.4321196045,974101.7603086568,991029.6599951772,997009.886665059,999131.9025801783,999710.6341933928,999758.8618278273,999855.3170966964,999855.3170966964,999903.5447311308,999903.5447311308,999951.7723655654,999951.7723655654,999951.7723655654,999951.7723655654,999951.7723655654,1000000.0,1000000.0,1000000.0,1000000.0,1000000.0,1000000.0,1000000.0,1000000.0,1000000.0,1000000.0,1000000.0,1000000.0,1000000.0,1000000.0,0.0,0.0,0.0,0.0,0.0,0.0,0.0,0.0,0.0,0.0,0.0,0.0,0.0,0.0,0.0,0.0,0.0,0.0,0.0,0.0,0.0,0.0,0.0,0.0,0.0,0.0,0.0,0.0,0.0,0.0,0.0,0.0,0.0,0.0,0.0,0.0,0.0,0.0,0.0,0.0,0.0,0.0,0.0,0.0,0.0,0.0,0.0,0.0,0.0,0.0,0.0,0.0,0.0,0.0,0.0,0.0,0.0,0.0,0.0,0.0,241.13817217265407,1061.0079575596806,4292.259464673261,1000000.0,0.0,0.0,0.0,0.0,0.0,0.0,0.0,0.0,0.0,0.0,0.0,0.0,0.0,0.0,0.0,0.0,0.0,0.0,0.0,0.0,0.0,0.0,0.0,0.0,0.0,0.0,0.0,0.0,0.0,0.0,0.0,0.0,0.0,0.0,0.0,0.0,0.0,0.0,0.0,0.0,0.0,0.0,0.0,0.0,0.0,0.0,0.0,0.0,0.0,0.0,0.0,0.0,0.0,0.0,0.0,0.0,0.0,0.0,0.0,0.0,0.0,0.0,0.0,1000000.0
FLINT,MAGNUM03,F,na,na,na,na,2025_03_11-09_22_56,na,1,74,Yes,1,na,0.0,0.0,0.0,13.5,46.5,0.0,,,,0.0,0.0,0.0,13.5,46.5,0.0,32.0,30.0,1.0,29.0,28.0,0.0,24.0,25.0,0.0,22.0,23.0,0.0,19.0,21.0,0.0,16.0,19.0,0.0,17.0,19.0,0.0,0.0,32.0,32.0,62.0,62.0,63.0,0.0,29.0,33.0,61.0,63.0,63.0,3.0,27.0,35.0,60.0,63.0,63.0,4.0,26.0,36.0,59.0,63.0,63.0,5.0,24.0,37.0,58.0,63.0,63.0,6.0,22.0,38.0,57.0,63.0,63.0,6.0,23.0,38.0,57.0,63.0,63.0,7.0,0.0,39.0,20.0,63.0,54.0,63.0,0.0,0.6910496584122653,2.1233361445677836,1.0843809887270957,0.4374894505865458,30.0,160.0,926838.6785628165,950277.3088979985,973137.2076199661,984374.2464432119,996672.2932240173,999324.8131179166,999951.7723655654,1000000.0,1000000.0,1000000.0,1000000.0,1000000.0,1000000.0,1000000.0,1000000.0,1000000.0,1000000.0,1000000.0,1000000.0,1000000.0,1000000.0,1000000.0,1000000.0,1000000.0,1000000.0,1000000.0,1000000.0,1000000.0,1000000.0,1000000.0,1000000.0,1000000.0,1000000.0,1000000.0,1000000.0,1000000.0,1000000.0,1000000.0,1000000.0,1000000.0,1000000.0,1000000.0,1000000.0,1000000.0,1000000.0,1000000.0,1000000.0,1000000.0,1000000.0,1000000.0,1000000.0,1000000.0,1000000.0,1000000.0,1000000.0,1000000.0,1000000.0,1000000.0,1000000.0,1000000.0,1000000.0,1000000.0,1000000.0,1000000.0,0.0,0.0,0.0,0.0,0.0,0.0,0.0,0.0,0.0,0.0,0.0,0.0,0.0,0.0,0.0,0.0,0.0,0.0,0.0,0.0,96.4552688690621,144.68290330359284,530.5039787798403,916.3250542560885,2507.836990595609,6221.364842054485,19001.68796720521,42006.26959247647,99975.88618278269,204967.44634675668,368603.80998312024,444899.9276585483,744634.6756691585,867374.0053050396,954039.064383892,983457.9213889558,996816.9761273209,999373.040752351,999951.7723655654,1000000.0,1000000.0,1000000.0,1000000.0,1000000.0,1000000.0,1000000.0,1000000.0,1000000.0,1000000.0,1000000.0,1000000.0,1000000.0,1000000.0,1000000.0,1000000.0,1000000.0,1000000.0,1000000.0,1000000.0,1000000.0,1000000.0,1000000.0,1000000.0,1000000.0,0.0,0.0,0.0,0.0,0.0,0.0,0.0,0.0,0.0,0.0,0.0,0.0,0.0,0.0,0.0,0.0,0.0,0.0,0.0,0.0,0.0,0.0,0.0,0.0,0.0,0.0,0.0,0.0,0.0,0.0,0.0,0.0,0.0,0.0,0.0,0.0,0.0,0.0,0.0,0.0,0.0,0.0,0.0,0.0,0.0,0.0,0.0,0.0,0.0,0.0,0.0,0.0,0.0,0.0,48.22763443453082,48.22763443453082,144.68290330359284,578.7316132143711,5353.267422232942,21027.248613455497,102580.17844224731,262599.4694960212,540728.2372799615,1000000.0,48.22763443453082,48.22763443453082,48.22763443453082,48.22763443453082,48.22763443453082,48.22763443453082,48.22763443453082,48.22763443453082,48.22763443453082,48.22763443453082,48.22763443453082,48.22763443453082,48.22763443453082,48.22763443453082,48.22763443453082,48.22763443453082,48.22763443453082,48.22763443453082,48.22763443453082,48.22763443453082,48.22763443453082,48.22763443453082,48.22763443453082,48.22763443453082,48.22763443453082,48.22763443453082,48.22763443453082,48.22763443453082,48.22763443453082,48.22763443453082,48.22763443453082,48.22763443453082,48.22763443453082,48.22763443453082,48.22763443453082,48.22763443453082,48.22763443453082,48.22763443453082,48.22763443453082,48.22763443453082,48.22763443453082,48.22763443453082,48.22763443453082,48.22763443453082,48.22763443453082,48.22763443453082,48.22763443453082,48.22763443453082,48.22763443453082,48.22763443453082,48.22763443453082,48.22763443453082,48.22763443453082,48.22763443453082,48.22763443453082,48.22763443453082,48.22763443453082,48.22763443453082,48.22763443453082,48.22763443453082,48.22763443453082,48.22763443453082,48.22763443453082,1000000.0
FLINT,MAGNUM03,F,na,na,na,na,2025_03_11-09_22_56,na,1,75,Yes,1,na,0.0,0.0,787074.9939715457,12.0,49.5,62.0,,,,0.0,0.0,787074.9939715457,12.0,49.5,62.0,31.0,32.0,0.0,29.0,28.0,0.0,23.0,24.0,0.0,21.0,22.0,0.0,17.0,21.0,0.0,14.0,18.0,0.0,15.0,19.0,0.0,0.0,31.0,31.0,63.0,63.0,63.0,0.0,29.0,33.0,61.0,63.0,63.0,3.0,26.0,35.0,59.0,63.0,63.0,4.0,25.0,36.0,58.0,63.0,63.0,5.0,22.0,37.0,58.0,63.0,63.0,6.0,20.0,39.0,57.0,63.0,63.0,6.0,21.0,38.0,57.0,63.0,63.0,7.0,0.0,44.0,17.0,63.0,55.0,63.0,63.0,0.6590952332237578,2.253956949617056,1.0650856447642212,0.0,30.0,160.0,936098.3843742465,957511.4540631782,976464.9143959489,985821.0754762478,995466.602363154,999517.7236556546,1000000.0,1000000.0,1000000.0,1000000.0,1000000.0,1000000.0,1000000.0,1000000.0,1000000.0,1000000.0,1000000.0,1000000.0,1000000.0,1000000.0,1000000.0,1000000.0,1000000.0,1000000.0,1000000.0,1000000.0,1000000.0,1000000.0,1000000.0,1000000.0,1000000.0,1000000.0,1000000.0,1000000.0,1000000.0,1000000.0,1000000.0,1000000.0,1000000.0,1000000.0,1000000.0,1000000.0,1000000.0,1000000.0,1000000.0,1000000.0,1000000.0,1000000.0,1000000.0,1000000.0,1000000.0,1000000.0,1000000.0,1000000.0,1000000.0,1000000.0,1000000.0,1000000.0,1000000.0,1000000.0,1000000.0,1000000.0,1000000.0,1000000.0,0.0,0.0,0.0,0.0,0.0,0.0,0.0,0.0,0.0,0.0,0.0,0.0,0.0,0.0,0.0,0.0,0.0,48.22763443453082,96.4552688690621,96.4552688690621,482.27634434531,868.0974198215577,1446.829033035929,2748.975162768264,5497.950325536535,12153.363877501795,27779.117434289838,56667.470460573895,122884.01253918507,237617.5548589341,404388.7147335423,516469.7371593923,761514.3477212443,875958.5242343864,952158.1866409451,981625.2712804436,995514.8299975885,998746.0815047021,999807.0894622619,999903.5447311308,999951.7723655654,999951.7723655654,999951.7723655654,1000000.0,1000000.0,1000000.0,1000000.0,1000000.0,1000000.0,1000000.0,1000000.0,1000000.0,1000000.0,1000000.0,1000000.0,1000000.0,1000000.0,1000000.0,1000000.0,1000000.0,1000000.0,1000000.0,1000000.0,1000000.0,0.0,0.0,0.0,0.0,0.0,0.0,0.0,0.0,0.0,0.0,0.0,0.0,0.0,0.0,0.0,0.0,0.0,0.0,0.0,0.0,0.0,0.0,0.0,0.0,0.0,0.0,0.0,0.0,0.0,0.0,0.0,0.0,0.0,0.0,0.0,0.0,0.0,0.0,0.0,0.0,0.0,0.0,0.0,0.0,0.0,0.0,0.0,0.0,0.0,0.0,0.0,0.0,0.0,0.0,0.0,96.4552688690621,192.91053773812425,1157.4632264287443,6751.868820834333,22859.898721967693,81601.15746322644,212925.0060284543,446877.2606703641,1000000.0,0.0,0.0,0.0,0.0,0.0,0.0,0.0,0.0,0.0,0.0,0.0,0.0,0.0,0.0,0.0,0.0,0.0,0.0,0.0,0.0,0.0,0.0,0.0,0.0,0.0,0.0,0.0,0.0,0.0,0.0,0.0,0.0,0.0,0.0,0.0,0.0,0.0,0.0,0.0,0.0,0.0,0.0,0.0,0.0,0.0,0.0,0.0,0.0,0.0,0.0,0.0,0.0,0.0,0.0,0.0,0.0,0.0,0.0,0.0,0.0,0.0,0.0,0.0,1000000.0
FLINT,MAGNUM03,F,na,na,na,na,2025_03_11-09_22_56,na,1,76,Yes,1,na,0.0,48.22763443457198,0.0,12.0,56.0,0.0,,,,0.0,96.45526886910281,0.0,12.0,56.0,0.0,32.0,31.0,0.0,29.0,28.0,0.0,25.0,24.0,0.0,21.0,23.0,0.0,18.0,21.0,0.0,14.0,9.0,0.0,16.0,19.0,0.0,0.0,32.0,32.0,63.0,63.0,63.0,0.0,29.0,34.0,62.0,63.0,63.0,2.0,27.0,36.0,60.0,63.0,63.0,4.0,25.0,37.0,60.0,63.0,63.0,5.0,23.0,38.0,59.0,63.0,63.0,6.0,20.0,48.0,57.0,63.0,63.0,6.0,22.0,39.0,58.0,63.0,63.0,6.0,0.0,59.0,18.0,63.0,56.0,63.0,0.0,0.494503321271373,2.3199467851405378,0.7440300502518162,0.4374894505865458,30.0,160.0,962912.9491198456,975645.0446105618,987605.4979503255,992572.9442970823,997781.5288160116,999469.4960212201,1000000.0,1000000.0,1000000.0,1000000.0,1000000.0,1000000.0,1000000.0,1000000.0,1000000.0,1000000.0,1000000.0,1000000.0,1000000.0,1000000.0,1000000.0,1000000.0,1000000.0,1000000.0,1000000.0,1000000.0,1000000.0,1000000.0,1000000.0,1000000.0,1000000.0,1000000.0,1000000.0,1000000.0,1000000.0,1000000.0,1000000.0,1000000.0,1000000.0,1000000.0,1000000.0,1000000.0,1000000.0,1000000.0,1000000.0,1000000.0,1000000.0,1000000.0,1000000.0,1000000.0,1000000.0,1000000.0,1000000.0,1000000.0,1000000.0,1000000.0,1000000.0,1000000.0,1000000.0,1000000.0,1000000.0,1000000.0,1000000.0,1000000.0,0.0,0.0,0.0,0.0,0.0,0.0,0.0,0.0,0.0,0.0,0.0,0.0,0.0,0.0,0.0,0.0,0.0,0.0,96.4552688690621,144.68290330359284,289.36580660718624,385.82107547624787,771.6421509524955,1398.601398601398,3472.38967928623,8536.291294911978,21750.663129973454,44321.196045334,100554.61779599711,196672.29322401737,346467.3257776706,444899.9276585483,704075.2351097178,825705.3291536049,922980.467808054,965420.7861104412,989293.4651555341,996961.6590306245,999276.585483482,999614.1789245236,999807.0894622619,999855.3170966964,999855.3170966964,999855.3170966964,999855.3170966964,999855.3170966964,999855.3170966964,999855.3170966964,999903.5447311308,999903.5447311308,999903.5447311308,999951.7723655654,999951.7723655654,999951.7723655654,999951.7723655654,999951.7723655654,1000000.0,1000000.0,1000000.0,1000000.0,1000000.0,1000000.0,1000000.0,1000000.0,0.0,0.0,0.0,0.0,0.0,0.0,0.0,0.0,0.0,0.0,0.0,0.0,0.0,0.0,0.0,0.0,0.0,0.0,0.0,0.0,0.0,0.0,0.0,0.0,0.0,0.0,0.0,0.0,0.0,0.0,0.0,0.0,0.0,0.0,0.0,0.0,0.0,0.0,0.0,0.0,0.0,0.0,0.0,0.0,0.0,0.0,0.0,0.0,0.0,0.0,0.0,0.0,0.0,0.0,0.0,0.0,96.4552688690621,337.59344104171646,1253.9184952978064,5015.673981191222,27393.29635881359,84253.67735712563,243308.41572220885,1000000.0,48.22763443453082,48.22763443453082,48.22763443453082,48.22763443453082,48.22763443453082,48.22763443453082,48.22763443453082,48.22763443453082,48.22763443453082,48.22763443453082,48.22763443453082,48.22763443453082,48.22763443453082,48.22763443453082,48.22763443453082,48.22763443453082,48.22763443453082,48.22763443453082,48.22763443453082,48.22763443453082,48.22763443453082,48.22763443453082,48.22763443453082,48.22763443453082,48.22763443453082,48.22763443453082,48.22763443453082,48.22763443453082,48.22763443453082,48.22763443453082,48.22763443453082,48.22763443453082,48.22763443453082,48.22763443453082,48.22763443453082,48.22763443453082,48.22763443453082,48.22763443453082,48.22763443453082,48.22763443453082,48.22763443453082,48.22763443453082,48.22763443453082,48.22763443453082,48.22763443453082,48.22763443453082,48.22763443453082,48.22763443453082,48.22763443453082,48.22763443453082,48.22763443453082,48.22763443453082,48.22763443453082,48.22763443453082,48.22763443453082,48.22763443453082,48.22763443453082,48.22763443453082,48.22763443453082,48.22763443453082,48.22763443453082,48.22763443453082,48.22763443453082,1000000.0
FLINT,MAGNUM03,F,na,na,na,na,2025_03_11-09_22_56,na,1,77,Yes,1,na,0.0,0.0,986351.5794550277,12.5,51.0,62.0,,,,0.0,0.0,986351.5794550277,12.5,51.0,62.0,32.0,31.0,0.0,29.0,30.0,0.0,25.0,27.0,0.0,22.0,25.0,0.0,19.0,22.0,0.0,16.0,19.0,0.0,17.0,22.0,0.0,0.0,32.0,32.0,63.0,63.0,63.0,0.0,29.0,33.0,63.0,63.0,63.0,1.0,26.0,35.0,62.0,63.0,63.0,3.0,25.0,36.0,61.0,63.0,63.0,4.0,23.0,38.0,60.0,63.0,63.0,5.0,21.0,39.0,58.0,63.0,63.0,5.0,22.0,38.0,60.0,63.0,63.0,6.0,0.0,45.0,19.0,63.0,57.0,63.0,63.0,0.3944276235990646,2.1877616236650583,0.34365596876064924,0.0,30.0,160.0,976320.2314926452,984084.8806366047,991270.7981673499,995466.602363154,998890.7644080058,1000000.0,1000000.0,1000000.0,1000000.0,1000000.0,1000000.0,1000000.0,1000000.0,1000000.0,1000000.0,1000000.0,1000000.0,1000000.0,1000000.0,1000000.0,1000000.0,1000000.0,1000000.0,1000000.0,1000000.0,1000000.0,1000000.0,1000000.0,1000000.0,1000000.0,1000000.0,1000000.0,1000000.0,1000000.0,1000000.0,1000000.0,1000000.0,1000000.0,1000000.0,1000000.0,1000000.0,1000000.0,1000000.0,1000000.0,1000000.0,1000000.0,1000000.0,1000000.0,1000000.0,1000000.0,1000000.0,1000000.0,1000000.0,1000000.0,1000000.0,1000000.0,1000000.0,1000000.0,1000000.0,1000000.0,1000000.0,1000000.0,1000000.0,1000000.0,0.0,0.0,0.0,0.0,0.0,0.0,0.0,0.0,0.0,0.0,0.0,0.0,0.0,0.0,0.0,0.0,0.0,0.0,0.0,48.22763443453082,96.4552688690621,385.82107547624787,1012.7803231251486,1736.1948396431121,4822.763443453095,10899.44538220399,25705.329153604987,50060.28454304316,115167.59102966,226911.0200144683,404436.94236797676,498143.2360742705,769761.2732095491,882613.9377863515,957318.54352544,983650.8319266939,995370.147094285,998360.2604292259,999662.4065589582,999951.7723655654,1000000.0,1000000.0,1000000.0,1000000.0,1000000.0,1000000.0,1000000.0,1000000.0,1000000.0,1000000.0,1000000.0,1000000.0,1000000.0,1000000.0,1000000.0,1000000.0,1000000.0,1000000.0,1000000.0,1000000.0,1000000.0,1000000.0,1000000.0,1000000.0,0.0,0.0,0.0,0.0,0.0,0.0,0.0,0.0,0.0,0.0,0.0,0.0,0.0,0.0,0.0,0.0,0.0,0.0,0.0,0.0,0.0,0.0,0.0,0.0,0.0,0.0,0.0,0.0,0.0,0.0,0.0,0.0,0.0,0.0,0.0,0.0,0.0,0.0,0.0,0.0,0.0,0.0,0.0,0.0,0.0,0.0,0.0,0.0,0.0,0.0,0.0,0.0,0.0,0.0,0.0,0.0,0.0,48.22763443453082,241.13817217265407,434.04870991077877,3086.56860380998,13648.420544972252,62358.331323848564,1000000.0,0.0,0.0,0.0,0.0,0.0,0.0,0.0,0.0,0.0,0.0,0.0,0.0,0.0,0.0,0.0,0.0,0.0,0.0,0.0,0.0,0.0,0.0,0.0,0.0,0.0,0.0,0.0,0.0,0.0,0.0,0.0,0.0,0.0,0.0,0.0,0.0,0.0,0.0,0.0,0.0,0.0,0.0,0.0,0.0,0.0,0.0,0.0,0.0,0.0,0.0,0.0,0.0,0.0,0.0,0.0,0.0,0.0,0.0,0.0,0.0,0.0,0.0,0.0,1000000.0
