STEPPING,TESTER,SOCKET,BASE_REV,RUN_NAME,CURRENT_COMMIT,CURRENT_COMMIT_DATE,TEST_START_DATETIME,DIE_ID,MACRO,IO,ADC_CAL,TEST_SEQUENCE,TEST_NAME,LEVEL_01_XPOINT_PPM,LEVEL_12_XPOINT_PPM,LEVEL_23_XPOINT_PPM,LEVEL_01_XPOINT_ADC,LEVEL_12_XPOINT_ADC,LEVEL_23_XPOINT_ADC,LEVEL_01_XPOINT_EXT_PPM,LEVEL_12_XPOINT_EXT_PPM,LEVEL_23_XPOINT_EXT_PPM,LEVEL_01_XPOINT_SUM_PPM,LEVEL_12_XPOINT_SUM_PPM,LEVEL_23_XPOINT_SUM_PPM,LEVEL_01_XPOINT_SUM_ADC,LEVEL_12_XPOINT_SUM_ADC,LEVEL_23_XPOINT_SUM_ADC,LEVEL_01_0SIGMA_ADCRWB,LEVEL_12_0SIGMA_ADCRWB,LEVEL_23_0SIGMA_ADCRWB,LEVEL_01_M1SIGMA_ADCRWB,LEVEL_12_M1SIGMA_ADCRWB,LEVEL_23_M1SIGMA_ADCRWB,LEVEL_01_M2SIGMA_ADCRWB,LEVEL_12_M2SIGMA_ADCRWB,LEVEL_23_M2SIGMA_ADCRWB,LEVEL_01_M2P5SIGMA_ADCRWB,LEVEL_12_M2P5SIGMA_ADCRWB,LEVEL_23_M2P5SIGMA_ADCRWB,LEVEL_01_M3SIGMA_ADCRWB,LEVEL_12_M3SIGMA_ADCRWB,LEVEL_23_M3SIGMA_ADCRWB,LEVEL_01_170PPM_ADCRWB,LEVEL_12_170PPM_ADCRWB,LEVEL_23_170PPM_ADCRWB,LEVEL_01_500PPM_ADCRWB,LEVEL_12_500PPM_ADCRWB,LEVEL_23_500PPM_ADCRWB,LEVEL_01_0_0SIGMA_ADC,LEVEL_01_1_0SIGMA_ADC,LEVEL_12_1_0SIGMA_ADC,LEVEL_12_2_0SIGMA_ADC,LEVEL_23_2_0SIGMA_ADC,LEVEL_23_3_0SIGMA_ADC,LEVEL_01_0_M1SIGMA_ADC,LEVEL_01_1_M1SIGMA_ADC,LEVEL_12_1_M1SIGMA_ADC,LEVEL_12_2_M1SIGMA_ADC,LEVEL_23_2_M1SIGMA_ADC,LEVEL_23_3_M1SIGMA_ADC,LEVEL_01_0_M2SIGMA_ADC,LEVEL_01_1_M2SIGMA_ADC,LEVEL_12_1_M2SIGMA_ADC,LEVEL_12_2_M2SIGMA_ADC,LEVEL_23_2_M2SIGMA_ADC,LEVEL_23_3_M2SIGMA_ADC,LEVEL_01_0_M2P5SIGMA_ADC,LEVEL_01_1_M2P5SIGMA_ADC,LEVEL_12_1_M2P5SIGMA_ADC,LEVEL_12_2_M2P5SIGMA_ADC,LEVEL_23_2_M2P5SIGMA_ADC,LEVEL_23_3_M2P5SIGMA_ADC,LEVEL_01_0_M3SIGMA_ADC,LEVEL_01_1_M3SIGMA_ADC,LEVEL_12_1_M3SIGMA_ADC,LEVEL_12_2_M3SIGMA_ADC,LEVEL_23_2_M3SIGMA_ADC,LEVEL_23_3_M3SIGMA_ADC,LEVEL_01_0_170PPM_ADC,LEVEL_01_1_170PPM_ADC,LEVEL_12_1_170PPM_ADC,LEVEL_12_2_170PPM_ADC,LEVEL_23_2_170PPM_ADC,LEVEL_23_3_170PPM_ADC,LEVEL_01_0_500PPM_ADC,LEVEL_01_1_500PPM_ADC,LEVEL_12_1_500PPM_ADC,LEVEL_12_2_500PPM_ADC,LEVEL_23_2_500PPM_ADC,LEVEL_23_3_500PPM_ADC,LEVEL_0_MAXADC,LEVEL_0_MINADC,LEVEL_1_MAXADC,LEVEL_1_MINADC,LEVEL_2_MAXADC,LEVEL_2_MINADC,LEVEL_3_MAXADC,LEVEL_3_MINADC,LEVEL_0_DISTSIGMA,LEVEL_1_DISTSIGMA,LEVEL_2_DISTSIGMA,LEVEL_3_DISTSIGMA,ADC_0_COND_US,ADC_63_COND_US,LEVEL_0_0ADC_PPM,LEVEL_0_1ADC_PPM,LEVEL_0_2ADC_PPM,LEVEL_0_3ADC_PPM,LEVEL_0_4ADC_PPM,LEVEL_0_5ADC_PPM,LEVEL_0_6ADC_PPM,LEVEL_0_7ADC_PPM,LEVEL_0_8ADC_PPM,LEVEL_0_9ADC_PPM,LEVEL_0_10ADC_PPM,LEVEL_0_11ADC_PPM,LEVEL_0_12ADC_PPM,LEVEL_0_13ADC_PPM,LEVEL_0_14ADC_PPM,LEVEL_0_15ADC_PPM,LEVEL_0_16ADC_PPM,LEVEL_0_17ADC_PPM,LEVEL_0_18ADC_PPM,LEVEL_0_19ADC_PPM,LEVEL_0_20ADC_PPM,LEVEL_0_21ADC_PPM,LEVEL_0_22ADC_PPM,LEVEL_0_23ADC_PPM,LEVEL_0_24ADC_PPM,LEVEL_0_25ADC_PPM,LEVEL_0_26ADC_PPM,LEVEL_0_27ADC_PPM,LEVEL_0_28ADC_PPM,LEVEL_0_29ADC_PPM,LEVEL_0_30ADC_PPM,LEVEL_0_31ADC_PPM,LEVEL_0_32ADC_PPM,LEVEL_0_33ADC_PPM,LEVEL_0_34ADC_PPM,LEVEL_0_35ADC_PPM,LEVEL_0_36ADC_PPM,LEVEL_0_37ADC_PPM,LEVEL_0_38ADC_PPM,LEVEL_0_39ADC_PPM,LEVEL_0_40ADC_PPM,LEVEL_0_41ADC_PPM,LEVEL_0_42ADC_PPM,LEVEL_0_43ADC_PPM,LEVEL_0_44ADC_PPM,LEVEL_0_45ADC_PPM,LEVEL_0_46ADC_PPM,LEVEL_0_47ADC_PPM,LEVEL_0_48ADC_PPM,LEVEL_0_49ADC_PPM,LEVEL_0_50ADC_PPM,LEVEL_0_51ADC_PPM,LEVEL_0_52ADC_PPM,LEVEL_0_53ADC_PPM,LEVEL_0_54ADC_PPM,LEVEL_0_55ADC_PPM,LEVEL_0_56ADC_PPM,LEVEL_0_57ADC_PPM,LEVEL_0_58ADC_PPM,LEVEL_0_59ADC_PPM,LEVEL_0_60ADC_PPM,LEVEL_0_61ADC_PPM,LEVEL_0_62ADC_PPM,LEVEL_0_63ADC_PPM,LEVEL_1_0ADC_PPM,LEVEL_1_1ADC_PPM,LEVEL_1_2ADC_PPM,LEVEL_1_3ADC_PPM,LEVEL_1_4ADC_PPM,LEVEL_1_5ADC_PPM,LEVEL_1_6ADC_PPM,LEVEL_1_7ADC_PPM,LEVEL_1_8ADC_PPM,LEVEL_1_9ADC_PPM,LEVEL_1_10ADC_PPM,LEVEL_1_11ADC_PPM,LEVEL_1_12ADC_PPM,LEVEL_1_13ADC_PPM,LEVEL_1_14ADC_PPM,LEVEL_1_15ADC_PPM,LEVEL_1_16ADC_PPM,LEVEL_1_17ADC_PPM,LEVEL_1_18ADC_PPM,LEVEL_1_19ADC_PPM,LEVEL_1_20ADC_PPM,LEVEL_1_21ADC_PPM,LEVEL_1_22ADC_PPM,LEVEL_1_23ADC_PPM,LEVEL_1_24ADC_PPM,LEVEL_1_25ADC_PPM,LEVEL_1_26ADC_PPM,LEVEL_1_27ADC_PPM,LEVEL_1_28ADC_PPM,LEVEL_1_29ADC_PPM,LEVEL_1_30ADC_PPM,LEVEL_1_31ADC_PPM,LEVEL_1_32ADC_PPM,LEVEL_1_33ADC_PPM,LEVEL_1_34ADC_PPM,LEVEL_1_35ADC_PPM,LEVEL_1_36ADC_PPM,LEVEL_1_37ADC_PPM,LEVEL_1_38ADC_PPM,LEVEL_1_39ADC_PPM,LEVEL_1_40ADC_PPM,LEVEL_1_41ADC_PPM,LEVEL_1_42ADC_PPM,LEVEL_1_43ADC_PPM,LEVEL_1_44ADC_PPM,LEVEL_1_45ADC_PPM,LEVEL_1_46ADC_PPM,LEVEL_1_47ADC_PPM,LEVEL_1_48ADC_PPM,LEVEL_1_49ADC_PPM,LEVEL_1_50ADC_PPM,LEVEL_1_51ADC_PPM,LEVEL_1_52ADC_PPM,LEVEL_1_53ADC_PPM,LEVEL_1_54ADC_PPM,LEVEL_1_55ADC_PPM,LEVEL_1_56ADC_PPM,LEVEL_1_57ADC_PPM,LEVEL_1_58ADC_PPM,LEVEL_1_59ADC_PPM,LEVEL_1_60ADC_PPM,LEVEL_1_61ADC_PPM,LEVEL_1_62ADC_PPM,LEVEL_1_63ADC_PPM,LEVEL_2_0ADC_PPM,LEVEL_2_1ADC_PPM,LEVEL_2_2ADC_PPM,LEVEL_2_3ADC_PPM,LEVEL_2_4ADC_PPM,LEVEL_2_5ADC_PPM,LEVEL_2_6ADC_PPM,LEVEL_2_7ADC_PPM,LEVEL_2_8ADC_PPM,LEVEL_2_9ADC_PPM,LEVEL_2_10ADC_PPM,LEVEL_2_11ADC_PPM,LEVEL_2_12ADC_PPM,LEVEL_2_13ADC_PPM,LEVEL_2_14ADC_PPM,LEVEL_2_15ADC_PPM,LEVEL_2_16ADC_PPM,LEVEL_2_17ADC_PPM,LEVEL_2_18ADC_PPM,LEVEL_2_19ADC_PPM,LEVEL_2_20ADC_PPM,LEVEL_2_21ADC_PPM,LEVEL_2_22ADC_PPM,LEVEL_2_23ADC_PPM,LEVEL_2_24ADC_PPM,LEVEL_2_25ADC_PPM,LEVEL_2_26ADC_PPM,LEVEL_2_27ADC_PPM,LEVEL_2_28ADC_PPM,LEVEL_2_29ADC_PPM,LEVEL_2_30ADC_PPM,LEVEL_2_31ADC_PPM,LEVEL_2_32ADC_PPM,LEVEL_2_33ADC_PPM,LEVEL_2_34ADC_PPM,LEVEL_2_35ADC_PPM,LEVEL_2_36ADC_PPM,LEVEL_2_37ADC_PPM,LEVEL_2_38ADC_PPM,LEVEL_2_39ADC_PPM,LEVEL_2_40ADC_PPM,LEVEL_2_41ADC_PPM,LEVEL_2_42ADC_PPM,LEVEL_2_43ADC_PPM,LEVEL_2_44ADC_PPM,LEVEL_2_45ADC_PPM,LEVEL_2_46ADC_PPM,LEVEL_2_47ADC_PPM,LEVEL_2_48ADC_PPM,LEVEL_2_49ADC_PPM,LEVEL_2_50ADC_PPM,LEVEL_2_51ADC_PPM,LEVEL_2_52ADC_PPM,LEVEL_2_53ADC_PPM,LEVEL_2_54ADC_PPM,LEVEL_2_55ADC_PPM,LEVEL_2_56ADC_PPM,LEVEL_2_57ADC_PPM,LEVEL_2_58ADC_PPM,LEVEL_2_59ADC_PPM,LEVEL_2_60ADC_PPM,LEVEL_2_61ADC_PPM,LEVEL_2_62ADC_PPM,LEVEL_2_63ADC_PPM,LEVEL_3_0ADC_PPM,LEVEL_3_1ADC_PPM,LEVEL_3_2ADC_PPM,LEVEL_3_3ADC_PPM,LEVEL_3_4ADC_PPM,LEVEL_3_5ADC_PPM,LEVEL_3_6ADC_PPM,LEVEL_3_7ADC_PPM,LEVEL_3_8ADC_PPM,LEVEL_3_9ADC_PPM,LEVEL_3_10ADC_PPM,LEVEL_3_11ADC_PPM,LEVEL_3_12ADC_PPM,LEVEL_3_13ADC_PPM,LEVEL_3_14ADC_PPM,LEVEL_3_15ADC_PPM,LEVEL_3_16ADC_PPM,LEVEL_3_17ADC_PPM,LEVEL_3_18ADC_PPM,LEVEL_3_19ADC_PPM,LEVEL_3_20ADC_PPM,LEVEL_3_21ADC_PPM,LEVEL_3_22ADC_PPM,LEVEL_3_23ADC_PPM,LEVEL_3_24ADC_PPM,LEVEL_3_25ADC_PPM,LEVEL_3_26ADC_PPM,LEVEL_3_27ADC_PPM,LEVEL_3_28ADC_PPM,LEVEL_3_29ADC_PPM,LEVEL_3_30ADC_PPM,LEVEL_3_31ADC_PPM,LEVEL_3_32ADC_PPM,LEVEL_3_33ADC_PPM,LEVEL_3_34ADC_PPM,LEVEL_3_35ADC_PPM,LEVEL_3_36ADC_PPM,LEVEL_3_37ADC_PPM,LEVEL_3_38ADC_PPM,LEVEL_3_39ADC_PPM,LEVEL_3_40ADC_PPM,LEVEL_3_41ADC_PPM,LEVEL_3_42ADC_PPM,LEVEL_3_43ADC_PPM,LEVEL_3_44ADC_PPM,LEVEL_3_45ADC_PPM,LEVEL_3_46ADC_PPM,LEVEL_3_47ADC_PPM,LEVEL_3_48ADC_PPM,LEVEL_3_49ADC_PPM,LEVEL_3_50ADC_PPM,LEVEL_3_51ADC_PPM,LEVEL_3_52ADC_PPM,LEVEL_3_53ADC_PPM,LEVEL_3_54ADC_PPM,LEVEL_3_55ADC_PPM,LEVEL_3_56ADC_PPM,LEVEL_3_57ADC_PPM,LEVEL_3_58ADC_PPM,LEVEL_3_59ADC_PPM,LEVEL_3_60ADC_PPM,LEVEL_3_61ADC_PPM,LEVEL_3_62ADC_PPM,LEVEL_3_63ADC_PPM
FLINT,MAGNUM03,F,na,na,na,na,2025_03_11-09_22_56,na,0,0,Yes,1,na,48.22763443453082,48.22763443453082,1736.1948396431546,42.0,39.0,62.0,,,,48.22763443453082,48.22763443453082,1977.3330118158244,42.0,39.0,62.0,46.0,-7.0,11.0,33.0,-11.0,9.0,22.0,-15.0,7.0,14.0,-17.0,7.0,-9.0,-19.0,-1.0,-19.0,-21.0,-1.0,-17.0,-20.0,-1.0,13.0,59.0,59.0,52.0,52.0,63.0,24.0,57.0,61.0,50.0,54.0,63.0,32.0,54.0,63.0,48.0,56.0,63.0,37.0,51.0,63.0,46.0,56.0,63.0,57.0,48.0,63.0,44.0,63.0,62.0,63.0,44.0,63.0,42.0,63.0,62.0,63.0,46.0,63.0,43.0,63.0,62.0,63.0,0.0,63.0,38.0,63.0,38.0,63.0,61.0,9.138171124459985,2.3238701237653423,1.9611764392259403,0.04278060578897874,30.0,160.0,63853.38799131898,84108.99445382209,107547.6247890041,130841.57222088255,159006.51073064865,193923.318061249,230190.49915601642,254738.3650831926,300072.34145165177,339715.4569568362,383361.4661200868,420159.15119363397,461876.0549795032,504219.91801302147,546853.1468531468,568989.6310585965,614661.2008680974,650204.9674463467,689606.9447793586,716614.420062696,749023.3904027008,774873.4024596093,803906.438389197,824210.2724861344,851217.747769472,872052.0858451892,894670.8463949844,910730.6486616831,930455.7511454063,947383.6508319266,961948.396431155,965903.0624547865,978586.9303110682,983361.4661200868,987943.0913913671,990499.1560163974,993826.8627923799,995900.6510730648,997009.886665059,997540.3906438388,997877.9840848806,997926.211719315,997926.211719315,997974.4393537496,998070.8946226187,998215.5775259222,998215.5775259222,998263.8051603568,998360.2604292259,998360.2604292259,998360.2604292259,998360.2604292259,998408.4880636605,998504.9433325295,998601.3986013986,998601.3986013986,998649.626235833,998746.0815047021,998794.3091391367,998794.3091391367,998842.5367735712,998842.5367735712,998890.7644080058,1000000.0,0.0,0.0,0.0,0.0,0.0,0.0,0.0,0.0,0.0,0.0,0.0,0.0,0.0,0.0,0.0,0.0,0.0,0.0,0.0,0.0,0.0,0.0,0.0,0.0,0.0,0.0,0.0,0.0,0.0,0.0,0.0,0.0,0.0,0.0,0.0,0.0,0.0,0.0,48.22763443453082,48.22763443453082,48.22763443453082,48.22763443453082,96.4552688690621,192.91053773812425,289.36580660718624,337.59344104171646,626.959247648901,868.0974198215577,1832.650108512174,2748.975162768264,4485.170002411382,6269.592476489024,11767.542802025564,20689.655172413797,43115.505184470705,69447.79358572459,148203.5206173138,259223.53508560403,439836.0260429225,576175.5485893416,776175.5485893417,890282.131661442,963057.6320231492,1000000.0,0.0,0.0,0.0,0.0,0.0,0.0,0.0,0.0,0.0,0.0,0.0,0.0,0.0,0.0,0.0,0.0,0.0,0.0,0.0,0.0,0.0,0.0,0.0,0.0,0.0,0.0,0.0,0.0,0.0,0.0,0.0,0.0,0.0,0.0,0.0,0.0,0.0,0.0,48.22763443453082,96.4552688690621,96.4552688690621,192.91053773812425,434.04870991077877,771.6421509524955,1591.5119363395213,2845.4304316373314,7185.917530745107,12876.778394019768,36363.636363636375,76971.30455751152,183361.4661200868,286809.7419821557,517771.8832891246,727513.8654448999,920665.5413551965,971256.3298770195,993971.5456956836,996431.1550518447,997588.6182782734,997877.9840848806,998119.1222570533,998263.8051603568,998456.7156980949,1000000.0,0.0,0.0,0.0,0.0,0.0,0.0,0.0,0.0,0.0,0.0,0.0,0.0,0.0,0.0,0.0,0.0,0.0,0.0,0.0,0.0,0.0,0.0,0.0,0.0,0.0,0.0,0.0,0.0,0.0,0.0,0.0,0.0,0.0,0.0,0.0,0.0,0.0,0.0,0.0,0.0,0.0,0.0,0.0,0.0,0.0,0.0,0.0,0.0,0.0,0.0,0.0,0.0,0.0,0.0,0.0,0.0,0.0,0.0,0.0,0.0,0.0,144.68290330359284,1398.601398601398,1000000.0
FLINT,MAGNUM03,F,na,na,na,na,2025_03_11-09_22_56,na,0,1,Yes,1,na,0.0,0.0,385.8210754763569,41.0,34.0,62.0,,,,0.0,0.0,434.0487099108167,41.0,34.0,62.0,42.0,-5.0,11.0,32.0,-9.0,9.0,25.0,-13.0,7.0,20.0,-16.0,6.0,12.0,-19.0,5.0,-13.0,-22.0,-1.0,5.0,-21.0,3.0,15.0,57.0,57.0,52.0,52.0,63.0,22.0,54.0,59.0,50.0,54.0,63.0,27.0,52.0,61.0,48.0,56.0,63.0,30.0,50.0,62.0,46.0,57.0,63.0,35.0,47.0,63.0,44.0,58.0,63.0,57.0,44.0,63.0,41.0,63.0,62.0,40.0,45.0,63.0,42.0,60.0,63.0,63.0,0.0,63.0,41.0,63.0,34.0,63.0,61.0,7.981685540718553,2.32812579116824,2.0149342331625086,0.020830598153641456,30.0,160.0,105039.78779840855,121726.54931275622,138027.4897516278,155678.8039546661,174439.35374969855,197540.39064383888,221847.11839884252,239498.43260188086,266168.31444417645,292789.96865203755,325777.6706052568,354955.389438148,393778.63515794545,442006.2695924765,497419.82155775256,527513.8654448999,601012.7803231251,654014.9505666747,709717.868338558,751097.1786833856,796768.7484928863,834000.4822763443,871521.5818664095,895297.8056426331,924668.4350132627,948251.7482517482,966964.0704123463,978152.8816011575,986496.2623583314,990884.9770918736,994116.2285989872,994791.4154810706,997299.2524716662,997829.756450446,998504.9433325295,998842.5367735712,999276.585483482,999373.040752351,999421.2683867855,999469.4960212201,999565.9512900892,999565.9512900892,999565.9512900892,999565.9512900892,999614.1789245236,999662.4065589582,999710.6341933928,999710.6341933928,999710.6341933928,999710.6341933928,999758.8618278273,999758.8618278273,999758.8618278273,999758.8618278273,999855.3170966964,999855.3170966964,999855.3170966964,999903.5447311308,999903.5447311308,999903.5447311308,999903.5447311308,999903.5447311308,999903.5447311308,1000000.0,0.0,0.0,0.0,0.0,0.0,0.0,0.0,0.0,0.0,0.0,0.0,0.0,0.0,0.0,0.0,0.0,0.0,0.0,0.0,0.0,0.0,0.0,0.0,0.0,0.0,0.0,0.0,0.0,0.0,0.0,0.0,0.0,0.0,0.0,0.0,0.0,0.0,0.0,0.0,0.0,0.0,48.22763443453082,144.68290330359284,192.91053773812425,337.59344104171646,578.7316132143711,1012.7803231251486,1446.829033035929,3183.023872679041,5353.267422232942,10947.673016638537,18664.09452616349,41716.903785869275,81794.0680009645,169857.7284784181,261779.59971063412,445864.48034723895,615770.4364600915,798890.7644080059,893175.7897275137,965758.379551483,987171.4492404147,996382.9274174101,1000000.0,0.0,0.0,0.0,0.0,0.0,0.0,0.0,0.0,0.0,0.0,0.0,0.0,0.0,0.0,0.0,0.0,0.0,0.0,0.0,0.0,0.0,0.0,0.0,0.0,0.0,0.0,0.0,0.0,0.0,0.0,0.0,0.0,0.0,0.0,48.22763443453082,48.22763443453082,48.22763443453082,48.22763443453082,48.22763443453082,96.4552688690621,144.68290330359284,241.13817217265407,578.7316132143711,771.6421509524955,1398.601398601398,3183.023872679041,7957.559681697602,15336.387750180844,43356.6433566433,93031.10682421029,201302.14612973228,311212.92500602844,527899.6865203761,730069.93006993,911405.8355437665,967687.4849288642,993537.4969857727,997877.9840848806,998938.9920424403,999228.3578490474,999565.9512900892,999614.1789245236,999710.6341933928,1000000.0,0.0,0.0,0.0,0.0,0.0,0.0,0.0,0.0,0.0,0.0,0.0,0.0,0.0,0.0,0.0,0.0,0.0,0.0,0.0,0.0,0.0,0.0,0.0,0.0,0.0,0.0,0.0,0.0,0.0,0.0,0.0,0.0,0.0,0.0,0.0,0.0,0.0,0.0,0.0,0.0,0.0,0.0,0.0,0.0,0.0,0.0,0.0,0.0,0.0,0.0,0.0,0.0,0.0,0.0,0.0,0.0,0.0,0.0,0.0,0.0,0.0,48.22763443453082,289.36580660718624,1000000.0
FLINT,MAGNUM03,F,na,na,na,na,2025_03_11-09_22_56,na,0,2,Yes,1,na,144.68290330359284,0.0,48.22763443453082,44.0,35.0,62.0,,,,144.68290330359284,0.0,48.22763443453082,44.0,35.0,62.0,45.0,-8.0,11.0,35.0,-12.0,9.0,25.0,-15.0,7.0,19.0,-17.0,6.0,10.0,-20.0,4.0,-16.0,-24.0,0.0,3.0,-22.0,2.0,15.0,60.0,60.0,52.0,52.0,63.0,23.0,58.0,62.0,50.0,54.0,63.0,30.0,55.0,63.0,48.0,56.0,63.0,34.0,53.0,63.0,46.0,57.0,63.0,40.0,50.0,63.0,43.0,59.0,63.0,62.0,46.0,63.0,39.0,63.0,63.0,45.0,48.0,63.0,41.0,61.0,63.0,63.0,0.0,63.0,36.0,63.0,35.0,63.0,61.0,8.028101882802822,2.2758958191616805,2.2176994923866538,0.015527575859944588,30.0,160.0,63178.20110923557,77598.26380516033,92018.3265010851,107933.44586448028,126886.90619725101,147624.7890040994,170629.37062937068,193778.63515794542,222377.62237762238,252519.89389920415,284494.81552929827,317241.3793103448,363105.8596575838,414757.6561369665,477405.35326742224,515794.5502773089,588377.140101278,641138.1721726549,690330.3592958765,726886.9061972509,765758.379551483,796913.4313961901,830286.9544248855,851507.113576079,882228.1167108754,905377.3812394501,928623.101036894,945309.8625512419,963298.7701953219,974005.3050397878,982686.2792380033,983988.4253677357,990113.3349409212,992476.4890282131,994164.4562334217,995370.147094285,996382.9274174101,997106.3419339281,997974.4393537496,998697.8538702676,999131.9025801783,999228.3578490474,999373.040752351,999517.7236556546,999517.7236556546,999565.9512900892,999662.4065589582,999662.4065589582,999662.4065589582,999710.6341933928,999758.8618278273,999758.8618278273,999807.0894622619,999807.0894622619,999807.0894622619,999807.0894622619,999855.3170966964,999855.3170966964,999855.3170966964,999855.3170966964,999855.3170966964,999855.3170966964,999903.5447311308,1000000.0,0.0,0.0,0.0,0.0,0.0,0.0,0.0,0.0,0.0,0.0,0.0,0.0,0.0,0.0,0.0,0.0,0.0,0.0,0.0,0.0,0.0,0.0,0.0,0.0,0.0,0.0,0.0,0.0,0.0,0.0,0.0,0.0,0.0,0.0,0.0,0.0,48.22763443453082,48.22763443453082,48.22763443453082,48.22763443453082,48.22763443453082,144.68290330359284,144.68290330359284,144.68290330359284,192.91053773812425,192.91053773812425,289.36580660718624,337.59344104171646,626.959247648901,1109.2355919942117,1784.4224740776426,3086.56860380998,6221.364842054485,10320.71376898964,20979.020979020985,31830.23872679046,64962.6235833132,117386.06221364839,223535.08560405104,330214.6129732336,517771.8832891246,678225.2230528092,842150.9524957801,1000000.0,0.0,0.0,0.0,0.0,0.0,0.0,0.0,0.0,0.0,0.0,0.0,0.0,0.0,0.0,0.0,0.0,0.0,0.0,0.0,0.0,0.0,0.0,0.0,0.0,0.0,0.0,0.0,0.0,0.0,0.0,0.0,0.0,0.0,0.0,0.0,48.22763443453082,48.22763443453082,96.4552688690621,192.91053773812425,241.13817217265407,385.82107547624787,675.1868820834334,1061.0079575596806,1543.2843019049903,2990.1133349409165,5449.72269110199,12828.550759585236,21268.386785628147,54738.3650831927,105907.88521823002,220737.88280684824,322787.5572703159,521678.32167832163,695780.0819869785,884398.3602604292,948492.8864239209,987991.3190258017,996720.5208584518,998601.3986013986,999324.8131179166,999517.7236556546,999565.9512900892,999565.9512900892,1000000.0,0.0,0.0,0.0,0.0,0.0,0.0,0.0,0.0,0.0,0.0,0.0,0.0,0.0,0.0,0.0,0.0,0.0,0.0,0.0,0.0,0.0,0.0,0.0,0.0,0.0,0.0,0.0,0.0,0.0,0.0,0.0,0.0,0.0,0.0,0.0,0.0,0.0,0.0,0.0,0.0,0.0,0.0,0.0,0.0,0.0,0.0,0.0,0.0,0.0,0.0,0.0,0.0,0.0,0.0,0.0,0.0,0.0,0.0,0.0,0.0,0.0,48.22763443453082,96.4552688690621,1000000.0
FLINT,MAGNUM03,F,na,na,na,na,2025_03_11-09_22_56,na,0,3,Yes,1,na,241.13817217265407,0.0,578.7316132144223,43.0,38.0,62.0,,,,241.13817217265407,0.0,675.1868820834844,43.0,38.0,62.0,44.0,-6.0,11.0,34.0,-10.0,9.0,24.0,-14.0,7.0,18.0,-17.0,6.0,8.0,-19.0,4.0,-22.0,-23.0,0.0,-8.0,-21.0,1.0,14.0,58.0,58.0,52.0,52.0,63.0,21.0,55.0,60.0,50.0,54.0,63.0,28.0,52.0,62.0,48.0,56.0,63.0,32.0,50.0,63.0,46.0,57.0,63.0,39.0,47.0,63.0,44.0,59.0,63.0,63.0,41.0,63.0,40.0,63.0,63.0,54.0,46.0,63.0,42.0,62.0,63.0,63.0,0.0,63.0,34.0,63.0,38.0,63.0,61.0,7.8631509394649886,2.412309833616376,2.149646256134219,0.017009251628615354,30.0,160.0,89269.35133831688,105136.24306727754,125825.89823969132,143236.074270557,165999.51772365562,188811.1888111888,214371.83506149027,233904.02700747526,264383.89197009883,293175.78972751385,328285.5075958524,359922.8357849048,403520.61731372075,452182.3004581625,511261.152640463,544152.399324813,622811.6710875331,677357.1256329877,728478.4181335905,765034.9650349651,806800.0964552688,843115.5051844708,877308.8979985532,897419.8215577526,928140.8246925487,948058.8377140102,967976.8507354714,977236.5565469014,985772.8478418133,989582.8309621413,991994.2126838678,992862.3101036893,995321.9194598505,996334.6997829756,996961.6590306245,997588.6182782734,997926.211719315,998312.0327947914,998649.626235833,998794.3091391367,998890.7644080058,999035.4473113093,999035.4473113093,999035.4473113093,999083.6749457439,999180.1302146129,999276.585483482,999276.585483482,999373.040752351,999373.040752351,999469.4960212201,999469.4960212201,999469.4960212201,999517.7236556546,999565.9512900892,999662.4065589582,999758.8618278273,999807.0894622619,999807.0894622619,999807.0894622619,999807.0894622619,999807.0894622619,999855.3170966964,1000000.0,0.0,0.0,0.0,0.0,0.0,0.0,0.0,0.0,0.0,0.0,0.0,0.0,0.0,0.0,0.0,0.0,0.0,0.0,0.0,0.0,0.0,0.0,0.0,0.0,0.0,0.0,0.0,0.0,0.0,0.0,0.0,0.0,0.0,0.0,48.22763443453082,48.22763443453082,48.22763443453082,48.22763443453082,48.22763443453082,48.22763443453082,144.68290330359284,241.13817217265407,241.13817217265407,289.36580660718624,337.59344104171646,482.27634434531,1012.7803231251486,1446.829033035929,2700.747528333735,4292.259464673261,8873.884735953696,12442.729684109,27103.930552206417,51748.25174825174,110971.78683385583,171883.28912466843,326308.17458403663,479141.5481070653,676296.1176754279,788232.4571979744,916662.6476971305,964359.7781528815,990354.4731130938,1000000.0,0.0,0.0,0.0,0.0,0.0,0.0,0.0,0.0,0.0,0.0,0.0,0.0,0.0,0.0,0.0,0.0,0.0,0.0,0.0,0.0,0.0,0.0,0.0,0.0,0.0,0.0,0.0,0.0,0.0,0.0,0.0,0.0,0.0,0.0,0.0,0.0,0.0,0.0,48.22763443453082,96.4552688690621,289.36580660718624,434.04870991077877,675.1868820834334,1109.2355919942117,2459.609356161082,4244.031830238725,12008.680974198212,22281.167108753332,60911.502290812634,122884.01253918507,250301.42271521583,356257.5355678804,580950.0843983602,752640.4629852906,917675.4280202555,964793.8268627924,992572.9442970823,996720.5208584518,998408.4880636605,998794.3091391367,999131.9025801783,999421.2683867855,999710.6341933928,1000000.0,0.0,0.0,0.0,0.0,0.0,0.0,0.0,0.0,0.0,0.0,0.0,0.0,0.0,0.0,0.0,0.0,0.0,0.0,0.0,0.0,0.0,0.0,0.0,0.0,0.0,0.0,0.0,0.0,0.0,0.0,0.0,0.0,0.0,0.0,0.0,0.0,0.0,0.0,0.0,0.0,0.0,0.0,0.0,0.0,0.0,0.0,0.0,0.0,0.0,0.0,0.0,0.0,0.0,0.0,0.0,0.0,0.0,0.0,0.0,0.0,0.0,48.22763443453082,144.68290330359284,1000000.0
FLINT,MAGNUM03,F,na,na,na,na,2025_03_11-09_22_56,na,0,4,Yes,1,na,1495.056667470457,0.0,17844.224740776517,42.0,26.0,62.0,,,,1495.056667470457,0.0,17844.224740776517,42.0,26.0,62.0,45.0,-5.0,11.0,30.0,-10.0,9.0,18.0,-17.0,5.0,10.0,-22.0,0.0,-10.0,-25.0,0.0,-26.0,-28.0,0.0,-21.0,-27.0,0.0,12.0,57.0,57.0,52.0,52.0,63.0,24.0,54.0,59.0,49.0,54.0,63.0,32.0,50.0,62.0,45.0,58.0,63.0,36.0,46.0,63.0,41.0,63.0,63.0,52.0,42.0,63.0,38.0,63.0,63.0,63.0,37.0,63.0,35.0,63.0,63.0,61.0,40.0,63.0,36.0,63.0,63.0,63.0,0.0,63.0,25.0,63.0,26.0,63.0,63.0,9.820790611720234,3.0360136018239134,3.2570132327621284,0.0,30.0,160.0,141933.92814082466,170195.3219194598,200144.68290330356,225415.96334699783,256378.1046539667,291053.7738123945,326259.9469496021,351434.77212442725,387364.3597781529,422666.9881842295,456812.1533638775,487292.018326501,520954.9071618037,554762.4789004099,589100.554617796,608632.7465637809,645141.0658307209,675813.8413310827,706968.8931757897,730600.4340487099,760405.11212925,785869.3031106824,811429.9493609838,830913.9136725343,855027.7308897998,875958.5242343864,898625.5124186157,915939.2331806124,933928.1408246924,948396.4311550518,962720.0385821075,967783.9401977332,981528.8160115746,987026.766337111,991319.0258017844,993392.8140824692,995225.4641909814,996190.0168796721,996527.6103207137,996816.9761273209,997299.2524716662,997540.3906438388,997540.3906438388,997636.845912708,997877.9840848806,997974.4393537496,998215.5775259222,998263.8051603568,998408.4880636605,998553.1709669641,998697.8538702676,998697.8538702676,998842.5367735712,998938.9920424403,999035.4473113093,999083.6749457439,999228.3578490474,999324.8131179166,999324.8131179166,999373.040752351,999469.4960212201,999565.9512900892,999614.1789245236,1000000.0,0.0,0.0,0.0,0.0,0.0,0.0,0.0,0.0,0.0,0.0,0.0,0.0,0.0,0.0,0.0,0.0,0.0,0.0,0.0,0.0,0.0,0.0,0.0,0.0,0.0,48.22763443453082,48.22763443453082,48.22763443453082,48.22763443453082,48.22763443453082,48.22763443453082,48.22763443453082,48.22763443453082,48.22763443453082,48.22763443453082,96.4552688690621,144.68290330359284,241.13817217265407,337.59344104171646,530.5039787798403,819.8697853870253,1012.7803231251486,1543.2843019049903,2025.5606462503029,3038.3409693754506,4436.942367976849,6462.5030142271535,8488.063660477448,15143.477212442745,22715.215818664117,37617.55485893416,52134.072823728035,86857.96961659026,129250.060284543,214902.33904027002,295104.895104895,454497.22691102,593199.9035447311,754714.2512659753,841861.586689173,928574.8734024595,964938.509766096,985338.7991319025,1000000.0,0.0,0.0,0.0,0.0,0.0,0.0,0.0,0.0,0.0,0.0,0.0,0.0,0.0,0.0,0.0,0.0,0.0,0.0,0.0,0.0,0.0,0.0,0.0,0.0,0.0,0.0,48.22763443453082,48.22763443453082,48.22763443453082,48.22763443453082,48.22763443453082,48.22763443453082,96.4552688690621,144.68290330359284,192.91053773812425,482.27634434531,723.414516517964,1061.0079575596806,1736.1948396431121,2507.836990595609,4244.031830238725,6317.820110923553,9983.120327947918,13455.510007234145,21895.346033277066,34916.807330600415,60091.63250542564,88931.75789727509,151820.5931999036,234434.5309862551,379840.84880636603,487918.97757414996,662261.8760549794,784422.4740776464,899734.7480106099,939570.7740535326,966964.0704123463,974535.8090185677,979406.8000964551,980660.7185917529,981866.4094526162,982155.7752592235,983216.7832167832,1000000.0,0.0,0.0,0.0,0.0,0.0,0.0,0.0,0.0,0.0,0.0,0.0,0.0,0.0,0.0,0.0,0.0,0.0,0.0,0.0,0.0,0.0,0.0,0.0,0.0,0.0,0.0,0.0,0.0,0.0,0.0,0.0,0.0,0.0,0.0,0.0,0.0,0.0,0.0,0.0,0.0,0.0,0.0,0.0,0.0,0.0,0.0,0.0,0.0,0.0,0.0,0.0,0.0,0.0,0.0,0.0,0.0,0.0,0.0,0.0,0.0,0.0,0.0,0.0,1000000.0
FLINT,MAGNUM03,F,na,na,na,na,2025_03_11-09_22_56,na,0,5,Yes,1,na,96.4552688690621,0.0,1157.4632264288473,44.0,38.0,62.0,,,,96.4552688690621,0.0,1157.4632264288473,44.0,38.0,62.0,46.0,-8.0,10.0,37.0,-13.0,8.0,26.0,-16.0,6.0,19.0,-18.0,5.0,10.0,-20.0,2.0,-11.0,-22.0,0.0,2.0,-21.0,0.0,15.0,61.0,61.0,53.0,53.0,63.0,22.0,59.0,63.0,50.0,55.0,63.0,29.0,55.0,63.0,47.0,57.0,63.0,34.0,53.0,63.0,45.0,58.0,63.0,40.0,50.0,63.0,43.0,61.0,63.0,56.0,45.0,63.0,41.0,63.0,63.0,46.0,48.0,63.0,42.0,63.0,63.0,63.0,0.0,63.0,40.0,63.0,38.0,63.0,63.0,7.423869622628886,2.237516041035877,2.4963872489547807,0.0,30.0,160.0,44899.92765854842,56812.153363877514,71810.94767301659,86713.28671328665,103448.275862069,122112.37038823236,141933.92814082466,159199.42126838682,185917.5307451169,212249.81914637092,250928.38196286472,289510.4895104895,339136.7253436218,401398.6013986014,469640.7041234627,508994.45382204,588232.4571979744,643983.6026042922,699445.3822040028,735664.3356643356,776609.5972992524,812732.0954907162,846539.6672293224,870122.980467808,900795.7559681697,925632.9877019532,949843.2601880877,963636.3636363636,976368.4591270798,983216.7832167832,986930.3110682421,987798.4084880636,991463.7087050879,993055.2206414274,994453.8220400289,995177.2365565469,996575.8379551483,997299.2524716662,998119.1222570533,998601.3986013986,998987.2196768748,999131.9025801783,999276.585483482,999324.8131179166,999324.8131179166,999469.4960212201,999565.9512900892,999565.9512900892,999662.4065589582,999662.4065589582,999758.8618278273,999758.8618278273,999855.3170966964,999855.3170966964,999855.3170966964,999855.3170966964,999903.5447311308,999903.5447311308,999951.7723655654,999951.7723655654,1000000.0,1000000.0,1000000.0,1000000.0,0.0,0.0,0.0,0.0,0.0,0.0,0.0,0.0,0.0,0.0,0.0,0.0,0.0,0.0,0.0,0.0,0.0,0.0,0.0,0.0,0.0,0.0,0.0,0.0,0.0,0.0,0.0,0.0,0.0,0.0,0.0,0.0,0.0,0.0,0.0,0.0,0.0,0.0,0.0,0.0,48.22763443453082,48.22763443453082,48.22763443453082,96.4552688690621,144.68290330359284,241.13817217265407,385.82107547624787,385.82107547624787,578.7316132143711,1061.0079575596806,2363.1540872920177,3231.251507113574,5305.039787798405,9115.022908126357,15673.98119122258,24789.004099348924,47311.30938027491,80106.10079575598,157656.13696648183,241379.31034482757,396913.43139619,543332.529539426,725584.7600675187,1000000.0,0.0,0.0,0.0,0.0,0.0,0.0,0.0,0.0,0.0,0.0,0.0,0.0,0.0,0.0,0.0,0.0,0.0,0.0,0.0,0.0,0.0,0.0,0.0,0.0,0.0,0.0,0.0,0.0,0.0,0.0,0.0,0.0,0.0,0.0,0.0,0.0,0.0,0.0,48.22763443453082,48.22763443453082,192.91053773812425,530.5039787798403,771.6421509524955,1398.601398601398,2748.975162768264,6317.820110923553,13407.2823727996,22811.671087533156,50590.78852182297,91198.45671569809,183313.23848565228,258741.25874125876,414468.29033035925,556836.2671810947,758427.7791174342,863756.9327224499,959054.7383650831,984711.8398842536,995418.3747287195,997202.7972027971,998456.7156980949,998842.5367735712,998987.2196768748,1000000.0,0.0,0.0,0.0,0.0,0.0,0.0,0.0,0.0,0.0,0.0,0.0,0.0,0.0,0.0,0.0,0.0,0.0,0.0,0.0,0.0,0.0,0.0,0.0,0.0,0.0,0.0,0.0,0.0,0.0,0.0,0.0,0.0,0.0,0.0,0.0,0.0,0.0,0.0,0.0,0.0,0.0,0.0,0.0,0.0,0.0,0.0,0.0,0.0,0.0,0.0,0.0,0.0,0.0,0.0,0.0,0.0,0.0,0.0,0.0,0.0,0.0,0.0,0.0,1000000.0
FLINT,MAGNUM03,F,na,na,na,na,2025_03_11-09_22_56,na,0,6,Yes,1,na,385.82107547624787,0.0,482.27634434538857,42.0,32.0,62.0,,,,385.82107547624787,0.0,482.27634434538857,42.0,32.0,62.0,44.0,-6.0,11.0,33.0,-10.0,9.0,23.0,-15.0,7.0,17.0,-18.0,6.0,8.0,-21.0,4.0,-16.0,-25.0,0.0,-6.0,-22.0,1.0,14.0,58.0,58.0,52.0,52.0,63.0,22.0,55.0,60.0,50.0,54.0,63.0,28.0,51.0,62.0,47.0,56.0,63.0,32.0,49.0,63.0,45.0,57.0,63.0,37.0,45.0,63.0,42.0,59.0,63.0,57.0,41.0,63.0,38.0,63.0,63.0,49.0,43.0,63.0,41.0,62.0,63.0,63.0,0.0,63.0,35.0,63.0,32.0,63.0,63.0,7.891621989376013,2.6834299014033642,2.399241800505396,0.0,30.0,160.0,86182.78273450685,104702.19435736672,122305.28092597054,140872.9201832651,161755.48589341692,186930.31106824204,210754.7624789004,232939.4743187846,262503.01422715216,293561.61080299004,327706.77598263795,364070.4123462744,409259.70581142994,465251.98938992043,522015.9151193634,561032.0713768989,634193.3928140823,687243.7906920665,736291.2949119845,771015.1917048468,808680.9741982155,839980.7089462262,870412.3462744151,889751.6276826622,916373.2818905233,936821.7988907644,957559.6816976126,969230.7692307692,980612.4909573185,986882.0834338076,990884.9770918736,991753.0745116952,995129.0089221123,996672.2932240173,997540.3906438388,997974.4393537496,998601.3986013986,998746.0815047021,998890.7644080058,998987.2196768748,999083.6749457439,999131.9025801783,999131.9025801783,999180.1302146129,999276.585483482,999324.8131179166,999373.040752351,999421.2683867855,999421.2683867855,999614.1789245236,999758.8618278273,999807.0894622619,999807.0894622619,999855.3170966964,999855.3170966964,999855.3170966964,999855.3170966964,999951.7723655654,999951.7723655654,999951.7723655654,999951.7723655654,999951.7723655654,999951.7723655654,1000000.0,0.0,0.0,0.0,0.0,0.0,0.0,0.0,0.0,0.0,0.0,0.0,0.0,0.0,0.0,0.0,0.0,0.0,0.0,0.0,0.0,0.0,0.0,0.0,0.0,0.0,0.0,0.0,0.0,0.0,0.0,0.0,0.0,0.0,0.0,0.0,48.22763443453082,48.22763443453082,48.22763443453082,48.22763443453082,48.22763443453082,96.4552688690621,241.13817217265407,434.04870991077877,868.0974198215577,1157.4632264287443,1687.967205208584,2652.5198938992025,3520.617313720762,6124.909573185426,9356.161080299,16879.672052085858,24740.776464914372,44080.05787316135,74608.15047021942,136773.57125632995,206993.00699300694,347769.4719074029,496648.1794068001,673932.9635881359,793682.1798890764,907113.5760790934,957270.3158910056,982348.6857969615,1000000.0,0.0,0.0,0.0,0.0,0.0,0.0,0.0,0.0,0.0,0.0,0.0,0.0,0.0,0.0,0.0,0.0,0.0,0.0,0.0,0.0,0.0,0.0,0.0,0.0,0.0,0.0,0.0,0.0,0.0,0.0,0.0,0.0,48.22763443453082,96.4552688690621,96.4552688690621,96.4552688690621,96.4552688690621,192.91053773812425,289.36580660718624,385.82107547624787,482.27634434531,1061.0079575596806,1832.650108512174,2556.0646250301406,5063.901615625751,9452.616349168073,19532.191945985043,33711.116469737135,76247.89004099346,138027.4897516278,258403.66530021702,364793.82686279237,551965.2761032071,715456.9568362671,883674.9457439112,946129.732336629,984518.9293465156,994694.9602122015,998215.5775259222,999131.9025801783,999421.2683867855,999517.7236556546,999662.4065589582,1000000.0,0.0,0.0,0.0,0.0,0.0,0.0,0.0,0.0,0.0,0.0,0.0,0.0,0.0,0.0,0.0,0.0,0.0,0.0,0.0,0.0,0.0,0.0,0.0,0.0,0.0,0.0,0.0,0.0,0.0,0.0,0.0,0.0,0.0,0.0,0.0,0.0,0.0,0.0,0.0,0.0,0.0,0.0,0.0,0.0,0.0,0.0,0.0,0.0,0.0,0.0,0.0,0.0,0.0,0.0,0.0,0.0,0.0,0.0,0.0,0.0,0.0,0.0,0.0,1000000.0
FLINT,MAGNUM03,F,na,na,na,na,2025_03_11-09_22_56,na,0,7,Yes,1,na,0.0,0.0,578.7316132144223,38.0,37.0,61.0,,,,0.0,0.0,578.7316132144223,38.0,37.0,61.0,45.0,-5.0,11.0,35.0,-10.0,9.0,24.0,-15.0,7.0,19.0,-18.0,6.0,10.0,-21.0,4.0,1.0,-24.0,0.0,8.0,-22.0,2.0,12.0,57.0,57.0,52.0,52.0,63.0,20.0,55.0,60.0,50.0,54.0,63.0,27.0,51.0,62.0,47.0,56.0,63.0,30.0,49.0,63.0,45.0,57.0,63.0,35.0,45.0,63.0,42.0,59.0,63.0,42.0,43.0,63.0,39.0,63.0,63.0,36.0,44.0,63.0,41.0,61.0,63.0,48.0,0.0,63.0,38.0,63.0,37.0,63.0,63.0,7.9855853954258285,2.5995431023215896,2.32311704815794,0.0,30.0,160.0,164938.50976609602,185628.16493850976,208054.01495056663,228357.84904750422,249819.1463708705,273884.7359537014,296648.17940680013,317530.745116952,348878.7074993971,385097.6609597299,427441.52399324806,473981.1912225705,523269.8336146612,582975.6450446105,639836.0260429225,669930.0699300698,725632.9877019532,768555.5823486856,807137.6898963106,836363.6363636364,864480.3472389678,888690.6197251023,911695.2013503737,926983.36146612,945599.2283578491,959054.7383650831,971979.7443935374,981335.9054738365,988762.9611767542,992910.5377381239,995611.2852664576,996672.2932240173,997829.756450446,998263.8051603568,998553.1709669641,999180.1302146129,999565.9512900892,999710.6341933928,999710.6341933928,999758.8618278273,999807.0894622619,999855.3170966964,999903.5447311308,999903.5447311308,999903.5447311308,999951.7723655654,1000000.0,1000000.0,1000000.0,1000000.0,1000000.0,1000000.0,1000000.0,1000000.0,1000000.0,1000000.0,1000000.0,1000000.0,1000000.0,1000000.0,1000000.0,1000000.0,1000000.0,1000000.0,0.0,0.0,0.0,0.0,0.0,0.0,0.0,0.0,0.0,0.0,0.0,0.0,0.0,0.0,0.0,0.0,0.0,0.0,0.0,0.0,0.0,0.0,0.0,0.0,0.0,0.0,0.0,0.0,0.0,0.0,0.0,0.0,0.0,0.0,0.0,0.0,0.0,0.0,48.22763443453082,48.22763443453082,96.4552688690621,96.4552688690621,96.4552688690621,385.82107547624787,1157.4632264287443,1591.5119363395213,2652.5198938992025,3520.617313720762,6028.454304316367,9404.388714733534,16252.71280443696,23535.085604051124,41765.13142030383,73595.37014709426,142319.74921630096,216493.85097660957,372751.38654448994,527465.6378104654,712081.0224258499,818905.2326983361,922691.1020014468,965903.0624547865,987219.6768748492,1000000.0,0.0,0.0,0.0,0.0,0.0,0.0,0.0,0.0,0.0,0.0,0.0,0.0,0.0,0.0,0.0,0.0,0.0,0.0,0.0,0.0,0.0,0.0,0.0,0.0,0.0,0.0,0.0,0.0,0.0,0.0,0.0,0.0,0.0,0.0,0.0,0.0,0.0,48.22763443453082,144.68290330359284,289.36580660718624,530.5039787798403,868.0974198215577,1495.056667470457,2266.6988184229576,4678.080540149494,8777.42946708464,19049.915601639714,31878.46636122496,73016.63853387989,135809.01856763932,265300.2170243549,372269.11020014464,571449.2404147576,732722.4499638291,898336.1466120087,955871.714492404,989100.5546177959,995948.8787074994,998553.1709669641,999131.9025801783,999421.2683867855,999662.4065589582,999662.4065589582,1000000.0,0.0,0.0,0.0,0.0,0.0,0.0,0.0,0.0,0.0,0.0,0.0,0.0,0.0,0.0,0.0,0.0,0.0,0.0,0.0,0.0,0.0,0.0,0.0,0.0,0.0,0.0,0.0,0.0,0.0,0.0,0.0,0.0,0.0,0.0,0.0,0.0,0.0,0.0,0.0,0.0,0.0,0.0,0.0,0.0,0.0,0.0,0.0,0.0,0.0,0.0,0.0,0.0,0.0,0.0,0.0,0.0,0.0,0.0,0.0,0.0,0.0,0.0,0.0,1000000.0
FLINT,MAGNUM03,F,na,na,na,na,2025_03_11-09_22_56,na,0,8,Yes,1,na,0.0,0.0,289.36580660721114,39.0,37.0,61.0,,,,0.0,0.0,385.8210754763569,39.0,37.0,61.0,43.0,-3.0,10.0,34.0,-7.0,9.0,24.0,-12.0,7.0,19.0,-14.0,6.0,14.0,-16.0,5.0,7.0,-21.0,-1.0,12.0,-19.0,3.0,13.0,56.0,56.0,53.0,53.0,63.0,20.0,54.0,58.0,51.0,54.0,63.0,27.0,51.0,60.0,48.0,56.0,63.0,30.0,49.0,61.0,47.0,57.0,63.0,32.0,46.0,62.0,46.0,58.0,63.0,34.0,41.0,63.0,42.0,63.0,62.0,33.0,45.0,63.0,44.0,59.0,62.0,40.0,0.0,63.0,39.0,63.0,37.0,63.0,60.0,8.176643503049183,2.2788792313635473,1.8777457381717066,0.04444414198868011,30.0,160.0,185338.7991319026,206800.09645526885,226862.7923800337,245189.29346515556,262792.38003375934,283144.4417651314,306245.4786592718,326259.9469496021,352158.1866409452,379551.48299975885,409934.89269351336,441379.3103448276,480733.0600434048,533397.6368459127,588666.5059078851,623293.9474318784,691391.3672534362,748396.4311550518,792910.5377381238,830286.9544248855,862647.6971304558,890716.1803713527,914974.6804919218,930262.8406076682,946853.1468531468,961224.981914637,972124.427296841,979744.393537497,987750.1808536291,992862.3101036893,996865.2037617555,998215.5775259222,999324.8131179166,999662.4065589582,999903.5447311308,999951.7723655654,1000000.0,1000000.0,1000000.0,1000000.0,1000000.0,1000000.0,1000000.0,1000000.0,1000000.0,1000000.0,1000000.0,1000000.0,1000000.0,1000000.0,1000000.0,1000000.0,1000000.0,1000000.0,1000000.0,1000000.0,1000000.0,1000000.0,1000000.0,1000000.0,1000000.0,1000000.0,1000000.0,1000000.0,0.0,0.0,0.0,0.0,0.0,0.0,0.0,0.0,0.0,0.0,0.0,0.0,0.0,0.0,0.0,0.0,0.0,0.0,0.0,0.0,0.0,0.0,0.0,0.0,0.0,0.0,0.0,0.0,0.0,0.0,0.0,0.0,0.0,0.0,0.0,0.0,0.0,0.0,0.0,48.22763443453082,96.4552688690621,289.36580660718624,289.36580660718624,289.36580660718624,482.27634434531,723.414516517964,1687.967205208584,2025.5606462503029,5015.673981191222,9066.795273691821,18326.501085121767,30142.271521581883,67711.59874608151,129587.65372558484,255702.9177718832,374535.80901856767,580660.718591753,752736.9182541596,902290.8126356401,954714.2512659753,987026.766337111,995563.0576320231,998987.2196768748,1000000.0,0.0,0.0,0.0,0.0,0.0,0.0,0.0,0.0,0.0,0.0,0.0,0.0,0.0,0.0,0.0,0.0,0.0,0.0,0.0,0.0,0.0,0.0,0.0,0.0,0.0,0.0,0.0,0.0,0.0,0.0,0.0,0.0,0.0,0.0,0.0,0.0,0.0,48.22763443453082,48.22763443453082,144.68290330359284,144.68290330359284,144.68290330359284,241.13817217265407,337.59344104171646,675.1868820834334,1350.373764166866,3906.438389197008,8584.518929346517,24789.004099348924,54111.4058355437,132867.13286713298,218422.95635399083,414902.3390402701,630817.4584036653,870171.2081022426,954955.389438148,992621.1719315166,998167.3498914879,999469.4960212201,999614.1789245236,999710.6341933928,999758.8618278273,999758.8618278273,1000000.0,0.0,0.0,0.0,0.0,0.0,0.0,0.0,0.0,0.0,0.0,0.0,0.0,0.0,0.0,0.0,0.0,0.0,0.0,0.0,0.0,0.0,0.0,0.0,0.0,0.0,0.0,0.0,0.0,0.0,0.0,0.0,0.0,0.0,0.0,0.0,0.0,0.0,0.0,0.0,0.0,0.0,0.0,0.0,0.0,0.0,0.0,0.0,0.0,0.0,0.0,0.0,0.0,0.0,0.0,0.0,0.0,0.0,0.0,0.0,0.0,48.22763443453082,192.91053773812425,1157.4632264287443,1000000.0
FLINT,MAGNUM03,F,na,na,na,na,2025_03_11-09_22_56,na,0,9,Yes,1,na,675.1868820834552,0.0,0.0,40.0,31.0,0.0,,,,723.414516517964,0.0,0.0,40.0,31.0,0.0,43.0,-5.0,11.0,32.0,-11.0,9.0,20.0,-16.0,7.0,16.0,-19.0,6.0,8.0,-22.0,3.0,-14.0,-26.0,0.0,-4.0,-24.0,0.0,14.0,57.0,57.0,52.0,52.0,63.0,22.0,54.0,60.0,49.0,54.0,63.0,30.0,50.0,62.0,46.0,56.0,63.0,32.0,48.0,63.0,44.0,57.0,63.0,36.0,44.0,63.0,41.0,60.0,63.0,52.0,38.0,63.0,37.0,63.0,63.0,44.0,40.0,63.0,39.0,63.0,63.0,63.0,0.0,63.0,0.0,63.0,31.0,63.0,0.0,8.253440629743581,2.8118689016090017,2.4511798581008413,0.4374894505865458,30.0,160.0,99252.47166626477,117144.92404147581,136146.61200868094,154617.7959971064,175596.81697612733,199758.86182782738,225464.19098143233,247263.08174584032,278369.9059561128,311020.0144682903,349071.6180371353,385194.1162285989,432843.01904991554,488353.02628406073,547142.512659754,581769.9541837472,648517.0002411382,696214.1306968894,740631.7820110924,772654.9312756209,805980.2266698817,835881.3600192909,861876.0549795033,880299.0113334941,901567.3981191224,918977.5741499879,936291.2949119845,948492.8864239209,961996.6240655895,972027.972027972,982300.4581625271,985724.6202073788,994405.5944055944,996575.8379551483,997926.211719315,998697.8538702676,998890.7644080058,999131.9025801783,999228.3578490474,999324.8131179166,999373.040752351,999373.040752351,999469.4960212201,999517.7236556546,999565.9512900892,999565.9512900892,999614.1789245236,999614.1789245236,999710.6341933928,999807.0894622619,999807.0894622619,999807.0894622619,999903.5447311308,999903.5447311308,999903.5447311308,999951.7723655654,999951.7723655654,999951.7723655654,999951.7723655654,999951.7723655654,1000000.0,1000000.0,1000000.0,1000000.0,48.22763443453082,48.22763443453082,48.22763443453082,48.22763443453082,48.22763443453082,48.22763443453082,48.22763443453082,48.22763443453082,48.22763443453082,48.22763443453082,48.22763443453082,48.22763443453082,48.22763443453082,48.22763443453082,48.22763443453082,48.22763443453082,48.22763443453082,48.22763443453082,48.22763443453082,48.22763443453082,48.22763443453082,48.22763443453082,48.22763443453082,48.22763443453082,48.22763443453082,48.22763443453082,48.22763443453082,48.22763443453082,48.22763443453082,48.22763443453082,48.22763443453082,48.22763443453082,48.22763443453082,48.22763443453082,48.22763443453082,48.22763443453082,96.4552688690621,192.91053773812425,289.36580660718624,385.82107547624787,675.1868820834334,771.6421509524955,916.3250542560885,1253.9184952978064,1880.8777429467057,2652.5198938992025,4147.576561369663,5594.405594405593,9693.754521340716,13937.786351579458,24210.272486134556,34338.07571738605,59030.62454786591,97998.55317096694,172992.52471666265,252905.7149746804,417458.40366530017,565179.6479382686,735037.3764166868,835254.4007716422,928381.9628647214,965613.6966481793,986255.1241861585,1000000.0,0.0,0.0,0.0,0.0,0.0,0.0,0.0,0.0,0.0,0.0,0.0,0.0,0.0,0.0,0.0,0.0,0.0,0.0,0.0,0.0,0.0,0.0,0.0,0.0,0.0,0.0,0.0,0.0,0.0,0.0,0.0,48.22763443453082,96.4552688690621,96.4552688690621,96.4552688690621,96.4552688690621,192.91053773812425,289.36580660718624,337.59344104171646,578.7316132143711,1061.0079575596806,1543.2843019049903,2363.1540872920177,4099.348926935128,7909.3320472630785,13503.73764166868,28791.897757414958,48324.089703400066,99397.15456956827,175307.45116952012,318736.4359778152,437087.0508801543,633277.0677598264,782107.547624789,917193.1516759102,962189.5346033276,989197.009886665,995755.9681697612,997829.756450446,998649.626235833,999083.6749457439,999180.1302146129,999324.8131179166,1000000.0,48.22763443453082,48.22763443453082,48.22763443453082,48.22763443453082,48.22763443453082,48.22763443453082,48.22763443453082,48.22763443453082,48.22763443453082,48.22763443453082,48.22763443453082,48.22763443453082,48.22763443453082,48.22763443453082,48.22763443453082,48.22763443453082,48.22763443453082,48.22763443453082,48.22763443453082,48.22763443453082,48.22763443453082,48.22763443453082,48.22763443453082,48.22763443453082,48.22763443453082,48.22763443453082,48.22763443453082,48.22763443453082,48.22763443453082,48.22763443453082,48.22763443453082,48.22763443453082,48.22763443453082,48.22763443453082,48.22763443453082,48.22763443453082,48.22763443453082,48.22763443453082,48.22763443453082,48.22763443453082,48.22763443453082,48.22763443453082,48.22763443453082,48.22763443453082,48.22763443453082,48.22763443453082,48.22763443453082,48.22763443453082,48.22763443453082,48.22763443453082,48.22763443453082,48.22763443453082,48.22763443453082,48.22763443453082,48.22763443453082,48.22763443453082,48.22763443453082,48.22763443453082,48.22763443453082,48.22763443453082,48.22763443453082,48.22763443453082,48.22763443453082,1000000.0
FLINT,MAGNUM03,F,na,na,na,na,2025_03_11-09_22_56,na,0,10,Yes,1,na,144.68290330360517,48.22763443453082,0.0,44.0,34.0,0.0,,,,289.365806607198,48.22763443453082,0.0,44.0,34.0,0.0,46.0,-8.0,11.0,36.0,-12.0,9.0,20.0,-16.0,7.0,15.0,-18.0,6.0,10.0,-21.0,4.0,1.0,-23.0,0.0,6.0,-22.0,3.0,14.0,60.0,60.0,52.0,52.0,63.0,22.0,58.0,62.0,50.0,54.0,63.0,34.0,54.0,63.0,47.0,56.0,63.0,37.0,52.0,63.0,45.0,57.0,63.0,39.0,49.0,63.0,42.0,59.0,63.0,44.0,45.0,63.0,40.0,63.0,63.0,40.0,46.0,63.0,41.0,60.0,63.0,46.0,0.0,63.0,0.0,63.0,34.0,63.0,0.0,8.461880277189467,2.3650287789595845,2.2711355427734405,0.43770917883328075,30.0,160.0,71135.76079093323,87918.97757414996,105811.42994936105,122594.64673257775,144634.67566915843,166385.33879913192,191994.21268386784,211381.72172654935,243019.04991560164,273016.63853387994,307981.67349891487,344779.358572462,397058.1142994936,453677.35712563293,516662.64769713045,548734.0245960936,626187.6054979502,676296.1176754279,722594.6467325778,755051.8447070171,793971.5456956836,821847.1183988425,849963.829274174,867615.1434772124,888883.5302628406,903351.8205931998,917820.1109235592,927706.775982638,939281.4082469254,947094.2850253194,954810.7065348445,957270.3158910056,969616.5903062455,975934.410417169,981818.1818181818,986206.896551724,991511.9363395225,995225.4641909814,998360.2604292259,999324.8131179166,999662.4065589582,999807.0894622619,999807.0894622619,999855.3170966964,999903.5447311308,1000000.0,1000000.0,1000000.0,1000000.0,1000000.0,1000000.0,1000000.0,1000000.0,1000000.0,1000000.0,1000000.0,1000000.0,1000000.0,1000000.0,1000000.0,1000000.0,1000000.0,1000000.0,1000000.0,48.22763443453082,48.22763443453082,48.22763443453082,48.22763443453082,48.22763443453082,48.22763443453082,48.22763443453082,48.22763443453082,48.22763443453082,48.22763443453082,48.22763443453082,48.22763443453082,48.22763443453082,48.22763443453082,48.22763443453082,48.22763443453082,48.22763443453082,48.22763443453082,48.22763443453082,48.22763443453082,48.22763443453082,48.22763443453082,48.22763443453082,48.22763443453082,48.22763443453082,48.22763443453082,48.22763443453082,48.22763443453082,48.22763443453082,48.22763443453082,48.22763443453082,48.22763443453082,48.22763443453082,48.22763443453082,48.22763443453082,48.22763443453082,48.22763443453082,48.22763443453082,48.22763443453082,48.22763443453082,48.22763443453082,96.4552688690621,96.4552688690621,96.4552688690621,192.91053773812425,241.13817217265407,578.7316132143711,675.1868820834334,1350.373764166866,1736.1948396431121,3520.617313720762,5256.812153363875,9693.754521340716,15095.249578008212,26911.02001446829,40559.440559440554,84205.44972269112,149939.71545695688,279768.50735471427,402941.8857005064,605594.4055944056,756980.9500843984,894140.3424162045,1000000.0,0.0,0.0,0.0,0.0,0.0,0.0,0.0,0.0,0.0,0.0,0.0,0.0,0.0,0.0,0.0,0.0,0.0,0.0,0.0,0.0,0.0,0.0,0.0,0.0,0.0,0.0,0.0,0.0,0.0,0.0,0.0,0.0,0.0,0.0,96.4552688690621,96.4552688690621,96.4552688690621,96.4552688690621,192.91053773812425,192.91053773812425,385.82107547624787,578.7316132143711,1543.2843019049903,2604.2922594646707,4774.535809018565,8970.34000482275,21605.980226669853,36026.04292259466,83723.17337834589,157222.08825657112,301663.8533879913,426332.2884012539,634579.2138895587,789920.424403183,929925.2471666264,970822.2811671087,992235.3508560404,997009.886665059,998601.3986013986,999131.9025801783,999565.9512900892,999565.9512900892,999565.9512900892,1000000.0,48.22763443453082,48.22763443453082,48.22763443453082,48.22763443453082,48.22763443453082,48.22763443453082,48.22763443453082,48.22763443453082,48.22763443453082,48.22763443453082,48.22763443453082,48.22763443453082,48.22763443453082,48.22763443453082,48.22763443453082,48.22763443453082,48.22763443453082,48.22763443453082,48.22763443453082,48.22763443453082,48.22763443453082,48.22763443453082,48.22763443453082,48.22763443453082,48.22763443453082,48.22763443453082,48.22763443453082,48.22763443453082,48.22763443453082,48.22763443453082,48.22763443453082,48.22763443453082,48.22763443453082,48.22763443453082,48.22763443453082,48.22763443453082,48.22763443453082,48.22763443453082,48.22763443453082,48.22763443453082,48.22763443453082,48.22763443453082,48.22763443453082,48.22763443453082,48.22763443453082,48.22763443453082,48.22763443453082,48.22763443453082,48.22763443453082,48.22763443453082,48.22763443453082,48.22763443453082,48.22763443453082,48.22763443453082,48.22763443453082,48.22763443453082,48.22763443453082,48.22763443453082,48.22763443453082,48.22763443453082,48.22763443453082,96.4552688690621,96.4552688690621,1000000.0
FLINT,MAGNUM03,F,na,na,na,na,2025_03_11-09_22_56,na,0,11,Yes,1,na,144.68290330360517,0.0,0.0,38.0,32.0,0.0,,,,192.910537738136,0.0,0.0,38.0,32.0,0.0,44.0,-5.0,11.0,34.0,-9.0,9.0,21.0,-14.0,7.0,15.0,-17.0,6.0,10.0,-20.0,5.0,2.0,-26.0,1.0,5.0,-22.0,4.0,13.0,57.0,57.0,52.0,52.0,63.0,20.0,54.0,59.0,50.0,54.0,63.0,30.0,51.0,61.0,47.0,56.0,63.0,33.0,48.0,62.0,45.0,57.0,63.0,35.0,45.0,63.0,43.0,58.0,63.0,38.0,40.0,63.0,37.0,62.0,63.0,37.0,42.0,63.0,41.0,59.0,63.0,46.0,0.0,63.0,38.0,63.0,32.0,63.0,0.0,8.370088428805905,2.565841818065593,2.223800575366331,0.437983474381897,30.0,160.0,142850.25319508082,163009.4043887147,185290.57149746807,203906.43838919696,224499.63829274173,248758.13841331078,273161.3214371834,292307.69230769225,318350.614902339,348685.79696165904,387605.4979503255,425898.2396913431,466698.81842295633,526838.6785628165,584133.1082710392,609452.616349168,682083.4338075718,730311.0682421026,779020.979020979,808632.746563781,841523.9932481311,869978.2975645043,894043.8871473355,907644.0800578732,923607.4270557029,936821.7988907644,949312.756209308,957222.088256571,965131.420303834,972558.4760067519,978635.1579455027,981625.2712804436,989823.9691343139,994791.4154810706,998119.1222570533,998987.2196768748,999517.7236556546,999855.3170966964,999903.5447311308,999951.7723655654,999951.7723655654,999951.7723655654,999951.7723655654,999951.7723655654,999951.7723655654,1000000.0,1000000.0,1000000.0,1000000.0,1000000.0,1000000.0,1000000.0,1000000.0,1000000.0,1000000.0,1000000.0,1000000.0,1000000.0,1000000.0,1000000.0,1000000.0,1000000.0,1000000.0,1000000.0,0.0,0.0,0.0,0.0,0.0,0.0,0.0,0.0,0.0,0.0,0.0,0.0,0.0,0.0,0.0,0.0,0.0,0.0,0.0,0.0,0.0,0.0,0.0,0.0,0.0,0.0,0.0,0.0,0.0,0.0,0.0,0.0,0.0,0.0,0.0,0.0,0.0,0.0,96.4552688690621,96.4552688690621,289.36580660718624,289.36580660718624,578.7316132143711,1012.7803231251486,1302.1461297323344,2073.7882806848356,3665.3002170243526,4629.85290571497,8054.014950566682,12876.778394019768,22522.305280925957,33469.978297564514,63033.51820593199,111743.42898480833,211719.31516759092,307595.8524234386,486665.0590788522,650301.4227152157,819628.6472148539,900602.8454304315,965083.1926693994,986640.9452616348,995177.2365565469,1000000.0,0.0,0.0,0.0,0.0,0.0,0.0,0.0,0.0,0.0,0.0,0.0,0.0,0.0,0.0,0.0,0.0,0.0,0.0,0.0,0.0,0.0,0.0,0.0,0.0,0.0,0.0,0.0,0.0,0.0,0.0,0.0,0.0,48.22763443453082,96.4552688690621,144.68290330359284,144.68290330359284,192.91053773812425,241.13817217265407,289.36580660718624,337.59344104171646,482.27634434531,626.959247648901,1061.0079575596806,1736.1948396431121,3568.844948155295,6993.006993006999,14082.469254883039,25319.508078128747,59850.49433325294,120231.49264528576,243404.87099107783,352785.1458885941,548444.6587894864,726404.6298529056,898336.1466120087,960356.8844948155,990643.8389197009,997202.7972027971,999324.8131179166,999710.6341933928,999807.0894622619,999855.3170966964,999951.7723655654,1000000.0,48.22763443453082,48.22763443453082,48.22763443453082,48.22763443453082,48.22763443453082,48.22763443453082,48.22763443453082,48.22763443453082,48.22763443453082,48.22763443453082,48.22763443453082,48.22763443453082,48.22763443453082,48.22763443453082,48.22763443453082,48.22763443453082,48.22763443453082,48.22763443453082,48.22763443453082,48.22763443453082,48.22763443453082,48.22763443453082,48.22763443453082,48.22763443453082,48.22763443453082,48.22763443453082,48.22763443453082,48.22763443453082,48.22763443453082,48.22763443453082,48.22763443453082,48.22763443453082,48.22763443453082,48.22763443453082,48.22763443453082,48.22763443453082,48.22763443453082,48.22763443453082,48.22763443453082,48.22763443453082,48.22763443453082,48.22763443453082,48.22763443453082,48.22763443453082,48.22763443453082,48.22763443453082,48.22763443453082,48.22763443453082,48.22763443453082,48.22763443453082,48.22763443453082,48.22763443453082,48.22763443453082,48.22763443453082,48.22763443453082,48.22763443453082,48.22763443453082,48.22763443453082,48.22763443453082,48.22763443453082,48.22763443453082,144.68290330359284,192.91053773812425,1000000.0
FLINT,MAGNUM03,F,na,na,na,na,2025_03_11-09_22_56,na,0,12,Yes,1,na,0.0,0.0,0.0,38.0,39.0,0.0,,,,0.0,0.0,0.0,38.0,39.0,0.0,43.0,-4.0,10.0,35.0,-8.0,9.0,24.0,-13.0,7.0,18.0,-15.0,7.0,14.0,-18.0,5.0,7.0,-19.0,1.0,11.0,-19.0,3.0,14.0,57.0,57.0,53.0,53.0,63.0,20.0,55.0,59.0,51.0,54.0,63.0,29.0,53.0,61.0,48.0,56.0,63.0,33.0,51.0,62.0,47.0,56.0,63.0,34.0,48.0,63.0,45.0,57.0,62.0,36.0,43.0,63.0,44.0,60.0,61.0,35.0,46.0,63.0,44.0,58.0,61.0,63.0,0.0,63.0,38.0,63.0,39.0,63.0,0.0,8.10147360963044,2.1957099748058075,1.8403500435509472,0.44395589467846136,30.0,160.0,121147.8176995418,139619.00168796725,159922.83578490475,181191.22257053282,203858.21075476246,227586.20689655174,253339.76368459128,275138.65444899927,303014.2271521581,328960.69447793585,359151.1936339522,387750.18085362914,427248.61345550994,474559.92283578485,533879.913190258,571690.3785869303,655075.9585242344,711888.1118881118,764118.639980709,802073.7882806847,841523.9932481311,871907.4029418856,897034.0004822764,912370.3882324572,931854.3525440076,944200.6269592475,956691.5842777911,964359.7781528815,972751.3865444899,978201.1092355918,984711.8398842536,985821.0754762478,993392.8140824692,995997.1063419338,998746.0815047021,999662.4065589582,1000000.0,1000000.0,1000000.0,1000000.0,1000000.0,1000000.0,1000000.0,1000000.0,1000000.0,1000000.0,1000000.0,1000000.0,1000000.0,1000000.0,1000000.0,1000000.0,1000000.0,1000000.0,1000000.0,1000000.0,1000000.0,1000000.0,1000000.0,1000000.0,1000000.0,1000000.0,1000000.0,1000000.0,0.0,0.0,0.0,0.0,0.0,0.0,0.0,0.0,0.0,0.0,0.0,0.0,0.0,0.0,0.0,0.0,0.0,0.0,0.0,0.0,0.0,0.0,0.0,0.0,0.0,0.0,0.0,0.0,0.0,0.0,0.0,0.0,0.0,0.0,0.0,0.0,0.0,0.0,48.22763443453082,48.22763443453082,48.22763443453082,48.22763443453082,144.68290330359284,289.36580660718624,337.59344104171646,434.04870991077877,578.7316132143711,819.8697853870253,1929.1053773812387,3086.56860380998,6076.6819387508895,10127.80323125151,22088.2565710152,46491.43959488789,107258.25898239693,174873.4024596093,336773.5712563299,504750.4219918013,720569.0860863274,845671.5698095007,950711.3576079092,983506.1490233904,995659.5129008922,1000000.0,0.0,0.0,0.0,0.0,0.0,0.0,0.0,0.0,0.0,0.0,0.0,0.0,0.0,0.0,0.0,0.0,0.0,0.0,0.0,0.0,0.0,0.0,0.0,0.0,0.0,0.0,0.0,0.0,0.0,0.0,0.0,0.0,0.0,0.0,0.0,0.0,0.0,0.0,0.0,48.22763443453082,96.4552688690621,96.4552688690621,144.68290330359284,192.91053773812425,626.959247648901,1495.056667470457,3713.527851458888,8584.518929346517,26766.337111164677,58162.52712804432,139908.36749457443,232457.19797443924,436942.3679768507,651941.1622859898,892789.9686520376,966095.9729925247,995804.1958041957,999083.6749457439,999807.0894622619,999855.3170966964,999951.7723655654,999951.7723655654,999951.7723655654,1000000.0,48.22763443453082,48.22763443453082,48.22763443453082,48.22763443453082,48.22763443453082,48.22763443453082,48.22763443453082,48.22763443453082,48.22763443453082,48.22763443453082,48.22763443453082,48.22763443453082,48.22763443453082,48.22763443453082,48.22763443453082,48.22763443453082,48.22763443453082,48.22763443453082,48.22763443453082,48.22763443453082,48.22763443453082,48.22763443453082,48.22763443453082,48.22763443453082,48.22763443453082,48.22763443453082,48.22763443453082,48.22763443453082,48.22763443453082,48.22763443453082,48.22763443453082,48.22763443453082,48.22763443453082,48.22763443453082,48.22763443453082,48.22763443453082,48.22763443453082,48.22763443453082,48.22763443453082,48.22763443453082,48.22763443453082,48.22763443453082,48.22763443453082,48.22763443453082,48.22763443453082,48.22763443453082,48.22763443453082,48.22763443453082,48.22763443453082,48.22763443453082,48.22763443453082,48.22763443453082,48.22763443453082,48.22763443453082,48.22763443453082,48.22763443453082,48.22763443453082,48.22763443453082,48.22763443453082,96.4552688690621,144.68290330359284,626.959247648901,3231.251507113574,1000000.0
FLINT,MAGNUM03,F,na,na,na,na,2025_03_11-09_22_56,na,0,13,Yes,1,na,482.27634434538857,48.22763443453082,771.6421509525992,41.0,37.0,62.0,,,,723.414516517964,48.22763443453082,819.869785387061,41.0,37.0,62.0,44.0,-5.0,11.0,33.0,-10.0,9.0,18.0,-16.0,7.0,13.0,-19.0,6.0,7.0,-21.0,4.0,-10.0,-25.0,0.0,1.0,-23.0,0.0,13.0,57.0,57.0,52.0,52.0,63.0,21.0,54.0,59.0,49.0,54.0,63.0,32.0,50.0,62.0,46.0,56.0,63.0,35.0,48.0,63.0,44.0,57.0,63.0,37.0,44.0,63.0,42.0,59.0,63.0,49.0,39.0,63.0,38.0,63.0,63.0,41.0,42.0,63.0,40.0,63.0,63.0,58.0,0.0,63.0,29.0,63.0,34.0,63.0,62.0,8.681584292608454,2.7662273012991867,2.4407450545938474,0.009820453887798475,30.0,160.0,135567.88039546675,155389.43814805878,178008.1986978539,194212.68386785628,213359.05473836508,239305.52206414274,262454.7865927176,280202.55606462504,306341.9339281408,339040.2700747528,382155.77525922353,423824.45141065825,465010.8512177478,529298.2879189776,585097.6609597299,611767.5428020254,675476.2478900409,722353.508560405,767446.3467566916,793199.9035447311,822811.671087533,853291.5360501568,876103.2071376898,891053.7738123945,905618.5194116229,920038.5821075476,932288.4012539185,941306.968893176,949746.8049192186,958958.283096214,966771.159874608,970147.0942850253,981239.4502049674,986496.2623583314,993151.6759102965,996045.3339763684,998456.7156980949,999324.8131179166,999421.2683867855,999469.4960212201,999517.7236556546,999614.1789245236,999614.1789245236,999662.4065589582,999758.8618278273,999758.8618278273,999807.0894622619,999807.0894622619,999855.3170966964,999951.7723655654,999951.7723655654,1000000.0,1000000.0,1000000.0,1000000.0,1000000.0,1000000.0,1000000.0,1000000.0,1000000.0,1000000.0,1000000.0,1000000.0,1000000.0,0.0,0.0,0.0,0.0,0.0,0.0,0.0,0.0,0.0,0.0,0.0,0.0,0.0,0.0,0.0,0.0,0.0,0.0,0.0,0.0,0.0,0.0,0.0,0.0,0.0,0.0,0.0,0.0,0.0,48.22763443453082,48.22763443453082,48.22763443453082,48.22763443453082,48.22763443453082,96.4552688690621,96.4552688690621,96.4552688690621,96.4552688690621,192.91053773812425,241.13817217265407,385.82107547624787,434.04870991077877,771.6421509524955,1061.0079575596806,1736.1948396431121,2459.609356161082,4340.487099107789,5449.72269110199,9356.161080299,13600.192910537737,25078.369905956108,35157.9455027731,60236.315408729286,105473.83650831932,187653.72558476013,273016.63853387994,419242.82613937784,569905.9561128527,752881.6011574632,849867.3740053049,935037.3764166867,971835.0614902338,989293.4651555341,1000000.0,0.0,0.0,0.0,0.0,0.0,0.0,0.0,0.0,0.0,0.0,0.0,0.0,0.0,0.0,0.0,0.0,0.0,0.0,0.0,0.0,0.0,0.0,0.0,0.0,0.0,0.0,0.0,0.0,0.0,0.0,0.0,0.0,0.0,0.0,48.22763443453082,48.22763443453082,48.22763443453082,96.4552688690621,289.36580660718624,337.59344104171646,626.959247648901,1012.7803231251486,1977.3330118157653,3520.617313720762,6703.6411863998055,12732.095490716194,27586.206896551706,48034.72389679288,97419.82155775253,168603.80998312036,315505.1844707016,425126.5975403906,611622.8598987219,771979.7443935374,912949.1198456713,962816.4938509766,987750.1808536291,995225.4641909814,998167.3498914879,998746.0815047021,999180.1302146129,999228.3578490474,999324.8131179166,1000000.0,0.0,0.0,0.0,0.0,0.0,0.0,0.0,0.0,0.0,0.0,0.0,0.0,0.0,0.0,0.0,0.0,0.0,0.0,0.0,0.0,0.0,0.0,0.0,0.0,0.0,0.0,0.0,0.0,0.0,0.0,0.0,0.0,0.0,0.0,0.0,0.0,0.0,0.0,0.0,0.0,0.0,0.0,0.0,0.0,0.0,0.0,0.0,0.0,0.0,0.0,0.0,0.0,0.0,0.0,0.0,0.0,0.0,0.0,0.0,0.0,0.0,0.0,96.4552688690621,1000000.0
FLINT,MAGNUM03,F,na,na,na,na,2025_03_11-09_22_56,na,0,14,Yes,1,na,723.4145165180289,0.0,530.5039787798496,46.0,29.0,61.0,,,,1157.4632264287775,0.0,530.5039787798496,46.0,29.0,61.0,45.0,-10.0,11.0,32.0,-14.0,9.0,17.0,-17.0,7.0,12.0,-19.0,6.0,7.0,-22.0,4.0,-12.0,-26.0,0.0,-1.0,-24.0,0.0,17.0,62.0,62.0,52.0,52.0,63.0,27.0,59.0,63.0,49.0,54.0,63.0,38.0,55.0,63.0,46.0,56.0,63.0,40.0,52.0,63.0,44.0,57.0,63.0,42.0,49.0,63.0,41.0,59.0,63.0,57.0,45.0,63.0,37.0,63.0,63.0,48.0,47.0,63.0,39.0,63.0,63.0,63.0,0.0,63.0,37.0,63.0,29.0,63.0,63.0,8.428852599899745,2.315992237185278,2.522362019055672,0.0,30.0,160.0,11333.494092114755,16831.444417651295,25415.96334699782,31637.328189052336,43163.7328189052,54111.4058355437,69158.4277791174,78466.36122498187,101519.17048468767,119170.48468772601,145695.6836267182,166481.794068001,212201.5915119363,259850.49433325292,325777.6706052568,361369.6648179406,449819.1463708705,507065.3484446588,567687.4849288642,600916.3250542561,654497.22691102,692307.6923076923,731034.4827586206,751772.365565469,786882.0834338075,810079.5755968168,835977.8152881601,850108.5121774776,871328.6713286712,885314.6853146852,901085.1217747768,904461.0561851941,926838.6785628165,935471.4251265975,947287.1955630577,954087.2920183266,965372.5584760066,974632.2642874366,984229.5635399083,989582.8309621413,995611.2852664576,997974.4393537496,998794.3091391367,998987.2196768748,999180.1302146129,999276.585483482,999373.040752351,999517.7236556546,999565.9512900892,999710.6341933928,999710.6341933928,999758.8618278273,999807.0894622619,999807.0894622619,999855.3170966964,999855.3170966964,999855.3170966964,999903.5447311308,999903.5447311308,999903.5447311308,999903.5447311308,999903.5447311308,999903.5447311308,1000000.0,0.0,0.0,0.0,0.0,0.0,0.0,0.0,0.0,0.0,0.0,0.0,0.0,0.0,0.0,0.0,0.0,0.0,0.0,0.0,0.0,0.0,0.0,0.0,0.0,0.0,0.0,0.0,0.0,0.0,0.0,0.0,0.0,0.0,0.0,0.0,0.0,0.0,48.22763443453082,48.22763443453082,48.22763443453082,48.22763443453082,48.22763443453082,48.22763443453082,48.22763443453082,192.91053773812425,385.82107547624787,482.27634434531,819.8697853870253,1350.373764166866,2170.2435495538875,3424.1620448516924,4436.942367976849,8054.014950566682,12346.274415239926,21123.70388232458,28743.670122980442,50060.28454304316,76681.93875090429,136918.25415963354,195852.4234386303,332047.2630817458,472148.54111405835,658837.7140101278,1000000.0,0.0,0.0,0.0,0.0,0.0,0.0,0.0,0.0,0.0,0.0,0.0,0.0,0.0,0.0,0.0,0.0,0.0,0.0,0.0,0.0,0.0,0.0,0.0,0.0,0.0,0.0,0.0,0.0,0.0,48.22763443453082,48.22763443453082,48.22763443453082,96.4552688690621,96.4552688690621,144.68290330359284,144.68290330359284,144.68290330359284,241.13817217265407,434.04870991077877,675.1868820834334,1302.1461297323344,1832.650108512174,3279.479141548107,4919.218712322153,9259.705811429942,14612.973233662888,31058.59657583795,50494.33325295396,103689.41403424159,175596.81697612733,323028.6954424886,431685.5558234868,628261.3937786351,768410.8994453822,909283.8196286471,953170.9669640703,986062.2136484205,994357.3667711598,998504.9433325295,998890.7644080058,999469.4960212201,999517.7236556546,999517.7236556546,1000000.0,0.0,0.0,0.0,0.0,0.0,0.0,0.0,0.0,0.0,0.0,0.0,0.0,0.0,0.0,0.0,0.0,0.0,0.0,0.0,0.0,0.0,0.0,0.0,0.0,0.0,0.0,0.0,0.0,0.0,0.0,0.0,0.0,0.0,0.0,0.0,0.0,0.0,0.0,0.0,0.0,0.0,0.0,0.0,0.0,0.0,0.0,0.0,0.0,0.0,0.0,0.0,0.0,0.0,0.0,0.0,0.0,0.0,0.0,0.0,0.0,0.0,0.0,0.0,1000000.0
FLINT,MAGNUM03,F,na,na,na,na,2025_03_11-09_22_56,na,0,15,Yes,1,na,0.0,48.22763443453082,48.22763443457198,40.0,41.0,60.0,,,,0.0,48.22763443453082,48.22763443457198,40.0,41.0,60.0,44.0,-5.0,11.0,35.0,-9.0,9.0,23.0,-13.0,7.0,18.0,-16.0,7.0,13.0,-18.0,5.0,8.0,-21.0,2.0,11.0,-19.0,4.0,13.0,57.0,57.0,52.0,52.0,63.0,20.0,55.0,59.0,50.0,54.0,63.0,29.0,52.0,61.0,48.0,56.0,63.0,32.0,50.0,62.0,46.0,56.0,63.0,34.0,47.0,63.0,45.0,57.0,62.0,36.0,44.0,63.0,42.0,59.0,61.0,35.0,46.0,63.0,44.0,58.0,62.0,37.0,0.0,63.0,43.0,62.0,41.0,63.0,60.0,8.155466666669184,2.3025022338997294,1.9397666248751555,0.05284851370682276,30.0,160.0,151531.22739329634,173040.75235109718,192814.08246925485,213166.14420062696,234482.75862068968,257535.56788039545,282228.11671087536,303207.1376898963,329346.5155534121,359006.5107306486,389727.51386544487,423920.90667952737,469496.0212201591,524089.70340004825,584036.6530021703,616059.8022666988,690909.0909090909,743380.7571738606,789631.0585965757,823920.9066795274,857776.706052568,885555.823486858,906293.7062937062,921099.5900651073,937786.351579455,951048.951048951,960887.3884735954,968025.0783699059,975355.6788039546,981721.7265493127,987557.2703158909,989872.1967687485,995755.9681697612,998167.3498914879,999083.6749457439,999662.4065589582,999951.7723655654,1000000.0,1000000.0,1000000.0,1000000.0,1000000.0,1000000.0,1000000.0,1000000.0,1000000.0,1000000.0,1000000.0,1000000.0,1000000.0,1000000.0,1000000.0,1000000.0,1000000.0,1000000.0,1000000.0,1000000.0,1000000.0,1000000.0,1000000.0,1000000.0,1000000.0,1000000.0,1000000.0,0.0,0.0,0.0,0.0,0.0,0.0,0.0,0.0,0.0,0.0,0.0,0.0,0.0,0.0,0.0,0.0,0.0,0.0,0.0,0.0,0.0,0.0,0.0,0.0,0.0,0.0,0.0,0.0,0.0,0.0,0.0,0.0,0.0,0.0,0.0,0.0,0.0,0.0,0.0,0.0,0.0,0.0,0.0,48.22763443453082,289.36580660718624,530.5039787798403,1157.4632264287443,1977.3330118157653,3231.251507113574,5063.901615625751,10272.48613455508,17072.58258982395,34916.807330600415,65589.58283096217,137931.0344827586,224354.95538943817,389004.09934892686,564311.5505184471,760405.11212925,874801.0610079576,957800.8198697853,985772.8478418133,996624.0655895828,1000000.0,0.0,0.0,0.0,0.0,0.0,0.0,0.0,0.0,0.0,0.0,0.0,0.0,0.0,0.0,0.0,0.0,0.0,0.0,0.0,0.0,0.0,0.0,0.0,0.0,0.0,0.0,0.0,0.0,0.0,0.0,0.0,0.0,0.0,0.0,0.0,0.0,0.0,0.0,0.0,0.0,0.0,96.4552688690621,289.36580660718624,530.5039787798403,1302.1461297323344,2748.975162768264,7427.055702917767,15047.021943573669,41282.85507595855,89606.94477935854,197636.84591270797,310634.1933928141,529491.1984567157,737545.2134072823,923125.1507113576,975934.410417169,996238.2445141064,999035.4473113093,999807.0894622619,999951.7723655654,1000000.0,1000000.0,1000000.0,1000000.0,0.0,0.0,0.0,0.0,0.0,0.0,0.0,0.0,0.0,0.0,0.0,0.0,0.0,0.0,0.0,0.0,0.0,0.0,0.0,0.0,0.0,0.0,0.0,0.0,0.0,0.0,0.0,0.0,0.0,0.0,0.0,0.0,0.0,0.0,0.0,0.0,0.0,0.0,0.0,0.0,0.0,0.0,0.0,0.0,0.0,0.0,0.0,0.0,0.0,0.0,0.0,0.0,0.0,0.0,0.0,0.0,0.0,0.0,0.0,0.0,48.22763443453082,289.36580660718624,1687.967205208584,1000000.0
FLINT,MAGNUM03,F,na,na,na,na,2025_03_11-09_22_56,na,0,16,Yes,1,na,48.22763443453082,48.22763443453082,48.22763443453082,39.0,0.0,60.0,,,,48.22763443453082,48.22763443453082,48.22763443453082,39.0,0.0,60.0,41.0,-4.0,10.0,33.0,-8.0,9.0,23.0,-12.0,7.0,18.0,-15.0,7.0,14.0,-17.0,5.0,9.0,-21.0,3.0,13.0,-19.0,3.0,16.0,57.0,57.0,53.0,53.0,63.0,22.0,55.0,59.0,51.0,54.0,63.0,30.0,53.0,61.0,49.0,56.0,63.0,33.0,51.0,62.0,47.0,56.0,63.0,35.0,49.0,63.0,46.0,57.0,62.0,36.0,45.0,63.0,42.0,58.0,61.0,35.0,48.0,63.0,44.0,58.0,61.0,38.0,0.0,63.0,34.0,61.0,0.0,63.0,0.0,7.6114330266640104,2.140580450228769,1.839918099482748,0.44373396611592736,30.0,160.0,81070.6534844466,92163.00940438865,106100.7957559681,117820.11092355916,133108.27103930546,148830.47986496266,167349.89148782252,179696.16590306247,203424.1620448517,227682.6621654207,258789.48637569326,287050.8801543284,334458.6448034724,389534.60332770675,458596.5758379551,499493.6098384374,596624.0655895828,660911.5022908127,721678.3216783217,761273.2095490717,806076.6819387508,841089.9445382204,872389.679286231,892018.3265010851,915312.2739329635,930503.9787798409,945020.4967446346,955437.6657824933,967542.8020255606,975066.3129973474,982011.0923559199,984856.5227875572,993489.2693513383,996286.472148541,998553.1709669641,999758.8618278273,999951.7723655654,1000000.0,1000000.0,1000000.0,1000000.0,1000000.0,1000000.0,1000000.0,1000000.0,1000000.0,1000000.0,1000000.0,1000000.0,1000000.0,1000000.0,1000000.0,1000000.0,1000000.0,1000000.0,1000000.0,1000000.0,1000000.0,1000000.0,1000000.0,1000000.0,1000000.0,1000000.0,1000000.0,0.0,0.0,0.0,0.0,0.0,0.0,0.0,0.0,0.0,0.0,0.0,0.0,0.0,0.0,0.0,0.0,0.0,0.0,0.0,0.0,0.0,0.0,0.0,0.0,0.0,0.0,0.0,0.0,0.0,0.0,0.0,0.0,0.0,0.0,48.22763443453082,48.22763443453082,48.22763443453082,48.22763443453082,48.22763443453082,48.22763443453082,96.4552688690621,96.4552688690621,144.68290330359284,144.68290330359284,144.68290330359284,241.13817217265407,385.82107547624787,530.5039787798403,1350.373764166866,2363.1540872920177,5690.860863274664,8680.97419821557,20979.020979020985,41234.627441524026,100651.07306486614,165034.96503496508,333156.49867374,501374.48758138414,722449.9638292742,844996.3829274174,954087.2920183266,985579.9373040752,997154.5695683626,1000000.0,96.4552688690621,96.4552688690621,96.4552688690621,96.4552688690621,96.4552688690621,96.4552688690621,96.4552688690621,96.4552688690621,96.4552688690621,96.4552688690621,96.4552688690621,96.4552688690621,96.4552688690621,96.4552688690621,96.4552688690621,96.4552688690621,96.4552688690621,96.4552688690621,96.4552688690621,96.4552688690621,96.4552688690621,96.4552688690621,96.4552688690621,96.4552688690621,96.4552688690621,96.4552688690621,96.4552688690621,96.4552688690621,96.4552688690621,96.4552688690621,96.4552688690621,96.4552688690621,96.4552688690621,96.4552688690621,96.4552688690621,96.4552688690621,96.4552688690621,96.4552688690621,96.4552688690621,96.4552688690621,144.68290330359284,192.91053773812425,337.59344104171646,385.82107547624787,771.6421509524955,1157.4632264287443,3038.3409693754506,6558.958283096219,21123.70388232458,50735.4714251266,130311.06824210276,223631.5408729202,438967.92862310103,663998.0708946226,898914.8782252228,969182.5415963347,996575.8379551483,999421.2683867855,999903.5447311308,1000000.0,1000000.0,1000000.0,1000000.0,1000000.0,48.22763443453082,48.22763443453082,48.22763443453082,48.22763443453082,48.22763443453082,48.22763443453082,48.22763443453082,48.22763443453082,48.22763443453082,48.22763443453082,48.22763443453082,48.22763443453082,48.22763443453082,48.22763443453082,48.22763443453082,48.22763443453082,48.22763443453082,48.22763443453082,48.22763443453082,48.22763443453082,48.22763443453082,48.22763443453082,48.22763443453082,48.22763443453082,48.22763443453082,48.22763443453082,48.22763443453082,48.22763443453082,48.22763443453082,48.22763443453082,48.22763443453082,48.22763443453082,48.22763443453082,48.22763443453082,48.22763443453082,48.22763443453082,48.22763443453082,48.22763443453082,48.22763443453082,48.22763443453082,48.22763443453082,48.22763443453082,48.22763443453082,48.22763443453082,48.22763443453082,48.22763443453082,48.22763443453082,48.22763443453082,48.22763443453082,48.22763443453082,48.22763443453082,48.22763443453082,48.22763443453082,48.22763443453082,48.22763443453082,48.22763443453082,48.22763443453082,48.22763443453082,48.22763443453082,48.22763443453082,96.4552688690621,626.959247648901,3617.07258258982,1000000.0
FLINT,MAGNUM03,F,na,na,na,na,2025_03_11-09_22_56,na,0,17,Yes,1,na,0.0,192.91053773812425,0.0,39.0,42.0,62.0,,,,0.0,192.91053773812425,0.0,39.0,42.0,62.0,46.0,-5.0,11.0,35.0,-9.0,9.0,24.0,-14.0,7.0,18.0,-17.0,6.0,13.0,-19.0,5.0,8.0,-21.0,4.0,11.0,-19.0,5.0,11.0,57.0,57.0,52.0,52.0,63.0,20.0,55.0,59.0,50.0,54.0,63.0,28.0,52.0,62.0,48.0,56.0,63.0,32.0,50.0,63.0,46.0,57.0,63.0,34.0,47.0,63.0,44.0,58.0,63.0,36.0,44.0,63.0,42.0,59.0,63.0,35.0,46.0,63.0,44.0,58.0,63.0,37.0,0.0,63.0,41.0,61.0,42.0,63.0,63.0,8.217322556851247,2.4401571264362323,2.1162028736606278,0.0,30.0,160.0,175066.31299734747,200096.45526886903,224644.32119604532,252423.43863033518,278996.8652037618,310827.10393055214,341933.92814082466,368652.03761755483,407812.876778394,445912.7079816735,484398.3602604292,520472.63081745844,561369.6648179406,606751.8688208343,653195.0807812876,678611.0441282855,732433.0841572222,771352.7851458886,807041.2346274415,835109.7178683387,864287.4367012298,890089.2211237039,912707.9816734989,927562.0930793345,943718.3506149023,958379.5514829997,968555.5823486858,975307.4511695202,982830.962141307,987653.7255847601,991560.1639739571,993151.6759102965,996575.8379551483,998215.5775259222,999421.2683867855,999807.0894622619,1000000.0,1000000.0,1000000.0,1000000.0,1000000.0,1000000.0,1000000.0,1000000.0,1000000.0,1000000.0,1000000.0,1000000.0,1000000.0,1000000.0,1000000.0,1000000.0,1000000.0,1000000.0,1000000.0,1000000.0,1000000.0,1000000.0,1000000.0,1000000.0,1000000.0,1000000.0,1000000.0,1000000.0,0.0,0.0,0.0,0.0,0.0,0.0,0.0,0.0,0.0,0.0,0.0,0.0,0.0,0.0,0.0,0.0,0.0,0.0,0.0,0.0,0.0,0.0,0.0,0.0,0.0,0.0,0.0,0.0,0.0,0.0,0.0,0.0,0.0,0.0,0.0,0.0,0.0,0.0,0.0,0.0,0.0,48.22763443453082,48.22763443453082,144.68290330359284,289.36580660718624,530.5039787798403,868.0974198215577,1398.601398601398,3134.7962382445157,5787.316132143714,12153.363877501795,19146.37087050881,39787.79840848808,74318.78466361224,152736.9182541596,238099.83120327955,405739.0884977092,562671.8109476729,750373.7641668676,851844.7070171207,941885.7005063902,977091.8736435977,993441.0417169037,1000000.0,0.0,0.0,0.0,0.0,0.0,0.0,0.0,0.0,0.0,0.0,0.0,0.0,0.0,0.0,0.0,0.0,0.0,0.0,0.0,0.0,0.0,0.0,0.0,0.0,0.0,0.0,0.0,0.0,0.0,0.0,0.0,0.0,0.0,0.0,0.0,0.0,0.0,0.0,0.0,0.0,0.0,0.0,241.13817217265407,482.27634434531,1687.967205208584,3858.2107547624714,10176.030865686038,19869.785387026743,55751.14540631784,116228.59898721965,242536.77357125632,360598.02266698814,561900.1687967204,740342.4162044851,906100.7957559681,962478.9004099349,992331.8061249095,998601.3986013986,999758.8618278273,1000000.0,1000000.0,1000000.0,1000000.0,1000000.0,0.0,0.0,0.0,0.0,0.0,0.0,0.0,0.0,0.0,0.0,0.0,0.0,0.0,0.0,0.0,0.0,0.0,0.0,0.0,0.0,0.0,0.0,0.0,0.0,0.0,0.0,0.0,0.0,0.0,0.0,0.0,0.0,0.0,0.0,0.0,0.0,0.0,0.0,0.0,0.0,0.0,0.0,0.0,0.0,0.0,0.0,0.0,0.0,0.0,0.0,0.0,0.0,0.0,0.0,0.0,0.0,0.0,0.0,0.0,0.0,0.0,0.0,0.0,1000000.0
FLINT,MAGNUM03,F,na,na,na,na,2025_03_11-09_22_56,na,0,18,Yes,1,na,144.68290330360517,944345.3098625512,0.0,40.0,54.0,30.5,,,,241.13817217265407,999855.3170966964,0.0,40.0,54.0,30.5,43.0,-6.0,11.0,33.0,-10.0,9.0,19.0,-15.0,7.0,13.0,-17.0,6.0,9.0,-20.0,5.0,1.0,-22.0,3.0,6.0,-21.0,5.0,15.0,58.0,58.0,52.0,52.0,63.0,22.0,55.0,60.0,50.0,54.0,63.0,33.0,52.0,62.0,47.0,56.0,63.0,36.0,49.0,63.0,46.0,57.0,63.0,37.0,46.0,63.0,43.0,58.0,63.0,40.0,41.0,63.0,41.0,59.0,62.0,38.0,44.0,63.0,42.0,58.0,63.0,48.0,0.0,63.0,38.0,61.0,40.0,63.0,0.0,8.243063841384398,2.4896641036232614,2.1605908245938505,0.43820290183705657,30.0,160.0,82903.30359295872,95876.53725584755,108705.08801543294,120713.76898963105,136339.52254641923,154280.20255606456,171449.2404147577,186013.986013986,209018.5676392573,237569.32722449963,271328.67132867133,305232.69833614654,352881.60115746316,411767.54280202556,481215.33638775017,515215.8186640945,599758.8618278273,657535.5678803955,710200.1446829033,746177.9599710634,784229.5635399084,817988.90764408,846973.715939233,864335.6643356644,885989.8721967688,903400.0482276345,919508.0781287678,929973.474801061,941933.9281408247,951772.3655654689,960549.7950325536,964166.8676151434,976272.0038582106,982155.7752592235,989197.009886665,993055.2206414274,997636.845912708,999228.3578490474,999758.8618278273,999855.3170966964,999903.5447311308,999903.5447311308,999903.5447311308,999951.7723655654,1000000.0,1000000.0,1000000.0,1000000.0,1000000.0,1000000.0,1000000.0,1000000.0,1000000.0,1000000.0,1000000.0,1000000.0,1000000.0,1000000.0,1000000.0,1000000.0,1000000.0,1000000.0,1000000.0,1000000.0,0.0,0.0,0.0,0.0,0.0,0.0,0.0,0.0,0.0,0.0,0.0,0.0,0.0,0.0,0.0,0.0,0.0,0.0,0.0,0.0,0.0,0.0,0.0,0.0,0.0,0.0,0.0,0.0,0.0,0.0,0.0,0.0,0.0,0.0,0.0,0.0,0.0,0.0,96.4552688690621,144.68290330359284,192.91053773812425,289.36580660718624,434.04870991077877,530.5039787798403,675.1868820834334,1061.0079575596806,1543.2843019049903,1880.8777429467057,4340.487099107789,6269.592476489024,10947.673016638537,15866.891728960678,31878.46636122496,55654.690137448815,114299.4936098385,173474.80106100798,319700.98866650584,470171.20810224256,663081.7458403665,783216.7832167831,910248.3723173378,963732.8189052327,989438.1480588376,1000000.0,0.0,0.0,0.0,0.0,0.0,0.0,0.0,0.0,0.0,0.0,0.0,0.0,0.0,0.0,0.0,0.0,0.0,0.0,0.0,0.0,0.0,0.0,0.0,0.0,0.0,0.0,0.0,0.0,0.0,0.0,0.0,0.0,0.0,0.0,0.0,0.0,0.0,0.0,0.0,0.0,48.22763443453082,241.13817217265407,819.8697853870253,1543.2843019049903,3038.3409693754506,5931.999035447306,14516.517964793811,24451.41065830721,60091.63250542564,120327.94791415475,246636.1224981914,364793.82686279237,568555.5823486857,742223.2939474318,909959.0065107306,964697.3715939232,993489.2693513383,998215.5775259222,999565.9512900892,999903.5447311308,1000000.0,1000000.0,1000000.0,1000000.0,48.22763443453082,48.22763443453082,48.22763443453082,48.22763443453082,48.22763443453082,48.22763443453082,48.22763443453082,48.22763443453082,48.22763443453082,48.22763443453082,48.22763443453082,48.22763443453082,48.22763443453082,48.22763443453082,48.22763443453082,48.22763443453082,48.22763443453082,48.22763443453082,48.22763443453082,48.22763443453082,48.22763443453082,48.22763443453082,48.22763443453082,48.22763443453082,48.22763443453082,48.22763443453082,48.22763443453082,48.22763443453082,48.22763443453082,48.22763443453082,48.22763443453082,48.22763443453082,48.22763443453082,48.22763443453082,48.22763443453082,48.22763443453082,48.22763443453082,48.22763443453082,48.22763443453082,48.22763443453082,48.22763443453082,48.22763443453082,48.22763443453082,48.22763443453082,48.22763443453082,48.22763443453082,48.22763443453082,48.22763443453082,48.22763443453082,48.22763443453082,48.22763443453082,48.22763443453082,48.22763443453082,48.22763443453082,48.22763443453082,48.22763443453082,48.22763443453082,48.22763443453082,48.22763443453082,48.22763443453082,96.4552688690621,96.4552688690621,289.36580660718624,1000000.0
FLINT,MAGNUM03,F,na,na,na,na,2025_03_11-09_22_56,na,0,19,Yes,1,na,48.22763443453082,48.22763443453082,0.0,44.5,0.0,62.0,,,,48.22763443453082,48.22763443453082,0.0,44.5,0.0,62.0,45.0,-9.0,11.0,34.0,-13.0,9.0,19.0,-16.0,7.0,14.0,-17.0,7.0,9.0,-19.0,5.0,4.0,-22.0,5.0,7.0,-21.0,5.0,16.0,61.0,61.0,52.0,52.0,63.0,24.0,58.0,63.0,50.0,54.0,63.0,36.0,55.0,63.0,47.0,56.0,63.0,38.0,52.0,63.0,46.0,56.0,63.0,40.0,49.0,63.0,44.0,58.0,63.0,42.0,46.0,63.0,41.0,58.0,63.0,41.0,48.0,63.0,42.0,58.0,63.0,44.0,0.0,63.0,42.0,63.0,0.0,63.0,62.0,8.421446720528365,2.2851458930101183,2.2316323800528193,0.006944276993437237,30.0,160.0,44224.7407764649,53532.67422232944,65830.72100313475,75235.10971786831,90040.99348926947,104364.60091632498,122257.05329153608,133349.4092114782,156884.4948155293,177622.3776223776,209693.7545213407,237762.2377622378,288787.0749939715,344682.9033035929,418567.6392572944,455799.37304075237,541306.9688931757,597299.2524716663,654352.5440077164,690330.3592958765,736050.1567398119,769471.907402942,801350.3737641668,819532.1919459851,848131.1791656618,865444.8999276585,884205.449722691,894670.8463949844,908656.8603809983,920376.1755485893,931902.5801784422,934506.8724379069,951820.5931999035,959392.3318061248,968652.0376175548,974439.3537496985,982252.2305280925,988570.0506390162,994068.0009645526,996720.5208584518,999180.1302146129,999758.8618278273,1000000.0,1000000.0,1000000.0,1000000.0,1000000.0,1000000.0,1000000.0,1000000.0,1000000.0,1000000.0,1000000.0,1000000.0,1000000.0,1000000.0,1000000.0,1000000.0,1000000.0,1000000.0,1000000.0,1000000.0,1000000.0,1000000.0,0.0,0.0,0.0,0.0,0.0,0.0,0.0,0.0,0.0,0.0,0.0,0.0,0.0,0.0,0.0,0.0,0.0,0.0,0.0,0.0,0.0,0.0,0.0,0.0,0.0,0.0,0.0,0.0,0.0,0.0,0.0,0.0,0.0,0.0,0.0,0.0,0.0,0.0,0.0,0.0,0.0,0.0,48.22763443453082,48.22763443453082,48.22763443453082,96.4552688690621,337.59344104171646,530.5039787798403,1302.1461297323344,1929.1053773812387,3038.3409693754506,3954.6660236315374,7234.145165179647,11815.770436460101,20979.020979020985,31347.96238244513,59850.49433325294,100072.34145165172,194260.9115022908,290282.131661442,471859.17530745117,632505.425608874,815384.6153846154,1000000.0,96.4552688690621,96.4552688690621,96.4552688690621,96.4552688690621,96.4552688690621,96.4552688690621,96.4552688690621,96.4552688690621,96.4552688690621,96.4552688690621,96.4552688690621,96.4552688690621,96.4552688690621,96.4552688690621,96.4552688690621,96.4552688690621,96.4552688690621,96.4552688690621,96.4552688690621,96.4552688690621,96.4552688690621,96.4552688690621,96.4552688690621,96.4552688690621,96.4552688690621,96.4552688690621,96.4552688690621,96.4552688690621,96.4552688690621,96.4552688690621,96.4552688690621,96.4552688690621,96.4552688690621,96.4552688690621,96.4552688690621,96.4552688690621,96.4552688690621,96.4552688690621,96.4552688690621,96.4552688690621,144.68290330359284,241.13817217265407,626.959247648901,1109.2355919942117,2990.1133349409165,6173.137207619962,15432.843019049933,27875.572703158876,68483.24089703396,132047.26308174568,274174.10176030867,388280.68483240897,602170.2435495538,759778.1528816011,920376.1755485893,967783.9401977332,994164.4562334217,998360.2604292259,999903.5447311308,999903.5447311308,999903.5447311308,999951.7723655654,999951.7723655654,1000000.0,0.0,0.0,0.0,0.0,0.0,0.0,0.0,0.0,0.0,0.0,0.0,0.0,0.0,0.0,0.0,0.0,0.0,0.0,0.0,0.0,0.0,0.0,0.0,0.0,0.0,0.0,0.0,0.0,0.0,0.0,0.0,0.0,0.0,0.0,0.0,0.0,0.0,0.0,0.0,0.0,0.0,0.0,0.0,0.0,0.0,0.0,0.0,0.0,0.0,0.0,0.0,0.0,0.0,0.0,0.0,0.0,0.0,0.0,0.0,0.0,0.0,0.0,48.22763443453082,1000000.0
FLINT,MAGNUM03,F,na,na,na,na,2025_03_11-09_22_56,na,0,20,Yes,1,na,626.9592476489951,0.0,144.68290330360517,42.0,35.0,62.0,,,,1253.918495297884,0.0,144.68290330360517,42.0,35.0,62.0,42.0,-6.0,11.0,32.0,-12.0,9.0,18.0,-17.0,7.0,12.0,-19.0,6.0,6.0,-21.0,5.0,-18.0,-24.0,1.0,-1.0,-23.0,3.0,16.0,58.0,58.0,52.0,52.0,63.0,24.0,56.0,61.0,49.0,54.0,63.0,34.0,52.0,63.0,46.0,56.0,63.0,37.0,49.0,63.0,44.0,57.0,63.0,39.0,45.0,63.0,42.0,58.0,63.0,58.0,40.0,63.0,39.0,62.0,63.0,43.0,42.0,63.0,40.0,60.0,63.0,63.0,0.0,63.0,0.0,63.0,35.0,63.0,63.0,8.520415090356822,2.8090865929465054,2.4795387596451297,0.0,30.0,160.0,58403.66530021696,67470.46057390887,79189.77574149994,89799.85531709666,104557.51145406322,119604.53339763683,137207.6199662406,151193.63395225455,174825.1748251748,201446.82903303596,237521.09959006502,270942.85025319504,325536.53243308404,384084.88063660474,449529.7805642633,489076.44080057874,565372.5584760067,615529.2982879189,666795.2736918253,703303.5929587653,745454.5454545454,775789.7275138655,805160.3568844948,824210.2724861344,849336.8700265251,867615.1434772124,885604.0511212926,897805.6426332288,912418.6158668917,924330.8415722209,935953.7014709428,940438.8714733542,957511.4540631782,967591.0296599951,977718.8328912467,985049.4333252953,992283.578490475,996575.8379551483,998553.1709669641,998938.9920424403,999180.1302146129,999373.040752351,999517.7236556546,999565.9512900892,999614.1789245236,999662.4065589582,999662.4065589582,999710.6341933928,999710.6341933928,999710.6341933928,999758.8618278273,999758.8618278273,999758.8618278273,999807.0894622619,999807.0894622619,999807.0894622619,999855.3170966964,999855.3170966964,999903.5447311308,999903.5447311308,999903.5447311308,999951.7723655654,1000000.0,1000000.0,96.4552688690621,96.4552688690621,96.4552688690621,96.4552688690621,96.4552688690621,96.4552688690621,96.4552688690621,96.4552688690621,96.4552688690621,96.4552688690621,96.4552688690621,96.4552688690621,96.4552688690621,96.4552688690621,96.4552688690621,96.4552688690621,96.4552688690621,96.4552688690621,96.4552688690621,96.4552688690621,96.4552688690621,96.4552688690621,96.4552688690621,96.4552688690621,96.4552688690621,96.4552688690621,96.4552688690621,96.4552688690621,96.4552688690621,96.4552688690621,96.4552688690621,96.4552688690621,96.4552688690621,96.4552688690621,96.4552688690621,96.4552688690621,96.4552688690621,96.4552688690621,144.68290330359284,144.68290330359284,434.04870991077877,434.04870991077877,675.1868820834334,819.8697853870253,1157.4632264287443,1398.601398601398,1832.650108512174,2363.1540872920177,4726.3081745840345,6993.006993006999,12732.095490716194,18857.005063901615,32601.88087774292,51603.56884494814,88642.39209066799,127465.63781046533,227730.88979985533,343139.61900168785,515939.2331806124,644369.4236797685,801832.6501085121,891584.2777911742,958186.6409452616,1000000.0,0.0,0.0,0.0,0.0,0.0,0.0,0.0,0.0,0.0,0.0,0.0,0.0,0.0,0.0,0.0,0.0,0.0,0.0,0.0,0.0,0.0,0.0,0.0,0.0,0.0,0.0,0.0,0.0,0.0,0.0,0.0,0.0,0.0,0.0,0.0,48.22763443453082,48.22763443453082,96.4552688690621,192.91053773812425,530.5039787798403,723.414516517964,1157.4632264287443,2411.3817217265464,4581.625271280436,8439.836026042916,14275.379792621161,28213.166144200633,47359.53701470944,95587.1714492405,167398.1191222571,310007.2341451652,433855.79937304073,610417.1690378587,755678.803954666,901760.3086568603,954328.430190499,987412.5874125873,994936.0983843743,998890.7644080058,999373.040752351,999758.8618278273,999855.3170966964,999903.5447311308,1000000.0,0.0,0.0,0.0,0.0,0.0,0.0,0.0,0.0,0.0,0.0,0.0,0.0,0.0,0.0,0.0,0.0,0.0,0.0,0.0,0.0,0.0,0.0,0.0,0.0,0.0,0.0,0.0,0.0,0.0,0.0,0.0,0.0,0.0,0.0,0.0,0.0,0.0,0.0,0.0,0.0,0.0,0.0,0.0,0.0,0.0,0.0,0.0,0.0,0.0,0.0,0.0,0.0,0.0,0.0,0.0,0.0,0.0,0.0,0.0,0.0,0.0,0.0,0.0,1000000.0
FLINT,MAGNUM03,F,na,na,na,na,2025_03_11-09_22_56,na,0,21,Yes,1,na,48.22763443453082,0.0,48.22763443457198,44.0,41.0,62.0,,,,48.22763443453082,0.0,96.45526886910281,44.0,41.0,62.0,44.0,-6.0,9.0,34.0,-11.0,7.0,20.0,-14.0,6.0,15.0,-16.0,5.0,11.0,-18.0,4.0,5.0,-19.0,3.0,8.0,-18.0,4.0,16.0,60.0,60.0,54.0,54.0,63.0,23.0,57.0,62.0,51.0,56.0,63.0,34.0,54.0,63.0,49.0,57.0,63.0,37.0,52.0,63.0,47.0,58.0,63.0,38.0,49.0,63.0,45.0,59.0,63.0,41.0,46.0,63.0,44.0,60.0,63.0,40.0,48.0,63.0,45.0,59.0,63.0,47.0,0.0,63.0,44.0,63.0,41.0,63.0,61.0,8.082542030663177,2.3924380785660473,2.1773733303254312,0.015527575859944588,30.0,160.0,58982.396913431396,67422.2329394743,77067.7598263805,85941.64456233422,97709.18736435974,111598.7460815046,127369.1825415964,140342.4162044851,162285.98987219672,184567.15698095007,212925.0060284543,241138.17217265494,284446.58789486374,342078.6110441283,412008.68097419816,455124.1861586689,543718.3506149022,611092.355919942,673354.2319749217,716952.0135037377,760067.5186882084,795852.4234386303,826525.198938992,845623.3421750662,867952.7369182543,886327.4656378104,902676.6337111164,914395.9488787074,928430.190499156,938654.4489992765,947094.2850253194,950663.1299734748,965131.420303834,972703.1589100554,979262.1171931516,985579.9373040752,991994.2126838678,996334.6997829756,998987.2196768748,999469.4960212201,999855.3170966964,1000000.0,1000000.0,1000000.0,1000000.0,1000000.0,1000000.0,1000000.0,1000000.0,1000000.0,1000000.0,1000000.0,1000000.0,1000000.0,1000000.0,1000000.0,1000000.0,1000000.0,1000000.0,1000000.0,1000000.0,1000000.0,1000000.0,1000000.0,0.0,0.0,0.0,0.0,0.0,0.0,0.0,0.0,0.0,0.0,0.0,0.0,0.0,0.0,0.0,0.0,0.0,0.0,0.0,0.0,0.0,0.0,0.0,0.0,0.0,0.0,0.0,0.0,0.0,0.0,0.0,0.0,0.0,0.0,0.0,0.0,0.0,0.0,0.0,0.0,0.0,0.0,0.0,0.0,96.4552688690621,144.68290330359284,241.13817217265407,385.82107547624787,771.6421509524955,1639.7395707740552,3327.7067759826386,5449.72269110199,10127.80323125151,17072.58258982395,32457.197974439336,54834.820352061724,108367.49457439121,189872.19676874846,327899.6865203761,450928.3819628647,635736.6771159875,787074.9939715457,916614.4200626957,1000000.0,0.0,0.0,0.0,0.0,0.0,0.0,0.0,0.0,0.0,0.0,0.0,0.0,0.0,0.0,0.0,0.0,0.0,0.0,0.0,0.0,0.0,0.0,0.0,0.0,0.0,0.0,0.0,0.0,0.0,0.0,0.0,0.0,0.0,0.0,0.0,0.0,0.0,0.0,0.0,0.0,0.0,48.22763443453082,144.68290330359284,192.91053773812425,530.5039787798403,1591.5119363395213,4099.348926935128,8343.380757173849,20352.061731372072,42536.77357125628,97082.22811671092,162044.8517000241,284108.994453822,431685.5558234868,658741.2587412586,809259.7058114299,941499.8794309138,984133.1082710393,998360.2604292259,999614.1789245236,999903.5447311308,999951.7723655654,1000000.0,1000000.0,0.0,0.0,0.0,0.0,0.0,0.0,0.0,0.0,0.0,0.0,0.0,0.0,0.0,0.0,0.0,0.0,0.0,0.0,0.0,0.0,0.0,0.0,0.0,0.0,0.0,0.0,0.0,0.0,0.0,0.0,0.0,0.0,0.0,0.0,0.0,0.0,0.0,0.0,0.0,0.0,0.0,0.0,0.0,0.0,0.0,0.0,0.0,0.0,0.0,0.0,0.0,0.0,0.0,0.0,0.0,0.0,0.0,0.0,0.0,0.0,0.0,48.22763443453082,96.4552688690621,1000000.0
FLINT,MAGNUM03,F,na,na,na,na,2025_03_11-09_22_56,na,0,22,Yes,1,na,0.0,0.0,48.22763443457198,42.0,39.0,62.0,,,,0.0,0.0,96.45526886910281,42.0,39.0,62.0,42.0,-6.0,11.0,32.0,-11.0,9.0,19.0,-14.0,7.0,15.0,-17.0,7.0,10.0,-19.0,6.0,5.0,-20.0,4.0,8.0,-20.0,5.0,16.0,58.0,58.0,52.0,52.0,63.0,24.0,56.0,61.0,50.0,54.0,63.0,34.0,53.0,62.0,48.0,56.0,63.0,36.0,51.0,63.0,46.0,56.0,63.0,38.0,48.0,63.0,44.0,57.0,63.0,40.0,45.0,63.0,43.0,59.0,63.0,39.0,47.0,63.0,43.0,58.0,63.0,53.0,0.0,63.0,42.0,63.0,39.0,63.0,62.0,7.975431385545774,2.3413941329220602,2.019887551168092,0.009820453887798475,30.0,160.0,44996.38292741739,54834.820352061724,67615.14347721238,76681.93875090429,93272.24499638287,108174.58403665292,126259.94694960213,138027.4897516278,163925.7294429709,184518.92934651548,214275.37979262113,235061.49023390393,280057.8731613214,325632.9877019533,390788.52182300447,430865.6860380998,522546.41909814323,586833.855799373,656619.2428261393,695587.1714492404,747817.6995418374,780419.5804195803,816493.8509766095,836942.3679768508,865444.8999276585,884687.7260670363,904412.8285507596,915746.3226428743,929925.2471666264,938750.9042681456,949360.9838437424,952881.6011574632,968893.1757897275,975789.7275138653,983216.7832167832,988136.0019291054,994598.5049433325,997733.301181577,999373.040752351,999807.0894622619,999903.5447311308,999951.7723655654,999951.7723655654,1000000.0,1000000.0,1000000.0,1000000.0,1000000.0,1000000.0,1000000.0,1000000.0,1000000.0,1000000.0,1000000.0,1000000.0,1000000.0,1000000.0,1000000.0,1000000.0,1000000.0,1000000.0,1000000.0,1000000.0,1000000.0,0.0,0.0,0.0,0.0,0.0,0.0,0.0,0.0,0.0,0.0,0.0,0.0,0.0,0.0,0.0,0.0,0.0,0.0,0.0,0.0,0.0,0.0,0.0,0.0,0.0,0.0,0.0,0.0,0.0,0.0,0.0,0.0,0.0,0.0,0.0,0.0,0.0,0.0,0.0,0.0,0.0,0.0,48.22763443453082,144.68290330359284,192.91053773812425,241.13817217265407,385.82107547624787,723.414516517964,1543.2843019049903,2845.4304316373314,5594.405594405593,7957.559681697602,16879.672052085858,28550.759585242326,58210.75476247888,93368.7002652519,190740.2941885701,310441.2828550759,501326.25994694955,643935.3749698576,825608.8738847359,924813.1179165662,980516.0356884495,1000000.0,0.0,0.0,0.0,0.0,0.0,0.0,0.0,0.0,0.0,0.0,0.0,0.0,0.0,0.0,0.0,0.0,0.0,0.0,0.0,0.0,0.0,0.0,0.0,0.0,0.0,0.0,0.0,0.0,0.0,0.0,0.0,0.0,0.0,0.0,0.0,0.0,0.0,0.0,0.0,48.22763443453082,96.4552688690621,96.4552688690621,192.91053773812425,578.7316132143711,1977.3330118157653,3568.844948155295,8391.608391608395,16976.1273209549,43935.374969857716,92018.3265010851,200289.36580660718,316325.0542560887,515891.00554617797,709090.9090909091,907402.9418857006,968555.5823486858,995129.0089221123,999131.9025801783,999807.0894622619,999951.7723655654,999951.7723655654,999951.7723655654,1000000.0,1000000.0,0.0,0.0,0.0,0.0,0.0,0.0,0.0,0.0,0.0,0.0,0.0,0.0,0.0,0.0,0.0,0.0,0.0,0.0,0.0,0.0,0.0,0.0,0.0,0.0,0.0,0.0,0.0,0.0,0.0,0.0,0.0,0.0,0.0,0.0,0.0,0.0,0.0,0.0,0.0,0.0,0.0,0.0,0.0,0.0,0.0,0.0,0.0,0.0,0.0,0.0,0.0,0.0,0.0,0.0,0.0,0.0,0.0,0.0,0.0,0.0,0.0,0.0,96.4552688690621,1000000.0
FLINT,MAGNUM03,F,na,na,na,na,2025_03_11-09_22_56,na,0,23,Yes,1,na,241.13817217274982,4292.259464673261,0.0,44.0,62.0,0.0,,,,434.0487099108741,8198.69785387027,0.0,44.0,62.0,0.0,56.0,7.0,0.0,47.0,5.0,0.0,28.0,3.0,0.0,19.0,2.0,0.0,13.0,-10.0,0.0,-1.0,-12.0,0.0,7.0,-11.0,0.0,0.0,56.0,56.0,63.0,63.0,63.0,7.0,54.0,58.0,63.0,63.0,63.0,24.0,52.0,60.0,63.0,63.0,63.0,31.0,50.0,61.0,63.0,63.0,63.0,35.0,48.0,62.0,52.0,63.0,63.0,45.0,44.0,63.0,51.0,63.0,63.0,39.0,46.0,63.0,52.0,63.0,63.0,62.0,0.0,63.0,36.0,63.0,47.0,63.0,0.0,6.406951770495028,2.206604190513258,0.6271708768228199,0.4374894505865458,30.0,160.0,737593.4410417168,756161.0802990114,771979.7443935374,786448.0347238969,801302.1461297323,817603.0865686038,832023.1492645285,842102.7248613455,857583.7955148299,870605.2568121533,883626.7181094766,894092.1147817698,904557.5114540631,913334.9409211477,922449.9638292743,926838.6785628165,938461.5384615385,946033.2770677598,952785.1458885941,958234.868579696,963973.9570774053,968362.6718109476,972365.5654690136,975886.1827827344,979406.8000964551,982589.8239691342,986592.7176272003,988666.5059078851,990788.5218230045,991945.9850494333,993344.5864480347,994019.7733301182,996479.3826862792,998022.6669881842,998601.3986013986,998938.9920424403,999324.8131179166,999469.4960212201,999517.7236556546,999662.4065589582,999710.6341933928,999758.8618278273,999758.8618278273,999758.8618278273,999855.3170966964,999903.5447311308,999903.5447311308,999903.5447311308,999903.5447311308,999903.5447311308,999903.5447311308,999951.7723655654,999951.7723655654,1000000.0,1000000.0,1000000.0,1000000.0,1000000.0,1000000.0,1000000.0,1000000.0,1000000.0,1000000.0,1000000.0,0.0,0.0,0.0,0.0,0.0,0.0,0.0,0.0,0.0,0.0,0.0,0.0,0.0,0.0,0.0,0.0,0.0,0.0,0.0,0.0,0.0,0.0,0.0,0.0,0.0,0.0,0.0,0.0,0.0,0.0,0.0,0.0,0.0,0.0,0.0,0.0,48.22763443453082,48.22763443453082,48.22763443453082,96.4552688690621,96.4552688690621,96.4552688690621,96.4552688690621,96.4552688690621,241.13817217265407,385.82107547624787,723.414516517964,1061.0079575596806,2845.4304316373314,5305.039787798405,11622.859898721968,20930.793344586447,48565.227875572695,95828.3096214131,206655.41355196526,313576.07909332047,519893.899204244,694381.4805883771,866505.9078852182,938847.3595370147,982830.962141307,995707.7405353268,998890.7644080058,1000000.0,0.0,0.0,0.0,0.0,0.0,0.0,0.0,0.0,0.0,0.0,0.0,0.0,0.0,0.0,0.0,0.0,0.0,0.0,0.0,0.0,0.0,0.0,0.0,0.0,0.0,0.0,0.0,0.0,0.0,0.0,0.0,0.0,0.0,0.0,0.0,0.0,0.0,0.0,0.0,0.0,0.0,0.0,0.0,0.0,0.0,0.0,0.0,48.22763443453082,48.22763443453082,48.22763443453082,192.91053773812425,530.5039787798403,1591.5119363395213,2459.609356161082,3231.251507113574,3568.844948155295,3713.527851458888,3761.755485893413,3761.755485893413,3809.9831203279427,3858.2107547624714,3858.2107547624714,3954.6660236315374,1000000.0,48.22763443453082,48.22763443453082,48.22763443453082,48.22763443453082,48.22763443453082,48.22763443453082,48.22763443453082,48.22763443453082,48.22763443453082,48.22763443453082,48.22763443453082,48.22763443453082,48.22763443453082,48.22763443453082,48.22763443453082,48.22763443453082,48.22763443453082,48.22763443453082,48.22763443453082,48.22763443453082,48.22763443453082,48.22763443453082,48.22763443453082,48.22763443453082,48.22763443453082,48.22763443453082,48.22763443453082,48.22763443453082,48.22763443453082,48.22763443453082,48.22763443453082,48.22763443453082,48.22763443453082,48.22763443453082,48.22763443453082,48.22763443453082,48.22763443453082,48.22763443453082,48.22763443453082,48.22763443453082,48.22763443453082,48.22763443453082,48.22763443453082,48.22763443453082,48.22763443453082,48.22763443453082,48.22763443453082,48.22763443453082,48.22763443453082,48.22763443453082,48.22763443453082,48.22763443453082,48.22763443453082,48.22763443453082,48.22763443453082,48.22763443453082,48.22763443453082,48.22763443453082,48.22763443453082,48.22763443453082,48.22763443453082,48.22763443453082,48.22763443453082,1000000.0
FLINT,MAGNUM03,F,na,na,na,na,2025_03_11-09_22_56,na,0,24,Yes,1,na,4388.714733542319,0.0,3665.300217024381,46.0,0.0,62.0,,,,7234.145165179658,0.0,3665.300217024381,46.0,0.0,62.0,42.0,-8.0,11.0,28.0,-13.0,9.0,15.0,-18.0,7.0,7.0,-21.0,5.0,-18.0,-24.0,0.0,-26.0,-30.0,0.0,-23.0,-26.0,0.0,18.0,60.0,60.0,52.0,52.0,63.0,29.0,57.0,62.0,49.0,54.0,63.0,37.0,52.0,63.0,45.0,56.0,63.0,41.0,48.0,63.0,42.0,58.0,63.0,61.0,43.0,63.0,39.0,63.0,63.0,63.0,37.0,63.0,33.0,63.0,63.0,63.0,40.0,63.0,37.0,63.0,63.0,63.0,0.0,63.0,36.0,63.0,0.0,63.0,63.0,9.896652201738888,3.0553523445035284,2.842906092173279,0.0,30.0,160.0,44176.51314203044,53966.72293224015,66409.45261634915,76247.89004099346,88787.07499397153,103882.32457197971,118350.61490233906,131709.6696407041,151145.40631782013,173281.8905232698,200964.55268869063,227345.0687243791,261152.6404629852,300892.2112370388,350421.99180130207,376320.2314926453,439353.7496985773,486086.3274656378,533638.7750180854,567542.8020255606,607427.0557029177,643211.9604533397,675669.1584277791,701278.0323125151,731709.669640704,758379.5514829997,785917.530745117,805594.4055944055,828598.9872196768,848758.1384133109,869013.7448758137,876103.2071376898,907402.9418857006,923269.8336146612,941644.5623342175,953605.0156739812,967301.6638533879,978586.9303110682,987267.9045092838,990933.2047263081,992572.9442970823,993875.0904268145,994405.5944055944,994743.187846636,995370.147094285,995804.1958041957,996093.561610803,996286.472148541,996479.3826862792,996575.8379551483,996720.5208584518,996865.2037617555,997347.4801061008,997588.6182782734,997926.211719315,998022.6669881842,998070.8946226187,998070.8946226187,998456.7156980949,998553.1709669641,998697.8538702676,998987.2196768748,999083.6749457439,1000000.0,0.0,0.0,0.0,0.0,0.0,0.0,0.0,0.0,0.0,0.0,0.0,0.0,0.0,0.0,0.0,0.0,0.0,0.0,0.0,0.0,0.0,0.0,0.0,0.0,0.0,0.0,0.0,0.0,0.0,0.0,0.0,0.0,0.0,0.0,0.0,0.0,96.4552688690621,241.13817217265407,289.36580660718624,337.59344104171646,578.7316132143711,723.414516517964,1350.373764166866,1687.967205208584,2314.926452857486,3424.1620448516924,4436.942367976849,5883.771401012779,8102.242585001196,11960.453339763686,16734.989148782235,22232.939474318777,33228.840125391835,47021.94357366771,71135.76079093323,95538.94381480588,148155.2929828794,220448.51700024115,350084.3983602604,459946.949602122,623486.8579696165,754231.9749216301,874270.5570291777,1000000.0,48.22763443453082,48.22763443453082,48.22763443453082,48.22763443453082,48.22763443453082,48.22763443453082,48.22763443453082,48.22763443453082,48.22763443453082,48.22763443453082,48.22763443453082,48.22763443453082,48.22763443453082,48.22763443453082,48.22763443453082,48.22763443453082,48.22763443453082,48.22763443453082,48.22763443453082,48.22763443453082,48.22763443453082,48.22763443453082,48.22763443453082,48.22763443453082,48.22763443453082,48.22763443453082,48.22763443453082,48.22763443453082,96.4552688690621,96.4552688690621,96.4552688690621,96.4552688690621,192.91053773812425,337.59344104171646,385.82107547624787,385.82107547624787,482.27634434531,819.8697853870253,1302.1461297323344,1832.650108512174,3134.7962382445157,4340.487099107789,7185.917530745107,11092.355919942114,18519.411622859883,29611.76754280201,52182.30045816258,77019.532191946,138413.31082710405,219773.3301181577,372654.93127562094,486038.0998312033,662310.103689414,795466.6023631541,918736.4359778152,958910.0554617796,984518.9293465156,991704.8468772606,994887.8707499397,995563.0576320231,996045.3339763684,996334.6997829756,996624.0655895828,1000000.0,0.0,0.0,0.0,0.0,0.0,0.0,0.0,0.0,0.0,0.0,0.0,0.0,0.0,0.0,0.0,0.0,0.0,0.0,0.0,0.0,0.0,0.0,0.0,0.0,0.0,0.0,0.0,0.0,0.0,0.0,0.0,0.0,0.0,0.0,0.0,0.0,0.0,0.0,0.0,0.0,0.0,0.0,0.0,0.0,0.0,0.0,0.0,0.0,0.0,0.0,0.0,0.0,0.0,0.0,0.0,0.0,0.0,0.0,0.0,0.0,0.0,0.0,0.0,1000000.0
FLINT,MAGNUM03,F,na,na,na,na,2025_03_11-09_22_56,na,0,25,Yes,1,na,1639.7395707740552,48.22763443453082,2700.7475283338226,41.0,31.0,62.0,,,,2845.4304316373664,48.22763443453082,2845.4304316374155,41.0,31.0,62.0,40.0,-5.0,11.0,28.0,-11.0,9.0,15.0,-16.0,7.0,10.0,-20.0,6.0,0.0,-23.0,0.0,-28.0,-27.0,0.0,-18.0,-25.0,0.0,17.0,57.0,57.0,52.0,52.0,63.0,26.0,54.0,60.0,49.0,54.0,63.0,34.0,49.0,62.0,46.0,56.0,63.0,36.0,46.0,63.0,43.0,57.0,63.0,41.0,41.0,63.0,40.0,63.0,63.0,60.0,32.0,63.0,36.0,63.0,63.0,55.0,37.0,63.0,38.0,63.0,63.0,63.0,0.0,63.0,0.0,63.0,0.0,63.0,0.0,9.011249398917137,3.1734923919547517,2.5637982257955856,0.4376537390016579,30.0,160.0,59512.90089221123,71810.94767301659,85652.278755727,98673.74005305047,113817.21726549305,131613.21437183514,150566.6747046057,166433.5664335664,187991.31902580173,212249.81914637092,240800.5787316132,268290.3303592958,301278.032312515,341017.6030865686,392476.48902821314,423149.2645285749,488642.3920906679,539570.7740535326,591511.9363395225,628840.1253918495,673209.549071618,710537.738123945,748058.83771401,772413.7931034482,801350.3737641668,828309.6214130698,853629.1294911985,871087.5331564987,893416.9278996866,911212.9250060284,928140.8246925487,934844.4658789486,960453.3397636845,971835.0614902338,983361.4661200868,990113.3349409212,995900.6510730648,997443.9353749697,997877.9840848806,998263.8051603568,998697.8538702676,998746.0815047021,998890.7644080058,998987.2196768748,999035.4473113093,999180.1302146129,999324.8131179166,999373.040752351,999373.040752351,999421.2683867855,999421.2683867855,999421.2683867855,999517.7236556546,999517.7236556546,999517.7236556546,999565.9512900892,999758.8618278273,999807.0894622619,999807.0894622619,999855.3170966964,999903.5447311308,999903.5447311308,999951.7723655654,1000000.0,192.91053773812425,192.91053773812425,192.91053773812425,192.91053773812425,192.91053773812425,192.91053773812425,192.91053773812425,192.91053773812425,192.91053773812425,192.91053773812425,192.91053773812425,192.91053773812425,192.91053773812425,192.91053773812425,192.91053773812425,192.91053773812425,192.91053773812425,192.91053773812425,192.91053773812425,192.91053773812425,192.91053773812425,192.91053773812425,192.91053773812425,192.91053773812425,192.91053773812425,192.91053773812425,192.91053773812425,192.91053773812425,192.91053773812425,192.91053773812425,192.91053773812425,192.91053773812425,241.13817217265407,289.36580660718624,337.59344104171646,434.04870991077877,530.5039787798403,626.959247648901,723.414516517964,723.414516517964,1157.4632264287443,1687.967205208584,2218.471183988428,2363.1540872920177,3809.9831203279427,5449.72269110199,8246.925488304796,10224.25850012056,16734.989148782235,23872.679045092835,37376.41668676151,51700.0241138172,83047.98649626227,124282.61393778633,201929.10537738123,277598.2638051604,429274.17410176026,572365.5654690138,739908.3674945743,833469.9782975644,923076.923076923,961851.9411622859,983313.2384856523,1000000.0,48.22763443453082,48.22763443453082,48.22763443453082,48.22763443453082,48.22763443453082,48.22763443453082,48.22763443453082,48.22763443453082,48.22763443453082,48.22763443453082,48.22763443453082,48.22763443453082,48.22763443453082,48.22763443453082,48.22763443453082,48.22763443453082,48.22763443453082,48.22763443453082,48.22763443453082,48.22763443453082,48.22763443453082,48.22763443453082,48.22763443453082,48.22763443453082,48.22763443453082,48.22763443453082,48.22763443453082,48.22763443453082,48.22763443453082,48.22763443453082,48.22763443453082,96.4552688690621,96.4552688690621,144.68290330359284,192.91053773812425,192.91053773812425,241.13817217265407,482.27634434531,771.6421509524955,1109.2355919942117,2025.5606462503029,2845.4304316373314,5015.673981191222,6751.868820834333,10851.217747769464,16783.21678321678,33952.254641909814,54883.04798649622,105184.47070171205,183891.9700988667,334458.6448034724,464480.3472389679,648082.9515312274,797251.0248372316,928140.8246925487,968169.7612732095,988666.5059078851,993971.5456956836,996382.9274174101,996816.9761273209,997154.5695683626,997299.2524716662,997395.7077405354,1000000.0,48.22763443453082,48.22763443453082,48.22763443453082,48.22763443453082,48.22763443453082,48.22763443453082,48.22763443453082,48.22763443453082,48.22763443453082,48.22763443453082,48.22763443453082,48.22763443453082,48.22763443453082,48.22763443453082,48.22763443453082,48.22763443453082,48.22763443453082,48.22763443453082,48.22763443453082,48.22763443453082,48.22763443453082,48.22763443453082,48.22763443453082,48.22763443453082,48.22763443453082,48.22763443453082,48.22763443453082,48.22763443453082,48.22763443453082,48.22763443453082,48.22763443453082,48.22763443453082,48.22763443453082,48.22763443453082,48.22763443453082,48.22763443453082,48.22763443453082,48.22763443453082,48.22763443453082,48.22763443453082,48.22763443453082,48.22763443453082,48.22763443453082,48.22763443453082,48.22763443453082,48.22763443453082,48.22763443453082,48.22763443453082,48.22763443453082,48.22763443453082,48.22763443453082,48.22763443453082,48.22763443453082,48.22763443453082,48.22763443453082,48.22763443453082,48.22763443453082,48.22763443453082,48.22763443453082,48.22763443453082,48.22763443453082,48.22763443453082,192.91053773812425,1000000.0
FLINT,MAGNUM03,F,na,na,na,na,2025_03_11-09_22_56,na,0,26,Yes,1,na,4388.714733542319,48.22763443453082,3665.300217024381,43.0,21.0,61.0,,,,6896.5517241379885,48.22763443453082,3665.300217024381,43.0,21.0,61.0,40.0,-6.0,12.0,27.0,-12.0,9.0,13.0,-19.0,7.0,5.0,-22.0,5.0,-15.0,-27.0,0.0,-29.0,-35.0,0.0,-25.0,-29.0,0.0,17.0,57.0,57.0,51.0,51.0,63.0,27.0,54.0,60.0,48.0,54.0,63.0,35.0,48.0,63.0,44.0,56.0,63.0,39.0,44.0,63.0,41.0,58.0,63.0,56.0,41.0,63.0,36.0,63.0,63.0,63.0,34.0,63.0,28.0,63.0,63.0,63.0,38.0,63.0,34.0,63.0,63.0,63.0,0.0,63.0,0.0,63.0,0.0,63.0,63.0,9.610258972377148,3.3580380275353456,3.0418876347240023,0.0,30.0,160.0,65348.4446587895,77115.98746081503,89896.31058596575,101904.99156016386,116083.9160839161,131757.89727513865,149023.3904027007,165420.78611044138,189823.96913431393,212539.18495297807,241234.62744152403,269110.2001446829,310151.9170484687,353074.51169520133,403134.7962382445,429901.1333494092,488256.5710151917,532577.7670605256,575596.8169761273,607571.7386062214,650012.0569086086,683771.4010127804,717675.4280202555,741741.0176030865,774342.8984808295,799565.9512900892,825174.8251748251,844658.7894863755,866602.3631540872,886616.8314444176,906486.6168314444,918157.7043646009,946563.7810465395,962189.5346033276,975355.6788039546,983650.8319266939,989438.1480588376,992283.578490475,993489.2693513383,994068.0009645526,994984.3260188088,995370.147094285,995755.9681697612,995997.1063419338,996334.6997829756,996479.3826862792,996720.5208584518,996865.2037617555,997154.5695683626,997443.9353749697,997685.0735471424,997781.5288160116,998167.3498914879,998408.4880636605,998504.9433325295,998601.3986013986,998746.0815047021,998987.2196768748,999083.6749457439,999131.9025801783,999228.3578490474,999324.8131179166,999469.4960212201,1000000.0,96.4552688690621,96.4552688690621,96.4552688690621,96.4552688690621,96.4552688690621,96.4552688690621,96.4552688690621,96.4552688690621,96.4552688690621,96.4552688690621,96.4552688690621,96.4552688690621,96.4552688690621,96.4552688690621,96.4552688690621,96.4552688690621,96.4552688690621,96.4552688690621,96.4552688690621,96.4552688690621,96.4552688690621,96.4552688690621,96.4552688690621,96.4552688690621,96.4552688690621,96.4552688690621,96.4552688690621,96.4552688690621,144.68290330359284,144.68290330359284,144.68290330359284,144.68290330359284,144.68290330359284,144.68290330359284,289.36580660718624,289.36580660718624,385.82107547624787,530.5039787798403,723.414516517964,964.5526886906189,1350.373764166866,1929.1053773812387,3183.023872679041,4436.942367976849,6751.868820834333,9018.567639257291,12394.502049674455,14805.883771401013,24065.589582830988,32167.83216783218,47407.76464914397,61007.957559681716,94815.52929828779,132481.31179165657,210947.67301663847,287340.24596093554,435929.5876537256,571111.6469737159,736339.5225464191,823631.5408729201,913431.3961900168,949505.6667470459,973474.8010610079,1000000.0,48.22763443453082,48.22763443453082,48.22763443453082,48.22763443453082,48.22763443453082,48.22763443453082,48.22763443453082,48.22763443453082,48.22763443453082,48.22763443453082,48.22763443453082,48.22763443453082,48.22763443453082,48.22763443453082,48.22763443453082,48.22763443453082,48.22763443453082,48.22763443453082,48.22763443453082,48.22763443453082,48.22763443453082,96.4552688690621,96.4552688690621,96.4552688690621,144.68290330359284,144.68290330359284,144.68290330359284,144.68290330359284,241.13817217265407,337.59344104171646,385.82107547624787,385.82107547624787,434.04870991077877,530.5039787798403,819.8697853870253,1157.4632264287443,1639.7395707740552,1929.1053773812387,3134.7962382445157,3954.6660236315374,5835.543766578246,8295.15312273932,13166.144200626935,17795.997106341903,28068.483240897014,41716.903785869275,69544.24885459371,99493.60983843742,167398.1191222571,256571.01519170482,413503.7376416686,524909.5731854351,698336.1466120086,822908.1263564022,929587.6537255847,962671.8109476729,984567.15698095,990933.2047263081,994598.5049433325,995611.2852664576,996334.6997829756,996527.6103207137,996527.6103207137,1000000.0,0.0,0.0,0.0,0.0,0.0,0.0,0.0,0.0,0.0,0.0,0.0,0.0,0.0,0.0,0.0,0.0,0.0,0.0,0.0,0.0,0.0,0.0,0.0,0.0,0.0,0.0,0.0,0.0,0.0,0.0,0.0,0.0,0.0,0.0,0.0,0.0,0.0,0.0,0.0,0.0,0.0,0.0,0.0,0.0,0.0,0.0,0.0,0.0,0.0,0.0,0.0,0.0,0.0,0.0,0.0,0.0,0.0,0.0,0.0,0.0,0.0,0.0,0.0,1000000.0
FLINT,MAGNUM03,F,na,na,na,na,2025_03_11-09_22_56,na,0,27,Yes,1,na,3231.251507113677,0.0,7378.828068483339,43.0,24.0,62.0,,,,5690.860863274712,0.0,7427.05570291787,43.0,24.0,62.0,41.0,-7.0,12.0,28.0,-12.0,9.0,14.0,-19.0,7.0,7.0,-22.0,0.0,-11.0,-27.0,0.0,-28.0,-33.0,0.0,-21.0,-30.0,0.0,17.0,58.0,58.0,51.0,51.0,63.0,27.0,55.0,61.0,49.0,54.0,63.0,35.0,49.0,63.0,44.0,56.0,63.0,38.0,45.0,63.0,41.0,63.0,63.0,52.0,41.0,63.0,36.0,63.0,63.0,63.0,35.0,63.0,30.0,63.0,63.0,59.0,38.0,63.0,33.0,63.0,63.0,63.0,0.0,63.0,32.0,63.0,24.0,63.0,62.0,9.569836316510507,3.3875104536203073,3.1199151780246996,0.009820453887798475,30.0,160.0,51362.43067277548,64673.257776706014,79961.41789245237,95008.43983602592,114347.72124427295,133783.45792138902,156112.85266457693,174969.85772847844,200964.55268869063,227248.61345550994,256426.33228840123,283096.21413069684,316952.01350373763,354907.16180371353,403568.8449481553,430045.81625271274,493947.43187846633,540245.960935616,586882.0834338076,618808.7774294671,657246.2020737883,692163.0094043887,724137.9310344828,747383.6508319267,779358.5724620207,805739.0884977091,829708.222811671,847938.2686279238,869544.2488545935,886906.1972510247,904268.1456474559,910971.7868338556,941258.7412587412,954231.97492163,968941.4034241621,977525.9223535085,986448.0347238968,991367.253436219,994260.9115022907,995321.9194598505,995900.6510730648,996286.472148541,996768.7484928863,996913.43139619,997299.2524716662,997443.9353749697,997540.3906438388,997636.845912708,997974.4393537496,998312.0327947914,998553.1709669641,998649.626235833,998890.7644080058,998987.2196768748,999083.6749457439,999180.1302146129,999324.8131179166,999469.4960212201,999517.7236556546,999614.1789245236,999710.6341933928,999758.8618278273,999807.0894622619,1000000.0,0.0,0.0,0.0,0.0,0.0,0.0,0.0,0.0,0.0,0.0,0.0,0.0,0.0,0.0,0.0,0.0,0.0,0.0,0.0,0.0,0.0,0.0,0.0,0.0,0.0,0.0,0.0,0.0,0.0,0.0,0.0,0.0,48.22763443453082,48.22763443453082,48.22763443453082,241.13817217265407,337.59344104171646,385.82107547624787,723.414516517964,819.8697853870253,1253.9184952978064,1639.7395707740552,2218.471183988428,3134.7962382445157,4774.535809018565,6607.1859175307445,9259.705811429942,11188.811188811189,17554.858934169293,24354.95538943816,34916.807330600415,46394.9843260188,69544.24885459371,95683.62671810949,144731.13093802743,193730.40752351095,293947.43187846633,407330.6004340487,558861.8278273451,680636.6047745358,802700.7475283337,889317.5789727513,944779.358572462,1000000.0,0.0,0.0,0.0,0.0,0.0,0.0,0.0,0.0,0.0,0.0,0.0,0.0,0.0,0.0,0.0,0.0,0.0,0.0,0.0,0.0,0.0,0.0,0.0,0.0,48.22763443453082,48.22763443453082,48.22763443453082,96.4552688690621,96.4552688690621,96.4552688690621,241.13817217265407,289.36580660718624,337.59344104171646,578.7316132143711,819.8697853870253,1205.690860863273,1832.650108512174,2314.926452857486,2990.1133349409165,3713.527851458888,5739.088497709187,7812.876778394019,13214.371835061467,19098.143236074284,27827.345068724364,41282.85507595855,67566.91584277792,92934.6515553412,156498.6737400531,242729.68410899444,394405.59440559434,524137.9310344827,681167.1087533156,805160.3568844948,916132.1437183504,954907.1618037135,979165.6619242826,986351.5794550277,990065.1073064866,991511.9363395225,992331.8061249095,992621.1719315166,992814.0824692548,1000000.0,0.0,0.0,0.0,0.0,0.0,0.0,0.0,0.0,0.0,0.0,0.0,0.0,0.0,0.0,0.0,0.0,0.0,0.0,0.0,0.0,0.0,0.0,0.0,0.0,0.0,0.0,0.0,0.0,0.0,0.0,0.0,0.0,0.0,0.0,0.0,0.0,0.0,0.0,0.0,0.0,0.0,0.0,0.0,0.0,0.0,0.0,0.0,0.0,0.0,0.0,0.0,0.0,0.0,0.0,0.0,0.0,0.0,0.0,0.0,0.0,0.0,0.0,96.4552688690621,1000000.0
FLINT,MAGNUM03,F,na,na,na,na,2025_03_11-09_22_56,na,0,28,Yes,1,na,96.4552688690621,48.22763443453082,241.13817217274982,45.0,44.0,58.0,,,,96.4552688690621,48.22763443453082,289.36580660728066,45.0,44.0,58.0,43.0,-5.0,11.0,34.0,-8.0,8.0,27.0,-12.0,6.0,23.0,-14.0,4.0,19.0,-15.0,4.0,13.0,-18.0,1.0,16.0,-16.0,2.0,14.0,57.0,57.0,52.0,52.0,63.0,21.0,55.0,59.0,51.0,54.0,62.0,26.0,53.0,61.0,49.0,55.0,61.0,28.0,51.0,62.0,48.0,56.0,60.0,30.0,49.0,62.0,47.0,56.0,60.0,33.0,46.0,63.0,45.0,58.0,59.0,32.0,48.0,63.0,47.0,57.0,59.0,63.0,0.0,63.0,0.0,63.0,44.0,63.0,58.0,7.457886329675319,2.0673268327534475,1.5816256989547353,0.5514218336829434,30.0,160.0,87774.29467084642,103014.22715215819,123366.28888353024,139860.13986013984,164552.6886906197,188666.5059078852,217554.8589341692,239739.57077405346,274608.1504702194,306100.79575596814,345261.63491680735,374776.94719074026,422956.35399083677,460043.4048709911,512418.61586689175,537882.806848324,607041.2346274415,666023.6315408729,727320.9549071618,771256.3298770195,824981.914637087,861634.9168073306,901229.8046780805,924475.5244755244,957511.4540631782,975886.1827827344,988473.595370147,993633.9522546419,996768.7484928863,997974.4393537496,998987.2196768748,999083.6749457439,999855.3170966964,999951.7723655654,999951.7723655654,999951.7723655654,1000000.0,1000000.0,1000000.0,1000000.0,1000000.0,1000000.0,1000000.0,1000000.0,1000000.0,1000000.0,1000000.0,1000000.0,1000000.0,1000000.0,1000000.0,1000000.0,1000000.0,1000000.0,1000000.0,1000000.0,1000000.0,1000000.0,1000000.0,1000000.0,1000000.0,1000000.0,1000000.0,1000000.0,48.22763443453082,48.22763443453082,48.22763443453082,48.22763443453082,48.22763443453082,48.22763443453082,48.22763443453082,48.22763443453082,48.22763443453082,48.22763443453082,48.22763443453082,48.22763443453082,48.22763443453082,48.22763443453082,48.22763443453082,48.22763443453082,48.22763443453082,48.22763443453082,48.22763443453082,48.22763443453082,48.22763443453082,48.22763443453082,48.22763443453082,48.22763443453082,48.22763443453082,48.22763443453082,48.22763443453082,48.22763443453082,48.22763443453082,48.22763443453082,48.22763443453082,48.22763443453082,48.22763443453082,48.22763443453082,48.22763443453082,48.22763443453082,48.22763443453082,48.22763443453082,48.22763443453082,48.22763443453082,48.22763443453082,48.22763443453082,48.22763443453082,48.22763443453082,48.22763443453082,144.68290330359284,289.36580660718624,337.59344104171646,771.6421509524955,1784.4224740776426,4581.625271280436,7957.559681697602,19483.964311550495,39836.02604292259,100458.16252712802,164263.32288401257,343573.66771159874,511405.8355437665,745840.3665300217,869640.7041234628,971208.1022425849,993441.0417169037,998746.0815047021,1000000.0,0.0,0.0,0.0,0.0,0.0,0.0,0.0,0.0,0.0,0.0,0.0,0.0,0.0,0.0,0.0,0.0,0.0,0.0,0.0,0.0,0.0,0.0,0.0,0.0,0.0,0.0,0.0,0.0,0.0,0.0,0.0,0.0,0.0,0.0,0.0,0.0,0.0,0.0,0.0,0.0,0.0,0.0,0.0,0.0,96.4552688690621,241.13817217265407,530.5039787798403,1639.7395707740552,9307.933445864473,31589.100554617777,120665.54135519658,245092.83819628647,507595.8524234386,722208.8256571015,930118.1577043646,978345.7921388955,998794.3091391367,999758.8618278273,999903.5447311308,999903.5447311308,999903.5447311308,999903.5447311308,999951.7723655654,1000000.0,0.0,0.0,0.0,0.0,0.0,0.0,0.0,0.0,0.0,0.0,0.0,0.0,0.0,0.0,0.0,0.0,0.0,0.0,0.0,0.0,0.0,0.0,0.0,0.0,0.0,0.0,0.0,0.0,0.0,0.0,0.0,0.0,0.0,0.0,0.0,0.0,0.0,0.0,0.0,0.0,0.0,0.0,0.0,0.0,0.0,0.0,0.0,0.0,0.0,0.0,0.0,0.0,0.0,0.0,0.0,0.0,0.0,0.0,96.4552688690621,578.7316132143711,6751.868820834333,39546.66023631541,215818.66409452615,1000000.0
FLINT,MAGNUM03,F,na,na,na,na,2025_03_11-09_22_56,na,0,29,Yes,1,na,192.91053773812425,96.4552688690621,48.22763443453082,41.0,35.0,61.0,,,,192.91053773812425,96.4552688690621,48.22763443453082,41.0,35.0,61.0,41.0,-7.0,11.0,30.0,-13.0,9.0,18.0,-17.0,7.0,12.0,-19.0,6.0,7.0,-22.0,0.0,1.0,-25.0,-1.0,5.0,-24.0,0.0,18.0,59.0,59.0,52.0,52.0,63.0,27.0,57.0,62.0,49.0,54.0,63.0,34.0,52.0,63.0,46.0,56.0,63.0,37.0,49.0,63.0,44.0,57.0,63.0,38.0,45.0,63.0,41.0,63.0,63.0,40.0,41.0,63.0,38.0,63.0,62.0,39.0,44.0,63.0,39.0,63.0,63.0,42.0,0.0,63.0,0.0,63.0,0.0,63.0,61.0,8.564055262936462,2.782572108394637,2.4398529352165412,0.02503478843996482,30.0,160.0,35206.173137207625,42970.82228116706,54690.13744875808,63515.7945502773,78418.13359054731,94236.79768507364,111839.88425367742,123125.15071135755,146515.55341210516,168748.49288642392,196527.61032071375,217603.08656860385,246780.80540149505,283337.3523028695,330889.7998553171,355775.2592235351,427779.11743428983,485700.5063901615,545792.1388955871,583361.4661200867,630383.4096937545,672389.6792862309,715360.5015673981,742126.8386785628,778538.7026766337,807909.332047263,837135.2785145887,858066.0718591752,880781.2876778393,902001.446829033,923752.1099590064,927851.4588859415,956016.3973957077,966915.8427779117,979696.1659030624,985917.5307451169,992621.1719315166,997058.1142994935,999421.2683867855,999855.3170966964,1000000.0,1000000.0,1000000.0,1000000.0,1000000.0,1000000.0,1000000.0,1000000.0,1000000.0,1000000.0,1000000.0,1000000.0,1000000.0,1000000.0,1000000.0,1000000.0,1000000.0,1000000.0,1000000.0,1000000.0,1000000.0,1000000.0,1000000.0,1000000.0,48.22763443453082,48.22763443453082,48.22763443453082,48.22763443453082,48.22763443453082,48.22763443453082,48.22763443453082,48.22763443453082,48.22763443453082,48.22763443453082,48.22763443453082,48.22763443453082,48.22763443453082,48.22763443453082,48.22763443453082,48.22763443453082,48.22763443453082,48.22763443453082,48.22763443453082,48.22763443453082,48.22763443453082,48.22763443453082,48.22763443453082,48.22763443453082,48.22763443453082,48.22763443453082,48.22763443453082,48.22763443453082,48.22763443453082,48.22763443453082,48.22763443453082,48.22763443453082,96.4552688690621,96.4552688690621,96.4552688690621,96.4552688690621,96.4552688690621,144.68290330359284,144.68290330359284,192.91053773812425,192.91053773812425,241.13817217265407,337.59344104171646,434.04870991077877,819.8697853870253,1591.5119363395213,2314.926452857486,3279.479141548107,5353.267422232942,7716.421509524954,11912.225705329136,15866.891728960678,24499.63829274172,38871.47335423198,64480.347238967894,90185.67639257296,151820.5931999036,232843.01904991554,389100.554617796,522691.10200144676,689703.4000482276,820255.606462503,926404.6298529056,1000000.0,48.22763443453082,48.22763443453082,48.22763443453082,48.22763443453082,48.22763443453082,48.22763443453082,48.22763443453082,48.22763443453082,48.22763443453082,48.22763443453082,48.22763443453082,48.22763443453082,48.22763443453082,48.22763443453082,48.22763443453082,48.22763443453082,48.22763443453082,48.22763443453082,48.22763443453082,48.22763443453082,48.22763443453082,48.22763443453082,48.22763443453082,48.22763443453082,48.22763443453082,48.22763443453082,48.22763443453082,48.22763443453082,48.22763443453082,48.22763443453082,48.22763443453082,48.22763443453082,96.4552688690621,96.4552688690621,96.4552688690621,144.68290330359284,192.91053773812425,192.91053773812425,434.04870991077877,578.7316132143711,1061.0079575596806,1784.4224740776426,3424.1620448516924,5642.633228840121,9500.843983602605,14034.24162044851,28647.21485411141,47311.30938027491,89606.94477935854,160067.5186882084,308946.22618760547,437714.0101278032,623969.1343139618,781191.2225705328,926597.5403906438,970484.687726067,992187.123221606,996575.8379551483,998070.8946226187,998215.5775259222,998408.4880636605,998408.4880636605,998408.4880636605,1000000.0,0.0,0.0,0.0,0.0,0.0,0.0,0.0,0.0,0.0,0.0,0.0,0.0,0.0,0.0,0.0,0.0,0.0,0.0,0.0,0.0,0.0,0.0,0.0,0.0,0.0,0.0,0.0,0.0,0.0,0.0,0.0,0.0,0.0,0.0,0.0,0.0,0.0,0.0,0.0,0.0,0.0,0.0,0.0,0.0,0.0,0.0,0.0,0.0,0.0,0.0,0.0,0.0,0.0,0.0,0.0,0.0,0.0,0.0,0.0,0.0,0.0,96.4552688690621,337.59344104171646,1000000.0
FLINT,MAGNUM03,F,na,na,na,na,2025_03_11-09_22_56,na,0,30,Yes,1,na,1446.829033035929,48.22763443453082,2363.154087292037,42.0,35.0,62.0,,,,2314.9264528575145,48.22763443453082,2363.154087292037,42.0,35.0,62.0,40.0,-6.0,11.0,28.0,-11.0,9.0,15.0,-17.0,7.0,9.0,-20.0,6.0,0.0,-23.0,0.0,-24.0,-27.0,0.0,-9.0,-25.0,0.0,18.0,58.0,58.0,52.0,52.0,63.0,27.0,55.0,60.0,49.0,54.0,63.0,35.0,50.0,63.0,46.0,56.0,63.0,37.0,46.0,63.0,43.0,57.0,63.0,42.0,42.0,63.0,40.0,63.0,63.0,61.0,37.0,63.0,36.0,63.0,63.0,49.0,40.0,63.0,38.0,63.0,63.0,63.0,0.0,63.0,0.0,63.0,0.0,63.0,63.0,8.78977839043564,3.084476769243039,2.605966954238704,0.0,30.0,160.0,32794.791415481086,41475.765613696625,53339.76368459129,63660.477453580876,78128.7677839402,93079.33445864481,110682.42102724857,120954.9071618038,144634.67566915843,165276.1032071377,189727.51386544495,208922.1123703882,240800.5787316132,273064.86616831436,318398.84253677353,340872.920183265,415770.4364600916,468627.9238003376,527947.9141548107,564890.2821316613,617120.8102242585,657583.7955148299,699204.2440318302,721823.0045816252,762478.9004099348,791222.5705329153,824499.6382927416,843742.4644321194,869737.1593923317,888594.1644562334,908174.5840366529,912177.477694719,946949.6021220158,959488.787074994,973571.256329877,980708.9462261875,989631.0585965757,994936.0983843743,997154.5695683626,997733.301181577,998408.4880636605,998697.8538702676,999131.9025801783,999228.3578490474,999324.8131179166,999324.8131179166,999373.040752351,999421.2683867855,999517.7236556546,999565.9512900892,999565.9512900892,999565.9512900892,999565.9512900892,999614.1789245236,999662.4065589582,999710.6341933928,999758.8618278273,999758.8618278273,999758.8618278273,999855.3170966964,999855.3170966964,999903.5447311308,999903.5447311308,1000000.0,96.4552688690621,96.4552688690621,96.4552688690621,96.4552688690621,96.4552688690621,96.4552688690621,96.4552688690621,96.4552688690621,96.4552688690621,96.4552688690621,96.4552688690621,96.4552688690621,96.4552688690621,96.4552688690621,96.4552688690621,96.4552688690621,96.4552688690621,96.4552688690621,96.4552688690621,96.4552688690621,96.4552688690621,96.4552688690621,96.4552688690621,96.4552688690621,96.4552688690621,96.4552688690621,96.4552688690621,96.4552688690621,96.4552688690621,96.4552688690621,96.4552688690621,96.4552688690621,144.68290330359284,144.68290330359284,144.68290330359284,144.68290330359284,144.68290330359284,241.13817217265407,241.13817217265407,289.36580660718624,578.7316132143711,771.6421509524955,1495.056667470457,1784.4224740776426,2556.0646250301406,4292.259464673261,7282.372799614172,8536.291294911978,14516.517964793811,20255.606462503023,30769.230769230744,40704.12346274415,63805.160356884495,93079.33445864481,149457.43911261155,203231.25150711357,339763.6845912707,472582.5898239691,647552.4475524476,763202.3149264528,881842.2956353991,942416.20448517,976416.6867615143,1000000.0,48.22763443453082,48.22763443453082,48.22763443453082,48.22763443453082,48.22763443453082,48.22763443453082,48.22763443453082,48.22763443453082,48.22763443453082,48.22763443453082,48.22763443453082,48.22763443453082,48.22763443453082,48.22763443453082,48.22763443453082,48.22763443453082,48.22763443453082,48.22763443453082,48.22763443453082,48.22763443453082,48.22763443453082,48.22763443453082,48.22763443453082,48.22763443453082,48.22763443453082,48.22763443453082,48.22763443453082,48.22763443453082,48.22763443453082,48.22763443453082,48.22763443453082,48.22763443453082,48.22763443453082,48.22763443453082,48.22763443453082,96.4552688690621,241.13817217265407,434.04870991077877,916.3250542560885,1109.2355919942117,2025.5606462503029,3038.3409693754506,5015.673981191222,8054.014950566682,13841.331082710401,21605.980226669853,39643.1155051845,59416.44562334221,117289.60694477924,192090.66795273687,349023.3904027008,479382.68627923797,660332.7706775982,802556.0646250302,928574.8734024595,965227.8755727031,990402.7007475282,995418.3747287195,997299.2524716662,997540.3906438388,997588.6182782734,997636.845912708,997781.5288160116,1000000.0,0.0,0.0,0.0,0.0,0.0,0.0,0.0,0.0,0.0,0.0,0.0,0.0,0.0,0.0,0.0,0.0,0.0,0.0,0.0,0.0,0.0,0.0,0.0,0.0,0.0,0.0,0.0,0.0,0.0,0.0,0.0,0.0,0.0,0.0,0.0,0.0,0.0,0.0,0.0,0.0,0.0,0.0,0.0,0.0,0.0,0.0,0.0,0.0,0.0,0.0,0.0,0.0,0.0,0.0,0.0,0.0,0.0,0.0,0.0,0.0,0.0,0.0,0.0,1000000.0
FLINT,MAGNUM03,F,na,na,na,na,2025_03_11-09_22_56,na,0,31,Yes,1,na,771.6421509525992,48.22763443453082,2122.0159151194002,39.0,28.0,62.0,,,,1205.690860863378,48.22763443453082,2218.471183988462,39.0,28.0,62.0,43.0,-5.0,11.0,31.0,-10.0,9.0,17.0,-16.0,7.0,11.0,-20.0,6.0,4.0,-23.0,0.0,-13.0,-31.0,0.0,-2.0,-25.0,0.0,14.0,57.0,57.0,52.0,52.0,63.0,23.0,54.0,59.0,49.0,54.0,63.0,32.0,49.0,62.0,46.0,56.0,63.0,35.0,46.0,63.0,43.0,57.0,63.0,37.0,41.0,63.0,40.0,63.0,63.0,50.0,37.0,63.0,32.0,63.0,63.0,42.0,40.0,63.0,38.0,63.0,63.0,60.0,0.0,63.0,0.0,63.0,0.0,63.0,59.0,9.126436809085726,3.110032738123389,2.5807260071563403,0.02946136166339542,30.0,160.0,130696.88931757906,149312.75620930784,167735.71256329885,185145.88859416448,203231.25150711357,228743.67012298046,252278.75572703156,267615.14347721246,299638.29274174094,330455.7511454063,363346.9978297564,398601.39860139857,433325.2953942609,477839.401977333,526501.0851217747,543766.5782493368,620593.1999035446,665059.0788521823,708029.9011333494,741499.8794309138,772654.9312756209,805787.3161321437,835302.6284060767,851507.113576079,876489.028213166,894092.1147817698,911839.8842536773,923945.0204967447,936821.7988907644,948637.5693272244,959971.0634193392,963539.9083674945,978828.0684832409,985772.8478418133,990981.4323607427,995273.6918254159,997877.9840848806,998890.7644080058,999228.3578490474,999469.4960212201,999517.7236556546,999517.7236556546,999614.1789245236,999662.4065589582,999710.6341933928,999758.8618278273,999758.8618278273,999758.8618278273,999758.8618278273,999758.8618278273,999903.5447311308,999903.5447311308,999951.7723655654,1000000.0,1000000.0,1000000.0,1000000.0,1000000.0,1000000.0,1000000.0,1000000.0,1000000.0,1000000.0,1000000.0,48.22763443453082,48.22763443453082,48.22763443453082,48.22763443453082,48.22763443453082,48.22763443453082,48.22763443453082,48.22763443453082,48.22763443453082,48.22763443453082,48.22763443453082,48.22763443453082,48.22763443453082,48.22763443453082,48.22763443453082,48.22763443453082,48.22763443453082,48.22763443453082,48.22763443453082,48.22763443453082,48.22763443453082,48.22763443453082,48.22763443453082,48.22763443453082,48.22763443453082,48.22763443453082,48.22763443453082,48.22763443453082,48.22763443453082,48.22763443453082,48.22763443453082,48.22763443453082,96.4552688690621,96.4552688690621,144.68290330359284,192.91053773812425,192.91053773812425,289.36580660718624,434.04870991077877,482.27634434531,1012.7803231251486,1543.2843019049903,1929.1053773812387,2556.0646250301406,4002.8936580660734,5449.72269110199,8970.34000482275,11044.128285507591,18181.818181818162,25850.012056908607,40897.034000482294,56908.60863274655,84687.72606703635,126501.08512177483,206317.82011092358,280299.0113334941,437135.27851458883,574825.1748251749,742657.3426573427,847263.0817458401,927128.0443694236,964118.639980709,985387.0267663371,1000000.0,48.22763443453082,48.22763443453082,48.22763443453082,48.22763443453082,48.22763443453082,48.22763443453082,48.22763443453082,48.22763443453082,48.22763443453082,48.22763443453082,48.22763443453082,48.22763443453082,48.22763443453082,48.22763443453082,48.22763443453082,48.22763443453082,48.22763443453082,48.22763443453082,48.22763443453082,48.22763443453082,48.22763443453082,48.22763443453082,48.22763443453082,48.22763443453082,48.22763443453082,48.22763443453082,48.22763443453082,48.22763443453082,96.4552688690621,96.4552688690621,144.68290330359284,144.68290330359284,289.36580660718624,289.36580660718624,337.59344104171646,385.82107547624787,434.04870991077877,530.5039787798403,964.5526886906189,1157.4632264287443,1543.2843019049903,2604.2922594646707,4533.397636845913,7234.145165179647,12298.046780805396,20593.199903544737,40125.39184952976,59078.85218230043,115360.50156739814,199421.26838678564,358765.372558476,497323.3662888835,671473.3542319748,808970.3400048227,935616.108029901,969520.1350373763,990740.29418857,994984.3260188088,997106.3419339281,997781.5288160116,997877.9840848806,997877.9840848806,997926.211719315,1000000.0,0.0,0.0,0.0,0.0,0.0,0.0,0.0,0.0,0.0,0.0,0.0,0.0,0.0,0.0,0.0,0.0,0.0,0.0,0.0,0.0,0.0,0.0,0.0,0.0,0.0,0.0,0.0,0.0,0.0,0.0,0.0,0.0,0.0,0.0,0.0,0.0,0.0,0.0,0.0,0.0,0.0,0.0,0.0,0.0,0.0,0.0,0.0,0.0,0.0,0.0,0.0,0.0,0.0,0.0,0.0,0.0,0.0,0.0,0.0,48.22763443453082,48.22763443453082,48.22763443453082,144.68290330359284,1000000.0
FLINT,MAGNUM03,F,na,na,na,na,2025_03_11-09_22_56,na,0,32,Yes,1,na,530.5039787798403,0.0,1398.601398601398,40.0,30.0,62.0,,,,723.4145165180054,0.0,1639.7395707740811,40.0,30.0,62.0,57.0,-8.0,11.0,40.0,-13.0,9.0,23.0,-18.0,7.0,14.0,-21.0,6.0,5.0,-24.0,0.0,-2.0,-28.0,-2.0,1.0,-26.0,-1.0,3.0,60.0,60.0,52.0,52.0,63.0,17.0,57.0,62.0,49.0,54.0,63.0,29.0,52.0,63.0,45.0,56.0,63.0,34.0,48.0,63.0,42.0,57.0,63.0,38.0,43.0,63.0,39.0,62.0,62.0,40.0,38.0,63.0,35.0,63.0,61.0,39.0,40.0,63.0,37.0,63.0,62.0,42.0,0.0,63.0,0.0,63.0,30.0,63.0,60.0,8.653466020579213,3.0331923073232065,2.709801414978322,0.05420522546103657,30.0,160.0,343573.66771159874,391849.5297805642,464142.7537979262,502049.6744634675,573619.4839643115,614178.9245237521,651844.7070171208,664239.2090667952,690860.8632746564,708174.584036653,728044.3694236798,739474.3187846636,761707.2582589823,778538.7026766337,799373.0407523509,808198.6978538702,832264.2874367012,849192.1871232216,870267.6633711117,880588.3771401013,897468.0491921869,909139.1367253436,924041.4757656137,931516.7591029659,944875.813841331,951965.2761032071,961514.3477212442,967156.9809500844,974149.9879430914,978828.0684832409,983650.8319266939,984277.7911743429,990884.9770918736,992428.2613937786,994550.2773088979,995466.602363154,997347.4801061008,998312.0327947914,999228.3578490474,999662.4065589582,999951.7723655654,1000000.0,1000000.0,1000000.0,1000000.0,1000000.0,1000000.0,1000000.0,1000000.0,1000000.0,1000000.0,1000000.0,1000000.0,1000000.0,1000000.0,1000000.0,1000000.0,1000000.0,1000000.0,1000000.0,1000000.0,1000000.0,1000000.0,1000000.0,48.22763443453082,48.22763443453082,48.22763443453082,48.22763443453082,48.22763443453082,48.22763443453082,48.22763443453082,48.22763443453082,48.22763443453082,48.22763443453082,48.22763443453082,48.22763443453082,48.22763443453082,48.22763443453082,48.22763443453082,48.22763443453082,48.22763443453082,48.22763443453082,48.22763443453082,48.22763443453082,48.22763443453082,48.22763443453082,48.22763443453082,48.22763443453082,48.22763443453082,48.22763443453082,48.22763443453082,48.22763443453082,48.22763443453082,48.22763443453082,48.22763443453082,48.22763443453082,96.4552688690621,96.4552688690621,96.4552688690621,96.4552688690621,96.4552688690621,96.4552688690621,337.59344104171646,337.59344104171646,578.7316132143711,723.414516517964,1205.690860863273,1446.829033035929,2073.7882806848356,2556.0646250301406,4195.804195804195,5015.673981191222,7861.104412828547,10851.217747769464,16734.989148782235,22232.939474318777,33952.254641909814,48806.36604774533,72437.9069206655,94767.30166385339,149939.71545695688,212298.04678080534,340969.37545213406,453146.8531468531,624306.7277550036,759295.8765372558,900361.7072582588,1000000.0,0.0,0.0,0.0,0.0,0.0,0.0,0.0,0.0,0.0,0.0,0.0,0.0,0.0,0.0,0.0,0.0,0.0,0.0,0.0,0.0,0.0,0.0,0.0,0.0,0.0,0.0,0.0,0.0,0.0,0.0,48.22763443453082,48.22763443453082,144.68290330359284,192.91053773812425,192.91053773812425,241.13817217265407,530.5039787798403,626.959247648901,1205.690860863273,1832.650108512174,2893.6580660718573,4919.218712322153,8343.380757173849,12346.274415239926,20593.199903544737,32746.56378104652,57487.3402459609,82324.57197974436,144248.8545936823,220544.97226911018,371111.6469737159,493079.3344586448,673595.3701470942,814034.2416204485,944827.5862068966,976706.0525681215,993344.5864480347,996672.2932240173,998022.6669881842,998408.4880636605,998553.1709669641,998697.8538702676,998746.0815047021,1000000.0,0.0,0.0,0.0,0.0,0.0,0.0,0.0,0.0,0.0,0.0,0.0,0.0,0.0,0.0,0.0,0.0,0.0,0.0,0.0,0.0,0.0,0.0,0.0,0.0,0.0,0.0,0.0,0.0,0.0,0.0,0.0,0.0,0.0,0.0,0.0,0.0,0.0,0.0,0.0,0.0,0.0,0.0,0.0,0.0,0.0,0.0,0.0,0.0,0.0,0.0,0.0,0.0,0.0,0.0,0.0,0.0,0.0,0.0,0.0,0.0,96.4552688690621,337.59344104171646,1446.829033035929,1000000.0
FLINT,MAGNUM03,F,na,na,na,na,2025_03_11-09_22_56,na,0,33,Yes,1,na,771.6421509525992,48.22763443453082,241.13817217265407,37.0,30.0,62.0,,,,1205.6908608632996,48.22763443453082,241.13817217265407,37.0,30.0,62.0,57.0,-6.0,12.0,38.0,-12.0,9.0,21.0,-18.0,7.0,12.0,-22.0,6.0,5.0,-25.0,2.0,-7.0,-29.0,-1.0,0.0,-28.0,0.0,0.0,57.0,57.0,51.0,51.0,63.0,16.0,54.0,60.0,48.0,54.0,63.0,27.0,48.0,62.0,44.0,56.0,63.0,32.0,44.0,63.0,41.0,57.0,63.0,35.0,40.0,63.0,38.0,61.0,63.0,39.0,32.0,63.0,34.0,63.0,62.0,37.0,37.0,63.0,35.0,63.0,63.0,46.0,0.0,63.0,0.0,63.0,30.0,63.0,61.0,8.255518835460158,3.40312342380253,2.876798994037031,0.020830598153641456,30.0,160.0,517144.9240414757,550229.081263564,583265.0108512178,598649.626235833,621509.5249578007,638099.8312032794,658162.5271280444,670653.4844465879,697323.3662888835,719218.7123221606,743477.2124427297,758524.2343863033,785387.0267663371,803713.5278514589,826766.3371111647,835784.904750422,862117.1931516759,878659.27176272,896165.9030624547,906390.1615625754,921099.5900651073,931420.3038340969,943959.4887870749,950421.9918013021,960646.2503014227,967687.4849288642,975018.0853629129,979165.6619242826,984422.4740776465,987364.3597781529,990788.5218230045,991319.0258017844,995370.147094285,997058.1142994935,998408.4880636605,998890.7644080058,999228.3578490474,999710.6341933928,999807.0894622619,999903.5447311308,999903.5447311308,999903.5447311308,999903.5447311308,1000000.0,1000000.0,1000000.0,1000000.0,1000000.0,1000000.0,1000000.0,1000000.0,1000000.0,1000000.0,1000000.0,1000000.0,1000000.0,1000000.0,1000000.0,1000000.0,1000000.0,1000000.0,1000000.0,1000000.0,1000000.0,48.22763443453082,48.22763443453082,48.22763443453082,48.22763443453082,48.22763443453082,48.22763443453082,48.22763443453082,48.22763443453082,48.22763443453082,48.22763443453082,48.22763443453082,48.22763443453082,48.22763443453082,48.22763443453082,48.22763443453082,48.22763443453082,48.22763443453082,48.22763443453082,48.22763443453082,48.22763443453082,48.22763443453082,48.22763443453082,48.22763443453082,48.22763443453082,48.22763443453082,96.4552688690621,96.4552688690621,96.4552688690621,144.68290330359284,144.68290330359284,144.68290330359284,144.68290330359284,241.13817217265407,241.13817217265407,337.59344104171646,385.82107547624787,482.27634434531,626.959247648901,964.5526886906189,1061.0079575596806,1736.1948396431121,2266.6988184229576,4195.804195804195,5160.356884494808,7764.649143959485,10031.347962382453,14371.835061490223,17458.403665300208,27875.572703158876,37376.41668676151,55172.413793103486,71762.72003858209,107017.12081022424,143911.26115264042,218712.322160598,282421.0272486134,427634.4345309862,555968.1697612732,724764.8902821316,830431.637328189,928381.9628647214,964263.3228840125,984663.6122498191,1000000.0,0.0,0.0,0.0,0.0,0.0,0.0,0.0,0.0,0.0,0.0,0.0,0.0,0.0,0.0,0.0,0.0,0.0,0.0,0.0,0.0,0.0,0.0,0.0,0.0,0.0,0.0,0.0,0.0,0.0,0.0,96.4552688690621,96.4552688690621,192.91053773812425,192.91053773812425,434.04870991077877,675.1868820834334,916.3250542560885,1253.9184952978064,2122.0159151193625,2941.8857005063924,4870.991077887631,7378.82806848324,12346.274415239926,17795.997106341903,29515.312273932934,42150.95249578004,68917.28960694475,97902.09790209786,161659.0306245479,240655.89582830959,392138.8955871714,514444.176513142,680540.1495056667,815770.4364600917,941355.1965276102,977188.3289124668,993199.9035447311,996720.5208584518,998022.6669881842,998408.4880636605,998601.3986013986,998746.0815047021,998746.0815047021,1000000.0,0.0,0.0,0.0,0.0,0.0,0.0,0.0,0.0,0.0,0.0,0.0,0.0,0.0,0.0,0.0,0.0,0.0,0.0,0.0,0.0,0.0,0.0,0.0,0.0,0.0,0.0,0.0,0.0,0.0,0.0,0.0,0.0,0.0,0.0,0.0,0.0,0.0,0.0,0.0,0.0,0.0,0.0,0.0,0.0,0.0,0.0,0.0,0.0,0.0,0.0,0.0,0.0,0.0,0.0,0.0,0.0,0.0,0.0,0.0,0.0,0.0,48.22763443453082,289.36580660718624,1000000.0
FLINT,MAGNUM03,F,na,na,na,na,2025_03_11-09_22_56,na,0,34,Yes,1,na,1639.7395707741225,48.22763443453082,2363.154087292037,39.0,0.0,62.0,,,,2893.658066071929,48.22763443453082,2411.381721726568,39.0,0.0,62.0,42.0,-6.0,12.0,28.0,-12.0,9.0,14.0,-19.0,7.0,8.0,-23.0,5.0,0.0,-28.0,0.0,-15.0,-34.0,0.0,-7.0,-31.0,0.0,15.0,57.0,57.0,51.0,51.0,63.0,26.0,54.0,60.0,48.0,54.0,63.0,34.0,48.0,63.0,44.0,56.0,63.0,36.0,44.0,63.0,40.0,58.0,63.0,40.0,40.0,63.0,35.0,63.0,63.0,49.0,34.0,63.0,29.0,63.0,63.0,44.0,37.0,63.0,32.0,63.0,63.0,63.0,0.0,63.0,29.0,63.0,0.0,63.0,55.0,9.614123587243382,3.498762053632106,3.142993461793959,0.05598621867581801,30.0,160.0,98625.51241861578,115649.86737400529,133108.27103930546,147673.01663853382,166192.42826139386,187798.4084880636,209886.66505907878,226669.88184229558,254738.3650831926,282421.0272486134,317723.65565469005,349843.26018808776,390450.9283819628,438292.74174101755,485700.5063901615,507161.8037135278,569954.1837472871,609838.4374246442,652809.2597058114,682131.6614420062,714444.176513142,743043.1637328189,771256.3298770195,789920.424403183,817603.0865686038,838099.8312032794,861297.3233662888,876778.3940197735,895538.9438148058,911116.4697371593,927320.9549071618,934603.3277067759,956932.7224499638,969086.0863274656,980033.7593441041,988087.7742946708,994694.9602122015,997347.4801061008,998360.2604292259,998649.626235833,999131.9025801783,999324.8131179166,999373.040752351,999517.7236556546,999614.1789245236,999710.6341933928,999758.8618278273,999758.8618278273,999807.0894622619,999903.5447311308,999903.5447311308,999903.5447311308,999903.5447311308,999951.7723655654,999951.7723655654,999951.7723655654,999951.7723655654,999951.7723655654,999951.7723655654,999951.7723655654,999951.7723655654,999951.7723655654,999951.7723655654,1000000.0,0.0,0.0,0.0,0.0,0.0,0.0,0.0,0.0,0.0,0.0,0.0,0.0,0.0,0.0,0.0,0.0,0.0,0.0,0.0,0.0,0.0,0.0,0.0,0.0,0.0,0.0,0.0,0.0,0.0,48.22763443453082,96.4552688690621,96.4552688690621,144.68290330359284,192.91053773812425,337.59344104171646,385.82107547624787,434.04870991077877,626.959247648901,1012.7803231251486,1302.1461297323344,2507.836990595609,3375.934410417169,5063.901615625751,5835.543766578246,7764.649143959485,10417.169037858685,15481.070653484428,17747.769471907395,27634.43453098625,37569.32722449966,55124.18615866897,72486.13455510004,107547.6247890041,150373.76416686754,227103.9305522064,299541.8374728719,437906.9206655413,566626.4769713045,720906.6795273692,821702.4354955389,904219.9180130212,947094.2850253194,973137.2076199661,1000000.0,96.4552688690621,96.4552688690621,96.4552688690621,96.4552688690621,96.4552688690621,96.4552688690621,96.4552688690621,96.4552688690621,96.4552688690621,96.4552688690621,96.4552688690621,96.4552688690621,96.4552688690621,144.68290330359284,144.68290330359284,144.68290330359284,144.68290330359284,144.68290330359284,144.68290330359284,144.68290330359284,144.68290330359284,144.68290330359284,144.68290330359284,144.68290330359284,144.68290330359284,144.68290330359284,192.91053773812425,192.91053773812425,192.91053773812425,241.13817217265407,289.36580660718624,434.04870991077877,578.7316132143711,819.8697853870253,1061.0079575596806,1446.829033035929,1977.3330118157653,2170.2435495538875,3761.755485893413,5208.58451892934,7427.055702917767,10320.71376898964,15963.346997829749,22763.44345309863,33035.929587653714,48661.68314444173,81504.70219435729,114878.2252230527,189486.3756932722,284832.40897034004,437376.4166867615,566337.1111646973,719025.8017844225,831203.2794791415,929539.4260911501,963877.5018085362,985772.8478418133,992380.033759344,995611.2852664576,996672.2932240173,997395.7077405354,997636.845912708,997781.5288160116,1000000.0,0.0,0.0,0.0,0.0,0.0,0.0,0.0,0.0,0.0,0.0,0.0,0.0,0.0,0.0,0.0,0.0,0.0,0.0,0.0,0.0,0.0,0.0,0.0,0.0,0.0,0.0,0.0,0.0,0.0,0.0,0.0,0.0,0.0,0.0,0.0,0.0,0.0,0.0,0.0,0.0,0.0,0.0,0.0,0.0,0.0,0.0,0.0,0.0,0.0,0.0,0.0,0.0,0.0,0.0,0.0,48.22763443453082,48.22763443453082,48.22763443453082,48.22763443453082,48.22763443453082,48.22763443453082,48.22763443453082,96.4552688690621,1000000.0
FLINT,MAGNUM03,F,na,na,na,na,2025_03_11-09_22_56,na,0,35,Yes,1,na,3954.6660236315374,0.0,2797.202797202856,40.0,0.0,62.0,,,,6462.503014227206,0.0,2797.202797202856,40.0,0.0,62.0,55.0,-9.0,12.0,33.0,-16.0,9.0,14.0,-23.0,6.0,4.0,-29.0,4.0,-4.0,-34.0,0.0,-26.0,-42.0,0.0,-13.0,-36.0,0.0,5.0,60.0,60.0,51.0,51.0,63.0,22.0,55.0,63.0,47.0,54.0,63.0,34.0,48.0,63.0,40.0,57.0,63.0,38.0,42.0,63.0,34.0,59.0,63.0,41.0,37.0,63.0,29.0,63.0,63.0,56.0,30.0,63.0,21.0,63.0,63.0,45.0,32.0,63.0,27.0,63.0,63.0,63.0,0.0,63.0,24.0,63.0,0.0,63.0,63.0,10.774911469977793,4.156859273813395,4.144253916157106,0.0,30.0,160.0,364408.0057873161,403520.61731372075,438196.28647214855,464866.16831444413,490764.4080057873,509862.55124186154,526983.36146612,538654.4489992765,556788.0395466603,573137.2076199662,594019.7733301182,609886.6650590788,633180.6124909573,651603.5688449481,675910.2965999517,690185.6763925729,720424.4031830238,742271.5215818665,766674.7046057392,785579.937304075,808295.1531227392,827634.4345309861,849433.325295394,861683.144441765,880925.9705811429,894526.1634916806,909959.0065107306,919556.3057632023,930455.7511454063,940487.0991077888,951145.4063178201,955389.4381480587,967832.1678321677,972992.5247166626,978924.52375211,983747.2871955631,988280.6848324089,992380.033759344,995129.0089221123,997154.5695683626,998504.9433325295,999083.6749457439,999324.8131179166,999469.4960212201,999517.7236556546,999614.1789245236,999614.1789245236,999614.1789245236,999758.8618278273,999758.8618278273,999758.8618278273,999758.8618278273,999855.3170966964,999855.3170966964,999855.3170966964,999855.3170966964,1000000.0,1000000.0,1000000.0,1000000.0,1000000.0,1000000.0,1000000.0,1000000.0,0.0,0.0,0.0,0.0,0.0,0.0,0.0,0.0,0.0,0.0,0.0,0.0,0.0,0.0,0.0,0.0,0.0,0.0,0.0,0.0,0.0,0.0,0.0,0.0,48.22763443453082,48.22763443453082,96.4552688690621,96.4552688690621,144.68290330359284,192.91053773812425,289.36580660718624,289.36580660718624,626.959247648901,723.414516517964,916.3250542560885,964.5526886906189,1302.1461297323344,1446.829033035929,2266.6988184229576,2604.2922594646707,4002.8936580660734,5015.673981191222,6655.413551965274,8488.063660477448,11140.583554376653,13455.510007234145,18278.273450687222,21605.980226669853,30045.816252712804,37135.27851458886,49385.09766095973,61827.82734506874,80974.19821557745,100699.30069930067,134362.18953460344,160549.7950325536,216686.7615143477,270605.2568121533,368362.6718109476,460429.2259464673,588618.2782734507,700988.6665059079,829611.7675428019,1000000.0,48.22763443453082,48.22763443453082,48.22763443453082,48.22763443453082,48.22763443453082,48.22763443453082,48.22763443453082,48.22763443453082,48.22763443453082,48.22763443453082,48.22763443453082,48.22763443453082,48.22763443453082,48.22763443453082,48.22763443453082,48.22763443453082,48.22763443453082,48.22763443453082,144.68290330359284,192.91053773812425,192.91053773812425,241.13817217265407,241.13817217265407,289.36580660718624,434.04870991077877,482.27634434531,482.27634434531,771.6421509524955,1109.2355919942117,1398.601398601398,1880.8777429467057,2122.0159151193625,3713.527851458888,4436.942367976849,6462.5030142271535,7668.193875090419,9886.665059078852,12635.640221847118,17603.08656860379,21943.57366771158,29901.13334940919,37328.189052327005,49867.374005305,64190.98143236073,85700.50639016152,110730.64866168314,152929.82879189771,192235.35085604055,267132.86713286705,348203.5206173136,482228.1167108753,588666.5059078851,719652.7610320713,818808.777429467,919315.1675910295,952109.9590065107,976272.0038582106,985724.6202073788,992235.3508560404,994405.5944055944,995948.8787074994,997202.7972027971,998215.5775259222,1000000.0,0.0,0.0,0.0,0.0,0.0,0.0,0.0,0.0,0.0,0.0,0.0,0.0,0.0,0.0,0.0,0.0,0.0,0.0,0.0,0.0,0.0,0.0,0.0,0.0,0.0,0.0,0.0,0.0,0.0,0.0,0.0,0.0,0.0,0.0,0.0,0.0,0.0,0.0,0.0,0.0,0.0,0.0,0.0,0.0,0.0,0.0,0.0,0.0,0.0,0.0,0.0,0.0,0.0,0.0,0.0,0.0,0.0,0.0,0.0,0.0,0.0,0.0,0.0,1000000.0
FLINT,MAGNUM03,F,na,na,na,na,2025_03_11-09_22_56,na,0,36,Yes,1,na,1350.373764166866,0.0,2073.788280684941,39.0,23.0,62.0,,,,2652.5198938992053,0.0,2073.788280684941,39.0,23.0,62.0,43.0,-6.0,12.0,29.0,-12.0,9.0,14.0,-18.0,7.0,8.0,-22.0,5.0,0.0,-26.0,0.0,-18.0,-33.0,0.0,-8.0,-29.0,0.0,14.0,57.0,57.0,51.0,51.0,63.0,25.0,54.0,60.0,48.0,54.0,63.0,34.0,48.0,62.0,44.0,56.0,63.0,36.0,44.0,63.0,41.0,58.0,63.0,39.0,39.0,63.0,37.0,63.0,63.0,50.0,32.0,63.0,30.0,63.0,63.0,43.0,35.0,63.0,34.0,63.0,63.0,62.0,0.0,63.0,24.0,63.0,23.0,63.0,63.0,9.621578750782648,3.4082770225027894,2.9375462547468003,0.0,30.0,160.0,121581.86640945256,139281.40824692565,156450.44610561847,175596.81697612733,195659.51290089224,217603.08656860385,240704.12346274417,259705.8114299493,290233.90402700746,320231.49264528573,353412.105136243,383361.4661200868,421798.890764408,464046.2985290571,511405.8355437665,537979.2621171932,596045.3339763684,637714.0101278032,677453.5809018567,708994.45382204,739184.9529780564,767446.3467566916,794743.1878466362,812394.5020496744,838244.5141065831,857535.5678803953,876440.8005787317,892886.4239209066,908801.543284302,923221.6059802268,938895.5871714492,945743.9112611526,965276.1032071377,975307.4511695202,984615.3846153845,991656.6192428261,995563.0576320231,997395.7077405354,998697.8538702676,999083.6749457439,999180.1302146129,999324.8131179166,999517.7236556546,999614.1789245236,999662.4065589582,999710.6341933928,999807.0894622619,999855.3170966964,999855.3170966964,999855.3170966964,999903.5447311308,999951.7723655654,999951.7723655654,999951.7723655654,999951.7723655654,999951.7723655654,999951.7723655654,1000000.0,1000000.0,1000000.0,1000000.0,1000000.0,1000000.0,1000000.0,0.0,0.0,0.0,0.0,0.0,0.0,0.0,0.0,0.0,0.0,0.0,0.0,0.0,0.0,0.0,0.0,0.0,0.0,0.0,0.0,0.0,0.0,0.0,0.0,48.22763443453082,48.22763443453082,48.22763443453082,48.22763443453082,48.22763443453082,48.22763443453082,96.4552688690621,96.4552688690621,434.04870991077877,434.04870991077877,530.5039787798403,578.7316132143711,819.8697853870253,916.3250542560885,1157.4632264287443,1398.601398601398,2218.471183988428,2700.747528333735,3424.1620448516924,4967.446346756688,7523.510971786837,10079.575596816969,14227.15215818664,16879.672052085858,24692.548830479835,34338.07571738605,50880.15432843018,66988.18422956354,99252.47166626477,142078.61104412834,219676.87484928867,294863.7569327224,438919.7009886665,571159.8746081505,724668.4350132626,825801.784422474,908463.9498432602,953701.4709428502,978008.1986978538,1000000.0,0.0,0.0,0.0,0.0,0.0,0.0,0.0,0.0,0.0,0.0,0.0,0.0,0.0,0.0,0.0,0.0,0.0,0.0,0.0,0.0,0.0,0.0,0.0,48.22763443453082,48.22763443453082,96.4552688690621,96.4552688690621,96.4552688690621,96.4552688690621,144.68290330359284,241.13817217265407,289.36580660718624,337.59344104171646,530.5039787798403,675.1868820834334,964.5526886906189,1157.4632264287443,1495.056667470457,2556.0646250301406,3424.1620448516924,5401.495056667472,7909.3320472630785,12539.18495297808,18230.045816252703,26476.971304557497,40077.16421509529,66747.04605739088,92597.05811429946,160212.201591512,245912.70798167342,400723.41451651795,531323.8485652278,692838.1962864721,819773.3301181576,928671.3286713286,966047.7453580903,987701.9532191945,993682.1798890764,996334.6997829756,997154.5695683626,997733.301181577,997926.211719315,998070.8946226187,1000000.0,0.0,0.0,0.0,0.0,0.0,0.0,0.0,0.0,0.0,0.0,0.0,0.0,0.0,0.0,0.0,0.0,0.0,0.0,0.0,0.0,0.0,0.0,0.0,0.0,0.0,0.0,0.0,0.0,0.0,0.0,0.0,0.0,0.0,0.0,0.0,0.0,0.0,0.0,0.0,0.0,0.0,0.0,0.0,0.0,0.0,0.0,0.0,0.0,0.0,0.0,0.0,0.0,0.0,0.0,0.0,0.0,0.0,0.0,0.0,0.0,0.0,0.0,0.0,1000000.0
FLINT,MAGNUM03,F,na,na,na,na,2025_03_11-09_22_56,na,0,37,Yes,1,na,1687.967205208584,48.22763443453082,999517.7236556547,39.0,23.0,33.0,,,,2990.1133349409183,48.22763443453082,999517.7236556547,39.0,23.0,33.0,41.0,-5.0,11.0,28.0,-11.0,9.0,14.0,-18.0,6.0,8.0,-21.0,5.0,0.0,-26.0,0.0,-20.0,-31.0,0.0,-6.0,-29.0,0.0,16.0,57.0,57.0,52.0,52.0,63.0,26.0,54.0,60.0,49.0,54.0,63.0,34.0,48.0,63.0,45.0,57.0,63.0,36.0,44.0,63.0,42.0,58.0,63.0,40.0,40.0,63.0,37.0,63.0,63.0,52.0,32.0,63.0,32.0,63.0,63.0,43.0,37.0,63.0,34.0,63.0,63.0,63.0,0.0,63.0,0.0,63.0,0.0,63.0,33.0,9.48577591877356,3.4972237415787335,3.125850184358898,0.2083283098031171,30.0,160.0,86279.23800337594,100747.52833373519,118832.89124668439,134265.73426573424,152447.55244755253,173860.6221364842,195177.23655654694,211044.12828550756,239257.29442970816,266891.72896069445,301085.1217747769,333349.40921147814,369857.72847841814,414178.9245237521,461924.28261393774,481601.1574632264,544779.358572462,587605.4979503255,635543.7665782493,666891.7289606945,703014.2271521582,732384.8565227875,764311.5505184471,782204.002893658,812876.7783940197,834386.3033518206,859271.7627200385,874945.7439112611,894092.1147817698,909524.9578008199,926886.906197251,932770.6775982637,957800.8198697853,970050.6390161562,982204.002893658,989389.9204244032,994984.3260188088,997251.0248372317,998312.0327947914,998697.8538702676,999228.3578490474,999421.2683867855,999469.4960212201,999614.1789245236,999710.6341933928,999710.6341933928,999710.6341933928,999710.6341933928,999758.8618278273,999758.8618278273,999807.0894622619,999807.0894622619,999903.5447311308,999903.5447311308,999903.5447311308,999903.5447311308,999903.5447311308,999903.5447311308,1000000.0,1000000.0,1000000.0,1000000.0,1000000.0,1000000.0,96.4552688690621,96.4552688690621,96.4552688690621,96.4552688690621,96.4552688690621,96.4552688690621,96.4552688690621,96.4552688690621,96.4552688690621,96.4552688690621,96.4552688690621,96.4552688690621,96.4552688690621,96.4552688690621,96.4552688690621,96.4552688690621,96.4552688690621,96.4552688690621,96.4552688690621,96.4552688690621,96.4552688690621,96.4552688690621,96.4552688690621,96.4552688690621,96.4552688690621,96.4552688690621,144.68290330359284,144.68290330359284,144.68290330359284,192.91053773812425,192.91053773812425,192.91053773812425,289.36580660718624,337.59344104171646,337.59344104171646,337.59344104171646,482.27634434531,819.8697853870253,1205.690860863273,1350.373764166866,1832.650108512174,2700.747528333735,3954.6660236315374,4919.218712322153,7041.234627441522,10031.347962382453,13889.55871714491,16108.029901133345,23390.40270074749,32843.01904991558,47359.53701470944,63901.615625753526,94188.57005063891,132143.71835061483,204051.12129250058,271569.809500844,407812.876778394,531082.7103930552,682372.7996141788,787364.3597781529,883771.4010127804,939715.4569568363,972027.972027972,1000000.0,48.22763443453082,48.22763443453082,48.22763443453082,48.22763443453082,48.22763443453082,48.22763443453082,48.22763443453082,48.22763443453082,48.22763443453082,48.22763443453082,48.22763443453082,48.22763443453082,48.22763443453082,48.22763443453082,48.22763443453082,48.22763443453082,48.22763443453082,48.22763443453082,48.22763443453082,48.22763443453082,48.22763443453082,48.22763443453082,48.22763443453082,96.4552688690621,96.4552688690621,96.4552688690621,144.68290330359284,144.68290330359284,144.68290330359284,192.91053773812425,192.91053773812425,192.91053773812425,482.27634434531,530.5039787798403,819.8697853870253,964.5526886906189,1302.1461297323344,1446.829033035929,2459.609356161082,3134.7962382445157,4340.487099107789,6028.454304316367,8970.34000482275,13021.46129732335,21750.663129973454,31299.734748010567,54641.90981432362,76199.66240655894,133397.63684591255,201446.82903303596,325343.6218953459,437810.4653966723,578297.564504461,702869.5442488545,842585.0012056908,909042.6814564744,969809.5008439835,985435.2544007716,994646.732577767,996527.6103207137,997974.4393537496,998312.0327947914,998649.626235833,1000000.0,0.0,0.0,0.0,0.0,0.0,0.0,0.0,0.0,0.0,0.0,0.0,0.0,0.0,0.0,0.0,0.0,0.0,0.0,0.0,0.0,0.0,0.0,0.0,0.0,0.0,0.0,0.0,0.0,0.0,0.0,0.0,0.0,0.0,48.22763443453082,48.22763443453082,48.22763443453082,48.22763443453082,48.22763443453082,48.22763443453082,48.22763443453082,48.22763443453082,48.22763443453082,48.22763443453082,48.22763443453082,48.22763443453082,48.22763443453082,48.22763443453082,48.22763443453082,48.22763443453082,48.22763443453082,48.22763443453082,48.22763443453082,48.22763443453082,48.22763443453082,48.22763443453082,48.22763443453082,48.22763443453082,48.22763443453082,48.22763443453082,48.22763443453082,48.22763443453082,48.22763443453082,48.22763443453082,1000000.0
FLINT,MAGNUM03,F,na,na,na,na,2025_03_11-09_22_56,na,0,38,Yes,1,na,819.869785387061,0.0,0.0,40.0,29.0,0.0,,,,1495.0566674704944,0.0,0.0,40.0,29.0,0.0,41.0,-6.0,11.0,29.0,-12.0,9.0,16.0,-17.0,7.0,10.0,-20.0,6.0,3.0,-25.0,3.0,-6.0,-29.0,0.0,-1.0,-27.0,0.0,17.0,58.0,58.0,52.0,52.0,63.0,27.0,56.0,61.0,49.0,54.0,63.0,35.0,51.0,63.0,46.0,56.0,63.0,37.0,47.0,63.0,43.0,57.0,63.0,39.0,42.0,63.0,38.0,60.0,63.0,43.0,37.0,63.0,34.0,63.0,63.0,40.0,39.0,63.0,36.0,63.0,63.0,56.0,0.0,63.0,0.0,63.0,29.0,63.0,0.0,9.026875729321182,3.0578393482914628,2.608351226168248,0.441928097853983,30.0,160.0,43838.91970098867,52375.21099590065,66361.22498191468,77067.7598263805,96214.13069688933,113817.21726549305,137448.75813841334,150277.30889799856,177815.2881601157,200675.18688208342,230624.5478659272,253773.81239450202,291150.22908126353,327706.77598263795,375500.3617072583,400289.3658066072,465637.8104653967,514106.58307210036,573137.2076199662,607812.876778394,653677.3571256329,689510.4895104894,728189.0523269833,750759.5852423438,784615.3846153847,811622.8598987219,838292.7417410176,856715.6980950084,879479.1415481071,898577.2847841812,915842.7779117433,918591.7530745115,946467.3257776706,957993.7304075235,969954.1837472871,978731.6132143717,988087.7742946708,993971.5456956836,998312.0327947914,999180.1302146129,999662.4065589582,999758.8618278273,999807.0894622619,999951.7723655654,1000000.0,1000000.0,1000000.0,1000000.0,1000000.0,1000000.0,1000000.0,1000000.0,1000000.0,1000000.0,1000000.0,1000000.0,1000000.0,1000000.0,1000000.0,1000000.0,1000000.0,1000000.0,1000000.0,1000000.0,48.22763443453082,48.22763443453082,48.22763443453082,48.22763443453082,48.22763443453082,48.22763443453082,48.22763443453082,48.22763443453082,48.22763443453082,48.22763443453082,48.22763443453082,48.22763443453082,48.22763443453082,48.22763443453082,48.22763443453082,48.22763443453082,48.22763443453082,48.22763443453082,48.22763443453082,48.22763443453082,48.22763443453082,48.22763443453082,48.22763443453082,48.22763443453082,48.22763443453082,48.22763443453082,48.22763443453082,48.22763443453082,48.22763443453082,48.22763443453082,48.22763443453082,48.22763443453082,48.22763443453082,96.4552688690621,96.4552688690621,96.4552688690621,144.68290330359284,337.59344104171646,482.27634434531,578.7316132143711,723.414516517964,1350.373764166866,1929.1053773812387,2218.471183988428,3231.251507113574,4099.348926935128,5497.950325536535,6848.3240897033975,10802.990113334929,14709.428502531931,22763.44345309863,30576.320231492606,48179.40680009647,68145.64745599225,111646.97371593912,152158.18664094532,249915.6016397396,361273.2095490716,531757.8972751386,665541.3551965277,808102.2425850012,899686.5203761755,959247.6489028212,1000000.0,0.0,0.0,0.0,0.0,0.0,0.0,0.0,0.0,0.0,0.0,0.0,0.0,0.0,0.0,0.0,0.0,0.0,0.0,0.0,0.0,0.0,0.0,0.0,0.0,0.0,0.0,0.0,0.0,0.0,48.22763443453082,48.22763443453082,48.22763443453082,48.22763443453082,144.68290330359284,385.82107547624787,434.04870991077877,626.959247648901,868.0974198215577,1398.601398601398,1687.967205208584,2845.4304316373314,3954.6660236315374,6028.454304316367,8922.112370388226,14612.973233662888,22715.215818664117,41379.31034482761,64142.75379792618,119797.44393537495,197636.84591270797,348396.4311550518,486423.92090667953,663949.843260188,803231.2515071133,929539.4260911501,967301.6638533879,990595.6112852665,995563.0576320231,998167.3498914879,998504.9433325295,998746.0815047021,998794.3091391367,998890.7644080058,1000000.0,48.22763443453082,48.22763443453082,48.22763443453082,48.22763443453082,48.22763443453082,48.22763443453082,48.22763443453082,48.22763443453082,48.22763443453082,48.22763443453082,48.22763443453082,48.22763443453082,48.22763443453082,48.22763443453082,48.22763443453082,48.22763443453082,48.22763443453082,48.22763443453082,48.22763443453082,48.22763443453082,48.22763443453082,48.22763443453082,48.22763443453082,48.22763443453082,48.22763443453082,48.22763443453082,48.22763443453082,48.22763443453082,48.22763443453082,48.22763443453082,48.22763443453082,48.22763443453082,48.22763443453082,48.22763443453082,48.22763443453082,48.22763443453082,48.22763443453082,48.22763443453082,48.22763443453082,48.22763443453082,48.22763443453082,48.22763443453082,48.22763443453082,48.22763443453082,48.22763443453082,48.22763443453082,48.22763443453082,48.22763443453082,48.22763443453082,48.22763443453082,48.22763443453082,48.22763443453082,48.22763443453082,48.22763443453082,96.4552688690621,96.4552688690621,96.4552688690621,96.4552688690621,96.4552688690621,96.4552688690621,96.4552688690621,96.4552688690621,96.4552688690621,1000000.0
FLINT,MAGNUM03,F,na,na,na,na,2025_03_11-09_22_56,na,0,39,Yes,1,na,868.0974198216343,0.0,0.0,35.0,21.0,0.0,,,,1543.2843019050283,0.0,0.0,35.0,21.0,0.0,56.0,-5.0,12.0,42.0,-10.0,10.0,22.0,-17.0,8.0,13.0,-23.0,6.0,4.0,-27.0,2.0,-5.0,-33.0,-1.0,-1.0,-30.0,0.0,0.0,56.0,56.0,51.0,51.0,63.0,10.0,52.0,58.0,48.0,53.0,63.0,24.0,46.0,61.0,44.0,55.0,63.0,30.0,43.0,63.0,40.0,57.0,63.0,34.0,38.0,63.0,36.0,61.0,63.0,37.0,32.0,63.0,30.0,63.0,62.0,35.0,34.0,63.0,33.0,63.0,63.0,40.0,0.0,63.0,0.0,63.0,21.0,63.0,0.0,6.860834183537808,3.4509158184664432,2.9471735929776868,0.459989476495373,30.0,160.0,697950.3255365323,713383.1685555823,727369.1825415964,739956.5951290089,755003.6170725826,769905.9561128528,787364.3597781529,799421.2683867856,816397.3957077404,831058.5965758379,846732.5777670605,859271.7627200385,875765.613696648,887726.0670364117,900940.4388714733,907354.7142512659,922691.1020014468,931082.7103930552,941306.968893176,949168.0733060043,957849.0475042198,964359.7781528815,970484.687726067,973764.1668676152,979551.4829997588,982252.2305280925,985483.482035206,987701.9532191945,990884.9770918736,992910.5377381239,994453.8220400289,995514.8299975885,997540.3906438388,998360.2604292259,999131.9025801783,999565.9512900892,999758.8618278273,999903.5447311308,1000000.0,1000000.0,1000000.0,1000000.0,1000000.0,1000000.0,1000000.0,1000000.0,1000000.0,1000000.0,1000000.0,1000000.0,1000000.0,1000000.0,1000000.0,1000000.0,1000000.0,1000000.0,1000000.0,1000000.0,1000000.0,1000000.0,1000000.0,1000000.0,1000000.0,1000000.0,48.22763443453082,48.22763443453082,48.22763443453082,48.22763443453082,48.22763443453082,48.22763443453082,48.22763443453082,48.22763443453082,48.22763443453082,48.22763443453082,48.22763443453082,48.22763443453082,48.22763443453082,48.22763443453082,48.22763443453082,48.22763443453082,48.22763443453082,48.22763443453082,48.22763443453082,48.22763443453082,48.22763443453082,48.22763443453082,48.22763443453082,48.22763443453082,48.22763443453082,48.22763443453082,48.22763443453082,48.22763443453082,48.22763443453082,48.22763443453082,48.22763443453082,96.4552688690621,241.13817217265407,434.04870991077877,578.7316132143711,723.414516517964,1157.4632264287443,1350.373764166866,1929.1053773812387,2170.2435495538875,3231.251507113574,4244.031830238725,6028.454304316367,7330.600434048703,11478.176995418351,14950.566674704614,23583.31323848561,28213.166144200633,44369.4236797685,60718.59175307448,89124.66843501331,113768.98963105858,174487.5813841331,237617.5548589341,356257.5355678804,448806.36604774534,624981.9146370869,753315.649867374,882999.7588618277,934844.4658789486,974680.4919218712,986399.8070894622,993633.9522546419,1000000.0,0.0,0.0,0.0,0.0,0.0,0.0,0.0,0.0,0.0,0.0,0.0,0.0,0.0,0.0,0.0,0.0,0.0,0.0,0.0,0.0,0.0,48.22763443453082,48.22763443453082,48.22763443453082,48.22763443453082,48.22763443453082,96.4552688690621,96.4552688690621,144.68290330359284,192.91053773812425,289.36580660718624,337.59344104171646,482.27634434531,578.7316132143711,723.414516517964,964.5526886906189,1495.056667470457,1977.3330118157653,2941.8857005063924,4099.348926935128,6655.413551965274,9211.4781769954,14323.607427055684,19387.509042681453,32746.56378104652,48372.31733783457,80877.74294670846,109910.77887629608,185290.57149746807,280395.46660236316,433132.3848565228,543959.488787075,728189.0523269833,844224.7407764649,951290.0892211237,978442.2474077647,993585.7246202073,997154.5695683626,998070.8946226187,998408.4880636605,998649.626235833,998746.0815047021,998938.9920424403,1000000.0,48.22763443453082,48.22763443453082,48.22763443453082,48.22763443453082,48.22763443453082,48.22763443453082,48.22763443453082,48.22763443453082,48.22763443453082,48.22763443453082,48.22763443453082,48.22763443453082,48.22763443453082,48.22763443453082,48.22763443453082,48.22763443453082,48.22763443453082,48.22763443453082,48.22763443453082,48.22763443453082,48.22763443453082,48.22763443453082,48.22763443453082,48.22763443453082,48.22763443453082,48.22763443453082,48.22763443453082,48.22763443453082,48.22763443453082,48.22763443453082,48.22763443453082,48.22763443453082,48.22763443453082,48.22763443453082,48.22763443453082,48.22763443453082,48.22763443453082,48.22763443453082,48.22763443453082,48.22763443453082,48.22763443453082,48.22763443453082,48.22763443453082,48.22763443453082,48.22763443453082,48.22763443453082,96.4552688690621,96.4552688690621,96.4552688690621,96.4552688690621,96.4552688690621,96.4552688690621,144.68290330359284,144.68290330359284,144.68290330359284,144.68290330359284,144.68290330359284,144.68290330359284,144.68290330359284,144.68290330359284,144.68290330359284,192.91053773812425,434.04870991077877,1000000.0
FLINT,MAGNUM03,F,na,na,na,na,2025_03_11-09_22_56,na,0,40,Yes,1,na,0.0,0.0,48.22763443453082,40.0,40.0,60.5,,,,0.0,0.0,48.22763443453082,40.0,40.0,60.5,44.0,-5.0,11.0,33.0,-9.0,9.0,23.0,-13.0,7.0,17.0,-16.0,7.0,15.0,-18.0,6.0,7.0,-20.0,4.0,11.0,-19.0,5.0,13.0,57.0,57.0,52.0,52.0,63.0,21.0,54.0,59.0,50.0,54.0,63.0,29.0,52.0,61.0,48.0,56.0,63.0,32.0,49.0,62.0,46.0,56.0,63.0,33.0,48.0,63.0,45.0,57.0,63.0,36.0,43.0,63.0,43.0,59.0,63.0,35.0,46.0,63.0,44.0,58.0,63.0,38.0,0.0,63.0,42.0,60.0,40.0,63.0,52.0,8.26839034648155,2.3464578149914117,2.0037535254802252,0.0782565710943324,30.0,160.0,124813.11791656601,147673.01663853382,171979.74439353746,190643.838919701,216493.85097660957,246202.07378828063,275958.5242343863,298625.51241861586,337255.8476006752,370147.0942850253,408584.5189293465,439257.29442970816,484060.7668193875,525343.621895346,575645.0446105619,600434.0487099108,660815.0470219435,705136.2430672775,751434.7721244273,783795.5148299976,823727.9961417891,854207.8611044128,884301.9049915601,903158.9100554618,927610.320713769,942609.1150229082,957318.54352544,966144.2006269592,976561.3696648179,983650.8319266939,988714.7335423196,990161.5625753556,997202.7972027971,998794.3091391367,999373.040752351,999758.8618278273,1000000.0,1000000.0,1000000.0,1000000.0,1000000.0,1000000.0,1000000.0,1000000.0,1000000.0,1000000.0,1000000.0,1000000.0,1000000.0,1000000.0,1000000.0,1000000.0,1000000.0,1000000.0,1000000.0,1000000.0,1000000.0,1000000.0,1000000.0,1000000.0,1000000.0,1000000.0,1000000.0,1000000.0,0.0,0.0,0.0,0.0,0.0,0.0,0.0,0.0,0.0,0.0,0.0,0.0,0.0,0.0,0.0,0.0,0.0,0.0,0.0,0.0,0.0,0.0,0.0,0.0,0.0,0.0,0.0,0.0,0.0,0.0,0.0,0.0,0.0,0.0,0.0,0.0,0.0,0.0,0.0,0.0,0.0,0.0,144.68290330359284,241.13817217265407,337.59344104171646,385.82107547624787,916.3250542560885,1253.9184952978064,3183.023872679041,6414.2753797926125,13214.371835061467,21027.248613455497,49095.731854352576,89028.21316614418,184952.97805642636,276296.117675428,462358.3313238485,628743.6701229804,809934.8926935134,899686.5203761755,970050.6390161562,990450.9283819628,997781.5288160116,1000000.0,0.0,0.0,0.0,0.0,0.0,0.0,0.0,0.0,0.0,0.0,0.0,0.0,0.0,0.0,0.0,0.0,0.0,0.0,0.0,0.0,0.0,0.0,0.0,0.0,0.0,0.0,0.0,0.0,0.0,0.0,0.0,0.0,0.0,0.0,0.0,0.0,0.0,0.0,0.0,0.0,48.22763443453082,96.4552688690621,144.68290330359284,385.82107547624787,868.0974198215577,3183.023872679041,8198.697853870257,16976.1273209549,50494.33325295396,113913.67253436214,260139.86013986013,382734.5068724379,609597.2992524717,776754.2802025559,928044.3694236798,975693.2722449964,996479.3826862792,999373.040752351,999807.0894622619,1000000.0,1000000.0,1000000.0,1000000.0,1000000.0,0.0,0.0,0.0,0.0,0.0,0.0,0.0,0.0,0.0,0.0,0.0,0.0,0.0,0.0,0.0,0.0,0.0,0.0,0.0,0.0,0.0,0.0,0.0,0.0,0.0,0.0,0.0,0.0,0.0,0.0,0.0,0.0,0.0,0.0,0.0,0.0,0.0,0.0,0.0,0.0,0.0,0.0,0.0,0.0,0.0,0.0,0.0,0.0,0.0,0.0,0.0,0.0,48.22763443453082,48.22763443453082,48.22763443453082,48.22763443453082,48.22763443453082,48.22763443453082,48.22763443453082,48.22763443453082,48.22763443453082,96.4552688690621,192.91053773812425,1000000.0
FLINT,MAGNUM03,F,na,na,na,na,2025_03_11-09_22_56,na,0,41,Yes,1,na,0.0,0.0,48.22763443457198,44.0,32.0,59.0,,,,0.0,0.0,48.22763443457198,44.0,32.0,59.0,44.0,-8.0,11.0,34.0,-12.0,9.0,22.0,-15.0,8.0,16.0,-17.0,7.0,12.0,-19.0,6.0,6.0,-21.0,4.0,9.0,-20.0,6.0,16.0,60.0,60.0,52.0,52.0,63.0,24.0,58.0,62.0,50.0,54.0,63.0,33.0,55.0,63.0,48.0,55.0,63.0,37.0,53.0,63.0,46.0,56.0,63.0,38.0,50.0,63.0,44.0,57.0,63.0,40.0,46.0,63.0,42.0,58.0,62.0,39.0,48.0,63.0,43.0,57.0,63.0,56.0,0.0,63.0,44.0,63.0,32.0,63.0,61.0,7.897804856765472,2.153813229921124,1.9656047571499558,0.033296528658057864,30.0,160.0,46105.61851941157,55124.18615866897,67566.91584277792,76151.43477212443,92452.37521099586,107595.85242343855,125729.44297082223,139426.0911502292,164986.73740053043,185435.25440077164,213407.28237279961,235254.40077164216,275476.247890041,315939.23318061244,377236.55654690135,413744.87581384124,502194.3573667711,568217.9889076441,640655.8958283096,686761.5143477212,743091.3913672534,781094.767301664,818953.4603327706,839498.4326018809,870074.7528333734,888545.9368217989,907692.3076923077,919990.3544731131,935953.7014709428,946322.642874367,957463.2264287436,959440.5594405594,974825.1748251747,979213.8895587171,984470.701712081,988184.22956354,993006.993006993,995659.5129008922,998794.3091391367,999614.1789245236,1000000.0,1000000.0,1000000.0,1000000.0,1000000.0,1000000.0,1000000.0,1000000.0,1000000.0,1000000.0,1000000.0,1000000.0,1000000.0,1000000.0,1000000.0,1000000.0,1000000.0,1000000.0,1000000.0,1000000.0,1000000.0,1000000.0,1000000.0,1000000.0,0.0,0.0,0.0,0.0,0.0,0.0,0.0,0.0,0.0,0.0,0.0,0.0,0.0,0.0,0.0,0.0,0.0,0.0,0.0,0.0,0.0,0.0,0.0,0.0,0.0,0.0,0.0,0.0,0.0,0.0,0.0,0.0,0.0,0.0,0.0,0.0,0.0,0.0,0.0,0.0,0.0,0.0,0.0,0.0,48.22763443453082,48.22763443453082,337.59344104171646,337.59344104171646,578.7316132143711,1012.7803231251486,1929.1053773812387,3038.3409693754506,6173.137207619962,9741.98215577526,18278.273450687222,29177.718832891253,67277.55003617072,123028.69544248862,249529.78056426335,369278.9968652037,584615.3846153845,752881.6011574632,906583.0721003135,1000000.0,0.0,0.0,0.0,0.0,0.0,0.0,0.0,0.0,0.0,0.0,0.0,0.0,0.0,0.0,0.0,0.0,0.0,0.0,0.0,0.0,0.0,0.0,0.0,0.0,0.0,0.0,0.0,0.0,0.0,0.0,0.0,0.0,48.22763443453082,48.22763443453082,48.22763443453082,48.22763443453082,48.22763443453082,48.22763443453082,48.22763443453082,48.22763443453082,96.4552688690621,144.68290330359284,385.82107547624787,723.414516517964,1687.967205208584,3327.7067759826386,9838.437424644324,18326.501085121767,52519.893899204224,115022.9081263564,265300.2170243549,387267.9045092838,629225.9464673258,796045.3339763684,946081.5047021944,982782.7345068724,997829.756450446,999758.8618278273,999951.7723655654,1000000.0,1000000.0,1000000.0,1000000.0,1000000.0,0.0,0.0,0.0,0.0,0.0,0.0,0.0,0.0,0.0,0.0,0.0,0.0,0.0,0.0,0.0,0.0,0.0,0.0,0.0,0.0,0.0,0.0,0.0,0.0,0.0,0.0,0.0,0.0,0.0,0.0,0.0,0.0,0.0,0.0,0.0,0.0,0.0,0.0,0.0,0.0,0.0,0.0,0.0,0.0,0.0,0.0,0.0,0.0,0.0,0.0,0.0,0.0,0.0,0.0,0.0,0.0,0.0,0.0,0.0,0.0,0.0,192.91053773812425,530.5039787798403,1000000.0
FLINT,MAGNUM03,F,na,na,na,na,2025_03_11-09_22_56,na,0,42,Yes,1,na,48.22763443453082,48.22763443453082,0.0,37.0,41.0,29.5,,,,48.22763443453082,48.22763443453082,0.0,37.0,41.0,29.5,42.0,-6.0,11.0,34.0,-10.0,9.0,24.0,-14.0,8.0,20.0,-16.0,7.0,16.0,-18.0,5.0,8.0,-19.0,3.0,14.0,-19.0,4.0,16.0,58.0,58.0,52.0,52.0,63.0,22.0,56.0,60.0,50.0,54.0,63.0,29.0,53.0,62.0,48.0,55.0,63.0,31.0,51.0,63.0,47.0,56.0,63.0,32.0,48.0,63.0,45.0,57.0,62.0,36.0,44.0,63.0,44.0,58.0,61.0,33.0,47.0,63.0,44.0,57.0,61.0,37.0,0.0,63.0,0.0,59.0,40.0,63.0,0.0,7.512018454393015,2.2171948066640983,1.8867826641230891,0.4824009779983487,30.0,160.0,81504.70219435729,90571.49746804922,103834.0969375452,114058.35543766568,129732.33662888838,144924.04147576555,164456.2334217507,177333.01181577044,198649.62623583316,219146.37087050875,246973.71593923317,269061.9725102483,304991.5601639739,344779.358572462,405160.35688449483,440897.03400048224,532625.9946949602,606366.0477453581,680057.8731613214,726018.8087774294,783747.287195563,826814.5647455993,867470.4605739088,889799.8553170966,918205.9319990354,936098.3843742465,955244.7552447552,965131.420303834,977091.8736435977,986255.1241861585,993006.993006993,994839.6431155051,999035.4473113093,999662.4065589582,999807.0894622619,999807.0894622619,1000000.0,1000000.0,1000000.0,1000000.0,1000000.0,1000000.0,1000000.0,1000000.0,1000000.0,1000000.0,1000000.0,1000000.0,1000000.0,1000000.0,1000000.0,1000000.0,1000000.0,1000000.0,1000000.0,1000000.0,1000000.0,1000000.0,1000000.0,1000000.0,1000000.0,1000000.0,1000000.0,1000000.0,48.22763443453082,48.22763443453082,48.22763443453082,48.22763443453082,48.22763443453082,48.22763443453082,48.22763443453082,48.22763443453082,48.22763443453082,48.22763443453082,48.22763443453082,48.22763443453082,48.22763443453082,48.22763443453082,48.22763443453082,48.22763443453082,48.22763443453082,48.22763443453082,48.22763443453082,48.22763443453082,48.22763443453082,48.22763443453082,48.22763443453082,48.22763443453082,48.22763443453082,48.22763443453082,48.22763443453082,48.22763443453082,48.22763443453082,48.22763443453082,48.22763443453082,48.22763443453082,48.22763443453082,48.22763443453082,48.22763443453082,48.22763443453082,48.22763443453082,96.4552688690621,96.4552688690621,96.4552688690621,144.68290330359284,144.68290330359284,144.68290330359284,192.91053773812425,289.36580660718624,434.04870991077877,530.5039787798403,868.0974198215577,1495.056667470457,2556.0646250301406,4340.487099107789,6703.6411863998055,14082.469254883039,27537.979262117184,65107.306486616806,116710.87533156504,250397.87798408486,395563.0576320232,617120.8102242585,751338.3168555582,906679.5273691824,966674.704605739,992524.7166626477,1000000.0,0.0,0.0,0.0,0.0,0.0,0.0,0.0,0.0,0.0,0.0,0.0,0.0,0.0,0.0,0.0,0.0,0.0,0.0,0.0,0.0,0.0,0.0,0.0,0.0,0.0,0.0,0.0,0.0,0.0,0.0,0.0,0.0,0.0,0.0,0.0,0.0,0.0,0.0,0.0,0.0,48.22763443453082,96.4552688690621,144.68290330359284,192.91053773812425,675.1868820834334,2170.2435495538875,5787.316132143714,12925.006028454296,43019.04991560162,106534.84446587885,268435.0132625994,405063.9016156257,642826.1393778635,803906.438389197,947962.382445141,983602.6042922594,998601.3986013986,999807.0894622619,1000000.0,1000000.0,1000000.0,1000000.0,1000000.0,1000000.0,48.22763443453082,48.22763443453082,48.22763443453082,48.22763443453082,48.22763443453082,48.22763443453082,48.22763443453082,48.22763443453082,48.22763443453082,48.22763443453082,48.22763443453082,48.22763443453082,48.22763443453082,48.22763443453082,48.22763443453082,48.22763443453082,48.22763443453082,48.22763443453082,48.22763443453082,48.22763443453082,48.22763443453082,48.22763443453082,48.22763443453082,48.22763443453082,48.22763443453082,48.22763443453082,48.22763443453082,48.22763443453082,48.22763443453082,48.22763443453082,48.22763443453082,48.22763443453082,48.22763443453082,48.22763443453082,48.22763443453082,48.22763443453082,96.4552688690621,96.4552688690621,96.4552688690621,96.4552688690621,96.4552688690621,96.4552688690621,96.4552688690621,96.4552688690621,96.4552688690621,96.4552688690621,96.4552688690621,96.4552688690621,96.4552688690621,96.4552688690621,96.4552688690621,96.4552688690621,96.4552688690621,96.4552688690621,96.4552688690621,96.4552688690621,96.4552688690621,96.4552688690621,96.4552688690621,96.4552688690621,192.91053773812425,916.3250542560885,3375.934410417169,1000000.0
FLINT,MAGNUM03,F,na,na,na,na,2025_03_11-09_22_56,na,0,43,Yes,1,na,819.8697853870253,0.0,0.0,45.0,30.0,62.0,,,,1350.373764166875,0.0,0.0,45.0,30.0,62.0,44.0,-11.0,12.0,29.0,-15.0,9.0,15.0,-18.0,7.0,10.0,-21.0,6.0,4.0,-24.0,4.0,-7.0,-27.0,3.0,-1.0,-26.0,3.0,18.0,62.0,62.0,51.0,51.0,63.0,29.0,58.0,63.0,48.0,54.0,63.0,39.0,54.0,63.0,45.0,56.0,63.0,41.0,51.0,63.0,42.0,57.0,63.0,42.0,46.0,63.0,39.0,59.0,63.0,48.0,41.0,63.0,36.0,60.0,63.0,45.0,44.0,63.0,37.0,60.0,63.0,63.0,0.0,63.0,25.0,61.0,30.0,63.0,63.0,8.862118103132117,2.573884628086761,2.7348014107383123,0.0,30.0,160.0,11912.225705329136,16927.89968652038,24692.548830479835,30094.04388714736,42295.63539908366,51844.70701712074,64480.347238967894,74415.23993248124,94381.48058837719,111550.51844707015,137738.1239450205,159054.7383650832,209018.5676392573,254063.17820110923,321581.8664094526,360163.97395707737,435977.8152881601,485989.8721967687,543814.8058837714,578442.2474077647,627827.3450687244,659319.9903544731,696792.8623101036,717675.4280202555,750952.495780082,772510.2483723174,799276.585483482,813986.013986014,838003.3759344104,853050.3978779841,870798.1673498915,877887.6296117675,905956.1128526645,917868.3385579936,932674.2223293947,941644.5623342175,956595.129008922,965131.420303834,977188.3289124668,984711.8398842536,993778.6351579454,997395.7077405354,998987.2196768748,999180.1302146129,999469.4960212201,999614.1789245236,999807.0894622619,999855.3170966964,999903.5447311308,999903.5447311308,999951.7723655654,999951.7723655654,999951.7723655654,999951.7723655654,999951.7723655654,999951.7723655654,999951.7723655654,999951.7723655654,1000000.0,1000000.0,1000000.0,1000000.0,1000000.0,1000000.0,0.0,0.0,0.0,0.0,0.0,0.0,0.0,0.0,0.0,0.0,0.0,0.0,0.0,0.0,0.0,0.0,0.0,0.0,0.0,0.0,0.0,0.0,0.0,0.0,0.0,48.22763443453082,48.22763443453082,48.22763443453082,48.22763443453082,48.22763443453082,48.22763443453082,48.22763443453082,48.22763443453082,48.22763443453082,48.22763443453082,48.22763443453082,48.22763443453082,48.22763443453082,144.68290330359284,144.68290330359284,192.91053773812425,241.13817217265407,385.82107547624787,482.27634434531,771.6421509524955,868.0974198215577,1398.601398601398,2025.5606462503029,3231.251507113574,4244.031830238725,5835.543766578246,8246.925488304796,13986.013986014003,19869.785387026743,30576.320231492606,40993.48926935134,64914.39594887867,95538.94381480588,160019.29105377378,217603.08656860385,363684.5912707981,490233.90402700746,668097.4198215577,1000000.0,0.0,0.0,0.0,0.0,0.0,0.0,0.0,0.0,0.0,0.0,0.0,0.0,0.0,0.0,0.0,0.0,0.0,0.0,0.0,0.0,0.0,0.0,0.0,0.0,0.0,0.0,0.0,0.0,0.0,0.0,48.22763443453082,48.22763443453082,48.22763443453082,48.22763443453082,144.68290330359284,192.91053773812425,434.04870991077877,819.8697853870253,1302.1461297323344,1784.4224740776426,3279.479141548107,5497.950325536535,8729.201832650102,11671.08753315649,21268.386785628147,31830.23872679046,59995.177236556556,89655.17241379312,167928.62310103685,258741.25874125876,422377.62237762235,533928.1408246926,719845.6715698096,835254.4007716422,939281.4082469254,969423.6797685073,990354.4731130938,995852.4234386302,998504.9433325295,999373.040752351,1000000.0,1000000.0,1000000.0,1000000.0,0.0,0.0,0.0,0.0,0.0,0.0,0.0,0.0,0.0,0.0,0.0,0.0,0.0,0.0,0.0,0.0,0.0,0.0,0.0,0.0,0.0,0.0,0.0,0.0,0.0,0.0,0.0,0.0,0.0,0.0,0.0,0.0,0.0,0.0,0.0,0.0,0.0,0.0,0.0,0.0,0.0,0.0,0.0,0.0,0.0,0.0,0.0,0.0,0.0,0.0,0.0,0.0,0.0,0.0,0.0,0.0,0.0,0.0,0.0,0.0,0.0,0.0,0.0,1000000.0
FLINT,MAGNUM03,F,na,na,na,na,2025_03_11-09_22_56,na,0,44,Yes,1,na,723.414516517964,0.0,96.4552688691443,42.0,32.0,62.0,,,,1205.6908608633526,0.0,96.4552688691443,42.0,32.0,62.0,44.0,-8.0,11.0,31.0,-14.0,9.0,16.0,-18.0,6.0,10.0,-20.0,5.0,4.0,-24.0,4.0,-5.0,-28.0,2.0,0.0,-27.0,3.0,16.0,60.0,60.0,52.0,52.0,63.0,26.0,57.0,63.0,49.0,54.0,63.0,37.0,53.0,63.0,45.0,57.0,63.0,39.0,49.0,63.0,43.0,58.0,63.0,40.0,44.0,63.0,39.0,59.0,63.0,45.0,40.0,63.0,35.0,61.0,63.0,42.0,42.0,63.0,36.0,60.0,63.0,63.0,0.0,63.0,35.0,63.0,32.0,63.0,63.0,8.96776892929646,2.8150904010146656,2.8164800547873337,0.0,30.0,160.0,49529.780564263296,59512.90089221123,72196.76874849285,81311.79165661933,93802.74897516267,110827.10393055223,126983.36146612006,137207.6199662406,160019.29105377378,187460.815047022,228647.21485411137,265878.94863756926,319845.6715698095,381384.133108271,447214.85411140585,474029.4188570051,544634.6756691583,596527.6103207137,647552.4475524476,677791.1743428985,716469.7371593924,750277.3088979986,780033.7593441041,797685.0735471423,820930.7933445864,839787.798408488,859561.1285266458,873306.004340487,887147.3354231975,901036.8941403424,912852.6645768026,915505.1844707016,937689.896310586,947528.3337352304,958765.3725584759,965661.9242826139,976368.4591270798,985435.2544007716,993055.2206414274,996575.8379551483,998890.7644080058,999517.7236556546,999662.4065589582,999758.8618278273,999855.3170966964,999951.7723655654,1000000.0,1000000.0,1000000.0,1000000.0,1000000.0,1000000.0,1000000.0,1000000.0,1000000.0,1000000.0,1000000.0,1000000.0,1000000.0,1000000.0,1000000.0,1000000.0,1000000.0,1000000.0,0.0,0.0,0.0,0.0,0.0,0.0,0.0,0.0,0.0,0.0,0.0,0.0,0.0,0.0,0.0,0.0,0.0,0.0,0.0,0.0,0.0,0.0,0.0,0.0,0.0,0.0,0.0,0.0,0.0,0.0,0.0,0.0,0.0,0.0,0.0,48.22763443453082,96.4552688690621,144.68290330359284,144.68290330359284,144.68290330359284,434.04870991077877,482.27634434531,771.6421509524955,1109.2355919942117,1639.7395707740552,1784.4224740776426,2604.2922594646707,2893.6580660718573,5015.673981191222,6607.1859175307445,10079.575596816969,13551.965276103192,21461.29732336628,31010.36894140342,48758.13841331082,67470.46057390887,111743.42898480833,170774.0535326742,283192.6693995659,392814.08246925485,550856.0405112129,693079.3344586447,834675.6691584276,1000000.0,0.0,0.0,0.0,0.0,0.0,0.0,0.0,0.0,0.0,0.0,0.0,0.0,0.0,0.0,0.0,0.0,0.0,0.0,0.0,0.0,0.0,0.0,0.0,0.0,0.0,0.0,0.0,0.0,0.0,0.0,0.0,0.0,48.22763443453082,48.22763443453082,192.91053773812425,385.82107547624787,626.959247648901,819.8697853870253,1205.690860863273,1543.2843019049903,2556.0646250301406,3568.844948155295,5739.088497709187,9066.795273691821,14661.200868097394,23342.17506631299,43356.6433566433,65251.98938992041,118784.66361224971,191029.65999517724,321774.7769471907,433566.43356643355,591511.9363395225,727899.6865203761,869110.2001446829,930552.2064142753,976320.2314926452,992042.4403183024,997492.1630094043,998938.9920424403,999710.6341933928,999903.5447311308,999951.7723655654,1000000.0,0.0,0.0,0.0,0.0,0.0,0.0,0.0,0.0,0.0,0.0,0.0,0.0,0.0,0.0,0.0,0.0,0.0,0.0,0.0,0.0,0.0,0.0,0.0,0.0,0.0,0.0,0.0,0.0,0.0,0.0,0.0,0.0,0.0,0.0,0.0,0.0,0.0,0.0,0.0,0.0,0.0,0.0,0.0,0.0,0.0,0.0,0.0,0.0,0.0,0.0,0.0,0.0,0.0,0.0,0.0,0.0,0.0,0.0,0.0,0.0,0.0,0.0,0.0,1000000.0
FLINT,MAGNUM03,F,na,na,na,na,2025_03_11-09_22_56,na,0,45,Yes,1,na,385.8210754763569,0.0,192.91053773817794,46.0,30.0,62.0,,,,771.6421509526048,0.0,192.91053773817794,46.0,30.0,62.0,42.0,-10.0,11.0,27.0,-14.0,9.0,15.0,-17.0,7.0,10.0,-20.0,6.0,5.0,-23.0,5.0,-7.0,-26.0,1.0,2.0,-25.0,3.0,20.0,62.0,62.0,52.0,52.0,63.0,32.0,59.0,63.0,49.0,54.0,63.0,40.0,55.0,63.0,46.0,56.0,63.0,42.0,52.0,63.0,43.0,57.0,63.0,44.0,49.0,63.0,40.0,58.0,63.0,52.0,45.0,63.0,37.0,62.0,63.0,45.0,47.0,63.0,38.0,60.0,63.0,63.0,2.0,63.0,42.0,63.0,30.0,63.0,63.0,8.267480913981261,2.2598996480128273,2.5711931532061802,0.0,30.0,160.0,0.0,0.0,96.4552688690621,289.36580660718624,3665.3002170243526,7234.145165179647,16686.761514347712,20014.468290330373,35833.1323848565,45478.65927176273,65059.078852182334,76296.11767542796,108463.94984326014,138943.81480588386,196913.43139619,237038.82324571977,321244.27296841086,377863.51579455024,451748.2517482517,483047.98649626237,550759.5852423438,590402.7007475283,634241.6204485169,655413.551965276,697130.4557511454,722064.1427537979,753990.8367494574,771352.7851458886,798215.5775259223,816300.9404388715,837328.189052327,840414.757656137,876681.9387509042,891728.960694478,909814.323607427,919797.4439353748,937400.5305039788,949795.0325536531,965565.4690137448,973571.256329877,986448.0347238968,993633.9522546419,997636.845912708,998553.1709669641,999373.040752351,999614.1789245236,999710.6341933928,999758.8618278273,999758.8618278273,999758.8618278273,999807.0894622619,999807.0894622619,999903.5447311308,999903.5447311308,999903.5447311308,999903.5447311308,999903.5447311308,999903.5447311308,999903.5447311308,999903.5447311308,999903.5447311308,999903.5447311308,999951.7723655654,1000000.0,0.0,0.0,0.0,0.0,0.0,0.0,0.0,0.0,0.0,0.0,0.0,0.0,0.0,0.0,0.0,0.0,0.0,0.0,0.0,0.0,0.0,0.0,0.0,0.0,0.0,0.0,0.0,0.0,0.0,0.0,0.0,0.0,0.0,0.0,0.0,0.0,0.0,0.0,0.0,0.0,0.0,0.0,96.4552688690621,96.4552688690621,192.91053773812425,337.59344104171646,434.04870991077877,675.1868820834334,1302.1461297323344,1929.1053773812387,3424.1620448516924,4629.85290571497,7861.104412828547,12249.819146370864,19146.37087050881,26814.56474559922,44755.24475524475,68338.55799373037,118495.29780564267,169568.36267181096,294960.2122015915,428213.16614420066,621268.3867856282,1000000.0,0.0,0.0,0.0,0.0,0.0,0.0,0.0,0.0,0.0,0.0,0.0,0.0,0.0,0.0,0.0,0.0,0.0,0.0,0.0,0.0,0.0,0.0,0.0,0.0,0.0,0.0,0.0,0.0,0.0,0.0,48.22763443453082,48.22763443453082,48.22763443453082,48.22763443453082,96.4552688690621,144.68290330359284,192.91053773812425,337.59344104171646,723.414516517964,868.0974198215577,1639.7395707740552,2459.609356161082,5015.673981191222,7812.876778394019,13986.013986014003,22425.850012056908,44128.285507595865,71039.30552206413,138702.67663371118,222666.98818422965,384856.5227875573,494719.0740294188,696165.9030624548,822425.8500120568,935423.1974921629,970002.4113817217,990595.6112852665,996672.2932240173,998746.0815047021,999276.585483482,999662.4065589582,999807.0894622619,999951.7723655654,1000000.0,0.0,0.0,0.0,0.0,0.0,0.0,0.0,0.0,0.0,0.0,0.0,0.0,0.0,0.0,0.0,0.0,0.0,0.0,0.0,0.0,0.0,0.0,0.0,0.0,0.0,0.0,0.0,0.0,0.0,0.0,0.0,0.0,0.0,0.0,0.0,0.0,0.0,0.0,0.0,0.0,0.0,0.0,0.0,0.0,0.0,0.0,0.0,0.0,0.0,0.0,0.0,0.0,0.0,0.0,0.0,0.0,0.0,0.0,0.0,0.0,0.0,0.0,0.0,1000000.0
FLINT,MAGNUM03,F,na,na,na,na,2025_03_11-09_22_56,na,0,46,Yes,1,na,192.91053773817794,0.0,0.0,42.0,37.0,0.0,,,,289.36580660718624,0.0,0.0,42.0,37.0,0.0,43.0,-8.0,11.0,32.0,-13.0,9.0,18.0,-17.0,8.0,13.0,-18.0,7.0,7.0,-21.0,6.0,2.0,-24.0,5.0,4.0,-22.0,5.0,17.0,60.0,60.0,52.0,52.0,63.0,25.0,57.0,62.0,49.0,54.0,63.0,36.0,54.0,63.0,46.0,55.0,63.0,38.0,51.0,63.0,45.0,56.0,63.0,40.0,47.0,63.0,42.0,57.0,63.0,42.0,44.0,63.0,39.0,58.0,63.0,41.0,45.0,63.0,41.0,58.0,63.0,45.0,0.0,63.0,40.0,59.0,37.0,63.0,0.0,8.294004961366912,2.4795776617042105,2.244005253218205,0.4374894505865458,30.0,160.0,35977.8152881601,43163.7328189052,53484.44658789487,60959.72992524717,74077.6464914396,85989.87219676873,101229.80467808057,110778.87629611771,131902.5801784423,149553.89438148052,176657.824933687,199373.04075235102,241523.99324813124,289414.0342416205,358476.00675186876,395707.7405353267,487340.2459609356,548830.4798649626,611381.7217265492,651700.0241138173,703014.2271521582,738172.1726549312,775741.4998794309,795997.1063419338,828309.6214130698,849626.2358331323,869688.9317578973,882662.165420786,899686.5203761755,911791.6566192427,924861.3455510007,926838.6785628165,947769.4719074029,956546.9013744876,966578.2493368699,973571.256329877,982204.002893658,988377.140101278,994405.5944055944,997395.7077405354,999469.4960212201,999807.0894622619,1000000.0,1000000.0,1000000.0,1000000.0,1000000.0,1000000.0,1000000.0,1000000.0,1000000.0,1000000.0,1000000.0,1000000.0,1000000.0,1000000.0,1000000.0,1000000.0,1000000.0,1000000.0,1000000.0,1000000.0,1000000.0,1000000.0,0.0,0.0,0.0,0.0,0.0,0.0,0.0,0.0,0.0,0.0,0.0,0.0,0.0,0.0,0.0,0.0,0.0,0.0,0.0,0.0,0.0,0.0,0.0,0.0,0.0,0.0,0.0,0.0,0.0,0.0,0.0,0.0,0.0,0.0,0.0,0.0,0.0,0.0,0.0,0.0,48.22763443453082,96.4552688690621,144.68290330359284,144.68290330359284,337.59344104171646,626.959247648901,1253.9184952978064,1495.056667470457,2314.926452857486,3472.38967928623,5594.405594405593,7475.283337352298,12973.233662888826,20496.74463467567,36845.91270798169,52182.30045816258,99204.24403183015,162285.98987219672,293658.06607185915,410802.9901133349,605739.0884977091,750807.8128767783,894188.5700506389,1000000.0,0.0,0.0,0.0,0.0,0.0,0.0,0.0,0.0,0.0,0.0,0.0,0.0,0.0,0.0,0.0,0.0,0.0,0.0,0.0,0.0,0.0,0.0,0.0,0.0,0.0,0.0,0.0,0.0,0.0,0.0,0.0,0.0,0.0,0.0,0.0,0.0,0.0,48.22763443453082,144.68290330359284,241.13817217265407,482.27634434531,626.959247648901,1736.1948396431121,3375.934410417169,6124.909573185426,10320.71376898964,22811.671087533156,39594.88787074993,95153.12273932974,175596.81697612733,337014.70942850254,462117.19315167586,670653.4844465879,815722.208825657,943187.8466361224,977863.5157945502,996190.0168796721,998938.9920424403,999951.7723655654,1000000.0,1000000.0,1000000.0,1000000.0,1000000.0,48.22763443453082,48.22763443453082,48.22763443453082,48.22763443453082,48.22763443453082,48.22763443453082,48.22763443453082,48.22763443453082,48.22763443453082,48.22763443453082,48.22763443453082,48.22763443453082,48.22763443453082,48.22763443453082,48.22763443453082,48.22763443453082,48.22763443453082,48.22763443453082,48.22763443453082,48.22763443453082,48.22763443453082,48.22763443453082,48.22763443453082,48.22763443453082,48.22763443453082,48.22763443453082,48.22763443453082,48.22763443453082,48.22763443453082,48.22763443453082,48.22763443453082,48.22763443453082,48.22763443453082,48.22763443453082,48.22763443453082,48.22763443453082,48.22763443453082,48.22763443453082,48.22763443453082,48.22763443453082,48.22763443453082,48.22763443453082,48.22763443453082,48.22763443453082,48.22763443453082,48.22763443453082,48.22763443453082,48.22763443453082,48.22763443453082,48.22763443453082,48.22763443453082,48.22763443453082,48.22763443453082,48.22763443453082,48.22763443453082,48.22763443453082,48.22763443453082,48.22763443453082,48.22763443453082,48.22763443453082,48.22763443453082,48.22763443453082,48.22763443453082,1000000.0
FLINT,MAGNUM03,F,na,na,na,na,2025_03_11-09_22_56,na,0,47,Yes,1,na,48.22763443453082,914733.5423197491,144.68290330360517,38.0,53.0,60.0,,,,48.22763443453082,999951.7723655654,144.68290330360517,38.0,53.0,60.0,40.0,-4.0,11.0,32.0,-8.0,9.0,20.0,-13.0,8.0,16.0,-16.0,7.0,10.0,-20.0,5.0,4.0,-22.0,3.0,7.0,-21.0,5.0,16.0,56.0,56.0,52.0,52.0,63.0,22.0,54.0,58.0,50.0,54.0,63.0,30.0,50.0,60.0,47.0,55.0,63.0,32.0,48.0,61.0,45.0,56.0,63.0,34.0,44.0,63.0,43.0,58.0,63.0,36.0,40.0,63.0,41.0,60.0,63.0,35.0,42.0,63.0,42.0,58.0,63.0,37.0,0.0,63.0,36.0,63.0,40.0,63.0,63.0,7.913009104678609,2.501155040029382,2.110945433665551,0.0,30.0,160.0,91680.73306004344,103882.32457197971,114444.17651314198,126645.76802507843,139908.36749457443,155727.03158910057,172992.52471666265,187123.22160598022,208970.34000482273,230094.04388714733,257197.9744393537,282903.30359295866,320231.49264528573,369037.85869303107,428791.897757415,466361.2249819146,554376.6578249336,620352.061731372,681649.3850976609,726163.491680733,775066.3129973474,815384.6153846154,849915.6016397396,871618.0371352785,899252.4716662649,919749.2163009403,938509.766095973,950421.9918013021,964215.0952495779,973667.711598746,983120.3279479141,985772.8478418133,994839.6431155051,997636.845912708,999228.3578490474,999710.6341933928,999951.7723655654,1000000.0,1000000.0,1000000.0,1000000.0,1000000.0,1000000.0,1000000.0,1000000.0,1000000.0,1000000.0,1000000.0,1000000.0,1000000.0,1000000.0,1000000.0,1000000.0,1000000.0,1000000.0,1000000.0,1000000.0,1000000.0,1000000.0,1000000.0,1000000.0,1000000.0,1000000.0,1000000.0,0.0,0.0,0.0,0.0,0.0,0.0,0.0,0.0,0.0,0.0,0.0,0.0,0.0,0.0,0.0,0.0,0.0,0.0,0.0,0.0,0.0,0.0,0.0,0.0,0.0,0.0,0.0,0.0,0.0,0.0,0.0,0.0,0.0,0.0,0.0,0.0,48.22763443453082,48.22763443453082,96.4552688690621,96.4552688690621,241.13817217265407,434.04870991077877,675.1868820834334,1205.690860863273,1736.1948396431121,2604.2922594646707,4051.121292500604,5256.812153363875,9115.022908126357,14854.111405835532,28020.25560646251,42729.684108994436,85266.45768025082,146853.14685314693,267470.46057390876,381673.49891487823,582445.1410658307,738316.8555582347,883674.9457439112,945358.0901856762,984422.4740776465,994743.187846636,998022.6669881842,1000000.0,0.0,0.0,0.0,0.0,0.0,0.0,0.0,0.0,0.0,0.0,0.0,0.0,0.0,0.0,0.0,0.0,0.0,0.0,0.0,0.0,0.0,0.0,0.0,0.0,0.0,0.0,0.0,0.0,0.0,0.0,0.0,0.0,0.0,0.0,0.0,0.0,0.0,0.0,0.0,0.0,96.4552688690621,289.36580660718624,964.5526886906189,1543.2843019049903,3472.38967928623,6607.1859175307445,14227.15215818664,27152.158186640943,70653.48444658794,145454.54545454556,302194.35736677115,433855.79937304073,649336.8700265252,804870.9910778877,941258.7412587412,979165.6619242826,995900.6510730648,998697.8538702676,999614.1789245236,999855.3170966964,999951.7723655654,999951.7723655654,999951.7723655654,1000000.0,0.0,0.0,0.0,0.0,0.0,0.0,0.0,0.0,0.0,0.0,0.0,0.0,0.0,0.0,0.0,0.0,0.0,0.0,0.0,0.0,0.0,0.0,0.0,0.0,0.0,0.0,0.0,0.0,0.0,0.0,0.0,0.0,0.0,0.0,0.0,0.0,0.0,0.0,0.0,0.0,0.0,0.0,0.0,0.0,0.0,0.0,0.0,0.0,0.0,0.0,0.0,0.0,0.0,0.0,0.0,0.0,0.0,0.0,0.0,0.0,0.0,0.0,0.0,1000000.0
FLINT,MAGNUM03,F,na,na,na,na,2025_03_11-09_22_56,na,0,48,Yes,1,na,337.59344104178416,944875.813841331,0.0,39.0,54.0,61.5,,,,434.04870991077877,999903.5447311309,0.0,39.0,54.0,61.5,43.0,-6.0,11.0,32.0,-11.0,9.0,18.0,-16.0,8.0,12.0,-19.0,7.0,7.0,-21.0,5.0,-1.0,-24.0,4.0,4.0,-23.0,5.0,15.0,58.0,58.0,52.0,52.0,63.0,23.0,55.0,60.0,49.0,54.0,63.0,33.0,51.0,62.0,46.0,55.0,63.0,36.0,48.0,63.0,44.0,56.0,63.0,37.0,44.0,63.0,42.0,58.0,63.0,39.0,38.0,63.0,39.0,59.0,63.0,38.0,42.0,63.0,40.0,58.0,63.0,54.0,0.0,63.0,35.0,60.0,35.0,63.0,63.0,8.3636372037447,2.77076242302531,2.357156537137815,0.0,30.0,160.0,78369.90595611282,89606.94477935854,101663.85338799133,113672.53436218949,127417.41017603087,142560.8873884736,161948.3964311551,175114.54063178206,200626.95924764895,225946.46732577766,263178.2011092355,298191.4637087051,354762.4789004099,414275.3797926211,483289.12466843496,518157.7043646008,597106.3419339281,648613.4555100071,698287.9189775741,733638.7750180853,772703.1589100555,803617.0725825897,833469.9782975644,850012.0569086086,872437.9069206655,889462.261876055,906872.4379069207,917096.696407041,930407.5235109718,940824.6925488304,951675.9102966,956305.7632023148,972510.2483723173,979937.304075235,987798.4084880636,992621.1719315166,997154.5695683626,999035.4473113093,999662.4065589582,999951.7723655654,1000000.0,1000000.0,1000000.0,1000000.0,1000000.0,1000000.0,1000000.0,1000000.0,1000000.0,1000000.0,1000000.0,1000000.0,1000000.0,1000000.0,1000000.0,1000000.0,1000000.0,1000000.0,1000000.0,1000000.0,1000000.0,1000000.0,1000000.0,1000000.0,0.0,0.0,0.0,0.0,0.0,0.0,0.0,0.0,0.0,0.0,0.0,0.0,0.0,0.0,0.0,0.0,0.0,0.0,0.0,0.0,0.0,0.0,0.0,0.0,0.0,0.0,0.0,0.0,0.0,0.0,0.0,0.0,0.0,0.0,0.0,96.4552688690621,144.68290330359284,192.91053773812425,289.36580660718624,385.82107547624787,434.04870991077877,482.27634434531,723.414516517964,916.3250542560885,1687.967205208584,2507.836990595609,3761.755485893413,4726.3081745840345,7475.283337352298,11622.859898721968,18664.09452616349,27441.523993248135,47504.21991801308,74897.51627682653,131082.7103930552,193682.17988907645,328816.01157463226,469833.61466120085,655075.9585242344,768989.6310585965,892018.3265010851,951482.9997588617,982396.9134313961,1000000.0,0.0,0.0,0.0,0.0,0.0,0.0,0.0,0.0,0.0,0.0,0.0,0.0,0.0,0.0,0.0,0.0,0.0,0.0,0.0,0.0,0.0,0.0,0.0,0.0,0.0,0.0,0.0,0.0,0.0,0.0,0.0,0.0,0.0,0.0,0.0,48.22763443453082,48.22763443453082,96.4552688690621,192.91053773812425,385.82107547624787,675.1868820834334,1157.4632264287443,2797.202797202796,4822.763443453095,8488.063660477448,15143.477212442745,32794.791415481086,55268.86906197253,115939.23318061238,201736.19483964305,365131.4203038341,488787.0749939715,691970.0988666504,832408.9703400048,944924.0414757656,977525.9223535085,994743.187846636,998697.8538702676,999807.0894622619,999951.7723655654,1000000.0,1000000.0,1000000.0,1000000.0,0.0,0.0,0.0,0.0,0.0,0.0,0.0,0.0,0.0,0.0,0.0,0.0,0.0,0.0,0.0,0.0,0.0,0.0,0.0,0.0,0.0,0.0,0.0,0.0,0.0,0.0,0.0,0.0,0.0,0.0,0.0,0.0,0.0,0.0,0.0,0.0,0.0,0.0,0.0,0.0,0.0,0.0,0.0,0.0,0.0,0.0,0.0,0.0,0.0,0.0,0.0,0.0,0.0,0.0,0.0,0.0,0.0,0.0,0.0,0.0,0.0,0.0,0.0,1000000.0
FLINT,MAGNUM03,F,na,na,na,na,2025_03_11-09_22_56,na,0,49,Yes,1,na,144.68290330359284,48.22763443453082,0.0,47.0,37.0,60.5,,,,144.68290330359284,48.22763443453082,0.0,47.0,37.0,60.5,46.0,-10.0,11.0,35.0,-14.0,10.0,20.0,-16.0,8.0,15.0,-18.0,7.0,9.0,-20.0,6.0,3.0,-23.0,4.0,6.0,-22.0,5.0,16.0,62.0,62.0,52.0,52.0,63.0,24.0,59.0,63.0,49.0,53.0,63.0,36.0,56.0,63.0,47.0,55.0,63.0,39.0,54.0,63.0,45.0,56.0,63.0,41.0,50.0,63.0,43.0,57.0,63.0,45.0,48.0,63.0,40.0,59.0,63.0,43.0,49.0,63.0,41.0,58.0,63.0,48.0,0.0,63.0,40.0,60.0,37.0,63.0,61.0,8.732161329026349,1.9713716337823883,2.1535203448498343,0.018371690681153623,30.0,160.0,65251.98938992041,75717.38606221364,88883.53026284058,99156.0163973958,112370.3882324572,128526.64576802503,146853.14685314693,159102.96599951768,183457.92138895585,209500.84398360254,243404.87099107783,276151.43477212434,325874.12587412586,384277.7911743428,448179.40680009645,480925.97058114293,563877.5018085362,621413.0696889317,676054.9795032553,711454.0631782011,752736.9182541596,787364.3597781529,816976.1273209548,833662.8888353026,856426.3322884012,872968.4108994453,889462.261876055,899590.0651073066,912707.9816734989,924234.3863033517,935133.8316855557,938123.9450204967,952736.9182541596,960212.2015915118,967735.7125632988,972510.2483723173,979455.0277308897,985772.8478418133,991270.7981673499,994212.6838678562,997781.5288160116,999083.6749457439,999517.7236556546,999710.6341933928,999855.3170966964,999903.5447311308,1000000.0,1000000.0,1000000.0,1000000.0,1000000.0,1000000.0,1000000.0,1000000.0,1000000.0,1000000.0,1000000.0,1000000.0,1000000.0,1000000.0,1000000.0,1000000.0,1000000.0,1000000.0,0.0,0.0,0.0,0.0,0.0,0.0,0.0,0.0,0.0,0.0,0.0,0.0,0.0,0.0,0.0,0.0,0.0,0.0,0.0,0.0,0.0,0.0,0.0,0.0,0.0,0.0,0.0,0.0,0.0,0.0,0.0,0.0,0.0,0.0,0.0,0.0,0.0,0.0,0.0,0.0,48.22763443453082,48.22763443453082,48.22763443453082,48.22763443453082,48.22763443453082,48.22763443453082,48.22763443453082,192.91053773812425,337.59344104171646,819.8697853870253,1398.601398601398,2122.0159151193625,3086.56860380998,5401.495056667472,9693.754521340716,14612.973233662888,26284.060766819373,49288.642392090645,105088.0154328429,174053.53267422237,326935.13383168547,492452.3752109959,701374.4875813841,1000000.0,0.0,0.0,0.0,0.0,0.0,0.0,0.0,0.0,0.0,0.0,0.0,0.0,0.0,0.0,0.0,0.0,0.0,0.0,0.0,0.0,0.0,0.0,0.0,0.0,0.0,0.0,0.0,0.0,0.0,0.0,0.0,0.0,0.0,0.0,0.0,0.0,0.0,96.4552688690621,144.68290330359284,192.91053773812425,289.36580660718624,578.7316132143711,1253.9184952978064,1880.8777429467057,4195.804195804195,8825.657101519182,21798.89076440802,40414.75765613695,92741.74101760307,178152.8816011575,353315.649867374,483289.12466843496,700747.5283337352,842343.8630335181,956546.9013744876,985145.8885941644,997347.4801061008,999180.1302146129,999758.8618278273,999951.7723655654,1000000.0,1000000.0,1000000.0,1000000.0,0.0,0.0,0.0,0.0,0.0,0.0,0.0,0.0,0.0,0.0,0.0,0.0,0.0,0.0,0.0,0.0,0.0,0.0,0.0,0.0,0.0,0.0,0.0,0.0,0.0,0.0,0.0,0.0,0.0,0.0,0.0,0.0,0.0,0.0,0.0,0.0,0.0,0.0,0.0,0.0,0.0,0.0,0.0,0.0,0.0,0.0,0.0,0.0,0.0,0.0,0.0,0.0,0.0,0.0,0.0,0.0,0.0,0.0,0.0,0.0,0.0,48.22763443453082,192.91053773812425,1000000.0
FLINT,MAGNUM03,F,na,na,na,na,2025_03_11-09_22_56,na,0,50,Yes,1,na,96.4552688691443,337.59344104171646,48.22763443453082,38.0,42.0,0.0,,,,144.68290330359284,337.59344104171646,48.22763443453082,38.0,42.0,0.0,42.0,-6.0,11.0,32.0,-10.0,9.0,21.0,-14.0,8.0,15.0,-17.0,7.0,12.0,-19.0,6.0,6.0,-21.0,4.0,8.0,-20.0,5.0,16.0,58.0,58.0,52.0,52.0,63.0,24.0,56.0,60.0,50.0,54.0,63.0,32.0,53.0,62.0,48.0,55.0,63.0,35.0,50.0,63.0,46.0,56.0,63.0,36.0,48.0,63.0,44.0,57.0,63.0,37.0,43.0,63.0,42.0,58.0,62.0,37.0,45.0,63.0,43.0,58.0,63.0,42.0,0.0,63.0,0.0,63.0,42.0,63.0,0.0,7.960100472078915,2.378556491327276,2.0242673182322948,0.6189973988749529,30.0,160.0,68290.33035929587,77501.80853629124,89655.17241379312,97660.95972992528,111068.2421027248,124330.84157222084,141548.10706534842,150904.2681456475,172847.84181335912,191656.61924282613,219001.68796720522,239739.57077405346,277839.40197733295,323125.1507113576,386255.12418615865,414420.0626959247,509042.6814564746,575210.9959006511,645960.935616108,683626.7181094767,738702.676633711,778056.4263322882,819435.7366771159,839353.7496985772,871569.809500844,892789.9686520376,915842.7779117433,926983.36146612,944393.5374969858,955582.348685797,966337.1111646973,970484.687726067,982445.1410658307,987943.0913913671,993055.2206414274,995852.4234386302,999180.1302146129,999903.5447311308,999951.7723655654,1000000.0,1000000.0,1000000.0,1000000.0,1000000.0,1000000.0,1000000.0,1000000.0,1000000.0,1000000.0,1000000.0,1000000.0,1000000.0,1000000.0,1000000.0,1000000.0,1000000.0,1000000.0,1000000.0,1000000.0,1000000.0,1000000.0,1000000.0,1000000.0,1000000.0,48.22763443453082,48.22763443453082,48.22763443453082,48.22763443453082,48.22763443453082,48.22763443453082,48.22763443453082,48.22763443453082,48.22763443453082,48.22763443453082,48.22763443453082,48.22763443453082,48.22763443453082,48.22763443453082,48.22763443453082,48.22763443453082,48.22763443453082,48.22763443453082,48.22763443453082,48.22763443453082,48.22763443453082,48.22763443453082,48.22763443453082,48.22763443453082,48.22763443453082,48.22763443453082,48.22763443453082,48.22763443453082,48.22763443453082,48.22763443453082,48.22763443453082,48.22763443453082,48.22763443453082,48.22763443453082,48.22763443453082,48.22763443453082,48.22763443453082,48.22763443453082,96.4552688690621,96.4552688690621,192.91053773812425,192.91053773812425,192.91053773812425,241.13817217265407,289.36580660718624,626.959247648901,1109.2355919942117,1302.1461297323344,2556.0646250301406,3761.755485893413,6510.730648661682,9549.071618037116,19483.964311550495,32457.197974439336,68242.10272486135,110489.51048951056,224644.32119604532,358524.23438630335,566095.9729925246,699107.788762961,867952.7369182543,945261.6349168073,985628.1649385097,1000000.0,0.0,0.0,0.0,0.0,0.0,0.0,0.0,0.0,0.0,0.0,0.0,0.0,0.0,0.0,0.0,0.0,0.0,0.0,0.0,0.0,0.0,0.0,0.0,0.0,0.0,0.0,0.0,0.0,0.0,0.0,0.0,0.0,0.0,0.0,0.0,0.0,0.0,0.0,0.0,0.0,0.0,0.0,385.82107547624787,723.414516517964,1880.8777429467057,3954.6660236315374,11526.404629852897,22281.167108753332,63419.339281408276,142464.43211960452,321051.3624306728,451892.9346515553,674656.3781046539,821364.8420544972,948589.3416927899,980998.3120327947,996720.5208584518,999373.040752351,999951.7723655654,1000000.0,1000000.0,1000000.0,1000000.0,1000000.0,96.4552688690621,96.4552688690621,96.4552688690621,96.4552688690621,96.4552688690621,96.4552688690621,96.4552688690621,96.4552688690621,96.4552688690621,96.4552688690621,96.4552688690621,96.4552688690621,96.4552688690621,96.4552688690621,96.4552688690621,96.4552688690621,96.4552688690621,96.4552688690621,96.4552688690621,96.4552688690621,96.4552688690621,96.4552688690621,96.4552688690621,96.4552688690621,96.4552688690621,96.4552688690621,96.4552688690621,96.4552688690621,96.4552688690621,96.4552688690621,96.4552688690621,96.4552688690621,96.4552688690621,96.4552688690621,96.4552688690621,96.4552688690621,96.4552688690621,96.4552688690621,96.4552688690621,96.4552688690621,96.4552688690621,96.4552688690621,96.4552688690621,96.4552688690621,96.4552688690621,96.4552688690621,96.4552688690621,96.4552688690621,96.4552688690621,96.4552688690621,96.4552688690621,96.4552688690621,96.4552688690621,96.4552688690621,96.4552688690621,96.4552688690621,96.4552688690621,96.4552688690621,96.4552688690621,96.4552688690621,96.4552688690621,144.68290330359284,337.59344104171646,1000000.0
FLINT,MAGNUM03,F,na,na,na,na,2025_03_11-09_22_56,na,0,51,Yes,1,na,241.13817217265407,48.22763443453082,96.4552688691443,45.0,35.0,61.0,,,,241.13817217265407,48.22763443453082,96.4552688691443,45.0,35.0,61.0,44.0,-9.0,12.0,33.0,-13.0,10.0,18.0,-17.0,8.0,12.0,-19.0,7.0,7.0,-22.0,5.0,1.0,-26.0,3.0,5.0,-23.0,5.0,16.0,60.0,60.0,51.0,51.0,63.0,25.0,58.0,62.0,49.0,53.0,63.0,36.0,54.0,63.0,46.0,55.0,63.0,39.0,51.0,63.0,44.0,56.0,63.0,41.0,48.0,63.0,41.0,58.0,63.0,44.0,45.0,63.0,37.0,60.0,63.0,42.0,47.0,63.0,40.0,58.0,63.0,58.0,0.0,63.0,32.0,63.0,32.0,63.0,63.0,8.607846024240095,2.458355057614993,2.324046911154346,0.0,30.0,160.0,43694.23679768507,52037.61755485898,62744.152399324776,71666.26476971303,84832.40897033995,99348.92693513376,115215.81866409452,126115.26404629847,149553.89438148052,171304.557511454,206221.3648420545,238871.47335423197,287388.47359537013,346997.82975645043,420352.0617313721,454593.68217988906,536628.8883530262,590788.5218230046,648854.5936821799,681215.3363877501,721292.5006028455,755292.9828791898,785387.0267663371,803665.3002170243,830286.9544248855,847214.8541114058,866312.9973474799,879864.9626235833,896069.4477935857,909524.9578008199,922980.467808054,925970.581142995,946853.1468531468,955196.5276103207,964504.4610561852,970291.7771883288,978538.7026766337,986496.2623583314,993489.2693513383,996672.2932240173,998504.9433325295,999324.8131179166,999614.1789245236,999662.4065589582,999903.5447311308,999903.5447311308,999951.7723655654,1000000.0,1000000.0,1000000.0,1000000.0,1000000.0,1000000.0,1000000.0,1000000.0,1000000.0,1000000.0,1000000.0,1000000.0,1000000.0,1000000.0,1000000.0,1000000.0,1000000.0,0.0,0.0,0.0,0.0,0.0,0.0,0.0,0.0,0.0,0.0,0.0,0.0,0.0,0.0,0.0,0.0,0.0,0.0,0.0,0.0,0.0,0.0,0.0,0.0,0.0,0.0,0.0,0.0,0.0,0.0,0.0,0.0,48.22763443453082,48.22763443453082,48.22763443453082,48.22763443453082,48.22763443453082,48.22763443453082,48.22763443453082,48.22763443453082,48.22763443453082,96.4552688690621,144.68290330359284,144.68290330359284,192.91053773812425,289.36580660718624,530.5039787798403,868.0974198215577,1784.4224740776426,2748.975162768264,4533.397636845913,6317.820110923553,11912.225705329136,18857.005063901615,31492.64528574873,46973.715939233174,87774.29467084642,139763.68459127087,256956.83626718112,367398.11912225705,550614.9023390402,706679.5273691824,859561.1285266458,1000000.0,0.0,0.0,0.0,0.0,0.0,0.0,0.0,0.0,0.0,0.0,0.0,0.0,0.0,0.0,0.0,0.0,0.0,0.0,0.0,0.0,0.0,0.0,0.0,0.0,0.0,0.0,0.0,0.0,0.0,0.0,0.0,0.0,48.22763443453082,48.22763443453082,48.22763443453082,96.4552688690621,144.68290330359284,241.13817217265407,337.59344104171646,434.04870991077877,868.0974198215577,1446.829033035929,2556.0646250301406,3472.38967928623,7668.193875090419,13841.331082710401,31637.328189052336,56715.698095008425,121147.8176995418,211719.31516759092,379937.3040752351,506293.7062937063,713768.9896310585,847311.3093802748,952592.235350856,981528.8160115746,995900.6510730648,998504.9433325295,999614.1789245236,999807.0894622619,999903.5447311308,999951.7723655654,999951.7723655654,1000000.0,0.0,0.0,0.0,0.0,0.0,0.0,0.0,0.0,0.0,0.0,0.0,0.0,0.0,0.0,0.0,0.0,0.0,0.0,0.0,0.0,0.0,0.0,0.0,0.0,0.0,0.0,0.0,0.0,0.0,0.0,0.0,0.0,0.0,0.0,0.0,0.0,0.0,0.0,0.0,0.0,0.0,0.0,0.0,0.0,0.0,0.0,0.0,0.0,0.0,0.0,0.0,0.0,0.0,0.0,0.0,0.0,0.0,0.0,0.0,0.0,0.0,0.0,0.0,1000000.0
FLINT,MAGNUM03,F,na,na,na,na,2025_03_11-09_22_56,na,0,52,Yes,1,na,144.68290330359284,0.0,0.0,39.0,35.0,0.0,,,,144.68290330359284,0.0,0.0,39.0,35.0,0.0,42.0,-6.0,12.0,31.0,-10.0,10.0,17.0,-16.0,8.0,13.0,-19.0,7.0,6.0,-22.0,5.0,-1.0,-26.0,5.0,5.0,-24.0,5.0,15.0,57.0,57.0,51.0,51.0,63.0,23.0,54.0,59.0,49.0,53.0,63.0,33.0,50.0,62.0,46.0,55.0,63.0,35.0,48.0,63.0,44.0,56.0,63.0,37.0,43.0,63.0,41.0,58.0,63.0,41.0,40.0,63.0,37.0,58.0,63.0,37.0,42.0,63.0,39.0,58.0,63.0,46.0,0.0,63.0,37.0,59.0,35.0,63.0,0.0,8.396173416033445,2.779658544316193,2.401507903993141,0.4374894505865458,30.0,160.0,85362.9129491198,95442.48854593684,107402.94188570054,118013.02146129716,130938.02748975159,147238.96792862317,163829.27417410183,178828.0684832409,201446.82903303596,230045.8162527128,265541.35519652755,303400.04822763446,355003.61707258254,417940.6800096455,481360.01929105376,510007.23414516513,588232.4571979744,645526.8869061972,696117.6754280202,730793.3445864479,768314.4441765131,800385.8210754762,827393.2963588135,847214.8541114058,868917.2896069448,888160.1157463226,904943.3325295394,916228.5989872196,930262.8406076682,942946.7084639497,954666.0236315408,960453.3397636845,976175.5485893417,984326.0188087773,991174.3428984808,995563.0576320231,998601.3986013986,999565.9512900892,999710.6341933928,999710.6341933928,999807.0894622619,999903.5447311308,999951.7723655654,999951.7723655654,1000000.0,1000000.0,1000000.0,1000000.0,1000000.0,1000000.0,1000000.0,1000000.0,1000000.0,1000000.0,1000000.0,1000000.0,1000000.0,1000000.0,1000000.0,1000000.0,1000000.0,1000000.0,1000000.0,1000000.0,0.0,0.0,0.0,0.0,0.0,0.0,0.0,0.0,0.0,0.0,0.0,0.0,0.0,0.0,0.0,0.0,0.0,0.0,0.0,0.0,0.0,0.0,0.0,0.0,0.0,0.0,0.0,0.0,0.0,0.0,0.0,0.0,0.0,0.0,0.0,0.0,0.0,48.22763443453082,144.68290330359284,192.91053773812425,337.59344104171646,482.27634434531,916.3250542560885,1495.056667470457,2025.5606462503029,2893.6580660718573,4388.714733542319,5787.316132143714,10947.673016638537,16349.168073306007,27007.475283337364,39498.43260188093,67374.00530503978,110200.14468290324,192765.85483482035,281745.84036652994,447504.21991801297,602990.1133349409,764552.6886906198,858982.3969134314,939860.1398601398,974246.4432119604,990547.3836508319,1000000.0,0.0,0.0,0.0,0.0,0.0,0.0,0.0,0.0,0.0,0.0,0.0,0.0,0.0,0.0,0.0,0.0,0.0,0.0,0.0,0.0,0.0,0.0,0.0,0.0,0.0,0.0,0.0,0.0,0.0,0.0,0.0,0.0,0.0,0.0,0.0,48.22763443453082,144.68290330359284,241.13817217265407,434.04870991077877,771.6421509524955,1302.1461297323344,2073.7882806848356,3472.38967928623,5063.901615625751,11044.128285507591,19628.647214854085,41716.903785869275,67856.2816493851,137400.53050397887,236749.45743911256,415722.2088256571,545454.5454545454,732433.0841572222,856329.8770195321,955919.9421268386,982734.5068724379,996190.0168796721,998697.8538702676,999951.7723655654,1000000.0,1000000.0,1000000.0,1000000.0,1000000.0,48.22763443453082,48.22763443453082,48.22763443453082,48.22763443453082,48.22763443453082,48.22763443453082,48.22763443453082,48.22763443453082,48.22763443453082,48.22763443453082,48.22763443453082,48.22763443453082,48.22763443453082,48.22763443453082,48.22763443453082,48.22763443453082,48.22763443453082,48.22763443453082,48.22763443453082,48.22763443453082,48.22763443453082,48.22763443453082,48.22763443453082,48.22763443453082,48.22763443453082,48.22763443453082,48.22763443453082,48.22763443453082,48.22763443453082,48.22763443453082,48.22763443453082,48.22763443453082,48.22763443453082,48.22763443453082,48.22763443453082,48.22763443453082,48.22763443453082,48.22763443453082,48.22763443453082,48.22763443453082,48.22763443453082,48.22763443453082,48.22763443453082,48.22763443453082,48.22763443453082,48.22763443453082,48.22763443453082,48.22763443453082,48.22763443453082,48.22763443453082,48.22763443453082,48.22763443453082,48.22763443453082,48.22763443453082,48.22763443453082,48.22763443453082,48.22763443453082,48.22763443453082,48.22763443453082,48.22763443453082,48.22763443453082,48.22763443453082,48.22763443453082,1000000.0
FLINT,MAGNUM03,F,na,na,na,na,2025_03_11-09_22_56,na,0,53,Yes,1,na,0.0,932481.3117916567,0.0,37.5,53.0,60.5,,,,0.0,1000000.0,0.0,37.5,53.0,60.5,40.0,-5.0,12.0,32.0,-9.0,10.0,21.0,-14.0,8.0,15.0,-16.0,7.0,12.0,-20.0,6.0,7.0,-22.0,5.0,9.0,-21.0,6.0,16.0,56.0,56.0,51.0,51.0,63.0,22.0,54.0,58.0,49.0,53.0,63.0,30.0,51.0,61.0,47.0,55.0,63.0,33.0,48.0,62.0,46.0,56.0,63.0,34.0,46.0,63.0,43.0,57.0,63.0,35.0,42.0,63.0,41.0,58.0,63.0,35.0,44.0,63.0,42.0,57.0,63.0,37.0,0.0,63.0,38.0,60.0,40.0,63.0,61.0,7.750772491759399,2.4654435646258728,2.08086651473348,0.015527575859944588,30.0,160.0,80202.55606462507,90475.04219918013,101760.3086568603,112129.25006028457,125536.53243308415,139811.91222570534,154280.20255606456,166385.33879913192,189245.23752109957,210272.48613455507,238630.3351820593,264721.4854111405,314203.0383409693,365613.6966481794,432843.01904991554,470460.5739088498,566530.0217024354,627489.7516276826,690378.586930311,732047.2630817458,779213.889558717,816156.2575355679,849481.5529298288,869254.8830479864,896889.3175789727,915698.0950084397,934024.5960935616,945647.4559922835,959778.152881601,968410.8994453822,977767.0605256812,981480.58837714,992910.5377381239,996865.2037617555,999131.9025801783,999951.7723655654,1000000.0,1000000.0,1000000.0,1000000.0,1000000.0,1000000.0,1000000.0,1000000.0,1000000.0,1000000.0,1000000.0,1000000.0,1000000.0,1000000.0,1000000.0,1000000.0,1000000.0,1000000.0,1000000.0,1000000.0,1000000.0,1000000.0,1000000.0,1000000.0,1000000.0,1000000.0,1000000.0,1000000.0,0.0,0.0,0.0,0.0,0.0,0.0,0.0,0.0,0.0,0.0,0.0,0.0,0.0,0.0,0.0,0.0,0.0,0.0,0.0,0.0,0.0,0.0,0.0,0.0,0.0,0.0,0.0,0.0,0.0,0.0,0.0,0.0,0.0,0.0,0.0,0.0,0.0,0.0,48.22763443453082,48.22763443453082,96.4552688690621,192.91053773812425,241.13817217265407,385.82107547624787,626.959247648901,1302.1461297323344,2507.836990595609,3906.438389197008,7041.234627441522,11863.998070894622,21847.118398842544,34000.48227634435,67518.68820834334,114829.99758861822,220737.88280684824,326452.8574873402,520424.40318302385,685314.6853146853,845333.976368459,921533.638775018,975114.5406317819,990161.5625753556,997251.0248372317,1000000.0,0.0,0.0,0.0,0.0,0.0,0.0,0.0,0.0,0.0,0.0,0.0,0.0,0.0,0.0,0.0,0.0,0.0,0.0,0.0,0.0,0.0,0.0,0.0,0.0,0.0,0.0,0.0,0.0,0.0,0.0,0.0,0.0,0.0,0.0,0.0,0.0,0.0,0.0,0.0,0.0,144.68290330359284,289.36580660718624,771.6421509524955,1398.601398601398,2700.747528333735,5546.177959971061,17217.265493127543,34434.530986255086,98866.65059078853,195418.37472871953,382686.27923800336,518495.29780564265,730552.2064142753,866216.542078611,963781.0465396672,986110.4412828551,997636.845912708,999662.4065589582,1000000.0,1000000.0,1000000.0,1000000.0,1000000.0,1000000.0,0.0,0.0,0.0,0.0,0.0,0.0,0.0,0.0,0.0,0.0,0.0,0.0,0.0,0.0,0.0,0.0,0.0,0.0,0.0,0.0,0.0,0.0,0.0,0.0,0.0,0.0,0.0,0.0,0.0,0.0,0.0,0.0,0.0,0.0,0.0,0.0,0.0,0.0,0.0,0.0,0.0,0.0,0.0,0.0,0.0,0.0,0.0,0.0,0.0,0.0,0.0,0.0,0.0,0.0,0.0,0.0,0.0,0.0,0.0,0.0,0.0,48.22763443453082,96.4552688690621,1000000.0
FLINT,MAGNUM03,F,na,na,na,na,2025_03_11-09_22_56,na,0,54,Yes,1,na,192.91053773812425,0.0,0.0,40.5,39.0,30.0,,,,192.91053773812425,0.0,0.0,40.5,39.0,30.0,41.0,-5.0,11.0,31.0,-10.0,10.0,18.0,-14.0,8.0,14.0,-17.0,7.0,9.0,-19.0,6.0,1.0,-21.0,4.0,6.0,-21.0,6.0,16.0,57.0,57.0,52.0,52.0,63.0,23.0,54.0,59.0,49.0,53.0,63.0,33.0,51.0,61.0,47.0,55.0,63.0,35.0,49.0,62.0,45.0,56.0,63.0,37.0,46.0,63.0,44.0,57.0,63.0,40.0,41.0,63.0,42.0,58.0,62.0,38.0,44.0,63.0,42.0,57.0,63.0,41.0,0.0,63.0,0.0,60.0,39.0,63.0,0.0,8.052034225211537,2.4625746365590904,2.1076890998147833,0.4380381610340198,30.0,160.0,64769.71304557505,74608.15047021942,85121.77477694722,94622.61876054984,106631.299734748,121485.41114058353,140197.73330118164,152978.05642633222,175066.31299734747,197974.43935374965,225994.69496021213,254834.82035206174,302242.5850012057,354714.2512659754,420593.19990354474,458258.9823969134,549216.3009404389,611237.0388232457,672920.1832650108,710200.1446829033,758331.3238485651,794019.773330118,826428.7436701229,844996.3829274174,872727.2727272726,890716.1803713527,908753.3156498673,919749.2163009403,933349.4092114781,943091.3913672534,954955.389438148,959633.4699782975,975307.4511695202,982396.9134313961,989582.8309621413,994309.1391367252,998167.3498914879,999469.4960212201,999807.0894622619,999855.3170966964,1000000.0,1000000.0,1000000.0,1000000.0,1000000.0,1000000.0,1000000.0,1000000.0,1000000.0,1000000.0,1000000.0,1000000.0,1000000.0,1000000.0,1000000.0,1000000.0,1000000.0,1000000.0,1000000.0,1000000.0,1000000.0,1000000.0,1000000.0,1000000.0,48.22763443453082,48.22763443453082,48.22763443453082,48.22763443453082,48.22763443453082,48.22763443453082,48.22763443453082,48.22763443453082,48.22763443453082,48.22763443453082,48.22763443453082,48.22763443453082,48.22763443453082,48.22763443453082,48.22763443453082,48.22763443453082,48.22763443453082,48.22763443453082,48.22763443453082,48.22763443453082,48.22763443453082,48.22763443453082,48.22763443453082,48.22763443453082,48.22763443453082,48.22763443453082,48.22763443453082,48.22763443453082,48.22763443453082,48.22763443453082,48.22763443453082,48.22763443453082,96.4552688690621,96.4552688690621,96.4552688690621,96.4552688690621,96.4552688690621,144.68290330359284,144.68290330359284,144.68290330359284,144.68290330359284,241.13817217265407,337.59344104171646,385.82107547624787,626.959247648901,1109.2355919942117,2025.5606462503029,2459.609356161082,4774.535809018565,7957.559681697602,15577.525922353496,24162.044851699997,50590.78852182297,86665.05907885225,167253.43621895343,255654.69013744875,437906.9206655413,602700.7475283337,788570.0506390161,884253.6773571254,961900.1687967204,986785.6281649384,995804.1958041957,1000000.0,0.0,0.0,0.0,0.0,0.0,0.0,0.0,0.0,0.0,0.0,0.0,0.0,0.0,0.0,0.0,0.0,0.0,0.0,0.0,0.0,0.0,0.0,0.0,0.0,0.0,0.0,0.0,0.0,0.0,0.0,0.0,0.0,0.0,0.0,0.0,0.0,0.0,0.0,0.0,48.22763443453082,48.22763443453082,144.68290330359284,626.959247648901,1205.690860863273,3279.479141548107,6607.1859175307445,18857.005063901615,36411.8639980709,89848.08295153118,179069.2066554135,357270.31589100556,490812.6356402218,704557.5114540631,847021.9435736677,957077.4053532673,985435.2544007716,997154.5695683626,999807.0894622619,999903.5447311308,1000000.0,1000000.0,1000000.0,1000000.0,1000000.0,48.22763443453082,48.22763443453082,48.22763443453082,48.22763443453082,48.22763443453082,48.22763443453082,48.22763443453082,48.22763443453082,48.22763443453082,48.22763443453082,48.22763443453082,48.22763443453082,48.22763443453082,48.22763443453082,48.22763443453082,48.22763443453082,48.22763443453082,48.22763443453082,48.22763443453082,48.22763443453082,48.22763443453082,48.22763443453082,48.22763443453082,48.22763443453082,48.22763443453082,48.22763443453082,48.22763443453082,48.22763443453082,48.22763443453082,48.22763443453082,48.22763443453082,48.22763443453082,48.22763443453082,48.22763443453082,48.22763443453082,48.22763443453082,48.22763443453082,48.22763443453082,48.22763443453082,48.22763443453082,48.22763443453082,48.22763443453082,48.22763443453082,48.22763443453082,48.22763443453082,48.22763443453082,48.22763443453082,48.22763443453082,48.22763443453082,48.22763443453082,48.22763443453082,48.22763443453082,48.22763443453082,48.22763443453082,48.22763443453082,48.22763443453082,48.22763443453082,48.22763443453082,48.22763443453082,48.22763443453082,48.22763443453082,144.68290330359284,241.13817217265407,1000000.0
FLINT,MAGNUM03,F,na,na,na,na,2025_03_11-09_22_56,na,0,55,Yes,1,na,241.13817217265407,0.0,0.0,41.0,0.0,61.5,,,,337.59344104179837,0.0,0.0,41.0,0.0,61.5,42.0,-6.0,11.0,31.0,-11.0,9.0,18.0,-16.0,8.0,13.0,-19.0,7.0,7.0,-21.0,6.0,1.0,-25.0,3.0,4.0,-23.0,5.0,16.0,58.0,58.0,52.0,52.0,63.0,24.0,55.0,60.0,49.0,54.0,63.0,34.0,52.0,62.0,46.0,55.0,63.0,36.0,49.0,63.0,44.0,56.0,63.0,38.0,45.0,63.0,42.0,57.0,63.0,40.0,41.0,63.0,38.0,60.0,63.0,39.0,43.0,63.0,40.0,58.0,63.0,55.0,0.0,63.0,36.0,60.0,0.0,63.0,63.0,8.323659235643595,2.609574945371267,2.300795942251421,0.0,30.0,160.0,59175.30745116957,68290.33035929587,78659.27176272009,87629.61176754281,100602.84543043168,112852.66457680255,127996.14178924517,137979.26211719326,159006.51073064865,180371.35278514583,208777.42946708467,235206.17313720754,285796.9616590306,337400.5305039788,409693.7545213407,443501.3262599469,527851.4588859417,583072.1003134795,643356.6433566434,678032.3125150711,726259.9469496021,760308.656860381,795514.8299975888,814805.8837714009,843983.6026042921,863033.518205932,883578.4904750421,896551.7241379308,913865.4448999276,927513.8654448999,940680.0096455268,944634.6756691583,965083.1926693994,973619.4839643115,984181.3359054738,990595.6112852665,996720.5208584518,998070.8946226187,999517.7236556546,999710.6341933928,999903.5447311308,999951.7723655654,999951.7723655654,999951.7723655654,999951.7723655654,999951.7723655654,1000000.0,1000000.0,1000000.0,1000000.0,1000000.0,1000000.0,1000000.0,1000000.0,1000000.0,1000000.0,1000000.0,1000000.0,1000000.0,1000000.0,1000000.0,1000000.0,1000000.0,1000000.0,0.0,0.0,0.0,0.0,0.0,0.0,0.0,0.0,0.0,0.0,0.0,0.0,0.0,0.0,0.0,0.0,0.0,0.0,0.0,0.0,0.0,0.0,0.0,0.0,0.0,0.0,0.0,0.0,0.0,0.0,0.0,0.0,0.0,0.0,0.0,0.0,48.22763443453082,48.22763443453082,96.4552688690621,96.4552688690621,192.91053773812425,289.36580660718624,434.04870991077877,626.959247648901,1157.4632264287443,1736.1948396431121,2459.609356161082,3086.56860380998,5305.039787798405,8439.836026042916,15915.11936339523,22474.077646491416,41041.716903785855,65686.03809983116,129877.01953219195,194068.0009645527,341982.1557752592,489414.03424162045,679141.5481070653,791077.8876296118,910344.827586207,961610.8029901133,988328.9124668434,1000000.0,48.22763443453082,48.22763443453082,48.22763443453082,48.22763443453082,48.22763443453082,48.22763443453082,48.22763443453082,48.22763443453082,48.22763443453082,48.22763443453082,48.22763443453082,48.22763443453082,48.22763443453082,48.22763443453082,48.22763443453082,48.22763443453082,48.22763443453082,48.22763443453082,48.22763443453082,48.22763443453082,48.22763443453082,48.22763443453082,48.22763443453082,48.22763443453082,48.22763443453082,96.4552688690621,96.4552688690621,96.4552688690621,96.4552688690621,96.4552688690621,96.4552688690621,96.4552688690621,96.4552688690621,96.4552688690621,96.4552688690621,96.4552688690621,96.4552688690621,192.91053773812425,241.13817217265407,289.36580660718624,626.959247648901,1061.0079575596806,2025.5606462503029,3327.7067759826386,6366.047745358085,12153.363877501795,26669.88184229562,48999.27658548351,108271.039305522,200192.91053773812,367398.11912225705,496841.0899445382,704171.6903785869,840848.8063660477,951000.7234145164,980419.5804195803,995852.4234386302,999180.1302146129,999662.4065589582,999807.0894622619,1000000.0,1000000.0,1000000.0,1000000.0,0.0,0.0,0.0,0.0,0.0,0.0,0.0,0.0,0.0,0.0,0.0,0.0,0.0,0.0,0.0,0.0,0.0,0.0,0.0,0.0,0.0,0.0,0.0,0.0,0.0,0.0,0.0,0.0,0.0,0.0,0.0,0.0,0.0,0.0,0.0,0.0,0.0,0.0,0.0,0.0,0.0,0.0,0.0,0.0,0.0,0.0,0.0,0.0,0.0,0.0,0.0,0.0,0.0,0.0,0.0,0.0,0.0,0.0,0.0,0.0,0.0,0.0,0.0,1000000.0
FLINT,MAGNUM03,F,na,na,na,na,2025_03_11-09_22_56,na,0,56,Yes,1,na,819.8697853870253,0.0,115360.5015673983,37.0,20.0,62.0,,,,1446.8290330360205,0.0,116228.59898721983,37.0,20.0,62.0,49.0,-8.0,12.0,35.0,-15.0,8.0,20.0,-21.0,0.0,12.0,-25.0,0.0,3.0,-30.0,0.0,-3.0,-35.0,-2.0,0.0,-32.0,-1.0,10.0,59.0,59.0,51.0,51.0,63.0,20.0,55.0,62.0,47.0,55.0,63.0,28.0,48.0,63.0,42.0,63.0,63.0,32.0,44.0,63.0,38.0,63.0,63.0,36.0,39.0,63.0,33.0,63.0,63.0,38.0,35.0,63.0,28.0,63.0,61.0,37.0,37.0,63.0,31.0,63.0,62.0,39.0,0.0,63.0,30.0,63.0,20.0,63.0,60.0,8.057687527132941,3.8485893387410655,5.337468918022183,0.046560755041457666,30.0,160.0,135519.65276103205,166964.07041234622,201687.96720520855,228984.8082951531,271280.4436942367,305473.83650831925,346997.82975645043,373619.48396431154,422184.7118398842,458934.1692789968,500988.6665059079,532191.9459850494,578442.2474077647,618905.2326983361,667277.5500361708,688835.3026284061,744779.358572462,778297.564504461,815529.298287919,840028.9365806606,872486.1345550999,894333.2529539425,917096.696407041,928864.2392090668,945743.9112611526,957945.5027730889,967832.1678321677,974149.9879430914,981335.9054738365,985772.8478418133,989245.2375210995,990643.8389197009,994743.187846636,996527.6103207137,997829.756450446,998504.9433325295,999373.040752351,999614.1789245236,999951.7723655654,1000000.0,1000000.0,1000000.0,1000000.0,1000000.0,1000000.0,1000000.0,1000000.0,1000000.0,1000000.0,1000000.0,1000000.0,1000000.0,1000000.0,1000000.0,1000000.0,1000000.0,1000000.0,1000000.0,1000000.0,1000000.0,1000000.0,1000000.0,1000000.0,1000000.0,0.0,0.0,0.0,0.0,0.0,0.0,0.0,0.0,0.0,0.0,0.0,0.0,0.0,0.0,0.0,0.0,0.0,0.0,0.0,0.0,0.0,0.0,0.0,0.0,0.0,0.0,0.0,0.0,0.0,0.0,96.4552688690621,96.4552688690621,144.68290330359284,144.68290330359284,192.91053773812425,289.36580660718624,530.5039787798403,868.0974198215577,1302.1461297323344,1495.056667470457,2266.6988184229576,3038.3409693754506,4436.942367976849,5353.267422232942,7571.738606221362,9983.120327947918,14178.924523752106,16542.078611044137,22956.35399083672,29081.263564022156,41765.13142030383,50783.69905956114,73643.59778152876,93465.15553412105,130503.97877984088,162044.8517000241,232360.74270557027,306679.5273691825,427537.9792621172,525922.3535085605,668097.4198215577,760501.567398119,845864.4803472388,1000000.0,0.0,0.0,0.0,0.0,0.0,0.0,0.0,0.0,0.0,0.0,0.0,0.0,0.0,0.0,0.0,0.0,0.0,0.0,0.0,0.0,48.22763443453082,48.22763443453082,48.22763443453082,96.4552688690621,96.4552688690621,96.4552688690621,144.68290330359284,192.91053773812425,289.36580660718624,385.82107547624787,482.27634434531,626.959247648901,1012.7803231251486,1446.829033035929,2073.7882806848356,2556.0646250301406,4147.576561369663,5449.72269110199,7909.3320472630785,9983.120327947918,16204.485170002381,21943.57366771158,31733.783457921396,40462.98529057147,61007.957559681716,82806.84832408969,123366.28888353024,163250.54256088744,240752.3510971786,324620.2073788281,459368.21798890765,550421.9918013022,677308.8979985531,757414.9987943091,826621.654207861,852182.3004581626,869254.8830479864,876585.4834820352,880347.2389679286,882083.4338075718,883964.3115505183,884639.4984326017,885941.644562334,1000000.0,0.0,0.0,0.0,0.0,0.0,0.0,0.0,0.0,0.0,0.0,0.0,0.0,0.0,0.0,0.0,0.0,0.0,0.0,0.0,0.0,0.0,0.0,0.0,0.0,0.0,0.0,0.0,0.0,0.0,0.0,0.0,0.0,0.0,0.0,0.0,0.0,0.0,0.0,0.0,0.0,0.0,0.0,0.0,0.0,0.0,0.0,0.0,0.0,0.0,0.0,0.0,0.0,0.0,0.0,0.0,0.0,0.0,0.0,0.0,0.0,48.22763443453082,241.13817217265407,1205.690860863273,1000000.0
FLINT,MAGNUM03,F,na,na,na,na,2025_03_11-09_22_56,na,0,57,Yes,1,na,5497.950325536535,0.0,13407.282372799653,45.0,22.0,62.0,,,,10754.76247890047,0.0,14130.696889317673,45.0,22.0,62.0,29.0,-7.0,12.0,20.0,-13.0,9.0,11.0,-19.0,6.0,2.0,-22.0,0.0,-14.0,-25.0,0.0,-27.0,-33.0,-2.0,-23.0,-27.0,-1.0,29.0,58.0,58.0,51.0,51.0,63.0,35.0,55.0,61.0,48.0,54.0,63.0,39.0,50.0,63.0,44.0,57.0,63.0,44.0,46.0,63.0,41.0,63.0,63.0,56.0,42.0,63.0,38.0,63.0,63.0,63.0,36.0,63.0,30.0,63.0,61.0,63.0,40.0,63.0,36.0,63.0,62.0,63.0,0.0,63.0,33.0,63.0,22.0,63.0,61.0,7.832639586245082,3.3092683217182213,3.2169126967802875,0.049567712018935235,30.0,160.0,1012.7803231251486,1736.1948396431121,2652.5198938992025,3906.438389197008,5401.495056667472,7330.600434048703,10224.25850012056,12732.095490716194,18808.777429467067,24499.63829274172,31637.328189052336,36845.91270798169,47263.081745840354,55317.09669640705,69206.655413552,77742.94670846392,98625.51241861578,116710.87533156504,140535.32674222335,160742.7055702918,190354.4731130938,218326.50108512168,253436.21895346025,278900.4099348926,325054.2560887388,362816.4938509766,408777.42946708464,442488.5459368218,495490.71618037135,542319.7492163009,600819.8697853871,622956.3539908367,719700.9886665059,769423.6797685074,826862.7923800335,869013.7448758137,919218.7123221605,951579.4550277309,975066.3129973474,983120.3279479141,988280.6848324089,990499.1560163974,991801.3021461297,992958.7653725585,994743.187846636,995321.9194598505,995804.1958041957,996141.7892452375,996768.7484928863,997154.5695683626,997492.1630094043,997685.0735471424,997974.4393537496,998119.1222570533,998312.0327947914,998504.9433325295,998746.0815047021,998746.0815047021,998794.3091391367,998890.7644080058,999180.1302146129,999228.3578490474,999469.4960212201,1000000.0,0.0,0.0,0.0,0.0,0.0,0.0,0.0,0.0,0.0,0.0,0.0,0.0,0.0,0.0,0.0,0.0,0.0,0.0,0.0,0.0,0.0,0.0,0.0,0.0,0.0,0.0,0.0,0.0,0.0,0.0,0.0,0.0,0.0,48.22763443453082,96.4552688690621,144.68290330359284,241.13817217265407,289.36580660718624,337.59344104171646,434.04870991077877,819.8697853870253,1109.2355919942117,1977.3330118157653,2652.5198938992025,4340.487099107789,5546.177959971061,8005.7873161321395,10127.80323125151,16204.485170002381,21847.118398842544,31974.921630094064,41572.22088256569,64528.57487340241,89848.08295153118,137738.1239450205,182252.2305280926,277887.6296117675,390981.43236074265,554810.7065348445,663178.2011092355,806751.8688208343,886423.9209066796,942705.5702917771,1000000.0,0.0,0.0,0.0,0.0,0.0,0.0,0.0,0.0,0.0,0.0,0.0,0.0,0.0,0.0,0.0,0.0,0.0,0.0,0.0,0.0,0.0,0.0,48.22763443453082,48.22763443453082,48.22763443453082,96.4552688690621,96.4552688690621,144.68290330359284,144.68290330359284,192.91053773812425,337.59344104171646,337.59344104171646,337.59344104171646,482.27634434531,482.27634434531,530.5039787798403,819.8697853870253,1109.2355919942117,1736.1948396431121,2411.3817217265464,4436.942367976849,6800.096455268857,12442.729684109,17458.403665300208,29370.629370629358,45044.61056185197,75042.19918013019,109139.13672534359,183023.87267904513,279334.4586448034,440462.98529057147,560067.5186882084,724427.2968410898,833807.5717386062,926115.2640462985,954376.6578249336,975114.5406317819,981384.133108271,983988.4253677357,985483.482035206,986255.1241861585,986592.7176272003,987219.6768748492,1000000.0,0.0,0.0,0.0,0.0,0.0,0.0,0.0,0.0,0.0,0.0,0.0,0.0,0.0,0.0,0.0,0.0,0.0,0.0,0.0,0.0,0.0,0.0,0.0,0.0,0.0,0.0,0.0,0.0,0.0,0.0,0.0,0.0,0.0,0.0,0.0,0.0,0.0,0.0,0.0,0.0,0.0,0.0,0.0,0.0,0.0,0.0,0.0,0.0,0.0,0.0,0.0,0.0,0.0,0.0,0.0,0.0,0.0,0.0,0.0,0.0,0.0,434.04870991077877,1157.4632264287443,1000000.0
FLINT,MAGNUM03,F,na,na,na,na,2025_03_11-09_22_56,na,0,58,Yes,1,na,96.4552688690621,0.0,0.0,43.0,32.0,61.5,,,,96.4552688690621,0.0,0.0,43.0,32.0,61.5,48.0,-9.0,11.0,37.0,-14.0,9.0,25.0,-17.0,7.0,18.0,-19.0,7.0,10.0,-21.0,5.0,5.0,-24.0,4.0,7.0,-23.0,5.0,13.0,61.0,61.0,52.0,52.0,63.0,21.0,58.0,63.0,49.0,54.0,63.0,29.0,54.0,63.0,46.0,56.0,63.0,34.0,52.0,63.0,44.0,56.0,63.0,38.0,48.0,63.0,42.0,58.0,63.0,40.0,45.0,63.0,39.0,59.0,63.0,39.0,46.0,63.0,40.0,58.0,63.0,43.0,0.0,63.0,34.0,60.0,32.0,63.0,63.0,7.635445739075738,2.397498816549181,2.4416419982199793,0.0,30.0,160.0,48709.910778876285,69496.0212201591,97468.04919218716,117916.56619242819,153942.60911502293,186882.08343380757,226235.83313238472,251844.70701712076,298770.1953219194,337593.44104171684,382155.77525922353,412346.2744152399,465203.7617554859,514733.5423197492,576609.5972992524,605883.7714010128,678369.9059561128,725054.2560887389,774053.5326742223,800482.2763443452,837714.0101278033,864673.257776706,892404.1475765614,906149.0233904026,927996.1417892452,941837.4728719556,956112.8526645768,963781.0465396672,973185.4352544007,979020.9790209789,984615.3846153845,985579.9373040752,991945.9850494333,993730.407523511,995659.5129008922,996672.2932240173,997781.5288160116,998649.626235833,999180.1302146129,999614.1789245236,999903.5447311308,1000000.0,1000000.0,1000000.0,1000000.0,1000000.0,1000000.0,1000000.0,1000000.0,1000000.0,1000000.0,1000000.0,1000000.0,1000000.0,1000000.0,1000000.0,1000000.0,1000000.0,1000000.0,1000000.0,1000000.0,1000000.0,1000000.0,1000000.0,0.0,0.0,0.0,0.0,0.0,0.0,0.0,0.0,0.0,0.0,0.0,0.0,0.0,0.0,0.0,0.0,0.0,0.0,0.0,0.0,0.0,0.0,0.0,0.0,0.0,0.0,0.0,0.0,0.0,0.0,0.0,0.0,0.0,0.0,48.22763443453082,48.22763443453082,48.22763443453082,48.22763443453082,48.22763443453082,48.22763443453082,48.22763443453082,48.22763443453082,48.22763443453082,144.68290330359284,144.68290330359284,241.13817217265407,578.7316132143711,771.6421509524955,1639.7395707740552,2218.471183988428,3375.934410417169,4629.85290571497,8632.74656378105,13600.192910537737,23197.492163009418,34096.93754521341,63371.1116469737,104509.28381962859,190402.7007475283,268435.0132625994,431155.051844707,583554.376657825,756595.1290089221,1000000.0,0.0,0.0,0.0,0.0,0.0,0.0,0.0,0.0,0.0,0.0,0.0,0.0,0.0,0.0,0.0,0.0,0.0,0.0,0.0,0.0,0.0,0.0,0.0,0.0,0.0,0.0,0.0,0.0,0.0,0.0,0.0,0.0,48.22763443453082,48.22763443453082,48.22763443453082,48.22763443453082,96.4552688690621,96.4552688690621,144.68290330359284,337.59344104171646,723.414516517964,1253.9184952978064,2411.3817217265464,3665.3002170243526,10513.624306727752,17699.54183747286,37376.41668676151,60091.63250542564,129732.33662888838,218037.13527851447,382204.002893658,496117.6754280202,696358.8136001929,821268.386785628,938316.8555582348,973088.9799855317,994116.2285989872,998215.5775259222,999807.0894622619,999951.7723655654,1000000.0,1000000.0,1000000.0,1000000.0,0.0,0.0,0.0,0.0,0.0,0.0,0.0,0.0,0.0,0.0,0.0,0.0,0.0,0.0,0.0,0.0,0.0,0.0,0.0,0.0,0.0,0.0,0.0,0.0,0.0,0.0,0.0,0.0,0.0,0.0,0.0,0.0,0.0,0.0,0.0,0.0,0.0,0.0,0.0,0.0,0.0,0.0,0.0,0.0,0.0,0.0,0.0,0.0,0.0,0.0,0.0,0.0,0.0,0.0,0.0,0.0,0.0,0.0,0.0,0.0,0.0,0.0,0.0,1000000.0
FLINT,MAGNUM03,F,na,na,na,na,2025_03_11-09_22_56,na,0,59,Yes,1,na,0.0,0.0,0.0,43.0,36.0,61.0,,,,0.0,0.0,0.0,43.0,36.0,61.0,50.0,-10.0,12.0,38.0,-14.0,10.0,28.0,-16.0,8.0,21.0,-17.0,7.0,16.0,-19.0,6.0,9.0,-23.0,4.0,12.0,-21.0,5.0,11.0,61.0,61.0,51.0,51.0,63.0,20.0,58.0,63.0,49.0,53.0,63.0,28.0,56.0,63.0,47.0,55.0,63.0,32.0,53.0,63.0,46.0,56.0,63.0,35.0,51.0,63.0,44.0,57.0,63.0,38.0,47.0,63.0,40.0,59.0,63.0,37.0,49.0,63.0,42.0,58.0,63.0,40.0,0.0,63.0,46.0,60.0,36.0,63.0,62.0,7.954632593534645,2.1238463573170288,2.1175613416582264,0.006944276993437237,30.0,160.0,116469.73715939235,143187.84663612256,179503.25536532435,206703.64118639982,248275.8620689655,285025.3195080782,327803.2312515071,355485.8934169279,405353.26742223295,442826.1393778635,484928.86423920904,515456.95683626714,562237.7622377622,603375.9344104171,656860.380998312,679623.8244514107,736725.3436218953,773137.2076199662,812298.0467808053,835447.3113093802,869881.8422956354,891246.6843501326,913286.7132867133,925488.3047986495,943573.6677115987,955341.2105136244,967060.5256812152,973474.8010610079,980371.3527851459,985869.3031106823,990065.1073064866,990981.4323607427,995225.4641909814,997009.886665059,998263.8051603568,998987.2196768748,999373.040752351,999758.8618278273,999903.5447311308,999951.7723655654,1000000.0,1000000.0,1000000.0,1000000.0,1000000.0,1000000.0,1000000.0,1000000.0,1000000.0,1000000.0,1000000.0,1000000.0,1000000.0,1000000.0,1000000.0,1000000.0,1000000.0,1000000.0,1000000.0,1000000.0,1000000.0,1000000.0,1000000.0,1000000.0,0.0,0.0,0.0,0.0,0.0,0.0,0.0,0.0,0.0,0.0,0.0,0.0,0.0,0.0,0.0,0.0,0.0,0.0,0.0,0.0,0.0,0.0,0.0,0.0,0.0,0.0,0.0,0.0,0.0,0.0,0.0,0.0,0.0,0.0,0.0,0.0,0.0,0.0,0.0,0.0,0.0,0.0,0.0,0.0,0.0,0.0,192.91053773812425,241.13817217265407,385.82107547624787,626.959247648901,1205.690860863273,1591.5119363395213,3472.38967928623,6510.730648661682,12925.006028454296,22184.711839884225,48565.227875572695,84880.63660477457,174149.98794309146,269544.2488545936,457294.42970822274,623824.4514106582,809018.5676392573,1000000.0,0.0,0.0,0.0,0.0,0.0,0.0,0.0,0.0,0.0,0.0,0.0,0.0,0.0,0.0,0.0,0.0,0.0,0.0,0.0,0.0,0.0,0.0,0.0,0.0,0.0,0.0,0.0,0.0,0.0,0.0,0.0,0.0,0.0,0.0,0.0,0.0,48.22763443453082,96.4552688690621,96.4552688690621,144.68290330359284,241.13817217265407,289.36580660718624,723.414516517964,1253.9184952978064,2507.836990595609,4967.446346756688,18278.273450687222,35109.71786833856,94140.3424162044,185724.6202073788,368314.44417651306,501422.7152158186,709524.9578008198,844272.9684108994,957125.6329877019,985049.4333252953,997492.1630094043,999373.040752351,999807.0894622619,1000000.0,1000000.0,1000000.0,1000000.0,1000000.0,0.0,0.0,0.0,0.0,0.0,0.0,0.0,0.0,0.0,0.0,0.0,0.0,0.0,0.0,0.0,0.0,0.0,0.0,0.0,0.0,0.0,0.0,0.0,0.0,0.0,0.0,0.0,0.0,0.0,0.0,0.0,0.0,0.0,0.0,0.0,0.0,0.0,0.0,0.0,0.0,0.0,0.0,0.0,0.0,0.0,0.0,0.0,0.0,0.0,0.0,0.0,0.0,0.0,0.0,0.0,0.0,0.0,0.0,0.0,0.0,0.0,0.0,48.22763443453082,1000000.0
FLINT,MAGNUM03,F,na,na,na,na,2025_03_11-09_22_56,na,0,60,Yes,1,na,48.22763443453082,891680.7330600434,48.22763443457198,38.0,54.0,61.0,,,,48.22763443453082,999951.7723655654,48.22763443457198,38.0,54.0,61.0,48.0,-5.0,11.0,35.0,-10.0,9.0,23.0,-14.0,7.0,16.0,-16.0,6.0,12.0,-19.0,5.0,7.0,-21.0,4.0,10.0,-20.0,5.0,9.0,57.0,57.0,52.0,52.0,63.0,19.0,54.0,59.0,49.0,54.0,63.0,28.0,51.0,61.0,47.0,56.0,63.0,32.0,48.0,62.0,46.0,57.0,63.0,34.0,46.0,63.0,44.0,58.0,63.0,35.0,42.0,63.0,42.0,59.0,63.0,34.0,44.0,63.0,43.0,58.0,63.0,36.0,0.0,63.0,35.0,63.0,41.0,63.0,63.0,8.342999763445615,2.5898569393454194,2.3747743424652117,0.0,30.0,160.0,220014.4682903303,249626.23583313238,278466.3612249819,305473.83650831925,337979.2621171931,370002.4113817217,404726.308174584,433952.2546419098,471666.26476971305,505377.3812394502,543139.619001688,573860.6221364841,615239.9324813118,651941.1622859898,693175.7897275138,718447.070171208,766337.1111646973,798697.8538702676,830817.4584036652,853436.2189534603,880588.3771401013,900506.3901615626,920038.5821075476,933831.6855558234,948541.1140583555,960067.5186882083,969423.6797685073,974921.6300940439,981818.1818181818,986062.2136484205,991029.6599951772,992717.6272003858,996527.6103207137,998167.3498914879,999565.9512900892,999903.5447311308,1000000.0,1000000.0,1000000.0,1000000.0,1000000.0,1000000.0,1000000.0,1000000.0,1000000.0,1000000.0,1000000.0,1000000.0,1000000.0,1000000.0,1000000.0,1000000.0,1000000.0,1000000.0,1000000.0,1000000.0,1000000.0,1000000.0,1000000.0,1000000.0,1000000.0,1000000.0,1000000.0,1000000.0,0.0,0.0,0.0,0.0,0.0,0.0,0.0,0.0,0.0,0.0,0.0,0.0,0.0,0.0,0.0,0.0,0.0,0.0,0.0,0.0,0.0,0.0,0.0,0.0,0.0,0.0,0.0,0.0,0.0,0.0,0.0,0.0,0.0,0.0,0.0,48.22763443453082,48.22763443453082,48.22763443453082,96.4552688690621,96.4552688690621,96.4552688690621,144.68290330359284,241.13817217265407,385.82107547624787,868.0974198215577,1253.9184952978064,2411.3817217265464,3520.617313720762,6800.096455268857,11671.08753315649,20207.378828068486,29997.588618278234,62117.19315167593,108319.26693995652,207668.19387509045,301567.39811912226,485218.2300458162,630094.0438871473,790209.7902097902,878080.5401495057,956836.2671810947,984615.3846153845,995466.602363154,1000000.0,0.0,0.0,0.0,0.0,0.0,0.0,0.0,0.0,0.0,0.0,0.0,0.0,0.0,0.0,0.0,0.0,0.0,0.0,0.0,0.0,0.0,0.0,0.0,0.0,0.0,0.0,0.0,0.0,0.0,0.0,0.0,0.0,0.0,0.0,0.0,0.0,0.0,0.0,0.0,0.0,0.0,96.4552688690621,337.59344104171646,868.0974198215577,2893.6580660718573,5835.543766578246,15625.753556788046,31251.507113576063,83964.31155051853,165324.33084157223,319797.44393537496,437858.6930311068,615384.6153846153,747287.1955630576,883530.2628406077,942898.4808295153,986448.0347238968,997251.0248372317,999710.6341933928,999951.7723655654,999951.7723655654,1000000.0,1000000.0,1000000.0,0.0,0.0,0.0,0.0,0.0,0.0,0.0,0.0,0.0,0.0,0.0,0.0,0.0,0.0,0.0,0.0,0.0,0.0,0.0,0.0,0.0,0.0,0.0,0.0,0.0,0.0,0.0,0.0,0.0,0.0,0.0,0.0,0.0,0.0,0.0,0.0,0.0,0.0,0.0,0.0,0.0,0.0,0.0,0.0,0.0,0.0,0.0,0.0,0.0,0.0,0.0,0.0,0.0,0.0,0.0,0.0,0.0,0.0,0.0,0.0,0.0,0.0,0.0,1000000.0
FLINT,MAGNUM03,F,na,na,na,na,2025_03_11-09_22_56,na,0,61,Yes,1,na,0.0,0.0,0.0,40.0,37.0,60.0,,,,0.0,0.0,0.0,40.0,37.0,60.0,47.0,-6.0,11.0,36.0,-12.0,9.0,26.0,-15.0,8.0,20.0,-17.0,7.0,14.0,-19.0,6.0,9.0,-21.0,4.0,12.0,-19.0,5.0,11.0,58.0,58.0,52.0,52.0,63.0,20.0,56.0,61.0,49.0,54.0,63.0,28.0,54.0,62.0,47.0,55.0,63.0,32.0,52.0,63.0,46.0,56.0,63.0,35.0,49.0,63.0,44.0,57.0,63.0,37.0,46.0,63.0,42.0,58.0,62.0,36.0,48.0,63.0,44.0,58.0,63.0,38.0,0.0,63.0,42.0,59.0,37.0,63.0,61.0,7.963492119426482,2.251592756270487,2.0640022444365225,0.025980867526748653,30.0,160.0,112466.84350132624,139426.0911502292,175210.99590065097,198842.53677357122,240607.66819387508,275138.65444899927,317434.2898480829,338847.3595370147,390209.79020979017,427634.4345309862,474993.9715456957,503641.18639980705,551338.3168555582,592428.2613937786,642199.1801302145,665155.5341210513,727706.775982638,763443.4530986256,805980.2266698817,829370.6293706293,863226.42874367,886568.6038099831,911743.4289848082,923076.923076923,943091.3913672534,955389.4381480587,966915.8427779117,972606.7036411864,980033.7593441041,984470.701712081,989052.3269833614,989968.6520376175,995514.8299975885,996961.6590306245,998504.9433325295,999131.9025801783,999710.6341933928,999951.7723655654,1000000.0,1000000.0,1000000.0,1000000.0,1000000.0,1000000.0,1000000.0,1000000.0,1000000.0,1000000.0,1000000.0,1000000.0,1000000.0,1000000.0,1000000.0,1000000.0,1000000.0,1000000.0,1000000.0,1000000.0,1000000.0,1000000.0,1000000.0,1000000.0,1000000.0,1000000.0,0.0,0.0,0.0,0.0,0.0,0.0,0.0,0.0,0.0,0.0,0.0,0.0,0.0,0.0,0.0,0.0,0.0,0.0,0.0,0.0,0.0,0.0,0.0,0.0,0.0,0.0,0.0,0.0,0.0,0.0,0.0,0.0,0.0,0.0,0.0,0.0,0.0,0.0,0.0,0.0,0.0,0.0,48.22763443453082,48.22763443453082,96.4552688690621,96.4552688690621,385.82107547624787,434.04870991077877,1012.7803231251486,1832.650108512174,3375.934410417169,4726.3081745840345,11574.632264287418,21991.801302146112,52809.25970581137,83530.26284060771,192765.85483482035,314444.17651314195,522884.01253918494,651458.8859416444,835447.3113093802,927224.4996382927,980564.263322884,1000000.0,0.0,0.0,0.0,0.0,0.0,0.0,0.0,0.0,0.0,0.0,0.0,0.0,0.0,0.0,0.0,0.0,0.0,0.0,0.0,0.0,0.0,0.0,0.0,0.0,0.0,0.0,0.0,0.0,0.0,0.0,0.0,0.0,0.0,0.0,0.0,0.0,0.0,48.22763443453082,48.22763443453082,48.22763443453082,48.22763443453082,48.22763443453082,241.13817217265407,385.82107547624787,1398.601398601398,3665.3002170243526,11719.315167591023,23679.768507354696,76826.62165420779,164842.05449722696,344972.26911020005,475572.70315891004,688401.2539184953,823486.8579696165,949795.0325536531,981432.3607427055,997395.7077405354,999421.2683867855,999951.7723655654,1000000.0,1000000.0,1000000.0,1000000.0,1000000.0,0.0,0.0,0.0,0.0,0.0,0.0,0.0,0.0,0.0,0.0,0.0,0.0,0.0,0.0,0.0,0.0,0.0,0.0,0.0,0.0,0.0,0.0,0.0,0.0,0.0,0.0,0.0,0.0,0.0,0.0,0.0,0.0,0.0,0.0,0.0,0.0,0.0,0.0,0.0,0.0,0.0,0.0,0.0,0.0,0.0,0.0,0.0,0.0,0.0,0.0,0.0,0.0,0.0,0.0,0.0,0.0,0.0,0.0,0.0,0.0,0.0,144.68290330359284,241.13817217265407,1000000.0
FLINT,MAGNUM03,F,na,na,na,na,2025_03_11-09_22_56,na,0,62,Yes,1,na,48.22763443453082,48.22763443453082,0.0,39.0,37.0,61.0,,,,48.22763443453082,48.22763443453082,0.0,39.0,37.0,61.0,48.0,-6.0,11.0,36.0,-11.0,9.0,24.0,-15.0,7.0,17.0,-18.0,7.0,11.0,-20.0,5.0,4.0,-23.0,5.0,9.0,-22.0,5.0,10.0,58.0,58.0,52.0,52.0,63.0,19.0,55.0,60.0,49.0,54.0,63.0,28.0,52.0,62.0,47.0,56.0,63.0,32.0,49.0,63.0,45.0,56.0,63.0,35.0,46.0,63.0,43.0,58.0,63.0,38.0,42.0,63.0,40.0,58.0,63.0,36.0,45.0,63.0,41.0,58.0,63.0,39.0,0.0,63.0,33.0,59.0,33.0,63.0,63.0,8.248510237035811,2.5662358594900208,2.24802539370899,0.0,30.0,160.0,175066.31299734747,204774.53580901856,236749.45743911256,264914.39594887855,297275.13865444897,332722.44996382925,368941.40342416207,396961.65903062455,436556.5469013745,473209.549071618,514347.72124427295,547190.7402941886,589245.2375210996,627875.5727031588,675524.4755244754,700602.8454304317,748444.6587894863,785242.3438630335,820400.2893658065,844080.0578731613,871907.4029418856,893947.4318784663,914395.9488787074,927562.0930793345,944875.813841331,956353.9908367494,967928.6231010369,974005.3050397878,981287.677839402,986303.3518205931,989631.0585965757,990933.2047263081,995755.9681697612,996913.43139619,998263.8051603568,999035.4473113093,999565.9512900892,999855.3170966964,1000000.0,1000000.0,1000000.0,1000000.0,1000000.0,1000000.0,1000000.0,1000000.0,1000000.0,1000000.0,1000000.0,1000000.0,1000000.0,1000000.0,1000000.0,1000000.0,1000000.0,1000000.0,1000000.0,1000000.0,1000000.0,1000000.0,1000000.0,1000000.0,1000000.0,1000000.0,0.0,0.0,0.0,0.0,0.0,0.0,0.0,0.0,0.0,0.0,0.0,0.0,0.0,0.0,0.0,0.0,0.0,0.0,0.0,0.0,0.0,0.0,0.0,0.0,0.0,0.0,0.0,0.0,0.0,0.0,0.0,0.0,0.0,48.22763443453082,48.22763443453082,48.22763443453082,48.22763443453082,48.22763443453082,48.22763443453082,96.4552688690621,144.68290330359284,144.68290330359284,289.36580660718624,385.82107547624787,482.27634434531,916.3250542560885,1591.5119363395213,2314.926452857486,4581.625271280436,7861.104412828547,13600.192910537737,21123.70388232458,39643.1155051845,67036.41186399803,125440.07716421512,191945.98504943328,345358.09018567635,493706.2937062936,681986.9785387026,796141.7892452376,911454.0631782011,962334.2175066313,988184.22956354,1000000.0,0.0,0.0,0.0,0.0,0.0,0.0,0.0,0.0,0.0,0.0,0.0,0.0,0.0,0.0,0.0,0.0,0.0,0.0,0.0,0.0,0.0,0.0,0.0,0.0,0.0,0.0,0.0,0.0,0.0,0.0,0.0,0.0,0.0,48.22763443453082,48.22763443453082,48.22763443453082,48.22763443453082,96.4552688690621,144.68290330359284,144.68290330359284,289.36580660718624,675.1868820834334,1157.4632264287443,2218.471183988428,4822.763443453095,9404.388714733534,21895.346033277066,39546.66023631541,93947.43187846638,180564.263322884,349264.5285748734,478080.5401495056,674125.8741258743,815770.4364600917,938943.8148058838,975837.9551482999,995321.9194598505,998456.7156980949,999903.5447311308,1000000.0,1000000.0,1000000.0,1000000.0,1000000.0,0.0,0.0,0.0,0.0,0.0,0.0,0.0,0.0,0.0,0.0,0.0,0.0,0.0,0.0,0.0,0.0,0.0,0.0,0.0,0.0,0.0,0.0,0.0,0.0,0.0,0.0,0.0,0.0,0.0,0.0,0.0,0.0,0.0,0.0,0.0,0.0,0.0,0.0,0.0,0.0,0.0,0.0,0.0,0.0,0.0,0.0,0.0,0.0,0.0,0.0,0.0,0.0,0.0,0.0,0.0,0.0,0.0,0.0,0.0,0.0,0.0,0.0,0.0,1000000.0
FLINT,MAGNUM03,F,na,na,na,na,2025_03_11-09_22_56,na,0,63,Yes,1,na,0.0,0.0,96.4552688691443,44.0,41.0,59.0,,,,0.0,0.0,96.4552688691443,44.0,41.0,59.0,50.0,-11.0,12.0,39.0,-14.0,10.0,28.0,-16.0,8.0,23.0,-17.0,7.0,17.0,-18.0,5.0,12.0,-21.0,3.0,15.0,-19.0,5.0,12.0,62.0,62.0,51.0,51.0,63.0,21.0,60.0,63.0,49.0,53.0,63.0,29.0,57.0,63.0,47.0,55.0,63.0,33.0,56.0,63.0,46.0,56.0,63.0,36.0,53.0,63.0,45.0,57.0,62.0,38.0,50.0,63.0,42.0,58.0,61.0,37.0,52.0,63.0,44.0,57.0,62.0,40.0,0.0,63.0,48.0,63.0,41.0,63.0,61.0,7.783938259628435,1.7495306645966568,1.9873698811834333,0.04757878253686893,30.0,160.0,55944.05594405593,81360.01929105374,115794.55027730901,137352.3028695443,179310.34482758623,213407.28237279961,258307.21003134793,283192.6693995659,335760.79093320464,373619.48396431154,420062.69592476485,452182.3004581625,501663.85338799126,544779.358572462,593730.4075235109,616059.8022666988,677791.1743428985,721533.638775018,768844.948155293,797106.3419339282,836170.7258258981,864817.9406800097,893850.9766095973,908367.4945743909,930938.0274897516,946226.1876054979,960694.4779358571,967542.8020255606,976754.280202556,982252.2305280925,986882.0834338076,987557.2703158909,993826.8627923799,995948.8787074994,997347.4801061008,998119.1222570533,999324.8131179166,999710.6341933928,999903.5447311308,999951.7723655654,1000000.0,1000000.0,1000000.0,1000000.0,1000000.0,1000000.0,1000000.0,1000000.0,1000000.0,1000000.0,1000000.0,1000000.0,1000000.0,1000000.0,1000000.0,1000000.0,1000000.0,1000000.0,1000000.0,1000000.0,1000000.0,1000000.0,1000000.0,1000000.0,0.0,0.0,0.0,0.0,0.0,0.0,0.0,0.0,0.0,0.0,0.0,0.0,0.0,0.0,0.0,0.0,0.0,0.0,0.0,0.0,0.0,0.0,0.0,0.0,0.0,0.0,0.0,0.0,0.0,0.0,0.0,0.0,0.0,0.0,0.0,0.0,0.0,0.0,0.0,0.0,0.0,0.0,0.0,0.0,0.0,0.0,0.0,0.0,96.4552688690621,144.68290330359284,337.59344104171646,530.5039787798403,916.3250542560885,1832.650108512174,3327.7067759826386,5642.633228840121,14323.607427055684,30624.547865927172,83385.57993730411,153267.42223293943,323269.8336146612,490571.4974680492,710055.4617795997,1000000.0,0.0,0.0,0.0,0.0,0.0,0.0,0.0,0.0,0.0,0.0,0.0,0.0,0.0,0.0,0.0,0.0,0.0,0.0,0.0,0.0,0.0,0.0,0.0,0.0,0.0,0.0,0.0,0.0,0.0,0.0,0.0,0.0,0.0,0.0,0.0,0.0,0.0,0.0,0.0,0.0,0.0,48.22763443453082,241.13817217265407,289.36580660718624,819.8697853870253,2459.609356161082,9645.526886906195,22859.898721967693,73016.63853387989,167687.4849288642,374584.0366530021,511116.4697371594,722594.6467325778,850253.1950807812,959392.3318061248,985579.9373040752,998504.9433325295,999662.4065589582,999903.5447311308,999951.7723655654,999951.7723655654,999951.7723655654,999951.7723655654,1000000.0,0.0,0.0,0.0,0.0,0.0,0.0,0.0,0.0,0.0,0.0,0.0,0.0,0.0,0.0,0.0,0.0,0.0,0.0,0.0,0.0,0.0,0.0,0.0,0.0,0.0,0.0,0.0,0.0,0.0,0.0,0.0,0.0,0.0,0.0,0.0,0.0,0.0,0.0,0.0,0.0,0.0,0.0,0.0,0.0,0.0,0.0,0.0,0.0,0.0,0.0,0.0,0.0,0.0,0.0,0.0,0.0,0.0,0.0,0.0,0.0,0.0,289.36580660718624,1398.601398601398,1000000.0
FLINT,MAGNUM03,F,na,na,na,na,2025_03_11-09_22_56,na,0,64,Yes,1,na,48.22763443453082,96.4552688690621,96.4552688690621,38.0,39.0,61.0,,,,48.22763443453082,96.4552688690621,96.4552688690621,38.0,39.0,61.0,48.0,-6.0,11.0,36.0,-11.0,9.0,24.0,-16.0,7.0,18.0,-18.0,7.0,13.0,-20.0,5.0,8.0,-23.0,-1.0,10.0,-21.0,4.0,10.0,58.0,58.0,52.0,52.0,63.0,20.0,56.0,60.0,49.0,54.0,63.0,28.0,52.0,62.0,46.0,56.0,63.0,32.0,50.0,63.0,45.0,56.0,63.0,35.0,48.0,63.0,43.0,58.0,63.0,37.0,45.0,63.0,40.0,63.0,62.0,36.0,46.0,63.0,42.0,59.0,63.0,38.0,0.0,63.0,36.0,63.0,38.0,63.0,61.0,8.196964993791902,2.4547604293356406,2.2861354490511108,0.02689221540739526,30.0,160.0,143911.26115264042,172654.93127562094,207185.91753074512,233373.5230286954,270942.85025319504,307210.0313479624,345936.8217988907,373040.7523510972,417024.3549553894,455220.64142753795,500168.7967205208,531613.2143718351,572365.5654690138,617265.4931275621,661586.689172896,683530.2628406076,737786.351579455,774535.8090185674,810272.4861345551,832312.5150711357,863853.3879913188,887243.7906920665,908897.9985531708,920472.6308174584,938750.9042681456,951820.5931999035,963877.5018085362,970532.9153605016,978490.4750421991,984567.15698095,989004.0993489268,989727.5138654449,995225.4641909814,996382.9274174101,998215.5775259222,999131.9025801783,999758.8618278273,1000000.0,1000000.0,1000000.0,1000000.0,1000000.0,1000000.0,1000000.0,1000000.0,1000000.0,1000000.0,1000000.0,1000000.0,1000000.0,1000000.0,1000000.0,1000000.0,1000000.0,1000000.0,1000000.0,1000000.0,1000000.0,1000000.0,1000000.0,1000000.0,1000000.0,1000000.0,1000000.0,0.0,0.0,0.0,0.0,0.0,0.0,0.0,0.0,0.0,0.0,0.0,0.0,0.0,0.0,0.0,0.0,0.0,0.0,0.0,0.0,0.0,0.0,0.0,0.0,0.0,0.0,0.0,0.0,0.0,0.0,0.0,0.0,0.0,0.0,0.0,0.0,48.22763443453082,48.22763443453082,96.4552688690621,96.4552688690621,96.4552688690621,96.4552688690621,144.68290330359284,144.68290330359284,192.91053773812425,337.59344104171646,675.1868820834334,964.5526886906189,2122.0159151193625,4051.121292500604,7668.193875090419,11863.998070894622,24113.81721726547,41909.81432360741,83964.31155051853,132095.4907161804,252134.0728237279,390402.7007475283,589197.009886665,714540.6317820111,862744.1523993247,940342.4162044851,981818.1818181818,1000000.0,0.0,0.0,0.0,0.0,0.0,0.0,0.0,0.0,0.0,0.0,0.0,0.0,0.0,0.0,0.0,0.0,0.0,0.0,0.0,0.0,0.0,0.0,0.0,0.0,0.0,0.0,0.0,0.0,0.0,0.0,0.0,0.0,0.0,0.0,0.0,0.0,0.0,0.0,96.4552688690621,144.68290330359284,241.13817217265407,482.27634434531,1109.2355919942117,2122.0159151193625,4774.535809018565,9790.2097902098,26428.743670122974,46491.43959488789,102580.17844224731,191511.9363395225,358717.14492404147,478803.9546660236,677598.2638051603,820062.6959247648,941355.1965276102,977284.7841813358,995418.3747287195,998697.8538702676,999469.4960212201,999565.9512900892,999662.4065589582,999662.4065589582,999710.6341933928,1000000.0,0.0,0.0,0.0,0.0,0.0,0.0,0.0,0.0,0.0,0.0,0.0,0.0,0.0,0.0,0.0,0.0,0.0,0.0,0.0,0.0,0.0,0.0,0.0,0.0,0.0,0.0,0.0,0.0,0.0,0.0,0.0,0.0,0.0,0.0,0.0,0.0,0.0,0.0,0.0,0.0,0.0,0.0,0.0,0.0,0.0,0.0,0.0,0.0,0.0,0.0,0.0,0.0,0.0,0.0,0.0,0.0,0.0,0.0,0.0,0.0,0.0,144.68290330359284,289.36580660718624,1000000.0
FLINT,MAGNUM03,F,na,na,na,na,2025_03_11-09_22_56,na,0,65,Yes,1,na,0.0,96.4552688690621,0.0,44.5,44.0,29.0,,,,0.0,96.4552688690621,0.0,44.5,44.0,29.0,44.0,-9.0,12.0,38.0,-12.0,10.0,31.0,-15.0,8.0,27.0,-16.0,7.0,21.0,-17.0,5.0,17.0,-18.0,4.0,18.0,-17.0,5.0,16.0,60.0,60.0,51.0,51.0,63.0,20.0,58.0,61.0,49.0,53.0,63.0,25.0,56.0,63.0,48.0,55.0,63.0,28.0,55.0,63.0,47.0,55.0,62.0,32.0,53.0,63.0,46.0,56.0,61.0,35.0,52.0,63.0,45.0,57.0,61.0,34.0,52.0,63.0,46.0,56.0,61.0,37.0,0.0,63.0,52.0,58.0,44.0,63.0,0.0,3.9099692700820077,1.7778099669379808,1.8443268777890118,0.4514529348713686,30.0,160.0,964.5526886906189,964.5526886906189,1061.0079575596806,1350.373764166866,1446.829033035929,2604.2922594646707,4822.763443453095,7619.966240655894,15529.298287918953,34000.48227634435,64046.298529057116,111888.11188811182,176657.824933687,281890.5232698336,392669.39956595126,460477.4535809018,591270.7981673499,692211.2370388233,773474.801061008,835157.945502773,881118.881118881,920424.4031830238,946853.1468531468,962864.7214854112,976561.3696648179,984856.5227875572,990113.3349409212,993778.6351579454,996093.561610803,997540.3906438388,998312.0327947914,998649.626235833,999083.6749457439,999373.040752351,999614.1789245236,999903.5447311308,999951.7723655654,1000000.0,1000000.0,1000000.0,1000000.0,1000000.0,1000000.0,1000000.0,1000000.0,1000000.0,1000000.0,1000000.0,1000000.0,1000000.0,1000000.0,1000000.0,1000000.0,1000000.0,1000000.0,1000000.0,1000000.0,1000000.0,1000000.0,1000000.0,1000000.0,1000000.0,1000000.0,1000000.0,0.0,0.0,0.0,0.0,0.0,0.0,0.0,0.0,0.0,0.0,0.0,0.0,0.0,0.0,0.0,0.0,0.0,0.0,0.0,0.0,0.0,0.0,0.0,0.0,0.0,0.0,0.0,0.0,0.0,0.0,0.0,0.0,0.0,0.0,0.0,0.0,0.0,0.0,0.0,0.0,0.0,0.0,0.0,0.0,0.0,0.0,0.0,0.0,0.0,0.0,0.0,0.0,578.7316132143711,1929.1053773812387,5739.088497709187,15384.615384615381,53243.30841572216,130889.79985531706,308126.3564022184,475765.61369664816,712997.347480106,875862.0689655172,971449.2404147575,1000000.0,0.0,0.0,0.0,0.0,0.0,0.0,0.0,0.0,0.0,0.0,0.0,0.0,0.0,0.0,0.0,0.0,0.0,0.0,0.0,0.0,0.0,0.0,0.0,0.0,0.0,0.0,0.0,0.0,0.0,0.0,0.0,0.0,0.0,0.0,0.0,0.0,0.0,0.0,0.0,0.0,0.0,0.0,0.0,0.0,144.68290330359284,530.5039787798403,5931.999035447306,18760.549795032555,76730.16638533879,193103.44827586206,415529.29828791897,576030.8656860382,774776.9471907403,896985.7728478418,976030.865686038,994743.187846636,999662.4065589582,1000000.0,1000000.0,1000000.0,1000000.0,1000000.0,1000000.0,1000000.0,48.22763443453082,48.22763443453082,48.22763443453082,48.22763443453082,48.22763443453082,48.22763443453082,48.22763443453082,48.22763443453082,48.22763443453082,48.22763443453082,48.22763443453082,48.22763443453082,48.22763443453082,48.22763443453082,48.22763443453082,48.22763443453082,48.22763443453082,48.22763443453082,48.22763443453082,48.22763443453082,48.22763443453082,48.22763443453082,48.22763443453082,48.22763443453082,48.22763443453082,48.22763443453082,48.22763443453082,48.22763443453082,48.22763443453082,48.22763443453082,48.22763443453082,48.22763443453082,48.22763443453082,48.22763443453082,48.22763443453082,48.22763443453082,48.22763443453082,48.22763443453082,48.22763443453082,48.22763443453082,48.22763443453082,48.22763443453082,48.22763443453082,48.22763443453082,48.22763443453082,48.22763443453082,48.22763443453082,48.22763443453082,48.22763443453082,48.22763443453082,48.22763443453082,48.22763443453082,48.22763443453082,48.22763443453082,48.22763443453082,48.22763443453082,48.22763443453082,48.22763443453082,48.22763443453082,48.22763443453082,192.91053773812425,1736.1948396431121,6800.096455268857,1000000.0
FLINT,MAGNUM03,F,na,na,na,na,2025_03_11-09_22_56,na,0,66,Yes,1,na,48.22763443457198,0.0,96.4552688690621,39.0,28.0,62.0,,,,96.4552688690621,0.0,96.4552688690621,39.0,28.0,62.0,45.0,-7.0,12.0,37.0,-11.0,9.0,26.0,-16.0,7.0,17.0,-19.0,6.0,12.0,-22.0,5.0,6.0,-25.0,0.0,9.0,-24.0,4.0,13.0,58.0,58.0,51.0,51.0,63.0,18.0,55.0,60.0,49.0,54.0,63.0,26.0,52.0,62.0,46.0,56.0,63.0,32.0,49.0,63.0,44.0,57.0,63.0,35.0,47.0,63.0,41.0,58.0,63.0,38.0,44.0,63.0,38.0,63.0,63.0,36.0,45.0,63.0,39.0,59.0,63.0,39.0,0.0,63.0,39.0,63.0,28.0,63.0,62.0,4.823401255366061,2.5968844780387506,2.5344294801713,0.012027260486178193,30.0,160.0,916.3250542560885,1495.056667470457,2748.975162768264,4919.218712322153,7861.104412828547,16252.71280443696,28550.759585242326,48565.227875572695,82903.30359295872,142319.74921630096,216542.07861104413,303014.2271521581,398360.2604292259,501808.53629129485,594502.0496744635,646925.4883047986,733638.7750180853,796190.0168796721,843019.0499156016,879768.5073547142,908753.3156498673,931757.8972751385,948975.1627682662,959006.5107306485,969905.9561128526,976368.4591270798,981384.133108271,984615.3846153845,987460.8150470218,989823.9691343139,990981.4323607427,992187.123221606,994791.4154810706,996431.1550518447,997636.845912708,998890.7644080058,999662.4065589582,999855.3170966964,999951.7723655654,1000000.0,1000000.0,1000000.0,1000000.0,1000000.0,1000000.0,1000000.0,1000000.0,1000000.0,1000000.0,1000000.0,1000000.0,1000000.0,1000000.0,1000000.0,1000000.0,1000000.0,1000000.0,1000000.0,1000000.0,1000000.0,1000000.0,1000000.0,1000000.0,1000000.0,0.0,0.0,0.0,0.0,0.0,0.0,0.0,0.0,0.0,0.0,0.0,0.0,0.0,0.0,0.0,0.0,0.0,0.0,0.0,0.0,0.0,0.0,0.0,0.0,0.0,0.0,0.0,0.0,0.0,0.0,0.0,0.0,0.0,0.0,0.0,0.0,0.0,0.0,0.0,96.4552688690621,96.4552688690621,144.68290330359284,192.91053773812425,192.91053773812425,482.27634434531,578.7316132143711,1157.4632264287443,1687.967205208584,3665.3002170243526,6800.096455268857,11863.998070894622,18181.818181818162,33084.15722208825,57583.79551482999,108656.86038099836,171352.7851458886,301615.6257535567,444803.4723896793,630238.726790451,749264.5285748733,879141.5481070655,942078.6110441283,981335.9054738365,1000000.0,0.0,0.0,0.0,0.0,0.0,0.0,0.0,0.0,0.0,0.0,0.0,0.0,0.0,0.0,0.0,0.0,0.0,0.0,0.0,0.0,0.0,0.0,0.0,0.0,0.0,0.0,0.0,0.0,48.22763443453082,48.22763443453082,48.22763443453082,48.22763443453082,48.22763443453082,48.22763443453082,48.22763443453082,48.22763443453082,48.22763443453082,144.68290330359284,289.36580660718624,578.7316132143711,1205.690860863273,2025.5606462503029,3809.9831203279427,6124.909573185426,12249.819146370864,20593.199903544737,43597.78152881599,73016.63853387989,141114.0583554377,237665.78249336866,404822.76344345306,531034.4827586206,707161.8037135277,832843.0190499155,937352.3028695441,970966.9640704123,991608.3916083915,997009.886665059,999228.3578490474,999614.1789245236,999710.6341933928,999710.6341933928,999710.6341933928,1000000.0,0.0,0.0,0.0,0.0,0.0,0.0,0.0,0.0,0.0,0.0,0.0,0.0,0.0,0.0,0.0,0.0,0.0,0.0,0.0,0.0,0.0,0.0,0.0,0.0,0.0,0.0,0.0,0.0,0.0,0.0,0.0,0.0,0.0,0.0,0.0,0.0,0.0,0.0,0.0,0.0,0.0,0.0,0.0,0.0,0.0,0.0,0.0,0.0,0.0,0.0,0.0,0.0,0.0,0.0,0.0,0.0,0.0,0.0,0.0,0.0,0.0,0.0,144.68290330359284,1000000.0
FLINT,MAGNUM03,F,na,na,na,na,2025_03_11-09_22_56,na,0,67,Yes,1,na,0.0,0.0,0.0,42.5,40.0,59.5,,,,0.0,0.0,0.0,42.5,40.0,59.5,42.0,-6.0,12.0,36.0,-10.0,10.0,29.0,-13.0,8.0,24.0,-16.0,7.0,17.0,-16.0,6.0,12.0,-19.0,3.0,14.0,-18.0,5.0,15.0,57.0,57.0,51.0,51.0,63.0,19.0,55.0,59.0,49.0,53.0,63.0,24.0,53.0,61.0,48.0,55.0,63.0,28.0,52.0,62.0,46.0,56.0,63.0,33.0,50.0,62.0,46.0,57.0,63.0,36.0,48.0,63.0,44.0,58.0,61.0,35.0,49.0,63.0,45.0,57.0,62.0,39.0,0.0,63.0,46.0,58.0,40.0,63.0,61.0,3.9070605285734064,2.0332225833765416,1.9422911397374554,0.044449793071227914,30.0,160.0,723.414516517964,723.414516517964,723.414516517964,819.8697853870253,1205.690860863273,2411.3817217265464,4870.991077887631,7957.559681697602,17988.907644080045,37472.8719556306,74367.01229804677,124620.20737882801,213166.14420062696,315215.8186640945,438196.28647214855,508222.8116710875,643453.0986255123,732577.7670605257,803279.479141548,850976.6095972992,895056.6674704605,929153.6050156739,954714.2512659753,966433.5664335664,978683.3855799373,985724.6202073788,990450.9283819628,993055.2206414274,994984.3260188088,996816.9761273209,997636.845912708,998022.6669881842,998456.7156980949,998794.3091391367,999324.8131179166,999662.4065589582,999951.7723655654,1000000.0,1000000.0,1000000.0,1000000.0,1000000.0,1000000.0,1000000.0,1000000.0,1000000.0,1000000.0,1000000.0,1000000.0,1000000.0,1000000.0,1000000.0,1000000.0,1000000.0,1000000.0,1000000.0,1000000.0,1000000.0,1000000.0,1000000.0,1000000.0,1000000.0,1000000.0,1000000.0,0.0,0.0,0.0,0.0,0.0,0.0,0.0,0.0,0.0,0.0,0.0,0.0,0.0,0.0,0.0,0.0,0.0,0.0,0.0,0.0,0.0,0.0,0.0,0.0,0.0,0.0,0.0,0.0,0.0,0.0,0.0,0.0,0.0,0.0,0.0,0.0,0.0,0.0,0.0,0.0,0.0,0.0,0.0,0.0,0.0,0.0,96.4552688690621,144.68290330359284,385.82107547624787,1012.7803231251486,2507.836990595609,5449.72269110199,17024.354955389445,40221.84711839883,109187.3643597781,192090.66795273687,382782.73450687237,568555.5823486857,772124.427296841,874511.6952013501,964600.9163250541,991222.5705329153,999035.4473113093,1000000.0,0.0,0.0,0.0,0.0,0.0,0.0,0.0,0.0,0.0,0.0,0.0,0.0,0.0,0.0,0.0,0.0,0.0,0.0,0.0,0.0,0.0,0.0,0.0,0.0,0.0,0.0,0.0,0.0,0.0,0.0,0.0,0.0,0.0,0.0,0.0,0.0,0.0,0.0,0.0,0.0,48.22763443453082,48.22763443453082,96.4552688690621,144.68290330359284,434.04870991077877,1205.690860863273,7234.145165179647,18905.23269833615,72486.13455510004,180130.21461297324,387460.8150470219,535519.6527610321,734651.5553412106,862454.7865927175,963346.9978297565,989341.6927899687,998504.9433325295,999807.0894622619,1000000.0,1000000.0,1000000.0,1000000.0,1000000.0,1000000.0,0.0,0.0,0.0,0.0,0.0,0.0,0.0,0.0,0.0,0.0,0.0,0.0,0.0,0.0,0.0,0.0,0.0,0.0,0.0,0.0,0.0,0.0,0.0,0.0,0.0,0.0,0.0,0.0,0.0,0.0,0.0,0.0,0.0,0.0,0.0,0.0,0.0,0.0,0.0,0.0,0.0,0.0,0.0,0.0,0.0,0.0,0.0,0.0,0.0,0.0,0.0,0.0,0.0,0.0,0.0,0.0,0.0,0.0,0.0,0.0,0.0,385.82107547624787,819.8697853870253,1000000.0
FLINT,MAGNUM03,F,na,na,na,na,2025_03_11-09_22_56,na,0,68,Yes,1,na,0.0,96.4552688690621,48.22763443453082,43.0,42.0,0.0,,,,0.0,96.4552688690621,48.22763443453082,43.0,42.0,0.0,43.0,-8.0,12.0,37.0,-12.0,10.0,29.0,-15.0,9.0,23.0,-17.0,8.0,15.0,-19.0,7.0,11.0,-20.0,4.0,13.0,-19.0,7.0,16.0,59.0,59.0,51.0,51.0,63.0,20.0,57.0,61.0,49.0,53.0,63.0,25.0,54.0,62.0,47.0,54.0,63.0,30.0,53.0,63.0,46.0,55.0,63.0,36.0,51.0,63.0,44.0,56.0,63.0,38.0,49.0,63.0,43.0,57.0,61.0,37.0,50.0,63.0,44.0,56.0,63.0,40.0,0.0,63.0,46.0,58.0,42.0,63.0,0.0,4.079524669277284,2.0559680270175242,1.9511708021044407,0.6206251204418467,30.0,160.0,868.0974198215577,964.5526886906189,1109.2355919942117,1350.373764166866,1784.4224740776426,2893.6580660718573,4726.3081745840345,7330.600434048703,17120.81022425849,33566.43356643356,69158.4277791174,115264.04629852905,200868.09741982154,304219.91801302147,427007.47528333735,491150.22908126353,629949.3609838437,717964.7938268627,793923.3180612491,839064.38389197,888497.7091873643,923076.923076923,948203.5206173137,960742.7055702917,972896.0694477935,980467.8080540149,985531.7096696406,988328.9124668434,990740.29418857,992862.3101036893,994405.5944055944,994791.4154810706,996479.3826862792,997154.5695683626,997926.211719315,998312.0327947914,998938.9920424403,999565.9512900892,999903.5447311308,1000000.0,1000000.0,1000000.0,1000000.0,1000000.0,1000000.0,1000000.0,1000000.0,1000000.0,1000000.0,1000000.0,1000000.0,1000000.0,1000000.0,1000000.0,1000000.0,1000000.0,1000000.0,1000000.0,1000000.0,1000000.0,1000000.0,1000000.0,1000000.0,1000000.0,0.0,0.0,0.0,0.0,0.0,0.0,0.0,0.0,0.0,0.0,0.0,0.0,0.0,0.0,0.0,0.0,0.0,0.0,0.0,0.0,0.0,0.0,0.0,0.0,0.0,0.0,0.0,0.0,0.0,0.0,0.0,0.0,0.0,0.0,0.0,0.0,0.0,0.0,0.0,0.0,0.0,0.0,0.0,0.0,0.0,0.0,48.22763443453082,48.22763443453082,144.68290330359284,241.13817217265407,675.1868820834334,1687.967205208584,3809.9831203279427,9211.4781769954,27345.068724379063,56522.787557270334,141403.42416204495,272341.45165179647,473740.05305039784,627200.3858210754,811478.1769954185,918639.9807089461,978779.8408488063,1000000.0,0.0,0.0,0.0,0.0,0.0,0.0,0.0,0.0,0.0,0.0,0.0,0.0,0.0,0.0,0.0,0.0,0.0,0.0,0.0,0.0,0.0,0.0,0.0,0.0,0.0,0.0,0.0,0.0,0.0,0.0,0.0,0.0,0.0,0.0,0.0,0.0,0.0,0.0,0.0,0.0,0.0,0.0,144.68290330359284,337.59344104171646,1398.601398601398,3472.38967928623,14854.111405835532,36653.002170243504,115408.72920183266,249288.64239209064,481215.33638775017,623727.9961417892,805208.5845189292,911936.3395225464,979792.6211719314,995032.5536532432,999614.1789245236,999951.7723655654,1000000.0,1000000.0,1000000.0,1000000.0,1000000.0,1000000.0,96.4552688690621,96.4552688690621,96.4552688690621,96.4552688690621,96.4552688690621,96.4552688690621,96.4552688690621,96.4552688690621,96.4552688690621,96.4552688690621,96.4552688690621,96.4552688690621,96.4552688690621,96.4552688690621,96.4552688690621,96.4552688690621,96.4552688690621,96.4552688690621,96.4552688690621,96.4552688690621,96.4552688690621,96.4552688690621,96.4552688690621,96.4552688690621,96.4552688690621,96.4552688690621,96.4552688690621,96.4552688690621,96.4552688690621,96.4552688690621,96.4552688690621,96.4552688690621,96.4552688690621,96.4552688690621,96.4552688690621,96.4552688690621,96.4552688690621,96.4552688690621,96.4552688690621,96.4552688690621,96.4552688690621,96.4552688690621,96.4552688690621,96.4552688690621,96.4552688690621,96.4552688690621,96.4552688690621,96.4552688690621,96.4552688690621,96.4552688690621,96.4552688690621,96.4552688690621,96.4552688690621,96.4552688690621,96.4552688690621,96.4552688690621,96.4552688690621,96.4552688690621,144.68290330359284,144.68290330359284,192.91053773812425,337.59344104171646,530.5039787798403,1000000.0
FLINT,MAGNUM03,F,na,na,na,na,2025_03_11-09_22_56,na,0,69,Yes,1,na,0.0,0.0,0.0,44.5,39.0,0.0,,,,0.0,0.0,0.0,44.5,39.0,0.0,46.0,-9.0,12.0,39.0,-13.0,10.0,29.0,-17.0,8.0,21.0,-18.0,7.0,14.0,-20.0,6.0,9.0,-22.0,3.0,12.0,-21.0,6.0,14.0,60.0,60.0,51.0,51.0,63.0,19.0,58.0,62.0,49.0,53.0,63.0,26.0,55.0,63.0,46.0,55.0,63.0,32.0,53.0,63.0,45.0,56.0,63.0,37.0,51.0,63.0,43.0,57.0,63.0,40.0,49.0,63.0,41.0,59.0,62.0,38.0,50.0,63.0,42.0,57.0,63.0,41.0,0.0,63.0,48.0,63.0,39.0,63.0,0.0,4.547169127581864,2.118640304977833,2.164905520511373,0.4379280533429914,30.0,160.0,771.6421509524955,916.3250542560885,1205.690860863273,1350.373764166866,2990.1133349409165,6028.454304316367,12298.046780805396,19676.87484928863,45141.065830721025,82276.34434530995,145213.40728237276,211671.0875331565,316132.14371835056,423438.630335182,534651.5553412104,587943.0913913673,700361.707258259,770388.2324571979,829370.6293706293,866650.5907885218,902435.4955389438,928237.2799614178,947528.3337352304,956932.7224499638,968217.988907644,975018.0853629129,981191.2225705328,984711.8398842536,987943.0913913671,989968.6520376175,991753.0745116952,992283.578490475,994212.6838678562,995225.4641909814,996527.6103207137,997443.9353749697,998408.4880636605,998890.7644080058,999710.6341933928,999807.0894622619,1000000.0,1000000.0,1000000.0,1000000.0,1000000.0,1000000.0,1000000.0,1000000.0,1000000.0,1000000.0,1000000.0,1000000.0,1000000.0,1000000.0,1000000.0,1000000.0,1000000.0,1000000.0,1000000.0,1000000.0,1000000.0,1000000.0,1000000.0,1000000.0,0.0,0.0,0.0,0.0,0.0,0.0,0.0,0.0,0.0,0.0,0.0,0.0,0.0,0.0,0.0,0.0,0.0,0.0,0.0,0.0,0.0,0.0,0.0,0.0,0.0,0.0,0.0,0.0,0.0,0.0,0.0,0.0,0.0,0.0,0.0,0.0,0.0,0.0,0.0,0.0,0.0,0.0,0.0,0.0,0.0,0.0,0.0,0.0,96.4552688690621,289.36580660718624,819.8697853870253,1543.2843019049903,3086.56860380998,6366.047745358085,16300.940438871463,27393.29635881359,67036.41186399803,130841.57222088255,268917.2896069448,397443.93537496985,608198.6978538702,764070.4123462745,901278.0323125151,1000000.0,0.0,0.0,0.0,0.0,0.0,0.0,0.0,0.0,0.0,0.0,0.0,0.0,0.0,0.0,0.0,0.0,0.0,0.0,0.0,0.0,0.0,0.0,0.0,0.0,0.0,0.0,0.0,0.0,0.0,0.0,0.0,0.0,0.0,0.0,0.0,0.0,0.0,0.0,0.0,48.22763443453082,144.68290330359284,385.82107547624787,868.0974198215577,1495.056667470457,4533.397636845913,9983.120327947918,24547.86592717626,45671.569809500856,125006.02845430431,232167.83216783215,426766.3371111647,556980.9500843983,758138.4133108271,875476.2478900411,965951.2900892211,987412.5874125873,998022.6669881842,999662.4065589582,999855.3170966964,999951.7723655654,999951.7723655654,999951.7723655654,1000000.0,1000000.0,48.22763443453082,48.22763443453082,48.22763443453082,48.22763443453082,48.22763443453082,48.22763443453082,48.22763443453082,48.22763443453082,48.22763443453082,48.22763443453082,48.22763443453082,48.22763443453082,48.22763443453082,48.22763443453082,48.22763443453082,48.22763443453082,48.22763443453082,48.22763443453082,48.22763443453082,48.22763443453082,48.22763443453082,48.22763443453082,48.22763443453082,48.22763443453082,48.22763443453082,48.22763443453082,48.22763443453082,48.22763443453082,48.22763443453082,48.22763443453082,48.22763443453082,48.22763443453082,48.22763443453082,48.22763443453082,48.22763443453082,48.22763443453082,48.22763443453082,48.22763443453082,48.22763443453082,48.22763443453082,48.22763443453082,48.22763443453082,48.22763443453082,48.22763443453082,48.22763443453082,48.22763443453082,48.22763443453082,48.22763443453082,48.22763443453082,48.22763443453082,48.22763443453082,48.22763443453082,48.22763443453082,48.22763443453082,48.22763443453082,48.22763443453082,48.22763443453082,48.22763443453082,48.22763443453082,48.22763443453082,48.22763443453082,96.4552688690621,289.36580660718624,1000000.0
FLINT,MAGNUM03,F,na,na,na,na,2025_03_11-09_22_56,na,0,70,Yes,1,na,0.0,48.22763443453082,0.0,40.5,42.0,59.0,,,,0.0,48.22763443453082,0.0,40.5,42.0,59.0,37.0,-6.0,12.0,31.0,-10.0,10.0,24.0,-14.0,8.0,19.0,-16.0,7.0,16.0,-18.0,5.0,10.0,-20.0,2.0,14.0,-20.0,4.0,20.0,57.0,57.0,51.0,51.0,63.0,24.0,55.0,59.0,49.0,53.0,63.0,29.0,53.0,61.0,47.0,55.0,63.0,32.0,51.0,62.0,46.0,56.0,63.0,34.0,50.0,62.0,44.0,57.0,62.0,36.0,46.0,63.0,43.0,58.0,60.0,34.0,48.0,63.0,43.0,57.0,61.0,37.0,0.0,63.0,44.0,58.0,42.0,63.0,60.0,4.8400160707569695,2.0483758011165865,1.9792931853157698,0.09970707060387572,30.0,160.0,4436.942367976849,5160.356884494808,5980.226669881832,6751.868820834333,8729.201832650102,10947.673016638537,13310.827103930547,14950.566674704614,19580.419580419588,24547.86592717626,32408.970340004777,41909.81432360741,58885.94164456233,80395.46660236313,115408.72920183266,139619.00168796725,214661.20086809737,280395.46660236316,368266.2165420786,442199.1801302146,545116.9520135038,636653.0021702435,726211.7193151676,782541.5963346998,850976.6095972992,891053.7738123945,928574.8734024595,949891.4878225223,969134.3139619001,980853.6291294912,988666.5059078851,990643.8389197009,997685.0735471424,998697.8538702676,999565.9512900892,999807.0894622619,999951.7723655654,1000000.0,1000000.0,1000000.0,1000000.0,1000000.0,1000000.0,1000000.0,1000000.0,1000000.0,1000000.0,1000000.0,1000000.0,1000000.0,1000000.0,1000000.0,1000000.0,1000000.0,1000000.0,1000000.0,1000000.0,1000000.0,1000000.0,1000000.0,1000000.0,1000000.0,1000000.0,1000000.0,0.0,0.0,0.0,0.0,0.0,0.0,0.0,0.0,0.0,0.0,0.0,0.0,0.0,0.0,0.0,0.0,0.0,0.0,0.0,0.0,0.0,0.0,0.0,0.0,0.0,0.0,0.0,0.0,0.0,0.0,0.0,0.0,0.0,0.0,0.0,0.0,0.0,0.0,0.0,0.0,0.0,0.0,0.0,0.0,48.22763443453082,96.4552688690621,241.13817217265407,337.59344104171646,819.8697853870253,1350.373764166866,3568.844948155295,8102.242585001196,21268.386785628147,51169.520135037375,132481.31179165657,234916.8073306004,439160.83916083915,622522.3052809259,808729.20183265,900988.6665059077,974873.4024596093,993537.4969857727,999035.4473113093,1000000.0,0.0,0.0,0.0,0.0,0.0,0.0,0.0,0.0,0.0,0.0,0.0,0.0,0.0,0.0,0.0,0.0,0.0,0.0,0.0,0.0,0.0,0.0,0.0,0.0,0.0,0.0,0.0,0.0,0.0,0.0,0.0,0.0,0.0,0.0,0.0,0.0,0.0,0.0,0.0,0.0,0.0,0.0,96.4552688690621,578.7316132143711,1543.2843019049903,3520.617313720762,12490.957318543524,29901.13334940919,99445.38220400289,214371.83506149027,432891.2466843501,585821.0754762478,783361.4661200867,888160.1157463226,968748.4928864238,989775.7414998794,998649.626235833,999807.0894622619,1000000.0,1000000.0,1000000.0,1000000.0,1000000.0,1000000.0,0.0,0.0,0.0,0.0,0.0,0.0,0.0,0.0,0.0,0.0,0.0,0.0,0.0,0.0,0.0,0.0,0.0,0.0,0.0,0.0,0.0,0.0,0.0,0.0,0.0,0.0,0.0,0.0,0.0,0.0,0.0,0.0,0.0,0.0,0.0,0.0,0.0,0.0,0.0,0.0,0.0,0.0,0.0,0.0,0.0,0.0,0.0,0.0,0.0,0.0,0.0,0.0,0.0,0.0,0.0,0.0,0.0,0.0,0.0,0.0,289.36580660718624,1205.690860863273,4919.218712322153,1000000.0
FLINT,MAGNUM03,F,na,na,na,na,2025_03_11-09_22_56,na,0,71,Yes,1,na,0.0,0.0,0.0,41.0,38.0,61.5,,,,0.0,0.0,0.0,41.0,38.0,61.5,49.0,-8.0,12.0,39.0,-12.0,10.0,27.0,-17.0,8.0,20.0,-18.0,7.0,15.0,-20.0,6.0,9.0,-22.0,5.0,12.0,-21.0,6.0,10.0,59.0,59.0,51.0,51.0,63.0,18.0,57.0,61.0,49.0,53.0,63.0,27.0,54.0,63.0,46.0,55.0,63.0,31.0,51.0,63.0,45.0,56.0,63.0,34.0,49.0,63.0,43.0,57.0,63.0,38.0,47.0,63.0,41.0,58.0,63.0,36.0,48.0,63.0,42.0,57.0,63.0,39.0,0.0,63.0,43.0,60.0,38.0,63.0,63.0,7.6937561328775885,2.3971971384847754,2.141543065135801,0.0,30.0,160.0,153508.5604051122,186978.5387026766,224113.8172172655,257294.4297082228,295153.1227393296,335037.37641668675,377718.83289124665,408970.34000482276,457487.3402459609,497130.4557511454,540631.7820110923,576995.4183747286,623245.719797444,666554.1355196527,715456.9568362671,741306.9688931757,791849.5297805642,824789.0040993489,855510.0072341452,878032.3125150711,902821.3166144199,921919.4598504943,938557.9937304074,948589.3416927899,960983.8437424643,968796.7205208584,975500.3617072582,980564.263322884,986737.400530504,990258.0178442247,993103.448275862,994212.6838678562,997154.5695683626,998215.5775259222,998938.9920424403,999324.8131179166,999662.4065589582,999855.3170966964,1000000.0,1000000.0,1000000.0,1000000.0,1000000.0,1000000.0,1000000.0,1000000.0,1000000.0,1000000.0,1000000.0,1000000.0,1000000.0,1000000.0,1000000.0,1000000.0,1000000.0,1000000.0,1000000.0,1000000.0,1000000.0,1000000.0,1000000.0,1000000.0,1000000.0,1000000.0,0.0,0.0,0.0,0.0,0.0,0.0,0.0,0.0,0.0,0.0,0.0,0.0,0.0,0.0,0.0,0.0,0.0,0.0,0.0,0.0,0.0,0.0,0.0,0.0,0.0,0.0,0.0,0.0,0.0,0.0,0.0,0.0,0.0,0.0,0.0,0.0,0.0,0.0,0.0,0.0,0.0,0.0,0.0,48.22763443453082,96.4552688690621,96.4552688690621,192.91053773812425,337.59344104171646,964.5526886906189,1543.2843019049903,3809.9831203279427,7089.462261876058,12876.778394019768,20255.606462503023,41089.94453822035,67904.50928381959,140390.64383891964,234965.03496503495,407041.23462744144,542512.659754039,726356.4022184712,846925.4883047986,941017.6030865685,1000000.0,0.0,0.0,0.0,0.0,0.0,0.0,0.0,0.0,0.0,0.0,0.0,0.0,0.0,0.0,0.0,0.0,0.0,0.0,0.0,0.0,0.0,0.0,0.0,0.0,0.0,0.0,0.0,0.0,0.0,0.0,0.0,0.0,0.0,0.0,0.0,0.0,0.0,0.0,48.22763443453082,96.4552688690621,144.68290330359284,482.27634434531,1109.2355919942117,1784.4224740776426,4436.942367976849,9500.843983602605,25850.012056908607,48613.455510007225,130600.4340487098,243935.37496985774,447841.81335905474,585869.3031106824,775693.2722449963,889172.8960694479,969954.1837472871,989148.7822522304,998649.626235833,999662.4065589582,1000000.0,1000000.0,1000000.0,1000000.0,1000000.0,1000000.0,0.0,0.0,0.0,0.0,0.0,0.0,0.0,0.0,0.0,0.0,0.0,0.0,0.0,0.0,0.0,0.0,0.0,0.0,0.0,0.0,0.0,0.0,0.0,0.0,0.0,0.0,0.0,0.0,0.0,0.0,0.0,0.0,0.0,0.0,0.0,0.0,0.0,0.0,0.0,0.0,0.0,0.0,0.0,0.0,0.0,0.0,0.0,0.0,0.0,0.0,0.0,0.0,0.0,0.0,0.0,0.0,0.0,0.0,0.0,0.0,0.0,0.0,0.0,1000000.0
FLINT,MAGNUM03,F,na,na,na,na,2025_03_11-09_22_56,na,0,72,Yes,1,na,0.0,96.4552688690621,0.0,42.0,42.0,59.0,,,,0.0,96.4552688690621,0.0,42.0,42.0,59.0,47.0,-7.0,12.0,36.0,-11.0,10.0,25.0,-15.0,8.0,20.0,-17.0,7.0,16.0,-18.0,6.0,10.0,-20.0,3.0,13.0,-19.0,5.0,11.0,58.0,58.0,51.0,51.0,63.0,20.0,56.0,60.0,49.0,53.0,63.0,28.0,53.0,62.0,47.0,55.0,63.0,32.0,52.0,63.0,46.0,56.0,63.0,34.0,50.0,63.0,45.0,56.0,62.0,36.0,46.0,63.0,43.0,58.0,61.0,35.0,48.0,63.0,44.0,57.0,62.0,40.0,0.0,63.0,44.0,58.0,42.0,63.0,60.0,7.975469921569116,2.1910019769889053,1.9802990452343912,0.07689792746599318,30.0,160.0,137882.8068483241,166819.38750904263,197299.25247166623,224789.00409934888,263419.33928140823,297805.6426332288,336001.92910537735,363009.40438871464,410417.16903785866,451700.0241138172,494960.21220159146,530118.1577043645,572847.8418133591,615673.9811912226,661152.6404629853,682855.0759585242,736725.3436218953,776079.0933204726,813889.5587171449,840414.757656137,871955.6305763202,895249.5780081986,917096.696407041,931516.7591029659,947287.1955630577,959102.9659995177,970050.6390161562,976513.1420303833,983988.4253677357,988232.4571979743,991897.7574149987,992814.0824692548,997299.2524716662,998649.626235833,999421.2683867855,999662.4065589582,999903.5447311308,999903.5447311308,1000000.0,1000000.0,1000000.0,1000000.0,1000000.0,1000000.0,1000000.0,1000000.0,1000000.0,1000000.0,1000000.0,1000000.0,1000000.0,1000000.0,1000000.0,1000000.0,1000000.0,1000000.0,1000000.0,1000000.0,1000000.0,1000000.0,1000000.0,1000000.0,1000000.0,1000000.0,0.0,0.0,0.0,0.0,0.0,0.0,0.0,0.0,0.0,0.0,0.0,0.0,0.0,0.0,0.0,0.0,0.0,0.0,0.0,0.0,0.0,0.0,0.0,0.0,0.0,0.0,0.0,0.0,0.0,0.0,0.0,0.0,0.0,0.0,0.0,0.0,0.0,0.0,0.0,0.0,0.0,0.0,0.0,0.0,48.22763443453082,144.68290330359284,241.13817217265407,337.59344104171646,578.7316132143711,1350.373764166866,3134.7962382445157,5353.267422232942,12876.778394019768,24981.91463708706,59271.762720038605,109621.41306968892,236556.54690137444,390692.0665541355,597202.7972027971,730311.0682421026,885362.9129491198,954762.4789004099,988907.6440800579,1000000.0,0.0,0.0,0.0,0.0,0.0,0.0,0.0,0.0,0.0,0.0,0.0,0.0,0.0,0.0,0.0,0.0,0.0,0.0,0.0,0.0,0.0,0.0,0.0,0.0,0.0,0.0,0.0,0.0,0.0,0.0,0.0,0.0,0.0,0.0,0.0,0.0,0.0,0.0,0.0,0.0,0.0,0.0,144.68290330359284,289.36580660718624,1012.7803231251486,3279.479141548107,12442.729684109,28164.938509766103,92886.42392090667,211188.81118881112,429370.6293706294,574101.7603086568,767928.6231010369,879479.1415481071,968796.7205208584,991608.3916083915,999276.585483482,999855.3170966964,1000000.0,1000000.0,1000000.0,1000000.0,1000000.0,1000000.0,0.0,0.0,0.0,0.0,0.0,0.0,0.0,0.0,0.0,0.0,0.0,0.0,0.0,0.0,0.0,0.0,0.0,0.0,0.0,0.0,0.0,0.0,0.0,0.0,0.0,0.0,0.0,0.0,0.0,0.0,0.0,0.0,0.0,0.0,0.0,0.0,0.0,0.0,0.0,0.0,0.0,0.0,0.0,0.0,0.0,0.0,0.0,0.0,0.0,0.0,0.0,0.0,0.0,0.0,0.0,0.0,0.0,0.0,0.0,0.0,144.68290330359284,530.5039787798403,3617.07258258982,1000000.0
FLINT,MAGNUM03,F,na,na,na,na,2025_03_11-09_22_56,na,0,73,Yes,1,na,48.22763443453082,0.0,385.8210754763569,40.0,34.0,62.0,,,,48.22763443453082,0.0,530.5039787799498,40.0,34.0,62.0,56.0,-9.0,12.0,41.0,-14.0,10.0,27.0,-18.0,8.0,20.0,-21.0,6.0,13.0,-23.0,4.0,5.0,-27.0,0.0,10.0,-25.0,3.0,4.0,60.0,60.0,51.0,51.0,63.0,16.0,57.0,62.0,48.0,53.0,63.0,26.0,53.0,63.0,45.0,55.0,63.0,30.0,50.0,63.0,42.0,57.0,63.0,35.0,48.0,63.0,40.0,59.0,63.0,37.0,42.0,63.0,36.0,63.0,63.0,36.0,46.0,63.0,38.0,60.0,63.0,40.0,0.0,63.0,40.0,63.0,34.0,63.0,60.0,7.808581078556743,2.613758918034419,2.650393494706385,0.024054520972356393,30.0,160.0,351193.6339522546,393923.3180612491,434579.2138895587,465300.2170243549,506149.02339040267,542898.4808295153,580323.1251507113,603183.023872679,642054.497226911,672003.8582107547,703689.4140342416,727996.1417892452,760115.7463226429,789100.554617796,816927.8996865203,829852.9057149746,858885.9416445622,877115.987460815,898384.3742464433,911695.2013503737,928478.4181335905,941306.968893176,951868.820834338,960019.2910537738,969230.7692307692,975741.4998794309,981094.7673016638,984229.5635399083,988184.22956354,991270.7981673499,993875.0904268145,994646.732577767,997251.0248372317,997926.211719315,998697.8538702676,999083.6749457439,999565.9512900892,999903.5447311308,1000000.0,1000000.0,1000000.0,1000000.0,1000000.0,1000000.0,1000000.0,1000000.0,1000000.0,1000000.0,1000000.0,1000000.0,1000000.0,1000000.0,1000000.0,1000000.0,1000000.0,1000000.0,1000000.0,1000000.0,1000000.0,1000000.0,1000000.0,1000000.0,1000000.0,1000000.0,0.0,0.0,0.0,0.0,0.0,0.0,0.0,0.0,0.0,0.0,0.0,0.0,0.0,0.0,0.0,0.0,0.0,0.0,0.0,0.0,0.0,0.0,0.0,0.0,0.0,0.0,0.0,0.0,0.0,0.0,0.0,0.0,0.0,0.0,0.0,0.0,0.0,0.0,0.0,0.0,96.4552688690621,144.68290330359284,241.13817217265407,241.13817217265407,337.59344104171646,530.5039787798403,1012.7803231251486,1302.1461297323344,2122.0159151193625,3520.617313720762,6414.2753797926125,8873.884735953696,16204.485170002381,25319.508078128747,45092.83819628649,66505.90788521817,119170.48468772601,190740.2941885701,323607.4270557029,439787.79840848804,623342.175066313,752544.0077164216,880395.4666023633,1000000.0,0.0,0.0,0.0,0.0,0.0,0.0,0.0,0.0,0.0,0.0,0.0,0.0,0.0,0.0,0.0,0.0,0.0,0.0,0.0,0.0,0.0,0.0,0.0,0.0,0.0,0.0,0.0,0.0,0.0,0.0,0.0,0.0,0.0,0.0,48.22763443453082,96.4552688690621,337.59344104171646,482.27634434531,819.8697853870253,1157.4632264287443,2025.5606462503029,3183.023872679041,6317.820110923553,10079.575596816969,20207.378828068486,35109.71786833856,68772.6067036412,102194.35736677118,189872.19676874846,304943.3325295394,482179.88907644077,602266.6988184229,770098.8666505908,871521.5818664095,954569.5683626716,979985.5317096696,992524.7166626477,996913.43139619,998697.8538702676,999180.1302146129,999614.1789245236,999614.1789245236,999710.6341933928,1000000.0,0.0,0.0,0.0,0.0,0.0,0.0,0.0,0.0,0.0,0.0,0.0,0.0,0.0,0.0,0.0,0.0,0.0,0.0,0.0,0.0,0.0,0.0,0.0,0.0,0.0,0.0,0.0,0.0,0.0,0.0,0.0,0.0,0.0,0.0,0.0,0.0,0.0,0.0,0.0,0.0,0.0,0.0,0.0,0.0,0.0,0.0,0.0,0.0,0.0,0.0,0.0,0.0,0.0,0.0,0.0,0.0,0.0,0.0,0.0,0.0,48.22763443453082,48.22763443453082,192.91053773812425,1000000.0
FLINT,MAGNUM03,F,na,na,na,na,2025_03_11-09_22_56,na,0,74,Yes,1,na,0.0,48.22763443453082,0.0,39.5,43.0,59.0,,,,0.0,48.22763443453082,0.0,39.5,43.0,59.0,41.0,-7.0,13.0,34.0,-10.0,10.0,23.0,-13.0,9.0,19.0,-15.0,8.0,16.0,-17.0,6.0,12.0,-19.0,4.0,15.0,-18.0,4.0,16.0,57.0,57.0,50.0,50.0,63.0,21.0,55.0,59.0,49.0,53.0,63.0,30.0,53.0,60.0,47.0,54.0,63.0,33.0,52.0,61.0,46.0,55.0,63.0,34.0,50.0,62.0,45.0,56.0,62.0,36.0,48.0,63.0,44.0,57.0,61.0,35.0,50.0,62.0,44.0,57.0,61.0,37.0,0.0,63.0,42.0,58.0,43.0,63.0,60.0,6.164301652226533,2.0089187033962395,1.8830142314869804,0.09599463006774536,30.0,160.0,55124.18615866897,57776.706052568086,60139.86013986011,61924.282613937714,64190.98143236073,66216.54207861106,68483.24089703396,70460.57390884974,76151.43477212443,85604.05112129249,104846.87726067027,132915.36050156743,179840.8488063661,264866.1683144442,367976.8507354714,426476.97130455746,553219.1945985049,645333.9763684592,729828.7918977574,773426.5734265735,825608.8738847359,865251.9893899204,893995.6595129009,911695.2013503737,929539.4260911501,942994.9360983843,953460.3327706775,960839.1608391608,968121.533638775,974535.8090185677,980901.8567639258,983602.6042922594,992283.578490475,996382.9274174101,998794.3091391367,999855.3170966964,1000000.0,1000000.0,1000000.0,1000000.0,1000000.0,1000000.0,1000000.0,1000000.0,1000000.0,1000000.0,1000000.0,1000000.0,1000000.0,1000000.0,1000000.0,1000000.0,1000000.0,1000000.0,1000000.0,1000000.0,1000000.0,1000000.0,1000000.0,1000000.0,1000000.0,1000000.0,1000000.0,1000000.0,0.0,0.0,0.0,0.0,0.0,0.0,0.0,0.0,0.0,0.0,0.0,0.0,0.0,0.0,0.0,0.0,0.0,0.0,0.0,0.0,0.0,0.0,0.0,0.0,0.0,0.0,0.0,0.0,0.0,0.0,0.0,0.0,0.0,0.0,0.0,0.0,0.0,0.0,0.0,0.0,0.0,0.0,48.22763443453082,48.22763443453082,48.22763443453082,48.22763443453082,96.4552688690621,96.4552688690621,337.59344104171646,530.5039787798403,2363.1540872920177,5497.950325536535,18374.728719556282,50446.105618519425,140487.0991077888,252278.75572703156,446780.805401495,627200.3858210754,819532.1919459851,910200.1446829032,978490.4750421991,995514.8299975885,999710.6341933928,1000000.0,0.0,0.0,0.0,0.0,0.0,0.0,0.0,0.0,0.0,0.0,0.0,0.0,0.0,0.0,0.0,0.0,0.0,0.0,0.0,0.0,0.0,0.0,0.0,0.0,0.0,0.0,0.0,0.0,0.0,0.0,0.0,0.0,0.0,0.0,0.0,0.0,0.0,0.0,0.0,0.0,0.0,0.0,0.0,96.4552688690621,675.1868820834334,2170.2435495538875,10899.44538220399,31347.96238244513,112418.61586689172,262792.38003375934,517144.9240414757,654400.7716421509,822329.3947431878,921051.3624306726,983506.1490233904,996816.9761273209,999517.7236556546,999951.7723655654,1000000.0,1000000.0,1000000.0,1000000.0,1000000.0,1000000.0,0.0,0.0,0.0,0.0,0.0,0.0,0.0,0.0,0.0,0.0,0.0,0.0,0.0,0.0,0.0,0.0,0.0,0.0,0.0,0.0,0.0,0.0,0.0,0.0,0.0,0.0,0.0,0.0,0.0,0.0,0.0,0.0,0.0,0.0,0.0,0.0,0.0,0.0,0.0,0.0,0.0,0.0,0.0,0.0,0.0,0.0,0.0,0.0,0.0,0.0,0.0,0.0,0.0,0.0,0.0,0.0,0.0,0.0,0.0,0.0,96.4552688690621,1109.2355919942117,5449.72269110199,1000000.0
FLINT,MAGNUM03,F,na,na,na,na,2025_03_11-09_22_56,na,0,75,Yes,1,na,0.0,0.0,0.0,42.0,40.0,59.0,,,,0.0,0.0,0.0,42.0,40.0,59.0,41.0,-7.0,13.0,34.0,-10.0,10.0,24.0,-13.0,9.0,19.0,-15.0,8.0,16.0,-17.0,6.0,13.0,-19.0,3.0,15.0,-18.0,4.0,16.0,57.0,57.0,50.0,50.0,63.0,20.0,54.0,59.0,49.0,53.0,63.0,28.0,52.0,60.0,47.0,54.0,63.0,32.0,51.0,61.0,46.0,55.0,63.0,34.0,50.0,62.0,45.0,56.0,62.0,35.0,48.0,63.0,44.0,57.0,60.0,34.0,49.0,63.0,45.0,57.0,61.0,37.0,0.0,63.0,47.0,58.0,40.0,63.0,60.0,5.590040897756056,2.0465695769594645,1.9064374744767303,0.08853209200682069,30.0,160.0,43067.27755003614,44224.7407764649,46009.16325054253,46973.715939233174,48709.910778876285,50349.65034965034,52326.983361466075,54979.5032553653,64239.20906679531,77984.08488063654,105473.83650831932,142271.52158186646,217603.08656860385,310682.42102724855,424210.27248613455,486279.23800337594,612298.0467808053,695780.0819869785,767976.8507354714,813744.8758138412,857921.3889558717,891680.7330600434,917386.0622136482,931082.7103930552,946419.0981432361,959151.1936339522,968314.4441765131,973474.8010610079,978972.7513865444,984326.0188087773,988425.3677357126,990306.2454786592,996575.8379551483,998408.4880636605,999662.4065589582,1000000.0,1000000.0,1000000.0,1000000.0,1000000.0,1000000.0,1000000.0,1000000.0,1000000.0,1000000.0,1000000.0,1000000.0,1000000.0,1000000.0,1000000.0,1000000.0,1000000.0,1000000.0,1000000.0,1000000.0,1000000.0,1000000.0,1000000.0,1000000.0,1000000.0,1000000.0,1000000.0,1000000.0,1000000.0,0.0,0.0,0.0,0.0,0.0,0.0,0.0,0.0,0.0,0.0,0.0,0.0,0.0,0.0,0.0,0.0,0.0,0.0,0.0,0.0,0.0,0.0,0.0,0.0,0.0,0.0,0.0,0.0,0.0,0.0,0.0,0.0,0.0,0.0,0.0,0.0,0.0,0.0,0.0,0.0,0.0,0.0,0.0,0.0,0.0,0.0,0.0,48.22763443453082,385.82107547624787,1205.690860863273,3954.6660236315374,7716.421509524954,24933.687002652507,64625.03014227154,164697.37159392328,274318.78466361226,487774.2946708464,663371.1116469738,839064.38389197,919170.484687726,981432.3607427055,995997.1063419338,999324.8131179166,1000000.0,0.0,0.0,0.0,0.0,0.0,0.0,0.0,0.0,0.0,0.0,0.0,0.0,0.0,0.0,0.0,0.0,0.0,0.0,0.0,0.0,0.0,0.0,0.0,0.0,0.0,0.0,0.0,0.0,0.0,0.0,0.0,0.0,0.0,0.0,0.0,0.0,0.0,0.0,0.0,0.0,48.22763443453082,48.22763443453082,48.22763443453082,48.22763443453082,434.04870991077877,1687.967205208584,10706.534844465874,29659.99517723655,115360.50156739814,260815.04702194358,506872.4379069206,648854.5936821799,822811.671087533,912322.1605980227,980323.1251507113,994598.5049433325,999373.040752351,999951.7723655654,1000000.0,1000000.0,1000000.0,1000000.0,1000000.0,1000000.0,0.0,0.0,0.0,0.0,0.0,0.0,0.0,0.0,0.0,0.0,0.0,0.0,0.0,0.0,0.0,0.0,0.0,0.0,0.0,0.0,0.0,0.0,0.0,0.0,0.0,0.0,0.0,0.0,0.0,0.0,0.0,0.0,0.0,0.0,0.0,0.0,0.0,0.0,0.0,0.0,0.0,0.0,0.0,0.0,0.0,0.0,0.0,0.0,0.0,0.0,0.0,0.0,0.0,0.0,0.0,0.0,0.0,0.0,0.0,0.0,289.36580660718624,964.5526886906189,3520.617313720762,1000000.0
FLINT,MAGNUM03,F,na,na,na,na,2025_03_11-09_22_56,na,0,76,Yes,1,na,0.0,289.36580660718624,48.22763443453082,42.0,42.0,61.0,,,,0.0,289.36580660718624,48.22763443453082,42.0,42.0,61.0,46.0,-9.0,12.0,37.0,-14.0,9.0,27.0,-16.0,7.0,21.0,-17.0,6.0,16.0,-19.0,5.0,11.0,-21.0,3.0,14.0,-19.0,4.0,14.0,60.0,60.0,51.0,51.0,63.0,21.0,58.0,63.0,49.0,54.0,63.0,29.0,56.0,63.0,47.0,56.0,63.0,33.0,54.0,63.0,46.0,57.0,63.0,36.0,52.0,63.0,44.0,58.0,63.0,38.0,49.0,63.0,42.0,59.0,62.0,36.0,50.0,63.0,44.0,58.0,62.0,38.0,0.0,63.0,46.0,61.0,42.0,63.0,61.0,7.2935350884624865,2.1586395169602492,2.3147727614613394,0.03737753871473182,30.0,160.0,24885.459368218024,41861.586689172866,63274.65637810463,84928.86423920908,121388.9558717145,155919.94212683875,193441.0417169038,217747.76947190732,271521.5818664094,311454.0631782011,358861.82782734506,393151.6759102966,446732.5777670605,493706.2937062936,549216.3009404389,578683.3855799373,657294.4297082229,710489.5104895105,759488.7870749941,788473.595370147,831058.5965758379,858934.1692789968,887870.7499397154,903158.9100554618,928623.101036894,942464.4321196045,956402.2184711839,964649.1439594887,975066.3129973474,981577.043646009,987026.766337111,987701.9532191945,993633.9522546419,996093.561610803,997829.756450446,998504.9433325295,999565.9512900892,999855.3170966964,1000000.0,1000000.0,1000000.0,1000000.0,1000000.0,1000000.0,1000000.0,1000000.0,1000000.0,1000000.0,1000000.0,1000000.0,1000000.0,1000000.0,1000000.0,1000000.0,1000000.0,1000000.0,1000000.0,1000000.0,1000000.0,1000000.0,1000000.0,1000000.0,1000000.0,1000000.0,0.0,0.0,0.0,0.0,0.0,0.0,0.0,0.0,0.0,0.0,0.0,0.0,0.0,0.0,0.0,0.0,0.0,0.0,0.0,0.0,0.0,0.0,0.0,0.0,0.0,0.0,0.0,0.0,0.0,0.0,0.0,0.0,0.0,0.0,0.0,0.0,0.0,0.0,0.0,0.0,0.0,0.0,0.0,0.0,0.0,0.0,48.22763443453082,96.4552688690621,144.68290330359284,241.13817217265407,771.6421509524955,1205.690860863273,2700.747528333735,5208.58451892934,13262.599469496023,21413.069688931733,54593.68217988903,109380.27489751634,232360.74270557027,342223.2939474318,540004.8227634435,683240.8970340005,837810.4653966723,1000000.0,0.0,0.0,0.0,0.0,0.0,0.0,0.0,0.0,0.0,0.0,0.0,0.0,0.0,0.0,0.0,0.0,0.0,0.0,0.0,0.0,0.0,0.0,0.0,0.0,0.0,0.0,0.0,0.0,0.0,0.0,0.0,0.0,0.0,0.0,0.0,0.0,0.0,0.0,0.0,0.0,0.0,0.0,337.59344104171646,482.27634434531,1495.056667470457,4099.348926935128,13889.55871714491,30094.04388714736,102580.17844224731,213600.19291053768,417024.3549553894,534169.2789968651,712804.4369423679,808777.4294670846,910971.7868338556,954087.2920183266,989920.4244031829,997877.9840848806,999614.1789245236,999951.7723655654,1000000.0,1000000.0,1000000.0,1000000.0,0.0,0.0,0.0,0.0,0.0,0.0,0.0,0.0,0.0,0.0,0.0,0.0,0.0,0.0,0.0,0.0,0.0,0.0,0.0,0.0,0.0,0.0,0.0,0.0,0.0,0.0,0.0,0.0,0.0,0.0,0.0,0.0,0.0,0.0,0.0,0.0,0.0,0.0,0.0,0.0,0.0,0.0,0.0,0.0,0.0,0.0,0.0,0.0,0.0,0.0,0.0,0.0,0.0,0.0,0.0,0.0,0.0,0.0,0.0,0.0,0.0,96.4552688690621,1109.2355919942117,1000000.0
FLINT,MAGNUM03,F,na,na,na,na,2025_03_11-09_22_56,na,0,77,Yes,1,na,0.0,0.0,96.4552688690621,42.5,42.0,60.0,,,,0.0,0.0,96.4552688690621,42.5,42.0,60.0,44.0,-9.0,12.0,37.0,-12.0,10.0,30.0,-16.0,8.0,25.0,-17.0,7.0,17.0,-18.0,6.0,11.0,-19.0,2.0,15.0,-19.0,3.0,16.0,60.0,60.0,51.0,51.0,63.0,20.0,57.0,61.0,49.0,53.0,63.0,25.0,55.0,63.0,47.0,55.0,63.0,29.0,54.0,63.0,46.0,56.0,63.0,35.0,52.0,63.0,45.0,56.0,62.0,39.0,50.0,63.0,44.0,59.0,61.0,36.0,51.0,63.0,44.0,58.0,61.0,41.0,0.0,63.0,44.0,63.0,42.0,63.0,60.0,4.840595319593239,2.020502466175224,1.9653429835805398,0.07846783819633481,30.0,160.0,15625.753556788046,19098.143236074284,22570.53291536052,26525.198938992027,32119.60453339764,37906.92066554136,44465.87894863754,49433.325295394265,59850.49433325294,73450.68724379067,99975.88618278269,130407.52351097179,194260.9115022908,281215.3363877502,399083.6749457439,462937.06293706293,597926.2117193151,689365.8066071859,773860.6221364844,821220.1591511936,875620.9307933445,912225.7053291536,943428.984808295,957222.088256571,972124.427296841,979937.304075235,985387.0267663371,988618.2782734506,992138.8955871714,993923.318061249,995466.602363154,995852.4234386302,997492.1630094043,998263.8051603568,998697.8538702676,999083.6749457439,999565.9512900892,999758.8618278273,999807.0894622619,999903.5447311308,1000000.0,1000000.0,1000000.0,1000000.0,1000000.0,1000000.0,1000000.0,1000000.0,1000000.0,1000000.0,1000000.0,1000000.0,1000000.0,1000000.0,1000000.0,1000000.0,1000000.0,1000000.0,1000000.0,1000000.0,1000000.0,1000000.0,1000000.0,1000000.0,0.0,0.0,0.0,0.0,0.0,0.0,0.0,0.0,0.0,0.0,0.0,0.0,0.0,0.0,0.0,0.0,0.0,0.0,0.0,0.0,0.0,0.0,0.0,0.0,0.0,0.0,0.0,0.0,0.0,0.0,0.0,0.0,0.0,0.0,0.0,0.0,0.0,0.0,0.0,0.0,0.0,0.0,0.0,0.0,48.22763443453082,48.22763443453082,48.22763443453082,48.22763443453082,96.4552688690621,192.91053773812425,482.27634434531,964.5526886906189,2025.5606462503029,4388.714733542319,13600.192910537737,28261.393778635178,83626.7181094768,171642.15095249587,353363.8775018085,494285.0253195081,705763.2023149264,846877.260670364,952881.6011574632,1000000.0,0.0,0.0,0.0,0.0,0.0,0.0,0.0,0.0,0.0,0.0,0.0,0.0,0.0,0.0,0.0,0.0,0.0,0.0,0.0,0.0,0.0,0.0,0.0,0.0,0.0,0.0,0.0,0.0,0.0,0.0,0.0,0.0,0.0,0.0,0.0,0.0,0.0,0.0,0.0,0.0,0.0,0.0,48.22763443453082,96.4552688690621,723.414516517964,2314.926452857486,11140.583554376653,31733.783457921396,105956.11285266459,239257.29442970816,469737.1593923318,612346.2744152399,793730.407523511,897130.4557511453,973233.6628888353,992862.3101036893,999180.1302146129,999517.7236556546,999855.3170966964,999903.5447311308,999903.5447311308,999903.5447311308,1000000.0,1000000.0,0.0,0.0,0.0,0.0,0.0,0.0,0.0,0.0,0.0,0.0,0.0,0.0,0.0,0.0,0.0,0.0,0.0,0.0,0.0,0.0,0.0,0.0,0.0,0.0,0.0,0.0,0.0,0.0,0.0,0.0,0.0,0.0,0.0,0.0,0.0,0.0,0.0,0.0,0.0,0.0,0.0,0.0,0.0,0.0,0.0,0.0,0.0,0.0,0.0,0.0,0.0,0.0,0.0,0.0,0.0,0.0,0.0,0.0,0.0,0.0,144.68290330359284,819.8697853870253,2990.1133349409165,1000000.0
