STEPPING,TESTER,SOCKET,BASE_REV,RUN_NAME,CURRENT_COMMIT,CURRENT_COMMIT_DATE,TEST_START_DATETIME,DIE_ID,MACRO,IO,ADC_CAL,TEST_SEQUENCE,TEST_NAME,LEVEL_01_XPOINT_PPM,LEVEL_12_XPOINT_PPM,LEVEL_23_XPOINT_PPM,LEVEL_01_XPOINT_ADC,LEVEL_12_XPOINT_ADC,LEVEL_23_XPOINT_ADC,LEVEL_01_XPOINT_EXT_PPM,LEVEL_12_XPOINT_EXT_PPM,LEVEL_23_XPOINT_EXT_PPM,LEVEL_01_XPOINT_SUM_PPM,LEVEL_12_XPOINT_SUM_PPM,LEVEL_23_XPOINT_SUM_PPM,LEVEL_01_XPOINT_SUM_ADC,LEVEL_12_XPOINT_SUM_ADC,LEVEL_23_XPOINT_SUM_ADC,LEVEL_01_0SIGMA_ADCRWB,LEVEL_12_0SIGMA_ADCRWB,LEVEL_23_0SIGMA_ADCRWB,LEVEL_01_M1SIGMA_ADCRWB,LEVEL_12_M1SIGMA_ADCRWB,LEVEL_23_M1SIGMA_ADCRWB,LEVEL_01_M2SIGMA_ADCRWB,LEVEL_12_M2SIGMA_ADCRWB,LEVEL_23_M2SIGMA_ADCRWB,LEVEL_01_M2P5SIGMA_ADCRWB,LEVEL_12_M2P5SIGMA_ADCRWB,LEVEL_23_M2P5SIGMA_ADCRWB,LEVEL_01_M3SIGMA_ADCRWB,LEVEL_12_M3SIGMA_ADCRWB,LEVEL_23_M3SIGMA_ADCRWB,LEVEL_01_170PPM_ADCRWB,LEVEL_12_170PPM_ADCRWB,LEVEL_23_170PPM_ADCRWB,LEVEL_01_500PPM_ADCRWB,LEVEL_12_500PPM_ADCRWB,LEVEL_23_500PPM_ADCRWB,LEVEL_01_0_0SIGMA_ADC,LEVEL_01_1_0SIGMA_ADC,LEVEL_12_1_0SIGMA_ADC,LEVEL_12_2_0SIGMA_ADC,LEVEL_23_2_0SIGMA_ADC,LEVEL_23_3_0SIGMA_ADC,LEVEL_01_0_M1SIGMA_ADC,LEVEL_01_1_M1SIGMA_ADC,LEVEL_12_1_M1SIGMA_ADC,LEVEL_12_2_M1SIGMA_ADC,LEVEL_23_2_M1SIGMA_ADC,LEVEL_23_3_M1SIGMA_ADC,LEVEL_01_0_M2SIGMA_ADC,LEVEL_01_1_M2SIGMA_ADC,LEVEL_12_1_M2SIGMA_ADC,LEVEL_12_2_M2SIGMA_ADC,LEVEL_23_2_M2SIGMA_ADC,LEVEL_23_3_M2SIGMA_ADC,LEVEL_01_0_M2P5SIGMA_ADC,LEVEL_01_1_M2P5SIGMA_ADC,LEVEL_12_1_M2P5SIGMA_ADC,LEVEL_12_2_M2P5SIGMA_ADC,LEVEL_23_2_M2P5SIGMA_ADC,LEVEL_23_3_M2P5SIGMA_ADC,LEVEL_01_0_M3SIGMA_ADC,LEVEL_01_1_M3SIGMA_ADC,LEVEL_12_1_M3SIGMA_ADC,LEVEL_12_2_M3SIGMA_ADC,LEVEL_23_2_M3SIGMA_ADC,LEVEL_23_3_M3SIGMA_ADC,LEVEL_01_0_170PPM_ADC,LEVEL_01_1_170PPM_ADC,LEVEL_12_1_170PPM_ADC,LEVEL_12_2_170PPM_ADC,LEVEL_23_2_170PPM_ADC,LEVEL_23_3_170PPM_ADC,LEVEL_01_0_500PPM_ADC,LEVEL_01_1_500PPM_ADC,LEVEL_12_1_500PPM_ADC,LEVEL_12_2_500PPM_ADC,LEVEL_23_2_500PPM_ADC,LEVEL_23_3_500PPM_ADC,LEVEL_0_MAXADC,LEVEL_0_MINADC,LEVEL_1_MAXADC,LEVEL_1_MINADC,LEVEL_2_MAXADC,LEVEL_2_MINADC,LEVEL_3_MAXADC,LEVEL_3_MINADC,LEVEL_0_DISTSIGMA,LEVEL_1_DISTSIGMA,LEVEL_2_DISTSIGMA,LEVEL_3_DISTSIGMA,ADC_0_COND_US,ADC_63_COND_US,LEVEL_0_0ADC_PPM,LEVEL_0_1ADC_PPM,LEVEL_0_2ADC_PPM,LEVEL_0_3ADC_PPM,LEVEL_0_4ADC_PPM,LEVEL_0_5ADC_PPM,LEVEL_0_6ADC_PPM,LEVEL_0_7ADC_PPM,LEVEL_0_8ADC_PPM,LEVEL_0_9ADC_PPM,LEVEL_0_10ADC_PPM,LEVEL_0_11ADC_PPM,LEVEL_0_12ADC_PPM,LEVEL_0_13ADC_PPM,LEVEL_0_14ADC_PPM,LEVEL_0_15ADC_PPM,LEVEL_0_16ADC_PPM,LEVEL_0_17ADC_PPM,LEVEL_0_18ADC_PPM,LEVEL_0_19ADC_PPM,LEVEL_0_20ADC_PPM,LEVEL_0_21ADC_PPM,LEVEL_0_22ADC_PPM,LEVEL_0_23ADC_PPM,LEVEL_0_24ADC_PPM,LEVEL_0_25ADC_PPM,LEVEL_0_26ADC_PPM,LEVEL_0_27ADC_PPM,LEVEL_0_28ADC_PPM,LEVEL_0_29ADC_PPM,LEVEL_0_30ADC_PPM,LEVEL_0_31ADC_PPM,LEVEL_0_32ADC_PPM,LEVEL_0_33ADC_PPM,LEVEL_0_34ADC_PPM,LEVEL_0_35ADC_PPM,LEVEL_0_36ADC_PPM,LEVEL_0_37ADC_PPM,LEVEL_0_38ADC_PPM,LEVEL_0_39ADC_PPM,LEVEL_0_40ADC_PPM,LEVEL_0_41ADC_PPM,LEVEL_0_42ADC_PPM,LEVEL_0_43ADC_PPM,LEVEL_0_44ADC_PPM,LEVEL_0_45ADC_PPM,LEVEL_0_46ADC_PPM,LEVEL_0_47ADC_PPM,LEVEL_0_48ADC_PPM,LEVEL_0_49ADC_PPM,LEVEL_0_50ADC_PPM,LEVEL_0_51ADC_PPM,LEVEL_0_52ADC_PPM,LEVEL_0_53ADC_PPM,LEVEL_0_54ADC_PPM,LEVEL_0_55ADC_PPM,LEVEL_0_56ADC_PPM,LEVEL_0_57ADC_PPM,LEVEL_0_58ADC_PPM,LEVEL_0_59ADC_PPM,LEVEL_0_60ADC_PPM,LEVEL_0_61ADC_PPM,LEVEL_0_62ADC_PPM,LEVEL_0_63ADC_PPM,LEVEL_1_0ADC_PPM,LEVEL_1_1ADC_PPM,LEVEL_1_2ADC_PPM,LEVEL_1_3ADC_PPM,LEVEL_1_4ADC_PPM,LEVEL_1_5ADC_PPM,LEVEL_1_6ADC_PPM,LEVEL_1_7ADC_PPM,LEVEL_1_8ADC_PPM,LEVEL_1_9ADC_PPM,LEVEL_1_10ADC_PPM,LEVEL_1_11ADC_PPM,LEVEL_1_12ADC_PPM,LEVEL_1_13ADC_PPM,LEVEL_1_14ADC_PPM,LEVEL_1_15ADC_PPM,LEVEL_1_16ADC_PPM,LEVEL_1_17ADC_PPM,LEVEL_1_18ADC_PPM,LEVEL_1_19ADC_PPM,LEVEL_1_20ADC_PPM,LEVEL_1_21ADC_PPM,LEVEL_1_22ADC_PPM,LEVEL_1_23ADC_PPM,LEVEL_1_24ADC_PPM,LEVEL_1_25ADC_PPM,LEVEL_1_26ADC_PPM,LEVEL_1_27ADC_PPM,LEVEL_1_28ADC_PPM,LEVEL_1_29ADC_PPM,LEVEL_1_30ADC_PPM,LEVEL_1_31ADC_PPM,LEVEL_1_32ADC_PPM,LEVEL_1_33ADC_PPM,LEVEL_1_34ADC_PPM,LEVEL_1_35ADC_PPM,LEVEL_1_36ADC_PPM,LEVEL_1_37ADC_PPM,LEVEL_1_38ADC_PPM,LEVEL_1_39ADC_PPM,LEVEL_1_40ADC_PPM,LEVEL_1_41ADC_PPM,LEVEL_1_42ADC_PPM,LEVEL_1_43ADC_PPM,LEVEL_1_44ADC_PPM,LEVEL_1_45ADC_PPM,LEVEL_1_46ADC_PPM,LEVEL_1_47ADC_PPM,LEVEL_1_48ADC_PPM,LEVEL_1_49ADC_PPM,LEVEL_1_50ADC_PPM,LEVEL_1_51ADC_PPM,LEVEL_1_52ADC_PPM,LEVEL_1_53ADC_PPM,LEVEL_1_54ADC_PPM,LEVEL_1_55ADC_PPM,LEVEL_1_56ADC_PPM,LEVEL_1_57ADC_PPM,LEVEL_1_58ADC_PPM,LEVEL_1_59ADC_PPM,LEVEL_1_60ADC_PPM,LEVEL_1_61ADC_PPM,LEVEL_1_62ADC_PPM,LEVEL_1_63ADC_PPM,LEVEL_2_0ADC_PPM,LEVEL_2_1ADC_PPM,LEVEL_2_2ADC_PPM,LEVEL_2_3ADC_PPM,LEVEL_2_4ADC_PPM,LEVEL_2_5ADC_PPM,LEVEL_2_6ADC_PPM,LEVEL_2_7ADC_PPM,LEVEL_2_8ADC_PPM,LEVEL_2_9ADC_PPM,LEVEL_2_10ADC_PPM,LEVEL_2_11ADC_PPM,LEVEL_2_12ADC_PPM,LEVEL_2_13ADC_PPM,LEVEL_2_14ADC_PPM,LEVEL_2_15ADC_PPM,LEVEL_2_16ADC_PPM,LEVEL_2_17ADC_PPM,LEVEL_2_18ADC_PPM,LEVEL_2_19ADC_PPM,LEVEL_2_20ADC_PPM,LEVEL_2_21ADC_PPM,LEVEL_2_22ADC_PPM,LEVEL_2_23ADC_PPM,LEVEL_2_24ADC_PPM,LEVEL_2_25ADC_PPM,LEVEL_2_26ADC_PPM,LEVEL_2_27ADC_PPM,LEVEL_2_28ADC_PPM,LEVEL_2_29ADC_PPM,LEVEL_2_30ADC_PPM,LEVEL_2_31ADC_PPM,LEVEL_2_32ADC_PPM,LEVEL_2_33ADC_PPM,LEVEL_2_34ADC_PPM,LEVEL_2_35ADC_PPM,LEVEL_2_36ADC_PPM,LEVEL_2_37ADC_PPM,LEVEL_2_38ADC_PPM,LEVEL_2_39ADC_PPM,LEVEL_2_40ADC_PPM,LEVEL_2_41ADC_PPM,LEVEL_2_42ADC_PPM,LEVEL_2_43ADC_PPM,LEVEL_2_44ADC_PPM,LEVEL_2_45ADC_PPM,LEVEL_2_46ADC_PPM,LEVEL_2_47ADC_PPM,LEVEL_2_48ADC_PPM,LEVEL_2_49ADC_PPM,LEVEL_2_50ADC_PPM,LEVEL_2_51ADC_PPM,LEVEL_2_52ADC_PPM,LEVEL_2_53ADC_PPM,LEVEL_2_54ADC_PPM,LEVEL_2_55ADC_PPM,LEVEL_2_56ADC_PPM,LEVEL_2_57ADC_PPM,LEVEL_2_58ADC_PPM,LEVEL_2_59ADC_PPM,LEVEL_2_60ADC_PPM,LEVEL_2_61ADC_PPM,LEVEL_2_62ADC_PPM,LEVEL_2_63ADC_PPM,LEVEL_3_0ADC_PPM,LEVEL_3_1ADC_PPM,LEVEL_3_2ADC_PPM,LEVEL_3_3ADC_PPM,LEVEL_3_4ADC_PPM,LEVEL_3_5ADC_PPM,LEVEL_3_6ADC_PPM,LEVEL_3_7ADC_PPM,LEVEL_3_8ADC_PPM,LEVEL_3_9ADC_PPM,LEVEL_3_10ADC_PPM,LEVEL_3_11ADC_PPM,LEVEL_3_12ADC_PPM,LEVEL_3_13ADC_PPM,LEVEL_3_14ADC_PPM,LEVEL_3_15ADC_PPM,LEVEL_3_16ADC_PPM,LEVEL_3_17ADC_PPM,LEVEL_3_18ADC_PPM,LEVEL_3_19ADC_PPM,LEVEL_3_20ADC_PPM,LEVEL_3_21ADC_PPM,LEVEL_3_22ADC_PPM,LEVEL_3_23ADC_PPM,LEVEL_3_24ADC_PPM,LEVEL_3_25ADC_PPM,LEVEL_3_26ADC_PPM,LEVEL_3_27ADC_PPM,LEVEL_3_28ADC_PPM,LEVEL_3_29ADC_PPM,LEVEL_3_30ADC_PPM,LEVEL_3_31ADC_PPM,LEVEL_3_32ADC_PPM,LEVEL_3_33ADC_PPM,LEVEL_3_34ADC_PPM,LEVEL_3_35ADC_PPM,LEVEL_3_36ADC_PPM,LEVEL_3_37ADC_PPM,LEVEL_3_38ADC_PPM,LEVEL_3_39ADC_PPM,LEVEL_3_40ADC_PPM,LEVEL_3_41ADC_PPM,LEVEL_3_42ADC_PPM,LEVEL_3_43ADC_PPM,LEVEL_3_44ADC_PPM,LEVEL_3_45ADC_PPM,LEVEL_3_46ADC_PPM,LEVEL_3_47ADC_PPM,LEVEL_3_48ADC_PPM,LEVEL_3_49ADC_PPM,LEVEL_3_50ADC_PPM,LEVEL_3_51ADC_PPM,LEVEL_3_52ADC_PPM,LEVEL_3_53ADC_PPM,LEVEL_3_54ADC_PPM,LEVEL_3_55ADC_PPM,LEVEL_3_56ADC_PPM,LEVEL_3_57ADC_PPM,LEVEL_3_58ADC_PPM,LEVEL_3_59ADC_PPM,LEVEL_3_60ADC_PPM,LEVEL_3_61ADC_PPM,LEVEL_3_62ADC_PPM,LEVEL_3_63ADC_PPM
FLINT,MAGNUM03,F,na,na,na,na,2025_03_11-09_22_56,na,4,0,Yes,1,na,48.22763443457198,57197.97443935383,20882.565710152026,28.0,48.0,62.0,,,,96.45526886910281,105907.88521823008,20882.565710152026,28.0,48.0,62.0,44.0,9.0,10.0,36.0,4.0,8.0,23.0,-1.0,2.0,15.0,-5.0,0.0,10.0,-9.0,0.0,3.0,-16.0,0.0,6.0,-11.0,0.0,0.0,44.0,44.0,53.0,53.0,63.0,5.0,41.0,46.0,50.0,55.0,63.0,14.0,37.0,48.0,47.0,61.0,63.0,19.0,34.0,50.0,45.0,63.0,63.0,22.0,32.0,52.0,43.0,63.0,63.0,26.0,29.0,57.0,41.0,63.0,63.0,24.0,30.0,53.0,42.0,63.0,63.0,29.0,0.0,63.0,26.0,63.0,40.0,63.0,63.0,3.939237043629915,2.838880890058999,2.873941799044522,0.0,30.0,160.0,630383.4096937545,683867.8562816493,736146.6120086809,768121.533638775,810031.3479623824,846539.6672293224,873932.963588136,890475.0421991801,914685.3146853147,932963.5881360018,947431.8784663611,956546.9013744876,965999.5177236556,972799.6141789245,978731.6132143717,981046.5396672293,987364.3597781529,990258.0178442247,993055.2206414274,994791.4154810706,996382.9274174101,997926.211719315,998987.2196768748,999324.8131179166,999662.4065589582,999855.3170966964,999951.7723655654,999951.7723655654,1000000.0,1000000.0,1000000.0,1000000.0,1000000.0,1000000.0,1000000.0,1000000.0,1000000.0,1000000.0,1000000.0,1000000.0,1000000.0,1000000.0,1000000.0,1000000.0,1000000.0,1000000.0,1000000.0,1000000.0,1000000.0,1000000.0,1000000.0,1000000.0,1000000.0,1000000.0,1000000.0,1000000.0,1000000.0,1000000.0,1000000.0,1000000.0,1000000.0,1000000.0,1000000.0,1000000.0,0.0,0.0,0.0,0.0,0.0,0.0,0.0,0.0,0.0,0.0,0.0,0.0,0.0,0.0,0.0,0.0,0.0,0.0,0.0,0.0,0.0,0.0,0.0,0.0,0.0,0.0,48.22763443453082,48.22763443453082,96.4552688690621,289.36580660718624,578.7316132143711,771.6421509524955,2459.609356161082,4147.576561369663,7137.689896310589,11478.176995418351,20014.468290330373,32167.83216783218,57101.519170484666,80877.74294670846,150036.17072582585,234627.44152399324,380130.21461297316,493416.9278996865,664287.4367012298,797685.0735471423,909524.9578008199,942802.0255606462,980130.2146129733,991994.2126838678,997492.1630094043,998408.4880636605,999276.585483482,999614.1789245236,999710.6341933928,999807.0894622619,999855.3170966964,999903.5447311308,999951.7723655654,1000000.0,1000000.0,1000000.0,1000000.0,1000000.0,0.0,0.0,0.0,0.0,0.0,0.0,0.0,0.0,0.0,0.0,0.0,0.0,0.0,0.0,0.0,0.0,0.0,0.0,0.0,0.0,0.0,0.0,0.0,0.0,0.0,0.0,0.0,0.0,0.0,0.0,0.0,0.0,0.0,0.0,0.0,0.0,0.0,0.0,0.0,0.0,96.4552688690621,385.82107547624787,1061.0079575596806,1832.650108512174,3231.251507113574,6414.2753797926125,14805.883771401013,24981.91463708706,51217.74776947188,86086.32746563776,171063.41933928136,247214.85411140582,412394.50204967445,589438.1480588376,786689.1728960695,874752.833373523,931999.0354473112,949891.4878225223,960598.0226669881,966578.2493368699,973474.8010610079,979117.434289848,985724.6202073788,1000000.0,0.0,0.0,0.0,0.0,0.0,0.0,0.0,0.0,0.0,0.0,0.0,0.0,0.0,0.0,0.0,0.0,0.0,0.0,0.0,0.0,0.0,0.0,0.0,0.0,0.0,0.0,0.0,0.0,0.0,0.0,0.0,0.0,0.0,0.0,0.0,0.0,0.0,0.0,0.0,0.0,0.0,0.0,0.0,0.0,0.0,0.0,0.0,0.0,0.0,0.0,0.0,0.0,0.0,0.0,0.0,0.0,0.0,0.0,0.0,0.0,0.0,0.0,0.0,1000000.0
FLINT,MAGNUM03,F,na,na,na,na,2025_03_11-09_22_56,na,4,1,Yes,1,na,0.0,98577.28478418138,0.0,30.5,48.0,0.0,,,,0.0,154087.2920183265,0.0,30.5,48.0,0.0,26.0,8.0,11.0,21.0,4.0,9.0,16.0,-2.0,7.0,12.0,-8.0,0.0,9.0,-18.0,0.0,5.0,-22.0,0.0,8.0,-20.0,0.0,18.0,44.0,44.0,52.0,52.0,63.0,21.0,42.0,46.0,50.0,54.0,63.0,24.0,40.0,49.0,47.0,56.0,63.0,26.0,38.0,53.0,45.0,63.0,63.0,27.0,36.0,62.0,44.0,63.0,63.0,28.0,33.0,63.0,41.0,63.0,63.0,27.0,35.0,63.0,43.0,63.0,63.0,29.0,0.0,63.0,32.0,63.0,39.0,63.0,0.0,3.2577444624410097,2.579138409129893,2.4651859272306362,0.4377639156890563,30.0,160.0,3134.7962382445157,3134.7962382445157,3279.479141548107,3279.479141548107,3424.1620448516924,3472.38967928623,3665.3002170243526,3858.2107547624714,4099.348926935128,5112.12925006028,8922.112370388226,16300.940438871463,31733.783457921396,66843.50132625995,132336.628888353,178490.47504219916,328044.3694236798,458837.7140101278,598842.5367735713,684977.0918736436,788570.0506390161,858934.1692789968,917820.1109235592,946467.3257776706,978345.7921388955,993006.993006993,998697.8538702676,999855.3170966964,1000000.0,1000000.0,1000000.0,1000000.0,1000000.0,1000000.0,1000000.0,1000000.0,1000000.0,1000000.0,1000000.0,1000000.0,1000000.0,1000000.0,1000000.0,1000000.0,1000000.0,1000000.0,1000000.0,1000000.0,1000000.0,1000000.0,1000000.0,1000000.0,1000000.0,1000000.0,1000000.0,1000000.0,1000000.0,1000000.0,1000000.0,1000000.0,1000000.0,1000000.0,1000000.0,1000000.0,0.0,0.0,0.0,0.0,0.0,0.0,0.0,0.0,0.0,0.0,0.0,0.0,0.0,0.0,0.0,0.0,0.0,0.0,0.0,0.0,0.0,0.0,0.0,0.0,0.0,0.0,0.0,0.0,0.0,0.0,0.0,0.0,192.91053773812425,289.36580660718624,482.27634434531,964.5526886906189,2556.0646250301406,5690.860863274664,12828.550759585236,21847.118398842544,53436.21895346033,104219.91801302144,207475.28333735233,310537.738123945,507354.714251266,672486.1345551001,843260.1880877743,901422.7152158186,968459.1270798167,984422.4740776465,991753.0745116952,992717.6272003858,993585.7246202073,994164.4562334217,994984.3260188088,995418.3747287195,996334.6997829756,996624.0655895828,997251.0248372317,997733.301181577,998167.3498914879,998601.3986013986,999035.4473113093,1000000.0,0.0,0.0,0.0,0.0,0.0,0.0,0.0,0.0,0.0,0.0,0.0,0.0,0.0,0.0,0.0,0.0,0.0,0.0,0.0,0.0,0.0,0.0,0.0,0.0,0.0,0.0,0.0,0.0,0.0,0.0,0.0,0.0,0.0,0.0,0.0,0.0,0.0,0.0,0.0,48.22763443453082,96.4552688690621,241.13817217265407,530.5039787798403,1205.690860863273,3279.479141548107,6414.2753797926125,18664.09452616349,32119.60453339764,69254.88304798651,122594.64673257775,232891.24668435013,340969.37545213406,541403.4241620448,712804.4369423679,884784.1813359055,943477.2124427296,980757.1738606221,988377.140101278,990740.29418857,991367.253436219,991801.3021461297,992090.6679527368,992283.578490475,1000000.0,48.22763443453082,48.22763443453082,48.22763443453082,48.22763443453082,48.22763443453082,48.22763443453082,48.22763443453082,48.22763443453082,48.22763443453082,48.22763443453082,48.22763443453082,48.22763443453082,48.22763443453082,48.22763443453082,48.22763443453082,48.22763443453082,48.22763443453082,48.22763443453082,48.22763443453082,48.22763443453082,48.22763443453082,48.22763443453082,48.22763443453082,48.22763443453082,48.22763443453082,48.22763443453082,48.22763443453082,48.22763443453082,48.22763443453082,48.22763443453082,48.22763443453082,48.22763443453082,48.22763443453082,48.22763443453082,48.22763443453082,48.22763443453082,48.22763443453082,48.22763443453082,48.22763443453082,48.22763443453082,48.22763443453082,48.22763443453082,48.22763443453082,48.22763443453082,48.22763443453082,48.22763443453082,48.22763443453082,48.22763443453082,48.22763443453082,48.22763443453082,48.22763443453082,48.22763443453082,48.22763443453082,48.22763443453082,48.22763443453082,48.22763443453082,48.22763443453082,48.22763443453082,48.22763443453082,48.22763443453082,48.22763443453082,96.4552688690621,144.68290330359284,1000000.0
FLINT,MAGNUM03,F,na,na,na,na,2025_03_11-09_22_56,na,4,2,Yes,1,na,0.0,82855.07595852426,5931.999035447388,29.5,48.0,62.0,,,,0.0,155196.5276103207,5931.999035447388,29.5,48.0,62.0,27.0,8.0,11.0,21.0,4.0,9.0,15.0,-2.0,7.0,11.0,-12.0,3.0,8.0,-20.0,0.0,4.0,-22.0,0.0,6.0,-21.0,0.0,17.0,44.0,44.0,52.0,52.0,63.0,21.0,42.0,46.0,50.0,54.0,63.0,24.0,39.0,49.0,47.0,56.0,63.0,26.0,37.0,57.0,45.0,60.0,63.0,27.0,35.0,63.0,43.0,63.0,63.0,28.0,32.0,63.0,41.0,63.0,63.0,28.0,34.0,63.0,42.0,63.0,63.0,29.0,0.0,63.0,30.0,63.0,40.0,63.0,63.0,3.424215145505282,2.8234511280722234,2.4090251702446945,0.0,30.0,160.0,4581.625271280436,4678.080540149494,4678.080540149494,4678.080540149494,4919.218712322153,4919.218712322153,5112.12925006028,5256.812153363875,6703.6411863998055,8488.063660477448,14902.339040270084,24837.23173378345,55317.09669640705,108029.90113334931,199758.86182782738,265203.7617554859,421316.6144200627,551338.3168555582,678369.9059561128,754714.2512659753,834530.9862551242,887340.2459609356,931516.7591029659,954569.5683626716,980660.7185917529,992428.2613937786,998119.1222570533,999324.8131179166,999951.7723655654,1000000.0,1000000.0,1000000.0,1000000.0,1000000.0,1000000.0,1000000.0,1000000.0,1000000.0,1000000.0,1000000.0,1000000.0,1000000.0,1000000.0,1000000.0,1000000.0,1000000.0,1000000.0,1000000.0,1000000.0,1000000.0,1000000.0,1000000.0,1000000.0,1000000.0,1000000.0,1000000.0,1000000.0,1000000.0,1000000.0,1000000.0,1000000.0,1000000.0,1000000.0,1000000.0,0.0,0.0,0.0,0.0,0.0,0.0,0.0,0.0,0.0,0.0,0.0,0.0,0.0,0.0,0.0,0.0,0.0,0.0,0.0,0.0,0.0,0.0,0.0,0.0,0.0,0.0,0.0,0.0,0.0,0.0,48.22763443453082,96.4552688690621,289.36580660718624,434.04870991077877,1012.7803231251486,1880.8777429467057,3520.617313720762,7861.104412828547,19339.281408246912,33035.929587653714,76296.11767542796,136821.7988907645,262454.7865927176,369761.27320954896,561900.1687967204,718832.8912466842,864866.1683144443,917144.9240414758,968603.8099831202,982975.6450446106,988521.8230045816,989389.9204244032,990643.8389197009,991463.7087050879,992042.4403183024,992476.4890282131,993682.1798890764,994453.8220400289,995225.4641909814,995611.2852664576,996527.6103207137,996913.43139619,997636.845912708,1000000.0,0.0,0.0,0.0,0.0,0.0,0.0,0.0,0.0,0.0,0.0,0.0,0.0,0.0,0.0,0.0,0.0,0.0,0.0,0.0,0.0,0.0,0.0,0.0,0.0,0.0,0.0,0.0,0.0,0.0,0.0,0.0,0.0,0.0,0.0,0.0,0.0,0.0,0.0,0.0,0.0,144.68290330359284,434.04870991077877,964.5526886906189,1832.650108512174,4581.625271280436,8488.063660477448,20014.468290330373,34965.03496503495,72389.67928623101,130455.7511454063,252423.43863033518,360260.42922594637,569761.273209549,750373.7641668676,904027.0074752835,955389.4381480587,983747.2871955631,990258.0178442247,993006.993006993,993489.2693513383,993875.0904268145,994068.0009645526,994502.0496744635,1000000.0,0.0,0.0,0.0,0.0,0.0,0.0,0.0,0.0,0.0,0.0,0.0,0.0,0.0,0.0,0.0,0.0,0.0,0.0,0.0,0.0,0.0,0.0,0.0,0.0,0.0,0.0,0.0,0.0,0.0,0.0,0.0,0.0,0.0,0.0,0.0,0.0,0.0,0.0,0.0,0.0,0.0,0.0,0.0,0.0,0.0,0.0,0.0,0.0,0.0,0.0,0.0,0.0,0.0,0.0,0.0,0.0,0.0,0.0,0.0,0.0,0.0,0.0,0.0,1000000.0
FLINT,MAGNUM03,F,na,na,na,na,2025_03_11-09_22_56,na,4,3,Yes,1,na,192.91053773812425,213021.4612973233,48.22763443453082,30.0,48.0,0.0,,,,289.36580660718624,386351.57945502776,48.22763443453082,30.0,48.0,0.0,29.0,6.0,12.0,22.0,0.0,9.0,14.0,-7.0,5.0,10.0,-12.0,0.0,5.0,-24.0,0.0,0.0,-27.0,0.0,3.0,-25.0,0.0,16.0,45.0,45.0,51.0,51.0,63.0,20.0,42.0,48.0,48.0,54.0,63.0,25.0,39.0,51.0,44.0,58.0,63.0,26.0,36.0,54.0,42.0,63.0,63.0,28.0,33.0,63.0,39.0,63.0,63.0,30.0,30.0,63.0,36.0,63.0,63.0,29.0,32.0,63.0,38.0,63.0,63.0,31.0,0.0,63.0,28.0,63.0,35.0,63.0,0.0,3.7123715015821315,3.0938766482299696,3.325402640483192,0.6186885949313036,30.0,160.0,2170.2435495538875,2170.2435495538875,2218.471183988428,2363.1540872920177,2411.3817217265464,2459.609356161082,3183.023872679041,4436.942367976849,9356.161080299,16927.89968652038,33614.66120086806,60429.22594646733,113961.90016879671,191077.88762961177,301181.577043646,381046.5396672293,525584.7600675187,633469.9782975644,729153.6050156739,789245.2375210995,852519.8938992042,896262.3583313238,932095.4907161805,952302.8695442488,974584.036653002,986206.896551724,994743.187846636,998070.8946226187,999421.2683867855,999855.3170966964,1000000.0,1000000.0,1000000.0,1000000.0,1000000.0,1000000.0,1000000.0,1000000.0,1000000.0,1000000.0,1000000.0,1000000.0,1000000.0,1000000.0,1000000.0,1000000.0,1000000.0,1000000.0,1000000.0,1000000.0,1000000.0,1000000.0,1000000.0,1000000.0,1000000.0,1000000.0,1000000.0,1000000.0,1000000.0,1000000.0,1000000.0,1000000.0,1000000.0,1000000.0,0.0,0.0,0.0,0.0,0.0,0.0,0.0,0.0,0.0,0.0,0.0,0.0,0.0,0.0,0.0,0.0,0.0,0.0,0.0,0.0,0.0,0.0,0.0,0.0,0.0,0.0,0.0,0.0,96.4552688690621,192.91053773812425,241.13817217265407,337.59344104171646,675.1868820834334,1398.601398601398,2363.1540872920177,3134.7962382445157,6269.592476489024,11285.266457680242,21364.842054497214,32553.653243308425,62744.152399324776,101760.3086568603,178972.75138654443,253773.81239450202,404244.0318302387,541789.245237521,705859.6575837955,786978.5387026767,899493.6098384374,946949.6021220158,976609.5972992524,986206.896551724,991753.0745116952,993682.1798890764,994357.3667711598,994646.732577767,995466.602363154,995804.1958041957,996045.3339763684,996382.9274174101,997106.3419339281,997443.9353749697,997974.4393537496,1000000.0,0.0,0.0,0.0,0.0,0.0,0.0,0.0,0.0,0.0,0.0,0.0,0.0,0.0,0.0,0.0,0.0,0.0,0.0,0.0,0.0,0.0,0.0,0.0,0.0,0.0,0.0,0.0,0.0,0.0,0.0,0.0,0.0,0.0,0.0,0.0,96.4552688690621,241.13817217265407,530.5039787798403,723.414516517964,1446.829033035929,2556.0646250301406,4147.576561369663,8102.242585001196,12298.046780805396,24451.41065830721,42006.26959247647,76006.75186882078,114878.2252230527,194357.36677115996,285893.41692789964,422956.35399083677,529250.060284543,685411.1405835544,799083.6749457439,894236.7976850733,937304.0752351097,966192.4282613937,976561.3696648179,980805.4014950566,982252.2305280925,983168.5555823486,983699.0595611285,984326.0188087773,1000000.0,96.4552688690621,96.4552688690621,96.4552688690621,96.4552688690621,96.4552688690621,96.4552688690621,96.4552688690621,96.4552688690621,96.4552688690621,96.4552688690621,96.4552688690621,96.4552688690621,96.4552688690621,96.4552688690621,96.4552688690621,96.4552688690621,96.4552688690621,96.4552688690621,96.4552688690621,96.4552688690621,96.4552688690621,96.4552688690621,96.4552688690621,96.4552688690621,96.4552688690621,96.4552688690621,96.4552688690621,96.4552688690621,96.4552688690621,96.4552688690621,96.4552688690621,96.4552688690621,96.4552688690621,96.4552688690621,96.4552688690621,96.4552688690621,96.4552688690621,96.4552688690621,96.4552688690621,96.4552688690621,96.4552688690621,96.4552688690621,96.4552688690621,96.4552688690621,96.4552688690621,96.4552688690621,96.4552688690621,96.4552688690621,96.4552688690621,96.4552688690621,96.4552688690621,96.4552688690621,96.4552688690621,96.4552688690621,96.4552688690621,96.4552688690621,96.4552688690621,96.4552688690621,96.4552688690621,96.4552688690621,96.4552688690621,96.4552688690621,96.4552688690621,1000000.0
FLINT,MAGNUM03,F,na,na,na,na,2025_03_11-09_22_56,na,4,4,Yes,1,na,48.22763443453082,127851.45888594168,0.0,30.0,48.0,0.0,,,,48.22763443453082,225415.9633469979,0.0,30.0,48.0,0.0,27.0,8.0,11.0,21.0,3.0,9.0,14.0,-4.0,3.0,11.0,-15.0,0.0,6.0,-22.0,0.0,3.0,-24.0,0.0,5.0,-23.0,0.0,17.0,44.0,44.0,52.0,52.0,63.0,20.0,41.0,46.0,49.0,54.0,63.0,24.0,38.0,50.0,46.0,60.0,63.0,25.0,36.0,59.0,44.0,63.0,63.0,27.0,33.0,63.0,41.0,63.0,63.0,29.0,32.0,63.0,39.0,63.0,63.0,28.0,33.0,63.0,40.0,63.0,63.0,32.0,0.0,63.0,30.0,63.0,36.0,63.0,0.0,3.5930548745099693,3.132662074582156,3.142536101348106,0.4374894505865458,30.0,160.0,2652.5198938992025,2652.5198938992025,2652.5198938992025,2797.202797202796,2941.8857005063924,3038.3409693754506,3520.617313720762,4678.080540149494,6896.551724137931,13937.786351579458,28647.21485411141,55558.234868579726,97082.22811671092,167735.71256329885,270315.89100554615,335857.2462020737,483867.8562816494,599228.3578490475,700024.1138172172,775789.7275138655,842054.4972269108,896407.0412346275,935760.7909332046,959681.6976127321,982300.4581625271,994019.7733301182,998553.1709669641,999517.7236556546,999855.3170966964,1000000.0,1000000.0,1000000.0,1000000.0,1000000.0,1000000.0,1000000.0,1000000.0,1000000.0,1000000.0,1000000.0,1000000.0,1000000.0,1000000.0,1000000.0,1000000.0,1000000.0,1000000.0,1000000.0,1000000.0,1000000.0,1000000.0,1000000.0,1000000.0,1000000.0,1000000.0,1000000.0,1000000.0,1000000.0,1000000.0,1000000.0,1000000.0,1000000.0,1000000.0,1000000.0,0.0,0.0,0.0,0.0,0.0,0.0,0.0,0.0,0.0,0.0,0.0,0.0,0.0,0.0,0.0,0.0,0.0,0.0,0.0,0.0,0.0,0.0,0.0,0.0,0.0,0.0,0.0,0.0,0.0,0.0,96.4552688690621,144.68290330359284,530.5039787798403,1446.829033035929,2073.7882806848356,4051.121292500604,8005.7873161321395,14468.290330359305,29322.401736194817,47021.94357366771,94236.79768507364,161321.43718350612,275428.02025560645,386062.2136484205,558620.6896551724,703834.0969375452,842102.7248613455,893224.0173619484,956788.0395466601,975548.5893416927,983409.6937545212,986255.1241861585,988280.6848324089,989293.4651555341,990450.9283819628,990981.4323607427,991608.3916083915,992524.7166626477,993537.4969857727,994502.0496744635,995370.147094285,995948.8787074994,997009.886665059,1000000.0,0.0,0.0,0.0,0.0,0.0,0.0,0.0,0.0,0.0,0.0,0.0,0.0,0.0,0.0,0.0,0.0,0.0,0.0,0.0,0.0,0.0,0.0,0.0,0.0,0.0,0.0,0.0,0.0,0.0,0.0,0.0,0.0,0.0,0.0,0.0,0.0,48.22763443453082,144.68290330359284,144.68290330359284,434.04870991077877,916.3250542560885,1639.7395707740552,3183.023872679041,5208.58451892934,10465.39667229322,20544.972269110207,43404.87099107788,67566.91584277792,127899.68652037604,204870.99107788765,341403.42416204483,444080.0578731613,618953.4603327706,752061.7313720762,877935.8572462022,924330.8415722209,960019.2910537738,969954.1837472871,975259.2235350856,976850.7354714251,978104.6539667229,979020.9790209789,979889.0764408004,1000000.0,48.22763443453082,48.22763443453082,48.22763443453082,48.22763443453082,48.22763443453082,48.22763443453082,48.22763443453082,48.22763443453082,48.22763443453082,48.22763443453082,48.22763443453082,48.22763443453082,48.22763443453082,48.22763443453082,48.22763443453082,48.22763443453082,48.22763443453082,48.22763443453082,48.22763443453082,48.22763443453082,48.22763443453082,48.22763443453082,48.22763443453082,48.22763443453082,48.22763443453082,48.22763443453082,48.22763443453082,48.22763443453082,48.22763443453082,48.22763443453082,48.22763443453082,48.22763443453082,48.22763443453082,48.22763443453082,48.22763443453082,48.22763443453082,48.22763443453082,48.22763443453082,48.22763443453082,48.22763443453082,48.22763443453082,48.22763443453082,48.22763443453082,48.22763443453082,48.22763443453082,48.22763443453082,48.22763443453082,48.22763443453082,48.22763443453082,48.22763443453082,48.22763443453082,48.22763443453082,48.22763443453082,48.22763443453082,48.22763443453082,48.22763443453082,48.22763443453082,48.22763443453082,48.22763443453082,48.22763443453082,48.22763443453082,48.22763443453082,48.22763443453082,1000000.0
FLINT,MAGNUM03,F,na,na,na,na,2025_03_11-09_22_56,na,4,5,Yes,1,na,0.0,34675.66915842777,18905.23269833623,31.0,49.0,62.0,,,,0.0,68000.96455268867,18905.23269833623,31.0,49.0,62.0,26.0,10.0,9.0,20.0,6.0,7.0,14.0,-2.0,4.0,12.0,-14.0,0.0,9.0,-18.0,0.0,5.0,-20.0,0.0,7.0,-19.0,0.0,18.0,44.0,44.0,54.0,54.0,63.0,21.0,41.0,46.0,52.0,56.0,63.0,24.0,38.0,51.0,49.0,59.0,63.0,25.0,37.0,61.0,47.0,63.0,63.0,26.0,35.0,63.0,45.0,63.0,63.0,28.0,33.0,63.0,43.0,63.0,63.0,27.0,34.0,63.0,44.0,63.0,63.0,30.0,0.0,63.0,32.0,63.0,42.0,63.0,63.0,3.2491921997532627,3.2344713193943972,2.491153473280612,0.0,30.0,160.0,4533.397636845913,4533.397636845913,4533.397636845913,4581.625271280436,4581.625271280436,4581.625271280436,4581.625271280436,4774.535809018565,5112.12925006028,5980.226669881832,8632.74656378105,13793.103448275855,26091.150229081253,53195.080781287645,111020.01446829025,159199.42126838682,287726.0670364118,420110.9235591994,553074.5116952013,658934.1692789969,764456.2334217506,844610.5618519413,911743.4289848082,947528.3337352304,981914.6370870508,995080.7812876777,998938.9920424403,999710.6341933928,999903.5447311308,999951.7723655654,1000000.0,1000000.0,1000000.0,1000000.0,1000000.0,1000000.0,1000000.0,1000000.0,1000000.0,1000000.0,1000000.0,1000000.0,1000000.0,1000000.0,1000000.0,1000000.0,1000000.0,1000000.0,1000000.0,1000000.0,1000000.0,1000000.0,1000000.0,1000000.0,1000000.0,1000000.0,1000000.0,1000000.0,1000000.0,1000000.0,1000000.0,1000000.0,1000000.0,1000000.0,0.0,0.0,0.0,0.0,0.0,0.0,0.0,0.0,0.0,0.0,0.0,0.0,0.0,0.0,0.0,0.0,0.0,0.0,0.0,0.0,0.0,0.0,0.0,0.0,0.0,0.0,0.0,0.0,0.0,0.0,0.0,0.0,96.4552688690621,337.59344104171646,1302.1461297323344,1977.3330118157653,5112.12925006028,11526.404629852897,27537.979262117184,48324.089703400066,107740.53532674228,190595.6112852664,333735.2302869544,460573.9088497709,650253.1950807812,790595.6112852666,901422.7152158186,935616.108029901,965324.3308415723,972124.427296841,975066.3129973474,977381.2394502049,979599.7106341934,981384.133108271,983699.0595611285,985097.6609597298,986785.6281649384,988136.0019291054,990354.4731130938,991560.1639739571,993682.1798890764,995032.5536532432,996431.1550518447,1000000.0,0.0,0.0,0.0,0.0,0.0,0.0,0.0,0.0,0.0,0.0,0.0,0.0,0.0,0.0,0.0,0.0,0.0,0.0,0.0,0.0,0.0,0.0,0.0,0.0,0.0,0.0,0.0,0.0,0.0,0.0,0.0,0.0,0.0,0.0,0.0,0.0,0.0,0.0,0.0,0.0,0.0,0.0,144.68290330359284,241.13817217265407,626.959247648901,1543.2843019049903,3713.527851458888,7330.600434048703,17169.037858693027,33373.52302869545,66409.45261634915,106679.52736918251,201253.91849529778,319508.07812876767,537979.2621171932,695876.5372558475,875186.8820834338,947238.9679286231,974246.4432119604,978731.6132143717,980516.0356884495,981094.7673016638,981914.6370870508,1000000.0,0.0,0.0,0.0,0.0,0.0,0.0,0.0,0.0,0.0,0.0,0.0,0.0,0.0,0.0,0.0,0.0,0.0,0.0,0.0,0.0,0.0,0.0,0.0,0.0,0.0,0.0,0.0,0.0,0.0,0.0,0.0,0.0,0.0,0.0,0.0,0.0,0.0,0.0,0.0,0.0,0.0,0.0,0.0,0.0,0.0,0.0,0.0,0.0,0.0,0.0,0.0,0.0,0.0,0.0,0.0,0.0,0.0,0.0,0.0,0.0,0.0,0.0,0.0,1000000.0
FLINT,MAGNUM03,F,na,na,na,na,2025_03_11-09_22_56,na,4,6,Yes,1,na,0.0,48709.910778876314,1302.1461297323394,30.0,48.0,61.0,,,,0.0,66216.54207861112,1639.7395707741225,30.0,48.0,61.0,25.0,9.0,10.0,20.0,5.0,9.0,16.0,0.0,7.0,14.0,-2.0,6.0,11.0,-9.0,1.0,9.0,-17.0,-2.0,11.0,-14.0,-1.0,19.0,44.0,44.0,53.0,53.0,63.0,22.0,42.0,46.0,51.0,54.0,63.0,24.0,40.0,48.0,48.0,56.0,63.0,25.0,39.0,49.0,47.0,57.0,63.0,26.0,37.0,54.0,45.0,61.0,62.0,27.0,36.0,61.0,44.0,63.0,61.0,26.0,37.0,58.0,44.0,63.0,62.0,27.0,0.0,63.0,33.0,63.0,43.0,63.0,59.0,3.172792491059656,2.0096844631274156,1.8947135527822765,0.06358956354789325,30.0,160.0,8729.201832650102,8729.201832650102,8729.201832650102,8825.657101519182,8922.112370388226,8922.112370388226,8970.34000482275,9018.567639257291,9163.250542560887,9500.843983602605,10465.39667229322,12008.680974198212,16734.989148782235,28357.849047504198,58596.57583795512,85652.278755727,189872.19676874846,310103.6894140342,460477.4535809018,582252.2305280926,721871.2322160598,825657.1015191705,911888.1118881119,955196.5276103207,990595.6112852665,997974.4393537496,999855.3170966964,1000000.0,1000000.0,1000000.0,1000000.0,1000000.0,1000000.0,1000000.0,1000000.0,1000000.0,1000000.0,1000000.0,1000000.0,1000000.0,1000000.0,1000000.0,1000000.0,1000000.0,1000000.0,1000000.0,1000000.0,1000000.0,1000000.0,1000000.0,1000000.0,1000000.0,1000000.0,1000000.0,1000000.0,1000000.0,1000000.0,1000000.0,1000000.0,1000000.0,1000000.0,1000000.0,1000000.0,1000000.0,0.0,0.0,0.0,0.0,0.0,0.0,0.0,0.0,0.0,0.0,0.0,0.0,0.0,0.0,0.0,0.0,0.0,0.0,0.0,0.0,0.0,0.0,0.0,0.0,0.0,0.0,0.0,0.0,0.0,0.0,0.0,0.0,0.0,48.22763443453082,96.4552688690621,144.68290330359284,530.5039787798403,1446.829033035929,4581.625271280436,10754.762478900398,34434.530986255086,76344.34530986252,179117.434289848,294767.30166385334,521244.2729684109,721388.9558717145,901133.3494092115,951290.0892211237,990306.2454786592,995900.6510730648,997636.845912708,998119.1222570533,998167.3498914879,998697.8538702676,999083.6749457439,999131.9025801783,999276.585483482,999469.4960212201,999662.4065589582,999710.6341933928,999807.0894622619,999951.7723655654,1000000.0,1000000.0,0.0,0.0,0.0,0.0,0.0,0.0,0.0,0.0,0.0,0.0,0.0,0.0,0.0,0.0,0.0,0.0,0.0,0.0,0.0,0.0,0.0,0.0,0.0,0.0,0.0,0.0,0.0,0.0,0.0,0.0,0.0,0.0,0.0,0.0,0.0,0.0,0.0,0.0,0.0,0.0,0.0,0.0,0.0,144.68290330359284,771.6421509524955,1591.5119363395213,4774.535809018565,10127.80323125151,26476.971304557497,56571.0151917049,139619.00168796725,230672.77550036163,453146.8531468531,666071.8591753074,886665.0590788522,957897.2751386545,991222.5705329153,997154.5695683626,998360.2604292259,998504.9433325295,998697.8538702676,998842.5367735712,998987.2196768748,1000000.0,0.0,0.0,0.0,0.0,0.0,0.0,0.0,0.0,0.0,0.0,0.0,0.0,0.0,0.0,0.0,0.0,0.0,0.0,0.0,0.0,0.0,0.0,0.0,0.0,0.0,0.0,0.0,0.0,0.0,0.0,0.0,0.0,0.0,0.0,0.0,0.0,0.0,0.0,0.0,0.0,0.0,0.0,0.0,0.0,0.0,0.0,0.0,0.0,0.0,0.0,0.0,0.0,0.0,0.0,0.0,0.0,0.0,0.0,0.0,48.22763443453082,48.22763443453082,434.04870991077877,2170.2435495538875,1000000.0
FLINT,MAGNUM03,F,na,na,na,na,2025_03_11-09_22_56,na,4,7,Yes,1,na,0.0,94863.7569327226,8777.429467084708,31.5,48.0,62.0,,,,0.0,140101.27803231246,8970.340004822832,31.5,48.0,62.0,27.0,7.0,11.0,22.0,3.0,9.0,16.0,-2.0,7.0,14.0,-4.0,0.0,11.0,-16.0,0.0,10.0,-21.0,-1.0,10.0,-19.0,0.0,18.0,45.0,45.0,52.0,52.0,63.0,21.0,43.0,47.0,50.0,54.0,63.0,24.0,40.0,49.0,47.0,56.0,63.0,25.0,39.0,50.0,46.0,63.0,63.0,26.0,37.0,60.0,44.0,63.0,63.0,26.0,36.0,63.0,42.0,63.0,62.0,26.0,36.0,62.0,43.0,63.0,63.0,29.0,0.0,63.0,34.0,63.0,40.0,63.0,60.0,3.032425058908053,2.2711242637150924,2.3443052630429184,0.03256876144534968,30.0,160.0,2797.202797202796,2893.6580660718573,2893.6580660718573,2941.8857005063924,2941.8857005063924,2941.8857005063924,2990.1133349409165,3086.56860380998,3279.479141548107,4436.942367976849,8150.470219435744,12973.233662888826,28888.35302628405,61586.689172896055,130696.88931757906,178538.7026766338,335953.7014709428,471569.809500844,613166.1442006269,706341.9339281408,813407.2823727996,882951.5312273932,943814.8058837713,969375.4521340728,992958.7653725585,998408.4880636605,999903.5447311308,1000000.0,1000000.0,1000000.0,1000000.0,1000000.0,1000000.0,1000000.0,1000000.0,1000000.0,1000000.0,1000000.0,1000000.0,1000000.0,1000000.0,1000000.0,1000000.0,1000000.0,1000000.0,1000000.0,1000000.0,1000000.0,1000000.0,1000000.0,1000000.0,1000000.0,1000000.0,1000000.0,1000000.0,1000000.0,1000000.0,1000000.0,1000000.0,1000000.0,1000000.0,1000000.0,1000000.0,1000000.0,0.0,0.0,0.0,0.0,0.0,0.0,0.0,0.0,0.0,0.0,0.0,0.0,0.0,0.0,0.0,0.0,0.0,0.0,0.0,0.0,0.0,0.0,0.0,0.0,0.0,0.0,0.0,0.0,0.0,0.0,0.0,0.0,0.0,0.0,48.22763443453082,192.91053773812425,723.414516517964,2266.6988184229576,5546.177959971061,9790.2097902098,29515.312273932934,66071.8591753075,152785.14588859427,245719.79744393536,446925.4883047986,631637.3281890523,834386.3033518206,905136.2430672774,975886.1827827344,989245.2375210995,993923.318061249,994646.732577767,995225.4641909814,995707.7405353268,996286.472148541,996768.7484928863,997347.4801061008,997829.756450446,998167.3498914879,998601.3986013986,998987.2196768748,999228.3578490474,999565.9512900892,1000000.0,0.0,0.0,0.0,0.0,0.0,0.0,0.0,0.0,0.0,0.0,0.0,0.0,0.0,0.0,0.0,0.0,0.0,0.0,0.0,0.0,0.0,0.0,0.0,0.0,0.0,0.0,0.0,0.0,0.0,0.0,0.0,0.0,0.0,0.0,0.0,0.0,0.0,0.0,0.0,0.0,48.22763443453082,192.91053773812425,289.36580660718624,578.7316132143711,1832.650108512174,4147.576561369663,13503.73764166868,27103.930552206417,63708.70508801545,116035.68844948165,238099.83120327955,353749.69857728475,573571.2563298771,754039.0643838919,913576.0790933204,960983.8437424643,983699.0595611285,988473.595370147,989968.6520376175,990354.4731130938,990740.29418857,991222.5705329153,992283.578490475,1000000.0,0.0,0.0,0.0,0.0,0.0,0.0,0.0,0.0,0.0,0.0,0.0,0.0,0.0,0.0,0.0,0.0,0.0,0.0,0.0,0.0,0.0,0.0,0.0,0.0,0.0,0.0,0.0,0.0,0.0,0.0,0.0,0.0,0.0,0.0,0.0,0.0,0.0,0.0,0.0,0.0,0.0,0.0,0.0,0.0,0.0,0.0,0.0,0.0,0.0,0.0,0.0,0.0,0.0,0.0,0.0,0.0,0.0,0.0,0.0,0.0,48.22763443453082,192.91053773812425,241.13817217265407,1000000.0
FLINT,MAGNUM03,F,na,na,na,na,2025_03_11-09_22_56,na,4,8,Yes,1,na,0.0,170484.68772606712,916.3250542560967,31.0,49.0,62.0,,,,0.0,309476.73016638553,916.3250542560967,31.0,49.0,62.0,29.0,6.0,11.0,23.0,1.0,9.0,17.0,-4.0,7.0,15.0,-6.0,6.0,12.0,-10.0,4.0,8.0,-22.0,0.0,10.0,-16.0,0.0,17.0,46.0,46.0,52.0,52.0,63.0,21.0,44.0,48.0,49.0,54.0,63.0,24.0,41.0,50.0,46.0,56.0,63.0,25.0,40.0,51.0,45.0,57.0,63.0,26.0,38.0,53.0,43.0,59.0,63.0,28.0,36.0,63.0,41.0,63.0,63.0,27.0,37.0,58.0,42.0,63.0,63.0,28.0,0.0,63.0,34.0,63.0,40.0,63.0,62.0,3.239208432301514,2.303467428925579,2.436202746161581,0.006944276993437237,30.0,160.0,2941.8857005063924,2990.1133349409165,3086.56860380998,3086.56860380998,3086.56860380998,3375.934410417169,3520.617313720762,3665.3002170243526,4292.259464673261,6703.6411863998055,11478.176995418351,20255.606462503023,45623.342175066275,88787.07499397153,172365.56546901367,226814.5647455992,391656.6192428261,524282.6139377863,648661.6831444417,736628.8883530262,827586.2068965517,889655.172413793,938027.4897516277,959488.787074994,985531.7096696406,995563.0576320231,999131.9025801783,999855.3170966964,1000000.0,1000000.0,1000000.0,1000000.0,1000000.0,1000000.0,1000000.0,1000000.0,1000000.0,1000000.0,1000000.0,1000000.0,1000000.0,1000000.0,1000000.0,1000000.0,1000000.0,1000000.0,1000000.0,1000000.0,1000000.0,1000000.0,1000000.0,1000000.0,1000000.0,1000000.0,1000000.0,1000000.0,1000000.0,1000000.0,1000000.0,1000000.0,1000000.0,1000000.0,1000000.0,1000000.0,0.0,0.0,0.0,0.0,0.0,0.0,0.0,0.0,0.0,0.0,0.0,0.0,0.0,0.0,0.0,0.0,0.0,0.0,0.0,0.0,0.0,0.0,0.0,0.0,0.0,0.0,0.0,0.0,0.0,0.0,0.0,0.0,0.0,0.0,48.22763443453082,144.68290330359284,482.27634434531,868.0974198215577,2363.1540872920177,5401.495056667472,13166.144200626935,27103.930552206417,61297.32336628891,103592.9587653725,212008.6809741982,343959.4887870749,552302.8695442488,666120.086809742,861007.9575596816,943284.3019049915,984760.0675186882,994116.2285989872,998119.1222570533,998842.5367735712,998987.2196768748,999131.9025801783,999228.3578490474,999228.3578490474,999565.9512900892,999565.9512900892,999662.4065589582,999758.8618278273,999807.0894622619,1000000.0,0.0,0.0,0.0,0.0,0.0,0.0,0.0,0.0,0.0,0.0,0.0,0.0,0.0,0.0,0.0,0.0,0.0,0.0,0.0,0.0,0.0,0.0,0.0,0.0,0.0,0.0,0.0,0.0,0.0,0.0,0.0,0.0,0.0,0.0,0.0,0.0,0.0,0.0,0.0,0.0,96.4552688690621,337.59344104171646,1157.4632264287443,1880.8777429467057,5546.177959971061,12683.867856281646,28984.80829515312,47359.53701470944,103351.82059319991,170532.91536050153,298625.51241861586,406655.41355196526,615673.9811912226,767639.2572944297,909766.0959729925,956788.0395466601,987653.7255847601,995514.8299975885,998263.8051603568,998746.0815047021,999035.4473113093,999083.6749457439,999228.3578490474,1000000.0,0.0,0.0,0.0,0.0,0.0,0.0,0.0,0.0,0.0,0.0,0.0,0.0,0.0,0.0,0.0,0.0,0.0,0.0,0.0,0.0,0.0,0.0,0.0,0.0,0.0,0.0,0.0,0.0,0.0,0.0,0.0,0.0,0.0,0.0,0.0,0.0,0.0,0.0,0.0,0.0,0.0,0.0,0.0,0.0,0.0,0.0,0.0,0.0,0.0,0.0,0.0,0.0,0.0,0.0,0.0,0.0,0.0,0.0,0.0,0.0,0.0,0.0,48.22763443453082,1000000.0
FLINT,MAGNUM03,F,na,na,na,na,2025_03_11-09_22_56,na,4,9,Yes,1,na,144.68290330359284,0.0,13648.420544972305,30.5,0.0,62.0,,,,144.68290330359284,0.0,13648.420544972305,30.5,0.0,62.0,30.0,5.0,12.0,23.0,0.0,9.0,16.0,-7.0,6.0,11.0,-10.0,0.0,6.0,-20.0,0.0,3.0,-27.0,0.0,4.0,-26.0,0.0,16.0,46.0,46.0,51.0,51.0,63.0,20.0,43.0,48.0,48.0,54.0,63.0,24.0,40.0,51.0,44.0,57.0,63.0,26.0,37.0,52.0,42.0,63.0,63.0,28.0,34.0,59.0,39.0,63.0,63.0,29.0,32.0,63.0,36.0,63.0,63.0,28.0,32.0,63.0,37.0,63.0,63.0,31.0,0.0,63.0,16.0,63.0,0.0,63.0,63.0,3.7130157566229127,2.8781572534397886,3.3495525840667018,0.0,30.0,160.0,2266.6988184229576,2314.926452857486,2411.3817217265464,2507.836990595609,2652.5198938992025,2893.6580660718573,3665.3002170243526,5112.12925006028,9645.526886906195,20689.655172413797,42922.5946467326,78321.67832167831,140101.27803231255,229129.4911984567,343236.07427055703,423293.9474318784,569857.7284784181,669688.9317578973,758090.1856763925,816445.623342175,872293.2240173619,910971.7868338556,941210.5136243067,958861.827827345,978635.1579455027,989341.6927899687,996238.2445141064,998456.7156980949,999710.6341933928,999903.5447311308,1000000.0,1000000.0,1000000.0,1000000.0,1000000.0,1000000.0,1000000.0,1000000.0,1000000.0,1000000.0,1000000.0,1000000.0,1000000.0,1000000.0,1000000.0,1000000.0,1000000.0,1000000.0,1000000.0,1000000.0,1000000.0,1000000.0,1000000.0,1000000.0,1000000.0,1000000.0,1000000.0,1000000.0,1000000.0,1000000.0,1000000.0,1000000.0,1000000.0,1000000.0,0.0,0.0,0.0,0.0,0.0,0.0,0.0,0.0,0.0,0.0,0.0,0.0,0.0,0.0,0.0,0.0,48.22763443453082,48.22763443453082,48.22763443453082,48.22763443453082,48.22763443453082,48.22763443453082,48.22763443453082,48.22763443453082,48.22763443453082,48.22763443453082,96.4552688690621,96.4552688690621,96.4552688690621,96.4552688690621,96.4552688690621,192.91053773812425,578.7316132143711,868.0974198215577,1639.7395707740552,2025.5606462503029,4244.031830238725,7427.055702917767,13214.371835061467,21268.386785628147,41138.172172654944,70315.89100554615,126693.99565951289,186640.9452616349,311502.29081263556,440945.26163491677,616011.5746322643,716710.8753315649,863949.843260188,932143.7183506148,973185.4352544007,986110.4412828551,994309.1391367252,996334.6997829756,997443.9353749697,997877.9840848806,998167.3498914879,998263.8051603568,998456.7156980949,998746.0815047021,998938.9920424403,999131.9025801783,999228.3578490474,1000000.0,48.22763443453082,48.22763443453082,48.22763443453082,48.22763443453082,48.22763443453082,48.22763443453082,48.22763443453082,48.22763443453082,48.22763443453082,48.22763443453082,48.22763443453082,48.22763443453082,48.22763443453082,48.22763443453082,48.22763443453082,48.22763443453082,48.22763443453082,48.22763443453082,48.22763443453082,48.22763443453082,48.22763443453082,48.22763443453082,48.22763443453082,48.22763443453082,48.22763443453082,48.22763443453082,48.22763443453082,48.22763443453082,48.22763443453082,48.22763443453082,48.22763443453082,48.22763443453082,96.4552688690621,96.4552688690621,144.68290330359284,192.91053773812425,241.13817217265407,578.7316132143711,1253.9184952978064,1446.829033035929,3183.023872679041,5305.039787798405,10995.900651073063,17024.354955389445,32119.60453339764,53918.495297805646,99638.29274174113,144586.44803472393,237279.96141789237,340390.6438389197,494767.30166385334,600385.8210754762,746660.2363154087,839932.4813117917,917578.9727513866,948492.8864239209,971642.1509524958,980226.6698818422,983795.5148299976,985145.8885941644,985917.5307451169,986351.5794550277,987316.1321437183,1000000.0,0.0,0.0,0.0,0.0,0.0,0.0,0.0,0.0,0.0,0.0,0.0,0.0,0.0,0.0,0.0,0.0,0.0,0.0,0.0,0.0,0.0,0.0,0.0,0.0,0.0,0.0,0.0,0.0,0.0,0.0,0.0,0.0,0.0,0.0,0.0,0.0,0.0,0.0,0.0,0.0,0.0,0.0,0.0,0.0,0.0,0.0,0.0,0.0,0.0,0.0,0.0,0.0,0.0,0.0,0.0,0.0,0.0,0.0,0.0,0.0,0.0,0.0,0.0,1000000.0
FLINT,MAGNUM03,F,na,na,na,na,2025_03_11-09_22_56,na,4,10,Yes,1,na,0.0,40704.12346274417,16783.216783216812,28.5,48.0,62.0,,,,0.0,55847.60067518697,16831.444417651343,28.5,48.0,62.0,24.0,11.0,10.0,19.0,7.0,9.0,14.0,-5.0,6.0,12.0,-13.0,0.0,9.0,-18.0,0.0,7.0,-19.0,0.0,7.0,-19.0,0.0,18.0,42.0,42.0,53.0,53.0,63.0,21.0,40.0,44.0,51.0,54.0,63.0,24.0,38.0,53.0,48.0,57.0,63.0,24.0,36.0,60.0,47.0,63.0,63.0,25.0,34.0,63.0,45.0,63.0,63.0,26.0,33.0,63.0,44.0,63.0,63.0,26.0,33.0,63.0,44.0,63.0,63.0,27.0,0.0,63.0,30.0,63.0,41.0,63.0,62.0,4.312191480516594,3.274353720491114,2.3364430130618636,0.009820453887798475,30.0,160.0,36218.95346033274,36315.408729201816,36315.408729201816,36363.636363636375,36460.09163250545,36460.09163250545,36604.774535809054,36701.229804678085,36797.68507354718,37472.8719556306,39112.61152640461,42054.49722691106,50590.78852182297,69351.33831685554,111068.2421027248,142271.52158186646,273547.1425126597,400868.09741982154,552254.6419098143,659946.949602122,787123.2216059802,876826.6216542078,949650.3496503496,977043.6460091631,996093.561610803,999324.8131179166,999951.7723655654,1000000.0,1000000.0,1000000.0,1000000.0,1000000.0,1000000.0,1000000.0,1000000.0,1000000.0,1000000.0,1000000.0,1000000.0,1000000.0,1000000.0,1000000.0,1000000.0,1000000.0,1000000.0,1000000.0,1000000.0,1000000.0,1000000.0,1000000.0,1000000.0,1000000.0,1000000.0,1000000.0,1000000.0,1000000.0,1000000.0,1000000.0,1000000.0,1000000.0,1000000.0,1000000.0,1000000.0,1000000.0,0.0,0.0,0.0,0.0,0.0,0.0,0.0,0.0,0.0,0.0,0.0,0.0,0.0,0.0,0.0,0.0,0.0,0.0,0.0,0.0,0.0,0.0,0.0,0.0,0.0,0.0,0.0,0.0,0.0,0.0,48.22763443453082,48.22763443453082,192.91053773812425,578.7316132143711,1398.601398601398,2748.975162768264,7716.421509524954,18519.411622859883,51796.47938268629,89848.08295153118,218471.18398842536,368266.2165420786,586206.896551724,719315.1675910297,870508.8015432842,929442.9708222811,954858.934169279,959295.8765372558,964166.8676151434,966578.2493368699,969809.5008439835,971593.9233180612,975259.2235350856,978201.1092355918,981384.133108271,983747.2871955631,986833.855799373,989582.8309621413,991849.5297805641,993489.2693513383,995466.602363154,996624.0655895828,998215.5775259222,1000000.0,0.0,0.0,0.0,0.0,0.0,0.0,0.0,0.0,0.0,0.0,0.0,0.0,0.0,0.0,0.0,0.0,0.0,0.0,0.0,0.0,0.0,0.0,0.0,0.0,0.0,0.0,0.0,0.0,0.0,0.0,0.0,0.0,0.0,0.0,0.0,0.0,0.0,0.0,0.0,0.0,0.0,48.22763443453082,96.4552688690621,192.91053773812425,723.414516517964,2170.2435495538875,5449.72269110199,10754.762478900398,27634.43453098625,58017.8442247408,141306.96889317594,240221.8471183988,442777.91174342897,651217.7477694718,865251.9893899204,936677.1159874607,972510.2483723173,978538.7026766337,980950.0843983602,981625.2712804436,982445.1410658307,983216.7832167832,984374.2464432119,1000000.0,0.0,0.0,0.0,0.0,0.0,0.0,0.0,0.0,0.0,0.0,0.0,0.0,0.0,0.0,0.0,0.0,0.0,0.0,0.0,0.0,0.0,0.0,0.0,0.0,0.0,0.0,0.0,0.0,0.0,0.0,0.0,0.0,0.0,0.0,0.0,0.0,0.0,0.0,0.0,0.0,0.0,0.0,0.0,0.0,0.0,0.0,0.0,0.0,0.0,0.0,0.0,0.0,0.0,0.0,0.0,0.0,0.0,0.0,0.0,0.0,0.0,0.0,96.4552688690621,1000000.0
FLINT,MAGNUM03,F,na,na,na,na,2025_03_11-09_22_56,na,4,11,Yes,1,na,0.0,376995.4183747287,96.4552688690621,33.0,50.0,0.0,,,,0.0,651700.0241138173,96.4552688690621,33.0,50.0,0.0,31.0,4.0,11.0,25.0,-1.0,9.0,18.0,-8.0,7.0,15.0,-11.0,6.0,10.0,-14.0,4.0,7.0,-18.0,0.0,8.0,-17.0,0.0,17.0,48.0,48.0,52.0,52.0,63.0,21.0,46.0,50.0,49.0,54.0,63.0,25.0,43.0,53.0,45.0,56.0,63.0,26.0,41.0,54.0,43.0,57.0,63.0,28.0,38.0,55.0,41.0,59.0,63.0,29.0,36.0,56.0,38.0,63.0,63.0,29.0,37.0,56.0,39.0,63.0,63.0,32.0,0.0,63.0,34.0,63.0,34.0,63.0,0.0,3.476449039898513,2.4369300152393736,2.6889148441179436,0.7577174106292265,30.0,160.0,2797.202797202796,2990.1133349409165,3279.479141548107,3472.38967928623,3665.3002170243526,3858.2107547624714,4051.121292500604,4292.259464673261,5739.088497709187,7716.421509524954,13166.144200626935,21075.47624789003,45382.20400289366,85073.54714251269,163057.6320231492,215577.52592235347,384229.5635399083,505088.015432843,631733.7834579214,703400.0482276344,797106.3419339282,856956.8362671811,913045.5751145405,937400.5305039788,969278.9968652037,985097.6609597298,994743.187846636,997877.9840848806,999373.040752351,999903.5447311308,1000000.0,1000000.0,1000000.0,1000000.0,1000000.0,1000000.0,1000000.0,1000000.0,1000000.0,1000000.0,1000000.0,1000000.0,1000000.0,1000000.0,1000000.0,1000000.0,1000000.0,1000000.0,1000000.0,1000000.0,1000000.0,1000000.0,1000000.0,1000000.0,1000000.0,1000000.0,1000000.0,1000000.0,1000000.0,1000000.0,1000000.0,1000000.0,1000000.0,1000000.0,0.0,0.0,0.0,0.0,0.0,0.0,0.0,0.0,0.0,0.0,0.0,0.0,0.0,0.0,0.0,0.0,0.0,0.0,0.0,0.0,0.0,0.0,0.0,0.0,0.0,0.0,0.0,0.0,0.0,0.0,0.0,0.0,0.0,0.0,192.91053773812425,192.91053773812425,434.04870991077877,916.3250542560885,1832.650108512174,2507.836990595609,5353.267422232942,9115.022908126357,19435.736677115998,29997.588618278234,63129.973474801096,113190.25801784416,225030.14227152153,309621.41306968895,525054.2560887388,679913.1902580177,844707.0171208102,912177.477694719,972462.0207378828,990354.4731130938,997492.1630094043,999180.1302146129,1000000.0,1000000.0,1000000.0,1000000.0,1000000.0,1000000.0,1000000.0,1000000.0,0.0,0.0,0.0,0.0,0.0,0.0,0.0,0.0,0.0,0.0,0.0,0.0,0.0,0.0,0.0,0.0,0.0,0.0,0.0,0.0,0.0,0.0,0.0,0.0,0.0,0.0,0.0,0.0,0.0,0.0,0.0,0.0,0.0,0.0,48.22763443453082,48.22763443453082,96.4552688690621,192.91053773812425,385.82107547624787,819.8697853870253,1350.373764166866,2122.0159151193625,4533.397636845913,6848.3240897033975,14130.696889317576,25898.23969134314,51073.06486616835,80925.97058114297,149119.84567156978,228936.58066071858,377043.64600916323,496455.26886906195,671618.0371352785,800385.8210754762,920086.8097419821,959922.8357849047,988039.5466602363,994984.3260188088,998408.4880636605,998842.5367735712,999324.8131179166,999421.2683867855,999469.4960212201,1000000.0,144.68290330359284,144.68290330359284,144.68290330359284,144.68290330359284,144.68290330359284,144.68290330359284,144.68290330359284,144.68290330359284,144.68290330359284,144.68290330359284,144.68290330359284,144.68290330359284,144.68290330359284,144.68290330359284,144.68290330359284,144.68290330359284,144.68290330359284,144.68290330359284,144.68290330359284,144.68290330359284,144.68290330359284,144.68290330359284,144.68290330359284,144.68290330359284,144.68290330359284,144.68290330359284,144.68290330359284,144.68290330359284,144.68290330359284,144.68290330359284,144.68290330359284,144.68290330359284,144.68290330359284,144.68290330359284,144.68290330359284,144.68290330359284,144.68290330359284,144.68290330359284,144.68290330359284,144.68290330359284,144.68290330359284,144.68290330359284,144.68290330359284,144.68290330359284,144.68290330359284,144.68290330359284,144.68290330359284,144.68290330359284,144.68290330359284,144.68290330359284,144.68290330359284,144.68290330359284,144.68290330359284,144.68290330359284,144.68290330359284,144.68290330359284,144.68290330359284,144.68290330359284,144.68290330359284,144.68290330359284,144.68290330359284,144.68290330359284,144.68290330359284,1000000.0
FLINT,MAGNUM03,F,na,na,na,na,2025_03_11-09_22_56,na,4,12,Yes,1,na,0.0,145743.91126115253,48.22763443453082,29.5,48.0,0.0,,,,0.0,252037.61755485903,48.22763443453082,29.5,48.0,0.0,27.0,7.0,12.0,21.0,2.0,9.0,15.0,-3.0,7.0,11.0,-6.0,5.0,8.0,-16.0,0.0,4.0,-24.0,0.0,6.0,-22.0,0.0,17.0,44.0,44.0,51.0,51.0,63.0,21.0,42.0,47.0,49.0,54.0,63.0,24.0,39.0,49.0,46.0,56.0,63.0,26.0,37.0,50.0,44.0,58.0,63.0,27.0,35.0,58.0,42.0,63.0,63.0,28.0,32.0,63.0,39.0,63.0,63.0,28.0,34.0,63.0,41.0,63.0,63.0,29.0,0.0,63.0,30.0,63.0,38.0,63.0,0.0,3.533618125716946,2.6035358027691613,2.669427043475684,0.6186885949313036,30.0,160.0,5305.039787798405,5353.267422232942,5449.72269110199,5546.177959971061,5594.405594405593,5690.860863274664,5883.771401012779,6221.364842054485,7571.738606221362,10706.534844465874,19532.191945985043,32360.742705570286,67422.2329394743,122401.73619483963,217603.08656860385,266795.27369182545,439884.2536773571,556402.218471184,675717.3860622137,749602.122015915,833952.2546419099,887774.2946708463,933735.2302869543,954569.5683626716,978924.52375211,991126.1152640462,998263.8051603568,999469.4960212201,999951.7723655654,1000000.0,1000000.0,1000000.0,1000000.0,1000000.0,1000000.0,1000000.0,1000000.0,1000000.0,1000000.0,1000000.0,1000000.0,1000000.0,1000000.0,1000000.0,1000000.0,1000000.0,1000000.0,1000000.0,1000000.0,1000000.0,1000000.0,1000000.0,1000000.0,1000000.0,1000000.0,1000000.0,1000000.0,1000000.0,1000000.0,1000000.0,1000000.0,1000000.0,1000000.0,1000000.0,0.0,0.0,0.0,0.0,0.0,0.0,0.0,0.0,0.0,0.0,0.0,0.0,0.0,0.0,0.0,0.0,0.0,0.0,0.0,0.0,0.0,0.0,0.0,0.0,0.0,0.0,0.0,0.0,0.0,0.0,48.22763443453082,48.22763443453082,241.13817217265407,530.5039787798403,1061.0079575596806,1929.1053773812387,4147.576561369663,7668.193875090419,16879.672052085858,27055.70291777187,64673.257776706014,117241.37931034478,219725.1024837231,315649.86737400526,501856.76392572944,656040.511212925,822088.2565710151,887099.1077887628,962575.3556788039,983795.5148299976,994212.6838678562,996045.3339763684,997154.5695683626,997492.1630094043,997829.756450446,998070.8946226187,998215.5775259222,998649.626235833,998842.5367735712,998987.2196768748,999131.9025801783,999228.3578490474,999228.3578490474,1000000.0,0.0,0.0,0.0,0.0,0.0,0.0,0.0,0.0,0.0,0.0,0.0,0.0,0.0,0.0,0.0,0.0,0.0,0.0,0.0,0.0,0.0,0.0,0.0,0.0,0.0,0.0,0.0,0.0,0.0,0.0,0.0,0.0,0.0,0.0,0.0,0.0,0.0,0.0,192.91053773812425,337.59344104171646,482.27634434531,1157.4632264287443,2797.202797202796,4629.85290571497,10754.762478900398,20352.061731372072,45816.252712804395,74174.10176030862,145792.13889558718,227296.84108994447,375114.540631782,503351.8205931998,676923.0769230769,807234.1451651795,923221.6059802268,962768.266216542,986978.5387026767,992862.3101036893,994936.0983843743,995514.8299975885,995755.9681697612,995997.1063419338,996141.7892452375,1000000.0,96.4552688690621,96.4552688690621,96.4552688690621,96.4552688690621,96.4552688690621,96.4552688690621,96.4552688690621,96.4552688690621,96.4552688690621,96.4552688690621,96.4552688690621,96.4552688690621,96.4552688690621,96.4552688690621,96.4552688690621,96.4552688690621,96.4552688690621,96.4552688690621,96.4552688690621,96.4552688690621,96.4552688690621,96.4552688690621,96.4552688690621,96.4552688690621,96.4552688690621,96.4552688690621,96.4552688690621,96.4552688690621,96.4552688690621,96.4552688690621,96.4552688690621,96.4552688690621,96.4552688690621,96.4552688690621,96.4552688690621,96.4552688690621,96.4552688690621,96.4552688690621,96.4552688690621,96.4552688690621,96.4552688690621,96.4552688690621,96.4552688690621,96.4552688690621,96.4552688690621,96.4552688690621,96.4552688690621,96.4552688690621,96.4552688690621,96.4552688690621,96.4552688690621,96.4552688690621,96.4552688690621,96.4552688690621,96.4552688690621,96.4552688690621,96.4552688690621,96.4552688690621,96.4552688690621,96.4552688690621,96.4552688690621,96.4552688690621,96.4552688690621,1000000.0
FLINT,MAGNUM03,F,na,na,na,na,2025_03_11-09_22_56,na,4,13,Yes,1,na,48.22763443453082,284253.67735712556,1832.6501085121924,30.5,49.0,62.0,,,,48.22763443453082,440221.84711839876,1832.6501085121924,30.5,49.0,62.0,29.0,5.0,12.0,23.0,0.0,9.0,15.0,-6.0,7.0,12.0,-10.0,5.0,7.0,-13.0,0.0,3.0,-21.0,0.0,5.0,-16.0,0.0,17.0,46.0,46.0,51.0,51.0,63.0,21.0,44.0,48.0,48.0,54.0,63.0,25.0,40.0,51.0,45.0,56.0,63.0,26.0,38.0,52.0,42.0,58.0,63.0,28.0,35.0,53.0,40.0,63.0,63.0,29.0,32.0,57.0,36.0,63.0,63.0,28.0,33.0,54.0,38.0,63.0,63.0,30.0,0.0,63.0,28.0,63.0,31.0,63.0,63.0,3.566664469367501,2.6307446737962823,2.923199771775173,0.0,30.0,160.0,2748.975162768264,2797.202797202796,2893.6580660718573,2941.8857005063924,3038.3409693754506,3183.023872679041,3520.617313720762,4099.348926935128,5980.226669881832,9693.754521340716,19001.68796720521,32553.653243308425,67518.68820834334,125536.53243308415,217169.03785869302,264239.2090667952,429225.94646732573,548010.6100795756,671087.5331564986,738075.7173860621,820689.6551724138,875090.4268145647,920472.6308174584,942994.9360983843,969905.9561128526,986158.6689172896,996093.561610803,998553.1709669641,999807.0894622619,1000000.0,1000000.0,1000000.0,1000000.0,1000000.0,1000000.0,1000000.0,1000000.0,1000000.0,1000000.0,1000000.0,1000000.0,1000000.0,1000000.0,1000000.0,1000000.0,1000000.0,1000000.0,1000000.0,1000000.0,1000000.0,1000000.0,1000000.0,1000000.0,1000000.0,1000000.0,1000000.0,1000000.0,1000000.0,1000000.0,1000000.0,1000000.0,1000000.0,1000000.0,1000000.0,0.0,0.0,0.0,0.0,0.0,0.0,0.0,0.0,0.0,0.0,0.0,0.0,0.0,0.0,0.0,0.0,0.0,0.0,0.0,0.0,0.0,0.0,0.0,0.0,0.0,0.0,0.0,0.0,48.22763443453082,48.22763443453082,48.22763443453082,96.4552688690621,385.82107547624787,675.1868820834334,1253.9184952978064,1639.7395707740552,2941.8857005063924,4822.763443453095,8536.291294911978,13407.2823727996,26621.654207861102,46057.39088497706,93465.15553412105,140101.27803231255,251700.02411381714,382204.002893658,569857.7284784181,670267.6633711116,844031.8302387268,924861.3455510007,974487.5813841331,988184.22956354,996527.6103207137,998794.3091391367,999662.4065589582,999807.0894622619,999807.0894622619,999903.5447311308,999903.5447311308,999903.5447311308,999951.7723655654,999951.7723655654,999951.7723655654,1000000.0,0.0,0.0,0.0,0.0,0.0,0.0,0.0,0.0,0.0,0.0,0.0,0.0,0.0,0.0,0.0,0.0,0.0,0.0,0.0,0.0,0.0,0.0,0.0,0.0,0.0,0.0,0.0,0.0,0.0,0.0,0.0,48.22763443453082,48.22763443453082,48.22763443453082,96.4552688690621,192.91053773812425,241.13817217265407,289.36580660718624,723.414516517964,916.3250542560885,1639.7395707740552,2797.202797202796,6751.868820834333,11188.811188811189,21268.386785628147,38003.37593441041,73402.45960935614,114685.31468531462,190402.7007475283,284301.90499156015,432312.5150711357,539184.9529780564,699686.5203761755,816204.4851700023,919266.939956595,958234.868579696,983168.5555823486,992235.3508560404,996865.2037617555,997540.3906438388,998022.6669881842,998167.3498914879,998360.2604292259,1000000.0,0.0,0.0,0.0,0.0,0.0,0.0,0.0,0.0,0.0,0.0,0.0,0.0,0.0,0.0,0.0,0.0,0.0,0.0,0.0,0.0,0.0,0.0,0.0,0.0,0.0,0.0,0.0,0.0,0.0,0.0,0.0,0.0,0.0,0.0,0.0,0.0,0.0,0.0,0.0,0.0,0.0,0.0,0.0,0.0,0.0,0.0,0.0,0.0,0.0,0.0,0.0,0.0,0.0,0.0,0.0,0.0,0.0,0.0,0.0,0.0,0.0,0.0,0.0,1000000.0
FLINT,MAGNUM03,F,na,na,na,na,2025_03_11-09_22_56,na,4,14,Yes,1,na,0.0,38292.7417410177,48.22763443453082,31.0,48.0,0.0,,,,0.0,62503.014227152256,48.22763443453082,31.0,48.0,0.0,25.0,9.0,10.0,20.0,5.0,9.0,14.0,0.0,7.0,12.0,-8.0,0.0,9.0,-16.0,0.0,6.0,-20.0,-1.0,9.0,-19.0,0.0,19.0,44.0,44.0,53.0,53.0,63.0,22.0,42.0,46.0,51.0,54.0,63.0,25.0,39.0,48.0,48.0,56.0,63.0,26.0,38.0,55.0,47.0,63.0,63.0,27.0,36.0,61.0,45.0,63.0,63.0,28.0,34.0,63.0,43.0,63.0,62.0,27.0,36.0,63.0,44.0,63.0,63.0,29.0,0.0,63.0,33.0,63.0,40.0,63.0,0.0,3.4506479746076013,2.4857406807390383,2.1705655053704955,0.6188425464008723,30.0,160.0,11478.176995418351,11526.404629852897,11526.404629852897,11526.404629852897,11526.404629852897,11526.404629852897,11526.404629852897,11526.404629852897,11574.632264287418,11815.770436460101,12442.729684109,13744.875813841316,18422.956353990838,30238.72679045093,60477.45358090182,88208.34338075711,199131.90258017837,319845.6715698095,471521.5818664094,587412.5874125874,714347.7212442729,808632.746563781,884253.6773571254,926549.3127562092,972654.9312756208,991415.4810706534,998504.9433325295,999758.8618278273,999951.7723655654,1000000.0,1000000.0,1000000.0,1000000.0,1000000.0,1000000.0,1000000.0,1000000.0,1000000.0,1000000.0,1000000.0,1000000.0,1000000.0,1000000.0,1000000.0,1000000.0,1000000.0,1000000.0,1000000.0,1000000.0,1000000.0,1000000.0,1000000.0,1000000.0,1000000.0,1000000.0,1000000.0,1000000.0,1000000.0,1000000.0,1000000.0,1000000.0,1000000.0,1000000.0,1000000.0,0.0,0.0,0.0,0.0,0.0,0.0,0.0,0.0,0.0,0.0,0.0,0.0,0.0,0.0,0.0,0.0,0.0,0.0,0.0,0.0,0.0,0.0,0.0,0.0,0.0,0.0,0.0,0.0,0.0,0.0,0.0,0.0,0.0,48.22763443453082,337.59344104171646,530.5039787798403,2073.7882806848356,3954.6660236315374,10658.30721003135,23342.17506631299,70991.07788762964,144152.3993248131,286182.7827345069,420930.79334458645,649578.0081986978,810706.534844466,928237.2799614178,961707.2582589823,983554.3766578248,987267.9045092838,988714.7335423196,989727.5138654449,990933.2047263081,991753.0745116952,993344.5864480347,994164.4562334217,995080.7812876777,995900.6510730648,996431.1550518447,997058.1142994935,998070.8946226187,998842.5367735712,999131.9025801783,1000000.0,0.0,0.0,0.0,0.0,0.0,0.0,0.0,0.0,0.0,0.0,0.0,0.0,0.0,0.0,0.0,0.0,0.0,0.0,0.0,0.0,0.0,0.0,0.0,0.0,0.0,0.0,0.0,0.0,0.0,0.0,0.0,0.0,0.0,0.0,0.0,0.0,0.0,0.0,0.0,0.0,48.22763443453082,96.4552688690621,96.4552688690621,241.13817217265407,578.7316132143711,1446.829033035929,4002.8936580660734,9211.4781769954,24258.500120569093,52182.30045816258,123703.88232457185,220834.3380757174,409259.70581142994,623727.9961417892,853773.8123945019,938799.1319025801,979503.2553653242,985290.571497468,986930.3110682421,987171.4492404147,988136.0019291054,988762.9611767542,990016.879672052,1000000.0,96.4552688690621,96.4552688690621,96.4552688690621,96.4552688690621,96.4552688690621,96.4552688690621,96.4552688690621,96.4552688690621,96.4552688690621,96.4552688690621,96.4552688690621,96.4552688690621,96.4552688690621,96.4552688690621,96.4552688690621,96.4552688690621,96.4552688690621,96.4552688690621,96.4552688690621,96.4552688690621,96.4552688690621,96.4552688690621,96.4552688690621,96.4552688690621,96.4552688690621,96.4552688690621,96.4552688690621,96.4552688690621,96.4552688690621,96.4552688690621,96.4552688690621,96.4552688690621,96.4552688690621,96.4552688690621,96.4552688690621,96.4552688690621,96.4552688690621,96.4552688690621,96.4552688690621,96.4552688690621,96.4552688690621,96.4552688690621,96.4552688690621,96.4552688690621,96.4552688690621,96.4552688690621,96.4552688690621,96.4552688690621,96.4552688690621,96.4552688690621,96.4552688690621,96.4552688690621,96.4552688690621,96.4552688690621,96.4552688690621,96.4552688690621,96.4552688690621,96.4552688690621,96.4552688690621,96.4552688690621,96.4552688690621,96.4552688690621,289.36580660718624,1000000.0
FLINT,MAGNUM03,F,na,na,na,na,2025_03_11-09_22_56,na,4,15,Yes,1,na,0.0,181094.76730166384,96.4552688690621,31.0,49.0,0.0,,,,0.0,327562.0930793346,96.4552688690621,31.0,49.0,0.0,28.0,6.0,11.0,23.0,1.0,9.0,16.0,-4.0,7.0,14.0,-8.0,6.0,9.0,-10.0,4.0,6.0,-16.0,0.0,8.0,-12.0,0.0,18.0,46.0,46.0,52.0,52.0,63.0,21.0,44.0,48.0,49.0,54.0,63.0,25.0,41.0,50.0,46.0,56.0,63.0,26.0,40.0,52.0,44.0,57.0,63.0,28.0,37.0,52.0,42.0,59.0,63.0,29.0,35.0,55.0,39.0,63.0,63.0,28.0,36.0,53.0,41.0,63.0,63.0,30.0,0.0,63.0,32.0,63.0,37.0,63.0,0.0,3.542536317521218,2.330478866069966,2.5300431824024647,0.7577174106292265,30.0,160.0,6269.592476489024,6269.592476489024,6317.820110923553,6366.047745358085,6510.730648661682,6558.958283096219,6751.868820834333,6800.096455268857,7619.966240655894,8680.97419821557,12925.006028454296,18664.09452616349,39257.29442970819,73257.77670605255,136194.83964311547,175982.6380516035,339522.54641909816,463226.4287436701,596527.6103207137,678321.6783216783,784711.8398842537,849047.5042199179,904412.8285507596,928189.0523269833,966722.9322401736,982541.5963346998,995225.4641909814,998312.0327947914,999807.0894622619,1000000.0,1000000.0,1000000.0,1000000.0,1000000.0,1000000.0,1000000.0,1000000.0,1000000.0,1000000.0,1000000.0,1000000.0,1000000.0,1000000.0,1000000.0,1000000.0,1000000.0,1000000.0,1000000.0,1000000.0,1000000.0,1000000.0,1000000.0,1000000.0,1000000.0,1000000.0,1000000.0,1000000.0,1000000.0,1000000.0,1000000.0,1000000.0,1000000.0,1000000.0,1000000.0,0.0,0.0,0.0,0.0,0.0,0.0,0.0,0.0,0.0,0.0,0.0,0.0,0.0,0.0,0.0,0.0,0.0,0.0,0.0,0.0,0.0,0.0,0.0,0.0,0.0,0.0,0.0,0.0,0.0,0.0,0.0,0.0,48.22763443453082,96.4552688690621,144.68290330359284,385.82107547624787,578.7316132143711,1591.5119363395213,3809.9831203279427,6124.909573185426,15336.387750180844,29418.857005063877,66023.63154087293,103641.18639980702,206076.6819387509,328333.7352302869,529394.7431878466,648806.3660477453,853532.6742223293,940197.7333011815,982686.2792380033,992910.5377381239,998794.3091391367,999565.9512900892,999855.3170966964,999903.5447311308,999903.5447311308,999903.5447311308,999903.5447311308,999903.5447311308,999903.5447311308,999903.5447311308,999903.5447311308,1000000.0,0.0,0.0,0.0,0.0,0.0,0.0,0.0,0.0,0.0,0.0,0.0,0.0,0.0,0.0,0.0,0.0,0.0,0.0,0.0,0.0,0.0,0.0,0.0,0.0,0.0,0.0,0.0,0.0,0.0,0.0,0.0,0.0,0.0,0.0,0.0,0.0,0.0,48.22763443453082,192.91053773812425,241.13817217265407,434.04870991077877,868.0974198215577,1880.8777429467057,3279.479141548107,6993.006993006999,13600.192910537737,33084.15722208825,58258.9823969134,113142.03038340976,181142.99493609837,319315.1675910296,426042.9225946467,617120.8102242585,762478.9004099348,903592.9587653725,954328.430190499,986785.6281649384,994936.0983843743,998215.5775259222,998794.3091391367,999228.3578490474,999324.8131179166,999469.4960212201,1000000.0,144.68290330359284,144.68290330359284,144.68290330359284,144.68290330359284,144.68290330359284,144.68290330359284,144.68290330359284,144.68290330359284,144.68290330359284,144.68290330359284,144.68290330359284,144.68290330359284,144.68290330359284,144.68290330359284,144.68290330359284,144.68290330359284,144.68290330359284,144.68290330359284,144.68290330359284,144.68290330359284,144.68290330359284,144.68290330359284,144.68290330359284,144.68290330359284,144.68290330359284,144.68290330359284,144.68290330359284,144.68290330359284,144.68290330359284,144.68290330359284,144.68290330359284,144.68290330359284,144.68290330359284,144.68290330359284,144.68290330359284,144.68290330359284,144.68290330359284,144.68290330359284,144.68290330359284,144.68290330359284,144.68290330359284,144.68290330359284,144.68290330359284,144.68290330359284,144.68290330359284,144.68290330359284,144.68290330359284,144.68290330359284,144.68290330359284,144.68290330359284,144.68290330359284,144.68290330359284,144.68290330359284,144.68290330359284,144.68290330359284,144.68290330359284,144.68290330359284,144.68290330359284,144.68290330359284,144.68290330359284,144.68290330359284,144.68290330359284,144.68290330359284,1000000.0
FLINT,MAGNUM03,F,na,na,na,na,2025_03_11-09_22_56,na,4,16,Yes,1,na,0.0,63660.47745358097,48.22763443453082,28.5,47.0,0.0,,,,0.0,96551.7241379311,48.22763443453082,28.5,47.0,0.0,26.0,8.0,11.0,19.0,4.0,9.0,14.0,-1.0,7.0,12.0,-3.0,0.0,9.0,-14.0,0.0,6.0,-22.0,0.0,7.0,-21.0,0.0,18.0,44.0,44.0,52.0,52.0,63.0,22.0,41.0,46.0,50.0,54.0,63.0,24.0,38.0,48.0,47.0,56.0,63.0,25.0,37.0,49.0,46.0,63.0,63.0,26.0,35.0,58.0,44.0,63.0,63.0,27.0,33.0,63.0,41.0,63.0,63.0,27.0,34.0,63.0,42.0,63.0,63.0,28.0,0.0,63.0,29.0,63.0,39.0,63.0,0.0,3.1471664445733922,2.4090382494905356,2.4673705395880954,0.6186885949313036,30.0,160.0,3713.527851458888,3809.9831203279427,3858.2107547624714,3906.438389197008,4002.8936580660734,4002.8936580660734,4099.348926935128,4195.804195804195,4533.397636845913,5305.039787798405,6751.868820834333,10031.347962382453,21123.70388232458,42826.139377863445,90185.67639257296,122546.41909814317,263853.38799131894,389245.23752109957,544972.2691102001,639594.8878707499,758138.4133108271,835977.8152881601,907258.2589823968,940872.920183265,979551.4829997588,994260.9115022907,999469.4960212201,999951.7723655654,1000000.0,1000000.0,1000000.0,1000000.0,1000000.0,1000000.0,1000000.0,1000000.0,1000000.0,1000000.0,1000000.0,1000000.0,1000000.0,1000000.0,1000000.0,1000000.0,1000000.0,1000000.0,1000000.0,1000000.0,1000000.0,1000000.0,1000000.0,1000000.0,1000000.0,1000000.0,1000000.0,1000000.0,1000000.0,1000000.0,1000000.0,1000000.0,1000000.0,1000000.0,1000000.0,1000000.0,0.0,0.0,0.0,0.0,0.0,0.0,0.0,0.0,0.0,0.0,0.0,0.0,0.0,0.0,0.0,0.0,0.0,0.0,0.0,0.0,0.0,0.0,0.0,0.0,0.0,0.0,0.0,0.0,0.0,48.22763443453082,96.4552688690621,96.4552688690621,144.68290330359284,337.59344104171646,1012.7803231251486,2073.7882806848356,5449.72269110199,9259.705811429942,23872.679045092835,39546.66023631541,99059.56112852665,182975.64504461054,336484.2054497227,461249.0957318544,678755.727031589,823004.5816252712,936339.5225464191,965806.6071859174,990402.7007475282,994260.9115022907,995321.9194598505,995948.8787074994,996913.43139619,997251.0248372317,997685.0735471424,998070.8946226187,998408.4880636605,998601.3986013986,998794.3091391367,998938.9920424403,999228.3578490474,999373.040752351,999517.7236556546,1000000.0,0.0,0.0,0.0,0.0,0.0,0.0,0.0,0.0,0.0,0.0,0.0,0.0,0.0,0.0,0.0,0.0,0.0,0.0,0.0,0.0,0.0,0.0,0.0,0.0,0.0,0.0,0.0,0.0,0.0,0.0,0.0,0.0,0.0,0.0,0.0,0.0,0.0,0.0,0.0,96.4552688690621,144.68290330359284,241.13817217265407,723.414516517964,1253.9184952978064,2507.836990595609,6124.909573185426,17313.720761996614,32939.474318784654,73354.23197492157,136677.11598746074,263515.7945502773,373908.8497709187,574873.4024596093,738220.4002893658,892789.9686520376,949939.7154569568,981528.8160115746,988136.0019291054,990643.8389197009,991463.7087050879,991994.2126838678,992380.033759344,993006.993006993,1000000.0,96.4552688690621,96.4552688690621,96.4552688690621,96.4552688690621,96.4552688690621,96.4552688690621,96.4552688690621,96.4552688690621,96.4552688690621,96.4552688690621,96.4552688690621,96.4552688690621,96.4552688690621,96.4552688690621,96.4552688690621,96.4552688690621,96.4552688690621,96.4552688690621,96.4552688690621,96.4552688690621,96.4552688690621,96.4552688690621,96.4552688690621,96.4552688690621,96.4552688690621,96.4552688690621,96.4552688690621,96.4552688690621,96.4552688690621,96.4552688690621,96.4552688690621,96.4552688690621,96.4552688690621,96.4552688690621,96.4552688690621,96.4552688690621,96.4552688690621,96.4552688690621,96.4552688690621,96.4552688690621,96.4552688690621,96.4552688690621,96.4552688690621,96.4552688690621,96.4552688690621,96.4552688690621,96.4552688690621,96.4552688690621,96.4552688690621,96.4552688690621,96.4552688690621,96.4552688690621,96.4552688690621,96.4552688690621,96.4552688690621,96.4552688690621,96.4552688690621,96.4552688690621,96.4552688690621,96.4552688690621,96.4552688690621,96.4552688690621,96.4552688690621,1000000.0
FLINT,MAGNUM03,F,na,na,na,na,2025_03_11-09_22_56,na,4,17,Yes,1,na,0.0,79382.686279238,1495.0566674705178,29.0,48.0,62.0,,,,0.0,153701.47094285028,1543.2843019050486,29.0,48.0,62.0,26.0,8.0,11.0,21.0,4.0,9.0,16.0,-1.0,7.0,13.0,-4.0,6.0,10.0,-7.0,1.0,6.0,-18.0,0.0,9.0,-11.0,0.0,18.0,44.0,44.0,52.0,52.0,63.0,21.0,42.0,46.0,50.0,54.0,63.0,24.0,40.0,48.0,47.0,56.0,63.0,25.0,38.0,49.0,45.0,57.0,63.0,26.0,36.0,50.0,43.0,62.0,63.0,27.0,33.0,59.0,41.0,63.0,63.0,26.0,35.0,53.0,42.0,63.0,63.0,28.0,0.0,63.0,30.0,63.0,35.0,63.0,60.0,3.165372435356342,2.2632075047290767,2.348728137986474,0.02195941428029117,30.0,160.0,3568.844948155295,3713.527851458888,3761.755485893413,3761.755485893413,3809.9831203279427,3954.6660236315374,4002.8936580660734,4195.804195804195,5256.812153363875,7234.145165179647,10176.030865686038,17265.49312756211,39112.61152640461,74704.60573908853,147528.3337352303,193826.8627923801,359054.7383650832,489414.03424162045,625512.4186158668,719170.484687726,813744.8758138412,882903.3035929587,941403.4241620448,967783.9401977332,992187.123221606,998167.3498914879,999565.9512900892,999903.5447311308,1000000.0,1000000.0,1000000.0,1000000.0,1000000.0,1000000.0,1000000.0,1000000.0,1000000.0,1000000.0,1000000.0,1000000.0,1000000.0,1000000.0,1000000.0,1000000.0,1000000.0,1000000.0,1000000.0,1000000.0,1000000.0,1000000.0,1000000.0,1000000.0,1000000.0,1000000.0,1000000.0,1000000.0,1000000.0,1000000.0,1000000.0,1000000.0,1000000.0,1000000.0,1000000.0,1000000.0,0.0,0.0,0.0,0.0,0.0,0.0,0.0,0.0,0.0,0.0,0.0,0.0,0.0,0.0,0.0,0.0,0.0,0.0,0.0,0.0,0.0,0.0,0.0,0.0,0.0,0.0,0.0,0.0,0.0,0.0,48.22763443453082,48.22763443453082,96.4552688690621,337.59344104171646,530.5039787798403,868.0974198215577,2122.0159151193625,4533.397636845913,12298.046780805396,20496.74463467567,54786.592717627216,104653.96672293231,215529.29828791894,320038.5821075476,525006.0284543043,702531.9508078129,868820.8343380757,925681.2153363877,981528.8160115746,993971.5456956836,998794.3091391367,999228.3578490474,999469.4960212201,999565.9512900892,999662.4065589582,999758.8618278273,999758.8618278273,999758.8618278273,999855.3170966964,999903.5447311308,999951.7723655654,999951.7723655654,999951.7723655654,1000000.0,0.0,0.0,0.0,0.0,0.0,0.0,0.0,0.0,0.0,0.0,0.0,0.0,0.0,0.0,0.0,0.0,0.0,0.0,0.0,0.0,0.0,0.0,0.0,0.0,0.0,0.0,0.0,0.0,0.0,0.0,0.0,0.0,0.0,0.0,0.0,48.22763443453082,48.22763443453082,48.22763443453082,48.22763443453082,96.4552688690621,192.91053773812425,289.36580660718624,964.5526886906189,1687.967205208584,4002.8936580660734,8488.063660477448,21075.47624789003,37955.148299975874,79430.91391367247,135953.70147094293,251603.56884494817,366192.4282613937,559633.4699782976,730455.7511454064,898336.1466120087,956980.9500843983,988521.8230045816,995611.2852664576,997877.9840848806,998263.8051603568,998408.4880636605,998504.9433325295,998746.0815047021,1000000.0,0.0,0.0,0.0,0.0,0.0,0.0,0.0,0.0,0.0,0.0,0.0,0.0,0.0,0.0,0.0,0.0,0.0,0.0,0.0,0.0,0.0,0.0,0.0,0.0,0.0,0.0,0.0,0.0,0.0,0.0,0.0,0.0,0.0,0.0,0.0,0.0,0.0,0.0,0.0,0.0,0.0,0.0,0.0,0.0,0.0,0.0,0.0,0.0,0.0,0.0,0.0,0.0,0.0,0.0,0.0,0.0,0.0,0.0,0.0,0.0,48.22763443453082,48.22763443453082,96.4552688690621,1000000.0
FLINT,MAGNUM03,F,na,na,na,na,2025_03_11-09_22_56,na,4,18,Yes,1,na,0.0,0.0,1495.0566674705178,28.0,0.0,62.0,,,,0.0,0.0,1832.6501085121924,28.0,0.0,62.0,25.0,10.0,10.0,20.0,5.0,9.0,14.0,1.0,7.0,12.0,-2.0,6.0,11.0,-7.0,0.0,7.0,-20.0,-1.0,8.0,-13.0,-1.0,18.0,43.0,43.0,53.0,53.0,63.0,21.0,41.0,45.0,50.0,54.0,63.0,24.0,38.0,47.0,48.0,56.0,63.0,25.0,37.0,48.0,46.0,57.0,63.0,25.0,36.0,51.0,44.0,63.0,63.0,26.0,33.0,62.0,42.0,63.0,62.0,26.0,34.0,56.0,43.0,63.0,62.0,27.0,0.0,63.0,29.0,63.0,0.0,63.0,61.0,3.8374775075411427,2.1339530410158596,2.1374118653738754,0.031815219681669935,30.0,160.0,22040.028936580668,22088.2565710152,22088.2565710152,22088.2565710152,22088.2565710152,22232.939474318777,22232.939474318777,22281.167108753332,22377.6223776224,22763.44345309863,24403.18302387266,26718.109476730133,34627.44152399321,51507.11357607905,91825.41596334698,115794.55027730901,244224.74077646495,366095.97299252474,527031.5891005546,628598.9872196768,758620.6896551724,848806.3660477452,925536.5324330841,958813.6001929105,991126.1152640462,998794.3091391367,999951.7723655654,1000000.0,1000000.0,1000000.0,1000000.0,1000000.0,1000000.0,1000000.0,1000000.0,1000000.0,1000000.0,1000000.0,1000000.0,1000000.0,1000000.0,1000000.0,1000000.0,1000000.0,1000000.0,1000000.0,1000000.0,1000000.0,1000000.0,1000000.0,1000000.0,1000000.0,1000000.0,1000000.0,1000000.0,1000000.0,1000000.0,1000000.0,1000000.0,1000000.0,1000000.0,1000000.0,1000000.0,1000000.0,0.0,0.0,0.0,0.0,0.0,0.0,0.0,0.0,0.0,0.0,0.0,0.0,0.0,0.0,0.0,0.0,0.0,0.0,0.0,0.0,0.0,0.0,0.0,0.0,0.0,0.0,0.0,0.0,0.0,48.22763443453082,48.22763443453082,48.22763443453082,144.68290330359284,241.13817217265407,578.7316132143711,1061.0079575596806,3231.251507113574,7909.3320472630785,22908.126356402227,40173.61948396432,110296.59995177238,200048.22763443447,378972.75138654443,520279.72027972026,750759.5852423438,885989.8721967688,969520.1350373763,984181.3359054738,996913.43139619,997974.4393537496,998697.8538702676,998746.0815047021,999180.1302146129,999228.3578490474,999421.2683867855,999469.4960212201,999614.1789245236,999710.6341933928,999710.6341933928,999710.6341933928,999758.8618278273,999807.0894622619,999903.5447311308,1000000.0,48.22763443453082,48.22763443453082,48.22763443453082,48.22763443453082,48.22763443453082,48.22763443453082,48.22763443453082,48.22763443453082,48.22763443453082,48.22763443453082,48.22763443453082,48.22763443453082,48.22763443453082,48.22763443453082,48.22763443453082,48.22763443453082,48.22763443453082,48.22763443453082,48.22763443453082,48.22763443453082,48.22763443453082,48.22763443453082,48.22763443453082,48.22763443453082,48.22763443453082,48.22763443453082,48.22763443453082,48.22763443453082,48.22763443453082,48.22763443453082,48.22763443453082,48.22763443453082,48.22763443453082,48.22763443453082,48.22763443453082,48.22763443453082,96.4552688690621,96.4552688690621,96.4552688690621,96.4552688690621,96.4552688690621,144.68290330359284,289.36580660718624,578.7316132143711,1398.601398601398,3279.479141548107,9597.299252471657,16686.761514347712,42970.82228116706,87292.01832650107,189920.42440318307,289944.5382204003,493175.78972751385,680781.2876778394,884398.3602604292,952640.4629852904,990933.2047263081,996768.7484928863,998070.8946226187,998167.3498914879,998263.8051603568,998504.9433325295,998601.3986013986,1000000.0,0.0,0.0,0.0,0.0,0.0,0.0,0.0,0.0,0.0,0.0,0.0,0.0,0.0,0.0,0.0,0.0,0.0,0.0,0.0,0.0,0.0,0.0,0.0,0.0,0.0,0.0,0.0,0.0,0.0,0.0,0.0,0.0,0.0,0.0,0.0,0.0,0.0,0.0,0.0,0.0,0.0,0.0,0.0,0.0,0.0,0.0,0.0,0.0,0.0,0.0,0.0,0.0,0.0,0.0,0.0,0.0,0.0,0.0,0.0,0.0,0.0,144.68290330359284,578.7316132143711,1000000.0
FLINT,MAGNUM03,F,na,na,na,na,2025_03_11-09_22_56,na,4,19,Yes,1,na,48.22763443457198,124764.89028213156,96.4552688690621,30.0,47.0,0.0,,,,96.45526886910281,196238.24451410645,96.4552688690621,30.0,47.0,0.0,26.0,8.0,11.0,19.0,3.0,9.0,13.0,-3.0,7.0,10.0,-6.0,5.0,7.0,-12.0,0.0,3.0,-23.0,0.0,5.0,-22.0,0.0,18.0,44.0,44.0,52.0,52.0,63.0,22.0,41.0,46.0,49.0,54.0,63.0,25.0,38.0,49.0,46.0,56.0,63.0,26.0,36.0,50.0,44.0,58.0,63.0,27.0,34.0,54.0,42.0,63.0,63.0,29.0,32.0,63.0,40.0,63.0,63.0,28.0,33.0,63.0,41.0,63.0,63.0,30.0,0.0,63.0,28.0,63.0,36.0,63.0,0.0,3.450680546399795,2.614409201490176,2.69074110244436,0.7577174106292265,30.0,160.0,5449.72269110199,5546.177959971061,5594.405594405593,5642.633228840121,5739.088497709187,5739.088497709187,5835.543766578246,5931.999035447306,6317.820110923553,7234.145165179647,11574.632264287418,16493.850976609592,32601.88087774292,63660.477453580876,118543.52544007712,155582.34868579695,308078.12876778387,431492.6452857487,568169.7612732095,655268.8690619725,761176.7542802026,835833.1323848565,898818.4229563541,931613.214371835,969086.0863274656,986882.0834338076,997009.886665059,998987.2196768748,999758.8618278273,999951.7723655654,1000000.0,1000000.0,1000000.0,1000000.0,1000000.0,1000000.0,1000000.0,1000000.0,1000000.0,1000000.0,1000000.0,1000000.0,1000000.0,1000000.0,1000000.0,1000000.0,1000000.0,1000000.0,1000000.0,1000000.0,1000000.0,1000000.0,1000000.0,1000000.0,1000000.0,1000000.0,1000000.0,1000000.0,1000000.0,1000000.0,1000000.0,1000000.0,1000000.0,1000000.0,0.0,0.0,0.0,0.0,0.0,0.0,0.0,0.0,0.0,0.0,0.0,0.0,0.0,0.0,0.0,0.0,0.0,0.0,0.0,0.0,0.0,0.0,0.0,0.0,0.0,0.0,0.0,0.0,48.22763443453082,48.22763443453082,96.4552688690621,96.4552688690621,289.36580660718624,675.1868820834334,1446.829033035929,2218.471183988428,6655.413551965274,12732.095490716194,27537.979262117184,42922.5946467326,97371.59392331807,169423.67976850737,297034.0004822764,403568.8449481553,597588.6182782734,738316.8555582347,875235.1097178684,922884.012539185,976898.9631058596,991077.8876296117,996624.0655895828,997540.3906438388,998312.0327947914,998601.3986013986,998794.3091391367,998890.7644080058,999180.1302146129,999324.8131179166,999373.040752351,999469.4960212201,999517.7236556546,999517.7236556546,999517.7236556546,1000000.0,0.0,0.0,0.0,0.0,0.0,0.0,0.0,0.0,0.0,0.0,0.0,0.0,0.0,0.0,0.0,0.0,0.0,0.0,0.0,0.0,0.0,0.0,0.0,0.0,0.0,0.0,0.0,0.0,0.0,0.0,0.0,0.0,0.0,0.0,0.0,0.0,96.4552688690621,144.68290330359284,144.68290330359284,144.68290330359284,482.27634434531,964.5526886906189,2652.5198938992025,4967.446346756688,10368.941403424169,20110.923559199407,43404.87099107788,71521.58186640943,144779.3585724621,227972.02797202792,376175.5485893416,489317.57897275133,659850.4943332529,789727.5138654449,915408.7292018327,958958.283096214,986592.7176272003,993441.0417169037,995418.3747287195,995804.1958041957,996141.7892452375,996382.9274174101,996575.8379551483,1000000.0,144.68290330359284,144.68290330359284,144.68290330359284,144.68290330359284,144.68290330359284,144.68290330359284,144.68290330359284,144.68290330359284,144.68290330359284,144.68290330359284,144.68290330359284,144.68290330359284,144.68290330359284,144.68290330359284,144.68290330359284,144.68290330359284,144.68290330359284,144.68290330359284,144.68290330359284,144.68290330359284,144.68290330359284,144.68290330359284,144.68290330359284,144.68290330359284,144.68290330359284,144.68290330359284,144.68290330359284,144.68290330359284,144.68290330359284,144.68290330359284,144.68290330359284,144.68290330359284,144.68290330359284,144.68290330359284,144.68290330359284,144.68290330359284,144.68290330359284,144.68290330359284,144.68290330359284,144.68290330359284,144.68290330359284,144.68290330359284,144.68290330359284,144.68290330359284,144.68290330359284,144.68290330359284,144.68290330359284,144.68290330359284,144.68290330359284,144.68290330359284,144.68290330359284,144.68290330359284,144.68290330359284,144.68290330359284,144.68290330359284,144.68290330359284,144.68290330359284,144.68290330359284,144.68290330359284,144.68290330359284,144.68290330359284,144.68290330359284,144.68290330359284,1000000.0
FLINT,MAGNUM03,F,na,na,na,na,2025_03_11-09_22_56,na,4,20,Yes,1,na,0.0,122498.1914637086,48.22763443453082,32.0,49.0,59.0,,,,0.0,223342.17506631298,48.22763443453082,32.0,49.0,59.0,26.0,6.0,11.0,21.0,2.0,9.0,17.0,-2.0,8.0,14.0,-4.0,7.0,11.0,-6.0,6.0,7.0,-10.0,3.0,10.0,-8.0,5.0,20.0,46.0,46.0,52.0,52.0,63.0,23.0,44.0,48.0,50.0,54.0,63.0,25.0,42.0,50.0,48.0,55.0,63.0,26.0,40.0,50.0,46.0,56.0,63.0,27.0,38.0,51.0,45.0,57.0,63.0,29.0,36.0,53.0,43.0,58.0,61.0,28.0,38.0,52.0,44.0,57.0,62.0,29.0,0.0,58.0,35.0,58.0,41.0,63.0,58.0,3.111049674666747,2.0678301814299633,2.0199673294765876,0.06131225470777449,30.0,160.0,5112.12925006028,5256.812153363875,5401.495056667472,5401.495056667472,5449.72269110199,5546.177959971061,5642.633228840121,5739.088497709187,5787.316132143714,6028.454304316367,6655.413551965274,7571.738606221362,10658.30721003135,16734.989148782235,32939.474318784654,47890.04099348927,118591.7530745117,206028.45430431637,357463.2264287436,466505.9078852182,617265.4931275621,736484.2054497227,840655.8958283095,895104.895104895,957029.1777188329,983843.742464432,997058.1142994935,998794.3091391367,999855.3170966964,1000000.0,1000000.0,1000000.0,1000000.0,1000000.0,1000000.0,1000000.0,1000000.0,1000000.0,1000000.0,1000000.0,1000000.0,1000000.0,1000000.0,1000000.0,1000000.0,1000000.0,1000000.0,1000000.0,1000000.0,1000000.0,1000000.0,1000000.0,1000000.0,1000000.0,1000000.0,1000000.0,1000000.0,1000000.0,1000000.0,1000000.0,1000000.0,1000000.0,1000000.0,1000000.0,0.0,0.0,0.0,0.0,0.0,0.0,0.0,0.0,0.0,0.0,0.0,0.0,0.0,0.0,0.0,0.0,0.0,0.0,0.0,0.0,0.0,0.0,0.0,0.0,0.0,0.0,0.0,0.0,0.0,0.0,0.0,0.0,0.0,0.0,0.0,96.4552688690621,241.13817217265407,289.36580660718624,1398.601398601398,2363.1540872920177,7427.055702917767,18278.273450687222,50639.01615625752,98866.65059078853,222232.93947431876,382638.05160356883,606993.0069930069,717723.6556546901,899156.0163973956,964793.8268627924,993875.0904268145,998794.3091391367,999807.0894622619,999903.5447311308,1000000.0,1000000.0,1000000.0,1000000.0,1000000.0,1000000.0,1000000.0,1000000.0,1000000.0,1000000.0,0.0,0.0,0.0,0.0,0.0,0.0,0.0,0.0,0.0,0.0,0.0,0.0,0.0,0.0,0.0,0.0,0.0,0.0,0.0,0.0,0.0,0.0,0.0,0.0,0.0,0.0,0.0,0.0,0.0,0.0,0.0,0.0,0.0,0.0,0.0,0.0,0.0,0.0,0.0,0.0,0.0,96.4552688690621,192.91053773812425,434.04870991077877,964.5526886906189,2363.1540872920177,7861.104412828547,18133.590547383632,56715.698095008425,122546.41909814317,285266.4576802507,439594.8878707499,630721.0031347962,787171.4492404147,931950.8078128768,979213.8895587171,996190.0168796721,999565.9512900892,1000000.0,1000000.0,1000000.0,1000000.0,1000000.0,1000000.0,0.0,0.0,0.0,0.0,0.0,0.0,0.0,0.0,0.0,0.0,0.0,0.0,0.0,0.0,0.0,0.0,0.0,0.0,0.0,0.0,0.0,0.0,0.0,0.0,0.0,0.0,0.0,0.0,0.0,0.0,0.0,0.0,0.0,0.0,0.0,0.0,0.0,0.0,0.0,0.0,0.0,0.0,0.0,0.0,0.0,0.0,0.0,0.0,0.0,0.0,0.0,0.0,0.0,0.0,0.0,0.0,0.0,0.0,48.22763443453082,96.4552688690621,144.68290330359284,337.59344104171646,916.3250542560885,1000000.0
FLINT,MAGNUM03,F,na,na,na,na,2025_03_11-09_22_56,na,4,21,Yes,1,na,0.0,959006.5107306486,971883.2891246685,29.0,62.0,62.0,,,,0.0,987460.815047022,971883.2891246685,29.0,62.0,62.0,63.0,0.0,0.0,63.0,0.0,0.0,55.0,-7.0,0.0,43.0,-11.0,0.0,37.0,-14.0,0.0,30.0,-17.0,0.0,32.0,-16.0,0.0,0.0,63.0,63.0,63.0,63.0,63.0,0.0,63.0,63.0,63.0,63.0,63.0,0.0,55.0,63.0,56.0,63.0,63.0,1.0,44.0,63.0,52.0,63.0,63.0,5.0,42.0,63.0,49.0,63.0,63.0,9.0,39.0,63.0,46.0,63.0,63.0,8.0,40.0,63.0,47.0,63.0,63.0,21.0,0.0,63.0,37.0,63.0,44.0,63.0,63.0,0.34117695612155363,2.4720220805951683,1.5516734420036566,0.0,30.0,160.0,993537.4969857727,995707.7405353268,996720.5208584518,997733.301181577,998553.1709669641,998987.2196768748,999276.585483482,999469.4960212201,999855.3170966964,1000000.0,1000000.0,1000000.0,1000000.0,1000000.0,1000000.0,1000000.0,1000000.0,1000000.0,1000000.0,1000000.0,1000000.0,1000000.0,1000000.0,1000000.0,1000000.0,1000000.0,1000000.0,1000000.0,1000000.0,1000000.0,1000000.0,1000000.0,1000000.0,1000000.0,1000000.0,1000000.0,1000000.0,1000000.0,1000000.0,1000000.0,1000000.0,1000000.0,1000000.0,1000000.0,1000000.0,1000000.0,1000000.0,1000000.0,1000000.0,1000000.0,1000000.0,1000000.0,1000000.0,1000000.0,1000000.0,1000000.0,1000000.0,1000000.0,1000000.0,1000000.0,1000000.0,1000000.0,1000000.0,1000000.0,0.0,0.0,0.0,0.0,0.0,0.0,0.0,0.0,0.0,0.0,0.0,0.0,0.0,0.0,0.0,0.0,0.0,0.0,0.0,0.0,0.0,0.0,0.0,0.0,0.0,0.0,0.0,0.0,0.0,0.0,0.0,0.0,0.0,0.0,0.0,0.0,0.0,48.22763443453082,144.68290330359284,337.59344104171646,723.414516517964,1302.1461297323344,2748.975162768264,4292.259464673261,6607.1859175307445,8922.112370388226,11671.08753315649,12298.046780805396,14034.24162044851,14612.973233662888,15577.525922353496,16349.168073306007,18278.273450687222,19676.87484928863,22377.6223776224,23824.451410658283,25994.694960212186,28261.393778635178,31396.190016879682,33614.66120086806,37424.64432119603,40993.48926935134,46973.715939233174,1000000.0,0.0,0.0,0.0,0.0,0.0,0.0,0.0,0.0,0.0,0.0,0.0,0.0,0.0,0.0,0.0,0.0,0.0,0.0,0.0,0.0,0.0,0.0,0.0,0.0,0.0,0.0,0.0,0.0,0.0,0.0,0.0,0.0,0.0,0.0,0.0,0.0,0.0,0.0,0.0,0.0,0.0,0.0,0.0,0.0,48.22763443453082,48.22763443453082,241.13817217265407,578.7316132143711,1157.4632264287443,1880.8777429467057,3617.07258258982,5112.12925006028,7041.234627441522,9452.616349168073,14516.517964793811,18808.777429467067,23920.90667952736,26187.605497950302,27345.068724379063,27875.572703158876,28068.483240897014,28116.71087533155,28502.531950807803,1000000.0,0.0,0.0,0.0,0.0,0.0,0.0,0.0,0.0,0.0,0.0,0.0,0.0,0.0,0.0,0.0,0.0,0.0,0.0,0.0,0.0,0.0,0.0,0.0,0.0,0.0,0.0,0.0,0.0,0.0,0.0,0.0,0.0,0.0,0.0,0.0,0.0,0.0,0.0,0.0,0.0,0.0,0.0,0.0,0.0,0.0,0.0,0.0,0.0,0.0,0.0,0.0,0.0,0.0,0.0,0.0,0.0,0.0,0.0,0.0,0.0,0.0,0.0,0.0,1000000.0
FLINT,MAGNUM03,F,na,na,na,na,2025_03_11-09_22_56,na,4,22,Yes,1,na,0.0,149216.30094043893,1977.3330118157926,31.0,48.0,62.0,,,,0.0,205305.03978779836,2025.5606462503233,31.0,48.0,62.0,27.0,7.0,11.0,21.0,2.0,9.0,15.0,-3.0,7.0,12.0,-5.0,6.0,9.0,-9.0,0.0,7.0,-18.0,0.0,8.0,-13.0,0.0,18.0,45.0,45.0,52.0,52.0,63.0,22.0,43.0,47.0,49.0,54.0,63.0,25.0,40.0,49.0,46.0,56.0,63.0,27.0,39.0,50.0,45.0,57.0,63.0,28.0,37.0,52.0,43.0,63.0,63.0,29.0,36.0,59.0,41.0,63.0,63.0,28.0,36.0,55.0,42.0,63.0,63.0,30.0,0.0,63.0,32.0,63.0,38.0,63.0,61.0,3.2439746718518716,2.219158330415344,2.3785924299577297,0.015527575859944588,30.0,160.0,2990.1133349409165,3038.3409693754506,3038.3409693754506,3038.3409693754506,3038.3409693754506,3086.56860380998,3134.7962382445157,3183.023872679041,3279.479141548107,3761.755485893413,5353.267422232942,8198.697853870257,18133.590547383632,37569.32722449966,80491.92187123222,119845.6715698094,241041.71690378585,367494.5743911261,516132.14371835056,620400.2893658066,734506.8724379069,817169.037858693,885073.5471425126,918929.3465155533,957656.1369664818,978924.52375211,993489.2693513383,997829.756450446,999855.3170966964,1000000.0,1000000.0,1000000.0,1000000.0,1000000.0,1000000.0,1000000.0,1000000.0,1000000.0,1000000.0,1000000.0,1000000.0,1000000.0,1000000.0,1000000.0,1000000.0,1000000.0,1000000.0,1000000.0,1000000.0,1000000.0,1000000.0,1000000.0,1000000.0,1000000.0,1000000.0,1000000.0,1000000.0,1000000.0,1000000.0,1000000.0,1000000.0,1000000.0,1000000.0,1000000.0,0.0,0.0,0.0,0.0,0.0,0.0,0.0,0.0,0.0,0.0,0.0,0.0,0.0,0.0,0.0,0.0,0.0,0.0,0.0,0.0,0.0,0.0,0.0,0.0,0.0,0.0,0.0,0.0,0.0,0.0,0.0,0.0,48.22763443453082,96.4552688690621,192.91053773812425,192.91053773812425,964.5526886906189,2363.1540872920177,5835.543766578246,9452.616349168073,27007.475283337364,54159.6334699783,122401.73619483963,195563.05763202315,370243.5495538944,538413.3108271039,756595.1290089221,850783.6990595611,956112.8526645768,986351.5794550277,996431.1550518447,998408.4880636605,999276.585483482,999373.040752351,999469.4960212201,999565.9512900892,999614.1789245236,999710.6341933928,999855.3170966964,999903.5447311308,999951.7723655654,1000000.0,1000000.0,1000000.0,0.0,0.0,0.0,0.0,0.0,0.0,0.0,0.0,0.0,0.0,0.0,0.0,0.0,0.0,0.0,0.0,0.0,0.0,0.0,0.0,0.0,0.0,0.0,0.0,0.0,0.0,0.0,0.0,0.0,0.0,0.0,0.0,0.0,0.0,0.0,0.0,0.0,0.0,48.22763443453082,96.4552688690621,192.91053773812425,385.82107547624787,1061.0079575596806,1832.650108512174,4533.397636845913,9259.705811429942,23486.85796961658,44272.968410899375,92404.14757656128,161466.12008680977,297516.2768266216,436797.6850735471,615288.1601157463,769278.9968652037,914637.0870508801,965661.9242826139,990884.9770918736,995900.6510730648,997251.0248372317,997636.845912708,997781.5288160116,998022.6669881842,998263.8051603568,1000000.0,0.0,0.0,0.0,0.0,0.0,0.0,0.0,0.0,0.0,0.0,0.0,0.0,0.0,0.0,0.0,0.0,0.0,0.0,0.0,0.0,0.0,0.0,0.0,0.0,0.0,0.0,0.0,0.0,0.0,0.0,0.0,0.0,0.0,0.0,0.0,0.0,0.0,0.0,0.0,0.0,0.0,0.0,0.0,0.0,0.0,0.0,0.0,0.0,0.0,0.0,0.0,0.0,0.0,0.0,0.0,0.0,0.0,0.0,0.0,0.0,0.0,48.22763443453082,96.4552688690621,1000000.0
FLINT,MAGNUM03,F,na,na,na,na,2025_03_11-09_22_56,na,4,23,Yes,1,na,144.68290330359284,126549.31275620934,626.9592476489951,29.5,48.0,62.0,,,,144.68290330359284,213359.05473836523,626.9592476489951,29.5,48.0,62.0,26.0,8.0,11.0,21.0,3.0,9.0,14.0,-3.0,7.0,11.0,-6.0,6.0,7.0,-9.0,4.0,4.0,-22.0,0.0,6.0,-12.0,0.0,18.0,44.0,44.0,52.0,52.0,63.0,21.0,42.0,46.0,49.0,54.0,63.0,25.0,39.0,49.0,46.0,56.0,63.0,26.0,37.0,50.0,44.0,57.0,63.0,27.0,34.0,51.0,42.0,59.0,63.0,28.0,32.0,60.0,38.0,63.0,63.0,27.0,33.0,52.0,40.0,63.0,63.0,29.0,0.0,63.0,26.0,63.0,36.0,63.0,63.0,3.425620691403825,2.4593069060857933,2.6571866346865396,0.0,30.0,160.0,3568.844948155295,3568.844948155295,3665.3002170243526,3761.755485893413,3858.2107547624714,3906.438389197008,4292.259464673261,4533.397636845913,5546.177959971061,7668.193875090419,12201.591511936347,20062.69592476488,42874.367012298055,82324.57197974436,151724.13793103452,195563.05763202315,347190.7402941885,472052.0858451893,597685.0735471426,689848.0829515312,782782.7345068722,851844.7070171207,909042.6814564744,939377.8635157945,975355.6788039546,991126.1152640462,998167.3498914879,999614.1789245236,1000000.0,1000000.0,1000000.0,1000000.0,1000000.0,1000000.0,1000000.0,1000000.0,1000000.0,1000000.0,1000000.0,1000000.0,1000000.0,1000000.0,1000000.0,1000000.0,1000000.0,1000000.0,1000000.0,1000000.0,1000000.0,1000000.0,1000000.0,1000000.0,1000000.0,1000000.0,1000000.0,1000000.0,1000000.0,1000000.0,1000000.0,1000000.0,1000000.0,1000000.0,1000000.0,1000000.0,0.0,0.0,0.0,0.0,0.0,0.0,0.0,0.0,0.0,0.0,0.0,0.0,0.0,0.0,0.0,0.0,0.0,0.0,0.0,0.0,0.0,0.0,0.0,0.0,0.0,0.0,96.4552688690621,144.68290330359284,144.68290330359284,144.68290330359284,192.91053773812425,192.91053773812425,289.36580660718624,626.959247648901,1495.056667470457,2411.3817217265464,5208.58451892934,9163.250542560887,19966.24065589584,32312.515071135764,69544.24885459371,121485.41114058353,228984.8082951531,333301.18157704367,525922.3535085605,690089.2211237039,853484.4465878948,913190.2580178442,974584.036653002,991174.3428984808,997685.0735471424,999035.4473113093,999807.0894622619,999855.3170966964,999855.3170966964,999855.3170966964,999855.3170966964,999855.3170966964,999855.3170966964,999855.3170966964,999951.7723655654,999951.7723655654,1000000.0,1000000.0,0.0,0.0,0.0,0.0,0.0,0.0,0.0,0.0,0.0,0.0,0.0,0.0,0.0,0.0,0.0,0.0,0.0,0.0,0.0,0.0,0.0,0.0,0.0,0.0,0.0,0.0,0.0,0.0,0.0,0.0,0.0,0.0,0.0,0.0,0.0,0.0,48.22763443453082,192.91053773812425,289.36580660718624,385.82107547624787,819.8697853870253,1061.0079575596806,2556.0646250301406,4436.942367976849,10176.030865686038,19580.419580419588,43067.27755003614,68531.46853146848,126597.54039064386,200482.2763443453,332143.7183506148,448661.6831444417,618230.0458162526,756691.5842777912,896889.3175789727,951338.3168555582,984036.6530021701,994453.8220400289,998360.2604292259,999228.3578490474,999276.585483482,999373.040752351,999421.2683867855,1000000.0,0.0,0.0,0.0,0.0,0.0,0.0,0.0,0.0,0.0,0.0,0.0,0.0,0.0,0.0,0.0,0.0,0.0,0.0,0.0,0.0,0.0,0.0,0.0,0.0,0.0,0.0,0.0,0.0,0.0,0.0,0.0,0.0,0.0,0.0,0.0,0.0,0.0,0.0,0.0,0.0,0.0,0.0,0.0,0.0,0.0,0.0,0.0,0.0,0.0,0.0,0.0,0.0,0.0,0.0,0.0,0.0,0.0,0.0,0.0,0.0,0.0,0.0,0.0,1000000.0
FLINT,MAGNUM03,F,na,na,na,na,2025_03_11-09_22_56,na,4,24,Yes,1,na,0.0,149939.71545695688,916.3250542560967,31.5,49.0,61.0,,,,0.0,248468.77260670374,916.3250542560967,31.5,49.0,61.0,28.0,6.0,11.0,22.0,2.0,9.0,15.0,-3.0,7.0,12.0,-6.0,6.0,9.0,-9.0,4.0,7.0,-12.0,0.0,7.0,-10.0,0.0,18.0,46.0,46.0,52.0,52.0,63.0,22.0,44.0,48.0,50.0,54.0,63.0,26.0,41.0,50.0,47.0,56.0,63.0,27.0,39.0,51.0,45.0,57.0,63.0,28.0,37.0,52.0,43.0,59.0,63.0,29.0,36.0,54.0,42.0,63.0,63.0,29.0,36.0,52.0,42.0,63.0,63.0,30.0,0.0,60.0,33.0,63.0,40.0,63.0,63.0,3.4170650083328162,2.233581966058241,2.343965037304756,0.0,30.0,160.0,4195.804195804195,4436.942367976849,4629.85290571497,4726.3081745840345,4774.535809018565,4774.535809018565,4822.763443453095,4967.446346756688,5256.812153363875,5883.771401012779,7571.738606221362,10851.217747769464,21702.435495538943,42199.18013021459,86713.28671328665,126983.36146612006,260429.22594646734,386496.2623583313,526983.36146612,627682.6621654208,738943.8148058838,815384.6153846154,878996.8652037618,914878.2252230528,951965.2761032071,973281.8905232698,989245.2375210995,996479.3826862792,999228.3578490474,999951.7723655654,1000000.0,1000000.0,1000000.0,1000000.0,1000000.0,1000000.0,1000000.0,1000000.0,1000000.0,1000000.0,1000000.0,1000000.0,1000000.0,1000000.0,1000000.0,1000000.0,1000000.0,1000000.0,1000000.0,1000000.0,1000000.0,1000000.0,1000000.0,1000000.0,1000000.0,1000000.0,1000000.0,1000000.0,1000000.0,1000000.0,1000000.0,1000000.0,1000000.0,1000000.0,0.0,0.0,0.0,0.0,0.0,0.0,0.0,0.0,0.0,0.0,0.0,0.0,0.0,0.0,0.0,0.0,0.0,0.0,0.0,0.0,0.0,0.0,0.0,0.0,0.0,0.0,0.0,0.0,0.0,0.0,0.0,0.0,0.0,48.22763443453082,144.68290330359284,144.68290330359284,1157.4632264287443,2025.5606462503029,4051.121292500604,6607.1859175307445,15915.11936339523,31926.693995659498,71907.40294188572,122835.7849047505,253484.4465878948,401446.8290330359,608439.8360260429,724957.8008198697,901470.9428502532,967349.8914878225,992331.8061249095,997733.301181577,999710.6341933928,999855.3170966964,1000000.0,1000000.0,1000000.0,1000000.0,1000000.0,1000000.0,1000000.0,1000000.0,1000000.0,1000000.0,0.0,0.0,0.0,0.0,0.0,0.0,0.0,0.0,0.0,0.0,0.0,0.0,0.0,0.0,0.0,0.0,0.0,0.0,0.0,0.0,0.0,0.0,0.0,0.0,0.0,0.0,0.0,0.0,0.0,0.0,0.0,0.0,0.0,0.0,0.0,0.0,0.0,0.0,0.0,0.0,96.4552688690621,192.91053773812425,723.414516517964,1736.1948396431121,3424.1620448516924,8102.242585001196,21750.663129973454,40800.578731613175,86182.78273450685,149987.94309139135,271859.1753074511,391415.4810706534,580708.9462261876,743670.1229804677,907354.7142512659,960019.2910537738,990065.1073064866,996913.43139619,998649.626235833,998842.5367735712,999083.6749457439,999180.1302146129,999180.1302146129,1000000.0,0.0,0.0,0.0,0.0,0.0,0.0,0.0,0.0,0.0,0.0,0.0,0.0,0.0,0.0,0.0,0.0,0.0,0.0,0.0,0.0,0.0,0.0,0.0,0.0,0.0,0.0,0.0,0.0,0.0,0.0,0.0,0.0,0.0,0.0,0.0,0.0,0.0,0.0,0.0,0.0,0.0,0.0,0.0,0.0,0.0,0.0,0.0,0.0,0.0,0.0,0.0,0.0,0.0,0.0,0.0,0.0,0.0,0.0,0.0,0.0,0.0,0.0,0.0,1000000.0
FLINT,MAGNUM03,F,na,na,na,na,2025_03_11-09_22_56,na,4,25,Yes,1,na,0.0,137641.66867615152,144.68290330360517,31.0,49.0,59.0,,,,0.0,254979.5032553655,144.68290330360517,31.0,49.0,59.0,28.0,6.0,11.0,22.0,2.0,9.0,16.0,-3.0,7.0,14.0,-5.0,7.0,11.0,-8.0,5.0,8.0,-11.0,4.0,9.0,-10.0,5.0,18.0,46.0,46.0,52.0,52.0,63.0,22.0,44.0,48.0,50.0,54.0,63.0,25.0,41.0,50.0,47.0,56.0,63.0,26.0,40.0,51.0,46.0,56.0,63.0,27.0,38.0,52.0,44.0,58.0,63.0,28.0,36.0,53.0,42.0,59.0,63.0,28.0,37.0,53.0,43.0,58.0,63.0,29.0,0.0,54.0,33.0,63.0,38.0,63.0,63.0,3.292093023527811,2.2351506249242985,2.1762273896426567,0.0,30.0,160.0,3858.2107547624714,3906.438389197008,3954.6660236315374,3954.6660236315374,4002.8936580660734,4099.348926935128,4195.804195804195,4340.487099107789,4678.080540149494,5546.177959971061,7523.510971786837,11092.355919942114,23101.036894140365,48902.821316614405,103785.86930311074,147094.28502531952,275235.10971786827,401253.9184952978,547094.2850253194,646829.0330359295,759344.1041716903,837906.9206655412,898143.2360742704,931372.0761996623,967012.2980467808,986013.9860139859,996190.0168796721,998938.9920424403,999903.5447311308,1000000.0,1000000.0,1000000.0,1000000.0,1000000.0,1000000.0,1000000.0,1000000.0,1000000.0,1000000.0,1000000.0,1000000.0,1000000.0,1000000.0,1000000.0,1000000.0,1000000.0,1000000.0,1000000.0,1000000.0,1000000.0,1000000.0,1000000.0,1000000.0,1000000.0,1000000.0,1000000.0,1000000.0,1000000.0,1000000.0,1000000.0,1000000.0,1000000.0,1000000.0,1000000.0,0.0,0.0,0.0,0.0,0.0,0.0,0.0,0.0,0.0,0.0,0.0,0.0,0.0,0.0,0.0,0.0,0.0,0.0,0.0,0.0,0.0,0.0,0.0,0.0,0.0,0.0,0.0,0.0,0.0,0.0,0.0,0.0,0.0,48.22763443453082,96.4552688690621,144.68290330359284,530.5039787798403,1061.0079575596806,3183.023872679041,5208.58451892934,13262.599469496023,26284.060766819373,67422.2329394743,112322.16059802263,241427.5379792621,392090.6679527369,601398.6013986013,712032.7947914155,882662.165420786,954135.519652761,989582.8309621413,996672.2932240173,999228.3578490474,1000000.0,1000000.0,1000000.0,1000000.0,1000000.0,1000000.0,1000000.0,1000000.0,1000000.0,1000000.0,1000000.0,0.0,0.0,0.0,0.0,0.0,0.0,0.0,0.0,0.0,0.0,0.0,0.0,0.0,0.0,0.0,0.0,0.0,0.0,0.0,0.0,0.0,0.0,0.0,0.0,0.0,0.0,0.0,0.0,0.0,0.0,0.0,0.0,0.0,0.0,0.0,0.0,0.0,0.0,48.22763443453082,96.4552688690621,96.4552688690621,96.4552688690621,434.04870991077877,1157.4632264287443,2459.609356161082,5546.177959971061,15818.664094526175,29177.718832891253,72437.9069206655,137689.896310586,275717.3860622136,413359.05473836506,609018.5676392572,770725.8258982397,919315.1675910295,969905.9561128526,994887.8707499397,998312.0327947914,999855.3170966964,1000000.0,1000000.0,1000000.0,1000000.0,1000000.0,0.0,0.0,0.0,0.0,0.0,0.0,0.0,0.0,0.0,0.0,0.0,0.0,0.0,0.0,0.0,0.0,0.0,0.0,0.0,0.0,0.0,0.0,0.0,0.0,0.0,0.0,0.0,0.0,0.0,0.0,0.0,0.0,0.0,0.0,0.0,0.0,0.0,0.0,0.0,0.0,0.0,0.0,0.0,0.0,0.0,0.0,0.0,0.0,0.0,0.0,0.0,0.0,0.0,0.0,0.0,0.0,0.0,0.0,0.0,0.0,0.0,0.0,0.0,1000000.0
FLINT,MAGNUM03,F,na,na,na,na,2025_03_11-09_22_56,na,4,26,Yes,1,na,144.68290330359284,0.0,0.0,31.5,28.0,62.0,,,,144.68290330359284,0.0,0.0,31.5,28.0,62.0,31.0,3.0,12.0,25.0,-3.0,10.0,18.0,-9.0,7.0,13.0,-12.0,6.0,8.0,-17.0,4.0,3.0,-23.0,3.0,5.0,-19.0,3.0,17.0,48.0,48.0,51.0,51.0,63.0,21.0,46.0,51.0,48.0,53.0,63.0,25.0,43.0,53.0,44.0,56.0,63.0,27.0,40.0,54.0,42.0,57.0,63.0,29.0,37.0,56.0,39.0,59.0,63.0,30.0,33.0,58.0,35.0,60.0,63.0,30.0,35.0,57.0,38.0,60.0,63.0,32.0,0.0,59.0,30.0,61.0,28.0,63.0,63.0,3.7556499218326747,2.5841171763686877,2.90048392875673,0.0,30.0,160.0,2314.926452857486,2411.3817217265464,2700.747528333735,2893.6580660718573,3086.56860380998,3665.3002170243526,4436.942367976849,5208.58451892934,7957.559681697602,11815.770436460101,22666.98818422955,39016.1562575356,77308.89799855312,139184.95297805656,231637.3281890523,288304.7986496262,434579.2138895587,547624.7890040993,663853.387991319,734555.1000723414,812973.2336628888,867181.0947673017,910827.1039305521,933252.9539426091,962575.3556788039,978538.7026766337,991511.9363395225,995370.147094285,998697.8538702676,999276.585483482,999951.7723655654,1000000.0,1000000.0,1000000.0,1000000.0,1000000.0,1000000.0,1000000.0,1000000.0,1000000.0,1000000.0,1000000.0,1000000.0,1000000.0,1000000.0,1000000.0,1000000.0,1000000.0,1000000.0,1000000.0,1000000.0,1000000.0,1000000.0,1000000.0,1000000.0,1000000.0,1000000.0,1000000.0,1000000.0,1000000.0,1000000.0,1000000.0,1000000.0,1000000.0,0.0,0.0,0.0,0.0,0.0,0.0,0.0,0.0,0.0,0.0,0.0,0.0,0.0,0.0,0.0,0.0,0.0,0.0,0.0,0.0,0.0,0.0,0.0,0.0,0.0,0.0,0.0,0.0,0.0,0.0,48.22763443453082,48.22763443453082,192.91053773812425,241.13817217265407,434.04870991077877,626.959247648901,964.5526886906189,1687.967205208584,3086.56860380998,4051.121292500604,7378.82806848324,12394.502049674455,22281.167108753332,34820.35206173134,66698.81842295633,115505.18447070174,225030.14227152153,308560.4051121292,506920.66554135515,667422.2329394743,827827.3450687245,901615.6257535568,959971.0634193392,983072.1003134795,994164.4562334217,997733.301181577,999324.8131179166,999710.6341933928,1000000.0,1000000.0,1000000.0,1000000.0,1000000.0,1000000.0,0.0,0.0,0.0,0.0,0.0,0.0,0.0,0.0,0.0,0.0,0.0,0.0,0.0,0.0,0.0,0.0,0.0,0.0,0.0,0.0,0.0,0.0,0.0,0.0,0.0,0.0,0.0,0.0,48.22763443453082,48.22763443453082,48.22763443453082,48.22763443453082,48.22763443453082,48.22763443453082,96.4552688690621,241.13817217265407,385.82107547624787,482.27634434531,868.0974198215577,1543.2843019049903,2652.5198938992025,4629.85290571497,8246.925488304796,15432.843019049933,28888.35302628405,46394.9843260188,84639.49843260177,126645.76802507843,208343.38075717384,307885.21823004575,465734.2657342657,592090.667952737,738509.766095973,842247.4077646491,933879.913190258,967012.2980467808,989100.5546177959,995321.9194598505,998504.9433325295,999469.4960212201,1000000.0,1000000.0,1000000.0,1000000.0,0.0,0.0,0.0,0.0,0.0,0.0,0.0,0.0,0.0,0.0,0.0,0.0,0.0,0.0,0.0,0.0,0.0,0.0,0.0,0.0,0.0,0.0,0.0,0.0,0.0,0.0,0.0,0.0,0.0,0.0,0.0,0.0,0.0,0.0,0.0,0.0,0.0,0.0,0.0,0.0,0.0,0.0,0.0,0.0,0.0,0.0,0.0,0.0,0.0,0.0,0.0,0.0,0.0,0.0,0.0,0.0,0.0,0.0,0.0,0.0,0.0,0.0,0.0,1000000.0
FLINT,MAGNUM03,F,na,na,na,na,2025_03_11-09_22_56,na,4,27,Yes,1,na,192.91053773812425,159488.78707499403,868.0974198216343,30.0,48.0,62.0,,,,192.91053773812425,283578.4904750421,868.0974198216343,30.0,48.0,62.0,27.0,6.0,12.0,21.0,1.0,9.0,14.0,-4.0,7.0,11.0,-7.0,6.0,8.0,-10.0,4.0,1.0,-17.0,0.0,6.0,-12.0,0.0,18.0,45.0,45.0,51.0,51.0,63.0,21.0,42.0,47.0,48.0,54.0,63.0,25.0,39.0,49.0,45.0,56.0,63.0,26.0,37.0,50.0,43.0,57.0,63.0,27.0,35.0,51.0,41.0,59.0,63.0,29.0,30.0,54.0,37.0,63.0,63.0,28.0,34.0,52.0,40.0,63.0,63.0,29.0,0.0,63.0,29.0,63.0,36.0,63.0,63.0,3.3952623383820772,2.4911571179575507,2.7181320746617375,0.0,30.0,160.0,2652.5198938992025,2748.975162768264,2748.975162768264,2893.6580660718573,3038.3409693754506,3231.251507113574,3327.7067759826386,3568.844948155295,4051.121292500604,5835.543766578246,10754.762478900398,18953.460332770668,39353.74969857731,75138.65444899924,145840.36653002174,191945.98504943328,353315.649867374,477935.857246202,612635.6402218471,699638.2927417409,790740.2941885701,853484.4465878948,907836.9905956112,933301.1815770436,968025.0783699059,985338.7991319025,996141.7892452375,998746.0815047021,999807.0894622619,1000000.0,1000000.0,1000000.0,1000000.0,1000000.0,1000000.0,1000000.0,1000000.0,1000000.0,1000000.0,1000000.0,1000000.0,1000000.0,1000000.0,1000000.0,1000000.0,1000000.0,1000000.0,1000000.0,1000000.0,1000000.0,1000000.0,1000000.0,1000000.0,1000000.0,1000000.0,1000000.0,1000000.0,1000000.0,1000000.0,1000000.0,1000000.0,1000000.0,1000000.0,1000000.0,0.0,0.0,0.0,0.0,0.0,0.0,0.0,0.0,0.0,0.0,0.0,0.0,0.0,0.0,0.0,0.0,0.0,0.0,0.0,0.0,0.0,0.0,0.0,0.0,0.0,0.0,0.0,0.0,0.0,144.68290330359284,241.13817217265407,241.13817217265407,434.04870991077877,530.5039787798403,1350.373764166866,2073.7882806848356,3761.755485893413,6848.3240897033975,15288.160115746312,23824.451410658283,51265.97540390642,90860.86327465637,176272.0038582107,266988.1842295635,433952.2546419098,594019.7733301182,782300.4581625272,855027.7308897998,956643.3566433567,984470.701712081,995804.1958041957,998794.3091391367,999565.9512900892,999855.3170966964,1000000.0,1000000.0,1000000.0,1000000.0,1000000.0,1000000.0,1000000.0,1000000.0,1000000.0,1000000.0,0.0,0.0,0.0,0.0,0.0,0.0,0.0,0.0,0.0,0.0,0.0,0.0,0.0,0.0,0.0,0.0,0.0,0.0,0.0,0.0,0.0,0.0,0.0,0.0,0.0,0.0,0.0,0.0,0.0,0.0,0.0,0.0,0.0,0.0,0.0,0.0,144.68290330359284,241.13817217265407,337.59344104171646,434.04870991077877,964.5526886906189,1639.7395707740552,4051.121292500604,7957.559681697602,15239.932481311793,26428.743670122974,56329.87701953218,86713.28671328665,159537.0147094285,240270.07475283334,384711.8398842537,516421.5095249578,671473.3542319748,802411.3817217266,918977.5741499879,961610.8029901133,988955.8717144924,995804.1958041957,998601.3986013986,999131.9025801783,999131.9025801783,999131.9025801783,999228.3578490474,1000000.0,0.0,0.0,0.0,0.0,0.0,0.0,0.0,0.0,0.0,0.0,0.0,0.0,0.0,0.0,0.0,0.0,0.0,0.0,0.0,0.0,0.0,0.0,0.0,0.0,0.0,0.0,0.0,0.0,0.0,0.0,0.0,0.0,0.0,0.0,0.0,0.0,0.0,0.0,0.0,0.0,0.0,0.0,0.0,0.0,0.0,0.0,0.0,0.0,0.0,0.0,0.0,0.0,0.0,0.0,0.0,0.0,0.0,0.0,0.0,0.0,0.0,0.0,0.0,1000000.0
FLINT,MAGNUM03,F,na,na,na,na,2025_03_11-09_22_56,na,4,28,Yes,1,na,192.91053773812425,293658.06607185915,0.0,31.0,49.0,0.0,,,,241.13817217269622,503014.22715215816,0.0,31.0,49.0,0.0,30.0,4.0,12.0,23.0,-1.0,9.0,15.0,-6.0,7.0,12.0,-9.0,6.0,7.0,-13.0,4.0,1.0,-18.0,0.0,4.0,-15.0,0.0,17.0,47.0,47.0,51.0,51.0,63.0,21.0,44.0,49.0,48.0,54.0,63.0,26.0,41.0,51.0,45.0,56.0,63.0,27.0,39.0,52.0,43.0,57.0,63.0,29.0,36.0,54.0,41.0,59.0,63.0,30.0,31.0,55.0,37.0,63.0,63.0,29.0,33.0,54.0,39.0,63.0,63.0,32.0,0.0,58.0,26.0,63.0,33.0,63.0,0.0,3.63500820988897,2.533686872778194,2.7971482268159624,0.4374894505865458,30.0,160.0,2363.1540872920177,2411.3817217265464,2459.609356161082,2556.0646250301406,2604.2922594646707,2845.4304316373314,3279.479141548107,3809.9831203279427,5208.58451892934,9307.933445864473,18133.590547383632,31685.555823486833,59561.128526645756,112997.3474801061,193055.2206414275,250108.51217747777,407282.37279961415,527803.2312515071,644996.3829274173,726067.036411864,807427.0557029177,864190.9814323607,909717.8683385579,933156.49867374,962816.4938509766,976754.280202556,988087.7742946708,994019.7733301182,998504.9433325295,999710.6341933928,999951.7723655654,1000000.0,1000000.0,1000000.0,1000000.0,1000000.0,1000000.0,1000000.0,1000000.0,1000000.0,1000000.0,1000000.0,1000000.0,1000000.0,1000000.0,1000000.0,1000000.0,1000000.0,1000000.0,1000000.0,1000000.0,1000000.0,1000000.0,1000000.0,1000000.0,1000000.0,1000000.0,1000000.0,1000000.0,1000000.0,1000000.0,1000000.0,1000000.0,1000000.0,0.0,0.0,0.0,0.0,0.0,0.0,0.0,0.0,0.0,0.0,0.0,0.0,0.0,0.0,0.0,0.0,0.0,0.0,0.0,0.0,0.0,0.0,0.0,0.0,0.0,0.0,48.22763443453082,48.22763443453082,48.22763443453082,144.68290330359284,192.91053773812425,241.13817217265407,385.82107547624787,578.7316132143711,819.8697853870253,1012.7803231251486,1687.967205208584,3086.56860380998,5353.267422232942,7957.559681697602,17458.403665300208,31926.693995659498,64190.98143236073,100072.34145165172,187267.90450928386,306920.6655413551,482179.88907644077,586737.400530504,790643.838919701,898287.9189775741,963684.5912707981,985001.2056908607,996141.7892452375,998601.3986013986,999855.3170966964,999951.7723655654,999951.7723655654,1000000.0,1000000.0,1000000.0,1000000.0,1000000.0,1000000.0,1000000.0,0.0,0.0,0.0,0.0,0.0,0.0,0.0,0.0,0.0,0.0,0.0,0.0,0.0,0.0,0.0,0.0,0.0,0.0,0.0,0.0,0.0,0.0,0.0,0.0,0.0,0.0,0.0,0.0,0.0,0.0,0.0,0.0,0.0,48.22763443453082,96.4552688690621,96.4552688690621,96.4552688690621,241.13817217265407,530.5039787798403,626.959247648901,1350.373764166866,2941.8857005063924,5835.543766578246,10851.217747769464,19966.24065589584,35013.262599469446,72679.0450928382,112273.93296358801,195707.74053532662,293706.2937062936,445768.0250783699,575162.7682662165,720713.768989631,835109.7178683387,931420.3038340969,967976.8507354714,990161.5625753556,996479.3826862792,998504.9433325295,999035.4473113093,999421.2683867855,999517.7236556546,999517.7236556546,1000000.0,48.22763443453082,48.22763443453082,48.22763443453082,48.22763443453082,48.22763443453082,48.22763443453082,48.22763443453082,48.22763443453082,48.22763443453082,48.22763443453082,48.22763443453082,48.22763443453082,48.22763443453082,48.22763443453082,48.22763443453082,48.22763443453082,48.22763443453082,48.22763443453082,48.22763443453082,48.22763443453082,48.22763443453082,48.22763443453082,48.22763443453082,48.22763443453082,48.22763443453082,48.22763443453082,48.22763443453082,48.22763443453082,48.22763443453082,48.22763443453082,48.22763443453082,48.22763443453082,48.22763443453082,48.22763443453082,48.22763443453082,48.22763443453082,48.22763443453082,48.22763443453082,48.22763443453082,48.22763443453082,48.22763443453082,48.22763443453082,48.22763443453082,48.22763443453082,48.22763443453082,48.22763443453082,48.22763443453082,48.22763443453082,48.22763443453082,48.22763443453082,48.22763443453082,48.22763443453082,48.22763443453082,48.22763443453082,48.22763443453082,48.22763443453082,48.22763443453082,48.22763443453082,48.22763443453082,48.22763443453082,48.22763443453082,48.22763443453082,48.22763443453082,1000000.0
FLINT,MAGNUM03,F,na,na,na,na,2025_03_11-09_22_56,na,4,29,Yes,1,na,434.04870991077877,341258.74125874124,241.13817217274982,31.5,49.0,61.0,,,,723.414516517964,579551.4829997589,241.13817217274982,31.5,49.0,61.0,29.0,4.0,12.0,22.0,-1.0,10.0,14.0,-8.0,7.0,10.0,-11.0,6.0,5.0,-16.0,4.0,0.0,-21.0,0.0,3.0,-18.0,3.0,18.0,47.0,47.0,51.0,51.0,63.0,22.0,44.0,49.0,48.0,53.0,63.0,26.0,40.0,52.0,44.0,56.0,63.0,28.0,38.0,53.0,42.0,57.0,63.0,30.0,35.0,54.0,38.0,59.0,63.0,32.0,32.0,56.0,35.0,63.0,63.0,30.0,33.0,55.0,37.0,60.0,63.0,32.0,0.0,56.0,24.0,63.0,30.0,63.0,63.0,3.7483054324501954,2.790411983105781,3.049833388265727,0.0,30.0,160.0,4244.031830238725,4533.397636845913,4726.3081745840345,4919.218712322153,5063.901615625751,5208.58451892934,5256.812153363875,5449.72269110199,6655.413551965274,8102.242585001196,12973.233662888826,20689.655172413797,44272.968410899375,83578.49047504207,152061.73137207612,194019.7733301181,350711.35760790936,472968.41089944536,605594.4055944056,683144.4417651313,773764.1668676151,834048.7099107788,887533.1564986737,913720.761996624,947769.4719074029,965999.5177236556,981287.677839402,989534.6033277067,996479.3826862792,998649.626235833,999662.4065589582,999710.6341933928,1000000.0,1000000.0,1000000.0,1000000.0,1000000.0,1000000.0,1000000.0,1000000.0,1000000.0,1000000.0,1000000.0,1000000.0,1000000.0,1000000.0,1000000.0,1000000.0,1000000.0,1000000.0,1000000.0,1000000.0,1000000.0,1000000.0,1000000.0,1000000.0,1000000.0,1000000.0,1000000.0,1000000.0,1000000.0,1000000.0,1000000.0,1000000.0,0.0,0.0,0.0,0.0,0.0,0.0,0.0,0.0,0.0,0.0,0.0,0.0,0.0,0.0,0.0,0.0,0.0,0.0,0.0,0.0,0.0,0.0,0.0,0.0,48.22763443453082,96.4552688690621,96.4552688690621,144.68290330359284,144.68290330359284,144.68290330359284,192.91053773812425,192.91053773812425,482.27634434531,771.6421509524955,1205.690860863273,1639.7395707740552,2845.4304316373314,4292.259464673261,9259.705811429942,13069.688931757892,25608.87388473595,42392.09066795271,79382.686279238,118543.52544007712,210417.16903785866,311405.83554376656,476151.4347721244,566578.2493368699,761707.2582589823,871425.1265975403,950084.3983602604,974969.8577284784,991801.3021461297,997202.7972027971,999131.9025801783,999758.8618278273,1000000.0,1000000.0,1000000.0,1000000.0,1000000.0,1000000.0,1000000.0,1000000.0,0.0,0.0,0.0,0.0,0.0,0.0,0.0,0.0,0.0,0.0,0.0,0.0,0.0,0.0,0.0,0.0,0.0,0.0,0.0,0.0,0.0,0.0,0.0,0.0,0.0,0.0,0.0,0.0,0.0,0.0,48.22763443453082,48.22763443453082,96.4552688690621,144.68290330359284,192.91053773812425,337.59344104171646,482.27634434531,771.6421509524955,1543.2843019049903,2122.0159151193625,3761.755485893413,5787.316132143714,10851.217747769464,18905.23269833615,33373.52302869545,56667.470460573895,103978.77984084874,149650.3496503496,244755.24475524473,341306.9688931757,493658.06607185915,610706.5348444658,744489.9927658548,842199.1801302144,932481.3117916567,964070.4123462744,986689.1728960694,994598.5049433325,998697.8538702676,999469.4960212201,999758.8618278273,999855.3170966964,999855.3170966964,1000000.0,0.0,0.0,0.0,0.0,0.0,0.0,0.0,0.0,0.0,0.0,0.0,0.0,0.0,0.0,0.0,0.0,0.0,0.0,0.0,0.0,0.0,0.0,0.0,0.0,0.0,0.0,0.0,0.0,0.0,0.0,0.0,0.0,0.0,0.0,0.0,0.0,0.0,0.0,0.0,0.0,0.0,0.0,0.0,0.0,0.0,0.0,0.0,0.0,0.0,0.0,0.0,0.0,0.0,0.0,0.0,0.0,0.0,0.0,0.0,0.0,0.0,0.0,0.0,1000000.0
FLINT,MAGNUM03,F,na,na,na,na,2025_03_11-09_22_56,na,4,30,Yes,1,na,96.4552688691443,76247.89004099346,0.0,28.0,47.0,0.0,,,,144.68290330359284,98721.96768748487,0.0,28.0,47.0,0.0,24.0,9.0,12.0,18.0,4.0,9.0,13.0,0.0,7.0,10.0,-4.0,6.0,8.0,-7.0,5.0,5.0,-12.0,0.0,6.0,-8.0,2.0,18.0,42.0,42.0,51.0,51.0,63.0,22.0,40.0,45.0,49.0,54.0,63.0,24.0,37.0,46.0,46.0,56.0,63.0,25.0,35.0,48.0,44.0,57.0,63.0,26.0,34.0,49.0,42.0,58.0,63.0,27.0,32.0,51.0,39.0,63.0,63.0,26.0,32.0,49.0,41.0,61.0,63.0,29.0,0.0,62.0,26.0,63.0,36.0,63.0,0.0,3.2359219759044158,2.384194597061432,2.5568440014385274,0.4374894505865458,30.0,160.0,5642.633228840121,5739.088497709187,5835.543766578246,6028.454304316367,6028.454304316367,6317.820110923553,6655.413551965274,6703.6411863998055,7041.234627441522,7861.104412828547,9693.754521340716,13069.688931757892,23004.581625271243,43838.91970098867,93513.38316855562,121533.63877501804,250108.51217747777,366674.7046057391,520954.9071618037,624065.589582831,739040.2700747529,830045.8162527127,910730.6486616831,947287.1955630577,986592.7176272003,997058.1142994935,999662.4065589582,999903.5447311308,1000000.0,1000000.0,1000000.0,1000000.0,1000000.0,1000000.0,1000000.0,1000000.0,1000000.0,1000000.0,1000000.0,1000000.0,1000000.0,1000000.0,1000000.0,1000000.0,1000000.0,1000000.0,1000000.0,1000000.0,1000000.0,1000000.0,1000000.0,1000000.0,1000000.0,1000000.0,1000000.0,1000000.0,1000000.0,1000000.0,1000000.0,1000000.0,1000000.0,1000000.0,1000000.0,1000000.0,0.0,0.0,0.0,0.0,0.0,0.0,0.0,0.0,0.0,0.0,0.0,0.0,0.0,0.0,0.0,0.0,0.0,0.0,0.0,0.0,0.0,0.0,0.0,0.0,0.0,0.0,48.22763443453082,48.22763443453082,144.68290330359284,144.68290330359284,144.68290330359284,192.91053773812425,626.959247648901,1205.690860863273,3375.934410417169,6269.592476489024,15673.98119122258,30383.40969375452,65396.672293224,99590.06510730651,207957.5596816976,323318.06124909566,517337.8345792139,660718.5917530744,828598.9872196768,922642.8743670122,977525.9223535085,989486.3756932722,998215.5775259222,999565.9512900892,999807.0894622619,999903.5447311308,999903.5447311308,999951.7723655654,999951.7723655654,999951.7723655654,999951.7723655654,1000000.0,1000000.0,1000000.0,1000000.0,1000000.0,1000000.0,1000000.0,0.0,0.0,0.0,0.0,0.0,0.0,0.0,0.0,0.0,0.0,0.0,0.0,0.0,0.0,0.0,0.0,0.0,0.0,0.0,0.0,0.0,0.0,0.0,0.0,0.0,0.0,0.0,0.0,0.0,0.0,0.0,0.0,0.0,0.0,0.0,0.0,48.22763443453082,48.22763443453082,96.4552688690621,241.13817217265407,434.04870991077877,771.6421509524955,1687.967205208584,3954.6660236315374,9645.526886906195,18519.411622859883,45623.342175066275,76296.11767542796,150518.4470701712,231347.96238244514,385531.7096696407,517386.06221364834,680299.011333494,809163.2505425609,928333.735230287,969616.5903062455,992572.9442970823,997540.3906438388,998890.7644080058,999421.2683867855,999517.7236556546,999614.1789245236,999662.4065589582,1000000.0,48.22763443453082,48.22763443453082,48.22763443453082,48.22763443453082,48.22763443453082,48.22763443453082,48.22763443453082,48.22763443453082,48.22763443453082,48.22763443453082,48.22763443453082,48.22763443453082,48.22763443453082,48.22763443453082,48.22763443453082,48.22763443453082,48.22763443453082,48.22763443453082,48.22763443453082,48.22763443453082,48.22763443453082,48.22763443453082,48.22763443453082,48.22763443453082,48.22763443453082,48.22763443453082,48.22763443453082,48.22763443453082,48.22763443453082,48.22763443453082,48.22763443453082,48.22763443453082,48.22763443453082,48.22763443453082,48.22763443453082,48.22763443453082,48.22763443453082,48.22763443453082,48.22763443453082,48.22763443453082,48.22763443453082,48.22763443453082,48.22763443453082,48.22763443453082,48.22763443453082,48.22763443453082,48.22763443453082,48.22763443453082,48.22763443453082,48.22763443453082,48.22763443453082,48.22763443453082,48.22763443453082,48.22763443453082,48.22763443453082,48.22763443453082,48.22763443453082,48.22763443453082,48.22763443453082,48.22763443453082,48.22763443453082,48.22763443453082,48.22763443453082,1000000.0
FLINT,MAGNUM03,F,na,na,na,na,2025_03_11-09_22_56,na,4,31,Yes,1,na,0.0,281794.0680009646,0.0,31.0,48.0,29.5,,,,0.0,421509.52495780087,0.0,31.0,48.0,29.5,28.0,5.0,12.0,22.0,0.0,10.0,16.0,-4.0,8.0,13.0,-7.0,7.0,10.0,-11.0,6.0,7.0,-15.0,5.0,8.0,-12.0,5.0,18.0,46.0,46.0,51.0,51.0,63.0,22.0,44.0,48.0,48.0,53.0,63.0,25.0,41.0,50.0,46.0,55.0,63.0,26.0,39.0,51.0,44.0,56.0,63.0,27.0,37.0,53.0,42.0,57.0,63.0,28.0,35.0,54.0,39.0,58.0,63.0,28.0,36.0,53.0,41.0,58.0,63.0,29.0,0.0,55.0,33.0,59.0,33.0,63.0,0.0,3.3424538247122855,2.36119261205208,2.374057527110983,0.4374894505865458,30.0,160.0,4244.031830238725,4436.942367976849,4485.170002411382,4629.85290571497,4726.3081745840345,4774.535809018565,5015.673981191222,5208.58451892934,5642.633228840121,6993.006993006999,9983.120327947918,14371.835061490223,28598.987219676885,56426.33228840126,117144.92404147581,156788.03954666026,284060.76681938744,403809.98312032793,558186.6409452616,652134.072823728,761128.526645768,838871.4733542319,904461.0561851941,935616.108029901,971304.5575114541,989293.4651555341,998022.6669881842,999421.2683867855,999951.7723655654,1000000.0,1000000.0,1000000.0,1000000.0,1000000.0,1000000.0,1000000.0,1000000.0,1000000.0,1000000.0,1000000.0,1000000.0,1000000.0,1000000.0,1000000.0,1000000.0,1000000.0,1000000.0,1000000.0,1000000.0,1000000.0,1000000.0,1000000.0,1000000.0,1000000.0,1000000.0,1000000.0,1000000.0,1000000.0,1000000.0,1000000.0,1000000.0,1000000.0,1000000.0,1000000.0,0.0,0.0,0.0,0.0,0.0,0.0,0.0,0.0,0.0,0.0,0.0,0.0,0.0,0.0,0.0,0.0,0.0,0.0,0.0,0.0,0.0,0.0,0.0,0.0,0.0,0.0,0.0,0.0,0.0,0.0,0.0,0.0,0.0,48.22763443453082,192.91053773812425,241.13817217265407,916.3250542560885,2170.2435495538875,4822.763443453095,7475.283337352298,15963.346997829749,31589.100554617777,72534.36218953454,127610.32071376899,240414.75765613696,396238.24451410654,606655.4135519653,718205.9319990355,862985.2905714974,936821.7988907644,982252.2305280925,993923.318061249,998649.626235833,999807.0894622619,999951.7723655654,1000000.0,1000000.0,1000000.0,1000000.0,1000000.0,1000000.0,1000000.0,1000000.0,1000000.0,0.0,0.0,0.0,0.0,0.0,0.0,0.0,0.0,0.0,0.0,0.0,0.0,0.0,0.0,0.0,0.0,0.0,0.0,0.0,0.0,0.0,0.0,0.0,0.0,0.0,0.0,0.0,0.0,0.0,0.0,0.0,0.0,0.0,48.22763443453082,48.22763443453082,96.4552688690621,96.4552688690621,96.4552688690621,144.68290330359284,241.13817217265407,530.5039787798403,868.0974198215577,2218.471183988428,4340.487099107789,8873.884735953696,17651.314203038342,45285.748734024586,82324.57197974436,170050.63901615626,284543.0431637328,473547.1425126597,616397.3957077406,770918.7364359777,881215.3363877503,963443.4530986254,985242.3438630335,996720.5208584518,998938.9920424403,1000000.0,1000000.0,1000000.0,1000000.0,1000000.0,1000000.0,48.22763443453082,48.22763443453082,48.22763443453082,48.22763443453082,48.22763443453082,48.22763443453082,48.22763443453082,48.22763443453082,48.22763443453082,48.22763443453082,48.22763443453082,48.22763443453082,48.22763443453082,48.22763443453082,48.22763443453082,48.22763443453082,48.22763443453082,48.22763443453082,48.22763443453082,48.22763443453082,48.22763443453082,48.22763443453082,48.22763443453082,48.22763443453082,48.22763443453082,48.22763443453082,48.22763443453082,48.22763443453082,48.22763443453082,48.22763443453082,48.22763443453082,48.22763443453082,48.22763443453082,48.22763443453082,48.22763443453082,48.22763443453082,48.22763443453082,48.22763443453082,48.22763443453082,48.22763443453082,48.22763443453082,48.22763443453082,48.22763443453082,48.22763443453082,48.22763443453082,48.22763443453082,48.22763443453082,48.22763443453082,48.22763443453082,48.22763443453082,48.22763443453082,48.22763443453082,48.22763443453082,48.22763443453082,48.22763443453082,48.22763443453082,48.22763443453082,48.22763443453082,48.22763443453082,48.22763443453082,48.22763443453082,48.22763443453082,48.22763443453082,1000000.0
FLINT,MAGNUM03,F,na,na,na,na,2025_03_11-09_22_56,na,4,32,Yes,1,na,48.22763443457198,186930.31106824204,0.0,31.0,48.0,0.0,,,,48.22763443457198,284108.9944538221,0.0,31.0,48.0,0.0,26.0,6.0,12.0,21.0,1.0,9.0,14.0,-3.0,7.0,11.0,-6.0,6.0,8.0,-9.0,4.0,3.0,-13.0,0.0,7.0,-11.0,0.0,19.0,45.0,45.0,51.0,51.0,63.0,22.0,43.0,48.0,49.0,54.0,63.0,26.0,40.0,49.0,46.0,56.0,63.0,27.0,38.0,50.0,44.0,57.0,63.0,28.0,36.0,51.0,42.0,59.0,63.0,29.0,32.0,53.0,40.0,63.0,63.0,28.0,35.0,52.0,41.0,63.0,63.0,32.0,0.0,57.0,32.0,63.0,38.0,63.0,0.0,3.2508910485230444,2.366958792563766,2.531808894965866,0.4374894505865458,30.0,160.0,2652.5198938992025,2652.5198938992025,2652.5198938992025,2700.747528333735,2700.747528333735,2797.202797202796,2797.202797202796,2893.6580660718573,2990.1133349409165,3472.38967928623,4388.714733542319,6896.551724137931,15384.615384615381,30238.72679045093,70942.85025319504,106583.07210031337,232794.79141548104,343718.35061490233,497371.593923318,602459.6093561611,725102.4837231733,797347.4801061009,875090.4268145647,906197.2510248373,952109.9590065107,973185.4352544007,991415.4810706534,997009.886665059,999758.8618278273,999951.7723655654,999951.7723655654,1000000.0,1000000.0,1000000.0,1000000.0,1000000.0,1000000.0,1000000.0,1000000.0,1000000.0,1000000.0,1000000.0,1000000.0,1000000.0,1000000.0,1000000.0,1000000.0,1000000.0,1000000.0,1000000.0,1000000.0,1000000.0,1000000.0,1000000.0,1000000.0,1000000.0,1000000.0,1000000.0,1000000.0,1000000.0,1000000.0,1000000.0,1000000.0,1000000.0,0.0,0.0,0.0,0.0,0.0,0.0,0.0,0.0,0.0,0.0,0.0,0.0,0.0,0.0,0.0,0.0,0.0,0.0,0.0,0.0,0.0,0.0,0.0,0.0,0.0,0.0,0.0,0.0,0.0,0.0,0.0,0.0,241.13817217265407,241.13817217265407,385.82107547624787,578.7316132143711,1977.3330118157653,3231.251507113574,7571.738606221362,12732.095490716194,33084.15722208825,61152.640462985306,129925.24716662656,206944.77935857247,360115.7463226429,504268.14564745594,708415.7222088256,813069.6889317579,943621.8953460333,980033.7593441041,995611.2852664576,999180.1302146129,999662.4065589582,999903.5447311308,1000000.0,1000000.0,1000000.0,1000000.0,1000000.0,1000000.0,1000000.0,1000000.0,1000000.0,1000000.0,0.0,0.0,0.0,0.0,0.0,0.0,0.0,0.0,0.0,0.0,0.0,0.0,0.0,0.0,0.0,0.0,0.0,0.0,0.0,0.0,0.0,0.0,0.0,0.0,0.0,0.0,0.0,0.0,0.0,0.0,0.0,0.0,0.0,0.0,0.0,0.0,0.0,0.0,48.22763443453082,48.22763443453082,289.36580660718624,771.6421509524955,1977.3330118157653,3424.1620448516924,7619.966240655894,14468.290330359305,39016.1562575356,68965.51724137929,142512.6597540391,227779.11743428974,379503.25536532426,511212.92500602844,680009.6455268869,803617.0725825897,924427.29684109,967060.5256812152,991511.9363395225,996768.7484928863,998601.3986013986,998890.7644080058,999035.4473113093,999083.6749457439,999180.1302146129,1000000.0,48.22763443453082,48.22763443453082,48.22763443453082,48.22763443453082,48.22763443453082,48.22763443453082,48.22763443453082,48.22763443453082,48.22763443453082,48.22763443453082,48.22763443453082,48.22763443453082,48.22763443453082,48.22763443453082,48.22763443453082,48.22763443453082,48.22763443453082,48.22763443453082,48.22763443453082,48.22763443453082,48.22763443453082,48.22763443453082,48.22763443453082,48.22763443453082,48.22763443453082,48.22763443453082,48.22763443453082,48.22763443453082,48.22763443453082,48.22763443453082,48.22763443453082,48.22763443453082,48.22763443453082,48.22763443453082,48.22763443453082,48.22763443453082,48.22763443453082,48.22763443453082,48.22763443453082,48.22763443453082,48.22763443453082,48.22763443453082,48.22763443453082,48.22763443453082,48.22763443453082,48.22763443453082,48.22763443453082,48.22763443453082,48.22763443453082,48.22763443453082,48.22763443453082,48.22763443453082,48.22763443453082,48.22763443453082,48.22763443453082,48.22763443453082,48.22763443453082,48.22763443453082,48.22763443453082,48.22763443453082,48.22763443453082,48.22763443453082,48.22763443453082,1000000.0
FLINT,MAGNUM03,F,na,na,na,na,2025_03_11-09_22_56,na,4,33,Yes,1,na,0.0,73884.7359537015,337.59344104178416,30.0,47.0,60.0,,,,0.0,145695.68362671818,337.59344104178416,30.0,47.0,60.0,26.0,7.0,12.0,20.0,3.0,9.0,14.0,-2.0,7.0,10.0,-6.0,6.0,8.0,-9.0,5.0,4.0,-12.0,0.0,6.0,-11.0,4.0,18.0,44.0,44.0,51.0,51.0,63.0,21.0,41.0,46.0,49.0,54.0,63.0,24.0,38.0,48.0,46.0,56.0,63.0,26.0,36.0,49.0,43.0,57.0,63.0,26.0,34.0,50.0,41.0,58.0,63.0,28.0,32.0,51.0,39.0,63.0,63.0,27.0,33.0,51.0,40.0,59.0,63.0,29.0,0.0,52.0,31.0,63.0,37.0,63.0,63.0,3.2350135918941127,2.381841787703227,2.579892687334772,0.0,30.0,160.0,2797.202797202796,2797.202797202796,2941.8857005063924,2941.8857005063924,3134.7962382445157,3183.023872679041,3327.7067759826386,3424.1620448516924,4002.8936580660734,5497.950325536535,8632.74656378105,15239.932481311793,31926.693995659498,61297.32336628891,124330.84157222084,170436.4600916325,318013.0214612973,449095.7318543525,581142.9949360983,680299.011333494,782445.1410658306,853050.3978779841,913817.217265493,945309.8625512419,979020.9790209789,993682.1798890764,999180.1302146129,999710.6341933928,1000000.0,1000000.0,1000000.0,1000000.0,1000000.0,1000000.0,1000000.0,1000000.0,1000000.0,1000000.0,1000000.0,1000000.0,1000000.0,1000000.0,1000000.0,1000000.0,1000000.0,1000000.0,1000000.0,1000000.0,1000000.0,1000000.0,1000000.0,1000000.0,1000000.0,1000000.0,1000000.0,1000000.0,1000000.0,1000000.0,1000000.0,1000000.0,1000000.0,1000000.0,1000000.0,1000000.0,0.0,0.0,0.0,0.0,0.0,0.0,0.0,0.0,0.0,0.0,0.0,0.0,0.0,0.0,0.0,0.0,0.0,0.0,0.0,0.0,0.0,0.0,0.0,0.0,0.0,0.0,0.0,0.0,0.0,0.0,0.0,48.22763443453082,289.36580660718624,578.7316132143711,1446.829033035929,2990.1133349409165,7378.82806848324,13793.103448275855,29418.857005063877,49385.09766095973,108078.12876778394,187557.27031589093,325102.4837231733,461152.64046298526,653243.3084157222,805449.722691102,928189.0523269833,962816.4938509766,991608.3916083915,997636.845912708,999517.7236556546,999903.5447311308,1000000.0,1000000.0,1000000.0,1000000.0,1000000.0,1000000.0,1000000.0,1000000.0,1000000.0,1000000.0,1000000.0,1000000.0,0.0,0.0,0.0,0.0,0.0,0.0,0.0,0.0,0.0,0.0,0.0,0.0,0.0,0.0,0.0,0.0,0.0,0.0,0.0,0.0,0.0,0.0,0.0,0.0,0.0,0.0,0.0,0.0,0.0,0.0,0.0,0.0,0.0,0.0,0.0,0.0,0.0,48.22763443453082,96.4552688690621,241.13817217265407,964.5526886906189,1832.650108512174,3472.38967928623,6317.820110923553,11960.453339763686,20352.061731372072,46443.21196045331,73932.96358813594,144972.2691102001,225994.69496021213,366819.38750904263,501808.53629129485,662744.1523993248,806173.13720762,928912.4668435013,968603.8099831202,992717.6272003858,997443.9353749697,999276.585483482,999662.4065589582,999758.8618278273,999758.8618278273,999758.8618278273,1000000.0,0.0,0.0,0.0,0.0,0.0,0.0,0.0,0.0,0.0,0.0,0.0,0.0,0.0,0.0,0.0,0.0,0.0,0.0,0.0,0.0,0.0,0.0,0.0,0.0,0.0,0.0,0.0,0.0,0.0,0.0,0.0,0.0,0.0,0.0,0.0,0.0,0.0,0.0,0.0,0.0,0.0,0.0,0.0,0.0,0.0,0.0,0.0,0.0,0.0,0.0,0.0,0.0,0.0,0.0,0.0,0.0,0.0,0.0,0.0,0.0,0.0,0.0,0.0,1000000.0
FLINT,MAGNUM03,F,na,na,na,na,2025_03_11-09_22_56,na,4,34,Yes,1,na,96.4552688691443,84687.72606703635,96.4552688691443,27.0,47.0,62.0,,,,144.68290330367512,114926.45285748737,96.4552688691443,27.0,47.0,62.0,26.0,8.0,12.0,19.0,3.0,9.0,13.0,-2.0,7.0,10.0,-5.0,6.0,6.0,-8.0,5.0,2.0,-11.0,2.0,5.0,-10.0,4.0,17.0,43.0,43.0,51.0,51.0,63.0,21.0,40.0,45.0,48.0,54.0,63.0,24.0,37.0,47.0,45.0,56.0,63.0,25.0,35.0,48.0,43.0,57.0,63.0,26.0,32.0,49.0,41.0,58.0,63.0,26.0,28.0,50.0,39.0,61.0,63.0,26.0,31.0,50.0,40.0,59.0,63.0,28.0,0.0,52.0,22.0,63.0,35.0,63.0,63.0,3.3082317954185676,2.4945027436830833,2.625871396340652,0.0,30.0,160.0,3568.844948155295,3665.3002170243526,3809.9831203279427,3809.9831203279427,3906.438389197008,4002.8936580660734,4244.031830238725,4774.535809018565,6269.592476489024,9645.526886906195,16879.672052085858,30431.637328189037,60477.45358090182,111888.11188811182,193441.0417169038,239594.8878707499,407668.19387509034,532095.4907161803,654593.6821798891,743043.1637328189,829515.312273933,895008.4398360258,946997.8297564504,971497.4680491921,993344.5864480347,998697.8538702676,999903.5447311308,999951.7723655654,1000000.0,1000000.0,1000000.0,1000000.0,1000000.0,1000000.0,1000000.0,1000000.0,1000000.0,1000000.0,1000000.0,1000000.0,1000000.0,1000000.0,1000000.0,1000000.0,1000000.0,1000000.0,1000000.0,1000000.0,1000000.0,1000000.0,1000000.0,1000000.0,1000000.0,1000000.0,1000000.0,1000000.0,1000000.0,1000000.0,1000000.0,1000000.0,1000000.0,1000000.0,1000000.0,1000000.0,0.0,0.0,0.0,0.0,0.0,0.0,0.0,0.0,0.0,0.0,0.0,0.0,0.0,0.0,0.0,0.0,0.0,0.0,0.0,0.0,0.0,0.0,48.22763443453082,48.22763443453082,48.22763443453082,48.22763443453082,48.22763443453082,96.4552688690621,241.13817217265407,289.36580660718624,434.04870991077877,626.959247648901,1446.829033035929,2990.1133349409165,5546.177959971061,8970.34000482275,17554.858934169293,33421.750663129984,66505.90788521817,101615.62575355681,195466.602363154,313093.8027489751,494670.84639498434,640414.757656137,801253.9184952978,902821.3166144199,969761.273209549,984904.7504219918,997733.301181577,999276.585483482,999951.7723655654,1000000.0,1000000.0,1000000.0,1000000.0,1000000.0,1000000.0,1000000.0,1000000.0,1000000.0,1000000.0,1000000.0,1000000.0,1000000.0,0.0,0.0,0.0,0.0,0.0,0.0,0.0,0.0,0.0,0.0,0.0,0.0,0.0,0.0,0.0,0.0,0.0,0.0,0.0,0.0,0.0,0.0,0.0,0.0,0.0,0.0,0.0,0.0,0.0,0.0,0.0,0.0,0.0,0.0,0.0,48.22763443453082,48.22763443453082,48.22763443453082,96.4552688690621,337.59344104171646,675.1868820834334,1639.7395707740552,3568.844948155295,6800.096455268857,13407.2823727996,25608.87388473595,52375.21099590065,84735.95370147096,159729.92524716668,244465.87894863752,385676.3925729443,521340.7282372799,682421.0272486134,815239.9324813117,931854.3525440076,970147.0942850253,992428.2613937786,997733.301181577,998987.2196768748,999662.4065589582,999855.3170966964,999903.5447311308,999951.7723655654,1000000.0,0.0,0.0,0.0,0.0,0.0,0.0,0.0,0.0,0.0,0.0,0.0,0.0,0.0,0.0,0.0,0.0,0.0,0.0,0.0,0.0,0.0,0.0,0.0,0.0,0.0,0.0,0.0,0.0,0.0,0.0,0.0,0.0,0.0,0.0,0.0,0.0,0.0,0.0,0.0,0.0,0.0,0.0,0.0,0.0,0.0,0.0,0.0,0.0,0.0,0.0,0.0,0.0,0.0,0.0,0.0,0.0,0.0,0.0,0.0,0.0,0.0,0.0,0.0,1000000.0
FLINT,MAGNUM03,F,na,na,na,na,2025_03_11-09_22_56,na,4,35,Yes,1,na,96.4552688690621,0.0,0.0,29.5,0.0,62.0,,,,96.4552688690621,0.0,0.0,29.5,0.0,62.0,26.0,7.0,12.0,19.0,2.0,9.0,13.0,-3.0,7.0,10.0,-6.0,6.0,6.0,-10.0,5.0,4.0,-13.0,3.0,4.0,-12.0,5.0,18.0,44.0,44.0,51.0,51.0,63.0,22.0,41.0,46.0,48.0,54.0,63.0,25.0,38.0,48.0,45.0,56.0,63.0,26.0,36.0,49.0,43.0,57.0,63.0,27.0,33.0,50.0,40.0,58.0,63.0,28.0,32.0,51.0,38.0,60.0,63.0,28.0,32.0,51.0,39.0,58.0,63.0,29.0,0.0,53.0,28.0,61.0,0.0,63.0,63.0,3.3033573222547075,2.6017215816203745,2.7658374025146464,0.0,30.0,160.0,4485.170002411382,4533.397636845913,4533.397636845913,4533.397636845913,4581.625271280436,4581.625271280436,4726.3081745840345,4870.991077887631,5449.72269110199,6221.364842054485,7523.510971786837,11333.494092114755,22763.44345309863,44562.33421750661,93368.7002652519,124234.38630335187,256329.8770195322,380419.5804195804,525247.1666264769,619918.0130214612,739667.2293224017,817169.037858693,889510.4895104895,925440.077164215,970532.9153605016,988087.7742946708,997733.301181577,999373.040752351,999951.7723655654,1000000.0,1000000.0,1000000.0,1000000.0,1000000.0,1000000.0,1000000.0,1000000.0,1000000.0,1000000.0,1000000.0,1000000.0,1000000.0,1000000.0,1000000.0,1000000.0,1000000.0,1000000.0,1000000.0,1000000.0,1000000.0,1000000.0,1000000.0,1000000.0,1000000.0,1000000.0,1000000.0,1000000.0,1000000.0,1000000.0,1000000.0,1000000.0,1000000.0,1000000.0,1000000.0,0.0,0.0,0.0,0.0,0.0,0.0,0.0,0.0,0.0,0.0,0.0,0.0,0.0,0.0,0.0,0.0,0.0,0.0,0.0,0.0,0.0,0.0,0.0,0.0,0.0,0.0,0.0,0.0,48.22763443453082,48.22763443453082,144.68290330359284,144.68290330359284,868.0974198215577,1591.5119363395213,3713.527851458888,6124.909573185426,12539.18495297808,21750.663129973454,41427.53797926209,61007.957559681716,122449.96382927414,196768.7484928864,328574.8734024596,439932.48131179163,638967.928623101,781384.1331082709,907933.4458644803,947190.7402941885,985772.8478418133,995997.1063419338,999421.2683867855,999903.5447311308,1000000.0,1000000.0,1000000.0,1000000.0,1000000.0,1000000.0,1000000.0,1000000.0,1000000.0,1000000.0,1000000.0,1000000.0,48.22763443453082,48.22763443453082,48.22763443453082,48.22763443453082,48.22763443453082,48.22763443453082,48.22763443453082,48.22763443453082,48.22763443453082,48.22763443453082,48.22763443453082,48.22763443453082,48.22763443453082,48.22763443453082,48.22763443453082,48.22763443453082,48.22763443453082,48.22763443453082,48.22763443453082,48.22763443453082,48.22763443453082,48.22763443453082,48.22763443453082,48.22763443453082,48.22763443453082,48.22763443453082,48.22763443453082,48.22763443453082,48.22763443453082,48.22763443453082,48.22763443453082,48.22763443453082,48.22763443453082,48.22763443453082,48.22763443453082,48.22763443453082,48.22763443453082,192.91053773812425,530.5039787798403,675.1868820834334,1446.829033035929,2266.6988184229576,4726.3081745840345,7619.966240655894,16300.940438871463,29563.539908367497,62358.331323848564,97178.68338557989,179985.53170966968,268193.8750904268,419869.7853870267,541114.0583554377,693465.155534121,813214.3718350613,924668.4350132627,963829.2741741017,990209.7902097901,996720.5208584518,999565.9512900892,999855.3170966964,1000000.0,1000000.0,1000000.0,1000000.0,0.0,0.0,0.0,0.0,0.0,0.0,0.0,0.0,0.0,0.0,0.0,0.0,0.0,0.0,0.0,0.0,0.0,0.0,0.0,0.0,0.0,0.0,0.0,0.0,0.0,0.0,0.0,0.0,0.0,0.0,0.0,0.0,0.0,0.0,0.0,0.0,0.0,0.0,0.0,0.0,0.0,0.0,0.0,0.0,0.0,0.0,0.0,0.0,0.0,0.0,0.0,0.0,0.0,0.0,0.0,0.0,0.0,0.0,0.0,0.0,0.0,0.0,0.0,1000000.0
FLINT,MAGNUM03,F,na,na,na,na,2025_03_11-09_22_56,na,4,36,Yes,1,na,0.0,0.0,96.4552688690621,27.0,0.0,61.0,,,,0.0,0.0,96.4552688690621,27.0,0.0,61.0,23.0,10.0,11.0,19.0,6.0,9.0,14.0,2.0,7.0,11.0,0.0,7.0,8.0,-2.0,6.0,4.0,-6.0,5.0,7.0,-4.0,5.0,19.0,42.0,42.0,52.0,52.0,63.0,21.0,40.0,44.0,50.0,54.0,63.0,23.0,37.0,45.0,47.0,56.0,63.0,24.0,35.0,46.0,46.0,56.0,63.0,25.0,33.0,47.0,45.0,57.0,63.0,26.0,30.0,48.0,42.0,58.0,63.0,25.0,32.0,48.0,44.0,58.0,63.0,26.0,0.0,49.0,28.0,60.0,0.0,63.0,0.0,4.818349075944806,2.0937129170795594,2.055448769543656,0.6187270920281196,30.0,160.0,50880.15432843018,50976.60959729927,51217.74776947188,51410.65830721003,51748.25174825174,52182.30045816258,52809.25970581137,53195.080781287645,53966.72293224015,54641.90981432362,55751.14540631784,57149.74680491922,61731.37207619972,72196.76874849285,97950.32553653233,114154.81070653483,211285.26645768015,317530.745116952,474656.37810465397,600578.7316132142,754135.519652761,860718.5917530744,953122.7393296359,980901.8567639258,998263.8051603568,999710.6341933928,1000000.0,1000000.0,1000000.0,1000000.0,1000000.0,1000000.0,1000000.0,1000000.0,1000000.0,1000000.0,1000000.0,1000000.0,1000000.0,1000000.0,1000000.0,1000000.0,1000000.0,1000000.0,1000000.0,1000000.0,1000000.0,1000000.0,1000000.0,1000000.0,1000000.0,1000000.0,1000000.0,1000000.0,1000000.0,1000000.0,1000000.0,1000000.0,1000000.0,1000000.0,1000000.0,1000000.0,1000000.0,1000000.0,0.0,0.0,0.0,0.0,0.0,0.0,0.0,0.0,0.0,0.0,0.0,0.0,0.0,0.0,0.0,0.0,0.0,0.0,0.0,0.0,0.0,0.0,0.0,0.0,0.0,0.0,0.0,0.0,48.22763443453082,96.4552688690621,241.13817217265407,289.36580660718624,916.3250542560885,1591.5119363395213,3568.844948155295,7330.600434048703,17940.68000964554,36894.14034241622,93658.06607185923,151531.22739329634,322546.41909814323,490667.95273691823,709090.9090909091,838485.6522787557,951531.2273932963,985579.9373040752,998263.8051603568,999276.585483482,999951.7723655654,1000000.0,1000000.0,1000000.0,1000000.0,1000000.0,1000000.0,1000000.0,1000000.0,1000000.0,1000000.0,1000000.0,1000000.0,1000000.0,1000000.0,1000000.0,48.22763443453082,48.22763443453082,48.22763443453082,48.22763443453082,48.22763443453082,48.22763443453082,48.22763443453082,48.22763443453082,48.22763443453082,48.22763443453082,48.22763443453082,48.22763443453082,48.22763443453082,48.22763443453082,48.22763443453082,48.22763443453082,48.22763443453082,48.22763443453082,48.22763443453082,48.22763443453082,48.22763443453082,48.22763443453082,48.22763443453082,48.22763443453082,48.22763443453082,48.22763443453082,48.22763443453082,48.22763443453082,48.22763443453082,48.22763443453082,48.22763443453082,48.22763443453082,48.22763443453082,48.22763443453082,48.22763443453082,48.22763443453082,48.22763443453082,48.22763443453082,48.22763443453082,48.22763443453082,144.68290330359284,192.91053773812425,289.36580660718624,482.27634434531,1205.690860863273,3809.9831203279427,12828.550759585236,22811.671087533156,57680.2507836991,108753.31564986745,223438.630335182,361562.5753556787,572703.1589100554,760019.2910537737,932336.628888353,976706.0525681215,996865.2037617555,999373.040752351,999951.7723655654,999951.7723655654,1000000.0,1000000.0,1000000.0,1000000.0,96.4552688690621,96.4552688690621,96.4552688690621,96.4552688690621,96.4552688690621,96.4552688690621,96.4552688690621,96.4552688690621,96.4552688690621,96.4552688690621,96.4552688690621,96.4552688690621,96.4552688690621,96.4552688690621,96.4552688690621,96.4552688690621,96.4552688690621,96.4552688690621,96.4552688690621,96.4552688690621,96.4552688690621,96.4552688690621,96.4552688690621,96.4552688690621,96.4552688690621,96.4552688690621,96.4552688690621,96.4552688690621,96.4552688690621,96.4552688690621,96.4552688690621,96.4552688690621,96.4552688690621,96.4552688690621,96.4552688690621,96.4552688690621,96.4552688690621,96.4552688690621,96.4552688690621,96.4552688690621,96.4552688690621,96.4552688690621,96.4552688690621,96.4552688690621,96.4552688690621,96.4552688690621,96.4552688690621,96.4552688690621,96.4552688690621,96.4552688690621,96.4552688690621,96.4552688690621,96.4552688690621,96.4552688690621,96.4552688690621,96.4552688690621,96.4552688690621,96.4552688690621,96.4552688690621,96.4552688690621,96.4552688690621,96.4552688690621,144.68290330359284,1000000.0
FLINT,MAGNUM03,F,na,na,na,na,2025_03_11-09_22_56,na,4,37,Yes,1,na,0.0,61007.957559681716,48.22763443457198,28.5,48.0,62.0,,,,0.0,93175.78972751393,48.22763443457198,28.5,48.0,62.0,26.0,9.0,10.0,20.0,4.0,8.0,14.0,-1.0,6.0,11.0,-4.0,5.0,8.0,-7.0,4.0,5.0,-11.0,3.0,7.0,-9.0,4.0,18.0,44.0,44.0,53.0,53.0,63.0,21.0,41.0,46.0,50.0,55.0,63.0,24.0,38.0,48.0,47.0,57.0,63.0,25.0,36.0,49.0,45.0,58.0,63.0,26.0,34.0,50.0,43.0,59.0,63.0,27.0,32.0,52.0,41.0,60.0,63.0,26.0,33.0,51.0,42.0,59.0,63.0,28.0,0.0,54.0,29.0,63.0,37.0,63.0,63.0,3.2363293925503047,2.3950796244388304,2.4879093451381267,0.0,30.0,160.0,4533.397636845913,4678.080540149494,4774.535809018565,4870.991077887631,4919.218712322153,4967.446346756688,5015.673981191222,5160.356884494808,5931.999035447306,6751.868820834333,9645.526886906195,14709.428502531931,30721.00313479626,58210.75476247888,117048.46877260666,152158.18664094532,302917.77188328904,429467.0846394984,574680.4919218712,669737.1593923318,782927.4174101761,854448.9992765853,920376.1755485893,949071.6180371352,985001.2056908607,996479.3826862792,999565.9512900892,999951.7723655654,1000000.0,1000000.0,1000000.0,1000000.0,1000000.0,1000000.0,1000000.0,1000000.0,1000000.0,1000000.0,1000000.0,1000000.0,1000000.0,1000000.0,1000000.0,1000000.0,1000000.0,1000000.0,1000000.0,1000000.0,1000000.0,1000000.0,1000000.0,1000000.0,1000000.0,1000000.0,1000000.0,1000000.0,1000000.0,1000000.0,1000000.0,1000000.0,1000000.0,1000000.0,1000000.0,1000000.0,0.0,0.0,0.0,0.0,0.0,0.0,0.0,0.0,0.0,0.0,0.0,0.0,0.0,0.0,0.0,0.0,0.0,0.0,0.0,0.0,0.0,0.0,0.0,0.0,0.0,0.0,0.0,0.0,0.0,48.22763443453082,96.4552688690621,144.68290330359284,289.36580660718624,964.5526886906189,2218.471183988428,3858.2107547624714,8054.014950566682,15866.891728960678,34241.620448517,53146.85314685312,120135.03737641667,208295.15312273934,369037.85869303107,496407.0412346274,699590.0651073065,829708.222811671,936966.4817940679,966144.2006269592,992814.0824692548,997877.9840848806,999469.4960212201,999855.3170966964,999951.7723655654,1000000.0,1000000.0,1000000.0,1000000.0,1000000.0,1000000.0,1000000.0,1000000.0,1000000.0,1000000.0,1000000.0,0.0,0.0,0.0,0.0,0.0,0.0,0.0,0.0,0.0,0.0,0.0,0.0,0.0,0.0,0.0,0.0,0.0,0.0,0.0,0.0,0.0,0.0,0.0,0.0,0.0,0.0,0.0,0.0,0.0,0.0,0.0,0.0,0.0,0.0,0.0,0.0,0.0,48.22763443453082,48.22763443453082,96.4552688690621,144.68290330359284,337.59344104171646,675.1868820834334,1784.4224740776426,4292.259464673261,7764.649143959485,18519.411622859883,30190.499156016413,61056.1851941162,103207.13768989636,194646.7325777671,287533.1564986737,438582.1075476248,589052.3269833614,788714.7335423197,885941.644562334,968893.1757897275,989872.1967687485,998504.9433325295,999565.9512900892,999951.7723655654,999951.7723655654,1000000.0,1000000.0,0.0,0.0,0.0,0.0,0.0,0.0,0.0,0.0,0.0,0.0,0.0,0.0,0.0,0.0,0.0,0.0,0.0,0.0,0.0,0.0,0.0,0.0,0.0,0.0,0.0,0.0,0.0,0.0,0.0,0.0,0.0,0.0,0.0,0.0,0.0,0.0,0.0,0.0,0.0,0.0,0.0,0.0,0.0,0.0,0.0,0.0,0.0,0.0,0.0,0.0,0.0,0.0,0.0,0.0,0.0,0.0,0.0,0.0,0.0,0.0,0.0,0.0,0.0,1000000.0
FLINT,MAGNUM03,F,na,na,na,na,2025_03_11-09_22_56,na,4,38,Yes,1,na,675.1868820834334,192.91053773812425,0.0,29.0,31.0,62.5,,,,916.3250542560885,192.91053773812425,0.0,29.0,31.0,62.5,29.0,4.0,13.0,21.0,-1.0,9.0,13.0,-9.0,7.0,9.0,-14.0,5.0,4.0,-18.0,3.0,-4.0,-25.0,1.0,-1.0,-21.0,2.0,17.0,46.0,46.0,50.0,50.0,63.0,21.0,42.0,48.0,47.0,54.0,63.0,25.0,38.0,51.0,42.0,56.0,63.0,26.0,35.0,53.0,39.0,58.0,63.0,28.0,32.0,54.0,36.0,60.0,63.0,29.0,25.0,56.0,31.0,62.0,63.0,29.0,28.0,55.0,34.0,61.0,63.0,30.0,0.0,57.0,19.0,62.0,25.0,63.0,63.0,3.8204555758419794,3.2936767969566096,3.5514949559380575,0.0,30.0,160.0,1543.2843019049903,1591.5119363395213,1736.1948396431121,1784.4224740776426,2122.0159151193625,2604.2922594646707,4051.121292500604,4822.763443453095,9018.567639257291,17265.49312756211,42295.63539908366,69061.97251024836,113527.851458886,196672.29322401737,293127.5620930793,319170.4846877261,484928.86423920904,593633.9522546419,713045.5751145406,765227.8755727031,835061.490233904,886375.6932722449,928333.735230287,945358.0901856762,967301.6638533879,981432.3607427055,994212.6838678562,997395.7077405354,999421.2683867855,1000000.0,1000000.0,1000000.0,1000000.0,1000000.0,1000000.0,1000000.0,1000000.0,1000000.0,1000000.0,1000000.0,1000000.0,1000000.0,1000000.0,1000000.0,1000000.0,1000000.0,1000000.0,1000000.0,1000000.0,1000000.0,1000000.0,1000000.0,1000000.0,1000000.0,1000000.0,1000000.0,1000000.0,1000000.0,1000000.0,1000000.0,1000000.0,1000000.0,1000000.0,1000000.0,0.0,0.0,0.0,0.0,0.0,0.0,0.0,0.0,0.0,0.0,0.0,0.0,0.0,0.0,0.0,0.0,0.0,0.0,0.0,48.22763443453082,96.4552688690621,96.4552688690621,144.68290330359284,192.91053773812425,192.91053773812425,289.36580660718624,337.59344104171646,434.04870991077877,578.7316132143711,723.414516517964,964.5526886906189,964.5526886906189,2122.0159151193625,3665.3002170243526,5835.543766578246,7957.559681697602,13600.192910537737,22329.394743187844,33952.254641909814,44128.285507595865,73113.09380274898,107210.03134796231,179117.434289848,243308.41572220885,347238.9679286231,475524.4755244755,642922.5946467326,716807.330600434,850204.9674463465,919749.2163009403,968507.3547142512,983554.3766578248,992862.3101036893,997299.2524716662,999131.9025801783,999662.4065589582,999903.5447311308,1000000.0,1000000.0,1000000.0,1000000.0,1000000.0,1000000.0,1000000.0,0.0,0.0,0.0,0.0,0.0,0.0,0.0,0.0,0.0,0.0,0.0,0.0,0.0,0.0,0.0,0.0,0.0,0.0,0.0,0.0,0.0,0.0,0.0,0.0,0.0,48.22763443453082,48.22763443453082,48.22763443453082,48.22763443453082,96.4552688690621,192.91053773812425,241.13817217265407,337.59344104171646,337.59344104171646,723.414516517964,916.3250542560885,1639.7395707740552,3424.1620448516924,5739.088497709187,7378.82806848324,11622.859898721968,17120.81022425849,28984.80829515312,42970.82228116706,64142.75379792618,96889.31757897274,155437.6657824934,200868.09741982154,284301.90499156015,374198.2155775259,527899.6865203761,626139.3778635159,746081.5047021944,838726.7904509284,922739.3296358814,955871.714492404,979117.434289848,989775.7414998794,996624.0655895828,998553.1709669641,999324.8131179166,999807.0894622619,1000000.0,1000000.0,0.0,0.0,0.0,0.0,0.0,0.0,0.0,0.0,0.0,0.0,0.0,0.0,0.0,0.0,0.0,0.0,0.0,0.0,0.0,0.0,0.0,0.0,0.0,0.0,0.0,0.0,0.0,0.0,0.0,0.0,0.0,0.0,0.0,0.0,0.0,0.0,0.0,0.0,0.0,0.0,0.0,0.0,0.0,0.0,0.0,0.0,0.0,0.0,0.0,0.0,0.0,0.0,0.0,0.0,0.0,0.0,0.0,0.0,0.0,0.0,0.0,0.0,0.0,1000000.0
FLINT,MAGNUM03,F,na,na,na,na,2025_03_11-09_22_56,na,4,39,Yes,1,na,96.4552688690621,124861.34555100086,0.0,29.0,47.0,61.5,,,,96.4552688690621,190547.38365083202,0.0,29.0,47.0,61.5,26.0,8.0,11.0,20.0,3.0,9.0,13.0,-2.0,7.0,10.0,-6.0,6.0,7.0,-10.0,5.0,2.0,-15.0,3.0,5.0,-12.0,5.0,18.0,44.0,44.0,52.0,52.0,63.0,22.0,42.0,46.0,49.0,54.0,63.0,25.0,38.0,48.0,46.0,56.0,63.0,26.0,36.0,50.0,44.0,57.0,63.0,27.0,34.0,51.0,41.0,58.0,63.0,28.0,30.0,53.0,38.0,60.0,63.0,27.0,32.0,52.0,40.0,58.0,63.0,29.0,0.0,54.0,26.0,60.0,36.0,63.0,63.0,3.323150197832309,2.496416583583855,2.5393990491315535,0.0,30.0,160.0,3327.7067759826386,3327.7067759826386,3424.1620448516924,3472.38967928623,3568.844948155295,3665.3002170243526,3858.2107547624714,3954.6660236315374,4581.625271280436,5931.999035447306,9741.98215577526,14178.924523752106,31540.872920183247,58837.71401012778,120086.80974198222,157897.27513865454,301663.8533879913,419918.01302146126,561369.6648179406,651024.8372317337,763539.9083674945,833807.5717386062,900747.5283337352,932433.0841572221,974921.6300940439,991415.4810706534,998697.8538702676,999565.9512900892,1000000.0,1000000.0,1000000.0,1000000.0,1000000.0,1000000.0,1000000.0,1000000.0,1000000.0,1000000.0,1000000.0,1000000.0,1000000.0,1000000.0,1000000.0,1000000.0,1000000.0,1000000.0,1000000.0,1000000.0,1000000.0,1000000.0,1000000.0,1000000.0,1000000.0,1000000.0,1000000.0,1000000.0,1000000.0,1000000.0,1000000.0,1000000.0,1000000.0,1000000.0,1000000.0,1000000.0,0.0,0.0,0.0,0.0,0.0,0.0,0.0,0.0,0.0,0.0,0.0,0.0,0.0,0.0,0.0,0.0,0.0,0.0,0.0,0.0,0.0,0.0,0.0,0.0,0.0,0.0,48.22763443453082,48.22763443453082,96.4552688690621,144.68290330359284,241.13817217265407,289.36580660718624,578.7316132143711,819.8697853870253,1784.4224740776426,3424.1620448516924,7137.689896310589,12201.591511936347,25271.280443694228,40221.84711839883,84735.95370147096,143959.48878707504,268869.06197251024,373860.6221364842,572269.1102001447,721196.0453339763,875138.6544489992,928237.2799614178,979744.393537497,993006.993006993,998408.4880636605,999373.040752351,999855.3170966964,1000000.0,1000000.0,1000000.0,1000000.0,1000000.0,1000000.0,1000000.0,1000000.0,1000000.0,1000000.0,1000000.0,0.0,0.0,0.0,0.0,0.0,0.0,0.0,0.0,0.0,0.0,0.0,0.0,0.0,0.0,0.0,0.0,0.0,0.0,0.0,0.0,0.0,0.0,0.0,0.0,0.0,0.0,0.0,0.0,0.0,0.0,0.0,0.0,0.0,0.0,0.0,0.0,48.22763443453082,144.68290330359284,337.59344104171646,530.5039787798403,916.3250542560885,1639.7395707740552,3713.527851458888,5883.771401012779,11285.266457680242,19049.915601639714,41234.627441524026,65734.26573426573,130166.38533879898,208005.78731613216,354473.1130938028,477260.67036411865,660043.404870991,793006.993006993,924909.5731854353,967542.8020255606,991897.7574149987,997877.9840848806,999662.4065589582,999855.3170966964,1000000.0,1000000.0,1000000.0,1000000.0,0.0,0.0,0.0,0.0,0.0,0.0,0.0,0.0,0.0,0.0,0.0,0.0,0.0,0.0,0.0,0.0,0.0,0.0,0.0,0.0,0.0,0.0,0.0,0.0,0.0,0.0,0.0,0.0,0.0,0.0,0.0,0.0,0.0,0.0,0.0,0.0,0.0,0.0,0.0,0.0,0.0,0.0,0.0,0.0,0.0,0.0,0.0,0.0,0.0,0.0,0.0,0.0,0.0,0.0,0.0,0.0,0.0,0.0,0.0,0.0,0.0,0.0,0.0,1000000.0
FLINT,MAGNUM03,F,na,na,na,na,2025_03_11-09_22_56,na,4,40,Yes,1,na,771.6421509524955,217313.72076199666,0.0,30.5,48.0,62.0,,,,771.6421509524955,370629.3706293707,0.0,30.5,48.0,62.0,27.0,6.0,12.0,21.0,0.0,9.0,15.0,-6.0,7.0,10.0,-9.0,6.0,6.0,-13.0,5.0,3.0,-18.0,3.0,4.0,-16.0,4.0,18.0,45.0,45.0,51.0,51.0,63.0,22.0,43.0,48.0,48.0,54.0,63.0,25.0,40.0,50.0,44.0,56.0,63.0,27.0,37.0,51.0,42.0,57.0,63.0,28.0,34.0,53.0,40.0,58.0,63.0,29.0,32.0,54.0,36.0,60.0,63.0,28.0,32.0,54.0,38.0,59.0,63.0,29.0,0.0,56.0,27.0,61.0,33.0,63.0,63.0,3.489709780187599,2.644077839408531,2.7816344496853573,0.0,30.0,160.0,2218.471183988428,2363.1540872920177,2652.5198938992025,2748.975162768264,2893.6580660718573,3086.56860380998,3327.7067759826386,3617.07258258982,4533.397636845913,6221.364842054485,11429.94936098385,18519.411622859883,39498.43260188093,75428.02025560639,144248.8545936823,181625.2712804437,336146.6120086809,454014.9505666747,588232.4571979744,661683.1444417652,767108.7533156499,836990.5956112852,896792.8623101036,921774.7769471908,961803.7135278514,981577.043646009,993778.6351579454,997251.0248372317,999662.4065589582,1000000.0,1000000.0,1000000.0,1000000.0,1000000.0,1000000.0,1000000.0,1000000.0,1000000.0,1000000.0,1000000.0,1000000.0,1000000.0,1000000.0,1000000.0,1000000.0,1000000.0,1000000.0,1000000.0,1000000.0,1000000.0,1000000.0,1000000.0,1000000.0,1000000.0,1000000.0,1000000.0,1000000.0,1000000.0,1000000.0,1000000.0,1000000.0,1000000.0,1000000.0,1000000.0,0.0,0.0,0.0,0.0,0.0,0.0,0.0,0.0,0.0,0.0,0.0,0.0,0.0,0.0,0.0,0.0,0.0,0.0,0.0,0.0,0.0,0.0,0.0,0.0,0.0,0.0,0.0,48.22763443453082,48.22763443453082,48.22763443453082,48.22763443453082,48.22763443453082,819.8697853870253,1157.4632264287443,1880.8777429467057,2556.0646250301406,4485.170002411382,7378.82806848324,15481.070653484428,22377.6223776224,44707.017120810226,73643.59778152876,139860.13986013984,205015.67398119124,359102.96599951765,509428.5025319508,695442.4885459368,782686.2792380034,911743.4289848082,961321.4371835061,987653.7255847601,994502.0496744635,998504.9433325295,999469.4960212201,999951.7723655654,1000000.0,1000000.0,1000000.0,1000000.0,1000000.0,1000000.0,1000000.0,1000000.0,1000000.0,0.0,0.0,0.0,0.0,0.0,0.0,0.0,0.0,0.0,0.0,0.0,0.0,0.0,0.0,0.0,0.0,0.0,0.0,0.0,0.0,0.0,0.0,0.0,0.0,0.0,0.0,0.0,0.0,0.0,0.0,0.0,0.0,0.0,48.22763443453082,96.4552688690621,144.68290330359284,289.36580660718624,385.82107547624787,819.8697853870253,1350.373764166866,2411.3817217265464,4147.576561369663,8246.925488304796,12346.274415239926,23293.947431878474,36942.367976850735,70991.07788762964,107065.34844465887,190788.5218230045,282421.0272486134,445816.2527128044,558717.1449240415,729925.2471666264,839980.7089462262,937738.1239450204,970774.0535326742,991463.7087050879,997009.886665059,999131.9025801783,999855.3170966964,1000000.0,1000000.0,1000000.0,1000000.0,0.0,0.0,0.0,0.0,0.0,0.0,0.0,0.0,0.0,0.0,0.0,0.0,0.0,0.0,0.0,0.0,0.0,0.0,0.0,0.0,0.0,0.0,0.0,0.0,0.0,0.0,0.0,0.0,0.0,0.0,0.0,0.0,0.0,0.0,0.0,0.0,0.0,0.0,0.0,0.0,0.0,0.0,0.0,0.0,0.0,0.0,0.0,0.0,0.0,0.0,0.0,0.0,0.0,0.0,0.0,0.0,0.0,0.0,0.0,0.0,0.0,0.0,0.0,1000000.0
FLINT,MAGNUM03,F,na,na,na,na,2025_03_11-09_22_56,na,4,41,Yes,1,na,241.13817217265407,146708.46394984316,96.4552688691443,28.0,47.0,61.0,,,,434.04870991083203,212008.68097419807,96.4552688691443,28.0,47.0,61.0,25.0,7.0,13.0,19.0,3.0,10.0,13.0,-4.0,7.0,9.0,-7.0,6.0,6.0,-11.0,5.0,0.0,-18.0,3.0,3.0,-14.0,4.0,18.0,43.0,43.0,50.0,50.0,63.0,21.0,40.0,45.0,48.0,53.0,63.0,24.0,37.0,48.0,44.0,56.0,63.0,25.0,34.0,49.0,42.0,57.0,63.0,26.0,32.0,50.0,39.0,58.0,63.0,28.0,28.0,52.0,34.0,60.0,63.0,27.0,30.0,51.0,37.0,59.0,63.0,29.0,0.0,54.0,20.0,63.0,28.0,63.0,63.0,3.3929714370790314,2.8276122569940374,2.919584212904238,0.0,30.0,160.0,4533.397636845913,4533.397636845913,4629.85290571497,4629.85290571497,4629.85290571497,4629.85290571497,5112.12925006028,5497.950325536535,6993.006993006999,9066.795273691821,15818.664094526175,23679.768507354696,47214.85411140584,90716.18037135282,170098.86665059076,216493.85097660957,374873.4024596093,494670.84639498434,628068.4832408971,708512.1774776948,803183.023872679,871714.4924041474,929346.515553412,956450.4461056185,984711.8398842536,996045.3339763684,999276.585483482,999807.0894622619,999903.5447311308,1000000.0,1000000.0,1000000.0,1000000.0,1000000.0,1000000.0,1000000.0,1000000.0,1000000.0,1000000.0,1000000.0,1000000.0,1000000.0,1000000.0,1000000.0,1000000.0,1000000.0,1000000.0,1000000.0,1000000.0,1000000.0,1000000.0,1000000.0,1000000.0,1000000.0,1000000.0,1000000.0,1000000.0,1000000.0,1000000.0,1000000.0,1000000.0,1000000.0,1000000.0,1000000.0,0.0,0.0,0.0,0.0,0.0,0.0,0.0,0.0,0.0,0.0,0.0,0.0,0.0,0.0,0.0,0.0,0.0,0.0,0.0,0.0,48.22763443453082,48.22763443453082,48.22763443453082,96.4552688690621,96.4552688690621,144.68290330359284,192.91053773812425,192.91053773812425,289.36580660718624,385.82107547624787,916.3250542560885,1157.4632264287443,3086.56860380998,4967.446346756688,8102.242585001196,11622.859898721968,22715.215818664117,39836.02604292259,76296.11767542796,107740.53532674228,194887.87074993973,295490.71618037135,451265.97540390637,562382.4451410659,734506.8724379069,846105.6185194115,934699.782975645,962141.3069688932,988859.4164456233,996334.6997829756,999035.4473113093,999662.4065589582,1000000.0,1000000.0,1000000.0,1000000.0,1000000.0,1000000.0,1000000.0,1000000.0,1000000.0,1000000.0,1000000.0,1000000.0,0.0,0.0,0.0,0.0,0.0,0.0,0.0,0.0,0.0,0.0,0.0,0.0,0.0,0.0,0.0,0.0,0.0,0.0,0.0,0.0,0.0,0.0,0.0,0.0,0.0,0.0,0.0,0.0,48.22763443453082,48.22763443453082,48.22763443453082,48.22763443453082,144.68290330359284,192.91053773812425,289.36580660718624,337.59344104171646,482.27634434531,723.414516517964,1109.2355919942117,1495.056667470457,3086.56860380998,4870.991077887631,9452.616349168073,14902.339040270084,28647.21485411141,50542.56088738851,98914.8782252231,146756.69158427784,249143.95948878705,356788.0395466602,524475.5244755244,629659.9951772365,770725.8258982397,860332.7706775981,943187.8466361224,970532.9153605016,990933.2047263081,996672.2932240173,999373.040752351,999758.8618278273,999903.5447311308,999951.7723655654,999951.7723655654,1000000.0,0.0,0.0,0.0,0.0,0.0,0.0,0.0,0.0,0.0,0.0,0.0,0.0,0.0,0.0,0.0,0.0,0.0,0.0,0.0,0.0,0.0,0.0,0.0,0.0,0.0,0.0,0.0,0.0,0.0,0.0,0.0,0.0,0.0,0.0,0.0,0.0,0.0,0.0,0.0,0.0,0.0,0.0,0.0,0.0,0.0,0.0,0.0,0.0,0.0,0.0,0.0,0.0,0.0,0.0,0.0,0.0,0.0,0.0,0.0,0.0,0.0,0.0,0.0,1000000.0
FLINT,MAGNUM03,F,na,na,na,na,2025_03_11-09_22_56,na,4,42,Yes,1,na,144.68290330359284,122208.82565710161,192.91053773817794,31.0,48.0,60.0,,,,144.68290330359284,221654.20786110434,192.91053773817794,31.0,48.0,60.0,26.0,7.0,11.0,20.0,2.0,9.0,14.0,-3.0,7.0,11.0,-6.0,6.0,8.0,-9.0,5.0,4.0,-13.0,3.0,6.0,-11.0,5.0,19.0,45.0,45.0,52.0,52.0,63.0,22.0,42.0,47.0,49.0,54.0,63.0,26.0,40.0,49.0,46.0,56.0,63.0,27.0,38.0,50.0,44.0,57.0,63.0,28.0,36.0,51.0,42.0,58.0,63.0,29.0,33.0,52.0,39.0,60.0,63.0,28.0,34.0,52.0,41.0,58.0,63.0,32.0,0.0,53.0,27.0,63.0,36.0,63.0,63.0,3.243193343783434,2.3479423504770454,2.4912937572871394,0.0,30.0,160.0,2170.2435495538875,2218.471183988428,2218.471183988428,2266.6988184229576,2314.926452857486,2314.926452857486,2411.3817217265464,2411.3817217265464,2797.202797202796,3134.7962382445157,4436.942367976849,6848.3240897033975,16397.39570774054,31347.96238244513,73740.05305039792,105232.69833614663,226573.42657342655,338799.1319025801,485941.6445623342,582107.547624789,707692.3076923076,791174.3428984807,868145.6474559922,903834.0969375451,953460.3327706775,976706.0525681215,993441.0417169037,997926.211719315,999807.0894622619,999903.5447311308,1000000.0,1000000.0,1000000.0,1000000.0,1000000.0,1000000.0,1000000.0,1000000.0,1000000.0,1000000.0,1000000.0,1000000.0,1000000.0,1000000.0,1000000.0,1000000.0,1000000.0,1000000.0,1000000.0,1000000.0,1000000.0,1000000.0,1000000.0,1000000.0,1000000.0,1000000.0,1000000.0,1000000.0,1000000.0,1000000.0,1000000.0,1000000.0,1000000.0,1000000.0,0.0,0.0,0.0,0.0,0.0,0.0,0.0,0.0,0.0,0.0,0.0,0.0,0.0,0.0,0.0,0.0,0.0,0.0,0.0,0.0,0.0,0.0,0.0,0.0,0.0,0.0,0.0,48.22763443453082,48.22763443453082,48.22763443453082,48.22763443453082,48.22763443453082,192.91053773812425,337.59344104171646,626.959247648901,1061.0079575596806,3038.3409693754506,5835.543766578246,13744.875813841316,21847.118398842544,52471.66626476966,96455.26886906191,192765.85483482035,284060.76681938744,477308.8979985531,638340.9693754521,822859.8987219676,896792.8623101036,974294.670846395,992621.1719315166,998456.7156980949,999469.4960212201,999903.5447311308,1000000.0,1000000.0,1000000.0,1000000.0,1000000.0,1000000.0,1000000.0,1000000.0,1000000.0,1000000.0,1000000.0,0.0,0.0,0.0,0.0,0.0,0.0,0.0,0.0,0.0,0.0,0.0,0.0,0.0,0.0,0.0,0.0,0.0,0.0,0.0,0.0,0.0,0.0,0.0,0.0,0.0,0.0,0.0,0.0,0.0,0.0,0.0,0.0,0.0,0.0,0.0,0.0,48.22763443453082,96.4552688690621,144.68290330359284,241.13817217265407,385.82107547624787,1061.0079575596806,2218.471183988428,4002.8936580660734,9066.795273691821,16831.444417651295,36797.68507354718,61056.1851941162,122257.05329153608,195997.1063419339,333735.2302869544,456860.380998312,641475.7656136965,781818.1818181818,922835.7849047504,966819.3875090426,991945.9850494333,997781.5288160116,999565.9512900892,999807.0894622619,1000000.0,1000000.0,1000000.0,1000000.0,0.0,0.0,0.0,0.0,0.0,0.0,0.0,0.0,0.0,0.0,0.0,0.0,0.0,0.0,0.0,0.0,0.0,0.0,0.0,0.0,0.0,0.0,0.0,0.0,0.0,0.0,0.0,0.0,0.0,0.0,0.0,0.0,0.0,0.0,0.0,0.0,0.0,0.0,0.0,0.0,0.0,0.0,0.0,0.0,0.0,0.0,0.0,0.0,0.0,0.0,0.0,0.0,0.0,0.0,0.0,0.0,0.0,0.0,0.0,0.0,0.0,0.0,0.0,1000000.0
FLINT,MAGNUM03,F,na,na,na,na,2025_03_11-09_22_56,na,4,43,Yes,1,na,144.68290330359284,81552.92982879186,1398.6013986014846,29.0,47.0,62.0,,,,241.13817217273714,107836.9905956113,1398.6013986014846,29.0,47.0,62.0,23.0,9.0,12.0,18.0,3.0,9.0,13.0,-1.0,7.0,10.0,-4.0,6.0,7.0,-7.0,0.0,2.0,-10.0,0.0,5.0,-10.0,0.0,19.0,42.0,42.0,51.0,51.0,63.0,22.0,40.0,45.0,48.0,54.0,63.0,24.0,37.0,47.0,46.0,56.0,63.0,25.0,35.0,48.0,44.0,57.0,63.0,26.0,33.0,49.0,42.0,63.0,63.0,28.0,30.0,50.0,40.0,63.0,63.0,27.0,32.0,50.0,40.0,63.0,63.0,30.0,0.0,56.0,29.0,63.0,37.0,63.0,63.0,3.1292323337926127,2.5239050387772286,2.654801511024066,0.0,30.0,160.0,4195.804195804195,4244.031830238725,4340.487099107789,4533.397636845913,4822.763443453095,5015.673981191222,5256.812153363875,5642.633228840121,6221.364842054485,6944.779358572451,8102.242585001196,10513.624306727752,18181.818181818162,32312.515071135764,64335.66433566437,84832.40897033995,192958.76537255853,304605.73908849776,450639.01615625754,555775.2592235351,697660.9597299253,794694.9602122016,890860.8632746564,933349.4092114781,981914.6370870508,995563.0576320231,999324.8131179166,999710.6341933928,999903.5447311308,1000000.0,1000000.0,1000000.0,1000000.0,1000000.0,1000000.0,1000000.0,1000000.0,1000000.0,1000000.0,1000000.0,1000000.0,1000000.0,1000000.0,1000000.0,1000000.0,1000000.0,1000000.0,1000000.0,1000000.0,1000000.0,1000000.0,1000000.0,1000000.0,1000000.0,1000000.0,1000000.0,1000000.0,1000000.0,1000000.0,1000000.0,1000000.0,1000000.0,1000000.0,1000000.0,0.0,0.0,0.0,0.0,0.0,0.0,0.0,0.0,0.0,0.0,0.0,0.0,0.0,0.0,0.0,0.0,0.0,0.0,0.0,0.0,0.0,0.0,0.0,0.0,0.0,0.0,0.0,0.0,0.0,192.91053773812425,385.82107547624787,385.82107547624787,1061.0079575596806,2025.5606462503029,5449.72269110199,8970.34000482275,20110.923559199407,36411.8639980709,75910.29659995173,115987.4608150469,225415.96334699783,341982.1557752592,521003.13479623816,641668.6761514348,818664.0945261634,912129.2500602844,973715.9392331806,985869.3031106823,997588.6182782734,999421.2683867855,1000000.0,1000000.0,1000000.0,1000000.0,1000000.0,1000000.0,1000000.0,1000000.0,1000000.0,1000000.0,1000000.0,1000000.0,1000000.0,1000000.0,0.0,0.0,0.0,0.0,0.0,0.0,0.0,0.0,0.0,0.0,0.0,0.0,0.0,0.0,0.0,0.0,0.0,0.0,0.0,0.0,0.0,0.0,0.0,0.0,0.0,0.0,0.0,0.0,0.0,0.0,0.0,0.0,0.0,0.0,0.0,0.0,0.0,96.4552688690621,144.68290330359284,192.91053773812425,578.7316132143711,1109.2355919942117,2700.747528333735,4629.85290571497,11381.721726549311,22377.6223776224,52423.43863033518,81601.15746322644,165034.96503496508,258307.21003134793,423776.2237762238,537111.1646973715,703834.0969375452,818808.777429467,927803.2312515072,962961.1767542802,988811.1888111888,995370.147094285,998167.3498914879,998360.2604292259,998504.9433325295,998601.3986013986,998649.626235833,1000000.0,0.0,0.0,0.0,0.0,0.0,0.0,0.0,0.0,0.0,0.0,0.0,0.0,0.0,0.0,0.0,0.0,0.0,0.0,0.0,0.0,0.0,0.0,0.0,0.0,0.0,0.0,0.0,0.0,0.0,0.0,0.0,0.0,0.0,0.0,0.0,0.0,0.0,0.0,0.0,0.0,0.0,0.0,0.0,0.0,0.0,0.0,0.0,0.0,0.0,0.0,0.0,0.0,0.0,0.0,0.0,0.0,0.0,0.0,0.0,0.0,0.0,0.0,0.0,1000000.0
FLINT,MAGNUM03,F,na,na,na,na,2025_03_11-09_22_56,na,4,44,Yes,1,na,289.36580660718624,110103.68941403415,385.8210754763569,29.0,47.0,62.0,,,,337.59344104175824,183843.74246443209,385.8210754763569,29.0,47.0,62.0,26.0,8.0,11.0,20.0,3.0,8.0,14.0,-3.0,6.0,9.0,-7.0,5.0,6.0,-10.0,3.0,0.0,-16.0,0.0,3.0,-13.0,2.0,18.0,44.0,44.0,52.0,52.0,63.0,21.0,41.0,46.0,49.0,55.0,63.0,24.0,38.0,48.0,45.0,57.0,63.0,26.0,35.0,50.0,43.0,58.0,63.0,26.0,32.0,51.0,41.0,60.0,63.0,28.0,28.0,53.0,37.0,63.0,63.0,27.0,30.0,52.0,39.0,61.0,63.0,30.0,0.0,54.0,24.0,63.0,36.0,63.0,63.0,3.356754446415767,2.6661708769461625,2.990932775754709,0.0,30.0,160.0,2411.3817217265464,2556.0646250301406,2604.2922594646707,2748.975162768264,2893.6580660718573,3038.3409693754506,3327.7067759826386,3424.1620448516924,4533.397636845913,7185.917530745107,13503.73764166868,22522.305280925957,47214.85411140584,89269.35133831688,167687.4849288642,202893.65806607186,367349.89148782246,489606.9447793586,620544.9722691101,700217.0243549554,797781.5288160115,865155.5341210513,920520.8584518929,948637.5693272244,980274.8975162767,993633.9522546419,998987.2196768748,999662.4065589582,999951.7723655654,1000000.0,1000000.0,1000000.0,1000000.0,1000000.0,1000000.0,1000000.0,1000000.0,1000000.0,1000000.0,1000000.0,1000000.0,1000000.0,1000000.0,1000000.0,1000000.0,1000000.0,1000000.0,1000000.0,1000000.0,1000000.0,1000000.0,1000000.0,1000000.0,1000000.0,1000000.0,1000000.0,1000000.0,1000000.0,1000000.0,1000000.0,1000000.0,1000000.0,1000000.0,1000000.0,0.0,0.0,0.0,0.0,0.0,0.0,0.0,0.0,0.0,0.0,0.0,0.0,0.0,0.0,0.0,0.0,0.0,0.0,0.0,0.0,0.0,0.0,0.0,0.0,48.22763443453082,48.22763443453082,96.4552688690621,144.68290330359284,241.13817217265407,337.59344104171646,578.7316132143711,626.959247648901,1495.056667470457,2170.2435495538875,3954.6660236315374,6366.047745358085,12298.046780805396,21220.159151193613,38292.74174101761,58596.57583795512,113431.39619001679,186255.1241861587,312659.75403906434,419676.8748492886,608054.0149505667,754087.2920183265,889896.3105859659,935616.108029901,981191.2225705328,993778.6351579454,998456.7156980949,999276.585483482,999807.0894622619,1000000.0,1000000.0,1000000.0,1000000.0,1000000.0,1000000.0,1000000.0,1000000.0,1000000.0,1000000.0,1000000.0,0.0,0.0,0.0,0.0,0.0,0.0,0.0,0.0,0.0,0.0,0.0,0.0,0.0,0.0,0.0,0.0,0.0,0.0,0.0,0.0,0.0,0.0,0.0,0.0,0.0,0.0,0.0,0.0,0.0,0.0,0.0,0.0,0.0,0.0,0.0,0.0,96.4552688690621,241.13817217265407,482.27634434531,626.959247648901,1205.690860863273,2073.7882806848356,4002.8936580660734,6366.047745358085,13021.46129732335,24547.86592717626,47938.26862792376,73788.28068483245,130503.97877984088,195032.5536532433,303592.9587653725,390065.1073064866,534796.2382445141,661152.6404629853,814323.6074270557,894815.529298288,962237.7622377621,984422.4740776465,996334.6997829756,998360.2604292259,999421.2683867855,999614.1789245236,999758.8618278273,1000000.0,0.0,0.0,0.0,0.0,0.0,0.0,0.0,0.0,0.0,0.0,0.0,0.0,0.0,0.0,0.0,0.0,0.0,0.0,0.0,0.0,0.0,0.0,0.0,0.0,0.0,0.0,0.0,0.0,0.0,0.0,0.0,0.0,0.0,0.0,0.0,0.0,0.0,0.0,0.0,0.0,0.0,0.0,0.0,0.0,0.0,0.0,0.0,0.0,0.0,0.0,0.0,0.0,0.0,0.0,0.0,0.0,0.0,0.0,0.0,0.0,0.0,0.0,0.0,1000000.0
FLINT,MAGNUM03,F,na,na,na,na,2025_03_11-09_22_56,na,4,45,Yes,1,na,0.0,39450.20496744634,1880.8777429467623,29.5,47.0,62.0,,,,0.0,61490.23390402709,1880.8777429467623,29.5,47.0,62.0,23.0,10.0,11.0,18.0,4.0,9.0,14.0,1.0,7.0,11.0,-3.0,6.0,8.0,-5.0,0.0,6.0,-9.0,0.0,7.0,-6.0,0.0,19.0,42.0,42.0,52.0,52.0,63.0,22.0,40.0,45.0,49.0,54.0,63.0,24.0,38.0,46.0,47.0,56.0,63.0,25.0,36.0,48.0,45.0,57.0,63.0,26.0,34.0,49.0,44.0,63.0,63.0,27.0,33.0,50.0,41.0,63.0,63.0,27.0,34.0,49.0,43.0,63.0,63.0,30.0,0.0,57.0,29.0,63.0,35.0,63.0,63.0,4.168601926427912,2.2850857515208682,2.3745245613070045,0.0,30.0,160.0,28020.25560646251,28068.483240897014,28164.938509766103,28164.938509766103,28213.166144200633,28261.393778635178,28406.07668193874,28502.531950807803,28840.12539184954,29418.857005063877,30190.499156016413,31396.190016879682,34868.5796961659,42343.863033518195,63564.02218471185,78852.1823004581,164408.0057873162,260139.86013986013,402604.29225946456,513479.62382445135,666361.2249819146,775114.5406317821,878755.7270315891,925391.8495297804,979985.5317096696,995273.6918254159,999469.4960212201,999951.7723655654,1000000.0,1000000.0,1000000.0,1000000.0,1000000.0,1000000.0,1000000.0,1000000.0,1000000.0,1000000.0,1000000.0,1000000.0,1000000.0,1000000.0,1000000.0,1000000.0,1000000.0,1000000.0,1000000.0,1000000.0,1000000.0,1000000.0,1000000.0,1000000.0,1000000.0,1000000.0,1000000.0,1000000.0,1000000.0,1000000.0,1000000.0,1000000.0,1000000.0,1000000.0,1000000.0,1000000.0,0.0,0.0,0.0,0.0,0.0,0.0,0.0,0.0,0.0,0.0,0.0,0.0,0.0,0.0,0.0,0.0,0.0,0.0,0.0,0.0,0.0,0.0,0.0,0.0,0.0,0.0,0.0,0.0,0.0,48.22763443453082,48.22763443453082,48.22763443453082,192.91053773812425,530.5039787798403,1880.8777429467057,3568.844948155295,10513.624306727752,21123.70388232458,51507.11357607905,82469.25488304796,187557.27031589093,307981.67349891487,501374.48758138414,633662.8888353027,820255.606462503,917144.9240414758,977959.9710634192,990161.5625753556,998601.3986013986,999710.6341933928,999903.5447311308,999903.5447311308,999903.5447311308,999951.7723655654,999951.7723655654,999951.7723655654,999951.7723655654,1000000.0,1000000.0,1000000.0,1000000.0,1000000.0,1000000.0,1000000.0,0.0,0.0,0.0,0.0,0.0,0.0,0.0,0.0,0.0,0.0,0.0,0.0,0.0,0.0,0.0,0.0,0.0,0.0,0.0,0.0,0.0,0.0,0.0,0.0,0.0,0.0,0.0,0.0,0.0,0.0,0.0,0.0,0.0,0.0,0.0,48.22763443453082,48.22763443453082,48.22763443453082,48.22763443453082,96.4552688690621,192.91053773812425,289.36580660718624,385.82107547624787,964.5526886906189,2941.8857005063924,6944.779358572451,19773.330118157683,39498.43260188093,98336.14661200868,173233.6628888353,318350.614902339,448854.59368217987,625174.8251748251,768025.0783699058,914203.0383409692,962430.6727755003,990740.29418857,996141.7892452375,997877.9840848806,997974.4393537496,998119.1222570533,998119.1222570533,998215.5775259222,1000000.0,0.0,0.0,0.0,0.0,0.0,0.0,0.0,0.0,0.0,0.0,0.0,0.0,0.0,0.0,0.0,0.0,0.0,0.0,0.0,0.0,0.0,0.0,0.0,0.0,0.0,0.0,0.0,0.0,0.0,0.0,0.0,0.0,0.0,0.0,0.0,0.0,0.0,0.0,0.0,0.0,0.0,0.0,0.0,0.0,0.0,0.0,0.0,0.0,0.0,0.0,0.0,0.0,0.0,0.0,0.0,0.0,0.0,0.0,0.0,0.0,0.0,0.0,0.0,1000000.0
FLINT,MAGNUM03,F,na,na,na,na,2025_03_11-09_22_56,na,4,46,Yes,1,na,48.22763443457198,191704.8468772607,0.0,31.0,48.0,0.0,,,,96.45526886910281,346226.18760549795,0.0,31.0,48.0,0.0,28.0,6.0,12.0,21.0,0.0,9.0,14.0,-5.0,7.0,11.0,-9.0,6.0,6.0,-12.0,3.0,3.0,-15.0,0.0,5.0,-13.0,0.0,17.0,45.0,45.0,51.0,51.0,63.0,21.0,42.0,48.0,48.0,54.0,63.0,25.0,39.0,50.0,45.0,56.0,63.0,26.0,37.0,51.0,42.0,57.0,63.0,28.0,34.0,52.0,40.0,60.0,63.0,29.0,32.0,53.0,38.0,63.0,63.0,28.0,33.0,52.0,39.0,63.0,63.0,32.0,0.0,57.0,28.0,63.0,34.0,63.0,0.0,3.5809146458175984,2.6405410680808847,2.885251745454775,0.4374894505865458,30.0,160.0,2170.2435495538875,2170.2435495538875,2170.2435495538875,2170.2435495538875,2170.2435495538875,2411.3817217265464,2556.0646250301406,2990.1133349409165,5063.901615625751,9741.98215577526,19483.964311550495,33469.978297564514,70412.3462744152,123752.10995900648,218326.50108512168,263467.56691584276,432119.6045333976,547914.1548107065,658741.2587412586,736050.1567398119,822474.0776464914,870508.8015432842,918639.9807089461,938509.766095973,968073.3060043404,984277.7911743429,994839.6431155051,997733.301181577,999710.6341933928,999903.5447311308,999951.7723655654,1000000.0,1000000.0,1000000.0,1000000.0,1000000.0,1000000.0,1000000.0,1000000.0,1000000.0,1000000.0,1000000.0,1000000.0,1000000.0,1000000.0,1000000.0,1000000.0,1000000.0,1000000.0,1000000.0,1000000.0,1000000.0,1000000.0,1000000.0,1000000.0,1000000.0,1000000.0,1000000.0,1000000.0,1000000.0,1000000.0,1000000.0,1000000.0,1000000.0,0.0,0.0,0.0,0.0,0.0,0.0,0.0,0.0,0.0,0.0,0.0,0.0,0.0,0.0,0.0,0.0,0.0,0.0,0.0,0.0,0.0,0.0,0.0,0.0,0.0,0.0,0.0,0.0,48.22763443453082,48.22763443453082,48.22763443453082,96.4552688690621,530.5039787798403,964.5526886906189,1784.4224740776426,2652.5198938992025,4822.763443453095,7861.104412828547,17410.17603086568,27586.206896551706,56233.42175066313,94719.07402941881,172510.24837231726,247793.58572462018,403761.7554858934,551434.7721244273,738123.9450204967,819146.370870509,936677.1159874607,974873.4024596093,992621.1719315166,997492.1630094043,999662.4065589582,999903.5447311308,999951.7723655654,1000000.0,1000000.0,1000000.0,1000000.0,1000000.0,1000000.0,1000000.0,1000000.0,1000000.0,0.0,0.0,0.0,0.0,0.0,0.0,0.0,0.0,0.0,0.0,0.0,0.0,0.0,0.0,0.0,0.0,0.0,0.0,0.0,0.0,0.0,0.0,0.0,0.0,0.0,0.0,0.0,0.0,0.0,0.0,0.0,0.0,0.0,0.0,48.22763443453082,48.22763443453082,96.4552688690621,144.68290330359284,385.82107547624787,868.0974198215577,1880.8777429467057,3134.7962382445157,6558.958283096219,11285.266457680242,21461.29732336628,37714.01012780322,74077.6464914396,111261.15264046294,191753.07451169522,282951.53122739325,428116.71087533154,548107.0653484446,697468.049192187,813310.8271039305,919990.3544731131,960308.6568603809,987074.9939715456,994646.732577767,997877.9840848806,998649.626235833,999083.6749457439,999083.6749457439,999228.3578490474,1000000.0,48.22763443453082,48.22763443453082,48.22763443453082,48.22763443453082,48.22763443453082,48.22763443453082,48.22763443453082,48.22763443453082,48.22763443453082,48.22763443453082,48.22763443453082,48.22763443453082,48.22763443453082,48.22763443453082,48.22763443453082,48.22763443453082,48.22763443453082,48.22763443453082,48.22763443453082,48.22763443453082,48.22763443453082,48.22763443453082,48.22763443453082,48.22763443453082,48.22763443453082,48.22763443453082,48.22763443453082,48.22763443453082,48.22763443453082,48.22763443453082,48.22763443453082,48.22763443453082,48.22763443453082,48.22763443453082,48.22763443453082,48.22763443453082,48.22763443453082,48.22763443453082,48.22763443453082,48.22763443453082,48.22763443453082,48.22763443453082,48.22763443453082,48.22763443453082,48.22763443453082,48.22763443453082,48.22763443453082,48.22763443453082,48.22763443453082,48.22763443453082,48.22763443453082,48.22763443453082,48.22763443453082,48.22763443453082,48.22763443453082,48.22763443453082,48.22763443453082,48.22763443453082,48.22763443453082,48.22763443453082,48.22763443453082,48.22763443453082,48.22763443453082,1000000.0
FLINT,MAGNUM03,F,na,na,na,na,2025_03_11-09_22_56,na,4,47,Yes,1,na,48.22763443453082,223824.4514106583,0.0,30.0,48.0,31.0,,,,48.22763443453082,373330.1181577045,0.0,30.0,48.0,31.0,27.0,5.0,13.0,22.0,0.0,10.0,15.0,-5.0,8.0,12.0,-8.0,7.0,9.0,-11.0,6.0,5.0,-16.0,5.0,7.0,-14.0,5.0,18.0,45.0,45.0,50.0,50.0,63.0,21.0,43.0,48.0,48.0,53.0,63.0,25.0,40.0,50.0,45.0,55.0,63.0,26.0,38.0,51.0,43.0,56.0,63.0,27.0,36.0,52.0,41.0,57.0,63.0,28.0,33.0,54.0,38.0,58.0,63.0,27.0,34.0,53.0,39.0,58.0,63.0,28.0,0.0,55.0,28.0,62.0,36.0,63.0,0.0,3.4243563291489925,2.4505807535954407,2.4656133774234537,0.4374894505865458,30.0,160.0,4340.487099107789,4340.487099107789,4436.942367976849,4533.397636845913,4629.85290571497,4774.535809018565,4919.218712322153,5063.901615625751,6173.137207619962,7330.600434048703,11188.811188811189,17651.314203038342,38678.56281649386,73547.14251265967,142126.83867856284,176947.1907402942,335182.05931999034,453050.39787798404,596913.4313961901,674801.0610079576,781480.5883771401,846877.260670364,909380.2748975164,936098.3843742465,972896.0694477935,988666.5059078851,997829.756450446,999565.9512900892,1000000.0,1000000.0,1000000.0,1000000.0,1000000.0,1000000.0,1000000.0,1000000.0,1000000.0,1000000.0,1000000.0,1000000.0,1000000.0,1000000.0,1000000.0,1000000.0,1000000.0,1000000.0,1000000.0,1000000.0,1000000.0,1000000.0,1000000.0,1000000.0,1000000.0,1000000.0,1000000.0,1000000.0,1000000.0,1000000.0,1000000.0,1000000.0,1000000.0,1000000.0,1000000.0,1000000.0,0.0,0.0,0.0,0.0,0.0,0.0,0.0,0.0,0.0,0.0,0.0,0.0,0.0,0.0,0.0,0.0,0.0,0.0,0.0,0.0,0.0,0.0,0.0,0.0,0.0,0.0,0.0,0.0,48.22763443453082,48.22763443453082,96.4552688690621,96.4552688690621,96.4552688690621,289.36580660718624,819.8697853870253,1157.4632264287443,2748.975162768264,4629.85290571497,10561.851941162287,15191.704846877255,37279.96141789247,67759.82638051605,143525.4400771642,217217.26549312763,391415.4810706534,549071.6180371352,742705.5702917771,824210.2724861344,933831.6855558234,972510.2483723173,991753.0745116952,996865.2037617555,999083.6749457439,999710.6341933928,1000000.0,1000000.0,1000000.0,1000000.0,1000000.0,1000000.0,1000000.0,1000000.0,1000000.0,1000000.0,0.0,0.0,0.0,0.0,0.0,0.0,0.0,0.0,0.0,0.0,0.0,0.0,0.0,0.0,0.0,0.0,0.0,0.0,0.0,0.0,0.0,0.0,0.0,0.0,0.0,0.0,0.0,0.0,0.0,0.0,0.0,0.0,0.0,0.0,0.0,0.0,48.22763443453082,96.4552688690621,289.36580660718624,578.7316132143711,1109.2355919942117,2122.0159151193625,4195.804195804195,7619.966240655894,16300.940438871463,31106.824210272465,69254.88304798651,116083.9160839161,223872.67904509284,349650.3496503496,544634.6756691583,684205.4497226911,823486.8579696165,906100.7957559681,972510.2483723173,989197.009886665,997636.845912708,999180.1302146129,999903.5447311308,1000000.0,1000000.0,1000000.0,1000000.0,1000000.0,48.22763443453082,48.22763443453082,48.22763443453082,48.22763443453082,48.22763443453082,48.22763443453082,48.22763443453082,48.22763443453082,48.22763443453082,48.22763443453082,48.22763443453082,48.22763443453082,48.22763443453082,48.22763443453082,48.22763443453082,48.22763443453082,48.22763443453082,48.22763443453082,48.22763443453082,48.22763443453082,48.22763443453082,48.22763443453082,48.22763443453082,48.22763443453082,48.22763443453082,48.22763443453082,48.22763443453082,48.22763443453082,48.22763443453082,48.22763443453082,48.22763443453082,48.22763443453082,48.22763443453082,48.22763443453082,48.22763443453082,48.22763443453082,48.22763443453082,48.22763443453082,48.22763443453082,48.22763443453082,48.22763443453082,48.22763443453082,48.22763443453082,48.22763443453082,48.22763443453082,48.22763443453082,48.22763443453082,48.22763443453082,48.22763443453082,48.22763443453082,48.22763443453082,48.22763443453082,48.22763443453082,48.22763443453082,48.22763443453082,48.22763443453082,48.22763443453082,48.22763443453082,48.22763443453082,48.22763443453082,48.22763443453082,48.22763443453082,48.22763443453082,1000000.0
FLINT,MAGNUM03,F,na,na,na,na,2025_03_11-09_22_56,na,4,48,Yes,1,na,0.0,305811.4299493611,0.0,32.0,47.0,57.5,,,,0.0,464142.75379792624,0.0,32.0,47.0,57.5,26.0,3.0,14.0,22.0,0.0,12.0,16.0,-5.0,9.0,14.0,-7.0,8.0,12.0,-10.0,7.0,8.0,-13.0,3.0,11.0,-11.0,6.0,20.0,46.0,46.0,49.0,49.0,63.0,22.0,44.0,48.0,48.0,51.0,63.0,25.0,41.0,50.0,45.0,54.0,63.0,26.0,40.0,51.0,44.0,55.0,63.0,26.0,38.0,52.0,42.0,56.0,63.0,28.0,36.0,53.0,40.0,57.0,60.0,27.0,38.0,52.0,41.0,56.0,62.0,28.0,0.0,54.0,36.0,57.0,38.0,63.0,58.0,2.91396474007455,2.1206489550124568,2.0648948683340684,0.06362576081581194,30.0,160.0,3713.527851458888,3809.9831203279427,3906.438389197008,4002.8936580660734,4147.576561369663,4340.487099107789,4533.397636845913,4726.3081745840345,5208.58451892934,5546.177959971061,6221.364842054485,6896.551724137931,9115.022908126357,13648.420544972252,26766.337111164677,41331.08271039299,106631.299734748,190161.5625753556,330841.5722208825,443260.18808777427,613841.3310827103,731420.303834097,856908.6086327464,907788.7629611767,969230.7692307692,991849.5297805641,998842.5367735712,999855.3170966964,1000000.0,1000000.0,1000000.0,1000000.0,1000000.0,1000000.0,1000000.0,1000000.0,1000000.0,1000000.0,1000000.0,1000000.0,1000000.0,1000000.0,1000000.0,1000000.0,1000000.0,1000000.0,1000000.0,1000000.0,1000000.0,1000000.0,1000000.0,1000000.0,1000000.0,1000000.0,1000000.0,1000000.0,1000000.0,1000000.0,1000000.0,1000000.0,1000000.0,1000000.0,1000000.0,1000000.0,0.0,0.0,0.0,0.0,0.0,0.0,0.0,0.0,0.0,0.0,0.0,0.0,0.0,0.0,0.0,0.0,0.0,0.0,0.0,0.0,0.0,0.0,0.0,0.0,0.0,0.0,0.0,0.0,0.0,0.0,0.0,0.0,0.0,0.0,0.0,0.0,337.59344104171646,530.5039787798403,2025.5606462503029,3520.617313720762,12635.640221847118,30190.499156016413,76971.30455751152,132336.628888353,295346.03327706776,468531.4685314685,694188.570050639,799903.5447311309,922594.6467325777,970050.6390161562,993296.3588136001,997443.9353749697,999614.1789245236,1000000.0,1000000.0,1000000.0,1000000.0,1000000.0,1000000.0,1000000.0,1000000.0,1000000.0,1000000.0,1000000.0,0.0,0.0,0.0,0.0,0.0,0.0,0.0,0.0,0.0,0.0,0.0,0.0,0.0,0.0,0.0,0.0,0.0,0.0,0.0,0.0,0.0,0.0,0.0,0.0,0.0,0.0,0.0,0.0,0.0,0.0,0.0,0.0,0.0,0.0,0.0,0.0,0.0,0.0,48.22763443453082,96.4552688690621,337.59344104171646,626.959247648901,1977.3330118157653,4485.170002411382,12442.729684109,27393.29635881359,81022.42585001206,158379.5514829998,331613.21437183506,521774.77694719075,754183.7472871955,846780.805401495,937641.6686761514,972510.2483723173,992717.6272003858,997443.9353749697,999855.3170966964,1000000.0,1000000.0,1000000.0,1000000.0,1000000.0,1000000.0,1000000.0,0.0,0.0,0.0,0.0,0.0,0.0,0.0,0.0,0.0,0.0,0.0,0.0,0.0,0.0,0.0,0.0,0.0,0.0,0.0,0.0,0.0,0.0,0.0,0.0,0.0,0.0,0.0,0.0,0.0,0.0,0.0,0.0,0.0,0.0,0.0,0.0,0.0,0.0,0.0,0.0,0.0,0.0,0.0,0.0,0.0,0.0,0.0,0.0,0.0,0.0,0.0,0.0,0.0,0.0,0.0,0.0,0.0,0.0,48.22763443453082,48.22763443453082,241.13817217265407,385.82107547624787,916.3250542560885,1000000.0
FLINT,MAGNUM03,F,na,na,na,na,2025_03_11-09_22_56,na,4,49,Yes,1,na,96.4552688690621,229467.08463949838,434.0487099108167,30.0,48.0,62.0,,,,96.4552688690621,381094.76730166393,434.0487099108167,30.0,48.0,62.0,27.0,6.0,12.0,21.0,0.0,9.0,13.0,-6.0,7.0,10.0,-9.0,5.0,5.0,-13.0,4.0,2.0,-20.0,0.0,4.0,-16.0,2.0,18.0,45.0,45.0,51.0,51.0,63.0,21.0,42.0,48.0,48.0,54.0,63.0,25.0,38.0,50.0,44.0,56.0,63.0,26.0,36.0,51.0,42.0,58.0,63.0,28.0,33.0,52.0,39.0,59.0,63.0,29.0,31.0,54.0,34.0,63.0,63.0,28.0,32.0,53.0,37.0,61.0,63.0,29.0,0.0,54.0,29.0,63.0,30.0,63.0,63.0,3.536030137798804,2.7618114242890006,3.0445277155042008,0.0,30.0,160.0,2941.8857005063924,2990.1133349409165,2990.1133349409165,3183.023872679041,3327.7067759826386,3375.934410417169,3713.527851458888,4195.804195804195,5883.771401012779,7668.193875090419,13889.55871714491,24113.81721726547,49095.731854352576,86520.37617554859,158813.60019291047,210610.07957559678,361803.71352785145,480202.55606462504,603183.023872679,686568.6038099831,781914.6370870509,845575.1145406319,901953.2191945985,931082.7103930552,965469.0137448758,983795.5148299976,994694.9602122015,998456.7156980949,999807.0894622619,1000000.0,1000000.0,1000000.0,1000000.0,1000000.0,1000000.0,1000000.0,1000000.0,1000000.0,1000000.0,1000000.0,1000000.0,1000000.0,1000000.0,1000000.0,1000000.0,1000000.0,1000000.0,1000000.0,1000000.0,1000000.0,1000000.0,1000000.0,1000000.0,1000000.0,1000000.0,1000000.0,1000000.0,1000000.0,1000000.0,1000000.0,1000000.0,1000000.0,1000000.0,1000000.0,0.0,0.0,0.0,0.0,0.0,0.0,0.0,0.0,0.0,0.0,0.0,0.0,0.0,0.0,0.0,0.0,0.0,0.0,0.0,0.0,0.0,0.0,0.0,0.0,0.0,0.0,0.0,0.0,0.0,96.4552688690621,144.68290330359284,241.13817217265407,771.6421509524955,1446.829033035929,2700.747528333735,3809.9831203279427,7909.3320472630785,12732.095490716194,23872.679045092835,36556.54690137447,68531.46853146848,108415.72220882578,193344.58644803465,273740.05305039784,443356.6433566433,585435.2544007716,755292.9828791898,837665.7824933686,937496.9857728478,971449.2404147575,990209.7902097901,995177.2365565469,999131.9025801783,999565.9512900892,1000000.0,1000000.0,1000000.0,1000000.0,1000000.0,1000000.0,1000000.0,1000000.0,1000000.0,1000000.0,0.0,0.0,0.0,0.0,0.0,0.0,0.0,0.0,0.0,0.0,0.0,0.0,0.0,0.0,0.0,0.0,0.0,0.0,0.0,0.0,0.0,0.0,0.0,0.0,0.0,0.0,0.0,0.0,0.0,0.0,48.22763443453082,48.22763443453082,96.4552688690621,144.68290330359284,241.13817217265407,289.36580660718624,434.04870991077877,675.1868820834334,1302.1461297323344,1929.1053773812387,3327.7067759826386,5063.901615625751,9886.665059078852,15818.664094526175,31010.36894140342,50494.33325295396,91487.8225223053,136435.97781528826,229515.31227393297,324716.6626476971,469013.74487581383,572703.1589100554,726018.8087774294,830769.2307692308,922980.467808054,958283.0962141306,984470.701712081,992814.0824692548,997733.301181577,998987.2196768748,999421.2683867855,999565.9512900892,999710.6341933928,1000000.0,0.0,0.0,0.0,0.0,0.0,0.0,0.0,0.0,0.0,0.0,0.0,0.0,0.0,0.0,0.0,0.0,0.0,0.0,0.0,0.0,0.0,0.0,0.0,0.0,0.0,0.0,0.0,0.0,0.0,0.0,0.0,0.0,0.0,0.0,0.0,0.0,0.0,0.0,0.0,0.0,0.0,0.0,0.0,0.0,0.0,0.0,0.0,0.0,0.0,0.0,0.0,0.0,0.0,0.0,0.0,0.0,0.0,0.0,0.0,0.0,0.0,0.0,0.0,1000000.0
FLINT,MAGNUM03,F,na,na,na,na,2025_03_11-09_22_56,na,4,50,Yes,1,na,0.0,209983.12032794787,48.22763443457198,31.0,49.0,62.0,,,,0.0,329973.47480106103,48.22763443457198,31.0,49.0,62.0,27.0,6.0,11.0,22.0,1.0,9.0,15.0,-4.0,7.0,10.0,-7.0,6.0,8.0,-11.0,5.0,3.0,-15.0,3.0,5.0,-14.0,4.0,19.0,46.0,46.0,52.0,52.0,63.0,22.0,44.0,48.0,49.0,54.0,63.0,26.0,41.0,50.0,46.0,56.0,63.0,28.0,38.0,51.0,44.0,57.0,63.0,28.0,36.0,53.0,42.0,58.0,63.0,30.0,33.0,54.0,39.0,60.0,63.0,29.0,34.0,54.0,40.0,59.0,63.0,30.0,0.0,55.0,32.0,63.0,36.0,63.0,63.0,3.465185190337517,2.433657013179445,2.4638395176363512,0.0,30.0,160.0,3086.56860380998,3134.7962382445157,3231.251507113574,3327.7067759826386,3375.934410417169,3424.1620448516924,3520.617313720762,3520.617313720762,3858.2107547624714,4436.942367976849,6269.592476489024,10031.347962382453,20930.793344586447,42440.318302387284,85796.96165903055,118447.07017120815,244755.24475524473,365903.06245478656,499397.15456956835,599228.3578490475,712515.0711357608,790740.2941885701,860670.36411864,897275.138654449,941403.4241620448,966288.8835302627,985097.6609597298,993344.5864480347,998794.3091391367,999807.0894622619,1000000.0,1000000.0,1000000.0,1000000.0,1000000.0,1000000.0,1000000.0,1000000.0,1000000.0,1000000.0,1000000.0,1000000.0,1000000.0,1000000.0,1000000.0,1000000.0,1000000.0,1000000.0,1000000.0,1000000.0,1000000.0,1000000.0,1000000.0,1000000.0,1000000.0,1000000.0,1000000.0,1000000.0,1000000.0,1000000.0,1000000.0,1000000.0,1000000.0,1000000.0,0.0,0.0,0.0,0.0,0.0,0.0,0.0,0.0,0.0,0.0,0.0,0.0,0.0,0.0,0.0,0.0,0.0,0.0,0.0,0.0,0.0,0.0,0.0,0.0,0.0,0.0,0.0,0.0,0.0,0.0,0.0,0.0,144.68290330359284,337.59344104171646,675.1868820834334,819.8697853870253,1591.5119363395213,3134.7962382445157,6896.551724137931,10127.80323125151,22184.711839884225,41089.94453822035,85314.68531468534,137400.53050397887,271810.94767301664,411526.4046298529,611478.1769954183,713817.2172654931,880009.6455268869,947480.1061007957,984711.8398842536,993923.318061249,998601.3986013986,999469.4960212201,1000000.0,1000000.0,1000000.0,1000000.0,1000000.0,1000000.0,1000000.0,1000000.0,1000000.0,1000000.0,0.0,0.0,0.0,0.0,0.0,0.0,0.0,0.0,0.0,0.0,0.0,0.0,0.0,0.0,0.0,0.0,0.0,0.0,0.0,0.0,0.0,0.0,0.0,0.0,0.0,0.0,0.0,0.0,0.0,0.0,0.0,0.0,0.0,0.0,0.0,0.0,96.4552688690621,96.4552688690621,192.91053773812425,289.36580660718624,771.6421509524955,1061.0079575596806,2556.0646250301406,3761.755485893413,9356.161080299,16252.71280443696,34820.35206173134,59512.90089221123,127079.81673498909,210031.34796238242,358861.82782734506,479575.5968169761,674077.6464914395,807282.3727996141,928526.645768025,968941.4034241621,992765.8548348203,998119.1222570533,999276.585483482,999710.6341933928,999951.7723655654,999951.7723655654,1000000.0,1000000.0,0.0,0.0,0.0,0.0,0.0,0.0,0.0,0.0,0.0,0.0,0.0,0.0,0.0,0.0,0.0,0.0,0.0,0.0,0.0,0.0,0.0,0.0,0.0,0.0,0.0,0.0,0.0,0.0,0.0,0.0,0.0,0.0,0.0,0.0,0.0,0.0,0.0,0.0,0.0,0.0,0.0,0.0,0.0,0.0,0.0,0.0,0.0,0.0,0.0,0.0,0.0,0.0,0.0,0.0,0.0,0.0,0.0,0.0,0.0,0.0,0.0,0.0,0.0,1000000.0
FLINT,MAGNUM03,F,na,na,na,na,2025_03_11-09_22_56,na,4,51,Yes,1,na,385.82107547624787,134410.41716903794,723.4145165180289,29.5,47.0,62.0,,,,385.82107547624787,214757.65613696654,723.4145165180289,29.5,47.0,62.0,25.0,8.0,11.0,20.0,3.0,9.0,13.0,-4.0,7.0,10.0,-7.0,5.0,7.0,-10.0,3.0,0.0,-17.0,0.0,4.0,-13.0,0.0,19.0,44.0,44.0,52.0,52.0,63.0,22.0,42.0,46.0,49.0,54.0,63.0,25.0,38.0,49.0,45.0,56.0,63.0,26.0,36.0,50.0,43.0,58.0,63.0,27.0,34.0,51.0,41.0,60.0,63.0,28.0,28.0,54.0,37.0,63.0,63.0,28.0,32.0,52.0,39.0,63.0,63.0,29.0,0.0,63.0,26.0,63.0,31.0,63.0,63.0,3.393427527048934,2.5759629501118484,2.7422761821793817,0.0,30.0,160.0,4581.625271280436,4629.85290571497,4678.080540149494,4678.080540149494,4678.080540149494,4678.080540149494,4774.535809018565,4870.991077887631,5112.12925006028,5931.999035447306,8488.063660477448,12346.274415239926,24596.093561610804,46636.122498191435,90909.09090909088,123752.10995900648,243501.32625994686,361707.2582589823,495104.89510489505,593730.4075235109,708801.5432843019,795418.3747287196,872196.7687484928,913527.8514588859,963346.9978297565,987074.9939715456,996865.2037617555,999469.4960212201,999951.7723655654,1000000.0,1000000.0,1000000.0,1000000.0,1000000.0,1000000.0,1000000.0,1000000.0,1000000.0,1000000.0,1000000.0,1000000.0,1000000.0,1000000.0,1000000.0,1000000.0,1000000.0,1000000.0,1000000.0,1000000.0,1000000.0,1000000.0,1000000.0,1000000.0,1000000.0,1000000.0,1000000.0,1000000.0,1000000.0,1000000.0,1000000.0,1000000.0,1000000.0,1000000.0,1000000.0,0.0,0.0,0.0,0.0,0.0,0.0,0.0,0.0,0.0,0.0,0.0,0.0,0.0,0.0,0.0,0.0,0.0,0.0,0.0,0.0,0.0,0.0,0.0,0.0,0.0,0.0,48.22763443453082,96.4552688690621,241.13817217265407,241.13817217265407,434.04870991077877,530.5039787798403,916.3250542560885,1253.9184952978064,2266.6988184229576,3568.844948155295,7812.876778394019,14275.379792621161,27393.29635881359,44658.78948637567,87340.24596093559,151434.77212442725,267615.14347721246,375886.1827827345,564263.3228840125,721630.0940438871,865589.5828309621,921388.9558717144,974969.8577284784,991174.3428984808,997540.3906438388,999035.4473113093,999807.0894622619,999855.3170966964,999951.7723655654,999951.7723655654,1000000.0,1000000.0,1000000.0,1000000.0,1000000.0,1000000.0,1000000.0,1000000.0,0.0,0.0,0.0,0.0,0.0,0.0,0.0,0.0,0.0,0.0,0.0,0.0,0.0,0.0,0.0,0.0,0.0,0.0,0.0,0.0,0.0,0.0,0.0,0.0,0.0,0.0,0.0,0.0,0.0,0.0,0.0,48.22763443453082,48.22763443453082,96.4552688690621,96.4552688690621,96.4552688690621,144.68290330359284,241.13817217265407,482.27634434531,868.0974198215577,1109.2355919942117,1784.4224740776426,3809.9831203279427,6366.047745358085,12780.323125150719,23293.947431878474,47890.04099348927,80395.46660236313,143477.21244272983,225078.36990595603,361176.7542802025,468820.8343380757,643019.0499156016,774342.8984808295,900120.5690860862,951772.3655654689,984422.4740776465,993778.6351579454,997877.9840848806,998697.8538702676,999180.1302146129,999276.585483482,999373.040752351,1000000.0,0.0,0.0,0.0,0.0,0.0,0.0,0.0,0.0,0.0,0.0,0.0,0.0,0.0,0.0,0.0,0.0,0.0,0.0,0.0,0.0,0.0,0.0,0.0,0.0,0.0,0.0,0.0,0.0,0.0,0.0,0.0,0.0,0.0,0.0,0.0,0.0,0.0,0.0,0.0,0.0,0.0,0.0,0.0,0.0,0.0,0.0,0.0,0.0,0.0,0.0,0.0,0.0,0.0,0.0,0.0,0.0,0.0,0.0,0.0,0.0,0.0,0.0,0.0,1000000.0
FLINT,MAGNUM03,F,na,na,na,na,2025_03_11-09_22_56,na,4,52,Yes,1,na,0.0,57439.11261152642,0.0,29.5,47.0,0.0,,,,0.0,83578.49047504226,0.0,29.5,47.0,0.0,25.0,9.0,11.0,18.0,4.0,9.0,14.0,-1.0,8.0,11.0,-4.0,7.0,8.0,-7.0,5.0,5.0,-11.0,3.0,7.0,-8.0,5.0,18.0,43.0,43.0,52.0,52.0,63.0,22.0,40.0,45.0,49.0,54.0,63.0,24.0,38.0,47.0,46.0,55.0,63.0,25.0,36.0,48.0,44.0,56.0,63.0,26.0,34.0,49.0,42.0,58.0,63.0,27.0,32.0,51.0,40.0,60.0,63.0,26.0,33.0,50.0,42.0,58.0,63.0,29.0,0.0,54.0,30.0,63.0,38.0,63.0,0.0,3.1899113981235083,2.2790021333518844,2.352871944281737,0.4374894505865458,30.0,160.0,4051.121292500604,4147.576561369663,4147.576561369663,4147.576561369663,4195.804195804195,4195.804195804195,4292.259464673261,4581.625271280436,4870.991077887631,5690.860863274664,7668.193875090419,11719.315167591023,23149.2645285749,45333.97636845912,92645.28574873394,125150.7113576078,250831.92669399563,375403.90643838915,509766.0959729925,615191.7048468773,733687.00265252,827345.0687243791,901808.5362912948,943091.3913672534,983313.2384856523,996382.9274174101,999662.4065589582,999951.7723655654,1000000.0,1000000.0,1000000.0,1000000.0,1000000.0,1000000.0,1000000.0,1000000.0,1000000.0,1000000.0,1000000.0,1000000.0,1000000.0,1000000.0,1000000.0,1000000.0,1000000.0,1000000.0,1000000.0,1000000.0,1000000.0,1000000.0,1000000.0,1000000.0,1000000.0,1000000.0,1000000.0,1000000.0,1000000.0,1000000.0,1000000.0,1000000.0,1000000.0,1000000.0,1000000.0,1000000.0,0.0,0.0,0.0,0.0,0.0,0.0,0.0,0.0,0.0,0.0,0.0,0.0,0.0,0.0,0.0,0.0,0.0,0.0,0.0,0.0,0.0,0.0,0.0,0.0,0.0,0.0,0.0,0.0,0.0,0.0,48.22763443453082,144.68290330359284,337.59344104171646,819.8697853870253,2218.471183988428,3520.617313720762,8970.34000482275,19966.24065589584,46973.715939233174,79479.14154810715,181962.86472148538,310344.82758620684,497853.8702676634,640800.5787316132,818471.1839884253,915264.046298529,973860.6221364841,988087.7742946708,997733.301181577,999421.2683867855,999855.3170966964,1000000.0,1000000.0,1000000.0,1000000.0,1000000.0,1000000.0,1000000.0,1000000.0,1000000.0,1000000.0,1000000.0,1000000.0,1000000.0,0.0,0.0,0.0,0.0,0.0,0.0,0.0,0.0,0.0,0.0,0.0,0.0,0.0,0.0,0.0,0.0,0.0,0.0,0.0,0.0,0.0,0.0,0.0,0.0,0.0,0.0,0.0,0.0,0.0,0.0,0.0,0.0,0.0,0.0,0.0,0.0,0.0,0.0,48.22763443453082,96.4552688690621,289.36580660718624,530.5039787798403,1495.056667470457,2652.5198938992025,6317.820110923553,13021.46129732335,32794.791415481086,57487.3402459609,120713.76898963105,211429.9493609838,368025.07836990594,494333.2529539426,690716.1803713527,828261.3937786352,942078.6110441283,978538.7026766337,994405.5944055944,998504.9433325295,999614.1789245236,999855.3170966964,999951.7723655654,999951.7723655654,999951.7723655654,1000000.0,48.22763443453082,48.22763443453082,48.22763443453082,48.22763443453082,48.22763443453082,48.22763443453082,48.22763443453082,48.22763443453082,48.22763443453082,48.22763443453082,48.22763443453082,48.22763443453082,48.22763443453082,48.22763443453082,48.22763443453082,48.22763443453082,48.22763443453082,48.22763443453082,48.22763443453082,48.22763443453082,48.22763443453082,48.22763443453082,48.22763443453082,48.22763443453082,48.22763443453082,48.22763443453082,48.22763443453082,48.22763443453082,48.22763443453082,48.22763443453082,48.22763443453082,48.22763443453082,48.22763443453082,48.22763443453082,48.22763443453082,48.22763443453082,48.22763443453082,48.22763443453082,48.22763443453082,48.22763443453082,48.22763443453082,48.22763443453082,48.22763443453082,48.22763443453082,48.22763443453082,48.22763443453082,48.22763443453082,48.22763443453082,48.22763443453082,48.22763443453082,48.22763443453082,48.22763443453082,48.22763443453082,48.22763443453082,48.22763443453082,48.22763443453082,48.22763443453082,48.22763443453082,48.22763443453082,48.22763443453082,48.22763443453082,48.22763443453082,48.22763443453082,1000000.0
FLINT,MAGNUM03,F,na,na,na,na,2025_03_11-09_22_56,na,4,53,Yes,1,na,0.0,40270.07475283335,0.0,28.5,47.0,0.0,,,,0.0,50976.60959729928,0.0,28.5,47.0,0.0,23.0,10.0,11.0,18.0,5.0,9.0,13.0,1.0,7.0,11.0,-2.0,7.0,8.0,-4.0,5.0,4.0,-8.0,0.0,7.0,-7.0,0.0,19.0,42.0,42.0,52.0,52.0,63.0,22.0,40.0,44.0,49.0,54.0,63.0,24.0,37.0,46.0,47.0,56.0,63.0,25.0,36.0,47.0,45.0,56.0,63.0,26.0,34.0,48.0,44.0,58.0,63.0,27.0,31.0,50.0,42.0,63.0,63.0,26.0,33.0,50.0,43.0,63.0,63.0,27.0,0.0,55.0,30.0,63.0,42.0,63.0,0.0,2.9489018637966296,2.223423686669427,2.231188045182198,0.43754422556097095,30.0,160.0,3038.3409693754506,3183.023872679041,3327.7067759826386,3327.7067759826386,3375.934410417169,3617.07258258982,3858.2107547624714,4244.031830238725,4485.170002411382,5015.673981191222,7089.462261876058,10127.80323125151,15818.664094526175,32023.149264528558,64576.802507837,88256.57101519163,194694.96021220152,312225.7053291536,469303.11068242096,568362.6718109477,708656.8603809982,829659.9951772365,914637.0870508801,956595.129008922,988570.0506390162,997443.9353749697,999855.3170966964,1000000.0,1000000.0,1000000.0,1000000.0,1000000.0,1000000.0,1000000.0,1000000.0,1000000.0,1000000.0,1000000.0,1000000.0,1000000.0,1000000.0,1000000.0,1000000.0,1000000.0,1000000.0,1000000.0,1000000.0,1000000.0,1000000.0,1000000.0,1000000.0,1000000.0,1000000.0,1000000.0,1000000.0,1000000.0,1000000.0,1000000.0,1000000.0,1000000.0,1000000.0,1000000.0,1000000.0,1000000.0,0.0,0.0,0.0,0.0,0.0,0.0,0.0,0.0,0.0,0.0,0.0,0.0,0.0,0.0,0.0,0.0,0.0,0.0,0.0,0.0,0.0,0.0,0.0,0.0,0.0,0.0,0.0,0.0,0.0,0.0,144.68290330359284,241.13817217265407,482.27634434531,868.0974198215577,2893.6580660718573,5015.673981191222,12732.095490716194,29901.13334940919,67036.41186399803,111020.01446829025,233469.97829756443,382975.64504461054,596382.9274174102,734748.0106100795,880154.3284301906,956353.9908367494,989293.4651555341,995466.602363154,998746.0815047021,999421.2683867855,999903.5447311308,999951.7723655654,1000000.0,1000000.0,1000000.0,1000000.0,1000000.0,1000000.0,1000000.0,1000000.0,1000000.0,1000000.0,1000000.0,1000000.0,0.0,0.0,0.0,0.0,0.0,0.0,0.0,0.0,0.0,0.0,0.0,0.0,0.0,0.0,0.0,0.0,0.0,0.0,0.0,0.0,0.0,0.0,0.0,0.0,0.0,0.0,0.0,0.0,0.0,0.0,0.0,0.0,0.0,0.0,0.0,0.0,0.0,0.0,0.0,0.0,0.0,0.0,482.27634434531,1061.0079575596806,3375.934410417169,8536.291294911978,20930.793344586447,40318.302387267875,85989.87219676873,158861.82782734503,310055.46177959966,429852.9057149746,637472.8719556305,800482.2763443452,934651.5553412104,974873.4024596093,994791.4154810706,997926.211719315,999035.4473113093,999228.3578490474,999276.585483482,999421.2683867855,999517.7236556546,1000000.0,48.22763443453082,48.22763443453082,48.22763443453082,48.22763443453082,48.22763443453082,48.22763443453082,48.22763443453082,48.22763443453082,48.22763443453082,48.22763443453082,48.22763443453082,48.22763443453082,48.22763443453082,48.22763443453082,48.22763443453082,48.22763443453082,48.22763443453082,48.22763443453082,48.22763443453082,48.22763443453082,48.22763443453082,48.22763443453082,48.22763443453082,48.22763443453082,48.22763443453082,48.22763443453082,48.22763443453082,48.22763443453082,48.22763443453082,48.22763443453082,48.22763443453082,48.22763443453082,48.22763443453082,48.22763443453082,48.22763443453082,48.22763443453082,48.22763443453082,48.22763443453082,48.22763443453082,48.22763443453082,48.22763443453082,48.22763443453082,48.22763443453082,48.22763443453082,48.22763443453082,48.22763443453082,48.22763443453082,48.22763443453082,48.22763443453082,48.22763443453082,48.22763443453082,48.22763443453082,48.22763443453082,48.22763443453082,48.22763443453082,48.22763443453082,48.22763443453082,48.22763443453082,48.22763443453082,48.22763443453082,48.22763443453082,48.22763443453082,96.4552688690621,1000000.0
FLINT,MAGNUM03,F,na,na,na,na,2025_03_11-09_22_56,na,4,54,Yes,1,na,96.4552688690621,199517.72365565467,0.0,32.0,48.0,0.0,,,,96.4552688690621,343187.8466361226,0.0,32.0,48.0,0.0,27.0,6.0,12.0,21.0,1.0,10.0,14.0,-4.0,8.0,11.0,-7.0,7.0,8.0,-11.0,5.0,5.0,-15.0,4.0,6.0,-13.0,5.0,18.0,45.0,45.0,51.0,51.0,63.0,22.0,43.0,47.0,48.0,53.0,63.0,26.0,40.0,49.0,45.0,55.0,63.0,27.0,38.0,50.0,43.0,56.0,63.0,28.0,36.0,52.0,41.0,58.0,63.0,29.0,34.0,53.0,38.0,59.0,63.0,28.0,34.0,53.0,40.0,58.0,63.0,32.0,0.0,56.0,26.0,60.0,35.0,63.0,0.0,3.5865771196558174,2.370956171415593,2.596999642981767,0.4374894505865458,30.0,160.0,3424.1620448516924,3472.38967928623,3568.844948155295,3617.07258258982,3665.3002170243526,3809.9831203279427,4051.121292500604,4244.031830238725,5305.039787798405,7137.689896310589,11719.315167591023,19869.785387026743,37810.465396672276,75572.70315891002,135664.33566433573,178731.6132143718,316566.19242826145,437569.3272244996,565661.9242826139,651700.0241138173,745936.8217988907,822522.305280926,883723.1733783458,916517.9647938268,952785.1458885941,977188.3289124668,992187.123221606,997251.0248372317,999758.8618278273,1000000.0,1000000.0,1000000.0,1000000.0,1000000.0,1000000.0,1000000.0,1000000.0,1000000.0,1000000.0,1000000.0,1000000.0,1000000.0,1000000.0,1000000.0,1000000.0,1000000.0,1000000.0,1000000.0,1000000.0,1000000.0,1000000.0,1000000.0,1000000.0,1000000.0,1000000.0,1000000.0,1000000.0,1000000.0,1000000.0,1000000.0,1000000.0,1000000.0,1000000.0,1000000.0,0.0,0.0,0.0,0.0,0.0,0.0,0.0,0.0,0.0,0.0,0.0,0.0,0.0,0.0,0.0,0.0,0.0,0.0,0.0,0.0,0.0,0.0,0.0,0.0,0.0,0.0,48.22763443453082,48.22763443453082,96.4552688690621,96.4552688690621,96.4552688690621,96.4552688690621,144.68290330359284,144.68290330359284,578.7316132143711,868.0974198215577,1543.2843019049903,3809.9831203279427,8439.836026042916,14661.200868097394,33759.34410417167,69399.56595129009,146322.64287436698,233084.1572220882,407234.1451651796,584084.8806366049,765469.0137448758,842826.1393778634,943428.984808295,979020.9790209789,994839.6431155051,997781.5288160116,999517.7236556546,999951.7723655654,1000000.0,1000000.0,1000000.0,1000000.0,1000000.0,1000000.0,1000000.0,1000000.0,1000000.0,1000000.0,0.0,0.0,0.0,0.0,0.0,0.0,0.0,0.0,0.0,0.0,0.0,0.0,0.0,0.0,0.0,0.0,0.0,0.0,0.0,0.0,0.0,0.0,0.0,0.0,0.0,0.0,0.0,0.0,0.0,0.0,0.0,0.0,0.0,0.0,0.0,48.22763443453082,96.4552688690621,192.91053773812425,337.59344104171646,482.27634434531,1253.9184952978064,2218.471183988428,4726.3081745840345,8054.014950566682,17506.63129973476,32746.56378104652,67132.8671328671,108705.08801543294,199565.95129008926,312949.1198456715,488883.5302628406,614709.428502532,767542.8020255605,874222.3293947431,956980.9500843983,982638.0516035687,994646.732577767,998408.4880636605,999855.3170966964,999951.7723655654,1000000.0,1000000.0,1000000.0,1000000.0,48.22763443453082,48.22763443453082,48.22763443453082,48.22763443453082,48.22763443453082,48.22763443453082,48.22763443453082,48.22763443453082,48.22763443453082,48.22763443453082,48.22763443453082,48.22763443453082,48.22763443453082,48.22763443453082,48.22763443453082,48.22763443453082,48.22763443453082,48.22763443453082,48.22763443453082,48.22763443453082,48.22763443453082,48.22763443453082,48.22763443453082,48.22763443453082,48.22763443453082,48.22763443453082,48.22763443453082,48.22763443453082,48.22763443453082,48.22763443453082,48.22763443453082,48.22763443453082,48.22763443453082,48.22763443453082,48.22763443453082,48.22763443453082,48.22763443453082,48.22763443453082,48.22763443453082,48.22763443453082,48.22763443453082,48.22763443453082,48.22763443453082,48.22763443453082,48.22763443453082,48.22763443453082,48.22763443453082,48.22763443453082,48.22763443453082,48.22763443453082,48.22763443453082,48.22763443453082,48.22763443453082,48.22763443453082,48.22763443453082,48.22763443453082,48.22763443453082,48.22763443453082,48.22763443453082,48.22763443453082,48.22763443453082,48.22763443453082,48.22763443453082,1000000.0
FLINT,MAGNUM03,F,na,na,na,na,2025_03_11-09_22_56,na,4,55,Yes,1,na,0.0,390354.4731130938,96.4552688691443,32.0,48.0,62.0,,,,0.0,720617.313720762,96.4552688691443,32.0,48.0,62.0,28.0,3.0,14.0,22.0,-2.0,11.0,16.0,-7.0,9.0,13.0,-10.0,8.0,10.0,-15.0,6.0,7.0,-17.0,2.0,8.0,-16.0,6.0,18.0,46.0,46.0,49.0,49.0,63.0,22.0,44.0,49.0,47.0,52.0,63.0,25.0,41.0,51.0,44.0,54.0,63.0,27.0,40.0,52.0,42.0,55.0,63.0,28.0,38.0,54.0,39.0,57.0,63.0,29.0,36.0,55.0,38.0,61.0,63.0,29.0,37.0,54.0,38.0,57.0,63.0,30.0,0.0,57.0,34.0,63.0,36.0,63.0,63.0,3.260435437662058,2.34916780329674,2.5757073598983573,0.0,30.0,160.0,964.5526886906189,1061.0079575596806,1205.690860863273,1253.9184952978064,1302.1461297323344,1302.1461297323344,1398.601398601398,1495.056667470457,1832.650108512174,2652.5198938992025,4485.170002411382,8054.014950566682,19435.736677115998,43356.6433566433,93272.24499638287,124330.84157222084,258258.98239691343,378201.10923559195,525102.4837231734,610272.4861345551,723848.5652278757,810176.030865686,876874.8492886423,913527.8514588859,953074.5116952013,978394.0197733301,993489.2693513383,997106.3419339281,999517.7236556546,1000000.0,1000000.0,1000000.0,1000000.0,1000000.0,1000000.0,1000000.0,1000000.0,1000000.0,1000000.0,1000000.0,1000000.0,1000000.0,1000000.0,1000000.0,1000000.0,1000000.0,1000000.0,1000000.0,1000000.0,1000000.0,1000000.0,1000000.0,1000000.0,1000000.0,1000000.0,1000000.0,1000000.0,1000000.0,1000000.0,1000000.0,1000000.0,1000000.0,1000000.0,1000000.0,0.0,0.0,0.0,0.0,0.0,0.0,0.0,0.0,0.0,0.0,0.0,0.0,0.0,0.0,0.0,0.0,0.0,0.0,0.0,0.0,0.0,0.0,0.0,0.0,0.0,0.0,0.0,0.0,0.0,0.0,0.0,0.0,0.0,0.0,48.22763443453082,48.22763443453082,337.59344104171646,626.959247648901,2652.5198938992025,4436.942367976849,10176.030865686038,22908.126356402227,50253.19508078129,84687.72606703635,177477.69471907397,312225.7053291536,512466.8435013262,637569.3272244995,818953.4603327706,906245.4786592717,964890.2821316614,983361.4661200868,995418.3747287195,998456.7156980949,999614.1789245236,999903.5447311308,1000000.0,1000000.0,1000000.0,1000000.0,1000000.0,1000000.0,1000000.0,1000000.0,0.0,0.0,0.0,0.0,0.0,0.0,0.0,0.0,0.0,0.0,0.0,0.0,0.0,0.0,0.0,0.0,0.0,0.0,0.0,0.0,0.0,0.0,0.0,0.0,0.0,0.0,0.0,0.0,0.0,0.0,0.0,0.0,0.0,0.0,0.0,0.0,48.22763443453082,144.68290330359284,675.1868820834334,1398.601398601398,2748.975162768264,5015.673981191222,12056.90860863274,19676.87484928863,41427.53797926209,74029.41885700503,153363.8775018085,233132.38485652278,390402.7007475283,543043.1637328189,733252.953942609,823486.8579696165,916325.0542560886,958813.6001929105,987074.9939715456,994550.2773088979,998649.626235833,999565.9512900892,999855.3170966964,999855.3170966964,999855.3170966964,999903.5447311308,999951.7723655654,1000000.0,0.0,0.0,0.0,0.0,0.0,0.0,0.0,0.0,0.0,0.0,0.0,0.0,0.0,0.0,0.0,0.0,0.0,0.0,0.0,0.0,0.0,0.0,0.0,0.0,0.0,0.0,0.0,0.0,0.0,0.0,0.0,0.0,0.0,0.0,0.0,0.0,0.0,0.0,0.0,0.0,0.0,0.0,0.0,0.0,0.0,0.0,0.0,0.0,0.0,0.0,0.0,0.0,0.0,0.0,0.0,0.0,0.0,0.0,0.0,0.0,0.0,0.0,0.0,1000000.0
FLINT,MAGNUM03,F,na,na,na,na,2025_03_11-09_22_56,na,4,56,Yes,1,na,48.22763443453082,101470.94285025321,0.0,30.5,48.0,0.0,,,,48.22763443453082,195129.00892211252,0.0,30.5,48.0,0.0,26.0,8.0,11.0,20.0,2.0,9.0,14.0,-3.0,7.0,11.0,-6.0,6.0,7.0,-9.0,5.0,3.0,-15.0,0.0,5.0,-12.0,1.0,18.0,44.0,44.0,52.0,52.0,63.0,22.0,42.0,47.0,49.0,54.0,63.0,25.0,39.0,49.0,46.0,56.0,63.0,26.0,37.0,50.0,44.0,57.0,63.0,28.0,35.0,51.0,42.0,58.0,63.0,29.0,32.0,54.0,39.0,63.0,63.0,28.0,33.0,52.0,40.0,62.0,63.0,30.0,0.0,63.0,29.0,63.0,37.0,63.0,0.0,3.4133688291679203,2.4160742615460054,2.4814047519509828,0.4374894505865458,30.0,160.0,3424.1620448516924,3424.1620448516924,3617.07258258982,3617.07258258982,3665.3002170243526,3809.9831203279427,3809.9831203279427,3906.438389197008,4340.487099107789,5256.812153363875,7861.104412828547,12008.680974198212,26042.922594646712,52857.487340245956,105232.69833614663,138413.31082710405,277887.6296117675,396431.15505184466,529250.060284543,623245.719797444,731372.0761996624,812153.3638775018,879913.1902580177,913672.5343621897,957656.1369664818,981142.9949360983,995032.5536532432,998553.1709669641,999855.3170966964,1000000.0,1000000.0,1000000.0,1000000.0,1000000.0,1000000.0,1000000.0,1000000.0,1000000.0,1000000.0,1000000.0,1000000.0,1000000.0,1000000.0,1000000.0,1000000.0,1000000.0,1000000.0,1000000.0,1000000.0,1000000.0,1000000.0,1000000.0,1000000.0,1000000.0,1000000.0,1000000.0,1000000.0,1000000.0,1000000.0,1000000.0,1000000.0,1000000.0,1000000.0,1000000.0,0.0,0.0,0.0,0.0,0.0,0.0,0.0,0.0,0.0,0.0,0.0,0.0,0.0,0.0,0.0,0.0,0.0,0.0,0.0,0.0,0.0,0.0,0.0,0.0,0.0,0.0,0.0,0.0,0.0,48.22763443453082,48.22763443453082,96.4552688690621,337.59344104171646,578.7316132143711,1109.2355919942117,1832.650108512174,3520.617313720762,7475.283337352298,15963.346997829749,26862.792380033734,61104.41282855078,108656.86038099836,210368.94140342416,312611.52640462987,503303.5929587654,668772.6067036411,835350.8560405112,900940.4388714733,973281.8905232698,991222.5705329153,997636.845912708,999131.9025801783,999758.8618278273,999855.3170966964,999903.5447311308,999951.7723655654,999951.7723655654,999951.7723655654,999951.7723655654,999951.7723655654,999951.7723655654,999951.7723655654,1000000.0,1000000.0,0.0,0.0,0.0,0.0,0.0,0.0,0.0,0.0,0.0,0.0,0.0,0.0,0.0,0.0,0.0,0.0,0.0,0.0,0.0,0.0,0.0,0.0,0.0,0.0,0.0,0.0,0.0,0.0,0.0,0.0,0.0,0.0,0.0,0.0,0.0,0.0,0.0,48.22763443453082,144.68290330359284,241.13817217265407,626.959247648901,964.5526886906189,2122.0159151193625,3424.1620448516924,6558.958283096219,13455.510007234145,30286.954424885465,49192.187123221556,101519.17048468767,168459.12707981674,292741.7410176031,409211.4781769953,597877.9840848806,752736.9182541596,900168.796720521,954231.97492163,987316.1321437183,995563.0576320231,998746.0815047021,999228.3578490474,999276.585483482,999421.2683867855,999565.9512900892,1000000.0,48.22763443453082,48.22763443453082,48.22763443453082,48.22763443453082,48.22763443453082,48.22763443453082,48.22763443453082,48.22763443453082,48.22763443453082,48.22763443453082,48.22763443453082,48.22763443453082,48.22763443453082,48.22763443453082,48.22763443453082,48.22763443453082,48.22763443453082,48.22763443453082,48.22763443453082,48.22763443453082,48.22763443453082,48.22763443453082,48.22763443453082,48.22763443453082,48.22763443453082,48.22763443453082,48.22763443453082,48.22763443453082,48.22763443453082,48.22763443453082,48.22763443453082,48.22763443453082,48.22763443453082,48.22763443453082,48.22763443453082,48.22763443453082,48.22763443453082,48.22763443453082,48.22763443453082,48.22763443453082,48.22763443453082,48.22763443453082,48.22763443453082,48.22763443453082,48.22763443453082,48.22763443453082,48.22763443453082,48.22763443453082,48.22763443453082,48.22763443453082,48.22763443453082,48.22763443453082,48.22763443453082,48.22763443453082,48.22763443453082,48.22763443453082,48.22763443453082,48.22763443453082,48.22763443453082,48.22763443453082,48.22763443453082,48.22763443453082,48.22763443453082,1000000.0
FLINT,MAGNUM03,F,na,na,na,na,2025_03_11-09_22_56,na,4,57,Yes,1,na,96.4552688690621,221605.9802266699,144.68290330360517,31.0,49.0,60.0,,,,96.4552688690621,334024.5960935616,144.68290330360517,31.0,49.0,60.0,27.0,5.0,12.0,22.0,1.0,9.0,15.0,-4.0,7.0,11.0,-7.0,6.0,8.0,-10.0,5.0,5.0,-15.0,3.0,7.0,-12.0,4.0,19.0,46.0,46.0,51.0,51.0,63.0,22.0,44.0,48.0,49.0,54.0,63.0,26.0,41.0,50.0,46.0,56.0,63.0,28.0,39.0,51.0,44.0,57.0,63.0,29.0,37.0,52.0,42.0,58.0,63.0,29.0,34.0,53.0,38.0,60.0,63.0,29.0,36.0,53.0,41.0,59.0,63.0,30.0,0.0,62.0,25.0,63.0,36.0,63.0,63.0,3.5112177545728254,2.3415154197702592,2.418089971973554,0.0,30.0,160.0,3617.07258258982,3665.3002170243526,3858.2107547624714,3858.2107547624714,3906.438389197008,3954.6660236315374,4099.348926935128,4099.348926935128,4485.170002411382,5112.12925006028,7185.917530745107,10561.851941162287,21220.159151193613,44899.92765854842,88931.75789727509,121726.54931275622,241620.44851700027,356209.30793344585,496117.6754280202,584567.15698095,705618.5194116228,790692.0665541355,860525.6812153363,899107.7887629612,939088.4977091873,964793.8268627924,984808.2951531227,992042.4403183024,998360.2604292259,999951.7723655654,1000000.0,1000000.0,1000000.0,1000000.0,1000000.0,1000000.0,1000000.0,1000000.0,1000000.0,1000000.0,1000000.0,1000000.0,1000000.0,1000000.0,1000000.0,1000000.0,1000000.0,1000000.0,1000000.0,1000000.0,1000000.0,1000000.0,1000000.0,1000000.0,1000000.0,1000000.0,1000000.0,1000000.0,1000000.0,1000000.0,1000000.0,1000000.0,1000000.0,1000000.0,0.0,0.0,0.0,0.0,0.0,0.0,0.0,0.0,0.0,0.0,0.0,0.0,0.0,0.0,0.0,0.0,0.0,0.0,0.0,0.0,0.0,0.0,0.0,0.0,0.0,48.22763443453082,48.22763443453082,48.22763443453082,48.22763443453082,48.22763443453082,48.22763443453082,48.22763443453082,144.68290330359284,192.91053773812425,337.59344104171646,337.59344104171646,868.0974198215577,1495.056667470457,4099.348926935128,7668.193875090419,19435.736677115998,38196.28647214852,83144.44176513141,136870.02652519892,267904.5092838196,415577.5259223535,619146.3708705087,732867.1328671328,887581.3841331083,955534.1210513624,989438.1480588376,995611.2852664576,999035.4473113093,999903.5447311308,1000000.0,1000000.0,1000000.0,1000000.0,1000000.0,1000000.0,1000000.0,1000000.0,1000000.0,1000000.0,0.0,0.0,0.0,0.0,0.0,0.0,0.0,0.0,0.0,0.0,0.0,0.0,0.0,0.0,0.0,0.0,0.0,0.0,0.0,0.0,0.0,0.0,0.0,0.0,0.0,0.0,0.0,0.0,0.0,0.0,0.0,0.0,0.0,0.0,0.0,0.0,48.22763443453082,96.4552688690621,241.13817217265407,337.59344104171646,434.04870991077877,771.6421509524955,1784.4224740776426,4002.8936580660734,7909.3320472630785,14275.379792621161,36026.04292259466,65589.58283096217,129298.28791897751,221654.20786110434,382300.4581625271,522884.01253918494,694815.5292982878,829129.4911984567,939281.4082469254,975789.7275138653,993006.993006993,998022.6669881842,999517.7236556546,999855.3170966964,999951.7723655654,999951.7723655654,999951.7723655654,1000000.0,0.0,0.0,0.0,0.0,0.0,0.0,0.0,0.0,0.0,0.0,0.0,0.0,0.0,0.0,0.0,0.0,0.0,0.0,0.0,0.0,0.0,0.0,0.0,0.0,0.0,0.0,0.0,0.0,0.0,0.0,0.0,0.0,0.0,0.0,0.0,0.0,0.0,0.0,0.0,0.0,0.0,0.0,0.0,0.0,0.0,0.0,0.0,0.0,0.0,0.0,0.0,0.0,0.0,0.0,0.0,0.0,0.0,0.0,0.0,0.0,0.0,0.0,0.0,1000000.0
FLINT,MAGNUM03,F,na,na,na,na,2025_03_11-09_22_56,na,4,58,Yes,1,na,48.22763443453082,73740.05305039792,771.6421509525992,32.0,48.0,62.0,,,,48.22763443453082,133831.68555582353,771.6421509525992,32.0,48.0,62.0,26.0,8.0,11.0,21.0,4.0,9.0,15.0,-1.0,7.0,12.0,-3.0,6.0,9.0,-7.0,4.0,5.0,-20.0,0.0,7.0,-10.0,0.0,18.0,44.0,44.0,52.0,52.0,63.0,21.0,42.0,46.0,50.0,54.0,63.0,25.0,40.0,48.0,47.0,56.0,63.0,26.0,38.0,49.0,46.0,57.0,63.0,27.0,36.0,51.0,44.0,59.0,63.0,29.0,34.0,61.0,41.0,63.0,63.0,28.0,35.0,52.0,42.0,63.0,63.0,29.0,0.0,63.0,29.0,63.0,39.0,63.0,63.0,3.273625878288285,2.2675702373040094,2.250118041721737,0.0,30.0,160.0,3279.479141548107,3327.7067759826386,3472.38967928623,3472.38967928623,3568.844948155295,3713.527851458888,3761.755485893413,3761.755485893413,4195.804195804195,4822.763443453095,8150.470219435744,14564.745599228345,30721.00313479626,62551.24186158673,124909.57318543528,170484.68772606712,319170.4846877261,451796.47938268626,589872.1967687485,683771.4010127804,781528.8160115747,854786.5927176271,911646.9737159392,942657.3426573426,974776.9471907403,990306.2454786592,997974.4393537496,999373.040752351,999855.3170966964,1000000.0,1000000.0,1000000.0,1000000.0,1000000.0,1000000.0,1000000.0,1000000.0,1000000.0,1000000.0,1000000.0,1000000.0,1000000.0,1000000.0,1000000.0,1000000.0,1000000.0,1000000.0,1000000.0,1000000.0,1000000.0,1000000.0,1000000.0,1000000.0,1000000.0,1000000.0,1000000.0,1000000.0,1000000.0,1000000.0,1000000.0,1000000.0,1000000.0,1000000.0,1000000.0,0.0,0.0,0.0,0.0,0.0,0.0,0.0,0.0,0.0,0.0,0.0,0.0,0.0,0.0,0.0,0.0,0.0,0.0,0.0,0.0,0.0,0.0,0.0,0.0,0.0,0.0,0.0,0.0,0.0,48.22763443453082,48.22763443453082,48.22763443453082,96.4552688690621,192.91053773812425,482.27634434531,868.0974198215577,2990.1133349409165,5401.495056667472,12394.502049674455,21171.93151675908,53629.1294911985,101519.17048468767,212394.50204967443,317096.69640704116,519700.98866650584,698529.0571497468,865155.5341210513,926259.9469496021,982396.9134313961,994212.6838678562,998312.0327947914,999228.3578490474,999614.1789245236,999614.1789245236,999662.4065589582,999662.4065589582,999710.6341933928,999758.8618278273,999807.0894622619,999807.0894622619,999807.0894622619,999903.5447311308,999951.7723655654,1000000.0,0.0,0.0,0.0,0.0,0.0,0.0,0.0,0.0,0.0,0.0,0.0,0.0,0.0,0.0,0.0,0.0,0.0,0.0,0.0,0.0,0.0,0.0,0.0,0.0,0.0,0.0,0.0,0.0,0.0,0.0,0.0,0.0,0.0,0.0,0.0,0.0,0.0,0.0,0.0,96.4552688690621,144.68290330359284,241.13817217265407,626.959247648901,1109.2355919942117,2363.1540872920177,5739.088497709187,14805.883771401013,27875.572703158876,62551.24186158673,116276.82662165417,230624.5478659272,334072.82372799615,536194.8396431154,711309.3802748974,890185.6763925728,950614.9023390402,987653.7255847601,995466.602363154,998553.1709669641,998938.9920424403,999083.6749457439,999228.3578490474,999276.585483482,1000000.0,0.0,0.0,0.0,0.0,0.0,0.0,0.0,0.0,0.0,0.0,0.0,0.0,0.0,0.0,0.0,0.0,0.0,0.0,0.0,0.0,0.0,0.0,0.0,0.0,0.0,0.0,0.0,0.0,0.0,0.0,0.0,0.0,0.0,0.0,0.0,0.0,0.0,0.0,0.0,0.0,0.0,0.0,0.0,0.0,0.0,0.0,0.0,0.0,0.0,0.0,0.0,0.0,0.0,0.0,0.0,0.0,0.0,0.0,0.0,0.0,0.0,0.0,0.0,1000000.0
FLINT,MAGNUM03,F,na,na,na,na,2025_03_11-09_22_56,na,4,59,Yes,1,na,192.91053773812425,0.0,48.22763443457198,33.5,0.0,62.0,,,,192.91053773812425,0.0,48.22763443457198,33.5,0.0,62.0,30.0,2.0,13.0,25.0,-2.0,10.0,16.0,-8.0,8.0,12.0,-11.0,7.0,8.0,-14.0,5.0,2.0,-19.0,3.0,6.0,-16.0,5.0,18.0,48.0,48.0,50.0,50.0,63.0,21.0,46.0,50.0,48.0,53.0,63.0,27.0,43.0,53.0,45.0,55.0,63.0,29.0,41.0,54.0,43.0,56.0,63.0,31.0,39.0,55.0,41.0,58.0,63.0,32.0,34.0,57.0,38.0,60.0,63.0,32.0,38.0,56.0,40.0,58.0,63.0,34.0,0.0,57.0,32.0,63.0,0.0,63.0,63.0,3.7220333937058423,2.361942638504347,2.616533841478066,0.0,30.0,160.0,1832.650108512174,2073.7882806848356,2266.6988184229576,2411.3817217265464,2556.0646250301406,2604.2922594646707,2700.747528333735,2893.6580660718573,3713.527851458888,5449.72269110199,11285.266457680242,19194.598504943326,44610.56185194114,85941.64456233422,168459.12707981674,216831.44441765134,377767.0605256812,498336.1466120086,627152.1581866409,696985.7728478418,789438.1480588377,845237.52109959,895538.9438148058,917964.7938268627,948107.0653484446,963395.2254641908,976947.1907402942,983313.2384856523,990306.2454786592,995273.6918254159,998504.9433325295,998794.3091391367,999951.7723655654,1000000.0,1000000.0,1000000.0,1000000.0,1000000.0,1000000.0,1000000.0,1000000.0,1000000.0,1000000.0,1000000.0,1000000.0,1000000.0,1000000.0,1000000.0,1000000.0,1000000.0,1000000.0,1000000.0,1000000.0,1000000.0,1000000.0,1000000.0,1000000.0,1000000.0,1000000.0,1000000.0,1000000.0,1000000.0,1000000.0,1000000.0,0.0,0.0,0.0,0.0,0.0,0.0,0.0,0.0,0.0,0.0,0.0,0.0,0.0,0.0,0.0,0.0,0.0,0.0,0.0,0.0,0.0,0.0,0.0,0.0,0.0,0.0,0.0,0.0,0.0,0.0,0.0,0.0,48.22763443453082,48.22763443453082,241.13817217265407,289.36580660718624,337.59344104171646,482.27634434531,1109.2355919942117,1639.7395707740552,3713.527851458888,6993.006993006999,15818.664094526175,26042.922594646712,59271.762720038605,111888.11188811182,224740.7764649144,308367.4945743911,536484.2054497226,696455.268869062,853387.9913190258,918254.1596334699,974487.5813841331,991415.4810706534,997540.3906438388,999035.4473113093,999758.8618278273,1000000.0,1000000.0,1000000.0,1000000.0,1000000.0,1000000.0,1000000.0,48.22763443453082,48.22763443453082,48.22763443453082,48.22763443453082,48.22763443453082,48.22763443453082,48.22763443453082,48.22763443453082,48.22763443453082,48.22763443453082,48.22763443453082,48.22763443453082,48.22763443453082,48.22763443453082,48.22763443453082,48.22763443453082,48.22763443453082,48.22763443453082,48.22763443453082,48.22763443453082,48.22763443453082,48.22763443453082,48.22763443453082,48.22763443453082,48.22763443453082,48.22763443453082,48.22763443453082,48.22763443453082,48.22763443453082,48.22763443453082,48.22763443453082,48.22763443453082,48.22763443453082,48.22763443453082,48.22763443453082,48.22763443453082,48.22763443453082,192.91053773812425,241.13817217265407,434.04870991077877,1157.4632264287443,1977.3330118157653,5256.812153363875,8584.518929346517,17940.68000964554,32843.01904991558,71039.30552206413,115312.27393296373,216879.6720520858,331082.7103930552,512997.34748010605,621702.435495539,787364.3597781529,884784.1813359055,961900.1687967204,983072.1003134795,995466.602363154,998408.4880636605,999710.6341933928,999807.0894622619,999903.5447311308,999951.7723655654,1000000.0,1000000.0,0.0,0.0,0.0,0.0,0.0,0.0,0.0,0.0,0.0,0.0,0.0,0.0,0.0,0.0,0.0,0.0,0.0,0.0,0.0,0.0,0.0,0.0,0.0,0.0,0.0,0.0,0.0,0.0,0.0,0.0,0.0,0.0,0.0,0.0,0.0,0.0,0.0,0.0,0.0,0.0,0.0,0.0,0.0,0.0,0.0,0.0,0.0,0.0,0.0,0.0,0.0,0.0,0.0,0.0,0.0,0.0,0.0,0.0,0.0,0.0,0.0,0.0,0.0,1000000.0
FLINT,MAGNUM03,F,na,na,na,na,2025_03_11-09_22_56,na,4,60,Yes,1,na,48.22763443453082,187364.35977815287,96.4552688691443,29.0,47.0,61.0,,,,48.22763443453082,338509.76609597297,96.4552688691443,29.0,47.0,61.0,28.0,5.0,13.0,22.0,1.0,10.0,15.0,-5.0,7.0,11.0,-8.0,6.0,8.0,-12.0,5.0,4.0,-16.0,3.0,7.0,-13.0,4.0,17.0,45.0,45.0,50.0,50.0,63.0,20.0,42.0,47.0,48.0,53.0,63.0,24.0,39.0,49.0,44.0,56.0,63.0,26.0,37.0,50.0,42.0,57.0,63.0,27.0,35.0,52.0,40.0,58.0,63.0,28.0,32.0,53.0,37.0,60.0,63.0,27.0,34.0,52.0,39.0,59.0,63.0,29.0,0.0,54.0,29.0,63.0,34.0,63.0,63.0,3.567957969774038,2.5528107387959817,2.821391129895876,0.0,30.0,160.0,2845.4304316373314,2941.8857005063924,2990.1133349409165,3038.3409693754506,3183.023872679041,3713.527851458888,4147.576561369663,5305.039787798405,8343.380757173849,15047.021943573669,27972.027972027947,52905.71497468051,96648.17940679993,170966.96407041233,274656.3781046539,340583.5543766578,494043.8871473354,610561.8519411623,713961.9001687967,787509.0426814564,853195.0807812876,900795.7559681697,940390.6438389197,961803.7135278514,982396.9134313961,992814.0824692548,998215.5775259222,999614.1789245236,1000000.0,1000000.0,1000000.0,1000000.0,1000000.0,1000000.0,1000000.0,1000000.0,1000000.0,1000000.0,1000000.0,1000000.0,1000000.0,1000000.0,1000000.0,1000000.0,1000000.0,1000000.0,1000000.0,1000000.0,1000000.0,1000000.0,1000000.0,1000000.0,1000000.0,1000000.0,1000000.0,1000000.0,1000000.0,1000000.0,1000000.0,1000000.0,1000000.0,1000000.0,1000000.0,1000000.0,0.0,0.0,0.0,0.0,0.0,0.0,0.0,0.0,0.0,0.0,0.0,0.0,0.0,0.0,0.0,0.0,0.0,0.0,0.0,0.0,0.0,0.0,0.0,0.0,0.0,0.0,0.0,0.0,0.0,96.4552688690621,144.68290330359284,192.91053773812425,337.59344104171646,482.27634434531,1012.7803231251486,1977.3330118157653,4292.259464673261,8102.242585001196,17603.08656860379,29322.401736194817,62261.87605497949,114974.68049192183,215095.2495780082,323414.5165179648,499782.9756450446,661683.1444417652,812635.6402218471,876923.0769230769,956353.9908367494,982252.2305280925,994068.0009645526,997829.756450446,999662.4065589582,1000000.0,1000000.0,1000000.0,1000000.0,1000000.0,1000000.0,1000000.0,1000000.0,1000000.0,1000000.0,1000000.0,0.0,0.0,0.0,0.0,0.0,0.0,0.0,0.0,0.0,0.0,0.0,0.0,0.0,0.0,0.0,0.0,0.0,0.0,0.0,0.0,0.0,0.0,0.0,0.0,0.0,0.0,0.0,0.0,0.0,0.0,0.0,0.0,0.0,0.0,48.22763443453082,96.4552688690621,144.68290330359284,289.36580660718624,482.27634434531,916.3250542560885,1929.1053773812387,3231.251507113574,7378.82806848324,12925.006028454296,26332.288401253903,46587.894863756934,94960.21220159151,151193.63395225455,263419.33928140823,386640.9452616349,550904.2681456474,653918.4952978056,791704.8468772606,876730.1663853389,950518.4470701712,974487.5813841331,992187.123221606,997395.7077405354,999421.2683867855,999758.8618278273,999903.5447311308,999951.7723655654,999951.7723655654,1000000.0,0.0,0.0,0.0,0.0,0.0,0.0,0.0,0.0,0.0,0.0,0.0,0.0,0.0,0.0,0.0,0.0,0.0,0.0,0.0,0.0,0.0,0.0,0.0,0.0,0.0,0.0,0.0,0.0,0.0,0.0,0.0,0.0,0.0,0.0,0.0,0.0,0.0,0.0,0.0,0.0,0.0,0.0,0.0,0.0,0.0,0.0,0.0,0.0,0.0,0.0,0.0,0.0,0.0,0.0,0.0,0.0,0.0,0.0,0.0,0.0,0.0,0.0,0.0,1000000.0
FLINT,MAGNUM03,F,na,na,na,na,2025_03_11-09_22_56,na,4,61,Yes,1,na,48.22763443457198,333397.6368459127,0.0,32.0,48.0,62.0,,,,48.22763443457198,556450.4461056186,0.0,32.0,48.0,62.0,28.0,4.0,13.0,22.0,0.0,11.0,15.0,-5.0,9.0,13.0,-8.0,8.0,10.0,-11.0,7.0,4.0,-16.0,5.0,7.0,-12.0,6.0,18.0,46.0,46.0,50.0,50.0,63.0,22.0,44.0,48.0,48.0,52.0,63.0,26.0,41.0,50.0,45.0,54.0,63.0,27.0,40.0,52.0,44.0,55.0,63.0,28.0,38.0,53.0,42.0,56.0,63.0,30.0,34.0,54.0,38.0,58.0,63.0,29.0,36.0,53.0,41.0,57.0,63.0,34.0,0.0,57.0,32.0,62.0,35.0,63.0,0.0,3.3358378256225976,2.265205369645184,2.2941812188146855,0.6186885949313036,30.0,160.0,3472.38967928623,3954.6660236315374,4436.942367976849,4533.397636845913,5015.673981191222,5063.901615625751,5160.356884494808,5305.039787798405,5401.495056667472,5883.771401012779,7137.689896310589,8777.42946708464,16059.802266698814,30383.40969375452,69785.38702676633,104027.00747528338,233855.79937304073,355244.75524475524,508849.7709187364,601446.8290330359,733735.2302869544,811574.6322642874,879286.2310103688,909332.0472630818,951627.6826621654,972510.2483723173,989679.2862310103,995273.6918254159,998794.3091391367,999565.9512900892,999951.7723655654,999951.7723655654,1000000.0,1000000.0,1000000.0,1000000.0,1000000.0,1000000.0,1000000.0,1000000.0,1000000.0,1000000.0,1000000.0,1000000.0,1000000.0,1000000.0,1000000.0,1000000.0,1000000.0,1000000.0,1000000.0,1000000.0,1000000.0,1000000.0,1000000.0,1000000.0,1000000.0,1000000.0,1000000.0,1000000.0,1000000.0,1000000.0,1000000.0,1000000.0,0.0,0.0,0.0,0.0,0.0,0.0,0.0,0.0,0.0,0.0,0.0,0.0,0.0,0.0,0.0,0.0,0.0,0.0,0.0,0.0,0.0,0.0,0.0,0.0,0.0,0.0,0.0,0.0,0.0,0.0,0.0,0.0,48.22763443453082,192.91053773812425,289.36580660718624,434.04870991077877,626.959247648901,1109.2355919942117,2556.0646250301406,3713.527851458888,11574.632264287418,23004.581625271243,55751.14540631784,92114.78176995419,210465.39667229325,343236.07427055703,562961.1767542801,666602.3631540873,856329.8770195321,934362.1895346033,980998.3120327947,992572.9442970823,998360.2604292259,999710.6341933928,999903.5447311308,999951.7723655654,1000000.0,1000000.0,1000000.0,1000000.0,1000000.0,1000000.0,1000000.0,1000000.0,0.0,0.0,0.0,0.0,0.0,0.0,0.0,0.0,0.0,0.0,0.0,0.0,0.0,0.0,0.0,0.0,0.0,0.0,0.0,0.0,0.0,0.0,0.0,0.0,0.0,0.0,0.0,0.0,0.0,0.0,0.0,0.0,0.0,0.0,0.0,48.22763443453082,96.4552688690621,144.68290330359284,337.59344104171646,385.82107547624787,530.5039787798403,1157.4632264287443,3375.934410417169,6124.909573185426,15915.11936339523,29756.45044610562,73064.86616831443,120713.76898963105,262068.96551724136,412828.5507595852,627972.0279720279,743814.8058837714,883867.8562816493,943477.2124427296,984808.2951531227,994453.8220400289,999228.3578490474,999855.3170966964,1000000.0,1000000.0,1000000.0,1000000.0,1000000.0,1000000.0,96.4552688690621,96.4552688690621,96.4552688690621,96.4552688690621,96.4552688690621,96.4552688690621,96.4552688690621,96.4552688690621,96.4552688690621,96.4552688690621,96.4552688690621,96.4552688690621,96.4552688690621,96.4552688690621,96.4552688690621,96.4552688690621,96.4552688690621,96.4552688690621,96.4552688690621,96.4552688690621,96.4552688690621,96.4552688690621,96.4552688690621,96.4552688690621,96.4552688690621,96.4552688690621,96.4552688690621,96.4552688690621,96.4552688690621,96.4552688690621,96.4552688690621,96.4552688690621,96.4552688690621,96.4552688690621,96.4552688690621,96.4552688690621,96.4552688690621,96.4552688690621,96.4552688690621,96.4552688690621,96.4552688690621,96.4552688690621,96.4552688690621,96.4552688690621,96.4552688690621,96.4552688690621,96.4552688690621,96.4552688690621,96.4552688690621,96.4552688690621,96.4552688690621,96.4552688690621,96.4552688690621,96.4552688690621,96.4552688690621,96.4552688690621,96.4552688690621,96.4552688690621,96.4552688690621,96.4552688690621,96.4552688690621,96.4552688690621,96.4552688690621,1000000.0
FLINT,MAGNUM03,F,na,na,na,na,2025_03_11-09_22_56,na,4,62,Yes,1,na,96.4552688690621,496503.4965034965,0.0,33.0,49.0,61.5,,,,96.4552688690621,823486.8579696167,0.0,33.0,49.0,61.5,30.0,2.0,13.0,24.0,-3.0,11.0,16.0,-8.0,9.0,12.0,-12.0,7.0,8.0,-15.0,6.0,2.0,-18.0,5.0,6.0,-17.0,5.0,18.0,48.0,48.0,50.0,50.0,63.0,21.0,45.0,50.0,47.0,52.0,63.0,26.0,42.0,52.0,44.0,54.0,63.0,28.0,40.0,54.0,42.0,56.0,63.0,29.0,37.0,55.0,40.0,57.0,63.0,32.0,34.0,56.0,38.0,58.0,63.0,30.0,36.0,56.0,39.0,58.0,63.0,32.0,0.0,57.0,28.0,60.0,36.0,63.0,63.0,3.5192694788193637,2.602653817254281,2.7180901114507723,0.0,30.0,160.0,2652.5198938992025,2700.747528333735,2748.975162768264,2893.6580660718573,2941.8857005063924,2990.1133349409165,3231.251507113574,3424.1620448516924,4436.942367976849,6124.909573185426,10706.534844465874,17313.720761996614,39450.20496744634,75862.06896551725,149457.43911261155,192476.48902821308,355437.66578249336,476199.6624065589,609404.3887147334,688979.9855317096,789631.0585965757,850446.1056185195,900651.073064866,922835.7849047504,957173.8606221364,974391.126115264,988618.2782734506,993778.6351579454,998360.2604292259,999131.9025801783,999758.8618278273,999807.0894622619,1000000.0,1000000.0,1000000.0,1000000.0,1000000.0,1000000.0,1000000.0,1000000.0,1000000.0,1000000.0,1000000.0,1000000.0,1000000.0,1000000.0,1000000.0,1000000.0,1000000.0,1000000.0,1000000.0,1000000.0,1000000.0,1000000.0,1000000.0,1000000.0,1000000.0,1000000.0,1000000.0,1000000.0,1000000.0,1000000.0,1000000.0,1000000.0,0.0,0.0,0.0,0.0,0.0,0.0,0.0,0.0,0.0,0.0,0.0,0.0,0.0,0.0,0.0,0.0,0.0,0.0,0.0,0.0,0.0,0.0,0.0,0.0,0.0,0.0,0.0,0.0,48.22763443453082,48.22763443453082,96.4552688690621,96.4552688690621,96.4552688690621,144.68290330359284,241.13817217265407,434.04870991077877,1061.0079575596806,1929.1053773812387,3761.755485893413,5353.267422232942,10754.762478900398,19339.281408246912,39305.52206414272,62551.24186158673,126645.76802507843,207861.10441282857,363925.7294429708,448902.8213166144,673016.6385338799,799517.7236556547,909090.909090909,949795.0325536531,983265.0108512177,993441.0417169037,998312.0327947914,999324.8131179166,999903.5447311308,1000000.0,1000000.0,1000000.0,1000000.0,1000000.0,1000000.0,1000000.0,0.0,0.0,0.0,0.0,0.0,0.0,0.0,0.0,0.0,0.0,0.0,0.0,0.0,0.0,0.0,0.0,0.0,0.0,0.0,0.0,0.0,0.0,0.0,0.0,0.0,0.0,0.0,0.0,0.0,0.0,0.0,0.0,0.0,0.0,0.0,0.0,48.22763443453082,144.68290330359284,337.59344104171646,868.0974198215577,2941.8857005063924,5642.633228840121,12876.778394019768,20448.517000241125,43019.04991560162,72389.67928623101,142753.7979262116,205449.7226911019,355582.34868579695,496551.724137931,679720.2797202797,773088.9799855318,886954.4248854592,936918.2541596334,977381.2394502049,988907.6440800579,997347.4801061008,998938.9920424403,999951.7723655654,1000000.0,1000000.0,1000000.0,1000000.0,1000000.0,0.0,0.0,0.0,0.0,0.0,0.0,0.0,0.0,0.0,0.0,0.0,0.0,0.0,0.0,0.0,0.0,0.0,0.0,0.0,0.0,0.0,0.0,0.0,0.0,0.0,0.0,0.0,0.0,0.0,0.0,0.0,0.0,0.0,0.0,0.0,0.0,0.0,0.0,0.0,0.0,0.0,0.0,0.0,0.0,0.0,0.0,0.0,0.0,0.0,0.0,0.0,0.0,0.0,0.0,0.0,0.0,0.0,0.0,0.0,0.0,0.0,0.0,0.0,1000000.0
FLINT,MAGNUM03,F,na,na,na,na,2025_03_11-09_22_56,na,4,63,Yes,1,na,0.0,78321.67832167841,42536.773571256366,31.5,48.0,61.0,,,,0.0,128864.2392090668,53966.72293224019,31.5,48.0,61.0,26.0,9.0,10.0,20.0,4.0,8.0,15.0,-1.0,-2.0,12.0,-8.0,-3.0,10.0,-18.0,-6.0,7.0,-20.0,-8.0,8.0,-20.0,-7.0,18.0,44.0,44.0,53.0,53.0,63.0,22.0,42.0,46.0,50.0,55.0,63.0,25.0,40.0,49.0,48.0,63.0,61.0,26.0,38.0,54.0,46.0,63.0,60.0,27.0,37.0,62.0,44.0,63.0,57.0,28.0,35.0,63.0,43.0,63.0,55.0,28.0,36.0,63.0,43.0,63.0,56.0,30.0,4.0,63.0,33.0,63.0,39.0,63.0,51.0,3.138918282717037,2.452430071458894,3.0980344546897225,0.5932877137056569,30.0,160.0,0.0,0.0,0.0,0.0,96.4552688690621,144.68290330359284,144.68290330359284,289.36580660718624,1012.7803231251486,2314.926452857486,4629.85290571497,9886.665059078852,24499.63829274172,54014.950566674685,113383.16855558234,151241.86158668916,293850.9766095973,420303.8340969375,558765.372558476,649336.8700265252,760742.7055702917,836315.4087292018,899397.1545695682,932963.5881360018,971111.6469737159,988666.5059078851,997685.0735471424,999373.040752351,999951.7723655654,1000000.0,1000000.0,1000000.0,1000000.0,1000000.0,1000000.0,1000000.0,1000000.0,1000000.0,1000000.0,1000000.0,1000000.0,1000000.0,1000000.0,1000000.0,1000000.0,1000000.0,1000000.0,1000000.0,1000000.0,1000000.0,1000000.0,1000000.0,1000000.0,1000000.0,1000000.0,1000000.0,1000000.0,1000000.0,1000000.0,1000000.0,1000000.0,1000000.0,1000000.0,1000000.0,0.0,0.0,0.0,0.0,0.0,0.0,0.0,0.0,0.0,0.0,0.0,0.0,0.0,0.0,0.0,0.0,0.0,0.0,0.0,0.0,0.0,0.0,0.0,0.0,0.0,0.0,0.0,0.0,0.0,0.0,0.0,0.0,0.0,48.22763443453082,192.91053773812425,337.59344104171646,1302.1461297323344,3375.934410417169,8488.063660477448,14854.111405835532,44658.78948637567,91584.27779117435,198022.6669881842,302049.67446346756,518784.66361224983,697757.4149987944,867277.5500361708,921678.3216783216,975934.410417169,986785.6281649384,991367.253436219,992331.8061249095,993199.9035447311,993633.9522546419,994309.1391367252,994839.6431155051,995514.8299975885,996045.3339763684,996816.9761273209,997540.3906438388,998119.1222570533,998456.7156980949,998794.3091391367,1000000.0,0.0,0.0,0.0,0.0,0.0,0.0,0.0,0.0,0.0,0.0,0.0,0.0,0.0,0.0,0.0,0.0,0.0,0.0,0.0,0.0,0.0,0.0,0.0,0.0,0.0,0.0,0.0,0.0,0.0,0.0,0.0,0.0,0.0,0.0,0.0,0.0,0.0,0.0,0.0,48.22763443453082,48.22763443453082,96.4552688690621,192.91053773812425,771.6421509524955,2411.3817217265464,4967.446346756688,12490.957318543524,22618.760549795024,55413.55196527605,104846.87726067027,208729.20183265008,301374.4875813841,493995.65951290086,659850.4943332529,836122.4981914636,894960.2122015913,934748.0106100795,945743.9112611526,951482.9997588617,954135.519652761,957463.2264287436,960405.1121292501,963346.9978297565,1000000.0,0.0,0.0,0.0,0.0,0.0,0.0,0.0,0.0,0.0,0.0,0.0,0.0,0.0,0.0,0.0,0.0,0.0,0.0,0.0,0.0,0.0,0.0,0.0,0.0,0.0,0.0,0.0,0.0,0.0,0.0,0.0,0.0,0.0,0.0,0.0,0.0,0.0,0.0,0.0,0.0,0.0,0.0,0.0,0.0,0.0,0.0,0.0,0.0,0.0,0.0,0.0,48.22763443453082,96.4552688690621,96.4552688690621,96.4552688690621,241.13817217265407,578.7316132143711,1495.056667470457,3038.3409693754506,5497.950325536535,14612.973233662888,35399.08367494577,98095.00843983609,1000000.0
FLINT,MAGNUM03,F,na,na,na,na,2025_03_11-09_22_56,na,4,64,Yes,1,na,144.68290330359284,248275.86206896557,96.4552688691443,31.0,48.0,62.0,,,,144.68290330359284,463129.97347480105,96.4552688691443,31.0,48.0,62.0,29.0,4.0,13.0,22.0,0.0,10.0,14.0,-6.0,8.0,11.0,-10.0,7.0,7.0,-13.0,5.0,2.0,-17.0,3.0,4.0,-16.0,5.0,17.0,46.0,46.0,50.0,50.0,63.0,21.0,43.0,48.0,48.0,53.0,63.0,26.0,40.0,50.0,44.0,55.0,63.0,27.0,38.0,52.0,42.0,56.0,63.0,28.0,35.0,53.0,40.0,58.0,63.0,30.0,32.0,54.0,37.0,60.0,63.0,29.0,33.0,54.0,38.0,58.0,63.0,32.0,0.0,63.0,28.0,63.0,35.0,63.0,63.0,3.724866184639552,2.5741456082817677,2.718422749909259,0.0,30.0,160.0,3472.38967928623,3520.617313720762,3617.07258258982,3713.527851458888,3761.755485893413,3906.438389197008,4388.714733542319,4774.535809018565,6076.6819387508895,9356.161080299,17361.948396431144,30238.72679045093,64190.98143236073,115939.23318061238,198360.26042922595,256667.4704605739,404774.5358090186,526693.9956595129,641331.0827103931,719218.7123221606,799614.1789245236,857921.3889558717,903641.1863998071,928574.8734024595,958668.9172896069,974921.6300940439,988039.5466602363,994453.8220400289,998987.2196768748,999807.0894622619,1000000.0,1000000.0,1000000.0,1000000.0,1000000.0,1000000.0,1000000.0,1000000.0,1000000.0,1000000.0,1000000.0,1000000.0,1000000.0,1000000.0,1000000.0,1000000.0,1000000.0,1000000.0,1000000.0,1000000.0,1000000.0,1000000.0,1000000.0,1000000.0,1000000.0,1000000.0,1000000.0,1000000.0,1000000.0,1000000.0,1000000.0,1000000.0,1000000.0,1000000.0,0.0,0.0,0.0,0.0,0.0,0.0,0.0,0.0,0.0,0.0,0.0,0.0,0.0,0.0,0.0,0.0,0.0,0.0,0.0,0.0,0.0,0.0,0.0,0.0,0.0,0.0,0.0,0.0,48.22763443453082,48.22763443453082,144.68290330359284,192.91053773812425,385.82107547624787,626.959247648901,1205.690860863273,1687.967205208584,2748.975162768264,4870.991077887631,10610.079575596808,16542.078611044137,33228.840125391835,58741.25874125869,115167.59102966,177043.64600916323,323366.28888353024,475186.8820834338,662165.4207861105,751724.1379310344,893802.7489751627,953074.5116952013,985387.0267663371,992862.3101036893,998504.9433325295,999517.7236556546,999951.7723655654,1000000.0,1000000.0,1000000.0,1000000.0,1000000.0,1000000.0,1000000.0,1000000.0,1000000.0,0.0,0.0,0.0,0.0,0.0,0.0,0.0,0.0,0.0,0.0,0.0,0.0,0.0,0.0,0.0,0.0,0.0,0.0,0.0,0.0,0.0,0.0,0.0,0.0,0.0,0.0,0.0,0.0,0.0,0.0,0.0,0.0,0.0,0.0,0.0,48.22763443453082,144.68290330359284,289.36580660718624,675.1868820834334,1350.373764166866,2314.926452857486,3665.3002170243526,7619.966240655894,12973.233662888826,25415.96334699782,42874.367012298055,84543.0431637329,134989.14878225222,238437.4246443212,356980.9500843983,526452.8574873401,643501.3262599469,794791.4154810706,886375.6932722449,961080.2990113334,981721.7265493127,994743.187846636,998312.0327947914,999662.4065589582,999807.0894622619,999903.5447311308,999903.5447311308,1000000.0,1000000.0,0.0,0.0,0.0,0.0,0.0,0.0,0.0,0.0,0.0,0.0,0.0,0.0,0.0,0.0,0.0,0.0,0.0,0.0,0.0,0.0,0.0,0.0,0.0,0.0,0.0,0.0,0.0,0.0,0.0,0.0,0.0,0.0,0.0,0.0,0.0,0.0,0.0,0.0,0.0,0.0,0.0,0.0,0.0,0.0,0.0,0.0,0.0,0.0,0.0,0.0,0.0,0.0,0.0,0.0,0.0,0.0,0.0,0.0,0.0,0.0,0.0,0.0,0.0,1000000.0
FLINT,MAGNUM03,F,na,na,na,na,2025_03_11-09_22_56,na,4,65,Yes,1,na,0.0,311116.4697371593,144.68290330360517,33.0,49.0,60.0,,,,0.0,462310.1036894141,144.68290330360517,33.0,49.0,60.0,28.0,4.0,13.0,23.0,0.0,10.0,16.0,-5.0,8.0,13.0,-9.0,7.0,10.0,-12.0,5.0,5.0,-18.0,3.0,8.0,-14.0,5.0,18.0,46.0,46.0,50.0,50.0,63.0,21.0,44.0,48.0,48.0,53.0,63.0,26.0,42.0,50.0,45.0,55.0,63.0,27.0,40.0,52.0,43.0,56.0,63.0,28.0,38.0,53.0,41.0,58.0,63.0,30.0,35.0,56.0,38.0,60.0,63.0,29.0,37.0,54.0,40.0,58.0,63.0,32.0,0.0,60.0,34.0,62.0,34.0,63.0,60.0,3.4704975914416725,2.2496947750910463,2.5228712683439416,0.020832830980311707,30.0,160.0,2941.8857005063924,2941.8857005063924,3038.3409693754506,3086.56860380998,3086.56860380998,3134.7962382445157,3327.7067759826386,3424.1620448516924,4051.121292500604,5160.356884494808,10127.80323125151,16204.485170002381,35013.262599469446,72244.99638292743,147190.74029418855,184760.06751868824,349505.66674704605,473064.8661683145,616734.9891487822,688690.6197251024,784084.8806366047,852278.7557270315,904509.2838196285,927465.6378104653,959585.242343863,975837.9551482999,988666.5059078851,994502.0496744635,998938.9920424403,999758.8618278273,999951.7723655654,999951.7723655654,1000000.0,1000000.0,1000000.0,1000000.0,1000000.0,1000000.0,1000000.0,1000000.0,1000000.0,1000000.0,1000000.0,1000000.0,1000000.0,1000000.0,1000000.0,1000000.0,1000000.0,1000000.0,1000000.0,1000000.0,1000000.0,1000000.0,1000000.0,1000000.0,1000000.0,1000000.0,1000000.0,1000000.0,1000000.0,1000000.0,1000000.0,1000000.0,0.0,0.0,0.0,0.0,0.0,0.0,0.0,0.0,0.0,0.0,0.0,0.0,0.0,0.0,0.0,0.0,0.0,0.0,0.0,0.0,0.0,0.0,0.0,0.0,0.0,0.0,0.0,0.0,0.0,0.0,0.0,0.0,0.0,0.0,144.68290330359284,337.59344104171646,482.27634434531,819.8697853870253,2459.609356161082,3858.2107547624714,10224.25850012056,19387.509042681453,51844.70701712074,89655.17241379312,197347.48010610082,335809.0185676392,546515.5534121051,660477.453580902,848806.3660477452,933638.7750180854,980130.2146129733,991608.3916083915,997877.9840848806,999035.4473113093,999758.8618278273,999855.3170966964,999951.7723655654,999951.7723655654,1000000.0,1000000.0,1000000.0,1000000.0,1000000.0,1000000.0,0.0,0.0,0.0,0.0,0.0,0.0,0.0,0.0,0.0,0.0,0.0,0.0,0.0,0.0,0.0,0.0,0.0,0.0,0.0,0.0,0.0,0.0,0.0,0.0,0.0,0.0,0.0,0.0,0.0,0.0,0.0,0.0,0.0,0.0,48.22763443453082,96.4552688690621,144.68290330359284,192.91053773812425,289.36580660718624,337.59344104171646,964.5526886906189,1639.7395707740552,3617.07258258982,6462.5030142271535,13793.103448275855,26187.605497950302,60477.45358090182,98336.14661200868,193971.54569568366,311164.6973715939,504750.4219918013,613551.9652761032,778394.0197733301,880299.0113334941,958958.283096214,980323.1251507113,994839.6431155051,998553.1709669641,999855.3170966964,999855.3170966964,1000000.0,1000000.0,1000000.0,1000000.0,0.0,0.0,0.0,0.0,0.0,0.0,0.0,0.0,0.0,0.0,0.0,0.0,0.0,0.0,0.0,0.0,0.0,0.0,0.0,0.0,0.0,0.0,0.0,0.0,0.0,0.0,0.0,0.0,0.0,0.0,0.0,0.0,0.0,0.0,0.0,0.0,0.0,0.0,0.0,0.0,0.0,0.0,0.0,0.0,0.0,0.0,0.0,0.0,0.0,0.0,0.0,0.0,0.0,0.0,0.0,0.0,0.0,0.0,0.0,0.0,48.22763443453082,48.22763443453082,48.22763443453082,1000000.0
FLINT,MAGNUM03,F,na,na,na,na,2025_03_11-09_22_56,na,4,66,Yes,1,na,0.0,475669.15842777916,434.0487099108167,32.0,48.0,62.0,,,,0.0,824596.0935616108,434.0487099108167,32.0,48.0,62.0,30.0,2.0,14.0,24.0,-4.0,11.0,17.0,-9.0,9.0,14.0,-11.0,7.0,11.0,-16.0,5.0,7.0,-22.0,0.0,9.0,-19.0,2.0,17.0,47.0,47.0,49.0,49.0,63.0,21.0,45.0,50.0,46.0,52.0,63.0,25.0,42.0,52.0,43.0,54.0,63.0,26.0,40.0,53.0,42.0,56.0,63.0,27.0,38.0,55.0,39.0,58.0,63.0,29.0,36.0,58.0,36.0,63.0,63.0,28.0,37.0,56.0,37.0,61.0,63.0,30.0,0.0,63.0,34.0,63.0,34.0,63.0,63.0,3.3176568017556085,2.533500021095745,2.7762376971664326,0.0,30.0,160.0,1398.601398601398,1398.601398601398,1495.056667470457,1591.5119363395213,1687.967205208584,1736.1948396431121,2025.5606462503029,2218.471183988428,2893.6580660718573,4774.535809018565,9790.2097902098,18760.549795032555,42970.82228116706,84977.09187364366,164456.2334217507,220207.37882806853,387605.4979503255,510923.5591994212,642585.0012056908,715360.5015673981,807909.332047263,866554.1355196526,919266.939956595,942705.5702917771,974391.126115264,988762.9611767542,997154.5695683626,998842.5367735712,999855.3170966964,999951.7723655654,1000000.0,1000000.0,1000000.0,1000000.0,1000000.0,1000000.0,1000000.0,1000000.0,1000000.0,1000000.0,1000000.0,1000000.0,1000000.0,1000000.0,1000000.0,1000000.0,1000000.0,1000000.0,1000000.0,1000000.0,1000000.0,1000000.0,1000000.0,1000000.0,1000000.0,1000000.0,1000000.0,1000000.0,1000000.0,1000000.0,1000000.0,1000000.0,1000000.0,1000000.0,0.0,0.0,0.0,0.0,0.0,0.0,0.0,0.0,0.0,0.0,0.0,0.0,0.0,0.0,0.0,0.0,0.0,0.0,0.0,0.0,0.0,0.0,0.0,0.0,0.0,0.0,0.0,0.0,0.0,0.0,0.0,0.0,0.0,0.0,96.4552688690621,192.91053773812425,482.27634434531,819.8697853870253,2122.0159151193625,3279.479141548107,9115.022908126357,17603.08656860379,40848.80636604773,67856.2816493851,144586.44803472393,242488.54593682179,415288.1601157463,524330.8415722209,722932.2401736195,833904.0270074754,925343.621895346,959971.0634193392,986158.6689172896,995370.147094285,998456.7156980949,999421.2683867855,999758.8618278273,999855.3170966964,999903.5447311308,999903.5447311308,999951.7723655654,999951.7723655654,1000000.0,1000000.0,0.0,0.0,0.0,0.0,0.0,0.0,0.0,0.0,0.0,0.0,0.0,0.0,0.0,0.0,0.0,0.0,0.0,0.0,0.0,0.0,0.0,0.0,0.0,0.0,0.0,0.0,0.0,0.0,0.0,0.0,0.0,0.0,0.0,0.0,48.22763443453082,144.68290330359284,385.82107547624787,626.959247648901,1012.7803231251486,1446.829033035929,3134.7962382445157,5690.860863274664,14612.973233662888,23679.768507354696,48758.13841331082,87292.01832650107,169182.54159633478,251073.0648661683,408488.0636604774,547576.5613696649,718205.9319990355,798215.5775259223,899590.0651073066,945502.7730889799,979599.7106341934,989968.6520376175,996672.2932240173,998553.1709669641,999276.585483482,999469.4960212201,999517.7236556546,999565.9512900892,999614.1789245236,1000000.0,0.0,0.0,0.0,0.0,0.0,0.0,0.0,0.0,0.0,0.0,0.0,0.0,0.0,0.0,0.0,0.0,0.0,0.0,0.0,0.0,0.0,0.0,0.0,0.0,0.0,0.0,0.0,0.0,0.0,0.0,0.0,0.0,0.0,0.0,0.0,0.0,0.0,0.0,0.0,0.0,0.0,0.0,0.0,0.0,0.0,0.0,0.0,0.0,0.0,0.0,0.0,0.0,0.0,0.0,0.0,0.0,0.0,0.0,0.0,0.0,0.0,0.0,0.0,1000000.0
FLINT,MAGNUM03,F,na,na,na,na,2025_03_11-09_22_56,na,4,67,Yes,1,na,144.68290330359284,254256.08873884732,0.0,30.0,48.0,30.5,,,,241.13817217273714,409452.61634916806,0.0,30.0,48.0,30.5,28.0,5.0,13.0,21.0,0.0,10.0,14.0,-6.0,8.0,10.0,-9.0,7.0,7.0,-12.0,5.0,3.0,-18.0,3.0,4.0,-16.0,4.0,17.0,45.0,45.0,50.0,50.0,63.0,21.0,42.0,48.0,48.0,53.0,63.0,25.0,39.0,50.0,44.0,55.0,63.0,27.0,37.0,51.0,42.0,56.0,63.0,28.0,35.0,52.0,40.0,58.0,63.0,29.0,32.0,54.0,36.0,60.0,63.0,29.0,33.0,54.0,38.0,59.0,63.0,33.0,0.0,56.0,24.0,61.0,33.0,63.0,0.0,3.7163626059001107,2.6148853267101657,2.766044313457666,0.4374894505865458,30.0,160.0,3858.2107547624714,3954.6660236315374,4002.8936580660734,4051.121292500604,4195.804195804195,4340.487099107789,4533.397636845913,5112.12925006028,7330.600434048703,11140.583554376653,22425.850012056908,38919.70098866653,78659.27176272009,142175.06631299743,242006.26959247646,304846.87726067036,455654.6901374487,569809.5008439835,680925.9705811429,750229.0812635641,828936.5806607185,876923.0769230769,918977.5741499879,938654.4489992765,966240.6558958283,981528.8160115746,993199.9035447311,997106.3419339281,999373.040752351,999903.5447311308,999951.7723655654,1000000.0,1000000.0,1000000.0,1000000.0,1000000.0,1000000.0,1000000.0,1000000.0,1000000.0,1000000.0,1000000.0,1000000.0,1000000.0,1000000.0,1000000.0,1000000.0,1000000.0,1000000.0,1000000.0,1000000.0,1000000.0,1000000.0,1000000.0,1000000.0,1000000.0,1000000.0,1000000.0,1000000.0,1000000.0,1000000.0,1000000.0,1000000.0,1000000.0,0.0,0.0,0.0,0.0,0.0,0.0,0.0,0.0,0.0,0.0,0.0,0.0,0.0,0.0,0.0,0.0,0.0,0.0,0.0,0.0,0.0,0.0,0.0,0.0,48.22763443453082,48.22763443453082,48.22763443453082,48.22763443453082,144.68290330359284,144.68290330359284,192.91053773812425,192.91053773812425,385.82107547624787,675.1868820834334,1253.9184952978064,2411.3817217265464,4726.3081745840345,7764.649143959485,15432.843019049933,22859.898721967693,48131.17916566189,83289.12466843502,162720.0385821075,239209.0667952736,408680.9741982155,564504.4610561851,738413.3108271039,816831.4444176513,928092.5970581142,969471.9074029418,990547.3836508319,995707.7405353268,998842.5367735712,999517.7236556546,999903.5447311308,999951.7723655654,1000000.0,1000000.0,1000000.0,1000000.0,1000000.0,1000000.0,1000000.0,1000000.0,0.0,0.0,0.0,0.0,0.0,0.0,0.0,0.0,0.0,0.0,0.0,0.0,0.0,0.0,0.0,0.0,0.0,0.0,0.0,0.0,0.0,0.0,0.0,0.0,0.0,0.0,0.0,0.0,0.0,0.0,0.0,0.0,0.0,144.68290330359284,144.68290330359284,192.91053773812425,241.13817217265407,337.59344104171646,675.1868820834334,1253.9184952978064,2363.1540872920177,3906.438389197008,8391.608391608395,13359.054738365065,28261.393778635178,47890.04099348927,98095.00843983609,147914.15481070647,254304.31637328188,371835.06149023393,542802.0255606463,656426.3322884012,807330.6004340487,890378.5869303109,959054.7383650831,980660.7185917529,995273.6918254159,998360.2604292259,999517.7236556546,999855.3170966964,1000000.0,1000000.0,1000000.0,1000000.0,48.22763443453082,48.22763443453082,48.22763443453082,48.22763443453082,48.22763443453082,48.22763443453082,48.22763443453082,48.22763443453082,48.22763443453082,48.22763443453082,48.22763443453082,48.22763443453082,48.22763443453082,48.22763443453082,48.22763443453082,48.22763443453082,48.22763443453082,48.22763443453082,48.22763443453082,48.22763443453082,48.22763443453082,48.22763443453082,48.22763443453082,48.22763443453082,48.22763443453082,48.22763443453082,48.22763443453082,48.22763443453082,48.22763443453082,48.22763443453082,48.22763443453082,48.22763443453082,48.22763443453082,48.22763443453082,48.22763443453082,48.22763443453082,48.22763443453082,48.22763443453082,48.22763443453082,48.22763443453082,48.22763443453082,48.22763443453082,48.22763443453082,48.22763443453082,48.22763443453082,48.22763443453082,48.22763443453082,48.22763443453082,48.22763443453082,48.22763443453082,48.22763443453082,48.22763443453082,48.22763443453082,48.22763443453082,48.22763443453082,48.22763443453082,48.22763443453082,48.22763443453082,48.22763443453082,48.22763443453082,48.22763443453082,48.22763443453082,48.22763443453082,1000000.0
FLINT,MAGNUM03,F,na,na,na,na,2025_03_11-09_22_56,na,4,68,Yes,1,na,48.22763443453082,396431.15505184466,337.59344104178416,33.0,49.0,62.0,,,,48.22763443453082,665493.1275620931,337.59344104178416,33.0,49.0,62.0,31.0,3.0,13.0,25.0,-1.0,10.0,16.0,-8.0,8.0,12.0,-11.0,6.0,7.0,-15.0,5.0,2.0,-20.0,0.0,5.0,-18.0,3.0,16.0,47.0,47.0,50.0,50.0,63.0,20.0,45.0,49.0,48.0,53.0,63.0,26.0,42.0,52.0,44.0,55.0,63.0,28.0,40.0,53.0,42.0,57.0,63.0,30.0,37.0,54.0,39.0,58.0,63.0,32.0,34.0,56.0,36.0,63.0,63.0,31.0,36.0,56.0,38.0,60.0,63.0,32.0,0.0,56.0,32.0,63.0,33.0,63.0,63.0,3.78847386214471,2.4566982073888997,2.7875224521907915,0.0,30.0,160.0,1109.2355919942117,1109.2355919942117,1109.2355919942117,1253.9184952978064,1302.1461297323344,1736.1948396431121,2700.747528333735,3617.07258258982,7861.104412828547,15191.704846877255,30335.18205931997,53195.080781287645,100699.30069930067,173715.93923318063,280443.69423679763,351434.77212442725,507740.5353267422,612635.6402218471,712418.6158668917,778586.9303110682,842826.1393778634,887388.4735953701,922064.1427537979,941692.7899686521,963539.9083674945,976898.9631058596,986496.2623583314,991704.8468772606,996431.1550518447,998649.626235833,999421.2683867855,999565.9512900892,1000000.0,1000000.0,1000000.0,1000000.0,1000000.0,1000000.0,1000000.0,1000000.0,1000000.0,1000000.0,1000000.0,1000000.0,1000000.0,1000000.0,1000000.0,1000000.0,1000000.0,1000000.0,1000000.0,1000000.0,1000000.0,1000000.0,1000000.0,1000000.0,1000000.0,1000000.0,1000000.0,1000000.0,1000000.0,1000000.0,1000000.0,1000000.0,0.0,0.0,0.0,0.0,0.0,0.0,0.0,0.0,0.0,0.0,0.0,0.0,0.0,0.0,0.0,0.0,0.0,0.0,0.0,0.0,0.0,0.0,0.0,0.0,0.0,0.0,0.0,0.0,0.0,0.0,0.0,0.0,48.22763443453082,96.4552688690621,385.82107547624787,434.04870991077877,1012.7803231251486,1736.1948396431121,3183.023872679041,5642.633228840121,10899.44538220399,19628.647214854085,37906.92066554136,63467.566915842755,133928.14082469256,230190.49915601642,401253.9184952978,517241.37931034475,730938.0274897517,850156.7398119121,936821.7988907644,970918.7364359779,990547.3836508319,996045.3339763684,999083.6749457439,999517.7236556546,1000000.0,1000000.0,1000000.0,1000000.0,1000000.0,1000000.0,1000000.0,1000000.0,0.0,0.0,0.0,0.0,0.0,0.0,0.0,0.0,0.0,0.0,0.0,0.0,0.0,0.0,0.0,0.0,0.0,0.0,0.0,0.0,0.0,0.0,0.0,0.0,0.0,0.0,0.0,0.0,0.0,0.0,0.0,0.0,0.0,48.22763443453082,48.22763443453082,96.4552688690621,337.59344104171646,434.04870991077877,1109.2355919942117,1591.5119363395213,2990.1133349409165,4967.446346756688,10224.25850012056,15577.525922353496,30962.141306968904,51892.93465155528,100795.7559681697,149746.8049192187,271135.76079093316,396479.3826862792,571931.5167591029,679623.8244514107,822522.305280926,899782.9756450446,961224.981914637,981239.4502049674,993296.3588136001,997154.5695683626,999131.9025801783,999421.2683867855,999614.1789245236,999662.4065589582,999710.6341933928,1000000.0,0.0,0.0,0.0,0.0,0.0,0.0,0.0,0.0,0.0,0.0,0.0,0.0,0.0,0.0,0.0,0.0,0.0,0.0,0.0,0.0,0.0,0.0,0.0,0.0,0.0,0.0,0.0,0.0,0.0,0.0,0.0,0.0,0.0,0.0,0.0,0.0,0.0,0.0,0.0,0.0,0.0,0.0,0.0,0.0,0.0,0.0,0.0,0.0,0.0,0.0,0.0,0.0,0.0,0.0,0.0,0.0,0.0,0.0,0.0,0.0,0.0,0.0,0.0,1000000.0
FLINT,MAGNUM03,F,na,na,na,na,2025_03_11-09_22_56,na,4,69,Yes,1,na,144.68290330359284,355148.2999758861,0.0,33.0,49.0,0.0,,,,192.9105377381648,643308.4157222088,0.0,33.0,49.0,0.0,30.0,3.0,13.0,24.0,-2.0,10.0,15.0,-8.0,7.0,11.0,-11.0,6.0,6.0,-16.0,4.0,2.0,-18.0,0.0,3.0,-18.0,3.0,17.0,47.0,47.0,50.0,50.0,63.0,21.0,45.0,50.0,48.0,53.0,63.0,26.0,41.0,52.0,44.0,56.0,63.0,28.0,39.0,53.0,42.0,57.0,63.0,30.0,36.0,55.0,39.0,59.0,63.0,32.0,34.0,56.0,38.0,63.0,63.0,32.0,35.0,56.0,38.0,60.0,63.0,33.0,0.0,58.0,30.0,63.0,36.0,63.0,0.0,3.8345079460477853,2.6096978297009175,2.859026918756611,0.4374894505865458,30.0,160.0,1784.4224740776426,1880.8777429467057,1977.3330118157653,1977.3330118157653,2122.0159151193625,2507.836990595609,2990.1133349409165,3424.1620448516924,6221.364842054485,11092.355919942114,23920.90667952736,43501.326259946945,86182.78273450685,155003.6170725826,259271.76272003853,318495.2978056426,480781.2876778394,591029.6599951772,695587.1714492404,762189.5346033276,827779.1174342898,874752.833373523,913334.9409211477,933397.6368459127,955341.2105136244,968941.4034241621,982011.0923559199,989727.5138654449,995948.8787074994,998360.2604292259,999469.4960212201,999517.7236556546,999951.7723655654,1000000.0,1000000.0,1000000.0,1000000.0,1000000.0,1000000.0,1000000.0,1000000.0,1000000.0,1000000.0,1000000.0,1000000.0,1000000.0,1000000.0,1000000.0,1000000.0,1000000.0,1000000.0,1000000.0,1000000.0,1000000.0,1000000.0,1000000.0,1000000.0,1000000.0,1000000.0,1000000.0,1000000.0,1000000.0,1000000.0,1000000.0,0.0,0.0,0.0,0.0,0.0,0.0,0.0,0.0,0.0,0.0,0.0,0.0,0.0,0.0,0.0,0.0,0.0,0.0,0.0,0.0,0.0,0.0,0.0,0.0,0.0,0.0,0.0,0.0,0.0,0.0,48.22763443453082,48.22763443453082,144.68290330359284,192.91053773812425,337.59344104171646,964.5526886906189,1784.4224740776426,3038.3409693754506,5112.12925006028,7957.559681697602,15047.021943573669,24933.687002652507,47745.35809018561,75620.93079334455,143139.61900168782,239739.57077405346,400096.45526886906,507402.94188570045,711839.8842536773,834820.3520617313,929539.4260911501,964166.8676151434,988618.2782734506,995997.1063419338,998697.8538702676,999469.4960212201,999903.5447311308,999951.7723655654,1000000.0,1000000.0,1000000.0,1000000.0,1000000.0,1000000.0,0.0,0.0,0.0,0.0,0.0,0.0,0.0,0.0,0.0,0.0,0.0,0.0,0.0,0.0,0.0,0.0,0.0,0.0,0.0,0.0,0.0,0.0,0.0,0.0,0.0,0.0,0.0,0.0,0.0,0.0,0.0,0.0,0.0,0.0,0.0,0.0,96.4552688690621,144.68290330359284,771.6421509524955,1398.601398601398,2893.6580660718573,4822.763443453095,10176.030865686038,16011.574632264283,31058.59657583795,50253.19508078129,93658.06607185923,139136.72534362177,244514.1065830721,355196.5276103206,525584.7600675187,632698.336146612,782541.5963346998,875235.1097178684,949843.2601880877,975500.3617072582,991174.3428984808,996141.7892452375,998601.3986013986,999276.585483482,999662.4065589582,999758.8618278273,999758.8618278273,1000000.0,48.22763443453082,48.22763443453082,48.22763443453082,48.22763443453082,48.22763443453082,48.22763443453082,48.22763443453082,48.22763443453082,48.22763443453082,48.22763443453082,48.22763443453082,48.22763443453082,48.22763443453082,48.22763443453082,48.22763443453082,48.22763443453082,48.22763443453082,48.22763443453082,48.22763443453082,48.22763443453082,48.22763443453082,48.22763443453082,48.22763443453082,48.22763443453082,48.22763443453082,48.22763443453082,48.22763443453082,48.22763443453082,48.22763443453082,48.22763443453082,48.22763443453082,48.22763443453082,48.22763443453082,48.22763443453082,48.22763443453082,48.22763443453082,48.22763443453082,48.22763443453082,48.22763443453082,48.22763443453082,48.22763443453082,48.22763443453082,48.22763443453082,48.22763443453082,48.22763443453082,48.22763443453082,48.22763443453082,48.22763443453082,48.22763443453082,48.22763443453082,48.22763443453082,48.22763443453082,48.22763443453082,48.22763443453082,48.22763443453082,48.22763443453082,48.22763443453082,48.22763443453082,48.22763443453082,48.22763443453082,48.22763443453082,48.22763443453082,48.22763443453082,1000000.0
FLINT,MAGNUM03,F,na,na,na,na,2025_03_11-09_22_56,na,4,70,Yes,1,na,144.68290330359284,167928.62310103685,192.91053773817794,30.0,48.0,61.0,,,,144.68290330359284,286375.69327224506,192.91053773817794,30.0,48.0,61.0,29.0,6.0,12.0,22.0,1.0,9.0,14.0,-4.0,7.0,11.0,-7.0,6.0,7.0,-12.0,5.0,3.0,-17.0,0.0,4.0,-14.0,4.0,16.0,45.0,45.0,51.0,51.0,63.0,20.0,42.0,47.0,48.0,54.0,63.0,25.0,39.0,49.0,45.0,56.0,63.0,26.0,37.0,50.0,43.0,57.0,63.0,27.0,34.0,52.0,40.0,58.0,63.0,29.0,32.0,54.0,37.0,63.0,63.0,28.0,32.0,53.0,39.0,59.0,63.0,30.0,0.0,60.0,30.0,63.0,34.0,63.0,63.0,3.622208220121027,2.552397040553761,2.677530635828154,0.0,30.0,160.0,3520.617313720762,3568.844948155295,3617.07258258982,3665.3002170243526,3713.527851458888,3906.438389197008,4244.031830238725,5449.72269110199,8777.42946708464,14950.566674704614,27537.979262117184,51555.3412105136,99059.56112852665,175548.58934169283,281118.8811188811,346129.7323366288,507210.0313479624,621798.8907644079,723800.337593441,792814.0824692548,854979.5032553653,901663.8533879913,937255.8476006752,956353.9908367494,977140.1012780323,989727.5138654449,995900.6510730648,998938.9920424403,999807.0894622619,1000000.0,1000000.0,1000000.0,1000000.0,1000000.0,1000000.0,1000000.0,1000000.0,1000000.0,1000000.0,1000000.0,1000000.0,1000000.0,1000000.0,1000000.0,1000000.0,1000000.0,1000000.0,1000000.0,1000000.0,1000000.0,1000000.0,1000000.0,1000000.0,1000000.0,1000000.0,1000000.0,1000000.0,1000000.0,1000000.0,1000000.0,1000000.0,1000000.0,1000000.0,1000000.0,0.0,0.0,0.0,0.0,0.0,0.0,0.0,0.0,0.0,0.0,0.0,0.0,0.0,0.0,0.0,0.0,0.0,0.0,0.0,0.0,0.0,0.0,0.0,0.0,0.0,0.0,0.0,0.0,0.0,0.0,192.91053773812425,192.91053773812425,675.1868820834334,1253.9184952978064,1977.3330118157653,2797.202797202796,5160.356884494808,8536.291294911978,17506.63129973476,30045.816252712804,60670.36411864006,108078.12876778394,203279.4791415481,305907.88521823,483289.12466843496,641572.2208825657,804002.8936580659,876006.7518688209,957800.8198697853,984711.8398842536,995466.602363154,998119.1222570533,999180.1302146129,999662.4065589582,999903.5447311308,999951.7723655654,1000000.0,1000000.0,1000000.0,1000000.0,1000000.0,1000000.0,1000000.0,1000000.0,0.0,0.0,0.0,0.0,0.0,0.0,0.0,0.0,0.0,0.0,0.0,0.0,0.0,0.0,0.0,0.0,0.0,0.0,0.0,0.0,0.0,0.0,0.0,0.0,0.0,0.0,0.0,0.0,0.0,0.0,0.0,0.0,0.0,0.0,48.22763443453082,48.22763443453082,96.4552688690621,241.13817217265407,530.5039787798403,626.959247648901,1398.601398601398,2411.3817217265464,4533.397636845913,7571.738606221362,16590.30624547866,29177.718832891253,59561.128526645756,90426.8145647455,167976.8507354714,264480.34723896784,421171.9315167591,541306.9688931757,718881.1188811188,834868.5796961659,932288.4012539185,967687.4849288642,989727.5138654449,995466.602363154,998890.7644080058,999565.9512900892,999807.0894622619,999855.3170966964,999855.3170966964,1000000.0,0.0,0.0,0.0,0.0,0.0,0.0,0.0,0.0,0.0,0.0,0.0,0.0,0.0,0.0,0.0,0.0,0.0,0.0,0.0,0.0,0.0,0.0,0.0,0.0,0.0,0.0,0.0,0.0,0.0,0.0,0.0,0.0,0.0,0.0,0.0,0.0,0.0,0.0,0.0,0.0,0.0,0.0,0.0,0.0,0.0,0.0,0.0,0.0,0.0,0.0,0.0,0.0,0.0,0.0,0.0,0.0,0.0,0.0,0.0,0.0,0.0,0.0,0.0,1000000.0
FLINT,MAGNUM03,F,na,na,na,na,2025_03_11-09_22_56,na,4,71,Yes,1,na,0.0,143380.75717386074,771.6421509525992,30.5,47.0,62.0,,,,0.0,237328.18905232713,771.6421509525992,30.5,47.0,62.0,28.0,7.0,12.0,22.0,2.0,10.0,15.0,-4.0,7.0,11.0,-7.0,6.0,8.0,-11.0,4.0,5.0,-19.0,0.0,6.0,-13.0,0.0,16.0,44.0,44.0,51.0,51.0,63.0,20.0,42.0,46.0,48.0,53.0,63.0,24.0,39.0,49.0,45.0,56.0,63.0,26.0,37.0,50.0,43.0,57.0,63.0,27.0,35.0,52.0,41.0,59.0,63.0,28.0,33.0,59.0,40.0,63.0,63.0,28.0,34.0,53.0,40.0,63.0,63.0,29.0,0.0,63.0,32.0,63.0,39.0,63.0,63.0,3.5517212790384027,2.4262310863486194,2.6011718891221434,0.0,30.0,160.0,2218.471183988428,2314.926452857486,2314.926452857486,2363.1540872920177,2556.0646250301406,2990.1133349409165,3665.3002170243526,4629.85290571497,7475.283337352298,15384.615384615381,31878.46636122496,59175.30745116957,101326.25994694955,184470.70171208106,292404.1475765613,359247.64890282124,513720.76199662406,626235.8331323848,733831.6855558236,797347.4801061009,858500.120569086,910344.827586207,944297.0822281167,965661.9242826139,981577.043646009,991656.6192428261,998215.5775259222,999324.8131179166,999903.5447311308,1000000.0,1000000.0,1000000.0,1000000.0,1000000.0,1000000.0,1000000.0,1000000.0,1000000.0,1000000.0,1000000.0,1000000.0,1000000.0,1000000.0,1000000.0,1000000.0,1000000.0,1000000.0,1000000.0,1000000.0,1000000.0,1000000.0,1000000.0,1000000.0,1000000.0,1000000.0,1000000.0,1000000.0,1000000.0,1000000.0,1000000.0,1000000.0,1000000.0,1000000.0,1000000.0,0.0,0.0,0.0,0.0,0.0,0.0,0.0,0.0,0.0,0.0,0.0,0.0,0.0,0.0,0.0,0.0,0.0,0.0,0.0,0.0,0.0,0.0,0.0,0.0,0.0,0.0,0.0,0.0,0.0,0.0,0.0,0.0,48.22763443453082,337.59344104171646,964.5526886906189,1639.7395707740552,3906.438389197008,8005.7873161321395,17892.452375210985,31540.872920183247,66698.81842295633,124620.20737882801,242199.18013021458,357270.31589100556,535278.5145888593,708994.45382204,856619.2428261392,919074.0294188571,975645.0446105618,992572.9442970823,997685.0735471424,998649.626235833,999324.8131179166,999565.9512900892,999662.4065589582,999710.6341933928,999807.0894622619,999807.0894622619,999855.3170966964,999903.5447311308,999951.7723655654,1000000.0,1000000.0,1000000.0,0.0,0.0,0.0,0.0,0.0,0.0,0.0,0.0,0.0,0.0,0.0,0.0,0.0,0.0,0.0,0.0,0.0,0.0,0.0,0.0,0.0,0.0,0.0,0.0,0.0,0.0,0.0,0.0,0.0,0.0,0.0,0.0,0.0,0.0,0.0,0.0,0.0,0.0,0.0,96.4552688690621,578.7316132143711,1495.056667470457,3858.2107547624714,6848.3240897033975,14612.973233662888,29033.035929587655,59561.128526645756,93995.65951290095,176464.91439594887,275862.0689655172,447359.53701470944,562671.8109476729,739136.7253436218,857873.161321437,946756.6915842778,976030.865686038,992765.8548348203,997347.4801061008,998697.8538702676,998987.2196768748,999131.9025801783,999228.3578490474,999276.585483482,1000000.0,0.0,0.0,0.0,0.0,0.0,0.0,0.0,0.0,0.0,0.0,0.0,0.0,0.0,0.0,0.0,0.0,0.0,0.0,0.0,0.0,0.0,0.0,0.0,0.0,0.0,0.0,0.0,0.0,0.0,0.0,0.0,0.0,0.0,0.0,0.0,0.0,0.0,0.0,0.0,0.0,0.0,0.0,0.0,0.0,0.0,0.0,0.0,0.0,0.0,0.0,0.0,0.0,0.0,0.0,0.0,0.0,0.0,0.0,0.0,0.0,0.0,0.0,0.0,1000000.0
FLINT,MAGNUM03,F,na,na,na,na,2025_03_11-09_22_56,na,4,72,Yes,1,na,0.0,96.4552688690621,48.22763443457198,32.5,34.0,60.0,,,,0.0,96.4552688690621,48.22763443457198,32.5,34.0,60.0,30.0,3.0,13.0,24.0,-3.0,11.0,16.0,-8.0,9.0,12.0,-11.0,7.0,9.0,-15.0,6.0,3.0,-21.0,4.0,7.0,-17.0,5.0,17.0,47.0,47.0,50.0,50.0,63.0,21.0,45.0,50.0,47.0,52.0,63.0,26.0,42.0,52.0,44.0,54.0,63.0,28.0,40.0,53.0,42.0,56.0,63.0,29.0,38.0,55.0,40.0,57.0,63.0,32.0,35.0,57.0,36.0,59.0,63.0,30.0,37.0,55.0,38.0,58.0,63.0,32.0,0.0,63.0,33.0,63.0,33.0,63.0,63.0,3.687861664195425,2.487469598314425,2.670056686501456,0.0,30.0,160.0,2025.5606462503029,2073.7882806848356,2170.2435495538875,2314.926452857486,2556.0646250301406,2604.2922594646707,2893.6580660718573,3520.617313720762,5015.673981191222,9211.4781769954,19049.915601639714,36556.54690137447,72534.36218953454,132095.4907161804,232023.14926452856,302628.40607668186,453966.72293224017,568603.8099831203,678900.4099348928,757800.8198697853,826718.1094767301,875090.4268145647,917048.4687726067,939474.3187846636,962961.1767542802,975355.6788039546,986303.3518205931,991656.6192428261,996624.0655895828,998890.7644080058,999758.8618278273,999855.3170966964,1000000.0,1000000.0,1000000.0,1000000.0,1000000.0,1000000.0,1000000.0,1000000.0,1000000.0,1000000.0,1000000.0,1000000.0,1000000.0,1000000.0,1000000.0,1000000.0,1000000.0,1000000.0,1000000.0,1000000.0,1000000.0,1000000.0,1000000.0,1000000.0,1000000.0,1000000.0,1000000.0,1000000.0,1000000.0,1000000.0,1000000.0,1000000.0,0.0,0.0,0.0,0.0,0.0,0.0,0.0,0.0,0.0,0.0,0.0,0.0,0.0,0.0,0.0,0.0,0.0,0.0,0.0,0.0,0.0,0.0,0.0,0.0,0.0,0.0,0.0,0.0,0.0,0.0,0.0,0.0,0.0,96.4552688690621,96.4552688690621,241.13817217265407,530.5039787798403,868.0974198215577,2122.0159151193625,3617.07258258982,9066.795273691821,18519.411622859883,39884.25367735713,67374.00530503978,135278.51458885937,233084.1572220882,400723.41451651795,510730.64866168314,713479.6238244514,838726.7904509284,931420.3038340969,967012.2980467808,988762.9611767542,996575.8379551483,998697.8538702676,999565.9512900892,999807.0894622619,999903.5447311308,999951.7723655654,999951.7723655654,999951.7723655654,999951.7723655654,999951.7723655654,1000000.0,0.0,0.0,0.0,0.0,0.0,0.0,0.0,0.0,0.0,0.0,0.0,0.0,0.0,0.0,0.0,0.0,0.0,0.0,0.0,0.0,0.0,0.0,0.0,0.0,0.0,0.0,0.0,0.0,0.0,0.0,0.0,0.0,0.0,96.4552688690621,144.68290330359284,144.68290330359284,337.59344104171646,434.04870991077877,723.414516517964,1350.373764166866,3134.7962382445157,5353.267422232942,12828.550759585236,19291.053773812408,40462.98529057147,69785.38702676633,137641.66867615152,207475.28333735233,352544.00771642145,499107.7887629611,679141.5481070653,777429.4670846395,890716.1803713527,946901.3744875814,982589.8239691342,992283.578490475,997251.0248372317,999228.3578490474,999855.3170966964,999951.7723655654,1000000.0,1000000.0,1000000.0,1000000.0,0.0,0.0,0.0,0.0,0.0,0.0,0.0,0.0,0.0,0.0,0.0,0.0,0.0,0.0,0.0,0.0,0.0,0.0,0.0,0.0,0.0,0.0,0.0,0.0,0.0,0.0,0.0,0.0,0.0,0.0,0.0,0.0,0.0,0.0,0.0,0.0,0.0,0.0,0.0,0.0,0.0,0.0,0.0,0.0,0.0,0.0,0.0,0.0,0.0,0.0,0.0,0.0,0.0,0.0,0.0,0.0,0.0,0.0,0.0,0.0,0.0,0.0,0.0,1000000.0
FLINT,MAGNUM03,F,na,na,na,na,2025_03_11-09_22_56,na,4,73,Yes,1,na,192.91053773812425,368844.948155293,192.91053773817794,34.0,48.0,60.0,,,,192.91053773812425,695394.2609115023,192.91053773817794,34.0,48.0,60.0,29.0,3.0,14.0,23.0,-2.0,11.0,16.0,-7.0,9.0,13.0,-10.0,7.0,8.0,-14.0,6.0,4.0,-19.0,0.0,7.0,-16.0,5.0,17.0,46.0,46.0,49.0,49.0,63.0,21.0,44.0,49.0,47.0,52.0,63.0,25.0,41.0,51.0,44.0,54.0,63.0,27.0,40.0,52.0,42.0,56.0,63.0,29.0,37.0,54.0,40.0,57.0,63.0,30.0,34.0,55.0,36.0,63.0,63.0,29.0,36.0,54.0,38.0,58.0,63.0,30.0,0.0,63.0,30.0,63.0,34.0,63.0,63.0,3.52829306078126,2.4037248486058185,2.591396903326473,0.0,30.0,160.0,1639.7395707740552,1880.8777429467057,1929.1053773812387,1977.3330118157653,1977.3330118157653,2073.7882806848356,2507.836990595609,2941.8857005063924,4340.487099107789,8198.697853870257,16976.1273209549,31926.693995659498,61924.282613937714,124813.11791656601,222136.48420544973,287002.6525198939,444851.70002411376,568652.0376175548,689462.2618760549,758717.1449240415,836363.6363636364,886954.4248854592,927320.9549071618,947528.3337352304,967060.5256812152,978586.9303110682,989148.7822522304,994019.7733301182,998022.6669881842,999758.8618278273,1000000.0,1000000.0,1000000.0,1000000.0,1000000.0,1000000.0,1000000.0,1000000.0,1000000.0,1000000.0,1000000.0,1000000.0,1000000.0,1000000.0,1000000.0,1000000.0,1000000.0,1000000.0,1000000.0,1000000.0,1000000.0,1000000.0,1000000.0,1000000.0,1000000.0,1000000.0,1000000.0,1000000.0,1000000.0,1000000.0,1000000.0,1000000.0,1000000.0,1000000.0,0.0,0.0,0.0,0.0,0.0,0.0,0.0,0.0,0.0,0.0,0.0,0.0,0.0,0.0,0.0,0.0,0.0,0.0,0.0,0.0,0.0,0.0,0.0,0.0,0.0,0.0,0.0,0.0,0.0,0.0,48.22763443453082,48.22763443453082,48.22763443453082,48.22763443453082,241.13817217265407,434.04870991077877,771.6421509524955,1398.601398601398,2990.1133349409165,4774.535809018565,11285.266457680242,23197.492163009418,52809.25970581137,92645.28574873394,186158.66891728956,312225.7053291536,511839.88425367733,631155.051844707,809115.0229081264,901760.3086568603,964166.8676151434,983554.3766578248,995466.602363154,998649.626235833,999758.8618278273,999951.7723655654,999951.7723655654,999951.7723655654,999951.7723655654,999951.7723655654,1000000.0,1000000.0,1000000.0,1000000.0,0.0,0.0,0.0,0.0,0.0,0.0,0.0,0.0,0.0,0.0,0.0,0.0,0.0,0.0,0.0,0.0,0.0,0.0,0.0,0.0,0.0,0.0,0.0,0.0,0.0,0.0,0.0,0.0,0.0,0.0,0.0,0.0,0.0,0.0,96.4552688690621,144.68290330359284,241.13817217265407,385.82107547624787,578.7316132143711,1012.7803231251486,2122.0159151193625,4340.487099107789,10176.030865686038,17699.54183747286,36026.04292259466,67470.46057390887,133976.3684591271,207282.3727996142,355389.4381480588,504991.56016397395,694477.9358572462,794646.7325777669,901229.8046780805,952495.7800819869,984036.6530021701,992476.4890282131,997877.9840848806,999035.4473113093,999710.6341933928,999807.0894622619,999855.3170966964,999855.3170966964,999855.3170966964,1000000.0,0.0,0.0,0.0,0.0,0.0,0.0,0.0,0.0,0.0,0.0,0.0,0.0,0.0,0.0,0.0,0.0,0.0,0.0,0.0,0.0,0.0,0.0,0.0,0.0,0.0,0.0,0.0,0.0,0.0,0.0,0.0,0.0,0.0,0.0,0.0,0.0,0.0,0.0,0.0,0.0,0.0,0.0,0.0,0.0,0.0,0.0,0.0,0.0,0.0,0.0,0.0,0.0,0.0,0.0,0.0,0.0,0.0,0.0,0.0,0.0,0.0,0.0,0.0,1000000.0
FLINT,MAGNUM03,F,na,na,na,na,2025_03_11-09_22_56,na,4,74,Yes,1,na,0.0,28840.12539184954,0.0,29.5,46.0,58.5,,,,0.0,44996.38292741746,0.0,29.5,46.0,58.5,24.0,10.0,12.0,19.0,5.0,10.0,14.0,1.0,8.0,12.0,-1.0,7.0,9.0,-5.0,6.0,6.0,-14.0,4.0,8.0,-7.0,5.0,17.0,41.0,41.0,51.0,51.0,63.0,20.0,39.0,44.0,49.0,53.0,63.0,23.0,37.0,45.0,46.0,55.0,63.0,24.0,36.0,46.0,45.0,56.0,63.0,25.0,34.0,48.0,43.0,57.0,63.0,26.0,32.0,55.0,41.0,57.0,61.0,25.0,33.0,49.0,42.0,57.0,62.0,29.0,0.0,63.0,30.0,58.0,39.0,63.0,59.0,4.04576355244411,2.122712634955054,2.1798735320885365,0.05930652303419363,30.0,160.0,29611.76754280201,29659.99517723655,29659.99517723655,29659.99517723655,29708.222811671083,29804.678080540147,29804.678080540147,30045.816252712804,30479.864962623575,31685.555823486833,35495.5389438148,43597.78152881599,61056.1851941162,104027.00747528338,174439.35374969855,228936.58066071858,385628.16493850976,524186.15866891725,672052.0858451893,761707.2582589823,851121.2925006027,918832.8912466844,965276.1032071377,986785.6281649384,997202.7972027971,999807.0894622619,1000000.0,1000000.0,1000000.0,1000000.0,1000000.0,1000000.0,1000000.0,1000000.0,1000000.0,1000000.0,1000000.0,1000000.0,1000000.0,1000000.0,1000000.0,1000000.0,1000000.0,1000000.0,1000000.0,1000000.0,1000000.0,1000000.0,1000000.0,1000000.0,1000000.0,1000000.0,1000000.0,1000000.0,1000000.0,1000000.0,1000000.0,1000000.0,1000000.0,1000000.0,1000000.0,1000000.0,1000000.0,1000000.0,0.0,0.0,0.0,0.0,0.0,0.0,0.0,0.0,0.0,0.0,0.0,0.0,0.0,0.0,0.0,0.0,0.0,0.0,0.0,0.0,0.0,0.0,0.0,0.0,0.0,0.0,0.0,0.0,0.0,0.0,96.4552688690621,96.4552688690621,482.27634434531,1061.0079575596806,2652.5198938992025,5883.771401012779,15239.932481311793,37617.55485893416,94236.79768507364,163877.50180853633,323269.8336146612,504075.2351097179,713865.4448999276,836170.7258258981,943525.4400771642,983843.742464432,996865.2037617555,998456.7156980949,999517.7236556546,999710.6341933928,999758.8618278273,999758.8618278273,999758.8618278273,999855.3170966964,999855.3170966964,999903.5447311308,999951.7723655654,999951.7723655654,999951.7723655654,999951.7723655654,999951.7723655654,1000000.0,1000000.0,1000000.0,0.0,0.0,0.0,0.0,0.0,0.0,0.0,0.0,0.0,0.0,0.0,0.0,0.0,0.0,0.0,0.0,0.0,0.0,0.0,0.0,0.0,0.0,0.0,0.0,0.0,0.0,0.0,0.0,0.0,0.0,0.0,0.0,0.0,0.0,0.0,0.0,0.0,0.0,0.0,48.22763443453082,96.4552688690621,241.13817217265407,916.3250542560885,1446.829033035929,4002.8936580660734,9790.2097902098,28888.35302628405,59754.03906438391,145165.1796479384,267470.46057390876,470364.1186399807,605980.2266698818,778249.3368700265,891536.0501567398,969423.6797685073,990595.6112852665,998553.1709669641,999903.5447311308,1000000.0,1000000.0,1000000.0,1000000.0,1000000.0,1000000.0,0.0,0.0,0.0,0.0,0.0,0.0,0.0,0.0,0.0,0.0,0.0,0.0,0.0,0.0,0.0,0.0,0.0,0.0,0.0,0.0,0.0,0.0,0.0,0.0,0.0,0.0,0.0,0.0,0.0,0.0,0.0,0.0,0.0,0.0,0.0,0.0,0.0,0.0,0.0,0.0,0.0,0.0,0.0,0.0,0.0,0.0,0.0,0.0,0.0,0.0,0.0,0.0,0.0,0.0,0.0,0.0,0.0,0.0,0.0,48.22763443453082,144.68290330359284,434.04870991077877,1157.4632264287443,1000000.0
FLINT,MAGNUM03,F,na,na,na,na,2025_03_11-09_22_56,na,4,75,Yes,1,na,48.22763443453082,154376.6578249337,144.68290330360517,30.0,47.0,60.0,,,,48.22763443453082,307788.76296117686,192.91053773812425,30.0,47.0,60.0,26.0,6.0,13.0,21.0,2.0,11.0,15.0,-4.0,9.0,12.0,-7.0,8.0,9.0,-10.0,7.0,4.0,-14.0,1.0,7.0,-12.0,5.0,18.0,44.0,44.0,50.0,50.0,63.0,21.0,42.0,46.0,48.0,52.0,63.0,25.0,40.0,49.0,45.0,54.0,63.0,26.0,38.0,50.0,43.0,55.0,63.0,27.0,36.0,51.0,41.0,56.0,63.0,29.0,33.0,53.0,39.0,60.0,61.0,28.0,35.0,52.0,40.0,58.0,63.0,29.0,0.0,63.0,29.0,63.0,37.0,63.0,57.0,3.3193135752256193,2.2974631766572697,2.3152094571003534,0.052424415251903674,30.0,160.0,3472.38967928623,3568.844948155295,3713.527851458888,3761.755485893413,3761.755485893413,3906.438389197008,4002.8936580660734,4099.348926935128,4436.942367976849,5208.58451892934,9115.022908126357,17120.81022425849,36267.1810947673,73836.50831926694,151338.3168555582,204099.3489269351,362382.4451410658,489124.6684350132,624162.0448517,711068.2421027247,808102.2425850012,869881.8422956354,920569.0860863273,945888.5941644561,974584.036653002,989438.1480588376,997588.6182782734,999276.585483482,999855.3170966964,1000000.0,1000000.0,1000000.0,1000000.0,1000000.0,1000000.0,1000000.0,1000000.0,1000000.0,1000000.0,1000000.0,1000000.0,1000000.0,1000000.0,1000000.0,1000000.0,1000000.0,1000000.0,1000000.0,1000000.0,1000000.0,1000000.0,1000000.0,1000000.0,1000000.0,1000000.0,1000000.0,1000000.0,1000000.0,1000000.0,1000000.0,1000000.0,1000000.0,1000000.0,1000000.0,0.0,0.0,0.0,0.0,0.0,0.0,0.0,0.0,0.0,0.0,0.0,0.0,0.0,0.0,0.0,0.0,0.0,0.0,0.0,0.0,0.0,0.0,0.0,0.0,0.0,0.0,0.0,0.0,0.0,48.22763443453082,96.4552688690621,96.4552688690621,144.68290330359284,241.13817217265407,385.82107547624787,771.6421509524955,2122.0159151193625,4485.170002411382,10658.30721003135,18326.501085121767,46250.3014227152,94140.3424162044,201109.23559199416,307595.8524234386,512563.2987701952,682035.2061731372,845623.3421750662,901953.2191945985,970098.8666505908,991222.5705329153,997492.1630094043,999180.1302146129,999565.9512900892,999903.5447311308,999951.7723655654,1000000.0,1000000.0,1000000.0,1000000.0,1000000.0,1000000.0,1000000.0,1000000.0,1000000.0,0.0,0.0,0.0,0.0,0.0,0.0,0.0,0.0,0.0,0.0,0.0,0.0,0.0,0.0,0.0,0.0,0.0,0.0,0.0,0.0,0.0,0.0,0.0,0.0,0.0,0.0,0.0,0.0,0.0,0.0,0.0,0.0,0.0,0.0,0.0,0.0,0.0,96.4552688690621,96.4552688690621,241.13817217265407,964.5526886906189,1784.4224740776426,4051.121292500604,7378.82806848324,19628.647214854085,39643.1155051845,94622.61876054984,153460.33277067766,299782.9756450445,461200.8680974198,682179.8890764408,788907.6440800577,905956.1128526645,956836.2671810947,986930.3110682421,994984.3260188088,998794.3091391367,999517.7236556546,999855.3170966964,999855.3170966964,999903.5447311308,999903.5447311308,999903.5447311308,1000000.0,0.0,0.0,0.0,0.0,0.0,0.0,0.0,0.0,0.0,0.0,0.0,0.0,0.0,0.0,0.0,0.0,0.0,0.0,0.0,0.0,0.0,0.0,0.0,0.0,0.0,0.0,0.0,0.0,0.0,0.0,0.0,0.0,0.0,0.0,0.0,0.0,0.0,0.0,0.0,0.0,0.0,0.0,0.0,0.0,0.0,0.0,0.0,0.0,0.0,0.0,0.0,0.0,0.0,0.0,0.0,0.0,0.0,48.22763443453082,48.22763443453082,48.22763443453082,96.4552688690621,241.13817217265407,241.13817217265407,1000000.0
FLINT,MAGNUM03,F,na,na,na,na,2025_03_11-09_22_56,na,4,76,Yes,1,na,0.0,63371.1116469737,1109.2355919942718,28.5,48.0,62.0,,,,0.0,91439.59488787079,1109.2355919942718,28.5,48.0,62.0,28.0,9.0,10.0,22.0,5.0,8.0,15.0,0.0,6.0,12.0,-4.0,5.0,9.0,-11.0,3.0,7.0,-22.0,0.0,8.0,-18.0,0.0,16.0,44.0,44.0,53.0,53.0,63.0,20.0,42.0,46.0,51.0,55.0,63.0,24.0,39.0,48.0,48.0,57.0,63.0,25.0,37.0,50.0,46.0,58.0,63.0,26.0,35.0,55.0,44.0,60.0,63.0,27.0,34.0,63.0,41.0,63.0,63.0,26.0,34.0,61.0,43.0,63.0,63.0,28.0,0.0,63.0,29.0,63.0,38.0,63.0,63.0,3.454337522567978,2.4445969205454454,2.359671035675015,0.0,30.0,160.0,3568.844948155295,3568.844948155295,3568.844948155295,3617.07258258982,3713.527851458888,3954.6660236315374,4388.714733542319,5883.771401012779,7861.104412828547,13841.331082710401,28888.35302628405,56426.33228840126,98673.74005305047,176657.824933687,282758.6206896552,366144.2006269592,510489.51048951043,633132.3848565228,731709.669640704,810079.5755968168,867952.7369182543,918109.4767301664,954183.7472871954,974005.3050397878,989679.2862310103,997685.0735471424,999614.1789245236,999951.7723655654,1000000.0,1000000.0,1000000.0,1000000.0,1000000.0,1000000.0,1000000.0,1000000.0,1000000.0,1000000.0,1000000.0,1000000.0,1000000.0,1000000.0,1000000.0,1000000.0,1000000.0,1000000.0,1000000.0,1000000.0,1000000.0,1000000.0,1000000.0,1000000.0,1000000.0,1000000.0,1000000.0,1000000.0,1000000.0,1000000.0,1000000.0,1000000.0,1000000.0,1000000.0,1000000.0,1000000.0,0.0,0.0,0.0,0.0,0.0,0.0,0.0,0.0,0.0,0.0,0.0,0.0,0.0,0.0,0.0,0.0,0.0,0.0,0.0,0.0,0.0,0.0,0.0,0.0,0.0,0.0,0.0,0.0,0.0,48.22763443453082,48.22763443453082,48.22763443453082,48.22763443453082,144.68290330359284,578.7316132143711,1495.056667470457,3134.7962382445157,7571.738606221362,17892.452375210985,35061.49023390402,72775.50036170722,139908.36749457443,256185.19411622858,382300.4581625271,566626.4769713045,733011.8157704364,875379.7926211719,936628.8883530262,979985.5317096696,992331.8061249095,996141.7892452375,997588.6182782734,998167.3498914879,998263.8051603568,998649.626235833,998842.5367735712,998938.9920424403,999180.1302146129,999324.8131179166,999373.040752351,999517.7236556546,999662.4065589582,999710.6341933928,1000000.0,0.0,0.0,0.0,0.0,0.0,0.0,0.0,0.0,0.0,0.0,0.0,0.0,0.0,0.0,0.0,0.0,0.0,0.0,0.0,0.0,0.0,0.0,0.0,0.0,0.0,0.0,0.0,0.0,0.0,0.0,0.0,0.0,0.0,0.0,0.0,0.0,0.0,0.0,48.22763443453082,48.22763443453082,192.91053773812425,289.36580660718624,434.04870991077877,578.7316132143711,1639.7395707740552,3375.934410417169,8922.112370388226,16783.21678321678,36170.72582589825,71473.3542319749,145985.0494333253,224596.09356161088,380323.12515071133,542657.3426573427,745695.6836267181,865878.9486375693,949312.756209308,982059.3199903545,995707.7405353268,997685.0735471424,998746.0815047021,998890.7644080058,998987.2196768748,1000000.0,0.0,0.0,0.0,0.0,0.0,0.0,0.0,0.0,0.0,0.0,0.0,0.0,0.0,0.0,0.0,0.0,0.0,0.0,0.0,0.0,0.0,0.0,0.0,0.0,0.0,0.0,0.0,0.0,0.0,0.0,0.0,0.0,0.0,0.0,0.0,0.0,0.0,0.0,0.0,0.0,0.0,0.0,0.0,0.0,0.0,0.0,0.0,0.0,0.0,0.0,0.0,0.0,0.0,0.0,0.0,0.0,0.0,0.0,0.0,0.0,0.0,0.0,0.0,1000000.0
FLINT,MAGNUM03,F,na,na,na,na,2025_03_11-09_22_56,na,4,77,Yes,1,na,1000000.0,1000000.0,1000000.0,1.5,22.0,35.666666666666664,,,,1000000.0,1000000.0,1000000.0,1.5,22.0,35.666666666666664,0.0,0.0,0.0,0.0,0.0,0.0,0.0,0.0,0.0,0.0,0.0,0.0,0.0,0.0,0.0,0.0,0.0,0.0,0.0,0.0,0.0,0.0,0.0,0.0,0.0,0.0,0.0,0.0,0.0,0.0,0.0,0.0,0.0,0.0,0.0,0.0,0.0,0.0,0.0,0.0,0.0,0.0,0.0,0.0,0.0,0.0,0.0,0.0,0.0,0.0,0.0,0.0,0.0,0.0,0.0,0.0,0.0,0.0,0.0,0.0,0.0,0.0,0.0,3.0,0.0,0.0,0.0,44.0,0.0,63.0,0.0,0.020832830980311703,0.0,0.3055481877112384,0.6186885949313039,30.0,160.0,1000000.0,1000000.0,1000000.0,1000000.0,1000000.0,1000000.0,1000000.0,1000000.0,1000000.0,1000000.0,1000000.0,1000000.0,1000000.0,1000000.0,1000000.0,1000000.0,1000000.0,1000000.0,1000000.0,1000000.0,1000000.0,1000000.0,1000000.0,1000000.0,1000000.0,1000000.0,1000000.0,1000000.0,1000000.0,1000000.0,1000000.0,1000000.0,1000000.0,1000000.0,1000000.0,1000000.0,1000000.0,1000000.0,1000000.0,1000000.0,1000000.0,1000000.0,1000000.0,1000000.0,1000000.0,1000000.0,1000000.0,1000000.0,1000000.0,1000000.0,1000000.0,1000000.0,1000000.0,1000000.0,1000000.0,1000000.0,1000000.0,1000000.0,1000000.0,1000000.0,1000000.0,1000000.0,1000000.0,1000000.0,1000000.0,1000000.0,1000000.0,1000000.0,1000000.0,1000000.0,1000000.0,1000000.0,1000000.0,1000000.0,1000000.0,1000000.0,1000000.0,1000000.0,1000000.0,1000000.0,1000000.0,1000000.0,1000000.0,1000000.0,1000000.0,1000000.0,1000000.0,1000000.0,1000000.0,1000000.0,1000000.0,1000000.0,1000000.0,1000000.0,1000000.0,1000000.0,1000000.0,1000000.0,1000000.0,1000000.0,1000000.0,1000000.0,1000000.0,1000000.0,1000000.0,1000000.0,1000000.0,1000000.0,1000000.0,1000000.0,1000000.0,1000000.0,1000000.0,1000000.0,1000000.0,1000000.0,1000000.0,1000000.0,1000000.0,1000000.0,1000000.0,1000000.0,1000000.0,1000000.0,1000000.0,1000000.0,1000000.0,1000000.0,1000000.0,1000000.0,1000000.0,1000000.0,1000000.0,1000000.0,1000000.0,1000000.0,1000000.0,1000000.0,1000000.0,1000000.0,1000000.0,1000000.0,1000000.0,1000000.0,1000000.0,1000000.0,1000000.0,1000000.0,1000000.0,1000000.0,1000000.0,1000000.0,1000000.0,1000000.0,1000000.0,1000000.0,1000000.0,1000000.0,1000000.0,1000000.0,1000000.0,1000000.0,1000000.0,1000000.0,1000000.0,1000000.0,1000000.0,1000000.0,1000000.0,1000000.0,1000000.0,1000000.0,1000000.0,1000000.0,1000000.0,1000000.0,1000000.0,1000000.0,1000000.0,1000000.0,1000000.0,1000000.0,1000000.0,1000000.0,1000000.0,1000000.0,1000000.0,1000000.0,1000000.0,1000000.0,1000000.0,1000000.0,999951.7723655654,999951.7723655654,999951.7723655654,999951.7723655654,999951.7723655654,999951.7723655654,999951.7723655654,999951.7723655654,999951.7723655654,999951.7723655654,999951.7723655654,999951.7723655654,999951.7723655654,999951.7723655654,999951.7723655654,999951.7723655654,999951.7723655654,999951.7723655654,999951.7723655654,999951.7723655654,999951.7723655654,999951.7723655654,999951.7723655654,999951.7723655654,999951.7723655654,999951.7723655654,999951.7723655654,999951.7723655654,999951.7723655654,999951.7723655654,999951.7723655654,999951.7723655654,999951.7723655654,999951.7723655654,999951.7723655654,999951.7723655654,999951.7723655654,999951.7723655654,999951.7723655654,999951.7723655654,999951.7723655654,999951.7723655654,999951.7723655654,999951.7723655654,999951.7723655654,999951.7723655654,999951.7723655654,999951.7723655654,999951.7723655654,999951.7723655654,999951.7723655654,999951.7723655654,999951.7723655654,999951.7723655654,999951.7723655654,999951.7723655654,999951.7723655654,999951.7723655654,999951.7723655654,999951.7723655654,999951.7723655654,999951.7723655654,999951.7723655654,1000000.0
