STEPPING,TESTER,SOCKET,BASE_REV,RUN_NAME,CURRENT_COMMIT,CURRENT_COMMIT_DATE,TEST_START_DATETIME,DIE_ID,MACRO,IO,ADC_CAL,TEST_SEQUENCE,TEST_NAME,LEVEL_01_XPOINT_PPM,LEVEL_12_XPOINT_PPM,LEVEL_23_XPOINT_PPM,LEVEL_01_XPOINT_ADC,LEVEL_12_XPOINT_ADC,LEVEL_23_XPOINT_ADC,LEVEL_01_XPOINT_EXT_PPM,LEVEL_12_XPOINT_EXT_PPM,LEVEL_23_XPOINT_EXT_PPM,LEVEL_01_XPOINT_SUM_PPM,LEVEL_12_XPOINT_SUM_PPM,LEVEL_23_XPOINT_SUM_PPM,LEVEL_01_XPOINT_SUM_ADC,LEVEL_12_XPOINT_SUM_ADC,LEVEL_23_XPOINT_SUM_ADC,LEVEL_01_0SIGMA_ADCRWB,LEVEL_12_0SIGMA_ADCRWB,LEVEL_23_0SIGMA_ADCRWB,LEVEL_01_M1SIGMA_ADCRWB,LEVEL_12_M1SIGMA_ADCRWB,LEVEL_23_M1SIGMA_ADCRWB,LEVEL_01_M2SIGMA_ADCRWB,LEVEL_12_M2SIGMA_ADCRWB,LEVEL_23_M2SIGMA_ADCRWB,LEVEL_01_M2P5SIGMA_ADCRWB,LEVEL_12_M2P5SIGMA_ADCRWB,LEVEL_23_M2P5SIGMA_ADCRWB,LEVEL_01_M3SIGMA_ADCRWB,LEVEL_12_M3SIGMA_ADCRWB,LEVEL_23_M3SIGMA_ADCRWB,LEVEL_01_170PPM_ADCRWB,LEVEL_12_170PPM_ADCRWB,LEVEL_23_170PPM_ADCRWB,LEVEL_01_500PPM_ADCRWB,LEVEL_12_500PPM_ADCRWB,LEVEL_23_500PPM_ADCRWB,LEVEL_01_0_0SIGMA_ADC,LEVEL_01_1_0SIGMA_ADC,LEVEL_12_1_0SIGMA_ADC,LEVEL_12_2_0SIGMA_ADC,LEVEL_23_2_0SIGMA_ADC,LEVEL_23_3_0SIGMA_ADC,LEVEL_01_0_M1SIGMA_ADC,LEVEL_01_1_M1SIGMA_ADC,LEVEL_12_1_M1SIGMA_ADC,LEVEL_12_2_M1SIGMA_ADC,LEVEL_23_2_M1SIGMA_ADC,LEVEL_23_3_M1SIGMA_ADC,LEVEL_01_0_M2SIGMA_ADC,LEVEL_01_1_M2SIGMA_ADC,LEVEL_12_1_M2SIGMA_ADC,LEVEL_12_2_M2SIGMA_ADC,LEVEL_23_2_M2SIGMA_ADC,LEVEL_23_3_M2SIGMA_ADC,LEVEL_01_0_M2P5SIGMA_ADC,LEVEL_01_1_M2P5SIGMA_ADC,LEVEL_12_1_M2P5SIGMA_ADC,LEVEL_12_2_M2P5SIGMA_ADC,LEVEL_23_2_M2P5SIGMA_ADC,LEVEL_23_3_M2P5SIGMA_ADC,LEVEL_01_0_M3SIGMA_ADC,LEVEL_01_1_M3SIGMA_ADC,LEVEL_12_1_M3SIGMA_ADC,LEVEL_12_2_M3SIGMA_ADC,LEVEL_23_2_M3SIGMA_ADC,LEVEL_23_3_M3SIGMA_ADC,LEVEL_01_0_170PPM_ADC,LEVEL_01_1_170PPM_ADC,LEVEL_12_1_170PPM_ADC,LEVEL_12_2_170PPM_ADC,LEVEL_23_2_170PPM_ADC,LEVEL_23_3_170PPM_ADC,LEVEL_01_0_500PPM_ADC,LEVEL_01_1_500PPM_ADC,LEVEL_12_1_500PPM_ADC,LEVEL_12_2_500PPM_ADC,LEVEL_23_2_500PPM_ADC,LEVEL_23_3_500PPM_ADC,LEVEL_0_MAXADC,LEVEL_0_MINADC,LEVEL_1_MAXADC,LEVEL_1_MINADC,LEVEL_2_MAXADC,LEVEL_2_MINADC,LEVEL_3_MAXADC,LEVEL_3_MINADC,LEVEL_0_DISTSIGMA,LEVEL_1_DISTSIGMA,LEVEL_2_DISTSIGMA,LEVEL_3_DISTSIGMA,ADC_0_COND_US,ADC_63_COND_US,LEVEL_0_0ADC_PPM,LEVEL_0_1ADC_PPM,LEVEL_0_2ADC_PPM,LEVEL_0_3ADC_PPM,LEVEL_0_4ADC_PPM,LEVEL_0_5ADC_PPM,LEVEL_0_6ADC_PPM,LEVEL_0_7ADC_PPM,LEVEL_0_8ADC_PPM,LEVEL_0_9ADC_PPM,LEVEL_0_10ADC_PPM,LEVEL_0_11ADC_PPM,LEVEL_0_12ADC_PPM,LEVEL_0_13ADC_PPM,LEVEL_0_14ADC_PPM,LEVEL_0_15ADC_PPM,LEVEL_0_16ADC_PPM,LEVEL_0_17ADC_PPM,LEVEL_0_18ADC_PPM,LEVEL_0_19ADC_PPM,LEVEL_0_20ADC_PPM,LEVEL_0_21ADC_PPM,LEVEL_0_22ADC_PPM,LEVEL_0_23ADC_PPM,LEVEL_0_24ADC_PPM,LEVEL_0_25ADC_PPM,LEVEL_0_26ADC_PPM,LEVEL_0_27ADC_PPM,LEVEL_0_28ADC_PPM,LEVEL_0_29ADC_PPM,LEVEL_0_30ADC_PPM,LEVEL_0_31ADC_PPM,LEVEL_0_32ADC_PPM,LEVEL_0_33ADC_PPM,LEVEL_0_34ADC_PPM,LEVEL_0_35ADC_PPM,LEVEL_0_36ADC_PPM,LEVEL_0_37ADC_PPM,LEVEL_0_38ADC_PPM,LEVEL_0_39ADC_PPM,LEVEL_0_40ADC_PPM,LEVEL_0_41ADC_PPM,LEVEL_0_42ADC_PPM,LEVEL_0_43ADC_PPM,LEVEL_0_44ADC_PPM,LEVEL_0_45ADC_PPM,LEVEL_0_46ADC_PPM,LEVEL_0_47ADC_PPM,LEVEL_0_48ADC_PPM,LEVEL_0_49ADC_PPM,LEVEL_0_50ADC_PPM,LEVEL_0_51ADC_PPM,LEVEL_0_52ADC_PPM,LEVEL_0_53ADC_PPM,LEVEL_0_54ADC_PPM,LEVEL_0_55ADC_PPM,LEVEL_0_56ADC_PPM,LEVEL_0_57ADC_PPM,LEVEL_0_58ADC_PPM,LEVEL_0_59ADC_PPM,LEVEL_0_60ADC_PPM,LEVEL_0_61ADC_PPM,LEVEL_0_62ADC_PPM,LEVEL_0_63ADC_PPM,LEVEL_1_0ADC_PPM,LEVEL_1_1ADC_PPM,LEVEL_1_2ADC_PPM,LEVEL_1_3ADC_PPM,LEVEL_1_4ADC_PPM,LEVEL_1_5ADC_PPM,LEVEL_1_6ADC_PPM,LEVEL_1_7ADC_PPM,LEVEL_1_8ADC_PPM,LEVEL_1_9ADC_PPM,LEVEL_1_10ADC_PPM,LEVEL_1_11ADC_PPM,LEVEL_1_12ADC_PPM,LEVEL_1_13ADC_PPM,LEVEL_1_14ADC_PPM,LEVEL_1_15ADC_PPM,LEVEL_1_16ADC_PPM,LEVEL_1_17ADC_PPM,LEVEL_1_18ADC_PPM,LEVEL_1_19ADC_PPM,LEVEL_1_20ADC_PPM,LEVEL_1_21ADC_PPM,LEVEL_1_22ADC_PPM,LEVEL_1_23ADC_PPM,LEVEL_1_24ADC_PPM,LEVEL_1_25ADC_PPM,LEVEL_1_26ADC_PPM,LEVEL_1_27ADC_PPM,LEVEL_1_28ADC_PPM,LEVEL_1_29ADC_PPM,LEVEL_1_30ADC_PPM,LEVEL_1_31ADC_PPM,LEVEL_1_32ADC_PPM,LEVEL_1_33ADC_PPM,LEVEL_1_34ADC_PPM,LEVEL_1_35ADC_PPM,LEVEL_1_36ADC_PPM,LEVEL_1_37ADC_PPM,LEVEL_1_38ADC_PPM,LEVEL_1_39ADC_PPM,LEVEL_1_40ADC_PPM,LEVEL_1_41ADC_PPM,LEVEL_1_42ADC_PPM,LEVEL_1_43ADC_PPM,LEVEL_1_44ADC_PPM,LEVEL_1_45ADC_PPM,LEVEL_1_46ADC_PPM,LEVEL_1_47ADC_PPM,LEVEL_1_48ADC_PPM,LEVEL_1_49ADC_PPM,LEVEL_1_50ADC_PPM,LEVEL_1_51ADC_PPM,LEVEL_1_52ADC_PPM,LEVEL_1_53ADC_PPM,LEVEL_1_54ADC_PPM,LEVEL_1_55ADC_PPM,LEVEL_1_56ADC_PPM,LEVEL_1_57ADC_PPM,LEVEL_1_58ADC_PPM,LEVEL_1_59ADC_PPM,LEVEL_1_60ADC_PPM,LEVEL_1_61ADC_PPM,LEVEL_1_62ADC_PPM,LEVEL_1_63ADC_PPM,LEVEL_2_0ADC_PPM,LEVEL_2_1ADC_PPM,LEVEL_2_2ADC_PPM,LEVEL_2_3ADC_PPM,LEVEL_2_4ADC_PPM,LEVEL_2_5ADC_PPM,LEVEL_2_6ADC_PPM,LEVEL_2_7ADC_PPM,LEVEL_2_8ADC_PPM,LEVEL_2_9ADC_PPM,LEVEL_2_10ADC_PPM,LEVEL_2_11ADC_PPM,LEVEL_2_12ADC_PPM,LEVEL_2_13ADC_PPM,LEVEL_2_14ADC_PPM,LEVEL_2_15ADC_PPM,LEVEL_2_16ADC_PPM,LEVEL_2_17ADC_PPM,LEVEL_2_18ADC_PPM,LEVEL_2_19ADC_PPM,LEVEL_2_20ADC_PPM,LEVEL_2_21ADC_PPM,LEVEL_2_22ADC_PPM,LEVEL_2_23ADC_PPM,LEVEL_2_24ADC_PPM,LEVEL_2_25ADC_PPM,LEVEL_2_26ADC_PPM,LEVEL_2_27ADC_PPM,LEVEL_2_28ADC_PPM,LEVEL_2_29ADC_PPM,LEVEL_2_30ADC_PPM,LEVEL_2_31ADC_PPM,LEVEL_2_32ADC_PPM,LEVEL_2_33ADC_PPM,LEVEL_2_34ADC_PPM,LEVEL_2_35ADC_PPM,LEVEL_2_36ADC_PPM,LEVEL_2_37ADC_PPM,LEVEL_2_38ADC_PPM,LEVEL_2_39ADC_PPM,LEVEL_2_40ADC_PPM,LEVEL_2_41ADC_PPM,LEVEL_2_42ADC_PPM,LEVEL_2_43ADC_PPM,LEVEL_2_44ADC_PPM,LEVEL_2_45ADC_PPM,LEVEL_2_46ADC_PPM,LEVEL_2_47ADC_PPM,LEVEL_2_48ADC_PPM,LEVEL_2_49ADC_PPM,LEVEL_2_50ADC_PPM,LEVEL_2_51ADC_PPM,LEVEL_2_52ADC_PPM,LEVEL_2_53ADC_PPM,LEVEL_2_54ADC_PPM,LEVEL_2_55ADC_PPM,LEVEL_2_56ADC_PPM,LEVEL_2_57ADC_PPM,LEVEL_2_58ADC_PPM,LEVEL_2_59ADC_PPM,LEVEL_2_60ADC_PPM,LEVEL_2_61ADC_PPM,LEVEL_2_62ADC_PPM,LEVEL_2_63ADC_PPM,LEVEL_3_0ADC_PPM,LEVEL_3_1ADC_PPM,LEVEL_3_2ADC_PPM,LEVEL_3_3ADC_PPM,LEVEL_3_4ADC_PPM,LEVEL_3_5ADC_PPM,LEVEL_3_6ADC_PPM,LEVEL_3_7ADC_PPM,LEVEL_3_8ADC_PPM,LEVEL_3_9ADC_PPM,LEVEL_3_10ADC_PPM,LEVEL_3_11ADC_PPM,LEVEL_3_12ADC_PPM,LEVEL_3_13ADC_PPM,LEVEL_3_14ADC_PPM,LEVEL_3_15ADC_PPM,LEVEL_3_16ADC_PPM,LEVEL_3_17ADC_PPM,LEVEL_3_18ADC_PPM,LEVEL_3_19ADC_PPM,LEVEL_3_20ADC_PPM,LEVEL_3_21ADC_PPM,LEVEL_3_22ADC_PPM,LEVEL_3_23ADC_PPM,LEVEL_3_24ADC_PPM,LEVEL_3_25ADC_PPM,LEVEL_3_26ADC_PPM,LEVEL_3_27ADC_PPM,LEVEL_3_28ADC_PPM,LEVEL_3_29ADC_PPM,LEVEL_3_30ADC_PPM,LEVEL_3_31ADC_PPM,LEVEL_3_32ADC_PPM,LEVEL_3_33ADC_PPM,LEVEL_3_34ADC_PPM,LEVEL_3_35ADC_PPM,LEVEL_3_36ADC_PPM,LEVEL_3_37ADC_PPM,LEVEL_3_38ADC_PPM,LEVEL_3_39ADC_PPM,LEVEL_3_40ADC_PPM,LEVEL_3_41ADC_PPM,LEVEL_3_42ADC_PPM,LEVEL_3_43ADC_PPM,LEVEL_3_44ADC_PPM,LEVEL_3_45ADC_PPM,LEVEL_3_46ADC_PPM,LEVEL_3_47ADC_PPM,LEVEL_3_48ADC_PPM,LEVEL_3_49ADC_PPM,LEVEL_3_50ADC_PPM,LEVEL_3_51ADC_PPM,LEVEL_3_52ADC_PPM,LEVEL_3_53ADC_PPM,LEVEL_3_54ADC_PPM,LEVEL_3_55ADC_PPM,LEVEL_3_56ADC_PPM,LEVEL_3_57ADC_PPM,LEVEL_3_58ADC_PPM,LEVEL_3_59ADC_PPM,LEVEL_3_60ADC_PPM,LEVEL_3_61ADC_PPM,LEVEL_3_62ADC_PPM,LEVEL_3_63ADC_PPM
FLINT,MAGNUM03,F,na,na,na,na,2025_03_11-15_02_56,na,1,0,Yes,1,na,0.0,0.0,0.0,13.0,42.0,0.0,,,,0.0,0.0,0.0,13.0,42.0,0.0,33.0,21.0,9.0,31.0,18.0,9.0,28.0,14.0,7.0,26.0,13.0,7.0,25.0,10.0,1.0,23.0,6.0,-2.0,24.0,9.0,-1.0,0.0,33.0,33.0,54.0,54.0,63.0,0.0,31.0,34.0,52.0,54.0,63.0,0.0,28.0,36.0,50.0,56.0,63.0,0.0,26.0,37.0,50.0,56.0,63.0,0.0,25.0,38.0,48.0,61.0,62.0,0.0,23.0,40.0,46.0,63.0,61.0,0.0,24.0,39.0,48.0,63.0,62.0,6.0,0.0,40.0,20.0,63.0,44.0,63.0,0.0,0.042240057545105215,2.001979548838677,1.357436207379839,0.4430277632960071,30.0,160.0,999951.7723655654,1000000.0,1000000.0,1000000.0,1000000.0,1000000.0,1000000.0,1000000.0,1000000.0,1000000.0,1000000.0,1000000.0,1000000.0,1000000.0,1000000.0,1000000.0,1000000.0,1000000.0,1000000.0,1000000.0,1000000.0,1000000.0,1000000.0,1000000.0,1000000.0,1000000.0,1000000.0,1000000.0,1000000.0,1000000.0,1000000.0,1000000.0,1000000.0,1000000.0,1000000.0,1000000.0,1000000.0,1000000.0,1000000.0,1000000.0,1000000.0,1000000.0,1000000.0,1000000.0,1000000.0,1000000.0,1000000.0,1000000.0,1000000.0,1000000.0,1000000.0,1000000.0,1000000.0,1000000.0,1000000.0,1000000.0,1000000.0,1000000.0,1000000.0,1000000.0,1000000.0,1000000.0,1000000.0,1000000.0,0.0,0.0,0.0,0.0,0.0,0.0,0.0,0.0,0.0,0.0,0.0,0.0,0.0,0.0,0.0,0.0,0.0,0.0,0.0,0.0,48.22763443453082,144.68290330359284,192.91053773812425,434.04870991077877,1157.4632264287443,2411.3817217265464,6510.730648661682,12298.046780805396,33421.750663129984,67422.2329394743,153894.38148058843,206510.73064866164,488449.4815529298,661007.9575596816,858741.2587412588,934844.4658789486,985724.6202073788,996382.9274174101,999373.040752351,999855.3170966964,1000000.0,1000000.0,1000000.0,1000000.0,1000000.0,1000000.0,1000000.0,1000000.0,1000000.0,1000000.0,1000000.0,1000000.0,1000000.0,1000000.0,1000000.0,1000000.0,1000000.0,1000000.0,1000000.0,1000000.0,1000000.0,1000000.0,1000000.0,1000000.0,0.0,0.0,0.0,0.0,0.0,0.0,0.0,0.0,0.0,0.0,0.0,0.0,0.0,0.0,0.0,0.0,0.0,0.0,0.0,0.0,0.0,0.0,0.0,0.0,0.0,0.0,0.0,0.0,0.0,0.0,0.0,0.0,0.0,0.0,0.0,0.0,0.0,0.0,0.0,0.0,0.0,0.0,0.0,0.0,48.22763443453082,48.22763443453082,241.13817217265407,482.27634434531,1929.1053773812387,5883.771401012779,30479.864962623575,70894.62261876056,246250.3014227152,498046.7808054015,860284.5430431637,960405.1121292501,995755.9681697612,997443.9353749697,997733.301181577,997877.9840848806,998553.1709669641,999035.4473113093,999421.2683867855,1000000.0,48.22763443453082,48.22763443453082,48.22763443453082,48.22763443453082,48.22763443453082,48.22763443453082,48.22763443453082,48.22763443453082,48.22763443453082,48.22763443453082,48.22763443453082,48.22763443453082,48.22763443453082,48.22763443453082,48.22763443453082,48.22763443453082,48.22763443453082,48.22763443453082,48.22763443453082,48.22763443453082,48.22763443453082,48.22763443453082,48.22763443453082,48.22763443453082,48.22763443453082,48.22763443453082,48.22763443453082,48.22763443453082,48.22763443453082,48.22763443453082,48.22763443453082,48.22763443453082,48.22763443453082,48.22763443453082,48.22763443453082,48.22763443453082,48.22763443453082,48.22763443453082,48.22763443453082,48.22763443453082,48.22763443453082,48.22763443453082,48.22763443453082,48.22763443453082,48.22763443453082,48.22763443453082,48.22763443453082,48.22763443453082,48.22763443453082,48.22763443453082,48.22763443453082,48.22763443453082,48.22763443453082,48.22763443453082,48.22763443453082,48.22763443453082,48.22763443453082,48.22763443453082,48.22763443453082,48.22763443453082,96.4552688690621,337.59344104171646,3858.2107547624714,1000000.0
FLINT,MAGNUM03,F,na,na,na,na,2025_03_11-15_02_56,na,1,1,Yes,1,na,0.0,675.1868820834334,289.36580660721114,15.5,44.0,58.0,,,,0.0,819.8697853870481,289.36580660721114,15.5,44.0,58.0,32.0,20.0,11.0,30.0,16.0,9.0,25.0,12.0,7.0,21.0,9.0,7.0,17.0,5.0,6.0,12.0,-9.0,5.0,15.0,-2.0,6.0,0.0,32.0,32.0,52.0,52.0,63.0,0.0,30.0,34.0,50.0,54.0,63.0,2.0,27.0,36.0,48.0,56.0,63.0,4.0,25.0,38.0,47.0,56.0,63.0,5.0,22.0,40.0,45.0,57.0,63.0,7.0,19.0,53.0,44.0,58.0,63.0,6.0,21.0,46.0,44.0,57.0,63.0,13.0,0.0,60.0,18.0,63.0,40.0,63.0,63.0,0.5334515600590508,2.4223592783949215,1.9034491022943059,0.0,30.0,160.0,957029.1777188329,971304.5575114541,985387.0267663371,991945.9850494333,998022.6669881842,999421.2683867855,999855.3170966964,999903.5447311308,1000000.0,1000000.0,1000000.0,1000000.0,1000000.0,1000000.0,1000000.0,1000000.0,1000000.0,1000000.0,1000000.0,1000000.0,1000000.0,1000000.0,1000000.0,1000000.0,1000000.0,1000000.0,1000000.0,1000000.0,1000000.0,1000000.0,1000000.0,1000000.0,1000000.0,1000000.0,1000000.0,1000000.0,1000000.0,1000000.0,1000000.0,1000000.0,1000000.0,1000000.0,1000000.0,1000000.0,1000000.0,1000000.0,1000000.0,1000000.0,1000000.0,1000000.0,1000000.0,1000000.0,1000000.0,1000000.0,1000000.0,1000000.0,1000000.0,1000000.0,1000000.0,1000000.0,1000000.0,1000000.0,1000000.0,1000000.0,0.0,0.0,0.0,0.0,0.0,0.0,0.0,0.0,0.0,0.0,0.0,0.0,0.0,0.0,0.0,0.0,0.0,0.0,96.4552688690621,241.13817217265407,385.82107547624787,819.8697853870253,1880.8777429467057,2652.5198938992025,5353.267422232942,10079.575596816969,20930.793344586447,35929.587653725575,77115.98746081503,135278.51458885937,236942.3679768508,263998.0708946226,589920.424403183,736532.4330841572,876440.8005787317,934313.9619001688,978972.7513865444,991656.6192428261,997395.7077405354,998553.1709669641,999083.6749457439,999228.3578490474,999324.8131179166,999373.040752351,999421.2683867855,999469.4960212201,999614.1789245236,999662.4065589582,999758.8618278273,999758.8618278273,999758.8618278273,999807.0894622619,999855.3170966964,999903.5447311308,999951.7723655654,999951.7723655654,1000000.0,1000000.0,1000000.0,1000000.0,1000000.0,1000000.0,1000000.0,1000000.0,0.0,0.0,0.0,0.0,0.0,0.0,0.0,0.0,0.0,0.0,0.0,0.0,0.0,0.0,0.0,0.0,0.0,0.0,0.0,0.0,0.0,0.0,0.0,0.0,0.0,0.0,0.0,0.0,0.0,0.0,0.0,0.0,0.0,0.0,0.0,0.0,0.0,0.0,0.0,0.0,48.22763443453082,48.22763443453082,96.4552688690621,192.91053773812425,723.414516517964,1495.056667470457,5401.495056667472,10561.851941162287,37135.27851458886,84398.3602604293,203279.4791415481,316180.3713527851,547624.7890040993,738847.3595370146,921003.134796238,974439.3537496985,997009.886665059,999710.6341933928,999951.7723655654,999951.7723655654,999951.7723655654,999951.7723655654,999951.7723655654,1000000.0,0.0,0.0,0.0,0.0,0.0,0.0,0.0,0.0,0.0,0.0,0.0,0.0,0.0,0.0,0.0,0.0,0.0,0.0,0.0,0.0,0.0,0.0,0.0,0.0,0.0,0.0,0.0,0.0,0.0,0.0,0.0,0.0,0.0,0.0,0.0,0.0,0.0,0.0,0.0,0.0,0.0,0.0,0.0,0.0,0.0,0.0,0.0,0.0,0.0,0.0,0.0,0.0,0.0,0.0,0.0,0.0,0.0,0.0,0.0,0.0,0.0,0.0,0.0,1000000.0
FLINT,MAGNUM03,F,na,na,na,na,2025_03_11-15_02_56,na,1,2,Yes,1,na,0.0,144.68290330359284,48.22763443453082,14.5,44.0,0.0,,,,0.0,144.68290330359284,48.22763443453082,14.5,44.0,0.0,32.0,20.0,11.0,30.0,16.0,9.0,26.0,12.0,7.0,22.0,10.0,7.0,18.0,6.0,6.0,14.0,-11.0,1.0,16.0,-5.0,5.0,0.0,32.0,32.0,52.0,52.0,63.0,0.0,30.0,34.0,50.0,54.0,63.0,1.0,27.0,36.0,48.0,56.0,63.0,3.0,25.0,38.0,48.0,56.0,63.0,5.0,23.0,40.0,46.0,57.0,63.0,6.0,20.0,56.0,45.0,62.0,63.0,6.0,22.0,50.0,45.0,58.0,63.0,10.0,0.0,60.0,19.0,63.0,44.0,63.0,0.0,0.454010011450051,2.374978566432777,1.812778515557973,0.6186885949313036,30.0,160.0,970147.0942850253,979985.5317096696,990306.2454786592,994116.2285989872,998022.6669881842,999324.8131179166,999903.5447311308,1000000.0,1000000.0,1000000.0,1000000.0,1000000.0,1000000.0,1000000.0,1000000.0,1000000.0,1000000.0,1000000.0,1000000.0,1000000.0,1000000.0,1000000.0,1000000.0,1000000.0,1000000.0,1000000.0,1000000.0,1000000.0,1000000.0,1000000.0,1000000.0,1000000.0,1000000.0,1000000.0,1000000.0,1000000.0,1000000.0,1000000.0,1000000.0,1000000.0,1000000.0,1000000.0,1000000.0,1000000.0,1000000.0,1000000.0,1000000.0,1000000.0,1000000.0,1000000.0,1000000.0,1000000.0,1000000.0,1000000.0,1000000.0,1000000.0,1000000.0,1000000.0,1000000.0,1000000.0,1000000.0,1000000.0,1000000.0,1000000.0,0.0,0.0,0.0,0.0,0.0,0.0,0.0,0.0,0.0,0.0,0.0,0.0,0.0,0.0,0.0,0.0,0.0,0.0,0.0,96.4552688690621,289.36580660718624,289.36580660718624,771.6421509524955,1398.601398601398,4002.8936580660734,7571.738606221362,17892.452375210985,29852.905714974695,64094.526163491675,116421.50952495773,221750.6631299735,252712.8044369424,563250.5425608874,714347.7212442729,870364.1186399808,933397.6368459127,977525.9223535085,991994.2126838678,997347.4801061008,998263.8051603568,998890.7644080058,999035.4473113093,999035.4473113093,999131.9025801783,999131.9025801783,999180.1302146129,999276.585483482,999324.8131179166,999373.040752351,999517.7236556546,999565.9512900892,999614.1789245236,999710.6341933928,999758.8618278273,999758.8618278273,999855.3170966964,999951.7723655654,999951.7723655654,999951.7723655654,1000000.0,1000000.0,1000000.0,1000000.0,1000000.0,0.0,0.0,0.0,0.0,0.0,0.0,0.0,0.0,0.0,0.0,0.0,0.0,0.0,0.0,0.0,0.0,0.0,0.0,0.0,0.0,0.0,0.0,0.0,0.0,0.0,0.0,0.0,0.0,0.0,0.0,0.0,0.0,0.0,0.0,0.0,0.0,0.0,0.0,0.0,0.0,0.0,0.0,0.0,0.0,192.91053773812425,626.959247648901,1929.1053773812387,5449.72269110199,25271.280443694228,62406.55895828314,166819.38750904263,271135.76079093316,502049.6744634675,705232.6983361465,910923.5591994213,970002.4113817217,997058.1142994935,999276.585483482,999758.8618278273,999807.0894622619,999855.3170966964,999855.3170966964,999903.5447311308,1000000.0,96.4552688690621,96.4552688690621,96.4552688690621,96.4552688690621,96.4552688690621,96.4552688690621,96.4552688690621,96.4552688690621,96.4552688690621,96.4552688690621,96.4552688690621,96.4552688690621,96.4552688690621,96.4552688690621,96.4552688690621,96.4552688690621,96.4552688690621,96.4552688690621,96.4552688690621,96.4552688690621,96.4552688690621,96.4552688690621,96.4552688690621,96.4552688690621,96.4552688690621,96.4552688690621,96.4552688690621,96.4552688690621,96.4552688690621,96.4552688690621,96.4552688690621,96.4552688690621,96.4552688690621,96.4552688690621,96.4552688690621,96.4552688690621,96.4552688690621,96.4552688690621,96.4552688690621,96.4552688690621,96.4552688690621,96.4552688690621,96.4552688690621,96.4552688690621,96.4552688690621,96.4552688690621,96.4552688690621,96.4552688690621,96.4552688690621,96.4552688690621,96.4552688690621,96.4552688690621,96.4552688690621,96.4552688690621,96.4552688690621,96.4552688690621,96.4552688690621,96.4552688690621,96.4552688690621,96.4552688690621,96.4552688690621,96.4552688690621,96.4552688690621,1000000.0
FLINT,MAGNUM03,F,na,na,na,na,2025_03_11-15_02_56,na,1,3,Yes,1,na,0.0,1736.1948396431546,0.0,11.0,44.0,0.0,,,,0.0,2122.015915119428,0.0,11.0,44.0,0.0,32.0,20.0,11.0,30.0,16.0,9.0,24.0,11.0,7.0,20.0,8.0,6.0,17.0,-4.0,0.0,13.0,-14.0,0.0,15.0,-9.0,0.0,0.0,32.0,32.0,52.0,52.0,63.0,0.0,30.0,34.0,50.0,54.0,63.0,2.0,26.0,37.0,48.0,56.0,63.0,4.0,24.0,38.0,46.0,57.0,63.0,5.0,22.0,49.0,45.0,63.0,63.0,6.0,19.0,57.0,43.0,63.0,63.0,5.0,20.0,53.0,44.0,63.0,63.0,8.0,0.0,60.0,14.0,63.0,41.0,63.0,0.0,0.5078512436417872,2.6207603596278255,2.1107669401328386,0.4374894505865458,30.0,160.0,960405.1121292501,973185.4352544007,987316.1321437183,991945.9850494333,997974.4393537496,999614.1789245236,999951.7723655654,1000000.0,1000000.0,1000000.0,1000000.0,1000000.0,1000000.0,1000000.0,1000000.0,1000000.0,1000000.0,1000000.0,1000000.0,1000000.0,1000000.0,1000000.0,1000000.0,1000000.0,1000000.0,1000000.0,1000000.0,1000000.0,1000000.0,1000000.0,1000000.0,1000000.0,1000000.0,1000000.0,1000000.0,1000000.0,1000000.0,1000000.0,1000000.0,1000000.0,1000000.0,1000000.0,1000000.0,1000000.0,1000000.0,1000000.0,1000000.0,1000000.0,1000000.0,1000000.0,1000000.0,1000000.0,1000000.0,1000000.0,1000000.0,1000000.0,1000000.0,1000000.0,1000000.0,1000000.0,1000000.0,1000000.0,1000000.0,1000000.0,0.0,0.0,0.0,0.0,0.0,0.0,0.0,0.0,0.0,0.0,0.0,0.0,0.0,0.0,48.22763443453082,48.22763443453082,48.22763443453082,96.4552688690621,192.91053773812425,289.36580660718624,578.7316132143711,1109.2355919942117,2170.2435495538875,3809.9831203279427,7185.917530745107,13841.331082710401,27055.70291777187,43887.14733542317,87436.70122980473,155871.71449240416,267374.0053050398,321871.23221605975,604002.893658066,747817.6995418374,882710.3930552206,937159.3923318061,975886.1827827344,989389.9204244032,995755.9681697612,997009.886665059,997588.6182782734,997974.4393537496,998167.3498914879,998263.8051603568,998456.7156980949,998456.7156980949,998553.1709669641,998601.3986013986,998697.8538702676,998938.9920424403,999035.4473113093,999228.3578490474,999373.040752351,999565.9512900892,999614.1789245236,999710.6341933928,999807.0894622619,999903.5447311308,999951.7723655654,1000000.0,1000000.0,1000000.0,1000000.0,1000000.0,0.0,0.0,0.0,0.0,0.0,0.0,0.0,0.0,0.0,0.0,0.0,0.0,0.0,0.0,0.0,0.0,0.0,0.0,0.0,0.0,0.0,0.0,0.0,0.0,0.0,0.0,0.0,0.0,0.0,0.0,0.0,0.0,0.0,0.0,0.0,0.0,0.0,0.0,0.0,0.0,0.0,48.22763443453082,144.68290330359284,434.04870991077877,1253.9184952978064,2941.8857005063924,8150.470219435744,16927.89968652038,45816.252712804395,102194.35736677118,231878.466361225,349168.0733060043,560887.3884735953,739184.9529780564,906775.9826380517,964408.0057873161,990547.3836508319,995804.1958041957,997009.886665059,997299.2524716662,997636.845912708,997781.5288160116,997974.4393537496,1000000.0,48.22763443453082,48.22763443453082,48.22763443453082,48.22763443453082,48.22763443453082,48.22763443453082,48.22763443453082,48.22763443453082,48.22763443453082,48.22763443453082,48.22763443453082,48.22763443453082,48.22763443453082,48.22763443453082,48.22763443453082,48.22763443453082,48.22763443453082,48.22763443453082,48.22763443453082,48.22763443453082,48.22763443453082,48.22763443453082,48.22763443453082,48.22763443453082,48.22763443453082,48.22763443453082,48.22763443453082,48.22763443453082,48.22763443453082,48.22763443453082,48.22763443453082,48.22763443453082,48.22763443453082,48.22763443453082,48.22763443453082,48.22763443453082,48.22763443453082,48.22763443453082,48.22763443453082,48.22763443453082,48.22763443453082,48.22763443453082,48.22763443453082,48.22763443453082,48.22763443453082,48.22763443453082,48.22763443453082,48.22763443453082,48.22763443453082,48.22763443453082,48.22763443453082,48.22763443453082,48.22763443453082,48.22763443453082,48.22763443453082,48.22763443453082,48.22763443453082,48.22763443453082,48.22763443453082,48.22763443453082,48.22763443453082,48.22763443453082,48.22763443453082,1000000.0
FLINT,MAGNUM03,F,na,na,na,na,2025_03_11-15_02_56,na,1,4,Yes,1,na,0.0,1832.6501085121924,916.3250542560967,9.5,41.0,62.0,,,,0.0,2845.430431637341,916.3250542560967,9.5,41.0,62.0,32.0,19.0,12.0,29.0,15.0,9.0,25.0,9.0,7.0,19.0,5.0,6.0,14.0,1.0,4.0,4.0,-14.0,0.0,10.0,-5.0,0.0,0.0,32.0,32.0,51.0,51.0,63.0,0.0,29.0,34.0,49.0,54.0,63.0,0.0,25.0,37.0,46.0,56.0,63.0,3.0,22.0,39.0,44.0,57.0,63.0,5.0,19.0,41.0,42.0,59.0,63.0,8.0,12.0,53.0,39.0,63.0,63.0,6.0,16.0,45.0,40.0,63.0,63.0,9.0,0.0,63.0,10.0,63.0,38.0,63.0,63.0,0.3865131258592043,3.051316484078125,2.4438636162035174,0.0,30.0,160.0,983554.3766578248,987798.4084880636,993633.9522546419,995611.2852664576,998119.1222570533,999373.040752351,999614.1789245236,999807.0894622619,1000000.0,1000000.0,1000000.0,1000000.0,1000000.0,1000000.0,1000000.0,1000000.0,1000000.0,1000000.0,1000000.0,1000000.0,1000000.0,1000000.0,1000000.0,1000000.0,1000000.0,1000000.0,1000000.0,1000000.0,1000000.0,1000000.0,1000000.0,1000000.0,1000000.0,1000000.0,1000000.0,1000000.0,1000000.0,1000000.0,1000000.0,1000000.0,1000000.0,1000000.0,1000000.0,1000000.0,1000000.0,1000000.0,1000000.0,1000000.0,1000000.0,1000000.0,1000000.0,1000000.0,1000000.0,1000000.0,1000000.0,1000000.0,1000000.0,1000000.0,1000000.0,1000000.0,1000000.0,1000000.0,1000000.0,1000000.0,0.0,0.0,0.0,0.0,0.0,0.0,0.0,0.0,0.0,0.0,48.22763443453082,192.91053773812425,241.13817217265407,337.59344104171646,337.59344104171646,482.27634434531,626.959247648901,819.8697853870253,1302.1461297323344,1784.4224740776426,3906.438389197008,5787.316132143714,9211.4781769954,13117.916566192442,22666.98818422955,33614.66120086806,55075.958524234404,79286.23101036903,140294.1885700506,210224.2585001205,330021.7024354955,421509.5249578008,647407.7646491439,760405.11212925,871714.4924041474,921437.183506149,963491.68073306,982204.002893658,992283.578490475,995997.1063419338,998167.3498914879,998890.7644080058,999276.585483482,999373.040752351,999469.4960212201,999565.9512900892,999614.1789245236,999662.4065589582,999662.4065589582,999710.6341933928,999807.0894622619,999855.3170966964,999855.3170966964,999903.5447311308,999951.7723655654,999951.7723655654,999951.7723655654,999951.7723655654,999951.7723655654,999951.7723655654,999951.7723655654,999951.7723655654,1000000.0,1000000.0,0.0,0.0,0.0,0.0,0.0,0.0,0.0,0.0,0.0,0.0,0.0,0.0,0.0,0.0,0.0,0.0,0.0,0.0,0.0,0.0,0.0,0.0,0.0,0.0,0.0,0.0,0.0,0.0,0.0,0.0,0.0,0.0,0.0,0.0,0.0,0.0,0.0,0.0,48.22763443453082,241.13817217265407,626.959247648901,1061.0079575596806,2073.7882806848356,3472.38967928623,8295.15312273932,14371.835061490223,35736.6771159875,62261.87605497949,128526.64576802503,223679.76850735472,390836.74945743906,517868.33855799376,709910.778876296,830528.0925970582,939377.8635157945,970581.142994936,990884.9770918736,996093.561610803,998215.5775259222,998842.5367735712,999035.4473113093,999083.6749457439,999180.1302146129,1000000.0,0.0,0.0,0.0,0.0,0.0,0.0,0.0,0.0,0.0,0.0,0.0,0.0,0.0,0.0,0.0,0.0,0.0,0.0,0.0,0.0,0.0,0.0,0.0,0.0,0.0,0.0,0.0,0.0,0.0,0.0,0.0,0.0,0.0,0.0,0.0,0.0,0.0,0.0,0.0,0.0,0.0,0.0,0.0,0.0,0.0,0.0,0.0,0.0,0.0,0.0,0.0,0.0,0.0,0.0,0.0,0.0,0.0,0.0,0.0,0.0,0.0,0.0,0.0,1000000.0
FLINT,MAGNUM03,F,na,na,na,na,2025_03_11-15_02_56,na,1,5,Yes,1,na,0.0,1398.601398601398,0.0,13.0,46.0,61.0,,,,0.0,1687.9672052085975,0.0,13.0,46.0,61.0,33.0,20.0,10.0,31.0,16.0,9.0,26.0,12.0,7.0,22.0,10.0,6.0,19.0,1.0,5.0,15.0,-12.0,-1.0,17.0,-6.0,0.0,0.0,33.0,33.0,53.0,53.0,63.0,0.0,31.0,35.0,51.0,54.0,63.0,2.0,28.0,37.0,49.0,56.0,63.0,4.0,26.0,38.0,48.0,57.0,63.0,5.0,24.0,45.0,46.0,58.0,63.0,6.0,21.0,57.0,45.0,63.0,62.0,6.0,23.0,52.0,46.0,63.0,63.0,8.0,0.0,63.0,18.0,63.0,43.0,63.0,61.0,0.6012555333524673,2.39762217344192,1.846311215462214,0.020830598153641456,30.0,160.0,938799.1319025801,961032.0713768989,981577.043646009,989823.9691343139,997106.3419339281,999276.585483482,999951.7723655654,1000000.0,1000000.0,1000000.0,1000000.0,1000000.0,1000000.0,1000000.0,1000000.0,1000000.0,1000000.0,1000000.0,1000000.0,1000000.0,1000000.0,1000000.0,1000000.0,1000000.0,1000000.0,1000000.0,1000000.0,1000000.0,1000000.0,1000000.0,1000000.0,1000000.0,1000000.0,1000000.0,1000000.0,1000000.0,1000000.0,1000000.0,1000000.0,1000000.0,1000000.0,1000000.0,1000000.0,1000000.0,1000000.0,1000000.0,1000000.0,1000000.0,1000000.0,1000000.0,1000000.0,1000000.0,1000000.0,1000000.0,1000000.0,1000000.0,1000000.0,1000000.0,1000000.0,1000000.0,1000000.0,1000000.0,1000000.0,1000000.0,0.0,0.0,0.0,0.0,0.0,0.0,0.0,0.0,0.0,0.0,0.0,0.0,0.0,0.0,0.0,0.0,0.0,0.0,48.22763443453082,48.22763443453082,96.4552688690621,289.36580660718624,482.27634434531,771.6421509524955,2266.6988184229576,4533.397636845913,10320.71376898964,18471.183988425386,39546.66023631541,77694.71907402946,149457.43911261155,182107.54762478897,439932.48131179163,593392.8140824692,781818.1818181818,877694.7190740294,960115.7463226429,984760.0675186882,995080.7812876777,996720.5208584518,997636.845912708,997829.756450446,998119.1222570533,998263.8051603568,998553.1709669641,998746.0815047021,998890.7644080058,999035.4473113093,999228.3578490474,999228.3578490474,999421.2683867855,999517.7236556546,999710.6341933928,999710.6341933928,999758.8618278273,999758.8618278273,999855.3170966964,999903.5447311308,999903.5447311308,1000000.0,1000000.0,1000000.0,1000000.0,1000000.0,0.0,0.0,0.0,0.0,0.0,0.0,0.0,0.0,0.0,0.0,0.0,0.0,0.0,0.0,0.0,0.0,0.0,0.0,0.0,0.0,0.0,0.0,0.0,0.0,0.0,0.0,0.0,0.0,0.0,0.0,0.0,0.0,0.0,0.0,0.0,0.0,0.0,0.0,0.0,0.0,0.0,0.0,0.0,48.22763443453082,144.68290330359284,289.36580660718624,1446.829033035929,4388.714733542319,18133.590547383632,47841.81335905473,134844.46587894871,229370.62937062935,443887.14733542316,648565.2278755727,869930.0699300701,946997.8297564504,990788.5218230045,997974.4393537496,999276.585483482,999324.8131179166,999421.2683867855,999421.2683867855,999469.4960212201,1000000.0,0.0,0.0,0.0,0.0,0.0,0.0,0.0,0.0,0.0,0.0,0.0,0.0,0.0,0.0,0.0,0.0,0.0,0.0,0.0,0.0,0.0,0.0,0.0,0.0,0.0,0.0,0.0,0.0,0.0,0.0,0.0,0.0,0.0,0.0,0.0,0.0,0.0,0.0,0.0,0.0,0.0,0.0,0.0,0.0,0.0,0.0,0.0,0.0,0.0,0.0,0.0,0.0,0.0,0.0,0.0,0.0,0.0,0.0,0.0,0.0,0.0,48.22763443453082,289.36580660718624,1000000.0
FLINT,MAGNUM03,F,na,na,na,na,2025_03_11-15_02_56,na,1,6,Yes,1,na,0.0,1784.4224740777295,0.0,15.0,47.0,59.0,,,,0.0,2459.6093561610987,0.0,15.0,47.0,59.0,33.0,20.0,10.0,31.0,18.0,9.0,24.0,14.0,7.0,23.0,11.0,6.0,19.0,-1.0,5.0,18.0,-9.0,-1.0,18.0,-5.0,5.0,0.0,33.0,33.0,53.0,53.0,63.0,0.0,31.0,34.0,52.0,54.0,63.0,4.0,28.0,36.0,50.0,56.0,63.0,4.0,27.0,38.0,49.0,56.0,62.0,6.0,25.0,49.0,48.0,57.0,62.0,6.0,24.0,55.0,46.0,62.0,61.0,6.0,24.0,52.0,47.0,57.0,62.0,7.0,0.0,58.0,23.0,63.0,44.0,63.0,59.0,0.8795883198755085,2.0910814668700692,1.4256542730537876,0.0954560995360359,30.0,160.0,871280.4436942367,912852.6645768026,954907.1618037135,974873.4024596093,994453.8220400289,998601.3986013986,999951.7723655654,1000000.0,1000000.0,1000000.0,1000000.0,1000000.0,1000000.0,1000000.0,1000000.0,1000000.0,1000000.0,1000000.0,1000000.0,1000000.0,1000000.0,1000000.0,1000000.0,1000000.0,1000000.0,1000000.0,1000000.0,1000000.0,1000000.0,1000000.0,1000000.0,1000000.0,1000000.0,1000000.0,1000000.0,1000000.0,1000000.0,1000000.0,1000000.0,1000000.0,1000000.0,1000000.0,1000000.0,1000000.0,1000000.0,1000000.0,1000000.0,1000000.0,1000000.0,1000000.0,1000000.0,1000000.0,1000000.0,1000000.0,1000000.0,1000000.0,1000000.0,1000000.0,1000000.0,1000000.0,1000000.0,1000000.0,1000000.0,1000000.0,0.0,0.0,0.0,0.0,0.0,0.0,0.0,0.0,0.0,0.0,0.0,0.0,0.0,0.0,0.0,0.0,0.0,0.0,0.0,0.0,0.0,0.0,0.0,144.68290330359284,771.6421509524955,1591.5119363395213,4195.804195804195,8825.657101519182,26284.060766819373,56763.92572944293,126018.80877742944,169375.45213407272,450204.96744634677,641861.5866891728,849143.9594887871,938799.1319025801,985194.116228599,993537.4969857727,995852.4234386302,996238.2445141064,996624.0655895828,996768.7484928863,997154.5695683626,997395.7077405354,997636.845912708,997926.211719315,998215.5775259222,998360.2604292259,998553.1709669641,998794.3091391367,999083.6749457439,999276.585483482,999565.9512900892,999710.6341933928,999855.3170966964,999903.5447311308,999903.5447311308,1000000.0,1000000.0,1000000.0,1000000.0,1000000.0,1000000.0,1000000.0,0.0,0.0,0.0,0.0,0.0,0.0,0.0,0.0,0.0,0.0,0.0,0.0,0.0,0.0,0.0,0.0,0.0,0.0,0.0,0.0,0.0,0.0,0.0,0.0,0.0,0.0,0.0,0.0,0.0,0.0,0.0,0.0,0.0,0.0,0.0,0.0,0.0,0.0,0.0,0.0,0.0,0.0,0.0,0.0,48.22763443453082,144.68290330359284,530.5039787798403,1012.7803231251486,4822.763443453095,13455.510007234145,50060.28454304316,110585.96575837953,310055.46177959966,569905.9561128527,875042.1991801301,969713.0455751145,997781.5288160116,999565.9512900892,999807.0894622619,999807.0894622619,999807.0894622619,999855.3170966964,999951.7723655654,1000000.0,0.0,0.0,0.0,0.0,0.0,0.0,0.0,0.0,0.0,0.0,0.0,0.0,0.0,0.0,0.0,0.0,0.0,0.0,0.0,0.0,0.0,0.0,0.0,0.0,0.0,0.0,0.0,0.0,0.0,0.0,0.0,0.0,0.0,0.0,0.0,0.0,0.0,0.0,0.0,0.0,0.0,0.0,0.0,0.0,0.0,0.0,0.0,0.0,0.0,0.0,0.0,0.0,0.0,0.0,0.0,0.0,0.0,0.0,0.0,48.22763443453082,192.91053773812425,482.27634434531,6414.2753797926125,1000000.0
FLINT,MAGNUM03,F,na,na,na,na,2025_03_11-15_02_56,na,1,7,Yes,1,na,0.0,1350.373764166911,0.0,12.5,45.0,0.0,,,,0.0,1736.1948396431433,0.0,12.5,45.0,0.0,32.0,20.0,11.0,30.0,16.0,9.0,25.0,11.0,7.0,21.0,9.0,6.0,17.0,1.0,0.0,11.0,-16.0,0.0,14.0,-8.0,0.0,0.0,32.0,32.0,52.0,52.0,63.0,0.0,30.0,34.0,50.0,54.0,63.0,2.0,27.0,37.0,48.0,56.0,63.0,4.0,25.0,38.0,47.0,57.0,63.0,5.0,22.0,45.0,46.0,63.0,63.0,7.0,18.0,60.0,44.0,63.0,63.0,6.0,20.0,53.0,45.0,63.0,63.0,9.0,0.0,63.0,16.0,63.0,41.0,63.0,0.0,0.5567892810503665,2.5668640052520497,2.0198783584412467,0.4374894505865458,30.0,160.0,953122.7393296359,968217.988907644,983023.872679045,991029.6599951772,997829.756450446,999469.4960212201,999807.0894622619,1000000.0,1000000.0,1000000.0,1000000.0,1000000.0,1000000.0,1000000.0,1000000.0,1000000.0,1000000.0,1000000.0,1000000.0,1000000.0,1000000.0,1000000.0,1000000.0,1000000.0,1000000.0,1000000.0,1000000.0,1000000.0,1000000.0,1000000.0,1000000.0,1000000.0,1000000.0,1000000.0,1000000.0,1000000.0,1000000.0,1000000.0,1000000.0,1000000.0,1000000.0,1000000.0,1000000.0,1000000.0,1000000.0,1000000.0,1000000.0,1000000.0,1000000.0,1000000.0,1000000.0,1000000.0,1000000.0,1000000.0,1000000.0,1000000.0,1000000.0,1000000.0,1000000.0,1000000.0,1000000.0,1000000.0,1000000.0,1000000.0,0.0,0.0,0.0,0.0,0.0,0.0,0.0,0.0,0.0,0.0,0.0,0.0,0.0,0.0,0.0,0.0,96.4552688690621,144.68290330359284,241.13817217265407,385.82107547624787,675.1868820834334,1061.0079575596806,2218.471183988428,3375.934410417169,6124.909573185426,10658.30721003135,21702.435495538943,37906.92066554136,75042.19918013019,130214.61297323367,231782.01109235585,278080.54014950566,560549.7950325536,710441.2828550759,861056.1851941161,922594.6467325777,973860.6221364841,988521.8230045816,995563.0576320231,996816.9761273209,997974.4393537496,998312.0327947914,998408.4880636605,998456.7156980949,998649.626235833,998842.5367735712,998890.7644080058,999035.4473113093,999324.8131179166,999324.8131179166,999421.2683867855,999469.4960212201,999469.4960212201,999614.1789245236,999807.0894622619,999807.0894622619,999855.3170966964,999855.3170966964,999855.3170966964,999855.3170966964,999903.5447311308,999903.5447311308,999903.5447311308,1000000.0,0.0,0.0,0.0,0.0,0.0,0.0,0.0,0.0,0.0,0.0,0.0,0.0,0.0,0.0,0.0,0.0,0.0,0.0,0.0,0.0,0.0,0.0,0.0,0.0,0.0,0.0,0.0,0.0,0.0,0.0,0.0,0.0,0.0,0.0,0.0,0.0,0.0,0.0,0.0,0.0,0.0,96.4552688690621,144.68290330359284,192.91053773812425,434.04870991077877,1157.4632264287443,4147.576561369663,10079.575596816969,33518.205931999015,79720.27972027972,197685.0735471425,306486.6168314444,521919.4598504943,710441.2828550759,895635.3990836749,958234.868579696,990450.9283819628,996238.2445141064,997636.845912708,997685.0735471424,997781.5288160116,997974.4393537496,998167.3498914879,1000000.0,48.22763443453082,48.22763443453082,48.22763443453082,48.22763443453082,48.22763443453082,48.22763443453082,48.22763443453082,48.22763443453082,48.22763443453082,48.22763443453082,48.22763443453082,48.22763443453082,48.22763443453082,48.22763443453082,48.22763443453082,48.22763443453082,48.22763443453082,48.22763443453082,48.22763443453082,48.22763443453082,48.22763443453082,48.22763443453082,48.22763443453082,48.22763443453082,48.22763443453082,48.22763443453082,48.22763443453082,48.22763443453082,48.22763443453082,48.22763443453082,48.22763443453082,48.22763443453082,48.22763443453082,48.22763443453082,48.22763443453082,48.22763443453082,48.22763443453082,48.22763443453082,48.22763443453082,48.22763443453082,48.22763443453082,48.22763443453082,48.22763443453082,48.22763443453082,48.22763443453082,48.22763443453082,48.22763443453082,48.22763443453082,48.22763443453082,48.22763443453082,48.22763443453082,48.22763443453082,48.22763443453082,48.22763443453082,48.22763443453082,48.22763443453082,48.22763443453082,48.22763443453082,48.22763443453082,48.22763443453082,48.22763443453082,48.22763443453082,48.22763443453082,1000000.0
FLINT,MAGNUM03,F,na,na,na,na,2025_03_11-15_02_56,na,1,8,Yes,1,na,0.0,0.0,0.0,14.5,51.5,60.0,,,,0.0,0.0,0.0,14.5,51.5,60.0,32.0,21.0,10.0,30.0,17.0,9.0,27.0,13.0,7.0,23.0,10.0,7.0,19.0,7.0,6.0,15.0,-11.0,-1.0,17.0,-2.0,5.0,0.0,32.0,32.0,53.0,53.0,63.0,0.0,30.0,34.0,51.0,54.0,63.0,1.0,28.0,36.0,49.0,56.0,63.0,3.0,26.0,38.0,48.0,56.0,63.0,5.0,24.0,40.0,47.0,57.0,63.0,7.0,22.0,56.0,45.0,63.0,62.0,6.0,23.0,48.0,46.0,58.0,63.0,8.0,0.0,60.0,21.0,63.0,43.0,63.0,60.0,0.42928458646897066,2.2191857202793264,1.6866717463321819,0.02503627476295929,30.0,160.0,975837.9551482999,983216.7832167832,990595.6112852665,994260.9115022907,998408.4880636605,999517.7236556546,999855.3170966964,999903.5447311308,1000000.0,1000000.0,1000000.0,1000000.0,1000000.0,1000000.0,1000000.0,1000000.0,1000000.0,1000000.0,1000000.0,1000000.0,1000000.0,1000000.0,1000000.0,1000000.0,1000000.0,1000000.0,1000000.0,1000000.0,1000000.0,1000000.0,1000000.0,1000000.0,1000000.0,1000000.0,1000000.0,1000000.0,1000000.0,1000000.0,1000000.0,1000000.0,1000000.0,1000000.0,1000000.0,1000000.0,1000000.0,1000000.0,1000000.0,1000000.0,1000000.0,1000000.0,1000000.0,1000000.0,1000000.0,1000000.0,1000000.0,1000000.0,1000000.0,1000000.0,1000000.0,1000000.0,1000000.0,1000000.0,1000000.0,1000000.0,0.0,0.0,0.0,0.0,0.0,0.0,0.0,0.0,0.0,0.0,0.0,0.0,0.0,0.0,0.0,0.0,0.0,0.0,0.0,0.0,0.0,96.4552688690621,241.13817217265407,578.7316132143711,1687.967205208584,3954.6660236315374,10706.534844465874,17940.68000964554,45285.748734024586,89414.03424162048,187509.04268145646,243646.00916325048,526067.0364118639,689124.6684350132,865444.8999276585,928719.5563057632,979310.3448275862,992428.2613937786,997926.211719315,998601.3986013986,999035.4473113093,999035.4473113093,999035.4473113093,999035.4473113093,999180.1302146129,999276.585483482,999324.8131179166,999469.4960212201,999614.1789245236,999614.1789245236,999662.4065589582,999758.8618278273,999758.8618278273,999758.8618278273,999855.3170966964,999855.3170966964,1000000.0,1000000.0,1000000.0,1000000.0,1000000.0,1000000.0,1000000.0,1000000.0,0.0,0.0,0.0,0.0,0.0,0.0,0.0,0.0,0.0,0.0,0.0,0.0,0.0,0.0,0.0,0.0,0.0,0.0,0.0,0.0,0.0,0.0,0.0,0.0,0.0,0.0,0.0,0.0,0.0,0.0,0.0,0.0,0.0,0.0,0.0,0.0,0.0,0.0,0.0,0.0,0.0,0.0,0.0,48.22763443453082,96.4552688690621,289.36580660718624,1253.9184952978064,3134.7962382445157,12973.233662888826,39112.61152640461,122064.14275379785,208054.01495056663,440897.03400048224,657921.3889558717,899445.3822040027,968989.6310585964,997058.1142994935,999373.040752351,999807.0894622619,999807.0894622619,999807.0894622619,999807.0894622619,999855.3170966964,1000000.0,0.0,0.0,0.0,0.0,0.0,0.0,0.0,0.0,0.0,0.0,0.0,0.0,0.0,0.0,0.0,0.0,0.0,0.0,0.0,0.0,0.0,0.0,0.0,0.0,0.0,0.0,0.0,0.0,0.0,0.0,0.0,0.0,0.0,0.0,0.0,0.0,0.0,0.0,0.0,0.0,0.0,0.0,0.0,0.0,0.0,0.0,0.0,0.0,0.0,0.0,0.0,0.0,0.0,0.0,0.0,0.0,0.0,0.0,0.0,0.0,48.22763443453082,48.22763443453082,241.13817217265407,1000000.0
FLINT,MAGNUM03,F,na,na,na,na,2025_03_11-15_02_56,na,1,9,Yes,1,na,0.0,771.6421509525992,1012.7803231252384,10.0,44.0,62.0,,,,0.0,1012.7803231252271,1012.7803231252384,10.0,44.0,62.0,32.0,20.0,11.0,30.0,16.0,9.0,26.0,11.0,7.0,22.0,9.0,6.0,17.0,4.0,3.0,12.0,-13.0,0.0,15.0,-8.0,0.0,0.0,32.0,32.0,52.0,52.0,63.0,0.0,30.0,34.0,50.0,54.0,63.0,0.0,26.0,37.0,48.0,56.0,63.0,3.0,25.0,38.0,47.0,57.0,63.0,5.0,22.0,41.0,45.0,60.0,63.0,6.0,18.0,57.0,44.0,63.0,63.0,5.0,20.0,52.0,44.0,63.0,63.0,7.0,0.0,58.0,13.0,63.0,42.0,63.0,63.0,0.3934765200710909,2.5061379430074697,2.0112773726652815,0.0,30.0,160.0,978345.7921388955,985387.0267663371,992476.4890282131,995225.4641909814,998553.1709669641,999614.1789245236,999903.5447311308,1000000.0,1000000.0,1000000.0,1000000.0,1000000.0,1000000.0,1000000.0,1000000.0,1000000.0,1000000.0,1000000.0,1000000.0,1000000.0,1000000.0,1000000.0,1000000.0,1000000.0,1000000.0,1000000.0,1000000.0,1000000.0,1000000.0,1000000.0,1000000.0,1000000.0,1000000.0,1000000.0,1000000.0,1000000.0,1000000.0,1000000.0,1000000.0,1000000.0,1000000.0,1000000.0,1000000.0,1000000.0,1000000.0,1000000.0,1000000.0,1000000.0,1000000.0,1000000.0,1000000.0,1000000.0,1000000.0,1000000.0,1000000.0,1000000.0,1000000.0,1000000.0,1000000.0,1000000.0,1000000.0,1000000.0,1000000.0,1000000.0,0.0,0.0,0.0,0.0,0.0,0.0,0.0,0.0,0.0,0.0,0.0,0.0,0.0,48.22763443453082,48.22763443453082,48.22763443453082,96.4552688690621,192.91053773812425,337.59344104171646,434.04870991077877,723.414516517964,1012.7803231251486,1784.4224740776426,2845.4304316373314,6173.137207619962,11188.811188811189,23583.31323848561,35591.994212683836,78128.7677839402,134555.1000723415,243501.32625994686,280347.2389679286,593199.9035447311,726259.9469496021,871810.9476730165,925536.5324330841,976850.7354714251,989872.1967687485,996334.6997829756,997588.6182782734,998649.626235833,998842.5367735712,999131.9025801783,999228.3578490474,999276.585483482,999324.8131179166,999421.2683867855,999421.2683867855,999421.2683867855,999469.4960212201,999517.7236556546,999517.7236556546,999758.8618278273,999855.3170966964,999855.3170966964,999855.3170966964,999855.3170966964,999951.7723655654,1000000.0,1000000.0,1000000.0,1000000.0,1000000.0,1000000.0,0.0,0.0,0.0,0.0,0.0,0.0,0.0,0.0,0.0,0.0,0.0,0.0,0.0,0.0,0.0,0.0,0.0,0.0,0.0,0.0,0.0,0.0,0.0,0.0,0.0,0.0,0.0,0.0,0.0,0.0,0.0,0.0,0.0,0.0,0.0,0.0,0.0,0.0,0.0,0.0,0.0,0.0,48.22763443453082,192.91053773812425,675.1868820834334,1687.967205208584,5594.405594405593,11188.811188811189,38196.28647214852,87243.79069206656,205739.08849770916,306872.4379069206,538461.5384615384,714010.1278032312,905136.2430672774,956209.3079334458,993778.6351579454,998022.6669881842,998649.626235833,998697.8538702676,998890.7644080058,998987.2196768748,999083.6749457439,1000000.0,0.0,0.0,0.0,0.0,0.0,0.0,0.0,0.0,0.0,0.0,0.0,0.0,0.0,0.0,0.0,0.0,0.0,0.0,0.0,0.0,0.0,0.0,0.0,0.0,0.0,0.0,0.0,0.0,0.0,0.0,0.0,0.0,0.0,0.0,0.0,0.0,0.0,0.0,0.0,0.0,0.0,0.0,0.0,0.0,0.0,0.0,0.0,0.0,0.0,0.0,0.0,0.0,0.0,0.0,0.0,0.0,0.0,0.0,0.0,0.0,0.0,0.0,0.0,1000000.0
FLINT,MAGNUM03,F,na,na,na,na,2025_03_11-15_02_56,na,1,10,Yes,1,na,0.0,0.0,0.0,12.5,42.0,59.0,,,,0.0,0.0,0.0,12.5,42.0,59.0,32.0,20.0,11.0,30.0,16.0,9.0,26.0,12.0,7.0,22.0,10.0,6.0,19.0,8.0,4.0,15.0,4.0,2.0,16.0,6.0,3.0,0.0,32.0,32.0,52.0,52.0,63.0,0.0,30.0,34.0,50.0,54.0,63.0,2.0,28.0,36.0,48.0,56.0,63.0,4.0,26.0,37.0,47.0,56.0,62.0,5.0,24.0,38.0,46.0,57.0,61.0,6.0,21.0,40.0,44.0,58.0,60.0,6.0,22.0,39.0,45.0,57.0,60.0,8.0,0.0,41.0,17.0,58.0,43.0,63.0,60.0,0.5420272038913033,2.124296317015139,1.8047808166911283,0.15677848321041551,30.0,160.0,952302.8695442488,967783.9401977332,984567.15698095,991463.7087050879,998456.7156980949,999373.040752351,1000000.0,1000000.0,1000000.0,1000000.0,1000000.0,1000000.0,1000000.0,1000000.0,1000000.0,1000000.0,1000000.0,1000000.0,1000000.0,1000000.0,1000000.0,1000000.0,1000000.0,1000000.0,1000000.0,1000000.0,1000000.0,1000000.0,1000000.0,1000000.0,1000000.0,1000000.0,1000000.0,1000000.0,1000000.0,1000000.0,1000000.0,1000000.0,1000000.0,1000000.0,1000000.0,1000000.0,1000000.0,1000000.0,1000000.0,1000000.0,1000000.0,1000000.0,1000000.0,1000000.0,1000000.0,1000000.0,1000000.0,1000000.0,1000000.0,1000000.0,1000000.0,1000000.0,1000000.0,1000000.0,1000000.0,1000000.0,1000000.0,1000000.0,0.0,0.0,0.0,0.0,0.0,0.0,0.0,0.0,0.0,0.0,0.0,0.0,0.0,0.0,0.0,0.0,0.0,48.22763443453082,48.22763443453082,192.91053773812425,192.91053773812425,337.59344104171646,819.8697853870253,1253.9184952978064,2604.2922594646707,4822.763443453095,10610.079575596808,19532.191945985043,40559.440559440554,77791.17434289842,164359.77815288154,226766.33711116467,510441.28285507596,680733.0600434048,855365.3243308415,929298.2879189776,981769.9541837473,993875.0904268145,998938.9920424403,999614.1789245236,1000000.0,1000000.0,1000000.0,1000000.0,1000000.0,1000000.0,1000000.0,1000000.0,1000000.0,1000000.0,1000000.0,1000000.0,1000000.0,1000000.0,1000000.0,1000000.0,1000000.0,1000000.0,1000000.0,1000000.0,1000000.0,1000000.0,1000000.0,1000000.0,0.0,0.0,0.0,0.0,0.0,0.0,0.0,0.0,0.0,0.0,0.0,0.0,0.0,0.0,0.0,0.0,0.0,0.0,0.0,0.0,0.0,0.0,0.0,0.0,0.0,0.0,0.0,0.0,0.0,0.0,0.0,0.0,0.0,0.0,0.0,0.0,0.0,0.0,0.0,0.0,0.0,0.0,0.0,48.22763443453082,289.36580660718624,723.414516517964,2941.8857005063924,6896.551724137931,23342.17506631299,58596.57583795512,163684.59127079815,280877.74294670846,513142.03038340964,713383.1685555823,909910.7788762961,969520.1350373763,996045.3339763684,999758.8618278273,1000000.0,1000000.0,1000000.0,1000000.0,1000000.0,1000000.0,0.0,0.0,0.0,0.0,0.0,0.0,0.0,0.0,0.0,0.0,0.0,0.0,0.0,0.0,0.0,0.0,0.0,0.0,0.0,0.0,0.0,0.0,0.0,0.0,0.0,0.0,0.0,0.0,0.0,0.0,0.0,0.0,0.0,0.0,0.0,0.0,0.0,0.0,0.0,0.0,0.0,0.0,0.0,0.0,0.0,0.0,0.0,0.0,0.0,0.0,0.0,0.0,0.0,0.0,0.0,0.0,0.0,0.0,0.0,0.0,578.7316132143711,2556.0646250301406,14323.607427055684,1000000.0
FLINT,MAGNUM03,F,na,na,na,na,2025_03_11-15_02_56,na,1,11,Yes,1,na,0.0,771.6421509525992,0.0,10.5,41.0,62.5,,,,0.0,1253.9184952979092,0.0,10.5,41.0,62.5,32.0,20.0,11.0,29.0,15.0,9.0,24.0,9.0,7.0,18.0,6.0,6.0,13.0,2.0,5.0,6.0,-2.0,5.0,11.0,1.0,5.0,0.0,32.0,32.0,52.0,52.0,63.0,0.0,29.0,34.0,49.0,54.0,63.0,1.0,25.0,37.0,46.0,56.0,63.0,4.0,22.0,38.0,44.0,57.0,63.0,5.0,18.0,40.0,42.0,58.0,63.0,8.0,14.0,42.0,40.0,58.0,63.0,6.0,17.0,41.0,42.0,58.0,63.0,9.0,0.0,43.0,12.0,62.0,37.0,63.0,63.0,0.44766084578712273,2.9360690144029724,2.354717921251226,0.0,30.0,160.0,974439.3537496985,982155.7752592235,990884.9770918736,993826.8627923799,998022.6669881842,999276.585483482,999710.6341933928,999855.3170966964,999951.7723655654,1000000.0,1000000.0,1000000.0,1000000.0,1000000.0,1000000.0,1000000.0,1000000.0,1000000.0,1000000.0,1000000.0,1000000.0,1000000.0,1000000.0,1000000.0,1000000.0,1000000.0,1000000.0,1000000.0,1000000.0,1000000.0,1000000.0,1000000.0,1000000.0,1000000.0,1000000.0,1000000.0,1000000.0,1000000.0,1000000.0,1000000.0,1000000.0,1000000.0,1000000.0,1000000.0,1000000.0,1000000.0,1000000.0,1000000.0,1000000.0,1000000.0,1000000.0,1000000.0,1000000.0,1000000.0,1000000.0,1000000.0,1000000.0,1000000.0,1000000.0,1000000.0,1000000.0,1000000.0,1000000.0,1000000.0,0.0,0.0,0.0,0.0,0.0,0.0,0.0,0.0,0.0,0.0,0.0,0.0,144.68290330359284,192.91053773812425,337.59344104171646,337.59344104171646,530.5039787798403,1061.0079575596806,1880.8777429467057,2459.609356161082,3954.6660236315374,5594.405594405593,9549.071618037116,12780.323125150719,20544.972269110207,31010.36894140342,56378.10465396668,77791.17434289842,134410.41716903786,207861.10441282857,334217.5066312997,405980.22666988184,639257.2944297082,757559.6816976126,883578.4904750421,929346.515553412,975162.7682662165,988232.4571979743,996624.0655895828,997877.9840848806,999228.3578490474,999614.1789245236,999903.5447311308,1000000.0,1000000.0,1000000.0,1000000.0,1000000.0,1000000.0,1000000.0,1000000.0,1000000.0,1000000.0,1000000.0,1000000.0,1000000.0,1000000.0,1000000.0,1000000.0,1000000.0,1000000.0,1000000.0,1000000.0,1000000.0,0.0,0.0,0.0,0.0,0.0,0.0,0.0,0.0,0.0,0.0,0.0,0.0,0.0,0.0,0.0,0.0,0.0,0.0,0.0,0.0,0.0,0.0,0.0,0.0,0.0,0.0,0.0,0.0,0.0,0.0,0.0,0.0,0.0,0.0,0.0,0.0,0.0,48.22763443453082,96.4552688690621,144.68290330359284,337.59344104171646,530.5039787798403,1591.5119363395213,2652.5198938992025,6366.047745358085,11671.08753315649,28840.12539184954,47263.081745840354,100313.47962382453,179744.39353749694,347431.87846636114,462261.87605497945,667229.3224017362,801495.0566674705,924957.8008198697,966047.7453580903,992283.578490475,998119.1222570533,999903.5447311308,999951.7723655654,1000000.0,1000000.0,1000000.0,1000000.0,0.0,0.0,0.0,0.0,0.0,0.0,0.0,0.0,0.0,0.0,0.0,0.0,0.0,0.0,0.0,0.0,0.0,0.0,0.0,0.0,0.0,0.0,0.0,0.0,0.0,0.0,0.0,0.0,0.0,0.0,0.0,0.0,0.0,0.0,0.0,0.0,0.0,0.0,0.0,0.0,0.0,0.0,0.0,0.0,0.0,0.0,0.0,0.0,0.0,0.0,0.0,0.0,0.0,0.0,0.0,0.0,0.0,0.0,0.0,0.0,0.0,0.0,0.0,1000000.0
FLINT,MAGNUM03,F,na,na,na,na,2025_03_11-15_02_56,na,1,12,Yes,1,na,0.0,48.22763443453082,0.0,12.0,42.0,60.5,,,,0.0,48.22763443453082,0.0,12.0,42.0,60.5,32.0,20.0,11.0,30.0,16.0,9.0,25.0,11.0,7.0,21.0,9.0,7.0,17.0,6.0,6.0,11.0,4.0,4.0,15.0,4.0,4.0,0.0,32.0,32.0,52.0,52.0,63.0,0.0,30.0,34.0,50.0,54.0,63.0,2.0,27.0,37.0,48.0,56.0,63.0,4.0,25.0,38.0,47.0,56.0,63.0,5.0,22.0,39.0,45.0,57.0,63.0,7.0,18.0,40.0,44.0,58.0,62.0,6.0,21.0,40.0,44.0,58.0,62.0,9.0,0.0,52.0,15.0,60.0,40.0,63.0,61.0,0.5160487841356434,2.3896357017322902,1.9730873616732232,0.03673122666975335,30.0,160.0,956064.6250301423,972413.7931034482,986785.6281649384,992380.033759344,997974.4393537496,999517.7236556546,999855.3170966964,1000000.0,1000000.0,1000000.0,1000000.0,1000000.0,1000000.0,1000000.0,1000000.0,1000000.0,1000000.0,1000000.0,1000000.0,1000000.0,1000000.0,1000000.0,1000000.0,1000000.0,1000000.0,1000000.0,1000000.0,1000000.0,1000000.0,1000000.0,1000000.0,1000000.0,1000000.0,1000000.0,1000000.0,1000000.0,1000000.0,1000000.0,1000000.0,1000000.0,1000000.0,1000000.0,1000000.0,1000000.0,1000000.0,1000000.0,1000000.0,1000000.0,1000000.0,1000000.0,1000000.0,1000000.0,1000000.0,1000000.0,1000000.0,1000000.0,1000000.0,1000000.0,1000000.0,1000000.0,1000000.0,1000000.0,1000000.0,1000000.0,0.0,0.0,0.0,0.0,0.0,0.0,0.0,0.0,0.0,0.0,0.0,0.0,0.0,0.0,0.0,48.22763443453082,48.22763443453082,144.68290330359284,289.36580660718624,337.59344104171646,530.5039787798403,964.5526886906189,1639.7395707740552,2797.202797202796,4774.535809018565,9790.2097902098,21075.47624789003,34386.30335182058,65059.078852182334,116710.87533156504,216349.16807330595,263756.93272244994,548203.5206173137,700554.6177959971,859175.3074511695,925825.8982396914,974149.9879430914,991319.0258017844,997974.4393537496,999517.7236556546,1000000.0,1000000.0,1000000.0,1000000.0,1000000.0,1000000.0,1000000.0,1000000.0,1000000.0,1000000.0,1000000.0,1000000.0,1000000.0,1000000.0,1000000.0,1000000.0,1000000.0,1000000.0,1000000.0,1000000.0,1000000.0,1000000.0,1000000.0,1000000.0,0.0,0.0,0.0,0.0,0.0,0.0,0.0,0.0,0.0,0.0,0.0,0.0,0.0,0.0,0.0,0.0,0.0,0.0,0.0,0.0,0.0,0.0,0.0,0.0,0.0,0.0,0.0,0.0,0.0,0.0,0.0,0.0,0.0,0.0,0.0,0.0,0.0,0.0,0.0,0.0,48.22763443453082,48.22763443453082,96.4552688690621,192.91053773812425,675.1868820834334,1736.1948396431121,5980.226669881832,12490.957318543524,38099.8312032795,88979.98553170967,213503.73764166865,335423.197492163,550421.9918013022,730793.3445864479,909235.5919942128,966192.4282613937,994309.1391367252,999180.1302146129,1000000.0,1000000.0,1000000.0,1000000.0,1000000.0,1000000.0,0.0,0.0,0.0,0.0,0.0,0.0,0.0,0.0,0.0,0.0,0.0,0.0,0.0,0.0,0.0,0.0,0.0,0.0,0.0,0.0,0.0,0.0,0.0,0.0,0.0,0.0,0.0,0.0,0.0,0.0,0.0,0.0,0.0,0.0,0.0,0.0,0.0,0.0,0.0,0.0,0.0,0.0,0.0,0.0,0.0,0.0,0.0,0.0,0.0,0.0,0.0,0.0,0.0,0.0,0.0,0.0,0.0,0.0,0.0,0.0,0.0,144.68290330359284,916.3250542560885,1000000.0
FLINT,MAGNUM03,F,na,na,na,na,2025_03_11-15_02_56,na,1,13,Yes,1,na,0.0,4581.625271280471,6944.779358572514,10.5,45.0,62.0,,,,0.0,5546.1779599710735,7089.462261876107,10.5,45.0,62.0,32.0,20.0,11.0,29.0,16.0,9.0,25.0,12.0,7.0,22.0,5.0,0.0,18.0,-10.0,0.0,14.0,-20.0,0.0,16.0,-15.0,0.0,0.0,32.0,32.0,52.0,52.0,63.0,0.0,29.0,34.0,50.0,54.0,63.0,1.0,26.0,36.0,48.0,56.0,63.0,3.0,25.0,41.0,46.0,63.0,63.0,4.0,22.0,55.0,45.0,63.0,63.0,6.0,20.0,62.0,42.0,63.0,63.0,5.0,21.0,59.0,44.0,63.0,63.0,6.0,0.0,63.0,15.0,63.0,41.0,63.0,62.0,0.4007087268630919,2.791643258699503,2.233884097532296,0.0138875492323737,30.0,160.0,971063.4193392813,982686.2792380033,991270.7981673499,996045.3339763684,999035.4473113093,999855.3170966964,1000000.0,1000000.0,1000000.0,1000000.0,1000000.0,1000000.0,1000000.0,1000000.0,1000000.0,1000000.0,1000000.0,1000000.0,1000000.0,1000000.0,1000000.0,1000000.0,1000000.0,1000000.0,1000000.0,1000000.0,1000000.0,1000000.0,1000000.0,1000000.0,1000000.0,1000000.0,1000000.0,1000000.0,1000000.0,1000000.0,1000000.0,1000000.0,1000000.0,1000000.0,1000000.0,1000000.0,1000000.0,1000000.0,1000000.0,1000000.0,1000000.0,1000000.0,1000000.0,1000000.0,1000000.0,1000000.0,1000000.0,1000000.0,1000000.0,1000000.0,1000000.0,1000000.0,1000000.0,1000000.0,1000000.0,1000000.0,1000000.0,1000000.0,0.0,0.0,0.0,0.0,0.0,0.0,0.0,0.0,0.0,0.0,0.0,0.0,0.0,0.0,0.0,48.22763443453082,96.4552688690621,96.4552688690621,144.68290330359284,192.91053773812425,482.27634434531,1012.7803231251486,1639.7395707740552,3424.1620448516924,6221.364842054485,11960.453339763686,24933.687002652507,46009.16325054253,89944.53822040027,160501.5673981191,272389.679286231,346467.3257776706,633035.9295876536,776513.1420303835,894767.3016638533,950229.081263564,977622.3776223776,987412.5874125873,991801.3021461297,993296.3588136001,993826.8627923799,994212.6838678562,994791.4154810706,994984.3260188088,995418.3747287195,996045.3339763684,996431.1550518447,996768.7484928863,997106.3419339281,997443.9353749697,997781.5288160116,997974.4393537496,998119.1222570533,998408.4880636605,998697.8538702676,998987.2196768748,999180.1302146129,999228.3578490474,999421.2683867855,999614.1789245236,999662.4065589582,999758.8618278273,999951.7723655654,1000000.0,0.0,0.0,0.0,0.0,0.0,0.0,0.0,0.0,0.0,0.0,0.0,0.0,0.0,0.0,0.0,0.0,0.0,0.0,0.0,0.0,0.0,0.0,0.0,0.0,0.0,0.0,0.0,0.0,0.0,0.0,0.0,0.0,0.0,0.0,0.0,0.0,0.0,0.0,0.0,0.0,0.0,48.22763443453082,289.36580660718624,385.82107547624787,1012.7803231251486,2797.202797202796,8295.15312273932,20207.378828068486,56667.470460573895,120954.9071618038,249385.09766095973,392138.8955871714,603713.5278514589,778972.7513865444,925343.621895346,970002.4113817217,987123.2216059802,989775.7414998794,991029.6599951772,991560.1639739571,992235.3508560404,993055.2206414274,993730.407523511,1000000.0,0.0,0.0,0.0,0.0,0.0,0.0,0.0,0.0,0.0,0.0,0.0,0.0,0.0,0.0,0.0,0.0,0.0,0.0,0.0,0.0,0.0,0.0,0.0,0.0,0.0,0.0,0.0,0.0,0.0,0.0,0.0,0.0,0.0,0.0,0.0,0.0,0.0,0.0,0.0,0.0,0.0,0.0,0.0,0.0,0.0,0.0,0.0,0.0,0.0,0.0,0.0,0.0,0.0,0.0,0.0,0.0,0.0,0.0,0.0,0.0,0.0,0.0,192.91053773812425,1000000.0
FLINT,MAGNUM03,F,na,na,na,na,2025_03_11-15_02_56,na,1,14,Yes,1,na,0.0,530.5039787798496,144.68290330360517,12.0,42.0,62.0,,,,0.0,868.0974198215577,144.68290330360517,12.0,42.0,62.0,32.0,20.0,11.0,29.0,16.0,9.0,24.0,10.0,7.0,20.0,8.0,7.0,17.0,4.0,5.0,11.0,-8.0,1.0,13.0,1.0,5.0,0.0,32.0,32.0,52.0,52.0,63.0,0.0,29.0,34.0,50.0,54.0,63.0,1.0,25.0,37.0,47.0,56.0,63.0,3.0,23.0,38.0,46.0,56.0,63.0,4.0,21.0,40.0,44.0,58.0,63.0,6.0,17.0,50.0,42.0,62.0,63.0,5.0,18.0,42.0,43.0,58.0,63.0,10.0,0.0,60.0,14.0,63.0,41.0,63.0,62.0,0.4112070887956855,2.7432917370609022,2.1344960487780895,0.006944276993437237,30.0,160.0,974149.9879430914,982782.7345068724,991270.7981673499,995370.147094285,998794.3091391367,999758.8618278273,999951.7723655654,1000000.0,1000000.0,1000000.0,1000000.0,1000000.0,1000000.0,1000000.0,1000000.0,1000000.0,1000000.0,1000000.0,1000000.0,1000000.0,1000000.0,1000000.0,1000000.0,1000000.0,1000000.0,1000000.0,1000000.0,1000000.0,1000000.0,1000000.0,1000000.0,1000000.0,1000000.0,1000000.0,1000000.0,1000000.0,1000000.0,1000000.0,1000000.0,1000000.0,1000000.0,1000000.0,1000000.0,1000000.0,1000000.0,1000000.0,1000000.0,1000000.0,1000000.0,1000000.0,1000000.0,1000000.0,1000000.0,1000000.0,1000000.0,1000000.0,1000000.0,1000000.0,1000000.0,1000000.0,1000000.0,1000000.0,1000000.0,1000000.0,0.0,0.0,0.0,0.0,0.0,0.0,0.0,0.0,0.0,0.0,0.0,0.0,0.0,0.0,48.22763443453082,48.22763443453082,144.68290330359284,289.36580660718624,626.959247648901,819.8697853870253,1302.1461297323344,2748.975162768264,4726.3081745840345,7523.510971786837,13407.2823727996,22908.126356402227,44658.78948637567,72244.99638292743,123125.15071135755,197974.43935374965,319893.89920424396,372799.6141789245,648179.4068000964,773957.0774053532,889944.5382204003,943911.2611526405,976754.280202556,989872.1967687485,996624.0655895828,998408.4880636605,999228.3578490474,999469.4960212201,999758.8618278273,999758.8618278273,999807.0894622619,999807.0894622619,999807.0894622619,999807.0894622619,999855.3170966964,999855.3170966964,999903.5447311308,999903.5447311308,999903.5447311308,999903.5447311308,999903.5447311308,999903.5447311308,999903.5447311308,999903.5447311308,999951.7723655654,1000000.0,1000000.0,1000000.0,1000000.0,1000000.0,0.0,0.0,0.0,0.0,0.0,0.0,0.0,0.0,0.0,0.0,0.0,0.0,0.0,0.0,0.0,0.0,0.0,0.0,0.0,0.0,0.0,0.0,0.0,0.0,0.0,0.0,0.0,0.0,0.0,0.0,0.0,0.0,0.0,0.0,0.0,0.0,0.0,0.0,0.0,0.0,0.0,144.68290330359284,434.04870991077877,916.3250542560885,2411.3817217265464,5112.12925006028,12201.591511936347,25464.19098143234,66409.45261634915,137111.16469737166,276440.8005787316,416108.0299011333,612394.5020496744,777188.3289124668,922064.1427537979,973185.4352544007,994694.9602122015,998697.8538702676,999614.1789245236,999855.3170966964,999855.3170966964,999855.3170966964,999903.5447311308,1000000.0,0.0,0.0,0.0,0.0,0.0,0.0,0.0,0.0,0.0,0.0,0.0,0.0,0.0,0.0,0.0,0.0,0.0,0.0,0.0,0.0,0.0,0.0,0.0,0.0,0.0,0.0,0.0,0.0,0.0,0.0,0.0,0.0,0.0,0.0,0.0,0.0,0.0,0.0,0.0,0.0,0.0,0.0,0.0,0.0,0.0,0.0,0.0,0.0,0.0,0.0,0.0,0.0,0.0,0.0,0.0,0.0,0.0,0.0,0.0,0.0,0.0,0.0,48.22763443453082,1000000.0
FLINT,MAGNUM03,F,na,na,na,na,2025_03_11-15_02_56,na,1,15,Yes,1,na,0.0,0.0,0.0,14.5,43.0,0.0,,,,0.0,0.0,0.0,14.5,43.0,0.0,32.0,21.0,10.0,30.0,17.0,9.0,24.0,13.0,7.0,21.0,11.0,7.0,16.0,7.0,6.0,12.0,-7.0,3.0,14.0,-2.0,5.0,0.0,32.0,32.0,53.0,53.0,63.0,0.0,30.0,34.0,51.0,54.0,63.0,3.0,27.0,36.0,49.0,56.0,63.0,4.0,25.0,37.0,48.0,56.0,63.0,6.0,22.0,39.0,46.0,57.0,63.0,7.0,19.0,52.0,45.0,59.0,62.0,6.0,20.0,47.0,45.0,58.0,63.0,11.0,0.0,57.0,18.0,63.0,43.0,63.0,0.0,0.7457268064039098,2.3389155644146253,1.7859545750988206,0.4384760239777558,30.0,160.0,913576.0790933204,943091.3913672534,970436.4600916324,983216.7832167832,995032.5536532432,998408.4880636605,999710.6341933928,999951.7723655654,1000000.0,1000000.0,1000000.0,1000000.0,1000000.0,1000000.0,1000000.0,1000000.0,1000000.0,1000000.0,1000000.0,1000000.0,1000000.0,1000000.0,1000000.0,1000000.0,1000000.0,1000000.0,1000000.0,1000000.0,1000000.0,1000000.0,1000000.0,1000000.0,1000000.0,1000000.0,1000000.0,1000000.0,1000000.0,1000000.0,1000000.0,1000000.0,1000000.0,1000000.0,1000000.0,1000000.0,1000000.0,1000000.0,1000000.0,1000000.0,1000000.0,1000000.0,1000000.0,1000000.0,1000000.0,1000000.0,1000000.0,1000000.0,1000000.0,1000000.0,1000000.0,1000000.0,1000000.0,1000000.0,1000000.0,1000000.0,0.0,0.0,0.0,0.0,0.0,0.0,0.0,0.0,0.0,0.0,0.0,0.0,0.0,0.0,0.0,0.0,0.0,0.0,96.4552688690621,289.36580660718624,578.7316132143711,819.8697853870253,1639.7395707740552,2314.926452857486,4244.031830238725,8970.34000482275,17940.68000964554,32843.01904991558,68145.64745599225,125729.44297082223,235640.2218471184,296262.3583313238,585965.7583795515,737689.8963105859,883723.1733783458,945213.4072823728,983506.1490233904,994743.187846636,998408.4880636605,999180.1302146129,999421.2683867855,999421.2683867855,999469.4960212201,999469.4960212201,999469.4960212201,999517.7236556546,999517.7236556546,999565.9512900892,999662.4065589582,999662.4065589582,999758.8618278273,999758.8618278273,999903.5447311308,999903.5447311308,999951.7723655654,1000000.0,1000000.0,1000000.0,1000000.0,1000000.0,1000000.0,1000000.0,1000000.0,1000000.0,0.0,0.0,0.0,0.0,0.0,0.0,0.0,0.0,0.0,0.0,0.0,0.0,0.0,0.0,0.0,0.0,0.0,0.0,0.0,0.0,0.0,0.0,0.0,0.0,0.0,0.0,0.0,0.0,0.0,0.0,0.0,0.0,0.0,0.0,0.0,0.0,0.0,0.0,0.0,0.0,0.0,0.0,0.0,48.22763443453082,192.91053773812425,675.1868820834334,2411.3817217265464,5401.495056667472,19966.24065589584,53484.44658789487,148975.16276826622,251217.7477694718,480733.0600434048,696503.4965034964,899686.5203761755,965999.5177236556,995563.0576320231,999324.8131179166,999855.3170966964,999951.7723655654,999951.7723655654,999951.7723655654,999951.7723655654,1000000.0,48.22763443453082,48.22763443453082,48.22763443453082,48.22763443453082,48.22763443453082,48.22763443453082,48.22763443453082,48.22763443453082,48.22763443453082,48.22763443453082,48.22763443453082,48.22763443453082,48.22763443453082,48.22763443453082,48.22763443453082,48.22763443453082,48.22763443453082,48.22763443453082,48.22763443453082,48.22763443453082,48.22763443453082,48.22763443453082,48.22763443453082,48.22763443453082,48.22763443453082,48.22763443453082,48.22763443453082,48.22763443453082,48.22763443453082,48.22763443453082,48.22763443453082,48.22763443453082,48.22763443453082,48.22763443453082,48.22763443453082,48.22763443453082,48.22763443453082,48.22763443453082,48.22763443453082,48.22763443453082,48.22763443453082,48.22763443453082,48.22763443453082,48.22763443453082,48.22763443453082,48.22763443453082,48.22763443453082,48.22763443453082,48.22763443453082,48.22763443453082,48.22763443453082,48.22763443453082,48.22763443453082,48.22763443453082,48.22763443453082,48.22763443453082,48.22763443453082,48.22763443453082,48.22763443453082,48.22763443453082,48.22763443453082,192.91053773812425,482.27634434531,1000000.0
FLINT,MAGNUM03,F,na,na,na,na,2025_03_11-15_02_56,na,1,16,Yes,1,na,0.0,192.91053773812425,0.0,11.5,44.0,60.0,,,,0.0,192.91053773817794,0.0,11.5,44.0,60.0,32.0,21.0,10.0,30.0,17.0,9.0,25.0,13.0,7.0,21.0,10.0,7.0,17.0,8.0,6.0,13.0,0.0,4.0,15.0,5.0,6.0,0.0,32.0,32.0,53.0,53.0,63.0,0.0,30.0,34.0,51.0,54.0,63.0,2.0,27.0,36.0,49.0,56.0,63.0,4.0,25.0,37.0,47.0,56.0,63.0,5.0,22.0,38.0,46.0,57.0,63.0,7.0,20.0,44.0,44.0,58.0,62.0,6.0,21.0,40.0,45.0,57.0,63.0,8.0,0.0,57.0,15.0,63.0,44.0,63.0,60.0,0.48942458733238414,2.3176729317127998,1.7814711044616471,0.02777359123758114,30.0,160.0,967156.9809500844,977284.7841813358,987605.4979503255,992814.0824692548,997829.756450446,999276.585483482,999855.3170966964,1000000.0,1000000.0,1000000.0,1000000.0,1000000.0,1000000.0,1000000.0,1000000.0,1000000.0,1000000.0,1000000.0,1000000.0,1000000.0,1000000.0,1000000.0,1000000.0,1000000.0,1000000.0,1000000.0,1000000.0,1000000.0,1000000.0,1000000.0,1000000.0,1000000.0,1000000.0,1000000.0,1000000.0,1000000.0,1000000.0,1000000.0,1000000.0,1000000.0,1000000.0,1000000.0,1000000.0,1000000.0,1000000.0,1000000.0,1000000.0,1000000.0,1000000.0,1000000.0,1000000.0,1000000.0,1000000.0,1000000.0,1000000.0,1000000.0,1000000.0,1000000.0,1000000.0,1000000.0,1000000.0,1000000.0,1000000.0,1000000.0,0.0,0.0,0.0,0.0,0.0,0.0,0.0,0.0,0.0,0.0,0.0,0.0,0.0,0.0,0.0,48.22763443453082,96.4552688690621,96.4552688690621,96.4552688690621,144.68290330359284,289.36580660718624,675.1868820834334,1687.967205208584,2459.609356161082,4388.714733542319,7619.966240655894,18857.005063901615,31299.734748010567,66409.45261634915,118977.57414998783,226718.10947673017,280491.92187123216,576416.6867615144,724041.4757656136,875813.8413310826,937931.0344827586,983072.1003134795,994646.732577767,998794.3091391367,999517.7236556546,999758.8618278273,999758.8618278273,999807.0894622619,999855.3170966964,999903.5447311308,999903.5447311308,999903.5447311308,999903.5447311308,999903.5447311308,999903.5447311308,999951.7723655654,999951.7723655654,999951.7723655654,999951.7723655654,1000000.0,1000000.0,1000000.0,1000000.0,1000000.0,1000000.0,1000000.0,1000000.0,1000000.0,1000000.0,0.0,0.0,0.0,0.0,0.0,0.0,0.0,0.0,0.0,0.0,0.0,0.0,0.0,0.0,0.0,0.0,0.0,0.0,0.0,0.0,0.0,0.0,0.0,0.0,0.0,0.0,0.0,0.0,0.0,0.0,0.0,0.0,0.0,0.0,0.0,0.0,0.0,0.0,0.0,0.0,0.0,0.0,0.0,0.0,241.13817217265407,578.7316132143711,2459.609356161082,6800.096455268857,21557.752592235323,54159.6334699783,152785.14588859427,257921.3889558717,495056.6674704606,696648.1794068001,907113.5760790934,969761.273209549,996961.6590306245,999565.9512900892,1000000.0,1000000.0,1000000.0,1000000.0,1000000.0,1000000.0,0.0,0.0,0.0,0.0,0.0,0.0,0.0,0.0,0.0,0.0,0.0,0.0,0.0,0.0,0.0,0.0,0.0,0.0,0.0,0.0,0.0,0.0,0.0,0.0,0.0,0.0,0.0,0.0,0.0,0.0,0.0,0.0,0.0,0.0,0.0,0.0,0.0,0.0,0.0,0.0,0.0,0.0,0.0,0.0,0.0,0.0,0.0,0.0,0.0,0.0,0.0,0.0,0.0,0.0,0.0,0.0,0.0,0.0,0.0,0.0,48.22763443453082,48.22763443453082,385.82107547624787,1000000.0
FLINT,MAGNUM03,F,na,na,na,na,2025_03_11-15_02_56,na,1,17,Yes,1,na,0.0,96.4552688690621,192.91053773817794,11.5,43.0,62.0,,,,0.0,96.4552688690621,289.36580660721114,11.5,43.0,62.0,32.0,20.0,11.0,30.0,16.0,9.0,25.0,12.0,7.0,21.0,11.0,7.0,18.0,7.0,6.0,14.0,-9.0,-1.0,16.0,0.0,5.0,0.0,32.0,32.0,52.0,52.0,63.0,0.0,30.0,34.0,50.0,54.0,63.0,2.0,27.0,36.0,48.0,56.0,63.0,4.0,25.0,37.0,48.0,56.0,63.0,6.0,24.0,39.0,46.0,57.0,63.0,7.0,21.0,53.0,44.0,63.0,62.0,6.0,22.0,45.0,45.0,58.0,63.0,8.0,0.0,62.0,15.0,63.0,42.0,63.0,62.0,0.6721478319375445,2.312613930390281,1.7927676364987049,0.015526377594276016,30.0,160.0,931227.3932963588,954328.430190499,977622.3776223776,985579.9373040752,995997.1063419338,998649.626235833,999807.0894622619,999903.5447311308,1000000.0,1000000.0,1000000.0,1000000.0,1000000.0,1000000.0,1000000.0,1000000.0,1000000.0,1000000.0,1000000.0,1000000.0,1000000.0,1000000.0,1000000.0,1000000.0,1000000.0,1000000.0,1000000.0,1000000.0,1000000.0,1000000.0,1000000.0,1000000.0,1000000.0,1000000.0,1000000.0,1000000.0,1000000.0,1000000.0,1000000.0,1000000.0,1000000.0,1000000.0,1000000.0,1000000.0,1000000.0,1000000.0,1000000.0,1000000.0,1000000.0,1000000.0,1000000.0,1000000.0,1000000.0,1000000.0,1000000.0,1000000.0,1000000.0,1000000.0,1000000.0,1000000.0,1000000.0,1000000.0,1000000.0,1000000.0,0.0,0.0,0.0,0.0,0.0,0.0,0.0,0.0,0.0,0.0,0.0,0.0,0.0,0.0,0.0,48.22763443453082,96.4552688690621,96.4552688690621,96.4552688690621,96.4552688690621,192.91053773812425,434.04870991077877,916.3250542560885,1350.373764166866,3375.934410417169,7764.649143959485,17313.720761996614,29033.035929587655,64094.526163491675,117337.83457921393,225850.01205690857,281842.29563539906,573667.7115987461,724813.1179165661,877550.0361707257,936870.026525199,982830.962141307,994068.0009645526,998215.5775259222,999083.6749457439,999324.8131179166,999421.2683867855,999517.7236556546,999517.7236556546,999517.7236556546,999758.8618278273,999855.3170966964,999855.3170966964,999855.3170966964,999855.3170966964,999855.3170966964,999855.3170966964,999855.3170966964,999903.5447311308,999951.7723655654,999951.7723655654,1000000.0,1000000.0,1000000.0,1000000.0,1000000.0,1000000.0,1000000.0,1000000.0,0.0,0.0,0.0,0.0,0.0,0.0,0.0,0.0,0.0,0.0,0.0,0.0,0.0,0.0,0.0,0.0,0.0,0.0,0.0,0.0,0.0,0.0,0.0,0.0,0.0,0.0,0.0,0.0,0.0,0.0,0.0,0.0,0.0,0.0,0.0,0.0,0.0,0.0,0.0,0.0,0.0,0.0,48.22763443453082,144.68290330359284,385.82107547624787,723.414516517964,2363.1540872920177,6028.454304316367,23631.540872920184,60477.45358090182,167349.89148782252,276296.117675428,511116.4697371594,718639.9807089462,916759.1029659995,973523.0286954424,997154.5695683626,999517.7236556546,999662.4065589582,999710.6341933928,999807.0894622619,999807.0894622619,999855.3170966964,1000000.0,0.0,0.0,0.0,0.0,0.0,0.0,0.0,0.0,0.0,0.0,0.0,0.0,0.0,0.0,0.0,0.0,0.0,0.0,0.0,0.0,0.0,0.0,0.0,0.0,0.0,0.0,0.0,0.0,0.0,0.0,0.0,0.0,0.0,0.0,0.0,0.0,0.0,0.0,0.0,0.0,0.0,0.0,0.0,0.0,0.0,0.0,0.0,0.0,0.0,0.0,0.0,0.0,0.0,0.0,0.0,0.0,0.0,0.0,0.0,0.0,0.0,0.0,241.13817217265407,1000000.0
FLINT,MAGNUM03,F,na,na,na,na,2025_03_11-15_02_56,na,1,18,Yes,1,na,0.0,192.91053773812425,0.0,13.0,51.5,60.0,,,,0.0,192.91053773812425,0.0,13.0,51.5,60.0,32.0,21.0,10.0,30.0,16.0,9.0,25.0,13.0,7.0,21.0,10.0,7.0,17.0,8.0,6.0,14.0,-4.0,4.0,15.0,5.0,5.0,0.0,32.0,32.0,53.0,53.0,63.0,0.0,30.0,34.0,50.0,54.0,63.0,2.0,27.0,36.0,49.0,56.0,63.0,4.0,25.0,37.0,47.0,56.0,63.0,5.0,22.0,38.0,46.0,57.0,63.0,6.0,20.0,48.0,44.0,58.0,62.0,6.0,21.0,40.0,45.0,57.0,62.0,10.0,0.0,59.0,16.0,62.0,43.0,63.0,60.0,0.5894372078765651,2.329031981284613,1.766115625534281,0.0340119395687256,30.0,160.0,948734.0245960935,964118.639980709,982059.3199903545,989100.5546177959,997540.3906438388,999276.585483482,999903.5447311308,999951.7723655654,1000000.0,1000000.0,1000000.0,1000000.0,1000000.0,1000000.0,1000000.0,1000000.0,1000000.0,1000000.0,1000000.0,1000000.0,1000000.0,1000000.0,1000000.0,1000000.0,1000000.0,1000000.0,1000000.0,1000000.0,1000000.0,1000000.0,1000000.0,1000000.0,1000000.0,1000000.0,1000000.0,1000000.0,1000000.0,1000000.0,1000000.0,1000000.0,1000000.0,1000000.0,1000000.0,1000000.0,1000000.0,1000000.0,1000000.0,1000000.0,1000000.0,1000000.0,1000000.0,1000000.0,1000000.0,1000000.0,1000000.0,1000000.0,1000000.0,1000000.0,1000000.0,1000000.0,1000000.0,1000000.0,1000000.0,1000000.0,0.0,0.0,0.0,0.0,0.0,0.0,0.0,0.0,0.0,0.0,0.0,0.0,0.0,0.0,0.0,0.0,48.22763443453082,48.22763443453082,192.91053773812425,192.91053773812425,337.59344104171646,675.1868820834334,1784.4224740776426,2507.836990595609,5787.316132143714,10802.990113334929,22281.167108753332,36508.31926693995,79430.91391367247,137159.3923318062,257101.51917048462,305136.24306727754,620496.7446346757,764600.9163250542,903496.5034965035,953508.5604051121,986351.5794550277,995321.9194598505,998746.0815047021,999228.3578490474,999565.9512900892,999614.1789245236,999614.1789245236,999662.4065589582,999662.4065589582,999710.6341933928,999807.0894622619,999855.3170966964,999903.5447311308,999903.5447311308,999951.7723655654,999951.7723655654,999951.7723655654,1000000.0,1000000.0,1000000.0,1000000.0,1000000.0,1000000.0,1000000.0,1000000.0,1000000.0,1000000.0,1000000.0,0.0,0.0,0.0,0.0,0.0,0.0,0.0,0.0,0.0,0.0,0.0,0.0,0.0,0.0,0.0,0.0,0.0,0.0,0.0,0.0,0.0,0.0,0.0,0.0,0.0,0.0,0.0,0.0,0.0,0.0,0.0,0.0,0.0,0.0,0.0,0.0,0.0,0.0,0.0,0.0,0.0,0.0,0.0,48.22763443453082,241.13817217265407,723.414516517964,2604.2922594646707,6558.958283096219,22377.6223776224,57824.933687002616,159151.1936339522,264866.1683144442,499300.6993006993,712273.932963588,916228.5989872196,975403.9064383891,998167.3498914879,999855.3170966964,1000000.0,1000000.0,1000000.0,1000000.0,1000000.0,1000000.0,0.0,0.0,0.0,0.0,0.0,0.0,0.0,0.0,0.0,0.0,0.0,0.0,0.0,0.0,0.0,0.0,0.0,0.0,0.0,0.0,0.0,0.0,0.0,0.0,0.0,0.0,0.0,0.0,0.0,0.0,0.0,0.0,0.0,0.0,0.0,0.0,0.0,0.0,0.0,0.0,0.0,0.0,0.0,0.0,0.0,0.0,0.0,0.0,0.0,0.0,0.0,0.0,0.0,0.0,0.0,0.0,0.0,0.0,0.0,0.0,48.22763443453082,96.4552688690621,626.959247648901,1000000.0
FLINT,MAGNUM03,F,na,na,na,na,2025_03_11-15_02_56,na,1,19,Yes,1,na,0.0,192.91053773817794,0.0,12.0,42.0,60.0,,,,0.0,241.13817217265407,0.0,12.0,42.0,60.0,32.0,20.0,11.0,29.0,16.0,9.0,23.0,12.0,7.0,20.0,9.0,7.0,16.0,6.0,6.0,11.0,0.0,5.0,14.0,4.0,6.0,0.0,32.0,32.0,52.0,52.0,63.0,0.0,29.0,34.0,50.0,54.0,63.0,3.0,26.0,36.0,48.0,56.0,63.0,4.0,24.0,37.0,46.0,56.0,63.0,5.0,21.0,39.0,45.0,57.0,63.0,7.0,18.0,42.0,42.0,58.0,63.0,6.0,20.0,40.0,44.0,57.0,63.0,8.0,0.0,56.0,16.0,58.0,40.0,63.0,62.0,0.6991434743536317,2.503747377115274,1.9673313873375995,0.006944276993437237,30.0,160.0,927610.320713769,949939.7154569568,973860.6221364841,984711.8398842536,995852.4234386302,998987.2196768748,999662.4065589582,999903.5447311308,1000000.0,1000000.0,1000000.0,1000000.0,1000000.0,1000000.0,1000000.0,1000000.0,1000000.0,1000000.0,1000000.0,1000000.0,1000000.0,1000000.0,1000000.0,1000000.0,1000000.0,1000000.0,1000000.0,1000000.0,1000000.0,1000000.0,1000000.0,1000000.0,1000000.0,1000000.0,1000000.0,1000000.0,1000000.0,1000000.0,1000000.0,1000000.0,1000000.0,1000000.0,1000000.0,1000000.0,1000000.0,1000000.0,1000000.0,1000000.0,1000000.0,1000000.0,1000000.0,1000000.0,1000000.0,1000000.0,1000000.0,1000000.0,1000000.0,1000000.0,1000000.0,1000000.0,1000000.0,1000000.0,1000000.0,1000000.0,0.0,0.0,0.0,0.0,0.0,0.0,0.0,0.0,0.0,0.0,0.0,0.0,0.0,0.0,0.0,0.0,96.4552688690621,144.68290330359284,289.36580660718624,482.27634434531,868.0974198215577,1639.7395707740552,3375.934410417169,4919.218712322153,9886.665059078852,16976.1273209549,33759.34410417167,54111.4058355437,101519.17048468767,170195.3219194598,283867.85628164926,305811.42994936096,641138.1721726549,775837.9551482999,902387.2679045092,951868.820834338,983602.6042922594,994212.6838678562,998408.4880636605,999517.7236556546,999758.8618278273,999807.0894622619,999903.5447311308,999903.5447311308,999951.7723655654,999951.7723655654,999951.7723655654,999951.7723655654,999951.7723655654,999951.7723655654,999951.7723655654,999951.7723655654,1000000.0,1000000.0,1000000.0,1000000.0,1000000.0,1000000.0,1000000.0,1000000.0,1000000.0,1000000.0,1000000.0,1000000.0,0.0,0.0,0.0,0.0,0.0,0.0,0.0,0.0,0.0,0.0,0.0,0.0,0.0,0.0,0.0,0.0,0.0,0.0,0.0,0.0,0.0,0.0,0.0,0.0,0.0,0.0,0.0,0.0,0.0,0.0,0.0,0.0,0.0,0.0,0.0,0.0,0.0,0.0,0.0,0.0,48.22763443453082,96.4552688690621,241.13817217265407,289.36580660718624,771.6421509524955,2170.2435495538875,7234.145165179647,14034.24162044851,48034.72389679288,107402.94188570054,236411.8639980709,357800.81986978534,583650.831926694,767012.2980467808,929828.7918977574,975018.0853629129,996913.43139619,999807.0894622619,1000000.0,1000000.0,1000000.0,1000000.0,1000000.0,1000000.0,0.0,0.0,0.0,0.0,0.0,0.0,0.0,0.0,0.0,0.0,0.0,0.0,0.0,0.0,0.0,0.0,0.0,0.0,0.0,0.0,0.0,0.0,0.0,0.0,0.0,0.0,0.0,0.0,0.0,0.0,0.0,0.0,0.0,0.0,0.0,0.0,0.0,0.0,0.0,0.0,0.0,0.0,0.0,0.0,0.0,0.0,0.0,0.0,0.0,0.0,0.0,0.0,0.0,0.0,0.0,0.0,0.0,0.0,0.0,0.0,0.0,0.0,48.22763443453082,1000000.0
FLINT,MAGNUM03,F,na,na,na,na,2025_03_11-15_02_56,na,1,20,Yes,1,na,0.0,868.0974198216343,289.36580660718624,14.5,45.0,61.0,,,,0.0,1061.0079575597692,289.36580660718624,14.5,45.0,61.0,32.0,21.0,10.0,29.0,17.0,9.0,24.0,13.0,7.0,21.0,11.0,7.0,18.0,7.0,5.0,14.0,-6.0,3.0,18.0,0.0,5.0,0.0,32.0,32.0,53.0,53.0,63.0,1.0,30.0,34.0,51.0,54.0,63.0,4.0,28.0,36.0,49.0,56.0,63.0,5.0,26.0,37.0,48.0,56.0,63.0,6.0,24.0,39.0,46.0,57.0,62.0,8.0,22.0,51.0,45.0,58.0,61.0,6.0,24.0,46.0,46.0,57.0,62.0,8.0,0.0,56.0,21.0,63.0,44.0,63.0,61.0,1.0109060918676922,2.1731046521282433,1.6256589427540225,0.07034760177664652,30.0,160.0,836556.5469013745,887581.3841331083,943911.2611526405,964745.5992283578,988907.6440800579,997299.2524716662,999662.4065589582,999807.0894622619,1000000.0,1000000.0,1000000.0,1000000.0,1000000.0,1000000.0,1000000.0,1000000.0,1000000.0,1000000.0,1000000.0,1000000.0,1000000.0,1000000.0,1000000.0,1000000.0,1000000.0,1000000.0,1000000.0,1000000.0,1000000.0,1000000.0,1000000.0,1000000.0,1000000.0,1000000.0,1000000.0,1000000.0,1000000.0,1000000.0,1000000.0,1000000.0,1000000.0,1000000.0,1000000.0,1000000.0,1000000.0,1000000.0,1000000.0,1000000.0,1000000.0,1000000.0,1000000.0,1000000.0,1000000.0,1000000.0,1000000.0,1000000.0,1000000.0,1000000.0,1000000.0,1000000.0,1000000.0,1000000.0,1000000.0,1000000.0,0.0,0.0,0.0,0.0,0.0,0.0,0.0,0.0,0.0,0.0,0.0,0.0,0.0,0.0,0.0,0.0,0.0,0.0,0.0,0.0,0.0,48.22763443453082,241.13817217265407,530.5039787798403,1880.8777429467057,4581.625271280436,12249.819146370864,21750.663129973454,47359.53701470944,98818.4229563539,195514.82999758856,233855.79937304073,533494.0921147817,704605.7390884977,880347.2389679286,946756.6915842778,984663.6122498191,995852.4234386302,998312.0327947914,998746.0815047021,998746.0815047021,998890.7644080058,998987.2196768748,998987.2196768748,999131.9025801783,999228.3578490474,999565.9512900892,999614.1789245236,999710.6341933928,999807.0894622619,999855.3170966964,999903.5447311308,999903.5447311308,999951.7723655654,999951.7723655654,999951.7723655654,1000000.0,1000000.0,1000000.0,1000000.0,1000000.0,1000000.0,1000000.0,1000000.0,0.0,0.0,0.0,0.0,0.0,0.0,0.0,0.0,0.0,0.0,0.0,0.0,0.0,0.0,0.0,0.0,0.0,0.0,0.0,0.0,0.0,0.0,0.0,0.0,0.0,0.0,0.0,0.0,0.0,0.0,0.0,0.0,0.0,0.0,0.0,0.0,0.0,0.0,0.0,0.0,0.0,0.0,0.0,0.0,96.4552688690621,385.82107547624787,1687.967205208584,3954.6660236315374,12394.502049674455,34096.93754521341,98770.19532191944,186351.57945502774,400916.325054256,651941.1622859898,896455.268869062,972172.6549312756,997395.7077405354,999662.4065589582,999903.5447311308,999903.5447311308,999903.5447311308,999903.5447311308,999903.5447311308,1000000.0,0.0,0.0,0.0,0.0,0.0,0.0,0.0,0.0,0.0,0.0,0.0,0.0,0.0,0.0,0.0,0.0,0.0,0.0,0.0,0.0,0.0,0.0,0.0,0.0,0.0,0.0,0.0,0.0,0.0,0.0,0.0,0.0,0.0,0.0,0.0,0.0,0.0,0.0,0.0,0.0,0.0,0.0,0.0,0.0,0.0,0.0,0.0,0.0,0.0,0.0,0.0,0.0,0.0,0.0,0.0,0.0,0.0,0.0,0.0,0.0,0.0,337.59344104171646,3954.6660236315374,1000000.0
FLINT,MAGNUM03,F,na,na,na,na,2025_03_11-15_02_56,na,1,21,Yes,1,na,0.0,385.8210754763569,48.22763443453082,14.5,44.0,61.0,,,,0.0,626.959247648901,48.22763443453082,14.5,44.0,61.0,33.0,20.0,10.0,31.0,16.0,9.0,24.0,12.0,7.0,21.0,10.0,6.0,18.0,7.0,5.0,15.0,-4.0,0.0,17.0,2.0,4.0,0.0,33.0,33.0,53.0,53.0,63.0,0.0,31.0,35.0,51.0,54.0,63.0,4.0,28.0,37.0,49.0,56.0,63.0,5.0,26.0,38.0,48.0,57.0,63.0,6.0,24.0,39.0,46.0,58.0,63.0,7.0,22.0,48.0,44.0,62.0,62.0,6.0,23.0,43.0,45.0,58.0,62.0,9.0,0.0,63.0,20.0,63.0,41.0,63.0,61.0,0.9717989530010887,2.3558326199259025,1.8155167749384389,0.03672831401070007,30.0,160.0,852568.1215336386,900168.796720521,946708.4639498432,969327.2244996383,989293.4651555341,997251.0248372317,999710.6341933928,999903.5447311308,1000000.0,1000000.0,1000000.0,1000000.0,1000000.0,1000000.0,1000000.0,1000000.0,1000000.0,1000000.0,1000000.0,1000000.0,1000000.0,1000000.0,1000000.0,1000000.0,1000000.0,1000000.0,1000000.0,1000000.0,1000000.0,1000000.0,1000000.0,1000000.0,1000000.0,1000000.0,1000000.0,1000000.0,1000000.0,1000000.0,1000000.0,1000000.0,1000000.0,1000000.0,1000000.0,1000000.0,1000000.0,1000000.0,1000000.0,1000000.0,1000000.0,1000000.0,1000000.0,1000000.0,1000000.0,1000000.0,1000000.0,1000000.0,1000000.0,1000000.0,1000000.0,1000000.0,1000000.0,1000000.0,1000000.0,1000000.0,0.0,0.0,0.0,0.0,0.0,0.0,0.0,0.0,0.0,0.0,0.0,0.0,0.0,0.0,0.0,0.0,0.0,0.0,0.0,0.0,96.4552688690621,144.68290330359284,385.82107547624787,771.6421509524955,1398.601398601398,3231.251507113574,9741.98215577526,19532.191945985043,39739.57077405354,78562.81649385093,152688.69061972518,191801.30214612972,420207.37882806844,572606.7036411864,759392.3318061249,870508.8015432842,952640.4629852904,984952.9780564263,996865.2037617555,998842.5367735712,999180.1302146129,999421.2683867855,999469.4960212201,999614.1789245236,999662.4065589582,999662.4065589582,999807.0894622619,999855.3170966964,999903.5447311308,999903.5447311308,999903.5447311308,999903.5447311308,999951.7723655654,999951.7723655654,999951.7723655654,999951.7723655654,1000000.0,1000000.0,1000000.0,1000000.0,1000000.0,1000000.0,1000000.0,1000000.0,0.0,0.0,0.0,0.0,0.0,0.0,0.0,0.0,0.0,0.0,0.0,0.0,0.0,0.0,0.0,0.0,0.0,0.0,0.0,0.0,0.0,0.0,0.0,0.0,0.0,0.0,0.0,0.0,0.0,0.0,0.0,0.0,0.0,0.0,0.0,0.0,0.0,0.0,0.0,0.0,0.0,48.22763443453082,48.22763443453082,192.91053773812425,337.59344104171646,675.1868820834334,2314.926452857486,5353.267422232942,16493.850976609592,44899.92765854842,128430.1904991561,242874.36701229803,443501.3262599469,664576.802507837,876730.1663853389,950952.495780082,990981.4323607427,998649.626235833,999662.4065589582,999807.0894622619,999855.3170966964,999855.3170966964,999951.7723655654,1000000.0,0.0,0.0,0.0,0.0,0.0,0.0,0.0,0.0,0.0,0.0,0.0,0.0,0.0,0.0,0.0,0.0,0.0,0.0,0.0,0.0,0.0,0.0,0.0,0.0,0.0,0.0,0.0,0.0,0.0,0.0,0.0,0.0,0.0,0.0,0.0,0.0,0.0,0.0,0.0,0.0,0.0,0.0,0.0,0.0,0.0,0.0,0.0,0.0,0.0,0.0,0.0,0.0,0.0,0.0,0.0,0.0,0.0,0.0,0.0,0.0,0.0,96.4552688690621,1061.0079575596806,1000000.0
FLINT,MAGNUM03,F,na,na,na,na,2025_03_11-15_02_56,na,1,22,Yes,1,na,0.0,48.22763443453082,0.0,13.0,44.0,59.0,,,,0.0,48.22763443453082,0.0,13.0,44.0,59.0,32.0,21.0,10.0,30.0,17.0,9.0,24.0,13.0,8.0,22.0,11.0,7.0,19.0,9.0,6.0,15.0,6.0,4.0,17.0,8.0,4.0,0.0,32.0,32.0,53.0,53.0,63.0,0.0,30.0,34.0,51.0,54.0,63.0,3.0,27.0,36.0,49.0,55.0,63.0,4.0,26.0,37.0,48.0,56.0,63.0,5.0,24.0,38.0,47.0,56.0,62.0,7.0,22.0,40.0,46.0,57.0,61.0,6.0,23.0,38.0,46.0,57.0,61.0,7.0,0.0,44.0,19.0,58.0,44.0,63.0,60.0,0.6806897595220085,2.1072964883091068,1.6089783733959133,0.08576525070612463,30.0,160.0,919459.8504943332,947769.4719074029,974246.4432119604,987798.4084880636,996672.2932240173,999228.3578490474,999855.3170966964,1000000.0,1000000.0,1000000.0,1000000.0,1000000.0,1000000.0,1000000.0,1000000.0,1000000.0,1000000.0,1000000.0,1000000.0,1000000.0,1000000.0,1000000.0,1000000.0,1000000.0,1000000.0,1000000.0,1000000.0,1000000.0,1000000.0,1000000.0,1000000.0,1000000.0,1000000.0,1000000.0,1000000.0,1000000.0,1000000.0,1000000.0,1000000.0,1000000.0,1000000.0,1000000.0,1000000.0,1000000.0,1000000.0,1000000.0,1000000.0,1000000.0,1000000.0,1000000.0,1000000.0,1000000.0,1000000.0,1000000.0,1000000.0,1000000.0,1000000.0,1000000.0,1000000.0,1000000.0,1000000.0,1000000.0,1000000.0,1000000.0,0.0,0.0,0.0,0.0,0.0,0.0,0.0,0.0,0.0,0.0,0.0,0.0,0.0,0.0,0.0,0.0,0.0,0.0,0.0,96.4552688690621,144.68290330359284,192.91053773812425,482.27634434531,916.3250542560885,2556.0646250301406,6028.454304316367,13648.420544972252,27248.61345551002,60284.543043163794,114733.54231974925,219676.87484928867,282855.0759585242,595321.9194598504,758090.1856763925,907499.3971545695,963877.5018085362,991656.6192428261,997926.211719315,999710.6341933928,999855.3170966964,999903.5447311308,999951.7723655654,999951.7723655654,1000000.0,1000000.0,1000000.0,1000000.0,1000000.0,1000000.0,1000000.0,1000000.0,1000000.0,1000000.0,1000000.0,1000000.0,1000000.0,1000000.0,1000000.0,1000000.0,1000000.0,1000000.0,1000000.0,1000000.0,1000000.0,0.0,0.0,0.0,0.0,0.0,0.0,0.0,0.0,0.0,0.0,0.0,0.0,0.0,0.0,0.0,0.0,0.0,0.0,0.0,0.0,0.0,0.0,0.0,0.0,0.0,0.0,0.0,0.0,0.0,0.0,0.0,0.0,0.0,0.0,0.0,0.0,0.0,0.0,0.0,0.0,0.0,0.0,0.0,0.0,96.4552688690621,96.4552688690621,1012.7803231251486,3279.479141548107,14709.428502531931,42922.5946467326,126983.36146612006,245189.29346515556,482806.84832408966,723607.4270557029,933108.2710393055,985049.4333252953,998890.7644080058,999951.7723655654,1000000.0,1000000.0,1000000.0,1000000.0,1000000.0,1000000.0,0.0,0.0,0.0,0.0,0.0,0.0,0.0,0.0,0.0,0.0,0.0,0.0,0.0,0.0,0.0,0.0,0.0,0.0,0.0,0.0,0.0,0.0,0.0,0.0,0.0,0.0,0.0,0.0,0.0,0.0,0.0,0.0,0.0,0.0,0.0,0.0,0.0,0.0,0.0,0.0,0.0,0.0,0.0,0.0,0.0,0.0,0.0,0.0,0.0,0.0,0.0,0.0,0.0,0.0,0.0,0.0,0.0,0.0,0.0,0.0,144.68290330359284,1012.7803231251486,3617.07258258982,1000000.0
FLINT,MAGNUM03,F,na,na,na,na,2025_03_11-15_02_56,na,1,23,Yes,1,na,0.0,0.0,0.0,10.5,0.0,60.0,,,,0.0,0.0,0.0,10.5,0.0,60.0,32.0,20.0,11.0,29.0,16.0,9.0,25.0,12.0,8.0,21.0,9.0,7.0,17.0,7.0,6.0,12.0,3.0,5.0,16.0,5.0,5.0,0.0,32.0,32.0,52.0,52.0,63.0,0.0,29.0,34.0,50.0,54.0,63.0,1.0,26.0,36.0,48.0,55.0,63.0,3.0,24.0,37.0,46.0,56.0,63.0,5.0,22.0,38.0,45.0,57.0,63.0,6.0,18.0,40.0,43.0,58.0,63.0,5.0,21.0,39.0,44.0,58.0,63.0,8.0,0.0,42.0,13.0,58.0,0.0,63.0,62.0,0.45319816352715153,2.4432938519078666,1.933858562721503,0.009820453887798475,30.0,160.0,968266.2165420785,979455.0277308897,989438.1480588376,994116.2285989872,998408.4880636605,999662.4065589582,999903.5447311308,999951.7723655654,1000000.0,1000000.0,1000000.0,1000000.0,1000000.0,1000000.0,1000000.0,1000000.0,1000000.0,1000000.0,1000000.0,1000000.0,1000000.0,1000000.0,1000000.0,1000000.0,1000000.0,1000000.0,1000000.0,1000000.0,1000000.0,1000000.0,1000000.0,1000000.0,1000000.0,1000000.0,1000000.0,1000000.0,1000000.0,1000000.0,1000000.0,1000000.0,1000000.0,1000000.0,1000000.0,1000000.0,1000000.0,1000000.0,1000000.0,1000000.0,1000000.0,1000000.0,1000000.0,1000000.0,1000000.0,1000000.0,1000000.0,1000000.0,1000000.0,1000000.0,1000000.0,1000000.0,1000000.0,1000000.0,1000000.0,1000000.0,0.0,0.0,0.0,0.0,0.0,0.0,0.0,0.0,0.0,0.0,0.0,0.0,0.0,96.4552688690621,144.68290330359284,144.68290330359284,144.68290330359284,192.91053773812425,289.36580660718624,434.04870991077877,530.5039787798403,1061.0079575596806,2507.836990595609,4147.576561369663,8246.925488304796,14757.656136966469,29081.263564022156,51265.97540390642,96889.31757897274,163009.4043887147,289124.66843501315,370532.91536050156,640318.3023872678,777188.3289124668,903255.365324331,954473.1130938027,986158.6689172896,995321.9194598505,999035.4473113093,999662.4065589582,999951.7723655654,1000000.0,1000000.0,1000000.0,1000000.0,1000000.0,1000000.0,1000000.0,1000000.0,1000000.0,1000000.0,1000000.0,1000000.0,1000000.0,1000000.0,1000000.0,1000000.0,1000000.0,1000000.0,1000000.0,1000000.0,1000000.0,1000000.0,1000000.0,48.22763443453082,48.22763443453082,48.22763443453082,48.22763443453082,48.22763443453082,48.22763443453082,48.22763443453082,48.22763443453082,48.22763443453082,48.22763443453082,48.22763443453082,48.22763443453082,48.22763443453082,48.22763443453082,48.22763443453082,48.22763443453082,48.22763443453082,48.22763443453082,48.22763443453082,48.22763443453082,48.22763443453082,48.22763443453082,48.22763443453082,48.22763443453082,48.22763443453082,48.22763443453082,48.22763443453082,48.22763443453082,48.22763443453082,48.22763443453082,48.22763443453082,48.22763443453082,48.22763443453082,48.22763443453082,48.22763443453082,48.22763443453082,48.22763443453082,48.22763443453082,48.22763443453082,48.22763443453082,48.22763443453082,48.22763443453082,192.91053773812425,289.36580660718624,868.0974198215577,2025.5606462503029,6462.5030142271535,14082.469254883039,39160.839160839154,89751.62768266215,210176.03086568604,346515.55341210513,572606.7036411864,761803.7135278515,930986.255124186,978394.0197733301,997202.7972027971,999469.4960212201,1000000.0,1000000.0,1000000.0,1000000.0,1000000.0,1000000.0,0.0,0.0,0.0,0.0,0.0,0.0,0.0,0.0,0.0,0.0,0.0,0.0,0.0,0.0,0.0,0.0,0.0,0.0,0.0,0.0,0.0,0.0,0.0,0.0,0.0,0.0,0.0,0.0,0.0,0.0,0.0,0.0,0.0,0.0,0.0,0.0,0.0,0.0,0.0,0.0,0.0,0.0,0.0,0.0,0.0,0.0,0.0,0.0,0.0,0.0,0.0,0.0,0.0,0.0,0.0,0.0,0.0,0.0,0.0,0.0,0.0,0.0,96.4552688690621,1000000.0
FLINT,MAGNUM03,F,na,na,na,na,2025_03_11-15_02_56,na,1,24,Yes,1,na,0.0,192.91053773817794,0.0,14.0,41.0,0.0,,,,0.0,241.13817217270875,0.0,14.0,41.0,0.0,32.0,20.0,11.0,29.0,16.0,9.0,25.0,12.0,7.0,20.0,8.0,6.0,16.0,5.0,5.0,13.0,1.0,3.0,14.0,3.0,5.0,0.0,32.0,32.0,52.0,52.0,63.0,0.0,29.0,34.0,50.0,54.0,63.0,1.0,26.0,36.0,48.0,56.0,63.0,4.0,24.0,38.0,46.0,57.0,63.0,5.0,21.0,39.0,44.0,58.0,63.0,6.0,19.0,41.0,42.0,60.0,63.0,6.0,20.0,40.0,43.0,58.0,63.0,10.0,0.0,45.0,18.0,63.0,40.0,63.0,0.0,0.46821035974974456,2.5889796069930724,2.0429591186900002,0.4377639156890563,30.0,160.0,971159.8746081505,979599.7106341934,989197.009886665,993248.1311791657,997733.301181577,999421.2683867855,999903.5447311308,1000000.0,1000000.0,1000000.0,1000000.0,1000000.0,1000000.0,1000000.0,1000000.0,1000000.0,1000000.0,1000000.0,1000000.0,1000000.0,1000000.0,1000000.0,1000000.0,1000000.0,1000000.0,1000000.0,1000000.0,1000000.0,1000000.0,1000000.0,1000000.0,1000000.0,1000000.0,1000000.0,1000000.0,1000000.0,1000000.0,1000000.0,1000000.0,1000000.0,1000000.0,1000000.0,1000000.0,1000000.0,1000000.0,1000000.0,1000000.0,1000000.0,1000000.0,1000000.0,1000000.0,1000000.0,1000000.0,1000000.0,1000000.0,1000000.0,1000000.0,1000000.0,1000000.0,1000000.0,1000000.0,1000000.0,1000000.0,1000000.0,0.0,0.0,0.0,0.0,0.0,0.0,0.0,0.0,0.0,0.0,0.0,0.0,0.0,0.0,0.0,0.0,0.0,0.0,48.22763443453082,241.13817217265407,819.8697853870253,1639.7395707740552,3472.38967928623,5594.405594405593,10465.39667229322,18230.045816252703,35977.8152881601,56715.698095008425,105570.29177718823,172027.9720279721,291391.3672534362,358524.23438630335,627489.7516276826,754810.7065348444,887195.563057632,940969.375452134,979696.1659030624,992235.3508560404,997733.301181577,999180.1302146129,999807.0894622619,1000000.0,1000000.0,1000000.0,1000000.0,1000000.0,1000000.0,1000000.0,1000000.0,1000000.0,1000000.0,1000000.0,1000000.0,1000000.0,1000000.0,1000000.0,1000000.0,1000000.0,1000000.0,1000000.0,1000000.0,1000000.0,1000000.0,1000000.0,0.0,0.0,0.0,0.0,0.0,0.0,0.0,0.0,0.0,0.0,0.0,0.0,0.0,0.0,0.0,0.0,0.0,0.0,0.0,0.0,0.0,0.0,0.0,0.0,0.0,0.0,0.0,0.0,0.0,0.0,0.0,0.0,0.0,0.0,0.0,0.0,0.0,0.0,0.0,0.0,48.22763443453082,96.4552688690621,385.82107547624787,675.1868820834334,1543.2843019049903,2459.609356161082,7716.421509524954,16590.30624547866,43597.78152881599,96117.67542802019,225898.23969134316,346563.7810465396,558668.9172896069,731902.5801784422,906245.4786592717,964070.4123462744,993248.1311791657,998263.8051603568,999662.4065589582,999758.8618278273,999903.5447311308,999903.5447311308,999951.7723655654,1000000.0,48.22763443453082,48.22763443453082,48.22763443453082,48.22763443453082,48.22763443453082,48.22763443453082,48.22763443453082,48.22763443453082,48.22763443453082,48.22763443453082,48.22763443453082,48.22763443453082,48.22763443453082,48.22763443453082,48.22763443453082,48.22763443453082,48.22763443453082,48.22763443453082,48.22763443453082,48.22763443453082,48.22763443453082,48.22763443453082,48.22763443453082,48.22763443453082,48.22763443453082,48.22763443453082,48.22763443453082,48.22763443453082,48.22763443453082,48.22763443453082,48.22763443453082,48.22763443453082,48.22763443453082,48.22763443453082,48.22763443453082,48.22763443453082,48.22763443453082,48.22763443453082,48.22763443453082,48.22763443453082,48.22763443453082,48.22763443453082,48.22763443453082,48.22763443453082,48.22763443453082,48.22763443453082,48.22763443453082,48.22763443453082,48.22763443453082,48.22763443453082,48.22763443453082,48.22763443453082,48.22763443453082,48.22763443453082,48.22763443453082,48.22763443453082,48.22763443453082,48.22763443453082,48.22763443453082,48.22763443453082,48.22763443453082,96.4552688690621,144.68290330359284,1000000.0
FLINT,MAGNUM03,F,na,na,na,na,2025_03_11-15_02_56,na,1,25,Yes,1,na,0.0,144.68290330360517,0.0,11.0,41.0,60.0,,,,0.0,241.13817217266728,0.0,11.0,41.0,60.0,32.0,20.0,11.0,29.0,16.0,9.0,25.0,11.0,7.0,20.0,8.0,7.0,16.0,5.0,6.0,10.0,1.0,5.0,13.0,3.0,5.0,0.0,32.0,32.0,52.0,52.0,63.0,0.0,29.0,34.0,50.0,54.0,63.0,1.0,26.0,36.0,47.0,56.0,63.0,3.0,23.0,38.0,46.0,56.0,63.0,4.0,20.0,39.0,44.0,57.0,63.0,6.0,16.0,41.0,42.0,58.0,63.0,5.0,18.0,40.0,43.0,58.0,63.0,8.0,0.0,46.0,14.0,63.0,40.0,63.0,60.0,0.4144342594298621,2.647028597706329,2.0835898203704355,0.02195941428029117,30.0,160.0,972847.8418133591,982541.5963346998,990933.2047263081,995177.2365565469,998842.5367735712,999758.8618278273,999951.7723655654,1000000.0,1000000.0,1000000.0,1000000.0,1000000.0,1000000.0,1000000.0,1000000.0,1000000.0,1000000.0,1000000.0,1000000.0,1000000.0,1000000.0,1000000.0,1000000.0,1000000.0,1000000.0,1000000.0,1000000.0,1000000.0,1000000.0,1000000.0,1000000.0,1000000.0,1000000.0,1000000.0,1000000.0,1000000.0,1000000.0,1000000.0,1000000.0,1000000.0,1000000.0,1000000.0,1000000.0,1000000.0,1000000.0,1000000.0,1000000.0,1000000.0,1000000.0,1000000.0,1000000.0,1000000.0,1000000.0,1000000.0,1000000.0,1000000.0,1000000.0,1000000.0,1000000.0,1000000.0,1000000.0,1000000.0,1000000.0,1000000.0,0.0,0.0,0.0,0.0,0.0,0.0,0.0,0.0,0.0,0.0,0.0,0.0,0.0,0.0,48.22763443453082,144.68290330359284,241.13817217265407,482.27634434531,771.6421509524955,1350.373764166866,2122.0159151193625,3231.251507113574,5015.673981191222,7523.510971786837,12925.006028454296,22618.760549795024,41523.99324813111,66698.81842295633,117771.88328912464,191463.70870508795,320086.80974198214,412298.0467808054,659561.1285266457,785531.7096696408,903882.3245719797,951482.9997588617,980323.1251507113,992814.0824692548,997877.9840848806,999228.3578490474,999855.3170966964,999951.7723655654,1000000.0,1000000.0,1000000.0,1000000.0,1000000.0,1000000.0,1000000.0,1000000.0,1000000.0,1000000.0,1000000.0,1000000.0,1000000.0,1000000.0,1000000.0,1000000.0,1000000.0,1000000.0,1000000.0,1000000.0,1000000.0,1000000.0,0.0,0.0,0.0,0.0,0.0,0.0,0.0,0.0,0.0,0.0,0.0,0.0,0.0,0.0,0.0,0.0,0.0,0.0,0.0,0.0,0.0,0.0,0.0,0.0,0.0,0.0,0.0,0.0,0.0,0.0,0.0,0.0,0.0,0.0,0.0,0.0,0.0,0.0,0.0,0.0,96.4552688690621,144.68290330359284,241.13817217265407,578.7316132143711,1832.650108512174,4485.170002411382,13359.054738365065,26621.654207861102,66698.81842295633,134603.32770677604,285073.54714251263,424113.8172172655,631878.4663612249,793296.3588136001,938365.0831926693,976561.3696648179,995755.9681697612,998987.2196768748,1000000.0,1000000.0,1000000.0,1000000.0,1000000.0,1000000.0,0.0,0.0,0.0,0.0,0.0,0.0,0.0,0.0,0.0,0.0,0.0,0.0,0.0,0.0,0.0,0.0,0.0,0.0,0.0,0.0,0.0,0.0,0.0,0.0,0.0,0.0,0.0,0.0,0.0,0.0,0.0,0.0,0.0,0.0,0.0,0.0,0.0,0.0,0.0,0.0,0.0,0.0,0.0,0.0,0.0,0.0,0.0,0.0,0.0,0.0,0.0,0.0,0.0,0.0,0.0,0.0,0.0,0.0,0.0,0.0,48.22763443453082,48.22763443453082,96.4552688690621,1000000.0
FLINT,MAGNUM03,F,na,na,na,na,2025_03_11-15_02_56,na,1,26,Yes,1,na,0.0,385.82107547624787,96.4552688691443,10.5,41.5,60.0,,,,0.0,482.2763443453922,96.4552688691443,10.5,41.5,60.0,32.0,20.0,11.0,29.0,16.0,9.0,26.0,11.0,8.0,21.0,9.0,7.0,17.0,5.0,6.0,10.0,1.0,5.0,13.0,3.0,6.0,0.0,32.0,32.0,52.0,52.0,63.0,0.0,29.0,34.0,50.0,54.0,63.0,0.0,26.0,36.0,47.0,55.0,63.0,3.0,24.0,37.0,46.0,56.0,63.0,4.0,21.0,39.0,44.0,57.0,63.0,6.0,16.0,41.0,42.0,58.0,63.0,6.0,19.0,40.0,43.0,57.0,63.0,8.0,0.0,57.0,13.0,63.0,38.0,63.0,63.0,0.37962002365393666,2.4813048814949275,2.072172015446681,0.0,30.0,160.0,981046.5396672293,986592.7176272003,993296.3588136001,995418.3747287195,998746.0815047021,999469.4960212201,999903.5447311308,1000000.0,1000000.0,1000000.0,1000000.0,1000000.0,1000000.0,1000000.0,1000000.0,1000000.0,1000000.0,1000000.0,1000000.0,1000000.0,1000000.0,1000000.0,1000000.0,1000000.0,1000000.0,1000000.0,1000000.0,1000000.0,1000000.0,1000000.0,1000000.0,1000000.0,1000000.0,1000000.0,1000000.0,1000000.0,1000000.0,1000000.0,1000000.0,1000000.0,1000000.0,1000000.0,1000000.0,1000000.0,1000000.0,1000000.0,1000000.0,1000000.0,1000000.0,1000000.0,1000000.0,1000000.0,1000000.0,1000000.0,1000000.0,1000000.0,1000000.0,1000000.0,1000000.0,1000000.0,1000000.0,1000000.0,1000000.0,1000000.0,0.0,0.0,0.0,0.0,0.0,0.0,0.0,0.0,0.0,0.0,0.0,0.0,0.0,96.4552688690621,96.4552688690621,144.68290330359284,241.13817217265407,289.36580660718624,482.27634434531,626.959247648901,1253.9184952978064,1784.4224740776426,3086.56860380998,4870.991077887631,9597.299252471657,16493.850976609592,33566.43356643356,53002.170243549546,105714.9746804919,174005.30503978778,308126.3564022184,375259.22353508556,669785.3870267663,796479.3826862791,913045.5751145405,956161.0802990112,986351.5794550277,994743.187846636,998360.2604292259,999276.585483482,999710.6341933928,999903.5447311308,999951.7723655654,999951.7723655654,999951.7723655654,999951.7723655654,999951.7723655654,999951.7723655654,1000000.0,1000000.0,1000000.0,1000000.0,1000000.0,1000000.0,1000000.0,1000000.0,1000000.0,1000000.0,1000000.0,1000000.0,1000000.0,1000000.0,1000000.0,1000000.0,0.0,0.0,0.0,0.0,0.0,0.0,0.0,0.0,0.0,0.0,0.0,0.0,0.0,0.0,0.0,0.0,0.0,0.0,0.0,0.0,0.0,0.0,0.0,0.0,0.0,0.0,0.0,0.0,0.0,0.0,0.0,0.0,0.0,0.0,0.0,0.0,0.0,0.0,96.4552688690621,96.4552688690621,96.4552688690621,96.4552688690621,434.04870991077877,964.5526886906189,2604.2922594646707,5883.771401012779,15577.525922353496,29225.946467325757,80202.55606462507,158138.41331082708,322739.32963588135,458451.8929346515,679913.1902580177,829370.6293706293,954087.2920183266,984663.6122498191,997829.756450446,999614.1789245236,999903.5447311308,999903.5447311308,1000000.0,1000000.0,1000000.0,1000000.0,0.0,0.0,0.0,0.0,0.0,0.0,0.0,0.0,0.0,0.0,0.0,0.0,0.0,0.0,0.0,0.0,0.0,0.0,0.0,0.0,0.0,0.0,0.0,0.0,0.0,0.0,0.0,0.0,0.0,0.0,0.0,0.0,0.0,0.0,0.0,0.0,0.0,0.0,0.0,0.0,0.0,0.0,0.0,0.0,0.0,0.0,0.0,0.0,0.0,0.0,0.0,0.0,0.0,0.0,0.0,0.0,0.0,0.0,0.0,0.0,0.0,0.0,0.0,1000000.0
FLINT,MAGNUM03,F,na,na,na,na,2025_03_11-15_02_56,na,1,27,Yes,1,na,0.0,48.22763443457198,0.0,10.0,41.0,61.0,,,,0.0,96.45526886910281,0.0,10.0,41.0,61.0,32.0,20.0,11.0,29.0,16.0,9.0,24.0,12.0,7.0,20.0,10.0,7.0,16.0,8.0,6.0,13.0,3.0,5.0,14.0,5.0,5.0,0.0,32.0,32.0,52.0,52.0,63.0,0.0,29.0,34.0,50.0,54.0,63.0,2.0,26.0,36.0,48.0,56.0,63.0,4.0,24.0,37.0,47.0,56.0,63.0,5.0,21.0,38.0,46.0,57.0,63.0,6.0,19.0,40.0,43.0,58.0,63.0,6.0,20.0,39.0,44.0,58.0,63.0,7.0,0.0,52.0,13.0,62.0,41.0,63.0,61.0,0.598760971163416,2.469357320008826,1.8491339731622662,0.015527575859944588,30.0,160.0,944007.7164215095,962430.6727755003,981577.043646009,988714.7335423196,997154.5695683626,999373.040752351,1000000.0,1000000.0,1000000.0,1000000.0,1000000.0,1000000.0,1000000.0,1000000.0,1000000.0,1000000.0,1000000.0,1000000.0,1000000.0,1000000.0,1000000.0,1000000.0,1000000.0,1000000.0,1000000.0,1000000.0,1000000.0,1000000.0,1000000.0,1000000.0,1000000.0,1000000.0,1000000.0,1000000.0,1000000.0,1000000.0,1000000.0,1000000.0,1000000.0,1000000.0,1000000.0,1000000.0,1000000.0,1000000.0,1000000.0,1000000.0,1000000.0,1000000.0,1000000.0,1000000.0,1000000.0,1000000.0,1000000.0,1000000.0,1000000.0,1000000.0,1000000.0,1000000.0,1000000.0,1000000.0,1000000.0,1000000.0,1000000.0,1000000.0,0.0,0.0,0.0,0.0,0.0,0.0,0.0,0.0,0.0,0.0,0.0,0.0,0.0,48.22763443453082,48.22763443453082,48.22763443453082,48.22763443453082,48.22763443453082,192.91053773812425,530.5039787798403,771.6421509524955,1398.601398601398,2990.1133349409165,4099.348926935128,8439.836026042916,15915.11936339523,33421.750663129984,54111.4058355437,104605.73908849774,170195.3219194598,296214.1306968893,336773.5712563299,644707.0171208102,777622.3776223776,908608.6327465636,955148.2999758861,987219.6768748492,995707.7405353268,999228.3578490474,999758.8618278273,999951.7723655654,1000000.0,1000000.0,1000000.0,1000000.0,1000000.0,1000000.0,1000000.0,1000000.0,1000000.0,1000000.0,1000000.0,1000000.0,1000000.0,1000000.0,1000000.0,1000000.0,1000000.0,1000000.0,1000000.0,1000000.0,1000000.0,1000000.0,1000000.0,0.0,0.0,0.0,0.0,0.0,0.0,0.0,0.0,0.0,0.0,0.0,0.0,0.0,0.0,0.0,0.0,0.0,0.0,0.0,0.0,0.0,0.0,0.0,0.0,0.0,0.0,0.0,0.0,0.0,0.0,0.0,0.0,0.0,0.0,0.0,0.0,0.0,0.0,0.0,0.0,0.0,96.4552688690621,192.91053773812425,337.59344104171646,626.959247648901,1302.1461297323344,4244.031830238725,9404.388714733534,32987.70195321919,75476.24789004095,196816.97612732102,314974.6804919218,551820.5931999035,745502.7730889799,928960.6944779358,976706.0525681215,997443.9353749697,999469.4960212201,1000000.0,1000000.0,1000000.0,1000000.0,1000000.0,1000000.0,0.0,0.0,0.0,0.0,0.0,0.0,0.0,0.0,0.0,0.0,0.0,0.0,0.0,0.0,0.0,0.0,0.0,0.0,0.0,0.0,0.0,0.0,0.0,0.0,0.0,0.0,0.0,0.0,0.0,0.0,0.0,0.0,0.0,0.0,0.0,0.0,0.0,0.0,0.0,0.0,0.0,0.0,0.0,0.0,0.0,0.0,0.0,0.0,0.0,0.0,0.0,0.0,0.0,0.0,0.0,0.0,0.0,0.0,0.0,0.0,0.0,48.22763443453082,96.4552688690621,1000000.0
FLINT,MAGNUM03,F,na,na,na,na,2025_03_11-15_02_56,na,1,28,Yes,1,na,96.4552688690621,1157.4632264287443,192.91053773817794,9.0,41.0,60.0,,,,144.68290330363408,2073.788280684841,192.91053773817794,9.0,41.0,60.0,32.0,20.0,11.0,29.0,15.0,9.0,22.0,9.0,7.0,17.0,6.0,6.0,13.0,2.0,5.0,2.0,-4.0,3.0,7.0,-2.0,5.0,0.0,32.0,32.0,52.0,52.0,63.0,0.0,29.0,34.0,49.0,54.0,63.0,2.0,24.0,37.0,46.0,56.0,63.0,4.0,21.0,38.0,44.0,57.0,63.0,5.0,18.0,40.0,42.0,58.0,63.0,8.0,10.0,43.0,39.0,60.0,63.0,7.0,14.0,42.0,40.0,58.0,63.0,9.0,0.0,44.0,8.0,63.0,38.0,63.0,63.0,0.6380663158694903,3.027919132148898,2.446923434236751,0.0,30.0,160.0,940101.2780323125,960356.8844948155,978490.4750421991,988328.9124668434,996624.0655895828,998794.3091391367,999517.7236556546,999758.8618278273,999951.7723655654,1000000.0,1000000.0,1000000.0,1000000.0,1000000.0,1000000.0,1000000.0,1000000.0,1000000.0,1000000.0,1000000.0,1000000.0,1000000.0,1000000.0,1000000.0,1000000.0,1000000.0,1000000.0,1000000.0,1000000.0,1000000.0,1000000.0,1000000.0,1000000.0,1000000.0,1000000.0,1000000.0,1000000.0,1000000.0,1000000.0,1000000.0,1000000.0,1000000.0,1000000.0,1000000.0,1000000.0,1000000.0,1000000.0,1000000.0,1000000.0,1000000.0,1000000.0,1000000.0,1000000.0,1000000.0,1000000.0,1000000.0,1000000.0,1000000.0,1000000.0,1000000.0,1000000.0,1000000.0,1000000.0,1000000.0,0.0,0.0,0.0,0.0,0.0,0.0,0.0,0.0,48.22763443453082,144.68290330359284,241.13817217265407,241.13817217265407,385.82107547624787,482.27634434531,578.7316132143711,771.6421509524955,964.5526886906189,1350.373764166866,2025.5606462503029,2941.8857005063924,4967.446346756688,7812.876778394019,11574.632264287418,16445.623342175077,25512.418615866904,38244.514106583076,65010.851217747775,95731.85435254406,157607.90933204733,233759.34410417159,358090.1856763925,398842.5367735712,670508.8015432843,789100.554617796,894188.5700506389,942271.5215818663,974969.8577284784,990065.1073064866,996382.9274174101,998119.1222570533,999083.6749457439,999421.2683867855,999807.0894622619,1000000.0,1000000.0,1000000.0,1000000.0,1000000.0,1000000.0,1000000.0,1000000.0,1000000.0,1000000.0,1000000.0,1000000.0,1000000.0,1000000.0,1000000.0,1000000.0,1000000.0,1000000.0,1000000.0,1000000.0,1000000.0,0.0,0.0,0.0,0.0,0.0,0.0,0.0,0.0,0.0,0.0,0.0,0.0,0.0,0.0,0.0,0.0,0.0,0.0,0.0,0.0,0.0,0.0,0.0,0.0,0.0,0.0,0.0,0.0,0.0,0.0,0.0,0.0,0.0,0.0,0.0,0.0,0.0,0.0,96.4552688690621,385.82107547624787,578.7316132143711,1205.690860863273,2700.747528333735,4340.487099107789,8343.380757173849,15577.525922353496,32505.4256088739,54111.4058355437,110441.28285507599,189872.19676874846,344055.944055944,471762.7200385821,656378.1046539667,796045.3339763684,922449.9638292743,962575.3556788039,990884.9770918736,997636.845912708,999565.9512900892,999807.0894622619,1000000.0,1000000.0,1000000.0,1000000.0,0.0,0.0,0.0,0.0,0.0,0.0,0.0,0.0,0.0,0.0,0.0,0.0,0.0,0.0,0.0,0.0,0.0,0.0,0.0,0.0,0.0,0.0,0.0,0.0,0.0,0.0,0.0,0.0,0.0,0.0,0.0,0.0,0.0,0.0,0.0,0.0,0.0,0.0,0.0,0.0,0.0,0.0,0.0,0.0,0.0,0.0,0.0,0.0,0.0,0.0,0.0,0.0,0.0,0.0,0.0,0.0,0.0,0.0,0.0,0.0,0.0,0.0,0.0,1000000.0
FLINT,MAGNUM03,F,na,na,na,na,2025_03_11-15_02_56,na,1,29,Yes,1,na,0.0,0.0,0.0,13.0,42.0,59.0,,,,0.0,0.0,0.0,13.0,42.0,59.0,32.0,20.0,11.0,29.0,16.0,9.0,23.0,13.0,8.0,21.0,11.0,7.0,18.0,9.0,6.0,13.0,7.0,4.0,16.0,7.0,4.0,0.0,32.0,32.0,52.0,52.0,63.0,1.0,30.0,34.0,50.0,54.0,63.0,4.0,27.0,36.0,49.0,55.0,63.0,5.0,26.0,37.0,48.0,56.0,63.0,6.0,24.0,38.0,47.0,56.0,62.0,8.0,21.0,39.0,46.0,57.0,61.0,6.0,22.0,39.0,46.0,57.0,61.0,8.0,0.0,40.0,18.0,58.0,44.0,63.0,60.0,1.0692795825574763,2.0866551748160282,1.6115691835363957,0.08600886114817884,30.0,160.0,808584.5189293465,866843.5013262599,932143.7183506148,959440.5594405594,989727.5138654449,997636.845912708,999614.1789245236,999855.3170966964,1000000.0,1000000.0,1000000.0,1000000.0,1000000.0,1000000.0,1000000.0,1000000.0,1000000.0,1000000.0,1000000.0,1000000.0,1000000.0,1000000.0,1000000.0,1000000.0,1000000.0,1000000.0,1000000.0,1000000.0,1000000.0,1000000.0,1000000.0,1000000.0,1000000.0,1000000.0,1000000.0,1000000.0,1000000.0,1000000.0,1000000.0,1000000.0,1000000.0,1000000.0,1000000.0,1000000.0,1000000.0,1000000.0,1000000.0,1000000.0,1000000.0,1000000.0,1000000.0,1000000.0,1000000.0,1000000.0,1000000.0,1000000.0,1000000.0,1000000.0,1000000.0,1000000.0,1000000.0,1000000.0,1000000.0,1000000.0,0.0,0.0,0.0,0.0,0.0,0.0,0.0,0.0,0.0,0.0,0.0,0.0,0.0,0.0,0.0,0.0,0.0,0.0,48.22763443453082,144.68290330359284,192.91053773812425,337.59344104171646,723.414516517964,1205.690860863273,2507.836990595609,5739.088497709187,13744.875813841316,26428.743670122974,59416.44562334221,112900.89221123706,212780.32312515072,234723.89679286233,586303.3518205931,751724.1379310344,908512.1774776946,964842.0544972268,991897.7574149987,998215.5775259222,999517.7236556546,999903.5447311308,1000000.0,1000000.0,1000000.0,1000000.0,1000000.0,1000000.0,1000000.0,1000000.0,1000000.0,1000000.0,1000000.0,1000000.0,1000000.0,1000000.0,1000000.0,1000000.0,1000000.0,1000000.0,1000000.0,1000000.0,1000000.0,1000000.0,1000000.0,1000000.0,0.0,0.0,0.0,0.0,0.0,0.0,0.0,0.0,0.0,0.0,0.0,0.0,0.0,0.0,0.0,0.0,0.0,0.0,0.0,0.0,0.0,0.0,0.0,0.0,0.0,0.0,0.0,0.0,0.0,0.0,0.0,0.0,0.0,0.0,0.0,0.0,0.0,0.0,0.0,0.0,0.0,0.0,0.0,0.0,48.22763443453082,192.91053773812425,1012.7803231251486,3327.7067759826386,15191.704846877255,47986.49626235834,163154.08729201835,313045.57511454064,569230.7692307692,783988.4253677358,947142.512659754,988280.6848324089,999373.040752351,1000000.0,1000000.0,1000000.0,1000000.0,1000000.0,1000000.0,1000000.0,0.0,0.0,0.0,0.0,0.0,0.0,0.0,0.0,0.0,0.0,0.0,0.0,0.0,0.0,0.0,0.0,0.0,0.0,0.0,0.0,0.0,0.0,0.0,0.0,0.0,0.0,0.0,0.0,0.0,0.0,0.0,0.0,0.0,0.0,0.0,0.0,0.0,0.0,0.0,0.0,0.0,0.0,0.0,0.0,0.0,0.0,0.0,0.0,0.0,0.0,0.0,0.0,0.0,0.0,0.0,0.0,0.0,0.0,0.0,0.0,144.68290330359284,723.414516517964,4533.397636845913,1000000.0
FLINT,MAGNUM03,F,na,na,na,na,2025_03_11-15_02_56,na,1,30,Yes,1,na,0.0,703834.0969375452,978345.7921388956,11.0,62.0,62.0,,,,0.0,726549.3127562094,978345.7921388956,11.0,62.0,62.0,63.0,0.0,0.0,33.0,0.0,0.0,27.0,0.0,0.0,23.0,-12.0,0.0,19.0,-15.0,0.0,13.0,-16.0,0.0,16.0,-15.0,0.0,0.0,63.0,63.0,63.0,63.0,63.0,0.0,33.0,63.0,63.0,63.0,63.0,1.0,28.0,63.0,63.0,63.0,63.0,3.0,26.0,63.0,51.0,63.0,63.0,4.0,23.0,63.0,48.0,63.0,63.0,6.0,19.0,63.0,47.0,63.0,63.0,5.0,21.0,63.0,48.0,63.0,63.0,6.0,0.0,63.0,16.0,63.0,46.0,63.0,63.0,0.3920231720678291,12.973448501847633,1.515828364181796,0.0,30.0,160.0,976898.9631058596,983940.1977333011,992428.2613937786,995514.8299975885,998890.7644080058,999614.1789245236,1000000.0,1000000.0,1000000.0,1000000.0,1000000.0,1000000.0,1000000.0,1000000.0,1000000.0,1000000.0,1000000.0,1000000.0,1000000.0,1000000.0,1000000.0,1000000.0,1000000.0,1000000.0,1000000.0,1000000.0,1000000.0,1000000.0,1000000.0,1000000.0,1000000.0,1000000.0,1000000.0,1000000.0,1000000.0,1000000.0,1000000.0,1000000.0,1000000.0,1000000.0,1000000.0,1000000.0,1000000.0,1000000.0,1000000.0,1000000.0,1000000.0,1000000.0,1000000.0,1000000.0,1000000.0,1000000.0,1000000.0,1000000.0,1000000.0,1000000.0,1000000.0,1000000.0,1000000.0,1000000.0,1000000.0,1000000.0,1000000.0,1000000.0,0.0,0.0,0.0,0.0,0.0,0.0,0.0,0.0,0.0,0.0,0.0,0.0,0.0,0.0,0.0,0.0,48.22763443453082,144.68290330359284,192.91053773812425,337.59344104171646,482.27634434531,675.1868820834334,964.5526886906189,1398.601398601398,2893.6580660718573,4870.991077887631,8488.063660477448,13407.2823727996,24162.044851699997,38389.197009886644,63901.615625753526,75042.19918013019,136870.02652519892,162671.81094767308,192621.1719315168,205305.03978779836,214130.69688931757,217892.452375211,221171.931516759,222281.1671087533,224113.8172172655,225126.59754039065,227055.70291777188,228598.9872196768,230769.23076923066,232457.19797443924,235495.53894381475,237376.41668676145,240125.39184952975,242054.49722691096,245141.06583072094,247745.35809018562,250831.92669399563,253339.76368459128,258210.7547624789,260911.5022908126,265830.72100313473,269640.70412346267,276199.6624065589,281263.5640221847,289558.717144924,296165.90306245483,309428.50253195077,1000000.0,0.0,0.0,0.0,0.0,0.0,0.0,0.0,0.0,0.0,0.0,0.0,0.0,0.0,0.0,0.0,0.0,0.0,0.0,0.0,0.0,0.0,0.0,0.0,0.0,0.0,0.0,0.0,0.0,0.0,0.0,0.0,0.0,0.0,0.0,0.0,0.0,0.0,0.0,0.0,0.0,0.0,0.0,0.0,0.0,0.0,0.0,192.91053773812425,482.27634434531,1446.829033035929,2314.926452857486,4581.625271280436,6414.2753797926125,9741.98215577526,12490.957318543524,16204.485170002381,17651.314203038342,18953.460332770668,19435.736677115998,19966.24065589584,20255.606462503023,20979.020979020985,21654.207861104413,22763.44345309863,1000000.0,0.0,0.0,0.0,0.0,0.0,0.0,0.0,0.0,0.0,0.0,0.0,0.0,0.0,0.0,0.0,0.0,0.0,0.0,0.0,0.0,0.0,0.0,0.0,0.0,0.0,0.0,0.0,0.0,0.0,0.0,0.0,0.0,0.0,0.0,0.0,0.0,0.0,0.0,0.0,0.0,0.0,0.0,0.0,0.0,0.0,0.0,0.0,0.0,0.0,0.0,0.0,0.0,0.0,0.0,0.0,0.0,0.0,0.0,0.0,0.0,0.0,0.0,0.0,1000000.0
FLINT,MAGNUM03,F,na,na,na,na,2025_03_11-15_02_56,na,1,31,Yes,1,na,48.22763443453082,48.22763443457198,0.0,9.0,41.0,61.0,,,,48.22763443453082,96.45526886910281,0.0,9.0,41.0,61.0,32.0,20.0,11.0,29.0,16.0,9.0,22.0,11.0,8.0,18.0,9.0,7.0,13.0,6.0,6.0,8.0,2.0,5.0,10.0,4.0,6.0,0.0,32.0,32.0,52.0,52.0,63.0,0.0,29.0,34.0,50.0,54.0,63.0,3.0,25.0,36.0,47.0,55.0,63.0,4.0,22.0,37.0,46.0,56.0,63.0,5.0,18.0,38.0,44.0,57.0,63.0,6.0,14.0,40.0,42.0,58.0,63.0,6.0,16.0,39.0,43.0,57.0,63.0,8.0,0.0,41.0,7.0,59.0,41.0,63.0,63.0,0.6555261343209527,2.7032148397826474,2.01292781186301,0.0,30.0,160.0,930455.7511454063,953460.3327706775,976561.3696648179,986640.9452616348,997299.2524716662,999421.2683867855,999951.7723655654,1000000.0,1000000.0,1000000.0,1000000.0,1000000.0,1000000.0,1000000.0,1000000.0,1000000.0,1000000.0,1000000.0,1000000.0,1000000.0,1000000.0,1000000.0,1000000.0,1000000.0,1000000.0,1000000.0,1000000.0,1000000.0,1000000.0,1000000.0,1000000.0,1000000.0,1000000.0,1000000.0,1000000.0,1000000.0,1000000.0,1000000.0,1000000.0,1000000.0,1000000.0,1000000.0,1000000.0,1000000.0,1000000.0,1000000.0,1000000.0,1000000.0,1000000.0,1000000.0,1000000.0,1000000.0,1000000.0,1000000.0,1000000.0,1000000.0,1000000.0,1000000.0,1000000.0,1000000.0,1000000.0,1000000.0,1000000.0,1000000.0,0.0,0.0,0.0,0.0,0.0,0.0,0.0,48.22763443453082,48.22763443453082,48.22763443453082,96.4552688690621,96.4552688690621,96.4552688690621,192.91053773812425,289.36580660718624,337.59344104171646,675.1868820834334,771.6421509524955,1398.601398601398,1880.8777429467057,2797.202797202796,3858.2107547624714,6317.820110923553,9597.299252471657,16493.850976609592,26332.288401253903,49770.918736435924,84108.99445382209,136001.9291053774,223486.85796961654,344972.26911020005,365083.19266939955,684832.4089703399,808680.9741982155,918688.2083433807,964022.1847118399,986882.0834338076,995514.8299975885,998890.7644080058,999662.4065589582,999951.7723655654,1000000.0,1000000.0,1000000.0,1000000.0,1000000.0,1000000.0,1000000.0,1000000.0,1000000.0,1000000.0,1000000.0,1000000.0,1000000.0,1000000.0,1000000.0,1000000.0,1000000.0,1000000.0,1000000.0,1000000.0,1000000.0,1000000.0,1000000.0,0.0,0.0,0.0,0.0,0.0,0.0,0.0,0.0,0.0,0.0,0.0,0.0,0.0,0.0,0.0,0.0,0.0,0.0,0.0,0.0,0.0,0.0,0.0,0.0,0.0,0.0,0.0,0.0,0.0,0.0,0.0,0.0,0.0,0.0,0.0,0.0,0.0,0.0,0.0,0.0,0.0,96.4552688690621,385.82107547624787,868.0974198215577,1977.3330118157653,4485.170002411382,11912.225705329136,23872.679045092835,66361.22498191468,141306.96889317594,305088.015432843,468290.3303592958,665155.5341210513,826476.9713045574,950132.625994695,984518.9293465156,997733.301181577,999614.1789245236,1000000.0,1000000.0,1000000.0,1000000.0,1000000.0,1000000.0,0.0,0.0,0.0,0.0,0.0,0.0,0.0,0.0,0.0,0.0,0.0,0.0,0.0,0.0,0.0,0.0,0.0,0.0,0.0,0.0,0.0,0.0,0.0,0.0,0.0,0.0,0.0,0.0,0.0,0.0,0.0,0.0,0.0,0.0,0.0,0.0,0.0,0.0,0.0,0.0,0.0,0.0,0.0,0.0,0.0,0.0,0.0,0.0,0.0,0.0,0.0,0.0,0.0,0.0,0.0,0.0,0.0,0.0,0.0,0.0,0.0,0.0,0.0,1000000.0
FLINT,MAGNUM03,F,na,na,na,na,2025_03_11-15_02_56,na,1,32,Yes,1,na,96.4552688690621,2459.609356161082,0.0,8.0,41.0,0.0,,,,96.4552688690621,3617.072582589929,0.0,8.0,41.0,0.0,32.0,19.0,12.0,28.0,15.0,9.0,21.0,8.0,7.0,16.0,5.0,6.0,11.0,0.0,5.0,3.0,-7.0,4.0,7.0,-4.0,4.0,0.0,32.0,32.0,51.0,51.0,63.0,0.0,28.0,34.0,49.0,54.0,63.0,2.0,23.0,37.0,45.0,56.0,63.0,4.0,20.0,38.0,43.0,57.0,63.0,5.0,16.0,40.0,40.0,58.0,63.0,7.0,10.0,43.0,36.0,59.0,63.0,6.0,13.0,42.0,38.0,59.0,63.0,12.0,0.0,45.0,3.0,60.0,26.0,63.0,0.0,0.5727469923748396,3.2963580417093126,2.617619224416116,0.4374894505865458,30.0,160.0,950952.495780082,967398.119122257,984036.6530021701,990981.4323607427,997251.0248372317,998987.2196768748,999662.4065589582,999951.7723655654,999951.7723655654,999951.7723655654,999951.7723655654,1000000.0,1000000.0,1000000.0,1000000.0,1000000.0,1000000.0,1000000.0,1000000.0,1000000.0,1000000.0,1000000.0,1000000.0,1000000.0,1000000.0,1000000.0,1000000.0,1000000.0,1000000.0,1000000.0,1000000.0,1000000.0,1000000.0,1000000.0,1000000.0,1000000.0,1000000.0,1000000.0,1000000.0,1000000.0,1000000.0,1000000.0,1000000.0,1000000.0,1000000.0,1000000.0,1000000.0,1000000.0,1000000.0,1000000.0,1000000.0,1000000.0,1000000.0,1000000.0,1000000.0,1000000.0,1000000.0,1000000.0,1000000.0,1000000.0,1000000.0,1000000.0,1000000.0,1000000.0,0.0,0.0,0.0,48.22763443453082,48.22763443453082,96.4552688690621,96.4552688690621,96.4552688690621,144.68290330359284,192.91053773812425,337.59344104171646,337.59344104171646,434.04870991077877,723.414516517964,964.5526886906189,1253.9184952978064,1639.7395707740552,2652.5198938992025,3954.6660236315374,5546.177959971061,8198.697853870257,12635.640221847118,18664.09452616349,25126.59754039064,37424.64432119603,53629.1294911985,88063.66047745357,125102.48372317334,182686.2792380034,266168.31444417645,389920.42440318305,427007.47528333735,685748.734024596,795514.8299975888,895635.3990836749,943525.4400771642,974005.3050397878,987557.2703158909,995032.5536532432,996961.6590306245,998842.5367735712,999469.4960212201,999807.0894622619,999903.5447311308,1000000.0,1000000.0,1000000.0,1000000.0,1000000.0,1000000.0,1000000.0,1000000.0,1000000.0,1000000.0,1000000.0,1000000.0,1000000.0,1000000.0,1000000.0,1000000.0,1000000.0,1000000.0,1000000.0,1000000.0,0.0,0.0,0.0,0.0,0.0,0.0,0.0,0.0,0.0,0.0,0.0,0.0,0.0,0.0,0.0,0.0,0.0,0.0,0.0,0.0,0.0,0.0,0.0,0.0,0.0,0.0,48.22763443453082,48.22763443453082,48.22763443453082,48.22763443453082,48.22763443453082,48.22763443453082,96.4552688690621,96.4552688690621,144.68290330359284,192.91053773812425,241.13817217265407,337.59344104171646,675.1868820834334,1061.0079575596806,1495.056667470457,2507.836990595609,4726.3081745840345,8488.063660477448,14805.883771401013,26669.88184229562,53243.30841572216,82951.5312273933,145792.13889558718,239498.43260188086,404244.0318302387,546515.5534121051,705329.1536050157,826959.2476489028,931854.3525440076,970918.7364359779,991511.9363395225,997395.7077405354,999469.4960212201,999903.5447311308,1000000.0,1000000.0,1000000.0,1000000.0,48.22763443453082,48.22763443453082,48.22763443453082,48.22763443453082,48.22763443453082,48.22763443453082,48.22763443453082,48.22763443453082,48.22763443453082,48.22763443453082,48.22763443453082,48.22763443453082,48.22763443453082,48.22763443453082,48.22763443453082,48.22763443453082,48.22763443453082,48.22763443453082,48.22763443453082,48.22763443453082,48.22763443453082,48.22763443453082,48.22763443453082,48.22763443453082,48.22763443453082,48.22763443453082,48.22763443453082,48.22763443453082,48.22763443453082,48.22763443453082,48.22763443453082,48.22763443453082,48.22763443453082,48.22763443453082,48.22763443453082,48.22763443453082,48.22763443453082,48.22763443453082,48.22763443453082,48.22763443453082,48.22763443453082,48.22763443453082,48.22763443453082,48.22763443453082,48.22763443453082,48.22763443453082,48.22763443453082,48.22763443453082,48.22763443453082,48.22763443453082,48.22763443453082,48.22763443453082,48.22763443453082,48.22763443453082,48.22763443453082,48.22763443453082,48.22763443453082,48.22763443453082,48.22763443453082,48.22763443453082,48.22763443453082,48.22763443453082,48.22763443453082,1000000.0
FLINT,MAGNUM03,F,na,na,na,na,2025_03_11-15_02_56,na,1,33,Yes,1,na,0.0,0.0,0.0,13.0,42.0,58.0,,,,0.0,0.0,0.0,13.0,42.0,58.0,32.0,20.0,11.0,30.0,16.0,9.0,23.0,12.0,8.0,20.0,10.0,7.0,17.0,8.0,6.0,12.0,6.0,4.0,16.0,7.0,4.0,0.0,32.0,32.0,52.0,52.0,63.0,0.0,30.0,34.0,50.0,54.0,63.0,4.0,27.0,36.0,48.0,55.0,63.0,5.0,25.0,37.0,47.0,56.0,63.0,6.0,23.0,38.0,46.0,56.0,62.0,8.0,20.0,38.0,44.0,57.0,61.0,6.0,22.0,38.0,45.0,57.0,61.0,9.0,0.0,43.0,17.0,60.0,42.0,63.0,58.0,0.8776324791673022,2.197269603551285,1.7382344884152907,0.07632454615663295,30.0,160.0,872823.7279961418,914685.3146853147,955919.9421268386,977188.3289124668,992862.3101036893,998504.9433325295,999710.6341933928,999855.3170966964,1000000.0,1000000.0,1000000.0,1000000.0,1000000.0,1000000.0,1000000.0,1000000.0,1000000.0,1000000.0,1000000.0,1000000.0,1000000.0,1000000.0,1000000.0,1000000.0,1000000.0,1000000.0,1000000.0,1000000.0,1000000.0,1000000.0,1000000.0,1000000.0,1000000.0,1000000.0,1000000.0,1000000.0,1000000.0,1000000.0,1000000.0,1000000.0,1000000.0,1000000.0,1000000.0,1000000.0,1000000.0,1000000.0,1000000.0,1000000.0,1000000.0,1000000.0,1000000.0,1000000.0,1000000.0,1000000.0,1000000.0,1000000.0,1000000.0,1000000.0,1000000.0,1000000.0,1000000.0,1000000.0,1000000.0,1000000.0,0.0,0.0,0.0,0.0,0.0,0.0,0.0,0.0,0.0,0.0,0.0,0.0,0.0,0.0,0.0,0.0,0.0,48.22763443453082,96.4552688690621,96.4552688690621,241.13817217265407,434.04870991077877,1012.7803231251486,2025.5606462503029,3954.6660236315374,8632.74656378105,20352.061731372072,39353.74969857731,79575.59681697618,147383.6508319268,261297.32336628885,301615.6257535567,636604.774535809,792524.7166626477,922257.053291536,972847.8418133591,992717.6272003858,998263.8051603568,999903.5447311308,999951.7723655654,1000000.0,1000000.0,1000000.0,1000000.0,1000000.0,1000000.0,1000000.0,1000000.0,1000000.0,1000000.0,1000000.0,1000000.0,1000000.0,1000000.0,1000000.0,1000000.0,1000000.0,1000000.0,1000000.0,1000000.0,1000000.0,1000000.0,1000000.0,1000000.0,0.0,0.0,0.0,0.0,0.0,0.0,0.0,0.0,0.0,0.0,0.0,0.0,0.0,0.0,0.0,0.0,0.0,0.0,0.0,0.0,0.0,0.0,0.0,0.0,0.0,0.0,0.0,0.0,0.0,0.0,0.0,0.0,0.0,0.0,0.0,0.0,0.0,0.0,0.0,0.0,0.0,0.0,48.22763443453082,192.91053773812425,482.27634434531,1253.9184952978064,3568.844948155295,8439.836026042916,33759.34410417167,83819.62864721482,230094.04388714733,399276.585483482,635929.5876537255,824354.9553894382,958668.9172896069,991994.2126838678,999324.8131179166,1000000.0,1000000.0,1000000.0,1000000.0,1000000.0,1000000.0,1000000.0,0.0,0.0,0.0,0.0,0.0,0.0,0.0,0.0,0.0,0.0,0.0,0.0,0.0,0.0,0.0,0.0,0.0,0.0,0.0,0.0,0.0,0.0,0.0,0.0,0.0,0.0,0.0,0.0,0.0,0.0,0.0,0.0,0.0,0.0,0.0,0.0,0.0,0.0,0.0,0.0,0.0,0.0,0.0,0.0,0.0,0.0,0.0,0.0,0.0,0.0,0.0,0.0,0.0,0.0,0.0,0.0,0.0,0.0,48.22763443453082,48.22763443453082,192.91053773812425,626.959247648901,2218.471183988428,1000000.0
FLINT,MAGNUM03,F,na,na,na,na,2025_03_11-15_02_56,na,1,34,Yes,1,na,0.0,144.68290330359284,0.0,9.0,42.0,60.0,,,,0.0,144.68290330359284,0.0,9.0,42.0,60.0,32.0,20.0,11.0,29.0,16.0,9.0,24.0,12.0,8.0,20.0,9.0,7.0,17.0,7.0,6.0,10.0,3.0,5.0,13.0,5.0,6.0,0.0,32.0,32.0,52.0,52.0,63.0,0.0,29.0,34.0,50.0,54.0,63.0,2.0,26.0,36.0,48.0,55.0,63.0,4.0,24.0,37.0,46.0,56.0,63.0,5.0,22.0,38.0,45.0,57.0,63.0,6.0,16.0,40.0,43.0,58.0,63.0,6.0,19.0,39.0,44.0,57.0,63.0,6.0,0.0,40.0,12.0,59.0,39.0,63.0,61.0,0.5020154471937643,2.4746780543589426,1.8975439803840652,0.015527575859944588,30.0,160.0,960163.9739570774,973137.2076199661,987219.6768748492,992669.3995659512,998070.8946226187,999517.7236556546,1000000.0,1000000.0,1000000.0,1000000.0,1000000.0,1000000.0,1000000.0,1000000.0,1000000.0,1000000.0,1000000.0,1000000.0,1000000.0,1000000.0,1000000.0,1000000.0,1000000.0,1000000.0,1000000.0,1000000.0,1000000.0,1000000.0,1000000.0,1000000.0,1000000.0,1000000.0,1000000.0,1000000.0,1000000.0,1000000.0,1000000.0,1000000.0,1000000.0,1000000.0,1000000.0,1000000.0,1000000.0,1000000.0,1000000.0,1000000.0,1000000.0,1000000.0,1000000.0,1000000.0,1000000.0,1000000.0,1000000.0,1000000.0,1000000.0,1000000.0,1000000.0,1000000.0,1000000.0,1000000.0,1000000.0,1000000.0,1000000.0,1000000.0,0.0,0.0,0.0,0.0,0.0,0.0,0.0,0.0,0.0,0.0,0.0,0.0,48.22763443453082,96.4552688690621,144.68290330359284,144.68290330359284,241.13817217265407,337.59344104171646,482.27634434531,723.414516517964,1012.7803231251486,1205.690860863273,2990.1133349409165,5112.12925006028,10272.48613455508,17313.720761996614,35399.08367494577,59368.21798890764,107499.39715456952,180033.75934410415,307499.39715456945,361803.71352785145,662599.4694960212,790258.0178442247,917482.5174825174,962961.1767542802,989148.7822522304,996334.6997829756,999035.4473113093,999758.8618278273,1000000.0,1000000.0,1000000.0,1000000.0,1000000.0,1000000.0,1000000.0,1000000.0,1000000.0,1000000.0,1000000.0,1000000.0,1000000.0,1000000.0,1000000.0,1000000.0,1000000.0,1000000.0,1000000.0,1000000.0,1000000.0,1000000.0,1000000.0,1000000.0,0.0,0.0,0.0,0.0,0.0,0.0,0.0,0.0,0.0,0.0,0.0,0.0,0.0,0.0,0.0,0.0,0.0,0.0,0.0,0.0,0.0,0.0,0.0,0.0,0.0,0.0,0.0,0.0,0.0,0.0,0.0,0.0,0.0,0.0,0.0,0.0,0.0,0.0,0.0,48.22763443453082,48.22763443453082,48.22763443453082,192.91053773812425,289.36580660718624,723.414516517964,2266.6988184229576,7909.3320472630785,16349.168073306007,49770.918736435924,113576.07909332051,270315.89100554615,424692.54883047985,646443.2119604533,818664.0945261634,952688.690619725,986833.855799373,998263.8051603568,999855.3170966964,1000000.0,1000000.0,1000000.0,1000000.0,1000000.0,1000000.0,0.0,0.0,0.0,0.0,0.0,0.0,0.0,0.0,0.0,0.0,0.0,0.0,0.0,0.0,0.0,0.0,0.0,0.0,0.0,0.0,0.0,0.0,0.0,0.0,0.0,0.0,0.0,0.0,0.0,0.0,0.0,0.0,0.0,0.0,0.0,0.0,0.0,0.0,0.0,0.0,0.0,0.0,0.0,0.0,0.0,0.0,0.0,0.0,0.0,0.0,0.0,0.0,0.0,0.0,0.0,0.0,0.0,0.0,0.0,0.0,0.0,48.22763443453082,96.4552688690621,1000000.0
FLINT,MAGNUM03,F,na,na,na,na,2025_03_11-15_02_56,na,1,35,Yes,1,na,192.91053773812425,3327.7067759826386,48.22763443453082,7.0,40.0,0.0,,,,289.36580660726855,5787.31613214382,48.22763443453082,7.0,40.0,0.0,32.0,19.0,12.0,28.0,14.0,10.0,21.0,7.0,7.0,15.0,4.0,6.0,9.0,-3.0,5.0,1.0,-9.0,3.0,5.0,-5.0,4.0,0.0,32.0,32.0,51.0,51.0,63.0,0.0,28.0,34.0,48.0,53.0,63.0,1.0,22.0,37.0,44.0,56.0,63.0,3.0,18.0,38.0,42.0,57.0,63.0,4.0,13.0,41.0,38.0,58.0,63.0,6.0,7.0,45.0,36.0,60.0,63.0,6.0,11.0,42.0,37.0,59.0,63.0,11.0,0.0,46.0,5.0,63.0,34.0,63.0,0.0,0.41267366791837023,3.5187198213659223,2.7707415932706154,0.6186885949313036,30.0,160.0,976079.0933204726,983699.0595611285,991656.6192428261,995225.4641909814,998746.0815047021,999421.2683867855,999903.5447311308,999951.7723655654,1000000.0,1000000.0,1000000.0,1000000.0,1000000.0,1000000.0,1000000.0,1000000.0,1000000.0,1000000.0,1000000.0,1000000.0,1000000.0,1000000.0,1000000.0,1000000.0,1000000.0,1000000.0,1000000.0,1000000.0,1000000.0,1000000.0,1000000.0,1000000.0,1000000.0,1000000.0,1000000.0,1000000.0,1000000.0,1000000.0,1000000.0,1000000.0,1000000.0,1000000.0,1000000.0,1000000.0,1000000.0,1000000.0,1000000.0,1000000.0,1000000.0,1000000.0,1000000.0,1000000.0,1000000.0,1000000.0,1000000.0,1000000.0,1000000.0,1000000.0,1000000.0,1000000.0,1000000.0,1000000.0,1000000.0,1000000.0,0.0,0.0,0.0,0.0,0.0,48.22763443453082,192.91053773812425,241.13817217265407,337.59344104171646,434.04870991077877,530.5039787798403,723.414516517964,1109.2355919942117,1591.5119363395213,1880.8777429467057,2314.926452857486,3375.934410417169,4533.397636845913,6751.868820834333,9500.843983602605,13841.331082710401,18567.639257294406,27393.29635881359,35640.221847118344,50590.78852182297,71425.12659754041,108560.40511212933,149795.03255365323,218471.18398842536,295924.76489028207,417120.81022425846,454448.99927658547,716759.1029659994,818133.5905473836,908415.7222088256,950566.6747046056,976657.8249336869,987846.6361224981,994984.3260188088,997540.3906438388,998697.8538702676,999421.2683867855,999758.8618278273,999807.0894622619,999855.3170966964,999951.7723655654,1000000.0,1000000.0,1000000.0,1000000.0,1000000.0,1000000.0,1000000.0,1000000.0,1000000.0,1000000.0,1000000.0,1000000.0,1000000.0,1000000.0,1000000.0,1000000.0,1000000.0,1000000.0,0.0,0.0,0.0,0.0,0.0,0.0,0.0,0.0,0.0,0.0,0.0,0.0,0.0,0.0,0.0,0.0,0.0,0.0,0.0,0.0,0.0,0.0,0.0,0.0,0.0,0.0,0.0,0.0,0.0,0.0,0.0,0.0,0.0,0.0,96.4552688690621,192.91053773812425,434.04870991077877,819.8697853870253,1446.829033035929,2218.471183988428,3375.934410417169,4774.535809018565,8295.15312273932,13117.916566192442,23052.809259705788,37521.09959006511,69592.47648902818,103930.55220641423,185483.48203520614,281745.84036652994,446346.75669158425,583313.2384856523,737014.7094285025,844369.4236797685,940101.2780323125,971015.1917048468,991319.0258017844,996720.5208584518,999324.8131179166,999855.3170966964,1000000.0,1000000.0,1000000.0,1000000.0,96.4552688690621,96.4552688690621,96.4552688690621,96.4552688690621,96.4552688690621,96.4552688690621,96.4552688690621,96.4552688690621,96.4552688690621,96.4552688690621,96.4552688690621,96.4552688690621,96.4552688690621,96.4552688690621,96.4552688690621,96.4552688690621,96.4552688690621,96.4552688690621,96.4552688690621,96.4552688690621,96.4552688690621,96.4552688690621,96.4552688690621,96.4552688690621,96.4552688690621,96.4552688690621,96.4552688690621,96.4552688690621,96.4552688690621,96.4552688690621,96.4552688690621,96.4552688690621,96.4552688690621,96.4552688690621,96.4552688690621,96.4552688690621,96.4552688690621,96.4552688690621,96.4552688690621,96.4552688690621,96.4552688690621,96.4552688690621,96.4552688690621,96.4552688690621,96.4552688690621,96.4552688690621,96.4552688690621,96.4552688690621,96.4552688690621,96.4552688690621,96.4552688690621,96.4552688690621,96.4552688690621,96.4552688690621,96.4552688690621,96.4552688690621,96.4552688690621,96.4552688690621,96.4552688690621,96.4552688690621,96.4552688690621,96.4552688690621,96.4552688690621,1000000.0
FLINT,MAGNUM03,F,na,na,na,na,2025_03_11-15_02_56,na,1,36,Yes,1,na,0.0,0.0,0.0,11.0,41.0,59.5,,,,0.0,0.0,0.0,11.0,41.0,59.5,32.0,20.0,11.0,30.0,16.0,9.0,26.0,12.0,8.0,22.0,9.0,7.0,18.0,7.0,6.0,13.0,3.0,6.0,16.0,5.0,6.0,0.0,32.0,32.0,52.0,52.0,63.0,0.0,30.0,34.0,50.0,54.0,63.0,0.0,26.0,36.0,48.0,55.0,63.0,2.0,24.0,37.0,46.0,56.0,63.0,4.0,22.0,38.0,45.0,57.0,63.0,5.0,18.0,40.0,43.0,57.0,63.0,5.0,21.0,39.0,44.0,57.0,63.0,8.0,0.0,40.0,14.0,58.0,42.0,63.0,61.0,0.31178162934710996,2.3333893677700304,1.8712338397807025,0.018371690681153623,30.0,160.0,985772.8478418133,990258.0178442247,995514.8299975885,996816.9761273209,999276.585483482,999951.7723655654,1000000.0,1000000.0,1000000.0,1000000.0,1000000.0,1000000.0,1000000.0,1000000.0,1000000.0,1000000.0,1000000.0,1000000.0,1000000.0,1000000.0,1000000.0,1000000.0,1000000.0,1000000.0,1000000.0,1000000.0,1000000.0,1000000.0,1000000.0,1000000.0,1000000.0,1000000.0,1000000.0,1000000.0,1000000.0,1000000.0,1000000.0,1000000.0,1000000.0,1000000.0,1000000.0,1000000.0,1000000.0,1000000.0,1000000.0,1000000.0,1000000.0,1000000.0,1000000.0,1000000.0,1000000.0,1000000.0,1000000.0,1000000.0,1000000.0,1000000.0,1000000.0,1000000.0,1000000.0,1000000.0,1000000.0,1000000.0,1000000.0,1000000.0,0.0,0.0,0.0,0.0,0.0,0.0,0.0,0.0,0.0,0.0,0.0,0.0,0.0,0.0,48.22763443453082,48.22763443453082,48.22763443453082,96.4552688690621,241.13817217265407,289.36580660718624,434.04870991077877,868.0974198215577,1977.3330118157653,3375.934410417169,6896.551724137931,11381.721726549311,25126.59754039064,42102.72486134549,87002.65251989392,154087.2920183266,287388.47359537013,370774.05353267415,638533.8799131903,769905.9561128528,916469.7371593923,962768.266216542,990933.2047263081,997443.9353749697,999517.7236556546,999758.8618278273,1000000.0,1000000.0,1000000.0,1000000.0,1000000.0,1000000.0,1000000.0,1000000.0,1000000.0,1000000.0,1000000.0,1000000.0,1000000.0,1000000.0,1000000.0,1000000.0,1000000.0,1000000.0,1000000.0,1000000.0,1000000.0,1000000.0,1000000.0,1000000.0,0.0,0.0,0.0,0.0,0.0,0.0,0.0,0.0,0.0,0.0,0.0,0.0,0.0,0.0,0.0,0.0,0.0,0.0,0.0,0.0,0.0,0.0,0.0,0.0,0.0,0.0,0.0,0.0,0.0,0.0,0.0,0.0,0.0,0.0,0.0,0.0,0.0,0.0,0.0,0.0,0.0,0.0,96.4552688690621,241.13817217265407,578.7316132143711,1736.1948396431121,6751.868820834333,13744.875813841316,40848.80636604773,91632.5054256089,246636.1224981914,388521.8230045816,622522.3052809259,796045.3339763684,945165.1796479382,980805.4014950566,998697.8538702676,999951.7723655654,1000000.0,1000000.0,1000000.0,1000000.0,1000000.0,1000000.0,0.0,0.0,0.0,0.0,0.0,0.0,0.0,0.0,0.0,0.0,0.0,0.0,0.0,0.0,0.0,0.0,0.0,0.0,0.0,0.0,0.0,0.0,0.0,0.0,0.0,0.0,0.0,0.0,0.0,0.0,0.0,0.0,0.0,0.0,0.0,0.0,0.0,0.0,0.0,0.0,0.0,0.0,0.0,0.0,0.0,0.0,0.0,0.0,0.0,0.0,0.0,0.0,0.0,0.0,0.0,0.0,0.0,0.0,0.0,0.0,0.0,48.22763443453082,192.91053773812425,1000000.0
FLINT,MAGNUM03,F,na,na,na,na,2025_03_11-15_02_56,na,1,37,Yes,1,na,48.22763443453082,434.04870991077877,0.0,8.0,42.0,30.5,,,,48.22763443453082,675.1868820835286,0.0,8.0,42.0,30.5,32.0,20.0,11.0,29.0,16.0,9.0,23.0,10.0,7.0,18.0,8.0,6.0,14.0,4.0,5.0,8.0,0.0,3.0,12.0,2.0,4.0,0.0,32.0,32.0,52.0,52.0,63.0,0.0,29.0,34.0,50.0,54.0,63.0,2.0,25.0,37.0,47.0,56.0,63.0,4.0,22.0,38.0,46.0,57.0,63.0,5.0,19.0,40.0,44.0,58.0,63.0,6.0,14.0,42.0,42.0,60.0,63.0,5.0,17.0,41.0,43.0,59.0,63.0,8.0,0.0,43.0,4.0,61.0,40.0,63.0,0.0,0.5244109291538486,2.8664379297516263,2.2321489236573018,0.4374894505865458,30.0,160.0,955389.4381480587,970340.0048227634,985772.8478418133,992283.578490475,997974.4393537496,999565.9512900892,1000000.0,1000000.0,1000000.0,1000000.0,1000000.0,1000000.0,1000000.0,1000000.0,1000000.0,1000000.0,1000000.0,1000000.0,1000000.0,1000000.0,1000000.0,1000000.0,1000000.0,1000000.0,1000000.0,1000000.0,1000000.0,1000000.0,1000000.0,1000000.0,1000000.0,1000000.0,1000000.0,1000000.0,1000000.0,1000000.0,1000000.0,1000000.0,1000000.0,1000000.0,1000000.0,1000000.0,1000000.0,1000000.0,1000000.0,1000000.0,1000000.0,1000000.0,1000000.0,1000000.0,1000000.0,1000000.0,1000000.0,1000000.0,1000000.0,1000000.0,1000000.0,1000000.0,1000000.0,1000000.0,1000000.0,1000000.0,1000000.0,1000000.0,0.0,0.0,0.0,0.0,48.22763443453082,48.22763443453082,48.22763443453082,48.22763443453082,96.4552688690621,96.4552688690621,96.4552688690621,96.4552688690621,96.4552688690621,144.68290330359284,241.13817217265407,337.59344104171646,337.59344104171646,819.8697853870253,1205.690860863273,1687.967205208584,2604.2922594646707,4002.8936580660734,7185.917530745107,9741.98215577526,17458.403665300208,25946.467325777645,46780.80540149503,72293.22401736195,119266.9399565951,182107.54762478897,287774.2946708464,319170.4846877261,614805.883771401,731420.303834097,857439.1126115264,925295.3942609115,969423.6797685073,987364.3597781529,995852.4234386302,998215.5775259222,999324.8131179166,999758.8618278273,999903.5447311308,1000000.0,1000000.0,1000000.0,1000000.0,1000000.0,1000000.0,1000000.0,1000000.0,1000000.0,1000000.0,1000000.0,1000000.0,1000000.0,1000000.0,1000000.0,1000000.0,1000000.0,1000000.0,1000000.0,1000000.0,1000000.0,0.0,0.0,0.0,0.0,0.0,0.0,0.0,0.0,0.0,0.0,0.0,0.0,0.0,0.0,0.0,0.0,0.0,0.0,0.0,0.0,0.0,0.0,0.0,0.0,0.0,0.0,0.0,0.0,0.0,0.0,0.0,0.0,0.0,0.0,0.0,0.0,0.0,0.0,0.0,0.0,48.22763443453082,192.91053773812425,482.27634434531,868.0974198215577,2266.6988184229576,4870.991077887631,12298.046780805396,23727.99614178922,64383.89197009883,129491.19845671575,273354.2319749216,417361.94839643117,605690.8608632747,747962.3824451411,894043.8871473355,949553.8943814805,988811.1888111888,996672.2932240173,999421.2683867855,999855.3170966964,1000000.0,1000000.0,1000000.0,1000000.0,48.22763443453082,48.22763443453082,48.22763443453082,48.22763443453082,48.22763443453082,48.22763443453082,48.22763443453082,48.22763443453082,48.22763443453082,48.22763443453082,48.22763443453082,48.22763443453082,48.22763443453082,48.22763443453082,48.22763443453082,48.22763443453082,48.22763443453082,48.22763443453082,48.22763443453082,48.22763443453082,48.22763443453082,48.22763443453082,48.22763443453082,48.22763443453082,48.22763443453082,48.22763443453082,48.22763443453082,48.22763443453082,48.22763443453082,48.22763443453082,48.22763443453082,48.22763443453082,48.22763443453082,48.22763443453082,48.22763443453082,48.22763443453082,48.22763443453082,48.22763443453082,48.22763443453082,48.22763443453082,48.22763443453082,48.22763443453082,48.22763443453082,48.22763443453082,48.22763443453082,48.22763443453082,48.22763443453082,48.22763443453082,48.22763443453082,48.22763443453082,48.22763443453082,48.22763443453082,48.22763443453082,48.22763443453082,48.22763443453082,48.22763443453082,48.22763443453082,48.22763443453082,48.22763443453082,48.22763443453082,48.22763443453082,48.22763443453082,48.22763443453082,1000000.0
FLINT,MAGNUM03,F,na,na,na,na,2025_03_11-15_02_56,na,1,38,Yes,1,na,0.0,434.04870991077877,0.0,9.0,41.0,31.0,,,,0.0,771.6421509525629,0.0,9.0,41.0,31.0,32.0,19.0,12.0,28.0,15.0,10.0,23.0,10.0,8.0,18.0,8.0,7.0,13.0,4.0,6.0,7.0,0.0,4.0,10.0,2.0,5.0,0.0,32.0,32.0,51.0,51.0,63.0,0.0,28.0,34.0,49.0,53.0,63.0,2.0,25.0,36.0,46.0,55.0,63.0,4.0,22.0,37.0,45.0,56.0,63.0,5.0,18.0,39.0,43.0,57.0,63.0,7.0,14.0,41.0,41.0,59.0,63.0,6.0,16.0,40.0,42.0,58.0,63.0,8.0,0.0,45.0,10.0,62.0,34.0,63.0,0.0,0.6271577496272513,2.8194368160191288,2.245184204260952,0.4374894505865458,30.0,160.0,938123.9450204967,958427.7791174343,979406.8000964551,988714.7335423196,996382.9274174101,999373.040752351,999855.3170966964,1000000.0,1000000.0,1000000.0,1000000.0,1000000.0,1000000.0,1000000.0,1000000.0,1000000.0,1000000.0,1000000.0,1000000.0,1000000.0,1000000.0,1000000.0,1000000.0,1000000.0,1000000.0,1000000.0,1000000.0,1000000.0,1000000.0,1000000.0,1000000.0,1000000.0,1000000.0,1000000.0,1000000.0,1000000.0,1000000.0,1000000.0,1000000.0,1000000.0,1000000.0,1000000.0,1000000.0,1000000.0,1000000.0,1000000.0,1000000.0,1000000.0,1000000.0,1000000.0,1000000.0,1000000.0,1000000.0,1000000.0,1000000.0,1000000.0,1000000.0,1000000.0,1000000.0,1000000.0,1000000.0,1000000.0,1000000.0,1000000.0,0.0,0.0,0.0,0.0,0.0,0.0,0.0,0.0,0.0,0.0,48.22763443453082,144.68290330359284,192.91053773812425,192.91053773812425,385.82107547624787,434.04870991077877,868.0974198215577,1157.4632264287443,1591.5119363395213,2170.2435495538875,3134.7962382445157,5112.12925006028,7764.649143959485,12346.274415239926,20834.33807571737,35254.400771642155,62213.648420544974,101422.71521581864,158765.37255847605,251651.79647938264,378104.65396672295,416349.168073306,714395.9488787075,828406.0766819387,924861.3455510007,964938.509766096,985001.2056908607,994646.732577767,998119.1222570533,999083.6749457439,999662.4065589582,999951.7723655654,999951.7723655654,999951.7723655654,1000000.0,1000000.0,1000000.0,1000000.0,1000000.0,1000000.0,1000000.0,1000000.0,1000000.0,1000000.0,1000000.0,1000000.0,1000000.0,1000000.0,1000000.0,1000000.0,1000000.0,1000000.0,1000000.0,1000000.0,0.0,0.0,0.0,0.0,0.0,0.0,0.0,0.0,0.0,0.0,0.0,0.0,0.0,0.0,0.0,0.0,0.0,0.0,0.0,0.0,0.0,0.0,0.0,0.0,0.0,0.0,0.0,0.0,0.0,0.0,0.0,0.0,0.0,0.0,48.22763443453082,48.22763443453082,48.22763443453082,48.22763443453082,48.22763443453082,48.22763443453082,96.4552688690621,482.27634434531,1350.373764166866,3086.56860380998,5208.58451892934,11333.494092114755,28598.987219676885,47118.398842536764,108174.58403665292,199807.08946226188,377091.87364359776,532818.9052326983,710537.738123945,844948.1552929829,949698.5772847842,980371.3527851459,996575.8379551483,999083.6749457439,999855.3170966964,1000000.0,1000000.0,1000000.0,1000000.0,1000000.0,48.22763443453082,48.22763443453082,48.22763443453082,48.22763443453082,48.22763443453082,48.22763443453082,48.22763443453082,48.22763443453082,48.22763443453082,48.22763443453082,48.22763443453082,48.22763443453082,48.22763443453082,48.22763443453082,48.22763443453082,48.22763443453082,48.22763443453082,48.22763443453082,48.22763443453082,48.22763443453082,48.22763443453082,48.22763443453082,48.22763443453082,48.22763443453082,48.22763443453082,48.22763443453082,48.22763443453082,48.22763443453082,48.22763443453082,48.22763443453082,48.22763443453082,48.22763443453082,48.22763443453082,48.22763443453082,48.22763443453082,48.22763443453082,48.22763443453082,48.22763443453082,48.22763443453082,48.22763443453082,48.22763443453082,48.22763443453082,48.22763443453082,48.22763443453082,48.22763443453082,48.22763443453082,48.22763443453082,48.22763443453082,48.22763443453082,48.22763443453082,48.22763443453082,48.22763443453082,48.22763443453082,48.22763443453082,48.22763443453082,48.22763443453082,48.22763443453082,48.22763443453082,48.22763443453082,48.22763443453082,48.22763443453082,48.22763443453082,48.22763443453082,1000000.0
FLINT,MAGNUM03,F,na,na,na,na,2025_03_11-15_02_56,na,1,39,Yes,1,na,0.0,289.36580660721114,0.0,8.5,41.0,61.0,,,,0.0,578.7316132143974,0.0,8.5,41.0,61.0,32.0,20.0,11.0,28.0,15.0,9.0,21.0,11.0,8.0,17.0,8.0,7.0,13.0,4.0,6.0,7.0,0.0,5.0,10.0,2.0,5.0,0.0,32.0,32.0,52.0,52.0,63.0,0.0,28.0,34.0,49.0,54.0,63.0,3.0,24.0,36.0,47.0,55.0,63.0,4.0,21.0,37.0,45.0,56.0,63.0,5.0,18.0,39.0,43.0,57.0,63.0,7.0,14.0,41.0,41.0,58.0,63.0,6.0,16.0,40.0,42.0,58.0,63.0,8.0,0.0,50.0,9.0,59.0,40.0,63.0,63.0,0.6959212594866101,2.9058732569694303,2.183488549960459,0.0,30.0,160.0,928044.3694236798,950229.081263564,973764.1668676152,985145.8885941644,995804.1958041957,998938.9920424403,999758.8618278273,999951.7723655654,1000000.0,1000000.0,1000000.0,1000000.0,1000000.0,1000000.0,1000000.0,1000000.0,1000000.0,1000000.0,1000000.0,1000000.0,1000000.0,1000000.0,1000000.0,1000000.0,1000000.0,1000000.0,1000000.0,1000000.0,1000000.0,1000000.0,1000000.0,1000000.0,1000000.0,1000000.0,1000000.0,1000000.0,1000000.0,1000000.0,1000000.0,1000000.0,1000000.0,1000000.0,1000000.0,1000000.0,1000000.0,1000000.0,1000000.0,1000000.0,1000000.0,1000000.0,1000000.0,1000000.0,1000000.0,1000000.0,1000000.0,1000000.0,1000000.0,1000000.0,1000000.0,1000000.0,1000000.0,1000000.0,1000000.0,1000000.0,0.0,0.0,0.0,0.0,0.0,0.0,0.0,0.0,0.0,48.22763443453082,48.22763443453082,48.22763443453082,48.22763443453082,96.4552688690621,337.59344104171646,385.82107547624787,675.1868820834334,916.3250542560885,1880.8777429467057,2459.609356161082,4388.714733542319,7089.462261876058,10899.44538220399,16349.168073306007,25801.784422474044,39739.57077405354,68820.83433807574,104557.51145406322,169037.85869303113,253677.357125633,392283.578490475,438726.7904509284,713045.5751145406,825801.784422474,922208.8256571015,960742.7055702917,985676.3925729443,994309.1391367252,998263.8051603568,999228.3578490474,999710.6341933928,999951.7723655654,999951.7723655654,1000000.0,1000000.0,1000000.0,1000000.0,1000000.0,1000000.0,1000000.0,1000000.0,1000000.0,1000000.0,1000000.0,1000000.0,1000000.0,1000000.0,1000000.0,1000000.0,1000000.0,1000000.0,1000000.0,1000000.0,1000000.0,0.0,0.0,0.0,0.0,0.0,0.0,0.0,0.0,0.0,0.0,0.0,0.0,0.0,0.0,0.0,0.0,0.0,0.0,0.0,0.0,0.0,0.0,0.0,0.0,0.0,0.0,0.0,0.0,0.0,0.0,0.0,0.0,0.0,0.0,0.0,0.0,0.0,0.0,0.0,0.0,144.68290330359284,337.59344104171646,916.3250542560885,2073.7882806848356,4436.942367976849,9163.250542560887,22425.850012056908,39739.57077405354,95876.53725584755,177525.9223535085,343573.66771159874,486520.37617554853,691053.7738123944,832843.0190499155,949023.3904027006,980998.3120327947,996575.8379551483,999421.2683867855,999951.7723655654,1000000.0,1000000.0,1000000.0,1000000.0,1000000.0,0.0,0.0,0.0,0.0,0.0,0.0,0.0,0.0,0.0,0.0,0.0,0.0,0.0,0.0,0.0,0.0,0.0,0.0,0.0,0.0,0.0,0.0,0.0,0.0,0.0,0.0,0.0,0.0,0.0,0.0,0.0,0.0,0.0,0.0,0.0,0.0,0.0,0.0,0.0,0.0,0.0,0.0,0.0,0.0,0.0,0.0,0.0,0.0,0.0,0.0,0.0,0.0,0.0,0.0,0.0,0.0,0.0,0.0,0.0,0.0,0.0,0.0,0.0,1000000.0
FLINT,MAGNUM03,F,na,na,na,na,2025_03_11-15_02_56,na,1,40,Yes,1,na,144.68290330359284,1350.373764166866,0.0,7.0,41.0,61.5,,,,144.68290330359284,1784.4224740776826,0.0,7.0,41.0,61.5,32.0,19.0,12.0,28.0,15.0,10.0,21.0,10.0,8.0,16.0,6.0,7.0,11.0,1.0,5.0,2.0,-2.0,4.0,7.0,0.0,5.0,0.0,32.0,32.0,51.0,51.0,63.0,0.0,28.0,34.0,49.0,53.0,63.0,2.0,23.0,36.0,46.0,55.0,63.0,4.0,20.0,38.0,44.0,56.0,63.0,5.0,16.0,40.0,41.0,58.0,63.0,6.0,8.0,42.0,40.0,59.0,63.0,6.0,13.0,40.0,40.0,58.0,63.0,7.0,0.0,47.0,2.0,60.0,37.0,63.0,63.0,0.5206826855997383,3.2571029947833225,2.4584570702914514,0.0,30.0,160.0,957752.5922353509,971449.2404147575,986158.6689172896,992138.8955871714,998022.6669881842,999276.585483482,1000000.0,1000000.0,1000000.0,1000000.0,1000000.0,1000000.0,1000000.0,1000000.0,1000000.0,1000000.0,1000000.0,1000000.0,1000000.0,1000000.0,1000000.0,1000000.0,1000000.0,1000000.0,1000000.0,1000000.0,1000000.0,1000000.0,1000000.0,1000000.0,1000000.0,1000000.0,1000000.0,1000000.0,1000000.0,1000000.0,1000000.0,1000000.0,1000000.0,1000000.0,1000000.0,1000000.0,1000000.0,1000000.0,1000000.0,1000000.0,1000000.0,1000000.0,1000000.0,1000000.0,1000000.0,1000000.0,1000000.0,1000000.0,1000000.0,1000000.0,1000000.0,1000000.0,1000000.0,1000000.0,1000000.0,1000000.0,1000000.0,1000000.0,0.0,0.0,48.22763443453082,48.22763443453082,48.22763443453082,48.22763443453082,144.68290330359284,192.91053773812425,241.13817217265407,241.13817217265407,337.59344104171646,385.82107547624787,530.5039787798403,771.6421509524955,1157.4632264287443,1350.373764166866,2073.7882806848356,2797.202797202796,4292.259464673261,5883.771401012779,7957.559681697602,11960.453339763686,19146.37087050881,27489.751627682657,41523.99324813111,60670.36411864006,97950.32553653233,137304.0752351097,203424.1620448517,294429.7082228117,419918.01302146126,452712.80443694233,728333.7352302868,831782.0110923557,920472.6308174584,956112.8526645768,981432.3607427055,991753.0745116952,996961.6590306245,998601.3986013986,999565.9512900892,999710.6341933928,999903.5447311308,1000000.0,1000000.0,1000000.0,1000000.0,1000000.0,1000000.0,1000000.0,1000000.0,1000000.0,1000000.0,1000000.0,1000000.0,1000000.0,1000000.0,1000000.0,1000000.0,1000000.0,1000000.0,1000000.0,1000000.0,1000000.0,0.0,0.0,0.0,0.0,0.0,0.0,0.0,0.0,0.0,0.0,0.0,0.0,0.0,0.0,0.0,0.0,0.0,0.0,0.0,0.0,0.0,0.0,0.0,0.0,0.0,0.0,0.0,0.0,0.0,0.0,0.0,0.0,0.0,0.0,0.0,0.0,0.0,48.22763443453082,48.22763443453082,144.68290330359284,771.6421509524955,1398.601398601398,3327.7067759826386,5835.543766578246,12539.18495297808,21171.93151675908,43887.14733542317,71087.53315649867,142078.61104412834,240993.48926935127,405594.40559440554,538509.766095973,718688.2083433807,845189.2934651555,946563.7810465395,978104.6539667229,995321.9194598505,998697.8538702676,999855.3170966964,1000000.0,1000000.0,1000000.0,1000000.0,1000000.0,0.0,0.0,0.0,0.0,0.0,0.0,0.0,0.0,0.0,0.0,0.0,0.0,0.0,0.0,0.0,0.0,0.0,0.0,0.0,0.0,0.0,0.0,0.0,0.0,0.0,0.0,0.0,0.0,0.0,0.0,0.0,0.0,0.0,0.0,0.0,0.0,0.0,0.0,0.0,0.0,0.0,0.0,0.0,0.0,0.0,0.0,0.0,0.0,0.0,0.0,0.0,0.0,0.0,0.0,0.0,0.0,0.0,0.0,0.0,0.0,0.0,0.0,0.0,1000000.0
FLINT,MAGNUM03,F,na,na,na,na,2025_03_11-15_02_56,na,1,41,Yes,1,na,289.36580660718624,6317.820110923553,48.22763443457198,7.0,40.0,62.0,,,,385.8210754763305,10513.624306727788,48.22763443457198,7.0,40.0,62.0,31.0,20.0,12.0,27.0,14.0,10.0,20.0,6.0,7.0,14.0,1.0,6.0,7.0,-4.0,5.0,0.0,-10.0,2.0,3.0,-7.0,3.0,0.0,31.0,31.0,51.0,51.0,63.0,0.0,27.0,34.0,48.0,53.0,63.0,1.0,21.0,37.0,43.0,56.0,63.0,3.0,17.0,39.0,40.0,57.0,63.0,5.0,12.0,41.0,37.0,58.0,63.0,6.0,6.0,44.0,34.0,61.0,63.0,6.0,9.0,42.0,35.0,60.0,63.0,8.0,0.0,52.0,0.0,63.0,30.0,63.0,63.0,0.44432637460822716,3.830214149569568,3.0243890428154487,0.0,30.0,160.0,971786.8338557993,980226.6698818422,989872.1967687485,994405.5944055944,998408.4880636605,999469.4960212201,999903.5447311308,1000000.0,1000000.0,1000000.0,1000000.0,1000000.0,1000000.0,1000000.0,1000000.0,1000000.0,1000000.0,1000000.0,1000000.0,1000000.0,1000000.0,1000000.0,1000000.0,1000000.0,1000000.0,1000000.0,1000000.0,1000000.0,1000000.0,1000000.0,1000000.0,1000000.0,1000000.0,1000000.0,1000000.0,1000000.0,1000000.0,1000000.0,1000000.0,1000000.0,1000000.0,1000000.0,1000000.0,1000000.0,1000000.0,1000000.0,1000000.0,1000000.0,1000000.0,1000000.0,1000000.0,1000000.0,1000000.0,1000000.0,1000000.0,1000000.0,1000000.0,1000000.0,1000000.0,1000000.0,1000000.0,1000000.0,1000000.0,1000000.0,48.22763443453082,48.22763443453082,144.68290330359284,144.68290330359284,192.91053773812425,192.91053773812425,241.13817217265407,337.59344104171646,482.27634434531,675.1868820834334,771.6421509524955,1061.0079575596806,1543.2843019049903,2266.6988184229576,3472.38967928623,3954.6660236315374,5787.316132143714,7812.876778394019,11092.355919942114,13841.331082710401,19194.598504943326,25801.784422474044,39305.52206414272,49915.60163973956,68724.37906920664,92307.69230769225,132529.53942609119,176127.3209549072,250108.51217747777,332095.4907161803,461586.68917289603,505956.1128526645,735616.108029901,821557.7525922353,909669.6407041235,945165.1796479382,971401.012780323,983506.1490233904,992958.7653725585,995804.1958041957,998456.7156980949,999324.8131179166,999614.1789245236,999855.3170966964,999951.7723655654,1000000.0,1000000.0,1000000.0,1000000.0,1000000.0,1000000.0,1000000.0,1000000.0,1000000.0,1000000.0,1000000.0,1000000.0,1000000.0,1000000.0,1000000.0,1000000.0,1000000.0,1000000.0,1000000.0,0.0,0.0,0.0,0.0,0.0,0.0,0.0,0.0,0.0,0.0,0.0,0.0,0.0,0.0,0.0,0.0,0.0,0.0,0.0,0.0,0.0,0.0,0.0,0.0,0.0,0.0,0.0,0.0,0.0,0.0,48.22763443453082,48.22763443453082,48.22763443453082,192.91053773812425,434.04870991077877,723.414516517964,1302.1461297323344,2025.5606462503029,3231.251507113574,4002.8936580660734,6366.047745358085,9356.161080299,15818.664094526175,23052.809259705788,39401.97733301178,58307.21003134797,98914.8782252231,144200.6269592477,232216.05980226668,330118.15770436457,499011.3334940921,621895.346033277,766337.1111646973,862695.9247648902,945068.7243790692,971979.7443935374,990692.0665541354,996141.7892452375,999035.4473113093,999517.7236556546,999807.0894622619,999951.7723655654,1000000.0,1000000.0,0.0,0.0,0.0,0.0,0.0,0.0,0.0,0.0,0.0,0.0,0.0,0.0,0.0,0.0,0.0,0.0,0.0,0.0,0.0,0.0,0.0,0.0,0.0,0.0,0.0,0.0,0.0,0.0,0.0,0.0,0.0,0.0,0.0,0.0,0.0,0.0,0.0,0.0,0.0,0.0,0.0,0.0,0.0,0.0,0.0,0.0,0.0,0.0,0.0,0.0,0.0,0.0,0.0,0.0,0.0,0.0,0.0,0.0,0.0,0.0,0.0,0.0,0.0,1000000.0
FLINT,MAGNUM03,F,na,na,na,na,2025_03_11-15_02_56,na,1,42,Yes,1,na,0.0,0.0,0.0,10.0,0.0,61.0,,,,0.0,0.0,0.0,10.0,0.0,61.0,32.0,19.0,12.0,29.0,15.0,10.0,24.0,11.0,8.0,20.0,9.0,7.0,16.0,5.0,6.0,10.0,1.0,5.0,13.0,2.0,6.0,0.0,32.0,32.0,51.0,51.0,63.0,0.0,29.0,34.0,49.0,53.0,63.0,1.0,25.0,36.0,47.0,55.0,63.0,3.0,23.0,37.0,46.0,56.0,63.0,4.0,20.0,39.0,44.0,57.0,63.0,6.0,16.0,41.0,42.0,58.0,63.0,5.0,18.0,40.0,42.0,57.0,63.0,8.0,0.0,44.0,12.0,59.0,0.0,63.0,63.0,0.39763377474983447,2.64854801029463,2.109664153421002,0.0,30.0,160.0,973474.8010610079,983409.6937545212,991849.5297805641,996045.3339763684,998987.2196768748,999710.6341933928,999903.5447311308,1000000.0,1000000.0,1000000.0,1000000.0,1000000.0,1000000.0,1000000.0,1000000.0,1000000.0,1000000.0,1000000.0,1000000.0,1000000.0,1000000.0,1000000.0,1000000.0,1000000.0,1000000.0,1000000.0,1000000.0,1000000.0,1000000.0,1000000.0,1000000.0,1000000.0,1000000.0,1000000.0,1000000.0,1000000.0,1000000.0,1000000.0,1000000.0,1000000.0,1000000.0,1000000.0,1000000.0,1000000.0,1000000.0,1000000.0,1000000.0,1000000.0,1000000.0,1000000.0,1000000.0,1000000.0,1000000.0,1000000.0,1000000.0,1000000.0,1000000.0,1000000.0,1000000.0,1000000.0,1000000.0,1000000.0,1000000.0,1000000.0,0.0,0.0,0.0,0.0,0.0,0.0,0.0,0.0,0.0,0.0,0.0,0.0,48.22763443453082,96.4552688690621,96.4552688690621,96.4552688690621,337.59344104171646,434.04870991077877,868.0974198215577,1302.1461297323344,1880.8777429467057,3327.7067759826386,5594.405594405593,8729.201832650102,15770.436460091643,25705.329153604987,47214.85411140584,75379.7926211719,132095.4907161804,210079.57559681707,344152.3993248131,421605.98022666987,688353.0262840607,807185.9175307452,917000.2411381721,962044.8517000242,987509.0426814564,994646.732577767,998601.3986013986,999469.4960212201,999855.3170966964,999951.7723655654,999951.7723655654,1000000.0,1000000.0,1000000.0,1000000.0,1000000.0,1000000.0,1000000.0,1000000.0,1000000.0,1000000.0,1000000.0,1000000.0,1000000.0,1000000.0,1000000.0,1000000.0,1000000.0,1000000.0,1000000.0,1000000.0,1000000.0,48.22763443453082,48.22763443453082,48.22763443453082,48.22763443453082,48.22763443453082,48.22763443453082,48.22763443453082,48.22763443453082,48.22763443453082,48.22763443453082,48.22763443453082,48.22763443453082,48.22763443453082,48.22763443453082,48.22763443453082,48.22763443453082,48.22763443453082,48.22763443453082,48.22763443453082,48.22763443453082,48.22763443453082,48.22763443453082,48.22763443453082,48.22763443453082,48.22763443453082,48.22763443453082,48.22763443453082,48.22763443453082,48.22763443453082,48.22763443453082,48.22763443453082,48.22763443453082,48.22763443453082,48.22763443453082,48.22763443453082,48.22763443453082,48.22763443453082,48.22763443453082,48.22763443453082,48.22763443453082,48.22763443453082,144.68290330359284,578.7316132143711,1205.690860863273,2845.4304316373314,5690.860863274664,17120.81022425849,33566.43356643356,85604.05112129249,173715.93923318063,354280.20255606464,507547.62478900404,709910.778876296,846443.2119604532,955775.259223535,984277.7911743429,997926.211719315,999710.6341933928,1000000.0,1000000.0,1000000.0,1000000.0,1000000.0,1000000.0,0.0,0.0,0.0,0.0,0.0,0.0,0.0,0.0,0.0,0.0,0.0,0.0,0.0,0.0,0.0,0.0,0.0,0.0,0.0,0.0,0.0,0.0,0.0,0.0,0.0,0.0,0.0,0.0,0.0,0.0,0.0,0.0,0.0,0.0,0.0,0.0,0.0,0.0,0.0,0.0,0.0,0.0,0.0,0.0,0.0,0.0,0.0,0.0,0.0,0.0,0.0,0.0,0.0,0.0,0.0,0.0,0.0,0.0,0.0,0.0,0.0,0.0,0.0,1000000.0
FLINT,MAGNUM03,F,na,na,na,na,2025_03_11-15_02_56,na,1,43,Yes,1,na,0.0,96.4552688690621,0.0,9.5,41.0,60.5,,,,0.0,144.68290330363408,0.0,9.5,41.0,60.5,32.0,20.0,11.0,29.0,15.0,10.0,22.0,11.0,8.0,18.0,8.0,7.0,13.0,5.0,6.0,7.0,2.0,5.0,10.0,3.0,6.0,0.0,32.0,32.0,52.0,52.0,63.0,0.0,29.0,34.0,49.0,53.0,63.0,3.0,25.0,36.0,47.0,55.0,63.0,4.0,22.0,37.0,45.0,56.0,63.0,6.0,19.0,38.0,43.0,57.0,63.0,7.0,14.0,40.0,42.0,58.0,63.0,6.0,16.0,39.0,42.0,57.0,63.0,9.0,0.0,41.0,10.0,59.0,37.0,63.0,62.0,0.7616681735741638,2.763791344345351,2.1345125033833567,0.006944276993437237,30.0,160.0,911791.6566192427,939860.1398601398,969037.858693031,982155.7752592235,994453.8220400289,998649.626235833,999662.4065589582,999951.7723655654,1000000.0,1000000.0,1000000.0,1000000.0,1000000.0,1000000.0,1000000.0,1000000.0,1000000.0,1000000.0,1000000.0,1000000.0,1000000.0,1000000.0,1000000.0,1000000.0,1000000.0,1000000.0,1000000.0,1000000.0,1000000.0,1000000.0,1000000.0,1000000.0,1000000.0,1000000.0,1000000.0,1000000.0,1000000.0,1000000.0,1000000.0,1000000.0,1000000.0,1000000.0,1000000.0,1000000.0,1000000.0,1000000.0,1000000.0,1000000.0,1000000.0,1000000.0,1000000.0,1000000.0,1000000.0,1000000.0,1000000.0,1000000.0,1000000.0,1000000.0,1000000.0,1000000.0,1000000.0,1000000.0,1000000.0,1000000.0,0.0,0.0,0.0,0.0,0.0,0.0,0.0,0.0,0.0,0.0,48.22763443453082,144.68290330359284,144.68290330359284,192.91053773812425,241.13817217265407,289.36580660718624,626.959247648901,819.8697853870253,1253.9184952978064,1736.1948396431121,2797.202797202796,4629.85290571497,7909.3320472630785,11863.998070894622,20400.28936580663,32891.246684350124,57149.74680491922,89606.94477935854,147962.3824451411,235977.81528816008,366337.1111646974,408825.6571015191,701856.7639257293,819773.3301181576,924379.0692066554,962237.7622377621,986399.8070894622,995032.5536532432,998890.7644080058,999710.6341933928,999951.7723655654,1000000.0,1000000.0,1000000.0,1000000.0,1000000.0,1000000.0,1000000.0,1000000.0,1000000.0,1000000.0,1000000.0,1000000.0,1000000.0,1000000.0,1000000.0,1000000.0,1000000.0,1000000.0,1000000.0,1000000.0,1000000.0,1000000.0,1000000.0,0.0,0.0,0.0,0.0,0.0,0.0,0.0,0.0,0.0,0.0,0.0,0.0,0.0,0.0,0.0,0.0,0.0,0.0,0.0,0.0,0.0,0.0,0.0,0.0,0.0,0.0,0.0,0.0,0.0,0.0,0.0,0.0,0.0,0.0,0.0,0.0,0.0,48.22763443453082,48.22763443453082,48.22763443453082,48.22763443453082,144.68290330359284,723.414516517964,1543.2843019049903,3761.755485893413,8150.470219435744,19918.0130214613,37858.69303110685,90812.63564022185,183265.01085121772,364745.5992283578,494236.7976850735,702097.902097902,844562.3342175066,955341.2105136244,984615.3846153845,997974.4393537496,999565.9512900892,1000000.0,1000000.0,1000000.0,1000000.0,1000000.0,1000000.0,0.0,0.0,0.0,0.0,0.0,0.0,0.0,0.0,0.0,0.0,0.0,0.0,0.0,0.0,0.0,0.0,0.0,0.0,0.0,0.0,0.0,0.0,0.0,0.0,0.0,0.0,0.0,0.0,0.0,0.0,0.0,0.0,0.0,0.0,0.0,0.0,0.0,0.0,0.0,0.0,0.0,0.0,0.0,0.0,0.0,0.0,0.0,0.0,0.0,0.0,0.0,0.0,0.0,0.0,0.0,0.0,0.0,0.0,0.0,0.0,0.0,0.0,48.22763443453082,1000000.0
FLINT,MAGNUM03,F,na,na,na,na,2025_03_11-15_02_56,na,1,44,Yes,1,na,289.36580660718624,4967.446346756688,0.0,8.0,41.0,62.5,,,,530.503978779936,7185.91753074512,0.0,8.0,41.0,62.5,32.0,19.0,12.0,28.0,14.0,9.0,22.0,7.0,7.0,15.0,3.0,5.0,8.0,-2.0,4.0,-5.0,-10.0,3.0,4.0,-6.0,3.0,0.0,32.0,32.0,51.0,51.0,63.0,0.0,28.0,34.0,48.0,54.0,63.0,0.0,22.0,37.0,44.0,56.0,63.0,3.0,18.0,39.0,42.0,58.0,63.0,5.0,13.0,41.0,39.0,59.0,63.0,10.0,5.0,44.0,34.0,60.0,63.0,6.0,10.0,43.0,37.0,60.0,63.0,12.0,0.0,44.0,0.0,62.0,32.0,63.0,63.0,0.44175973701402355,3.645660541976591,2.9190010809147555,0.0,30.0,160.0,978972.7513865444,984326.0188087773,991174.3428984808,994502.0496744635,998119.1222570533,999180.1302146129,999614.1789245236,999758.8618278273,999807.0894622619,999855.3170966964,1000000.0,1000000.0,1000000.0,1000000.0,1000000.0,1000000.0,1000000.0,1000000.0,1000000.0,1000000.0,1000000.0,1000000.0,1000000.0,1000000.0,1000000.0,1000000.0,1000000.0,1000000.0,1000000.0,1000000.0,1000000.0,1000000.0,1000000.0,1000000.0,1000000.0,1000000.0,1000000.0,1000000.0,1000000.0,1000000.0,1000000.0,1000000.0,1000000.0,1000000.0,1000000.0,1000000.0,1000000.0,1000000.0,1000000.0,1000000.0,1000000.0,1000000.0,1000000.0,1000000.0,1000000.0,1000000.0,1000000.0,1000000.0,1000000.0,1000000.0,1000000.0,1000000.0,1000000.0,1000000.0,48.22763443453082,48.22763443453082,48.22763443453082,96.4552688690621,144.68290330359284,289.36580660718624,289.36580660718624,289.36580660718624,337.59344104171646,434.04870991077877,578.7316132143711,723.414516517964,964.5526886906189,1446.829033035929,2073.7882806848356,2459.609356161082,3520.617313720762,4967.446346756688,7089.462261876058,9115.022908126357,12973.233662888826,17603.08656860379,25850.012056908607,33180.61249095733,47648.90282131659,64962.6235833132,99059.56112852665,129346.51555341214,191174.34289848074,267036.41186399804,381673.49891487823,420544.9722691102,661104.4128285507,761851.941162286,868097.4198215576,918447.0701712082,960019.2910537738,979020.9790209789,990354.4731130938,994453.8220400289,997781.5288160116,998746.0815047021,999324.8131179166,999710.6341933928,1000000.0,1000000.0,1000000.0,1000000.0,1000000.0,1000000.0,1000000.0,1000000.0,1000000.0,1000000.0,1000000.0,1000000.0,1000000.0,1000000.0,1000000.0,1000000.0,1000000.0,1000000.0,1000000.0,1000000.0,0.0,0.0,0.0,0.0,0.0,0.0,0.0,0.0,0.0,0.0,0.0,0.0,0.0,0.0,0.0,0.0,0.0,0.0,0.0,0.0,0.0,0.0,0.0,0.0,0.0,0.0,0.0,0.0,0.0,0.0,0.0,0.0,48.22763443453082,48.22763443453082,289.36580660718624,337.59344104171646,434.04870991077877,723.414516517964,1253.9184952978064,1736.1948396431121,3231.251507113574,5015.673981191222,8970.34000482275,13310.827103930547,22859.898721967693,36315.408729201816,65734.26573426573,100602.84543043168,170677.59826380512,265927.1762720038,416300.94043887145,530407.5235109718,690860.8632746564,801495.0566674705,906341.9339281408,949891.4878225223,982589.8239691342,993199.9035447311,998119.1222570533,999469.4960212201,999951.7723655654,1000000.0,1000000.0,1000000.0,0.0,0.0,0.0,0.0,0.0,0.0,0.0,0.0,0.0,0.0,0.0,0.0,0.0,0.0,0.0,0.0,0.0,0.0,0.0,0.0,0.0,0.0,0.0,0.0,0.0,0.0,0.0,0.0,0.0,0.0,0.0,0.0,0.0,0.0,0.0,0.0,0.0,0.0,0.0,0.0,0.0,0.0,0.0,0.0,0.0,0.0,0.0,0.0,0.0,0.0,0.0,0.0,0.0,0.0,0.0,0.0,0.0,0.0,0.0,0.0,0.0,0.0,0.0,1000000.0
FLINT,MAGNUM03,F,na,na,na,na,2025_03_11-15_02_56,na,1,45,Yes,1,na,96.4552688690621,964.5526886906189,0.0,9.0,41.0,0.0,,,,96.4552688690621,1253.91849529783,0.0,9.0,41.0,0.0,32.0,20.0,11.0,28.0,15.0,9.0,23.0,10.0,7.0,18.0,6.0,7.0,11.0,2.0,5.0,4.0,-1.0,4.0,8.0,0.0,5.0,0.0,32.0,32.0,52.0,52.0,63.0,0.0,28.0,34.0,49.0,54.0,63.0,1.0,24.0,36.0,46.0,56.0,63.0,3.0,21.0,38.0,44.0,56.0,63.0,5.0,16.0,40.0,42.0,58.0,63.0,7.0,11.0,41.0,40.0,59.0,63.0,6.0,14.0,40.0,40.0,58.0,63.0,9.0,0.0,44.0,8.0,59.0,37.0,63.0,0.0,0.4412796911336796,3.0811803186800466,2.3826488308968243,0.4374894505865458,30.0,160.0,974149.9879430914,981721.7265493127,990258.0178442247,994405.5944055944,998119.1222570533,999517.7236556546,999807.0894622619,999903.5447311308,1000000.0,1000000.0,1000000.0,1000000.0,1000000.0,1000000.0,1000000.0,1000000.0,1000000.0,1000000.0,1000000.0,1000000.0,1000000.0,1000000.0,1000000.0,1000000.0,1000000.0,1000000.0,1000000.0,1000000.0,1000000.0,1000000.0,1000000.0,1000000.0,1000000.0,1000000.0,1000000.0,1000000.0,1000000.0,1000000.0,1000000.0,1000000.0,1000000.0,1000000.0,1000000.0,1000000.0,1000000.0,1000000.0,1000000.0,1000000.0,1000000.0,1000000.0,1000000.0,1000000.0,1000000.0,1000000.0,1000000.0,1000000.0,1000000.0,1000000.0,1000000.0,1000000.0,1000000.0,1000000.0,1000000.0,1000000.0,0.0,0.0,0.0,0.0,0.0,0.0,0.0,0.0,48.22763443453082,144.68290330359284,144.68290330359284,241.13817217265407,241.13817217265407,337.59344104171646,723.414516517964,868.0974198215577,1446.829033035929,1832.650108512174,2556.0646250301406,3375.934410417169,5160.356884494808,7812.876778394019,13455.510007234145,18567.639257294406,29852.905714974695,44465.87894863754,73595.37014709426,107113.57607909339,167205.20858451893,250976.60959729916,385049.4333252954,440366.5300217024,692500.6028454304,797202.7972027971,902339.0402700747,946515.5534121052,977477.694719074,988811.1888111888,995852.4234386302,998312.0327947914,999710.6341933928,999951.7723655654,1000000.0,1000000.0,1000000.0,1000000.0,1000000.0,1000000.0,1000000.0,1000000.0,1000000.0,1000000.0,1000000.0,1000000.0,1000000.0,1000000.0,1000000.0,1000000.0,1000000.0,1000000.0,1000000.0,1000000.0,1000000.0,1000000.0,0.0,0.0,0.0,0.0,0.0,0.0,0.0,0.0,0.0,0.0,0.0,0.0,0.0,0.0,0.0,0.0,0.0,0.0,0.0,0.0,0.0,0.0,0.0,0.0,0.0,0.0,0.0,0.0,0.0,0.0,0.0,0.0,0.0,0.0,0.0,0.0,0.0,48.22763443453082,144.68290330359284,144.68290330359284,578.7316132143711,1012.7803231251486,2893.6580660718573,4340.487099107789,7764.649143959485,14323.607427055684,30721.00313479626,52134.072823728035,108753.31564986745,191415.48107065354,357993.73040752346,489365.80660718586,677453.5809018567,809741.9821557752,930889.7998553171,970870.5088015433,993971.5456956836,998022.6669881842,999662.4065589582,1000000.0,1000000.0,1000000.0,1000000.0,1000000.0,48.22763443453082,48.22763443453082,48.22763443453082,48.22763443453082,48.22763443453082,48.22763443453082,48.22763443453082,48.22763443453082,48.22763443453082,48.22763443453082,48.22763443453082,48.22763443453082,48.22763443453082,48.22763443453082,48.22763443453082,48.22763443453082,48.22763443453082,48.22763443453082,48.22763443453082,48.22763443453082,48.22763443453082,48.22763443453082,48.22763443453082,48.22763443453082,48.22763443453082,48.22763443453082,48.22763443453082,48.22763443453082,48.22763443453082,48.22763443453082,48.22763443453082,48.22763443453082,48.22763443453082,48.22763443453082,48.22763443453082,48.22763443453082,48.22763443453082,48.22763443453082,48.22763443453082,48.22763443453082,48.22763443453082,48.22763443453082,48.22763443453082,48.22763443453082,48.22763443453082,48.22763443453082,48.22763443453082,48.22763443453082,48.22763443453082,48.22763443453082,48.22763443453082,48.22763443453082,48.22763443453082,48.22763443453082,48.22763443453082,48.22763443453082,48.22763443453082,48.22763443453082,48.22763443453082,48.22763443453082,48.22763443453082,48.22763443453082,48.22763443453082,1000000.0
FLINT,MAGNUM03,F,na,na,na,na,2025_03_11-15_02_56,na,1,46,Yes,1,na,0.0,48.22763443457198,0.0,11.5,40.0,0.0,,,,0.0,48.22763443457198,0.0,11.5,40.0,0.0,32.0,19.0,12.0,29.0,15.0,10.0,24.0,10.0,8.0,20.0,8.0,7.0,17.0,5.0,6.0,13.0,2.0,3.0,15.0,3.0,5.0,0.0,32.0,32.0,51.0,51.0,63.0,0.0,29.0,34.0,49.0,53.0,63.0,2.0,26.0,36.0,46.0,55.0,63.0,4.0,24.0,37.0,45.0,56.0,63.0,5.0,22.0,38.0,43.0,57.0,63.0,6.0,19.0,39.0,41.0,58.0,61.0,6.0,21.0,39.0,42.0,57.0,62.0,7.0,0.0,40.0,16.0,63.0,40.0,63.0,0.0,0.5353068693363747,2.427500211016757,2.152543785888939,0.43973523585614993,30.0,160.0,952399.3248131179,971449.2404147575,984133.1082710393,992476.4890282131,997540.3906438388,999324.8131179166,1000000.0,1000000.0,1000000.0,1000000.0,1000000.0,1000000.0,1000000.0,1000000.0,1000000.0,1000000.0,1000000.0,1000000.0,1000000.0,1000000.0,1000000.0,1000000.0,1000000.0,1000000.0,1000000.0,1000000.0,1000000.0,1000000.0,1000000.0,1000000.0,1000000.0,1000000.0,1000000.0,1000000.0,1000000.0,1000000.0,1000000.0,1000000.0,1000000.0,1000000.0,1000000.0,1000000.0,1000000.0,1000000.0,1000000.0,1000000.0,1000000.0,1000000.0,1000000.0,1000000.0,1000000.0,1000000.0,1000000.0,1000000.0,1000000.0,1000000.0,1000000.0,1000000.0,1000000.0,1000000.0,1000000.0,1000000.0,1000000.0,1000000.0,0.0,0.0,0.0,0.0,0.0,0.0,0.0,0.0,0.0,0.0,0.0,0.0,0.0,0.0,0.0,0.0,48.22763443453082,144.68290330359284,192.91053773812425,385.82107547624787,482.27634434531,964.5526886906189,2218.471183988428,4002.8936580660734,8150.470219435744,16831.444417651295,34675.66915842777,63949.8432601881,115939.23318061238,204147.57656136955,332577.76706052566,387412.58741258737,691680.7330600434,823679.7685073547,927562.0930793345,968459.1270798167,990402.7007475282,997829.756450446,999469.4960212201,999951.7723655654,1000000.0,1000000.0,1000000.0,1000000.0,1000000.0,1000000.0,1000000.0,1000000.0,1000000.0,1000000.0,1000000.0,1000000.0,1000000.0,1000000.0,1000000.0,1000000.0,1000000.0,1000000.0,1000000.0,1000000.0,1000000.0,1000000.0,1000000.0,1000000.0,0.0,0.0,0.0,0.0,0.0,0.0,0.0,0.0,0.0,0.0,0.0,0.0,0.0,0.0,0.0,0.0,0.0,0.0,0.0,0.0,0.0,0.0,0.0,0.0,0.0,0.0,0.0,0.0,0.0,0.0,0.0,0.0,0.0,0.0,0.0,0.0,0.0,0.0,0.0,0.0,48.22763443453082,241.13817217265407,771.6421509524955,1543.2843019049903,4195.804195804195,8825.657101519182,24258.500120569093,42633.228840125375,103592.9587653725,200868.09741982154,385628.16493850976,532047.2630817458,726452.8574873402,856281.6493850977,958283.0962141306,986640.9452616348,998697.8538702676,999758.8618278273,999903.5447311308,999951.7723655654,1000000.0,1000000.0,1000000.0,1000000.0,48.22763443453082,48.22763443453082,48.22763443453082,48.22763443453082,48.22763443453082,48.22763443453082,48.22763443453082,48.22763443453082,48.22763443453082,48.22763443453082,48.22763443453082,48.22763443453082,48.22763443453082,48.22763443453082,48.22763443453082,48.22763443453082,48.22763443453082,48.22763443453082,48.22763443453082,48.22763443453082,48.22763443453082,48.22763443453082,48.22763443453082,48.22763443453082,48.22763443453082,48.22763443453082,48.22763443453082,48.22763443453082,48.22763443453082,48.22763443453082,48.22763443453082,48.22763443453082,48.22763443453082,48.22763443453082,48.22763443453082,48.22763443453082,48.22763443453082,48.22763443453082,48.22763443453082,48.22763443453082,48.22763443453082,48.22763443453082,48.22763443453082,48.22763443453082,48.22763443453082,48.22763443453082,48.22763443453082,48.22763443453082,48.22763443453082,48.22763443453082,48.22763443453082,48.22763443453082,48.22763443453082,48.22763443453082,48.22763443453082,48.22763443453082,48.22763443453082,48.22763443453082,48.22763443453082,48.22763443453082,144.68290330359284,337.59344104171646,675.1868820834334,1000000.0
FLINT,MAGNUM03,F,na,na,na,na,2025_03_11-15_02_56,na,1,47,Yes,1,na,0.0,144.68290330359284,0.0,11.0,42.0,60.5,,,,0.0,144.68290330359284,0.0,11.0,42.0,60.5,32.0,20.0,11.0,29.0,16.0,9.0,24.0,12.0,8.0,20.0,9.0,7.0,16.0,6.0,6.0,11.0,2.0,5.0,13.0,4.0,6.0,0.0,32.0,32.0,52.0,52.0,63.0,0.0,29.0,34.0,50.0,54.0,63.0,2.0,26.0,36.0,48.0,55.0,63.0,4.0,24.0,37.0,46.0,56.0,63.0,5.0,21.0,39.0,45.0,57.0,63.0,6.0,17.0,41.0,43.0,58.0,63.0,6.0,19.0,40.0,44.0,57.0,63.0,8.0,0.0,43.0,14.0,59.0,42.0,63.0,62.0,0.5328547712867863,2.506229255930745,1.9762932478085427,0.009820453887798475,30.0,160.0,957318.54352544,971449.2404147575,985001.2056908607,991945.9850494333,997829.756450446,999228.3578490474,999903.5447311308,999903.5447311308,1000000.0,1000000.0,1000000.0,1000000.0,1000000.0,1000000.0,1000000.0,1000000.0,1000000.0,1000000.0,1000000.0,1000000.0,1000000.0,1000000.0,1000000.0,1000000.0,1000000.0,1000000.0,1000000.0,1000000.0,1000000.0,1000000.0,1000000.0,1000000.0,1000000.0,1000000.0,1000000.0,1000000.0,1000000.0,1000000.0,1000000.0,1000000.0,1000000.0,1000000.0,1000000.0,1000000.0,1000000.0,1000000.0,1000000.0,1000000.0,1000000.0,1000000.0,1000000.0,1000000.0,1000000.0,1000000.0,1000000.0,1000000.0,1000000.0,1000000.0,1000000.0,1000000.0,1000000.0,1000000.0,1000000.0,1000000.0,0.0,0.0,0.0,0.0,0.0,0.0,0.0,0.0,0.0,0.0,0.0,0.0,0.0,0.0,48.22763443453082,96.4552688690621,144.68290330359284,289.36580660718624,434.04870991077877,626.959247648901,916.3250542560885,1398.601398601398,3231.251507113574,5256.812153363875,9741.98215577526,16252.71280443696,32987.70195321919,53918.495297805646,102242.58500120559,164215.095249578,282372.7996141789,335037.37641668675,636604.774535809,766964.0704123464,894188.5700506389,951290.0892211237,984326.0188087773,994694.9602122015,998649.626235833,999469.4960212201,999855.3170966964,1000000.0,1000000.0,1000000.0,1000000.0,1000000.0,1000000.0,1000000.0,1000000.0,1000000.0,1000000.0,1000000.0,1000000.0,1000000.0,1000000.0,1000000.0,1000000.0,1000000.0,1000000.0,1000000.0,1000000.0,1000000.0,1000000.0,1000000.0,0.0,0.0,0.0,0.0,0.0,0.0,0.0,0.0,0.0,0.0,0.0,0.0,0.0,0.0,0.0,0.0,0.0,0.0,0.0,0.0,0.0,0.0,0.0,0.0,0.0,0.0,0.0,0.0,0.0,0.0,0.0,0.0,0.0,0.0,0.0,0.0,0.0,0.0,0.0,0.0,0.0,0.0,192.91053773812425,385.82107547624787,1302.1461297323344,2363.1540872920177,8198.697853870257,20689.655172413797,62310.10368941406,134603.32770677604,315794.55027730897,474704.60573908844,686423.9209066795,825946.4673257776,945743.9112611526,982975.6450446106,998070.8946226187,999758.8618278273,1000000.0,1000000.0,1000000.0,1000000.0,1000000.0,1000000.0,0.0,0.0,0.0,0.0,0.0,0.0,0.0,0.0,0.0,0.0,0.0,0.0,0.0,0.0,0.0,0.0,0.0,0.0,0.0,0.0,0.0,0.0,0.0,0.0,0.0,0.0,0.0,0.0,0.0,0.0,0.0,0.0,0.0,0.0,0.0,0.0,0.0,0.0,0.0,0.0,0.0,0.0,0.0,0.0,0.0,0.0,0.0,0.0,0.0,0.0,0.0,0.0,0.0,0.0,0.0,0.0,0.0,0.0,0.0,0.0,0.0,0.0,96.4552688690621,1000000.0
FLINT,MAGNUM03,F,na,na,na,na,2025_03_11-15_02_56,na,1,48,Yes,1,na,96.4552688691443,482.27634434531,0.0,7.0,42.0,0.0,,,,144.68290330359284,482.27634434531,0.0,7.0,42.0,0.0,32.0,20.0,11.0,29.0,15.0,9.0,22.0,11.0,8.0,18.0,8.0,7.0,15.0,5.0,6.0,5.0,2.0,5.0,11.0,4.0,5.0,0.0,32.0,32.0,52.0,52.0,63.0,0.0,29.0,34.0,49.0,54.0,63.0,3.0,25.0,36.0,47.0,55.0,63.0,4.0,22.0,37.0,45.0,56.0,63.0,5.0,20.0,39.0,44.0,57.0,63.0,6.0,11.0,40.0,42.0,58.0,63.0,6.0,17.0,39.0,43.0,58.0,63.0,7.0,0.0,53.0,7.0,58.0,39.0,63.0,0.0,0.6997772573402792,2.728519501854854,2.1286727691320007,0.4374894505865458,30.0,160.0,924379.0692066554,948782.252230528,973715.9392331806,984277.7911743429,996045.3339763684,999083.6749457439,999903.5447311308,1000000.0,1000000.0,1000000.0,1000000.0,1000000.0,1000000.0,1000000.0,1000000.0,1000000.0,1000000.0,1000000.0,1000000.0,1000000.0,1000000.0,1000000.0,1000000.0,1000000.0,1000000.0,1000000.0,1000000.0,1000000.0,1000000.0,1000000.0,1000000.0,1000000.0,1000000.0,1000000.0,1000000.0,1000000.0,1000000.0,1000000.0,1000000.0,1000000.0,1000000.0,1000000.0,1000000.0,1000000.0,1000000.0,1000000.0,1000000.0,1000000.0,1000000.0,1000000.0,1000000.0,1000000.0,1000000.0,1000000.0,1000000.0,1000000.0,1000000.0,1000000.0,1000000.0,1000000.0,1000000.0,1000000.0,1000000.0,1000000.0,0.0,0.0,0.0,0.0,0.0,0.0,0.0,96.4552688690621,96.4552688690621,192.91053773812425,192.91053773812425,241.13817217265407,289.36580660718624,289.36580660718624,289.36580660718624,385.82107547624787,530.5039787798403,675.1868820834334,1061.0079575596806,1350.373764166866,2604.2922594646707,4147.576561369663,6366.047745358085,9693.754521340716,16156.257535567875,25512.418615866904,47070.171208102285,73161.32143718349,130455.7511454063,209741.98215577527,340245.9609356161,399517.7236556547,670364.1186399807,793923.3180612491,907210.0313479623,950132.625994695,983506.1490233904,994164.4562334217,998697.8538702676,999565.9512900892,999903.5447311308,999951.7723655654,999951.7723655654,1000000.0,1000000.0,1000000.0,1000000.0,1000000.0,1000000.0,1000000.0,1000000.0,1000000.0,1000000.0,1000000.0,1000000.0,1000000.0,1000000.0,1000000.0,1000000.0,1000000.0,1000000.0,1000000.0,1000000.0,1000000.0,0.0,0.0,0.0,0.0,0.0,0.0,0.0,0.0,0.0,0.0,0.0,0.0,0.0,0.0,0.0,0.0,0.0,0.0,0.0,0.0,0.0,0.0,0.0,0.0,0.0,0.0,0.0,0.0,0.0,0.0,0.0,0.0,0.0,0.0,0.0,0.0,0.0,0.0,0.0,48.22763443453082,48.22763443453082,48.22763443453082,530.5039787798403,1061.0079575596806,2990.1133349409165,6848.3240897033975,19049.915601639714,34193.39281408243,87967.20520858454,177477.69471907397,359102.96599951765,492307.69230769225,702917.7718832891,839353.7496985772,948878.7074993971,982107.547624789,996575.8379551483,999373.040752351,1000000.0,1000000.0,1000000.0,1000000.0,1000000.0,1000000.0,48.22763443453082,48.22763443453082,48.22763443453082,48.22763443453082,48.22763443453082,48.22763443453082,48.22763443453082,48.22763443453082,48.22763443453082,48.22763443453082,48.22763443453082,48.22763443453082,48.22763443453082,48.22763443453082,48.22763443453082,48.22763443453082,48.22763443453082,48.22763443453082,48.22763443453082,48.22763443453082,48.22763443453082,48.22763443453082,48.22763443453082,48.22763443453082,48.22763443453082,48.22763443453082,48.22763443453082,48.22763443453082,48.22763443453082,48.22763443453082,48.22763443453082,48.22763443453082,48.22763443453082,48.22763443453082,48.22763443453082,48.22763443453082,48.22763443453082,48.22763443453082,48.22763443453082,48.22763443453082,48.22763443453082,48.22763443453082,48.22763443453082,48.22763443453082,48.22763443453082,48.22763443453082,48.22763443453082,48.22763443453082,48.22763443453082,48.22763443453082,48.22763443453082,48.22763443453082,48.22763443453082,48.22763443453082,48.22763443453082,48.22763443453082,48.22763443453082,48.22763443453082,48.22763443453082,48.22763443453082,48.22763443453082,48.22763443453082,48.22763443453082,1000000.0
FLINT,MAGNUM03,F,na,na,na,na,2025_03_11-15_02_56,na,1,49,Yes,1,na,0.0,96.4552688691443,0.0,9.5,41.0,59.0,,,,0.0,192.91053773820641,0.0,9.5,41.0,59.0,32.0,19.0,12.0,29.0,15.0,10.0,25.0,11.0,8.0,21.0,8.0,7.0,17.0,6.0,7.0,12.0,2.0,5.0,14.0,4.0,6.0,0.0,32.0,32.0,51.0,51.0,63.0,0.0,29.0,34.0,49.0,53.0,63.0,1.0,26.0,36.0,47.0,55.0,63.0,3.0,24.0,37.0,45.0,56.0,63.0,4.0,21.0,38.0,44.0,56.0,63.0,6.0,18.0,40.0,42.0,58.0,63.0,5.0,19.0,39.0,43.0,57.0,63.0,8.0,0.0,48.0,11.0,58.0,38.0,63.0,60.0,0.38792272504246295,2.451015080092227,2.079630585095127,0.02195941428029117,30.0,160.0,976947.1907402942,984567.15698095,992331.8061249095,995418.3747287195,999083.6749457439,999807.0894622619,1000000.0,1000000.0,1000000.0,1000000.0,1000000.0,1000000.0,1000000.0,1000000.0,1000000.0,1000000.0,1000000.0,1000000.0,1000000.0,1000000.0,1000000.0,1000000.0,1000000.0,1000000.0,1000000.0,1000000.0,1000000.0,1000000.0,1000000.0,1000000.0,1000000.0,1000000.0,1000000.0,1000000.0,1000000.0,1000000.0,1000000.0,1000000.0,1000000.0,1000000.0,1000000.0,1000000.0,1000000.0,1000000.0,1000000.0,1000000.0,1000000.0,1000000.0,1000000.0,1000000.0,1000000.0,1000000.0,1000000.0,1000000.0,1000000.0,1000000.0,1000000.0,1000000.0,1000000.0,1000000.0,1000000.0,1000000.0,1000000.0,1000000.0,0.0,0.0,0.0,0.0,0.0,0.0,0.0,0.0,0.0,0.0,0.0,48.22763443453082,48.22763443453082,48.22763443453082,48.22763443453082,96.4552688690621,192.91053773812425,192.91053773812425,482.27634434531,578.7316132143711,1253.9184952978064,1832.650108512174,3327.7067759826386,5305.039787798405,9838.437424644324,17988.907644080045,35881.36001929101,58066.0718591753,114154.81070653483,190306.24547865926,326742.2232939474,396768.7484928864,688353.0262840607,817988.90764408,929346.515553412,965131.420303834,990354.4731130938,996190.0168796721,999228.3578490474,999710.6341933928,999903.5447311308,1000000.0,1000000.0,1000000.0,1000000.0,1000000.0,1000000.0,1000000.0,1000000.0,1000000.0,1000000.0,1000000.0,1000000.0,1000000.0,1000000.0,1000000.0,1000000.0,1000000.0,1000000.0,1000000.0,1000000.0,1000000.0,1000000.0,1000000.0,0.0,0.0,0.0,0.0,0.0,0.0,0.0,0.0,0.0,0.0,0.0,0.0,0.0,0.0,0.0,0.0,0.0,0.0,0.0,0.0,0.0,0.0,0.0,0.0,0.0,0.0,0.0,0.0,0.0,0.0,0.0,0.0,0.0,0.0,0.0,0.0,0.0,0.0,48.22763443453082,48.22763443453082,96.4552688690621,144.68290330359284,434.04870991077877,916.3250542560885,2604.2922594646707,6944.779358572451,20979.020979020985,38099.8312032795,108946.22618760553,215288.16011574632,409356.161080299,544297.0822281167,754810.7065348444,877067.7598263804,968941.4034241621,989486.3756932722,998938.9920424403,999758.8618278273,1000000.0,1000000.0,1000000.0,1000000.0,1000000.0,1000000.0,0.0,0.0,0.0,0.0,0.0,0.0,0.0,0.0,0.0,0.0,0.0,0.0,0.0,0.0,0.0,0.0,0.0,0.0,0.0,0.0,0.0,0.0,0.0,0.0,0.0,0.0,0.0,0.0,0.0,0.0,0.0,0.0,0.0,0.0,0.0,0.0,0.0,0.0,0.0,0.0,0.0,0.0,0.0,0.0,0.0,0.0,0.0,0.0,0.0,0.0,0.0,0.0,0.0,0.0,0.0,0.0,0.0,0.0,0.0,0.0,48.22763443453082,48.22763443453082,96.4552688690621,1000000.0
FLINT,MAGNUM03,F,na,na,na,na,2025_03_11-15_02_56,na,1,50,Yes,1,na,48.22763443453082,578.7316132143711,96.4552688691443,11.0,40.0,59.0,,,,48.22763443453082,868.0974198215577,96.4552688691443,11.0,40.0,59.0,32.0,19.0,12.0,28.0,15.0,10.0,23.0,10.0,8.0,18.0,7.0,7.0,13.0,3.0,6.0,6.0,0.0,5.0,10.0,1.0,5.0,0.0,32.0,32.0,51.0,51.0,63.0,0.0,28.0,34.0,49.0,53.0,63.0,2.0,25.0,36.0,46.0,55.0,63.0,4.0,22.0,37.0,44.0,56.0,63.0,5.0,18.0,39.0,42.0,57.0,63.0,8.0,14.0,40.0,40.0,58.0,63.0,6.0,16.0,39.0,40.0,58.0,63.0,9.0,0.0,42.0,8.0,63.0,35.0,63.0,63.0,0.634293430766046,2.840733788286259,2.3140801016822716,0.0,30.0,160.0,940921.1478176996,961273.2095490716,979358.5724620208,988570.0506390162,996141.7892452375,998746.0815047021,999565.9512900892,999710.6341933928,1000000.0,1000000.0,1000000.0,1000000.0,1000000.0,1000000.0,1000000.0,1000000.0,1000000.0,1000000.0,1000000.0,1000000.0,1000000.0,1000000.0,1000000.0,1000000.0,1000000.0,1000000.0,1000000.0,1000000.0,1000000.0,1000000.0,1000000.0,1000000.0,1000000.0,1000000.0,1000000.0,1000000.0,1000000.0,1000000.0,1000000.0,1000000.0,1000000.0,1000000.0,1000000.0,1000000.0,1000000.0,1000000.0,1000000.0,1000000.0,1000000.0,1000000.0,1000000.0,1000000.0,1000000.0,1000000.0,1000000.0,1000000.0,1000000.0,1000000.0,1000000.0,1000000.0,1000000.0,1000000.0,1000000.0,1000000.0,0.0,0.0,0.0,0.0,0.0,0.0,0.0,0.0,48.22763443453082,48.22763443453082,48.22763443453082,48.22763443453082,48.22763443453082,96.4552688690621,337.59344104171646,337.59344104171646,578.7316132143711,868.0974198215577,1398.601398601398,2025.5606462503029,3713.527851458888,5594.405594405593,9597.299252471657,14082.469254883039,22377.6223776224,36363.636363636375,63467.566915842755,97323.36628888355,160453.33976368458,247552.44755244753,377959.9710634193,454256.0887388473,711743.4289848083,827296.8410899445,918013.0214612973,957993.7304075235,985145.8885941644,994357.3667711598,998360.2604292259,999565.9512900892,1000000.0,1000000.0,1000000.0,1000000.0,1000000.0,1000000.0,1000000.0,1000000.0,1000000.0,1000000.0,1000000.0,1000000.0,1000000.0,1000000.0,1000000.0,1000000.0,1000000.0,1000000.0,1000000.0,1000000.0,1000000.0,1000000.0,1000000.0,1000000.0,0.0,0.0,0.0,0.0,0.0,0.0,0.0,0.0,0.0,0.0,0.0,0.0,0.0,0.0,0.0,0.0,0.0,0.0,0.0,0.0,0.0,0.0,0.0,0.0,0.0,0.0,0.0,0.0,0.0,0.0,0.0,0.0,0.0,0.0,0.0,48.22763443453082,48.22763443453082,96.4552688690621,144.68290330359284,192.91053773812425,626.959247648901,916.3250542560885,1639.7395707740552,3231.251507113574,6414.2753797926125,13310.827103930547,31251.507113576063,56667.470460573895,121871.23221605983,214468.2903303593,383699.0595611285,526838.6785628165,713142.0303834096,844176.5131420302,947576.5613696647,980371.3527851459,996238.2445141064,999276.585483482,999903.5447311308,1000000.0,1000000.0,1000000.0,1000000.0,1000000.0,0.0,0.0,0.0,0.0,0.0,0.0,0.0,0.0,0.0,0.0,0.0,0.0,0.0,0.0,0.0,0.0,0.0,0.0,0.0,0.0,0.0,0.0,0.0,0.0,0.0,0.0,0.0,0.0,0.0,0.0,0.0,0.0,0.0,0.0,0.0,0.0,0.0,0.0,0.0,0.0,0.0,0.0,0.0,0.0,0.0,0.0,0.0,0.0,0.0,0.0,0.0,0.0,0.0,0.0,0.0,0.0,0.0,0.0,0.0,0.0,0.0,0.0,0.0,1000000.0
FLINT,MAGNUM03,F,na,na,na,na,2025_03_11-15_02_56,na,1,51,Yes,1,na,0.0,96.4552688690621,0.0,11.5,40.5,0.0,,,,0.0,96.4552688690621,0.0,11.5,40.5,0.0,32.0,19.0,12.0,29.0,15.0,10.0,22.0,11.0,8.0,19.0,9.0,7.0,16.0,6.0,7.0,11.0,3.0,3.0,14.0,5.0,6.0,0.0,32.0,32.0,51.0,51.0,63.0,0.0,29.0,34.0,49.0,53.0,63.0,4.0,26.0,36.0,47.0,55.0,63.0,5.0,24.0,37.0,46.0,56.0,63.0,6.0,22.0,38.0,44.0,56.0,63.0,8.0,19.0,39.0,42.0,58.0,61.0,7.0,21.0,38.0,43.0,56.0,62.0,9.0,0.0,40.0,14.0,63.0,38.0,63.0,0.0,0.9608810527553814,2.364535302279307,1.9924155286860892,0.43929544096541,30.0,160.0,850012.0569086086,899638.292741741,947431.8784663611,969520.1350373763,991753.0745116952,997636.845912708,999421.2683867855,999758.8618278273,1000000.0,1000000.0,1000000.0,1000000.0,1000000.0,1000000.0,1000000.0,1000000.0,1000000.0,1000000.0,1000000.0,1000000.0,1000000.0,1000000.0,1000000.0,1000000.0,1000000.0,1000000.0,1000000.0,1000000.0,1000000.0,1000000.0,1000000.0,1000000.0,1000000.0,1000000.0,1000000.0,1000000.0,1000000.0,1000000.0,1000000.0,1000000.0,1000000.0,1000000.0,1000000.0,1000000.0,1000000.0,1000000.0,1000000.0,1000000.0,1000000.0,1000000.0,1000000.0,1000000.0,1000000.0,1000000.0,1000000.0,1000000.0,1000000.0,1000000.0,1000000.0,1000000.0,1000000.0,1000000.0,1000000.0,1000000.0,0.0,0.0,0.0,0.0,0.0,0.0,0.0,0.0,0.0,0.0,0.0,0.0,0.0,0.0,48.22763443453082,48.22763443453082,48.22763443453082,96.4552688690621,192.91053773812425,337.59344104171646,482.27634434531,723.414516517964,2073.7882806848356,3279.479141548107,7619.966240655894,14950.566674704614,31974.921630094064,54256.088738847335,113286.7132867133,194598.50494333252,328526.645768025,405642.6332288401,696696.4070412345,828261.3937786352,934265.7342657342,968507.3547142512,992669.3995659512,997251.0248372317,999565.9512900892,999951.7723655654,1000000.0,1000000.0,1000000.0,1000000.0,1000000.0,1000000.0,1000000.0,1000000.0,1000000.0,1000000.0,1000000.0,1000000.0,1000000.0,1000000.0,1000000.0,1000000.0,1000000.0,1000000.0,1000000.0,1000000.0,1000000.0,1000000.0,1000000.0,1000000.0,0.0,0.0,0.0,0.0,0.0,0.0,0.0,0.0,0.0,0.0,0.0,0.0,0.0,0.0,0.0,0.0,0.0,0.0,0.0,0.0,0.0,0.0,0.0,0.0,0.0,0.0,0.0,0.0,0.0,0.0,0.0,0.0,0.0,0.0,0.0,0.0,0.0,0.0,48.22763443453082,48.22763443453082,48.22763443453082,144.68290330359284,385.82107547624787,771.6421509524955,1929.1053773812387,4919.218712322153,16300.940438871463,34627.44152399321,103882.32457197971,221702.43549553893,432939.47431878466,574005.3050397878,779599.7106341933,894670.8463949844,974487.5813841331,993826.8627923799,999614.1789245236,999855.3170966964,1000000.0,1000000.0,1000000.0,1000000.0,1000000.0,1000000.0,48.22763443453082,48.22763443453082,48.22763443453082,48.22763443453082,48.22763443453082,48.22763443453082,48.22763443453082,48.22763443453082,48.22763443453082,48.22763443453082,48.22763443453082,48.22763443453082,48.22763443453082,48.22763443453082,48.22763443453082,48.22763443453082,48.22763443453082,48.22763443453082,48.22763443453082,48.22763443453082,48.22763443453082,48.22763443453082,48.22763443453082,48.22763443453082,48.22763443453082,48.22763443453082,48.22763443453082,48.22763443453082,48.22763443453082,48.22763443453082,48.22763443453082,48.22763443453082,48.22763443453082,48.22763443453082,48.22763443453082,48.22763443453082,48.22763443453082,48.22763443453082,48.22763443453082,48.22763443453082,48.22763443453082,48.22763443453082,48.22763443453082,48.22763443453082,48.22763443453082,48.22763443453082,48.22763443453082,48.22763443453082,48.22763443453082,48.22763443453082,48.22763443453082,48.22763443453082,48.22763443453082,48.22763443453082,48.22763443453082,48.22763443453082,48.22763443453082,48.22763443453082,48.22763443453082,48.22763443453082,48.22763443453082,289.36580660718624,916.3250542560885,1000000.0
FLINT,MAGNUM03,F,na,na,na,na,2025_03_11-15_02_56,na,1,52,Yes,1,na,241.13817217265407,3375.934410417169,0.0,7.0,40.0,62.0,,,,385.82107547624787,5449.722691102109,0.0,7.0,40.0,62.0,32.0,19.0,12.0,28.0,14.0,10.0,21.0,7.0,7.0,15.0,4.0,6.0,10.0,0.0,5.0,-1.0,-8.0,3.0,4.0,-4.0,4.0,0.0,32.0,32.0,51.0,51.0,63.0,0.0,28.0,34.0,48.0,53.0,63.0,2.0,23.0,37.0,44.0,56.0,63.0,4.0,19.0,38.0,42.0,57.0,63.0,5.0,15.0,40.0,40.0,58.0,63.0,8.0,7.0,44.0,36.0,60.0,63.0,6.0,10.0,42.0,38.0,59.0,63.0,10.0,0.0,48.0,2.0,61.0,30.0,63.0,63.0,0.544524130320372,3.4129505587999978,2.745936155945338,0.0,30.0,160.0,961128.526645768,972220.8825657101,985531.7096696406,991511.9363395225,997251.0248372317,998746.0815047021,999807.0894622619,999855.3170966964,999903.5447311308,999903.5447311308,1000000.0,1000000.0,1000000.0,1000000.0,1000000.0,1000000.0,1000000.0,1000000.0,1000000.0,1000000.0,1000000.0,1000000.0,1000000.0,1000000.0,1000000.0,1000000.0,1000000.0,1000000.0,1000000.0,1000000.0,1000000.0,1000000.0,1000000.0,1000000.0,1000000.0,1000000.0,1000000.0,1000000.0,1000000.0,1000000.0,1000000.0,1000000.0,1000000.0,1000000.0,1000000.0,1000000.0,1000000.0,1000000.0,1000000.0,1000000.0,1000000.0,1000000.0,1000000.0,1000000.0,1000000.0,1000000.0,1000000.0,1000000.0,1000000.0,1000000.0,1000000.0,1000000.0,1000000.0,1000000.0,0.0,0.0,48.22763443453082,96.4552688690621,96.4552688690621,96.4552688690621,192.91053773812425,289.36580660718624,385.82107547624787,434.04870991077877,578.7316132143711,723.414516517964,723.414516517964,1109.2355919942117,1350.373764166866,1929.1053773812387,2990.1133349409165,4340.487099107789,6076.6819387508895,7523.510971786837,10995.900651073063,14998.794309139143,21798.89076440802,28695.442488545894,44176.51314203044,63274.65637810463,96599.95177236552,133252.9539426091,203038.3409693754,287099.10778876295,414130.6968893175,453870.26766337105,711212.9250060284,814034.2416204485,907451.1695201348,943525.4400771642,974584.036653002,986592.7176272003,993971.5456956836,996624.0655895828,998842.5367735712,999469.4960212201,999855.3170966964,999855.3170966964,999903.5447311308,1000000.0,1000000.0,1000000.0,1000000.0,1000000.0,1000000.0,1000000.0,1000000.0,1000000.0,1000000.0,1000000.0,1000000.0,1000000.0,1000000.0,1000000.0,1000000.0,1000000.0,1000000.0,1000000.0,0.0,0.0,0.0,0.0,0.0,0.0,0.0,0.0,0.0,0.0,0.0,0.0,0.0,0.0,0.0,0.0,0.0,0.0,0.0,0.0,0.0,0.0,0.0,0.0,0.0,0.0,0.0,0.0,0.0,0.0,48.22763443453082,48.22763443453082,48.22763443453082,48.22763443453082,144.68290330359284,192.91053773812425,482.27634434531,530.5039787798403,916.3250542560885,1302.1461297323344,2652.5198938992025,4340.487099107789,8198.697853870257,13166.144200626935,23824.451410658283,39498.43260188093,72775.50036170722,107354.71425126592,188521.8230045816,290330.3592958766,464142.7537979262,579020.979020979,748155.2929828792,856812.1533638776,946322.642874367,975259.2235350856,992380.033759344,997058.1142994935,999276.585483482,999614.1789245236,1000000.0,1000000.0,1000000.0,1000000.0,0.0,0.0,0.0,0.0,0.0,0.0,0.0,0.0,0.0,0.0,0.0,0.0,0.0,0.0,0.0,0.0,0.0,0.0,0.0,0.0,0.0,0.0,0.0,0.0,0.0,0.0,0.0,0.0,0.0,0.0,0.0,0.0,0.0,0.0,0.0,0.0,0.0,0.0,0.0,0.0,0.0,0.0,0.0,0.0,0.0,0.0,0.0,0.0,0.0,0.0,0.0,0.0,0.0,0.0,0.0,0.0,0.0,0.0,0.0,0.0,0.0,0.0,0.0,1000000.0
FLINT,MAGNUM03,F,na,na,na,na,2025_03_11-15_02_56,na,1,53,Yes,1,na,96.4552688691443,1109.2355919942117,0.0,10.0,41.0,61.5,,,,144.68290330360517,1591.5119363396002,0.0,10.0,41.0,61.5,32.0,19.0,12.0,28.0,15.0,9.0,22.0,9.0,7.0,17.0,6.0,6.0,11.0,2.0,5.0,3.0,-1.0,4.0,7.0,-1.0,5.0,0.0,32.0,32.0,51.0,51.0,63.0,0.0,28.0,34.0,49.0,54.0,63.0,2.0,24.0,37.0,46.0,56.0,63.0,4.0,21.0,38.0,44.0,57.0,63.0,6.0,17.0,40.0,42.0,58.0,63.0,9.0,12.0,41.0,40.0,59.0,63.0,7.0,14.0,41.0,40.0,58.0,63.0,11.0,0.0,44.0,9.0,60.0,34.0,63.0,63.0,0.6601523800564819,3.1343303227407344,2.4991923965786325,0.0,30.0,160.0,942994.9360983843,960405.1121292501,979069.2066554135,987701.9532191945,994791.4154810706,998263.8051603568,999517.7236556546,999662.4065589582,999855.3170966964,999903.5447311308,999951.7723655654,1000000.0,1000000.0,1000000.0,1000000.0,1000000.0,1000000.0,1000000.0,1000000.0,1000000.0,1000000.0,1000000.0,1000000.0,1000000.0,1000000.0,1000000.0,1000000.0,1000000.0,1000000.0,1000000.0,1000000.0,1000000.0,1000000.0,1000000.0,1000000.0,1000000.0,1000000.0,1000000.0,1000000.0,1000000.0,1000000.0,1000000.0,1000000.0,1000000.0,1000000.0,1000000.0,1000000.0,1000000.0,1000000.0,1000000.0,1000000.0,1000000.0,1000000.0,1000000.0,1000000.0,1000000.0,1000000.0,1000000.0,1000000.0,1000000.0,1000000.0,1000000.0,1000000.0,1000000.0,0.0,0.0,0.0,0.0,0.0,0.0,0.0,0.0,0.0,48.22763443453082,96.4552688690621,192.91053773812425,289.36580660718624,482.27634434531,578.7316132143711,819.8697853870253,1157.4632264287443,2073.7882806848356,3183.023872679041,4051.121292500604,5594.405594405593,8102.242585001196,13744.875813841316,20207.378828068486,32216.05980226669,48517.0002411382,78080.54014950561,108994.45382203998,174487.5813841331,251989.3899204244,384808.2951531227,430576.32023149263,695153.1227393296,801446.8290330359,897516.2768266216,941692.7899686521,975114.5406317819,988570.0506390162,995852.4234386302,998119.1222570533,999517.7236556546,999903.5447311308,999951.7723655654,1000000.0,1000000.0,1000000.0,1000000.0,1000000.0,1000000.0,1000000.0,1000000.0,1000000.0,1000000.0,1000000.0,1000000.0,1000000.0,1000000.0,1000000.0,1000000.0,1000000.0,1000000.0,1000000.0,1000000.0,1000000.0,0.0,0.0,0.0,0.0,0.0,0.0,0.0,0.0,0.0,0.0,0.0,0.0,0.0,0.0,0.0,0.0,0.0,0.0,0.0,0.0,0.0,0.0,0.0,0.0,0.0,0.0,0.0,0.0,0.0,0.0,0.0,0.0,0.0,0.0,48.22763443453082,48.22763443453082,48.22763443453082,48.22763443453082,96.4552688690621,192.91053773812425,675.1868820834334,1157.4632264287443,2845.4304316373314,5015.673981191222,11140.583554376653,20207.378828068486,44514.1065830721,71907.40294188572,142512.6597540391,235640.2218471184,409404.3887147335,533542.3197492163,710248.3723173379,834145.1651796479,936870.026525199,972124.427296841,992572.9442970823,997588.6182782734,999758.8618278273,999903.5447311308,1000000.0,1000000.0,1000000.0,1000000.0,0.0,0.0,0.0,0.0,0.0,0.0,0.0,0.0,0.0,0.0,0.0,0.0,0.0,0.0,0.0,0.0,0.0,0.0,0.0,0.0,0.0,0.0,0.0,0.0,0.0,0.0,0.0,0.0,0.0,0.0,0.0,0.0,0.0,0.0,0.0,0.0,0.0,0.0,0.0,0.0,0.0,0.0,0.0,0.0,0.0,0.0,0.0,0.0,0.0,0.0,0.0,0.0,0.0,0.0,0.0,0.0,0.0,0.0,0.0,0.0,0.0,0.0,0.0,1000000.0
FLINT,MAGNUM03,F,na,na,na,na,2025_03_11-15_02_56,na,1,54,Yes,1,na,48.22763443453082,482.27634434538857,0.0,12.5,40.0,60.5,,,,48.22763443453082,578.7316132143711,0.0,12.5,40.0,60.5,32.0,19.0,12.0,28.0,16.0,10.0,23.0,10.0,8.0,18.0,7.0,7.0,13.0,4.0,6.0,7.0,1.0,5.0,11.0,1.0,6.0,0.0,32.0,32.0,51.0,51.0,63.0,0.0,28.0,33.0,49.0,53.0,63.0,2.0,25.0,36.0,46.0,55.0,63.0,4.0,22.0,37.0,44.0,56.0,63.0,5.0,18.0,38.0,42.0,57.0,63.0,8.0,15.0,40.0,41.0,58.0,63.0,6.0,17.0,40.0,41.0,57.0,63.0,12.0,0.0,44.0,6.0,58.0,38.0,63.0,63.0,0.6599039304664963,2.7436027853089584,2.2787302117722064,0.0,30.0,160.0,938557.9937304074,958765.3725584759,978056.4263322884,986496.2623583314,995948.8787074994,998794.3091391367,999614.1789245236,999758.8618278273,999951.7723655654,999951.7723655654,1000000.0,1000000.0,1000000.0,1000000.0,1000000.0,1000000.0,1000000.0,1000000.0,1000000.0,1000000.0,1000000.0,1000000.0,1000000.0,1000000.0,1000000.0,1000000.0,1000000.0,1000000.0,1000000.0,1000000.0,1000000.0,1000000.0,1000000.0,1000000.0,1000000.0,1000000.0,1000000.0,1000000.0,1000000.0,1000000.0,1000000.0,1000000.0,1000000.0,1000000.0,1000000.0,1000000.0,1000000.0,1000000.0,1000000.0,1000000.0,1000000.0,1000000.0,1000000.0,1000000.0,1000000.0,1000000.0,1000000.0,1000000.0,1000000.0,1000000.0,1000000.0,1000000.0,1000000.0,1000000.0,0.0,0.0,0.0,0.0,0.0,0.0,48.22763443453082,48.22763443453082,48.22763443453082,48.22763443453082,48.22763443453082,48.22763443453082,48.22763443453082,96.4552688690621,192.91053773812425,241.13817217265407,482.27634434531,916.3250542560885,1398.601398601398,1687.967205208584,3038.3409693754506,4195.804195804195,7764.649143959485,12298.046780805396,21220.159151193613,33325.295394260895,63660.477453580876,96214.13069688933,167494.57439112614,261779.59971063412,406848.3240897034,463419.33928140823,743670.1229804677,846539.6672293224,936966.4817940679,967832.1678321677,989245.2375210995,996141.7892452375,998987.2196768748,999517.7236556546,999951.7723655654,999951.7723655654,1000000.0,1000000.0,1000000.0,1000000.0,1000000.0,1000000.0,1000000.0,1000000.0,1000000.0,1000000.0,1000000.0,1000000.0,1000000.0,1000000.0,1000000.0,1000000.0,1000000.0,1000000.0,1000000.0,1000000.0,1000000.0,1000000.0,0.0,0.0,0.0,0.0,0.0,0.0,0.0,0.0,0.0,0.0,0.0,0.0,0.0,0.0,0.0,0.0,0.0,0.0,0.0,0.0,0.0,0.0,0.0,0.0,0.0,0.0,0.0,0.0,0.0,0.0,0.0,0.0,0.0,0.0,0.0,0.0,0.0,0.0,96.4552688690621,96.4552688690621,144.68290330359284,626.959247648901,1639.7395707740552,3183.023872679041,8584.518929346517,16879.672052085858,38630.33518205934,66795.27369182547,149312.75620930784,258210.7547624789,453822.0400289366,583072.1003134795,771738.6062213648,884928.864239209,967735.7125632988,987074.9939715456,998215.5775259222,999614.1789245236,1000000.0,1000000.0,1000000.0,1000000.0,1000000.0,1000000.0,0.0,0.0,0.0,0.0,0.0,0.0,0.0,0.0,0.0,0.0,0.0,0.0,0.0,0.0,0.0,0.0,0.0,0.0,0.0,0.0,0.0,0.0,0.0,0.0,0.0,0.0,0.0,0.0,0.0,0.0,0.0,0.0,0.0,0.0,0.0,0.0,0.0,0.0,0.0,0.0,0.0,0.0,0.0,0.0,0.0,0.0,0.0,0.0,0.0,0.0,0.0,0.0,0.0,0.0,0.0,0.0,0.0,0.0,0.0,0.0,0.0,0.0,0.0,1000000.0
FLINT,MAGNUM03,F,na,na,na,na,2025_03_11-15_02_56,na,1,55,Yes,1,na,0.0,771.6421509525992,0.0,10.5,40.0,61.0,,,,0.0,1109.235591994224,0.0,10.5,40.0,61.0,32.0,19.0,12.0,29.0,15.0,10.0,23.0,10.0,8.0,18.0,7.0,7.0,14.0,3.0,6.0,9.0,-3.0,5.0,12.0,0.0,5.0,0.0,32.0,32.0,51.0,51.0,63.0,0.0,29.0,34.0,49.0,53.0,63.0,2.0,25.0,36.0,46.0,55.0,63.0,4.0,22.0,37.0,44.0,56.0,63.0,5.0,19.0,39.0,42.0,57.0,63.0,7.0,16.0,41.0,38.0,58.0,63.0,6.0,18.0,40.0,40.0,58.0,63.0,8.0,0.0,42.0,13.0,59.0,36.0,63.0,63.0,0.5732072580285186,2.8459753507053116,2.3627549465542357,0.0,30.0,160.0,953460.3327706775,968844.948155293,983457.9213889558,989486.3756932722,997058.1142994935,999083.6749457439,999758.8618278273,999903.5447311308,1000000.0,1000000.0,1000000.0,1000000.0,1000000.0,1000000.0,1000000.0,1000000.0,1000000.0,1000000.0,1000000.0,1000000.0,1000000.0,1000000.0,1000000.0,1000000.0,1000000.0,1000000.0,1000000.0,1000000.0,1000000.0,1000000.0,1000000.0,1000000.0,1000000.0,1000000.0,1000000.0,1000000.0,1000000.0,1000000.0,1000000.0,1000000.0,1000000.0,1000000.0,1000000.0,1000000.0,1000000.0,1000000.0,1000000.0,1000000.0,1000000.0,1000000.0,1000000.0,1000000.0,1000000.0,1000000.0,1000000.0,1000000.0,1000000.0,1000000.0,1000000.0,1000000.0,1000000.0,1000000.0,1000000.0,1000000.0,0.0,0.0,0.0,0.0,0.0,0.0,0.0,0.0,0.0,0.0,0.0,0.0,0.0,48.22763443453082,192.91053773812425,192.91053773812425,241.13817217265407,434.04870991077877,1350.373764166866,2170.2435495538875,3665.3002170243526,6028.454304316367,9500.843983602605,13986.013986014003,22425.850012056908,36411.8639980709,64335.66433566437,96551.72413793096,156980.95008439833,248324.08970340004,379744.393537497,440752.35109717865,711743.4289848083,819098.1432360742,919266.939956595,957077.4053532673,983940.1977333011,993971.5456956836,998360.2604292259,999228.3578490474,999855.3170966964,999951.7723655654,1000000.0,1000000.0,1000000.0,1000000.0,1000000.0,1000000.0,1000000.0,1000000.0,1000000.0,1000000.0,1000000.0,1000000.0,1000000.0,1000000.0,1000000.0,1000000.0,1000000.0,1000000.0,1000000.0,1000000.0,1000000.0,1000000.0,0.0,0.0,0.0,0.0,0.0,0.0,0.0,0.0,0.0,0.0,0.0,0.0,0.0,0.0,0.0,0.0,0.0,0.0,0.0,0.0,0.0,0.0,0.0,0.0,0.0,0.0,0.0,0.0,0.0,0.0,0.0,0.0,0.0,0.0,0.0,0.0,96.4552688690621,144.68290330359284,289.36580660718624,289.36580660718624,578.7316132143711,1012.7803231251486,2556.0646250301406,4244.031830238725,9163.250542560887,18953.460332770668,43935.374969857716,73113.09380274898,143911.26115264042,250687.24379069207,440462.98529057147,569713.0455751144,748975.1627682662,869785.3870267663,959633.4699782975,985483.482035206,996961.6590306245,999469.4960212201,1000000.0,1000000.0,1000000.0,1000000.0,1000000.0,1000000.0,0.0,0.0,0.0,0.0,0.0,0.0,0.0,0.0,0.0,0.0,0.0,0.0,0.0,0.0,0.0,0.0,0.0,0.0,0.0,0.0,0.0,0.0,0.0,0.0,0.0,0.0,0.0,0.0,0.0,0.0,0.0,0.0,0.0,0.0,0.0,0.0,0.0,0.0,0.0,0.0,0.0,0.0,0.0,0.0,0.0,0.0,0.0,0.0,0.0,0.0,0.0,0.0,0.0,0.0,0.0,0.0,0.0,0.0,0.0,0.0,0.0,0.0,0.0,1000000.0
FLINT,MAGNUM03,F,na,na,na,na,2025_03_11-15_02_56,na,1,56,Yes,1,na,0.0,48.22763443453082,0.0,11.0,41.5,60.0,,,,0.0,48.22763443453082,0.0,11.0,41.5,60.0,32.0,19.0,12.0,29.0,15.0,10.0,23.0,11.0,9.0,20.0,9.0,8.0,17.0,7.0,7.0,13.0,5.0,5.0,14.0,5.0,5.0,0.0,32.0,32.0,51.0,51.0,63.0,0.0,29.0,34.0,49.0,53.0,63.0,3.0,26.0,36.0,47.0,54.0,63.0,4.0,24.0,37.0,46.0,55.0,63.0,5.0,22.0,38.0,45.0,56.0,63.0,6.0,19.0,39.0,44.0,57.0,62.0,6.0,20.0,39.0,44.0,57.0,62.0,7.0,0.0,41.0,15.0,60.0,40.0,63.0,60.0,0.6793954096242506,2.316334345654626,1.914211660328861,0.04334548580678278,30.0,160.0,924861.3455510007,950856.0405112129,975259.2235350856,985145.8885941644,996624.0655895828,999373.040752351,1000000.0,1000000.0,1000000.0,1000000.0,1000000.0,1000000.0,1000000.0,1000000.0,1000000.0,1000000.0,1000000.0,1000000.0,1000000.0,1000000.0,1000000.0,1000000.0,1000000.0,1000000.0,1000000.0,1000000.0,1000000.0,1000000.0,1000000.0,1000000.0,1000000.0,1000000.0,1000000.0,1000000.0,1000000.0,1000000.0,1000000.0,1000000.0,1000000.0,1000000.0,1000000.0,1000000.0,1000000.0,1000000.0,1000000.0,1000000.0,1000000.0,1000000.0,1000000.0,1000000.0,1000000.0,1000000.0,1000000.0,1000000.0,1000000.0,1000000.0,1000000.0,1000000.0,1000000.0,1000000.0,1000000.0,1000000.0,1000000.0,1000000.0,0.0,0.0,0.0,0.0,0.0,0.0,0.0,0.0,0.0,0.0,0.0,0.0,0.0,0.0,0.0,48.22763443453082,96.4552688690621,96.4552688690621,96.4552688690621,337.59344104171646,771.6421509524955,1109.2355919942117,1977.3330118157653,2990.1133349409165,6607.1859175307445,10802.990113334929,25415.96334699782,42826.139377863445,92355.91994212689,164600.91632505425,297419.82155775256,377863.51579455024,665107.3064866167,799614.1789245236,922353.5085604051,963925.7294429707,990595.6112852665,997106.3419339281,999421.2683867855,999951.7723655654,1000000.0,1000000.0,1000000.0,1000000.0,1000000.0,1000000.0,1000000.0,1000000.0,1000000.0,1000000.0,1000000.0,1000000.0,1000000.0,1000000.0,1000000.0,1000000.0,1000000.0,1000000.0,1000000.0,1000000.0,1000000.0,1000000.0,1000000.0,1000000.0,0.0,0.0,0.0,0.0,0.0,0.0,0.0,0.0,0.0,0.0,0.0,0.0,0.0,0.0,0.0,0.0,0.0,0.0,0.0,0.0,0.0,0.0,0.0,0.0,0.0,0.0,0.0,0.0,0.0,0.0,0.0,0.0,0.0,0.0,0.0,0.0,0.0,0.0,0.0,0.0,48.22763443453082,48.22763443453082,96.4552688690621,192.91053773812425,1205.690860863273,3279.479141548107,14661.200868097394,34193.39281408243,109910.77887629608,239643.11550518445,478562.81649385096,624306.7277550036,816059.8022666987,914299.4936098383,981962.8647214853,995370.147094285,999517.7236556546,1000000.0,1000000.0,1000000.0,1000000.0,1000000.0,1000000.0,1000000.0,0.0,0.0,0.0,0.0,0.0,0.0,0.0,0.0,0.0,0.0,0.0,0.0,0.0,0.0,0.0,0.0,0.0,0.0,0.0,0.0,0.0,0.0,0.0,0.0,0.0,0.0,0.0,0.0,0.0,0.0,0.0,0.0,0.0,0.0,0.0,0.0,0.0,0.0,0.0,0.0,0.0,0.0,0.0,0.0,0.0,0.0,0.0,0.0,0.0,0.0,0.0,0.0,0.0,0.0,0.0,0.0,0.0,0.0,0.0,0.0,48.22763443453082,144.68290330359284,1205.690860863273,1000000.0
FLINT,MAGNUM03,F,na,na,na,na,2025_03_11-15_02_56,na,1,57,Yes,1,na,0.0,0.0,0.0,10.5,41.0,59.5,,,,0.0,0.0,0.0,10.5,41.0,59.5,32.0,19.0,12.0,29.0,15.0,10.0,23.0,11.0,8.0,19.0,8.0,7.0,16.0,6.0,7.0,11.0,2.0,4.0,14.0,4.0,6.0,0.0,32.0,32.0,51.0,51.0,63.0,0.0,29.0,34.0,49.0,53.0,63.0,3.0,26.0,36.0,47.0,55.0,63.0,4.0,23.0,37.0,45.0,56.0,63.0,5.0,21.0,38.0,44.0,56.0,63.0,7.0,18.0,40.0,42.0,58.0,62.0,6.0,20.0,39.0,43.0,57.0,63.0,8.0,0.0,44.0,13.0,58.0,41.0,63.0,61.0,0.8223280177762808,2.514319053514658,2.0469331072407764,0.02689221540739526,30.0,160.0,894333.2529539425,926452.8574873403,962671.8109476729,977863.5157945502,994453.8220400289,998794.3091391367,999855.3170966964,999951.7723655654,1000000.0,1000000.0,1000000.0,1000000.0,1000000.0,1000000.0,1000000.0,1000000.0,1000000.0,1000000.0,1000000.0,1000000.0,1000000.0,1000000.0,1000000.0,1000000.0,1000000.0,1000000.0,1000000.0,1000000.0,1000000.0,1000000.0,1000000.0,1000000.0,1000000.0,1000000.0,1000000.0,1000000.0,1000000.0,1000000.0,1000000.0,1000000.0,1000000.0,1000000.0,1000000.0,1000000.0,1000000.0,1000000.0,1000000.0,1000000.0,1000000.0,1000000.0,1000000.0,1000000.0,1000000.0,1000000.0,1000000.0,1000000.0,1000000.0,1000000.0,1000000.0,1000000.0,1000000.0,1000000.0,1000000.0,1000000.0,0.0,0.0,0.0,0.0,0.0,0.0,0.0,0.0,0.0,0.0,0.0,0.0,0.0,48.22763443453082,48.22763443453082,96.4552688690621,96.4552688690621,144.68290330359284,241.13817217265407,530.5039787798403,1061.0079575596806,1929.1053773812387,3954.6660236315374,6558.958283096219,12394.502049674455,20979.020979020985,42343.863033518195,69447.79358572459,128430.1904991561,218664.09452616354,357993.73040752346,408343.3807571739,701470.9428502531,829708.222811671,933011.8157704364,968844.948155293,991029.6599951772,997202.7972027971,999517.7236556546,999710.6341933928,999951.7723655654,999951.7723655654,1000000.0,1000000.0,1000000.0,1000000.0,1000000.0,1000000.0,1000000.0,1000000.0,1000000.0,1000000.0,1000000.0,1000000.0,1000000.0,1000000.0,1000000.0,1000000.0,1000000.0,1000000.0,1000000.0,1000000.0,1000000.0,1000000.0,0.0,0.0,0.0,0.0,0.0,0.0,0.0,0.0,0.0,0.0,0.0,0.0,0.0,0.0,0.0,0.0,0.0,0.0,0.0,0.0,0.0,0.0,0.0,0.0,0.0,0.0,0.0,0.0,0.0,0.0,0.0,0.0,0.0,0.0,0.0,0.0,0.0,0.0,0.0,0.0,0.0,48.22763443453082,530.5039787798403,1109.2355919942117,2507.836990595609,6751.868820834333,20930.793344586447,45575.114540631745,116132.14371835062,237810.46539667228,449240.4147576561,597588.6182782734,783120.3279479143,896985.7728478418,973764.1668676152,993682.1798890764,999276.585483482,999807.0894622619,1000000.0,1000000.0,1000000.0,1000000.0,1000000.0,1000000.0,0.0,0.0,0.0,0.0,0.0,0.0,0.0,0.0,0.0,0.0,0.0,0.0,0.0,0.0,0.0,0.0,0.0,0.0,0.0,0.0,0.0,0.0,0.0,0.0,0.0,0.0,0.0,0.0,0.0,0.0,0.0,0.0,0.0,0.0,0.0,0.0,0.0,0.0,0.0,0.0,0.0,0.0,0.0,0.0,0.0,0.0,0.0,0.0,0.0,0.0,0.0,0.0,0.0,0.0,0.0,0.0,0.0,0.0,0.0,0.0,0.0,144.68290330359284,289.36580660718624,1000000.0
FLINT,MAGNUM03,F,na,na,na,na,2025_03_11-15_02_56,na,1,58,Yes,1,na,0.0,192.91053773812425,0.0,10.5,41.0,60.5,,,,0.0,192.91053773812425,0.0,10.5,41.0,60.5,32.0,19.0,12.0,29.0,15.0,10.0,24.0,11.0,8.0,20.0,8.0,7.0,16.0,5.0,7.0,12.0,1.0,5.0,14.0,3.0,6.0,0.0,32.0,32.0,51.0,51.0,63.0,0.0,29.0,34.0,49.0,53.0,63.0,2.0,26.0,36.0,47.0,55.0,63.0,4.0,24.0,37.0,45.0,56.0,63.0,5.0,21.0,38.0,43.0,56.0,63.0,6.0,18.0,40.0,41.0,58.0,63.0,6.0,20.0,39.0,42.0,57.0,63.0,7.0,0.0,41.0,14.0,59.0,37.0,63.0,62.0,0.5826934149130332,2.5312761963283985,2.0981937641042046,0.009820453887798475,30.0,160.0,947962.382445141,965661.9242826139,982830.962141307,989775.7414998794,997058.1142994935,998890.7644080058,1000000.0,1000000.0,1000000.0,1000000.0,1000000.0,1000000.0,1000000.0,1000000.0,1000000.0,1000000.0,1000000.0,1000000.0,1000000.0,1000000.0,1000000.0,1000000.0,1000000.0,1000000.0,1000000.0,1000000.0,1000000.0,1000000.0,1000000.0,1000000.0,1000000.0,1000000.0,1000000.0,1000000.0,1000000.0,1000000.0,1000000.0,1000000.0,1000000.0,1000000.0,1000000.0,1000000.0,1000000.0,1000000.0,1000000.0,1000000.0,1000000.0,1000000.0,1000000.0,1000000.0,1000000.0,1000000.0,1000000.0,1000000.0,1000000.0,1000000.0,1000000.0,1000000.0,1000000.0,1000000.0,1000000.0,1000000.0,1000000.0,1000000.0,0.0,0.0,0.0,0.0,0.0,0.0,0.0,0.0,0.0,0.0,0.0,0.0,0.0,0.0,48.22763443453082,48.22763443453082,48.22763443453082,192.91053773812425,337.59344104171646,385.82107547624787,819.8697853870253,1398.601398601398,3327.7067759826386,5931.999035447306,12249.819146370864,20737.882806848294,41089.94453822035,64528.57487340241,123655.65469013751,205208.5845189293,348589.34169278987,434772.1244272968,691439.5948878707,812008.6809741982,921726.549312756,960260.4292259464,988666.5059078851,996334.6997829756,999035.4473113093,999565.9512900892,1000000.0,1000000.0,1000000.0,1000000.0,1000000.0,1000000.0,1000000.0,1000000.0,1000000.0,1000000.0,1000000.0,1000000.0,1000000.0,1000000.0,1000000.0,1000000.0,1000000.0,1000000.0,1000000.0,1000000.0,1000000.0,1000000.0,1000000.0,1000000.0,0.0,0.0,0.0,0.0,0.0,0.0,0.0,0.0,0.0,0.0,0.0,0.0,0.0,0.0,0.0,0.0,0.0,0.0,0.0,0.0,0.0,0.0,0.0,0.0,0.0,0.0,0.0,0.0,0.0,0.0,0.0,0.0,0.0,0.0,0.0,0.0,0.0,48.22763443453082,96.4552688690621,96.4552688690621,192.91053773812425,241.13817217265407,771.6421509524955,1591.5119363395213,3472.38967928623,7957.559681697602,21943.57366771158,45719.79744393539,111695.20135037364,222859.89872196765,437521.0995900651,574487.5813841331,771304.5575114541,883530.2628406077,967012.2980467808,989679.2862310103,998746.0815047021,999758.8618278273,1000000.0,1000000.0,1000000.0,1000000.0,1000000.0,1000000.0,0.0,0.0,0.0,0.0,0.0,0.0,0.0,0.0,0.0,0.0,0.0,0.0,0.0,0.0,0.0,0.0,0.0,0.0,0.0,0.0,0.0,0.0,0.0,0.0,0.0,0.0,0.0,0.0,0.0,0.0,0.0,0.0,0.0,0.0,0.0,0.0,0.0,0.0,0.0,0.0,0.0,0.0,0.0,0.0,0.0,0.0,0.0,0.0,0.0,0.0,0.0,0.0,0.0,0.0,0.0,0.0,0.0,0.0,0.0,0.0,0.0,0.0,96.4552688690621,1000000.0
FLINT,MAGNUM03,F,na,na,na,na,2025_03_11-15_02_56,na,1,59,Yes,1,na,0.0,337.59344104171646,0.0,11.0,41.0,62.0,,,,0.0,385.82107547628846,0.0,11.0,41.0,62.0,32.0,19.0,12.0,29.0,15.0,10.0,22.0,10.0,8.0,19.0,8.0,7.0,15.0,5.0,7.0,10.0,1.0,5.0,13.0,3.0,6.0,0.0,32.0,32.0,51.0,51.0,63.0,0.0,29.0,34.0,49.0,53.0,63.0,3.0,25.0,36.0,46.0,55.0,63.0,4.0,23.0,37.0,45.0,56.0,63.0,5.0,20.0,38.0,43.0,56.0,63.0,7.0,17.0,40.0,41.0,58.0,63.0,6.0,19.0,39.0,42.0,57.0,63.0,9.0,0.0,49.0,13.0,63.0,39.0,63.0,62.0,0.6641921948535422,2.645167080237564,2.181236511726377,0.006944276993437237,30.0,160.0,933783.4579213889,955485.8934169278,976320.2314926452,986496.2623583314,995804.1958041957,999228.3578490474,999855.3170966964,1000000.0,1000000.0,1000000.0,1000000.0,1000000.0,1000000.0,1000000.0,1000000.0,1000000.0,1000000.0,1000000.0,1000000.0,1000000.0,1000000.0,1000000.0,1000000.0,1000000.0,1000000.0,1000000.0,1000000.0,1000000.0,1000000.0,1000000.0,1000000.0,1000000.0,1000000.0,1000000.0,1000000.0,1000000.0,1000000.0,1000000.0,1000000.0,1000000.0,1000000.0,1000000.0,1000000.0,1000000.0,1000000.0,1000000.0,1000000.0,1000000.0,1000000.0,1000000.0,1000000.0,1000000.0,1000000.0,1000000.0,1000000.0,1000000.0,1000000.0,1000000.0,1000000.0,1000000.0,1000000.0,1000000.0,1000000.0,1000000.0,0.0,0.0,0.0,0.0,0.0,0.0,0.0,0.0,0.0,0.0,0.0,0.0,0.0,48.22763443453082,48.22763443453082,48.22763443453082,144.68290330359284,337.59344104171646,530.5039787798403,771.6421509524955,1977.3330118157653,3038.3409693754506,5835.543766578246,8922.112370388226,16879.672052085858,28164.938509766103,53387.991319025794,85218.23004581625,150711.3576079094,240704.12346274417,382107.54762478895,464190.9814323607,721099.5900651072,838292.7417410176,931227.3932963588,966433.5664335664,990065.1073064866,995900.6510730648,998938.9920424403,999662.4065589582,999951.7723655654,1000000.0,1000000.0,1000000.0,1000000.0,1000000.0,1000000.0,1000000.0,1000000.0,1000000.0,1000000.0,1000000.0,1000000.0,1000000.0,1000000.0,1000000.0,1000000.0,1000000.0,1000000.0,1000000.0,1000000.0,1000000.0,1000000.0,1000000.0,0.0,0.0,0.0,0.0,0.0,0.0,0.0,0.0,0.0,0.0,0.0,0.0,0.0,0.0,0.0,0.0,0.0,0.0,0.0,0.0,0.0,0.0,0.0,0.0,0.0,0.0,0.0,0.0,0.0,0.0,0.0,0.0,0.0,0.0,0.0,0.0,0.0,0.0,0.0,48.22763443453082,96.4552688690621,385.82107547624787,1157.4632264287443,2073.7882806848356,4822.763443453095,12635.640221847118,35109.71786833856,65734.26573426573,156450.44610561847,284350.13262599474,483964.31155051844,622763.4434530986,801398.6013986013,906341.9339281408,974439.3537496985,991560.1639739571,999035.4473113093,999855.3170966964,999951.7723655654,1000000.0,1000000.0,1000000.0,1000000.0,1000000.0,0.0,0.0,0.0,0.0,0.0,0.0,0.0,0.0,0.0,0.0,0.0,0.0,0.0,0.0,0.0,0.0,0.0,0.0,0.0,0.0,0.0,0.0,0.0,0.0,0.0,0.0,0.0,0.0,0.0,0.0,0.0,0.0,0.0,0.0,0.0,0.0,0.0,0.0,0.0,0.0,0.0,0.0,0.0,0.0,0.0,0.0,0.0,0.0,0.0,0.0,0.0,0.0,0.0,0.0,0.0,0.0,0.0,0.0,0.0,0.0,0.0,0.0,48.22763443453082,1000000.0
FLINT,MAGNUM03,F,na,na,na,na,2025_03_11-15_02_56,na,1,60,Yes,1,na,0.0,434.04870991077877,0.0,12.0,41.0,61.5,,,,0.0,578.731613214384,0.0,12.0,41.0,61.5,32.0,19.0,12.0,29.0,15.0,10.0,26.0,10.0,8.0,21.0,7.0,7.0,17.0,4.0,6.0,12.0,-1.0,4.0,15.0,2.0,5.0,0.0,32.0,32.0,51.0,51.0,63.0,0.0,29.0,34.0,49.0,53.0,63.0,0.0,26.0,36.0,46.0,55.0,63.0,2.0,23.0,38.0,45.0,56.0,63.0,4.0,21.0,39.0,43.0,57.0,63.0,6.0,18.0,41.0,40.0,59.0,63.0,5.0,20.0,40.0,42.0,58.0,63.0,9.0,0.0,41.0,15.0,60.0,40.0,63.0,63.0,0.35673252742268313,2.6257452915978274,2.292313653030077,0.0,30.0,160.0,981480.58837714,987364.3597781529,994357.3667711598,996479.3826862792,998890.7644080058,999710.6341933928,999903.5447311308,999903.5447311308,1000000.0,1000000.0,1000000.0,1000000.0,1000000.0,1000000.0,1000000.0,1000000.0,1000000.0,1000000.0,1000000.0,1000000.0,1000000.0,1000000.0,1000000.0,1000000.0,1000000.0,1000000.0,1000000.0,1000000.0,1000000.0,1000000.0,1000000.0,1000000.0,1000000.0,1000000.0,1000000.0,1000000.0,1000000.0,1000000.0,1000000.0,1000000.0,1000000.0,1000000.0,1000000.0,1000000.0,1000000.0,1000000.0,1000000.0,1000000.0,1000000.0,1000000.0,1000000.0,1000000.0,1000000.0,1000000.0,1000000.0,1000000.0,1000000.0,1000000.0,1000000.0,1000000.0,1000000.0,1000000.0,1000000.0,1000000.0,0.0,0.0,0.0,0.0,0.0,0.0,0.0,0.0,0.0,0.0,0.0,0.0,0.0,0.0,0.0,48.22763443453082,48.22763443453082,144.68290330359284,289.36580660718624,337.59344104171646,1061.0079575596806,2122.0159151193625,4099.348926935128,6317.820110923553,11285.266457680242,18567.639257294406,38437.42464432118,59995.177236556556,113190.25801784416,191897.7574149988,327417.4101760308,403086.56860381,653243.3084157222,771835.0614902339,894140.3424162045,939040.2700747529,980853.6291294912,992910.5377381239,998456.7156980949,999421.2683867855,999855.3170966964,1000000.0,1000000.0,1000000.0,1000000.0,1000000.0,1000000.0,1000000.0,1000000.0,1000000.0,1000000.0,1000000.0,1000000.0,1000000.0,1000000.0,1000000.0,1000000.0,1000000.0,1000000.0,1000000.0,1000000.0,1000000.0,1000000.0,1000000.0,0.0,0.0,0.0,0.0,0.0,0.0,0.0,0.0,0.0,0.0,0.0,0.0,0.0,0.0,0.0,0.0,0.0,0.0,0.0,0.0,0.0,0.0,0.0,0.0,0.0,0.0,0.0,0.0,0.0,0.0,0.0,0.0,0.0,0.0,0.0,0.0,0.0,0.0,0.0,0.0,337.59344104171646,482.27634434531,964.5526886906189,1977.3330118157653,5497.950325536535,11960.453339763686,31203.279479141525,55799.37304075235,130696.88931757906,239257.29442970816,440462.98529057147,557222.088256571,746129.7323366288,857921.3889558717,951772.3655654689,978683.3855799373,996286.472148541,998938.9920424403,999807.0894622619,999951.7723655654,1000000.0,1000000.0,1000000.0,1000000.0,0.0,0.0,0.0,0.0,0.0,0.0,0.0,0.0,0.0,0.0,0.0,0.0,0.0,0.0,0.0,0.0,0.0,0.0,0.0,0.0,0.0,0.0,0.0,0.0,0.0,0.0,0.0,0.0,0.0,0.0,0.0,0.0,0.0,0.0,0.0,0.0,0.0,0.0,0.0,0.0,0.0,0.0,0.0,0.0,0.0,0.0,0.0,0.0,0.0,0.0,0.0,0.0,0.0,0.0,0.0,0.0,0.0,0.0,0.0,0.0,0.0,0.0,0.0,1000000.0
FLINT,MAGNUM03,F,na,na,na,na,2025_03_11-15_02_56,na,1,61,Yes,1,na,0.0,96.4552688691443,0.0,14.0,41.0,59.5,,,,0.0,192.91053773820641,0.0,14.0,41.0,59.5,32.0,19.0,12.0,29.0,15.0,10.0,24.0,10.0,8.0,20.0,8.0,7.0,16.0,6.0,7.0,11.0,2.0,5.0,14.0,3.0,6.0,0.0,32.0,32.0,51.0,51.0,63.0,0.0,29.0,34.0,49.0,53.0,63.0,2.0,26.0,36.0,46.0,55.0,63.0,4.0,24.0,37.0,45.0,56.0,63.0,5.0,21.0,38.0,44.0,56.0,63.0,8.0,19.0,40.0,42.0,57.0,62.0,6.0,20.0,39.0,42.0,57.0,63.0,10.0,0.0,52.0,18.0,59.0,39.0,63.0,60.0,0.5159798810071579,2.510512570258559,2.0630130404853526,0.031052755188552033,30.0,160.0,963395.2254641908,975500.3617072582,987171.4492404147,991704.8468772606,997733.301181577,999180.1302146129,999807.0894622619,999807.0894622619,999951.7723655654,999951.7723655654,1000000.0,1000000.0,1000000.0,1000000.0,1000000.0,1000000.0,1000000.0,1000000.0,1000000.0,1000000.0,1000000.0,1000000.0,1000000.0,1000000.0,1000000.0,1000000.0,1000000.0,1000000.0,1000000.0,1000000.0,1000000.0,1000000.0,1000000.0,1000000.0,1000000.0,1000000.0,1000000.0,1000000.0,1000000.0,1000000.0,1000000.0,1000000.0,1000000.0,1000000.0,1000000.0,1000000.0,1000000.0,1000000.0,1000000.0,1000000.0,1000000.0,1000000.0,1000000.0,1000000.0,1000000.0,1000000.0,1000000.0,1000000.0,1000000.0,1000000.0,1000000.0,1000000.0,1000000.0,1000000.0,0.0,0.0,0.0,0.0,0.0,0.0,0.0,0.0,0.0,0.0,0.0,0.0,0.0,0.0,0.0,0.0,0.0,0.0,192.91053773812425,434.04870991077877,1109.2355919942117,1639.7395707740552,3665.3002170243526,5835.543766578246,11285.266457680242,20352.061731372072,39305.52206414272,63371.1116469737,119508.0781287678,200144.68290330356,339377.86351579445,400530.50397877983,689655.172413793,812394.5020496744,922353.5085604051,962189.5346033276,988425.3677357126,996865.2037617555,999276.585483482,999855.3170966964,999903.5447311308,999951.7723655654,1000000.0,1000000.0,1000000.0,1000000.0,1000000.0,1000000.0,1000000.0,1000000.0,1000000.0,1000000.0,1000000.0,1000000.0,1000000.0,1000000.0,1000000.0,1000000.0,1000000.0,1000000.0,1000000.0,1000000.0,1000000.0,1000000.0,0.0,0.0,0.0,0.0,0.0,0.0,0.0,0.0,0.0,0.0,0.0,0.0,0.0,0.0,0.0,0.0,0.0,0.0,0.0,0.0,0.0,0.0,0.0,0.0,0.0,0.0,0.0,0.0,0.0,0.0,0.0,0.0,0.0,0.0,0.0,0.0,0.0,0.0,0.0,48.22763443453082,48.22763443453082,144.68290330359284,578.7316132143711,1061.0079575596806,2604.2922594646707,7427.055702917767,23342.17506631299,45623.342175066275,125584.76006751867,247118.39884253673,467277.5500361707,609549.0716180371,796816.9761273209,898046.7808054015,974921.6300940439,990884.9770918736,999180.1302146129,999951.7723655654,1000000.0,1000000.0,1000000.0,1000000.0,1000000.0,1000000.0,0.0,0.0,0.0,0.0,0.0,0.0,0.0,0.0,0.0,0.0,0.0,0.0,0.0,0.0,0.0,0.0,0.0,0.0,0.0,0.0,0.0,0.0,0.0,0.0,0.0,0.0,0.0,0.0,0.0,0.0,0.0,0.0,0.0,0.0,0.0,0.0,0.0,0.0,0.0,0.0,0.0,0.0,0.0,0.0,0.0,0.0,0.0,0.0,0.0,0.0,0.0,0.0,0.0,0.0,0.0,0.0,0.0,0.0,0.0,0.0,48.22763443453082,144.68290330359284,289.36580660718624,1000000.0
FLINT,MAGNUM03,F,na,na,na,na,2025_03_11-15_02_56,na,1,62,Yes,1,na,0.0,48.22763443457198,0.0,10.5,41.0,61.0,,,,0.0,96.45526886910281,0.0,10.5,41.0,61.0,32.0,19.0,12.0,29.0,15.0,10.0,24.0,11.0,8.0,19.0,8.0,7.0,16.0,6.0,6.0,10.0,2.0,5.0,12.0,4.0,5.0,0.0,32.0,32.0,51.0,51.0,63.0,0.0,29.0,34.0,49.0,53.0,63.0,1.0,25.0,36.0,47.0,55.0,63.0,4.0,23.0,37.0,45.0,56.0,63.0,5.0,21.0,38.0,44.0,57.0,63.0,7.0,17.0,40.0,42.0,58.0,63.0,6.0,18.0,39.0,43.0,58.0,63.0,8.0,0.0,41.0,13.0,59.0,40.0,63.0,63.0,0.4361610356757869,2.611411987138714,2.1090862981873637,0.0,30.0,160.0,977188.3289124668,983023.872679045,991126.1152640462,993730.407523511,998022.6669881842,999324.8131179166,999855.3170966964,999903.5447311308,1000000.0,1000000.0,1000000.0,1000000.0,1000000.0,1000000.0,1000000.0,1000000.0,1000000.0,1000000.0,1000000.0,1000000.0,1000000.0,1000000.0,1000000.0,1000000.0,1000000.0,1000000.0,1000000.0,1000000.0,1000000.0,1000000.0,1000000.0,1000000.0,1000000.0,1000000.0,1000000.0,1000000.0,1000000.0,1000000.0,1000000.0,1000000.0,1000000.0,1000000.0,1000000.0,1000000.0,1000000.0,1000000.0,1000000.0,1000000.0,1000000.0,1000000.0,1000000.0,1000000.0,1000000.0,1000000.0,1000000.0,1000000.0,1000000.0,1000000.0,1000000.0,1000000.0,1000000.0,1000000.0,1000000.0,1000000.0,0.0,0.0,0.0,0.0,0.0,0.0,0.0,0.0,0.0,0.0,0.0,0.0,0.0,48.22763443453082,96.4552688690621,96.4552688690621,144.68290330359284,337.59344104171646,771.6421509524955,916.3250542560885,1302.1461297323344,2122.0159151193625,4147.576561369663,6655.413551965274,14661.200868097394,22908.126356402227,45189.29346515551,67277.55003617072,132384.8565227876,204919.21871232204,345358.09018567635,412490.9573185435,688787.0749939715,802893.6580660718,915698.0950084397,954617.7959971062,986833.855799373,995032.5536532432,999324.8131179166,999758.8618278273,999951.7723655654,1000000.0,1000000.0,1000000.0,1000000.0,1000000.0,1000000.0,1000000.0,1000000.0,1000000.0,1000000.0,1000000.0,1000000.0,1000000.0,1000000.0,1000000.0,1000000.0,1000000.0,1000000.0,1000000.0,1000000.0,1000000.0,1000000.0,1000000.0,0.0,0.0,0.0,0.0,0.0,0.0,0.0,0.0,0.0,0.0,0.0,0.0,0.0,0.0,0.0,0.0,0.0,0.0,0.0,0.0,0.0,0.0,0.0,0.0,0.0,0.0,0.0,0.0,0.0,0.0,0.0,0.0,0.0,0.0,0.0,0.0,0.0,0.0,0.0,0.0,48.22763443453082,96.4552688690621,385.82107547624787,868.0974198215577,2845.4304316373314,6317.820110923553,20496.74463467567,38292.74174101761,106197.25102483724,204774.53580901856,412153.3638775018,537400.5305039787,754280.2025560647,865830.7210031347,960646.2503014227,984615.3846153845,997636.845912708,999469.4960212201,999951.7723655654,1000000.0,1000000.0,1000000.0,1000000.0,1000000.0,0.0,0.0,0.0,0.0,0.0,0.0,0.0,0.0,0.0,0.0,0.0,0.0,0.0,0.0,0.0,0.0,0.0,0.0,0.0,0.0,0.0,0.0,0.0,0.0,0.0,0.0,0.0,0.0,0.0,0.0,0.0,0.0,0.0,0.0,0.0,0.0,0.0,0.0,0.0,0.0,0.0,0.0,0.0,0.0,0.0,0.0,0.0,0.0,0.0,0.0,0.0,0.0,0.0,0.0,0.0,0.0,0.0,0.0,0.0,0.0,0.0,0.0,0.0,1000000.0
FLINT,MAGNUM03,F,na,na,na,na,2025_03_11-15_02_56,na,1,63,Yes,1,na,0.0,819.8697853870253,9500.843983602605,14.0,41.0,55.0,,,,0.0,819.8697853870253,13841.331082710436,14.0,41.0,55.0,31.0,18.0,12.0,28.0,14.0,8.0,22.0,10.0,3.0,20.0,8.0,1.0,17.0,4.0,-3.0,14.0,-10.0,-10.0,15.0,-3.0,-7.0,0.0,31.0,31.0,49.0,49.0,61.0,0.0,28.0,33.0,47.0,51.0,59.0,3.0,25.0,35.0,45.0,53.0,56.0,4.0,24.0,36.0,44.0,54.0,55.0,5.0,22.0,38.0,42.0,56.0,53.0,6.0,20.0,49.0,39.0,58.0,48.0,6.0,21.0,44.0,41.0,57.0,50.0,9.0,0.0,54.0,19.0,63.0,38.0,63.0,44.0,0.7056743335403163,2.4283011001629666,2.103457536104145,1.842928601783141,30.0,160.0,916325.0542560886,944441.7651314203,973088.9799855317,985965.7583795515,995997.1063419338,999276.585483482,999951.7723655654,999951.7723655654,1000000.0,1000000.0,1000000.0,1000000.0,1000000.0,1000000.0,1000000.0,1000000.0,1000000.0,1000000.0,1000000.0,1000000.0,1000000.0,1000000.0,1000000.0,1000000.0,1000000.0,1000000.0,1000000.0,1000000.0,1000000.0,1000000.0,1000000.0,1000000.0,1000000.0,1000000.0,1000000.0,1000000.0,1000000.0,1000000.0,1000000.0,1000000.0,1000000.0,1000000.0,1000000.0,1000000.0,1000000.0,1000000.0,1000000.0,1000000.0,1000000.0,1000000.0,1000000.0,1000000.0,1000000.0,1000000.0,1000000.0,1000000.0,1000000.0,1000000.0,1000000.0,1000000.0,1000000.0,1000000.0,1000000.0,1000000.0,0.0,0.0,0.0,0.0,0.0,0.0,0.0,0.0,0.0,0.0,0.0,0.0,0.0,0.0,0.0,0.0,0.0,0.0,0.0,48.22763443453082,241.13817217265407,771.6421509524955,2411.3817217265464,5015.673981191222,13262.599469496023,25705.329153604987,57005.063901615606,97612.7320954907,188184.2295635399,310923.55919942126,485362.9129491198,581577.0436460092,824596.0935616108,910103.6894140341,967398.119122257,987605.4979503255,996431.1550518447,998360.2604292259,999035.4473113093,999131.9025801783,999276.585483482,999276.585483482,999421.2683867855,999517.7236556546,999614.1789245236,999710.6341933928,999710.6341933928,999758.8618278273,999855.3170966964,999951.7723655654,999951.7723655654,1000000.0,1000000.0,1000000.0,1000000.0,1000000.0,1000000.0,1000000.0,1000000.0,1000000.0,1000000.0,1000000.0,1000000.0,1000000.0,0.0,0.0,0.0,0.0,0.0,0.0,0.0,0.0,0.0,0.0,0.0,0.0,0.0,0.0,0.0,0.0,0.0,0.0,0.0,0.0,0.0,0.0,0.0,0.0,0.0,0.0,0.0,0.0,0.0,0.0,0.0,0.0,0.0,0.0,0.0,0.0,0.0,0.0,144.68290330359284,289.36580660718624,289.36580660718624,868.0974198215577,2652.5198938992025,5401.495056667472,18133.590547383632,42199.18013021459,110055.46177959963,185338.7991319026,366481.794068001,558283.0962141306,771256.3298770195,871039.3055220641,949505.6667470459,981335.9054738365,995659.5129008922,998456.7156980949,999517.7236556546,999758.8618278273,999903.5447311308,999903.5447311308,999903.5447311308,999903.5447311308,999903.5447311308,1000000.0,0.0,0.0,0.0,0.0,0.0,0.0,0.0,0.0,0.0,0.0,0.0,0.0,0.0,0.0,0.0,0.0,0.0,0.0,0.0,0.0,0.0,0.0,0.0,0.0,0.0,0.0,0.0,0.0,0.0,0.0,0.0,0.0,0.0,0.0,0.0,0.0,0.0,0.0,0.0,0.0,0.0,0.0,0.0,0.0,48.22763443453082,48.22763443453082,96.4552688690621,192.91053773812425,385.82107547624787,482.27634434531,626.959247648901,771.6421509524955,1012.7803231251486,1977.3330118157653,4388.714733542319,9549.071618037116,23631.540872920184,50494.33325295396,116903.78586930306,197636.84591270797,367446.3467566916,568169.7612732095,798312.0327947913,1000000.0
FLINT,MAGNUM03,F,na,na,na,na,2025_03_11-15_02_56,na,1,64,Yes,1,na,0.0,96.4552688691443,0.0,11.5,42.0,29.0,,,,0.0,144.68290330367512,0.0,11.5,42.0,29.0,32.0,18.0,13.0,30.0,15.0,11.0,24.0,11.0,9.0,21.0,10.0,7.0,18.0,7.0,5.0,14.0,4.0,3.0,16.0,6.0,4.0,0.0,32.0,32.0,50.0,50.0,63.0,0.0,30.0,34.0,49.0,52.0,63.0,3.0,27.0,36.0,47.0,54.0,63.0,4.0,25.0,36.0,46.0,55.0,62.0,5.0,23.0,38.0,45.0,56.0,61.0,6.0,20.0,39.0,43.0,57.0,60.0,6.0,22.0,38.0,44.0,56.0,60.0,8.0,0.0,45.0,15.0,58.0,42.0,63.0,0.0,0.6936709552834069,2.18465355600819,1.8428751953623572,0.4570147369733366,30.0,160.0,921196.0453339763,948782.252230528,974391.126115264,985821.0754762478,995563.0576320231,999276.585483482,999903.5447311308,1000000.0,1000000.0,1000000.0,1000000.0,1000000.0,1000000.0,1000000.0,1000000.0,1000000.0,1000000.0,1000000.0,1000000.0,1000000.0,1000000.0,1000000.0,1000000.0,1000000.0,1000000.0,1000000.0,1000000.0,1000000.0,1000000.0,1000000.0,1000000.0,1000000.0,1000000.0,1000000.0,1000000.0,1000000.0,1000000.0,1000000.0,1000000.0,1000000.0,1000000.0,1000000.0,1000000.0,1000000.0,1000000.0,1000000.0,1000000.0,1000000.0,1000000.0,1000000.0,1000000.0,1000000.0,1000000.0,1000000.0,1000000.0,1000000.0,1000000.0,1000000.0,1000000.0,1000000.0,1000000.0,1000000.0,1000000.0,1000000.0,0.0,0.0,0.0,0.0,0.0,0.0,0.0,0.0,0.0,0.0,0.0,0.0,0.0,0.0,0.0,48.22763443453082,96.4552688690621,96.4552688690621,144.68290330359284,192.91053773812425,289.36580660718624,482.27634434531,1061.0079575596806,1832.650108512174,3520.617313720762,7378.82806848324,18374.728719556282,35254.400771642155,82421.02724861339,158234.86857969617,294285.02531950804,379503.25536532426,672148.5411140583,810127.8032312514,930793.344586448,973088.9799855317,994116.2285989872,998263.8051603568,999758.8618278273,999903.5447311308,999903.5447311308,999903.5447311308,1000000.0,1000000.0,1000000.0,1000000.0,1000000.0,1000000.0,1000000.0,1000000.0,1000000.0,1000000.0,1000000.0,1000000.0,1000000.0,1000000.0,1000000.0,1000000.0,1000000.0,1000000.0,1000000.0,1000000.0,1000000.0,1000000.0,0.0,0.0,0.0,0.0,0.0,0.0,0.0,0.0,0.0,0.0,0.0,0.0,0.0,0.0,0.0,0.0,0.0,0.0,0.0,0.0,0.0,0.0,0.0,0.0,0.0,0.0,0.0,0.0,0.0,0.0,0.0,0.0,0.0,0.0,0.0,0.0,0.0,0.0,0.0,0.0,0.0,0.0,96.4552688690621,289.36580660718624,1061.0079575596806,4002.8936580660734,15529.298287918953,41572.22088256569,142175.06631299743,308126.3564022184,564697.3715939233,713286.7132867132,871810.9476730165,946901.3744875814,988473.595370147,996382.9274174101,999807.0894622619,1000000.0,1000000.0,1000000.0,1000000.0,1000000.0,1000000.0,1000000.0,48.22763443453082,48.22763443453082,48.22763443453082,48.22763443453082,48.22763443453082,48.22763443453082,48.22763443453082,48.22763443453082,48.22763443453082,48.22763443453082,48.22763443453082,48.22763443453082,48.22763443453082,48.22763443453082,48.22763443453082,48.22763443453082,48.22763443453082,48.22763443453082,48.22763443453082,48.22763443453082,48.22763443453082,48.22763443453082,48.22763443453082,48.22763443453082,48.22763443453082,48.22763443453082,48.22763443453082,48.22763443453082,48.22763443453082,48.22763443453082,48.22763443453082,48.22763443453082,48.22763443453082,48.22763443453082,48.22763443453082,48.22763443453082,48.22763443453082,48.22763443453082,48.22763443453082,48.22763443453082,48.22763443453082,48.22763443453082,48.22763443453082,48.22763443453082,48.22763443453082,48.22763443453082,48.22763443453082,48.22763443453082,48.22763443453082,48.22763443453082,48.22763443453082,48.22763443453082,48.22763443453082,48.22763443453082,48.22763443453082,48.22763443453082,48.22763443453082,48.22763443453082,48.22763443453082,48.22763443453082,675.1868820834334,2170.2435495538875,8198.697853870257,1000000.0
FLINT,MAGNUM03,F,na,na,na,na,2025_03_11-15_02_56,na,1,65,Yes,1,na,0.0,723.414516517964,0.0,11.0,41.0,60.5,,,,0.0,1398.601398601419,0.0,11.0,41.0,60.5,32.0,19.0,12.0,29.0,15.0,10.0,24.0,10.0,8.0,19.0,6.0,7.0,15.0,2.0,6.0,8.0,-6.0,5.0,12.0,0.0,5.0,0.0,32.0,32.0,51.0,51.0,63.0,0.0,29.0,34.0,49.0,53.0,63.0,2.0,26.0,36.0,46.0,55.0,63.0,4.0,23.0,38.0,44.0,56.0,63.0,6.0,21.0,40.0,42.0,57.0,63.0,8.0,16.0,46.0,40.0,58.0,63.0,6.0,18.0,41.0,41.0,58.0,63.0,11.0,0.0,51.0,11.0,58.0,38.0,63.0,63.0,0.656825302783816,2.6159322972957484,2.285359505776842,0.0,30.0,160.0,944875.813841331,959681.6976127321,979020.9790209789,985194.116228599,996093.561610803,998649.626235833,999710.6341933928,999758.8618278273,999903.5447311308,999951.7723655654,1000000.0,1000000.0,1000000.0,1000000.0,1000000.0,1000000.0,1000000.0,1000000.0,1000000.0,1000000.0,1000000.0,1000000.0,1000000.0,1000000.0,1000000.0,1000000.0,1000000.0,1000000.0,1000000.0,1000000.0,1000000.0,1000000.0,1000000.0,1000000.0,1000000.0,1000000.0,1000000.0,1000000.0,1000000.0,1000000.0,1000000.0,1000000.0,1000000.0,1000000.0,1000000.0,1000000.0,1000000.0,1000000.0,1000000.0,1000000.0,1000000.0,1000000.0,1000000.0,1000000.0,1000000.0,1000000.0,1000000.0,1000000.0,1000000.0,1000000.0,1000000.0,1000000.0,1000000.0,1000000.0,0.0,0.0,0.0,0.0,0.0,0.0,0.0,0.0,0.0,0.0,0.0,48.22763443453082,48.22763443453082,48.22763443453082,96.4552688690621,144.68290330359284,289.36580660718624,337.59344104171646,626.959247648901,626.959247648901,1157.4632264287443,1784.4224740776426,3761.755485893413,6317.820110923553,12442.729684109,21027.248613455497,40270.07475283335,61972.510248372244,118398.84253677363,192042.4403183023,320279.7202797202,394116.2285989872,665059.0788521823,790113.334940921,907065.3484446587,949360.9838437424,981577.043646009,992862.3101036893,997588.6182782734,998649.626235833,999324.8131179166,999710.6341933928,999807.0894622619,999855.3170966964,999855.3170966964,999855.3170966964,999903.5447311308,999903.5447311308,999903.5447311308,1000000.0,1000000.0,1000000.0,1000000.0,1000000.0,1000000.0,1000000.0,1000000.0,1000000.0,1000000.0,1000000.0,1000000.0,1000000.0,1000000.0,1000000.0,0.0,0.0,0.0,0.0,0.0,0.0,0.0,0.0,0.0,0.0,0.0,0.0,0.0,0.0,0.0,0.0,0.0,0.0,0.0,0.0,0.0,0.0,0.0,0.0,0.0,0.0,0.0,0.0,0.0,0.0,0.0,0.0,0.0,0.0,0.0,0.0,0.0,0.0,48.22763443453082,96.4552688690621,337.59344104171646,771.6421509524955,2266.6988184229576,3617.07258258982,6800.096455268857,14275.379792621161,34530.98625512418,62165.42078611044,132288.4012539185,231589.1005546178,419821.5577525922,554183.7472871955,746563.7810465398,867663.371111647,958572.4620207378,984711.8398842536,997251.0248372317,999228.3578490474,1000000.0,1000000.0,1000000.0,1000000.0,1000000.0,1000000.0,0.0,0.0,0.0,0.0,0.0,0.0,0.0,0.0,0.0,0.0,0.0,0.0,0.0,0.0,0.0,0.0,0.0,0.0,0.0,0.0,0.0,0.0,0.0,0.0,0.0,0.0,0.0,0.0,0.0,0.0,0.0,0.0,0.0,0.0,0.0,0.0,0.0,0.0,0.0,0.0,0.0,0.0,0.0,0.0,0.0,0.0,0.0,0.0,0.0,0.0,0.0,0.0,0.0,0.0,0.0,0.0,0.0,0.0,0.0,0.0,0.0,0.0,0.0,1000000.0
FLINT,MAGNUM03,F,na,na,na,na,2025_03_11-15_02_56,na,1,66,Yes,1,na,0.0,995177.2365565469,999758.8618278274,13.5,62.0,62.0,,,,0.0,995418.3747287196,999758.8618278274,13.5,62.0,62.0,63.0,0.0,0.0,63.0,0.0,0.0,63.0,0.0,0.0,63.0,0.0,0.0,54.0,0.0,0.0,34.0,-5.0,0.0,49.0,0.0,0.0,0.0,63.0,63.0,63.0,63.0,63.0,0.0,63.0,63.0,63.0,63.0,63.0,0.0,63.0,63.0,63.0,63.0,63.0,0.0,63.0,63.0,63.0,63.0,63.0,0.0,54.0,63.0,63.0,63.0,63.0,0.0,34.0,63.0,58.0,63.0,63.0,0.0,49.0,63.0,63.0,63.0,63.0,0.0,0.0,63.0,27.0,63.0,52.0,63.0,63.0,0.0,0.7550617585161662,0.1317460003601505,0.0,30.0,160.0,1000000.0,1000000.0,1000000.0,1000000.0,1000000.0,1000000.0,1000000.0,1000000.0,1000000.0,1000000.0,1000000.0,1000000.0,1000000.0,1000000.0,1000000.0,1000000.0,1000000.0,1000000.0,1000000.0,1000000.0,1000000.0,1000000.0,1000000.0,1000000.0,1000000.0,1000000.0,1000000.0,1000000.0,1000000.0,1000000.0,1000000.0,1000000.0,1000000.0,1000000.0,1000000.0,1000000.0,1000000.0,1000000.0,1000000.0,1000000.0,1000000.0,1000000.0,1000000.0,1000000.0,1000000.0,1000000.0,1000000.0,1000000.0,1000000.0,1000000.0,1000000.0,1000000.0,1000000.0,1000000.0,1000000.0,1000000.0,1000000.0,1000000.0,1000000.0,1000000.0,1000000.0,1000000.0,1000000.0,1000000.0,0.0,0.0,0.0,0.0,0.0,0.0,0.0,0.0,0.0,0.0,0.0,0.0,0.0,0.0,0.0,0.0,0.0,0.0,0.0,0.0,0.0,0.0,0.0,0.0,0.0,0.0,0.0,48.22763443453082,48.22763443453082,48.22763443453082,96.4552688690621,96.4552688690621,96.4552688690621,192.91053773812425,241.13817217265407,289.36580660718624,289.36580660718624,289.36580660718624,289.36580660718624,289.36580660718624,289.36580660718624,289.36580660718624,337.59344104171646,337.59344104171646,337.59344104171646,385.82107547624787,434.04870991077877,434.04870991077877,530.5039787798403,771.6421509524955,964.5526886906189,1012.7803231251486,1253.9184952978064,1350.373764166866,1639.7395707740552,1832.650108512174,2218.471183988428,2459.609356161082,2990.1133349409165,3375.934410417169,4099.348926935128,4822.763443453095,6028.454304316367,1000000.0,0.0,0.0,0.0,0.0,0.0,0.0,0.0,0.0,0.0,0.0,0.0,0.0,0.0,0.0,0.0,0.0,0.0,0.0,0.0,0.0,0.0,0.0,0.0,0.0,0.0,0.0,0.0,0.0,0.0,0.0,0.0,0.0,0.0,0.0,0.0,0.0,0.0,0.0,0.0,0.0,0.0,0.0,0.0,0.0,0.0,0.0,0.0,0.0,0.0,0.0,0.0,0.0,48.22763443453082,96.4552688690621,96.4552688690621,144.68290330359284,192.91053773812425,192.91053773812425,241.13817217265407,241.13817217265407,241.13817217265407,241.13817217265407,289.36580660718624,1000000.0,0.0,0.0,0.0,0.0,0.0,0.0,0.0,0.0,0.0,0.0,0.0,0.0,0.0,0.0,0.0,0.0,0.0,0.0,0.0,0.0,0.0,0.0,0.0,0.0,0.0,0.0,0.0,0.0,0.0,0.0,0.0,0.0,0.0,0.0,0.0,0.0,0.0,0.0,0.0,0.0,0.0,0.0,0.0,0.0,0.0,0.0,0.0,0.0,0.0,0.0,0.0,0.0,0.0,0.0,0.0,0.0,0.0,0.0,0.0,0.0,0.0,0.0,0.0,1000000.0
FLINT,MAGNUM03,F,na,na,na,na,2025_03_11-15_02_56,na,1,67,Yes,1,na,96.4552688690621,675.1868820834552,48.22763443457198,9.5,40.0,60.0,,,,96.4552688690621,1061.007957559703,48.22763443457198,9.5,40.0,60.0,31.0,20.0,12.0,28.0,15.0,10.0,22.0,10.0,8.0,18.0,7.0,7.0,14.0,3.0,6.0,7.0,-2.0,5.0,11.0,1.0,5.0,0.0,31.0,31.0,51.0,51.0,63.0,0.0,28.0,33.0,48.0,53.0,63.0,2.0,24.0,36.0,46.0,55.0,63.0,4.0,22.0,37.0,44.0,56.0,63.0,5.0,19.0,39.0,42.0,57.0,63.0,7.0,14.0,41.0,39.0,58.0,63.0,6.0,17.0,40.0,41.0,58.0,63.0,8.0,0.0,43.0,6.0,63.0,38.0,63.0,63.0,0.5930960423977887,2.8460548454879224,2.360369031968856,0.0,30.0,160.0,948685.7969616591,965517.2413793103,981384.133108271,989389.9204244032,996913.43139619,999035.4473113093,999807.0894622619,1000000.0,1000000.0,1000000.0,1000000.0,1000000.0,1000000.0,1000000.0,1000000.0,1000000.0,1000000.0,1000000.0,1000000.0,1000000.0,1000000.0,1000000.0,1000000.0,1000000.0,1000000.0,1000000.0,1000000.0,1000000.0,1000000.0,1000000.0,1000000.0,1000000.0,1000000.0,1000000.0,1000000.0,1000000.0,1000000.0,1000000.0,1000000.0,1000000.0,1000000.0,1000000.0,1000000.0,1000000.0,1000000.0,1000000.0,1000000.0,1000000.0,1000000.0,1000000.0,1000000.0,1000000.0,1000000.0,1000000.0,1000000.0,1000000.0,1000000.0,1000000.0,1000000.0,1000000.0,1000000.0,1000000.0,1000000.0,1000000.0,0.0,0.0,0.0,0.0,0.0,0.0,48.22763443453082,96.4552688690621,96.4552688690621,96.4552688690621,96.4552688690621,144.68290330359284,144.68290330359284,192.91053773812425,241.13817217265407,337.59344104171646,434.04870991077877,675.1868820834334,1205.690860863273,2025.5606462503029,2845.4304316373314,4967.446346756688,8680.97419821557,14178.924523752106,26718.109476730133,45044.61056185197,78659.27176272009,122015.91511936343,206124.90957318546,309090.90909090906,452809.25970581145,517048.4687726067,771449.2404147576,868869.0619725102,941451.6517964794,970629.3706293706,989100.5546177959,995804.1958041957,998649.626235833,999324.8131179166,999855.3170966964,999951.7723655654,1000000.0,1000000.0,1000000.0,1000000.0,1000000.0,1000000.0,1000000.0,1000000.0,1000000.0,1000000.0,1000000.0,1000000.0,1000000.0,1000000.0,1000000.0,1000000.0,1000000.0,1000000.0,1000000.0,1000000.0,1000000.0,1000000.0,0.0,0.0,0.0,0.0,0.0,0.0,0.0,0.0,0.0,0.0,0.0,0.0,0.0,0.0,0.0,0.0,0.0,0.0,0.0,0.0,0.0,0.0,0.0,0.0,0.0,0.0,0.0,0.0,0.0,0.0,0.0,0.0,0.0,0.0,0.0,0.0,0.0,0.0,48.22763443453082,241.13817217265407,434.04870991077877,1205.690860863273,2314.926452857486,4436.942367976849,10031.347962382453,20400.28936580663,46202.07378828068,83144.44176513141,176223.77622377622,301567.39811912226,492211.23703882325,629997.5886182783,792380.033759344,891728.960694478,965083.1926693994,985772.8478418133,997299.2524716662,999228.3578490474,999903.5447311308,999951.7723655654,1000000.0,1000000.0,1000000.0,1000000.0,0.0,0.0,0.0,0.0,0.0,0.0,0.0,0.0,0.0,0.0,0.0,0.0,0.0,0.0,0.0,0.0,0.0,0.0,0.0,0.0,0.0,0.0,0.0,0.0,0.0,0.0,0.0,0.0,0.0,0.0,0.0,0.0,0.0,0.0,0.0,0.0,0.0,0.0,0.0,0.0,0.0,0.0,0.0,0.0,0.0,0.0,0.0,0.0,0.0,0.0,0.0,0.0,0.0,0.0,0.0,0.0,0.0,0.0,0.0,0.0,0.0,0.0,0.0,1000000.0
FLINT,MAGNUM03,F,na,na,na,na,2025_03_11-15_02_56,na,1,68,Yes,1,na,0.0,96.4552688690621,0.0,12.5,42.0,58.5,,,,0.0,96.4552688690621,0.0,12.5,42.0,58.5,32.0,18.0,13.0,29.0,16.0,11.0,22.0,12.0,9.0,19.0,10.0,7.0,16.0,7.0,5.0,14.0,4.0,3.0,15.0,6.0,4.0,0.0,32.0,32.0,50.0,50.0,63.0,0.0,29.0,33.0,49.0,52.0,63.0,4.0,26.0,35.0,47.0,54.0,63.0,5.0,24.0,36.0,46.0,55.0,62.0,6.0,22.0,37.0,44.0,56.0,61.0,6.0,20.0,39.0,43.0,57.0,60.0,6.0,21.0,38.0,44.0,56.0,60.0,8.0,0.0,52.0,17.0,58.0,42.0,63.0,59.0,0.8806217487164444,2.33933349496991,1.8142085729946094,0.15407795170912583,30.0,160.0,879093.3204726308,918302.3872679046,955485.8934169278,972847.8418133591,993730.407523511,998553.1709669641,999903.5447311308,1000000.0,1000000.0,1000000.0,1000000.0,1000000.0,1000000.0,1000000.0,1000000.0,1000000.0,1000000.0,1000000.0,1000000.0,1000000.0,1000000.0,1000000.0,1000000.0,1000000.0,1000000.0,1000000.0,1000000.0,1000000.0,1000000.0,1000000.0,1000000.0,1000000.0,1000000.0,1000000.0,1000000.0,1000000.0,1000000.0,1000000.0,1000000.0,1000000.0,1000000.0,1000000.0,1000000.0,1000000.0,1000000.0,1000000.0,1000000.0,1000000.0,1000000.0,1000000.0,1000000.0,1000000.0,1000000.0,1000000.0,1000000.0,1000000.0,1000000.0,1000000.0,1000000.0,1000000.0,1000000.0,1000000.0,1000000.0,1000000.0,0.0,0.0,0.0,0.0,0.0,0.0,0.0,0.0,0.0,0.0,0.0,0.0,0.0,0.0,0.0,0.0,0.0,48.22763443453082,192.91053773812425,192.91053773812425,337.59344104171646,868.0974198215577,1880.8777429467057,3424.1620448516924,7282.372799614172,15625.753556788046,34579.21388955871,59368.21798890764,124041.47576561364,214516.51796479378,368941.40342416207,444658.78948637564,735905.4738365082,852761.0320713768,945985.0494333253,978876.2961176754,994936.0983843743,998746.0815047021,999565.9512900892,999903.5447311308,999903.5447311308,999903.5447311308,999903.5447311308,999903.5447311308,999903.5447311308,999903.5447311308,999903.5447311308,999951.7723655654,999951.7723655654,999951.7723655654,999951.7723655654,1000000.0,1000000.0,1000000.0,1000000.0,1000000.0,1000000.0,1000000.0,1000000.0,1000000.0,1000000.0,1000000.0,1000000.0,1000000.0,0.0,0.0,0.0,0.0,0.0,0.0,0.0,0.0,0.0,0.0,0.0,0.0,0.0,0.0,0.0,0.0,0.0,0.0,0.0,0.0,0.0,0.0,0.0,0.0,0.0,0.0,0.0,0.0,0.0,0.0,0.0,0.0,0.0,0.0,0.0,0.0,0.0,0.0,0.0,0.0,0.0,0.0,144.68290330359284,434.04870991077877,1832.650108512174,5015.673981191222,18374.728719556282,46732.57776706052,154521.34072823735,330359.2958765372,595032.5536532432,746756.6915842777,890330.3592958765,955919.9421268386,991222.5705329153,997733.301181577,999710.6341933928,999951.7723655654,1000000.0,1000000.0,1000000.0,1000000.0,1000000.0,1000000.0,0.0,0.0,0.0,0.0,0.0,0.0,0.0,0.0,0.0,0.0,0.0,0.0,0.0,0.0,0.0,0.0,0.0,0.0,0.0,0.0,0.0,0.0,0.0,0.0,0.0,0.0,0.0,0.0,0.0,0.0,0.0,0.0,0.0,0.0,0.0,0.0,0.0,0.0,0.0,0.0,0.0,0.0,0.0,0.0,0.0,0.0,0.0,0.0,0.0,0.0,0.0,0.0,0.0,0.0,0.0,0.0,0.0,0.0,0.0,192.91053773812425,868.0974198215577,2941.8857005063924,9404.388714733534,1000000.0
FLINT,MAGNUM03,F,na,na,na,na,2025_03_11-15_02_56,na,1,69,Yes,1,na,0.0,0.0,0.0,13.5,42.0,57.5,,,,0.0,0.0,0.0,13.5,42.0,57.5,32.0,18.0,13.0,29.0,15.0,11.0,25.0,11.0,9.0,21.0,10.0,7.0,18.0,8.0,5.0,15.0,5.0,3.0,15.0,6.0,5.0,0.0,32.0,32.0,50.0,50.0,63.0,0.0,29.0,34.0,49.0,52.0,63.0,1.0,26.0,36.0,47.0,54.0,63.0,4.0,25.0,36.0,46.0,55.0,62.0,5.0,23.0,37.0,45.0,56.0,61.0,6.0,21.0,39.0,44.0,57.0,60.0,6.0,21.0,38.0,44.0,56.0,61.0,8.0,0.0,47.0,19.0,57.0,42.0,63.0,58.0,0.4623174165039781,2.2693442922448552,1.83102283133043,0.1265096461976769,30.0,160.0,968169.7612732095,978972.7513865444,989631.0585965757,993826.8627923799,997926.211719315,999517.7236556546,999903.5447311308,999951.7723655654,1000000.0,1000000.0,1000000.0,1000000.0,1000000.0,1000000.0,1000000.0,1000000.0,1000000.0,1000000.0,1000000.0,1000000.0,1000000.0,1000000.0,1000000.0,1000000.0,1000000.0,1000000.0,1000000.0,1000000.0,1000000.0,1000000.0,1000000.0,1000000.0,1000000.0,1000000.0,1000000.0,1000000.0,1000000.0,1000000.0,1000000.0,1000000.0,1000000.0,1000000.0,1000000.0,1000000.0,1000000.0,1000000.0,1000000.0,1000000.0,1000000.0,1000000.0,1000000.0,1000000.0,1000000.0,1000000.0,1000000.0,1000000.0,1000000.0,1000000.0,1000000.0,1000000.0,1000000.0,1000000.0,1000000.0,1000000.0,0.0,0.0,0.0,0.0,0.0,0.0,0.0,0.0,0.0,0.0,0.0,0.0,0.0,0.0,0.0,0.0,0.0,0.0,0.0,48.22763443453082,96.4552688690621,626.959247648901,1205.690860863273,2459.609356161082,6124.909573185426,11622.859898721968,26862.792380033734,47214.85411140584,108946.22618760553,191656.61924282613,340487.09910778876,445478.6592717627,720327.9479141549,835061.490233904,940342.4162044851,973764.1668676152,994984.3260188088,998794.3091391367,999807.0894622619,999903.5447311308,999951.7723655654,999951.7723655654,999951.7723655654,999951.7723655654,1000000.0,1000000.0,1000000.0,1000000.0,1000000.0,1000000.0,1000000.0,1000000.0,1000000.0,1000000.0,1000000.0,1000000.0,1000000.0,1000000.0,1000000.0,1000000.0,1000000.0,1000000.0,1000000.0,1000000.0,0.0,0.0,0.0,0.0,0.0,0.0,0.0,0.0,0.0,0.0,0.0,0.0,0.0,0.0,0.0,0.0,0.0,0.0,0.0,0.0,0.0,0.0,0.0,0.0,0.0,0.0,0.0,0.0,0.0,0.0,0.0,0.0,0.0,0.0,0.0,0.0,0.0,0.0,0.0,0.0,0.0,0.0,48.22763443453082,144.68290330359284,916.3250542560885,3183.023872679041,16300.940438871463,42343.863033518195,144055.94405594407,303158.91005546175,574294.670846395,716759.1029659994,877598.2638051603,946949.6021220158,988521.8230045816,996816.9761273209,999807.0894622619,1000000.0,1000000.0,1000000.0,1000000.0,1000000.0,1000000.0,1000000.0,0.0,0.0,0.0,0.0,0.0,0.0,0.0,0.0,0.0,0.0,0.0,0.0,0.0,0.0,0.0,0.0,0.0,0.0,0.0,0.0,0.0,0.0,0.0,0.0,0.0,0.0,0.0,0.0,0.0,0.0,0.0,0.0,0.0,0.0,0.0,0.0,0.0,0.0,0.0,0.0,0.0,0.0,0.0,0.0,0.0,0.0,0.0,0.0,0.0,0.0,0.0,0.0,0.0,0.0,0.0,0.0,0.0,0.0,48.22763443453082,48.22763443453082,482.27634434531,1687.967205208584,7861.104412828547,1000000.0
FLINT,MAGNUM03,F,na,na,na,na,2025_03_11-15_02_56,na,1,70,Yes,1,na,0.0,675.1868820834334,48.22763443457198,9.0,40.0,60.0,,,,0.0,1302.1461297324286,48.22763443457198,9.0,40.0,60.0,32.0,19.0,12.0,28.0,14.0,10.0,23.0,10.0,8.0,18.0,7.0,7.0,14.0,3.0,6.0,9.0,-3.0,5.0,11.0,0.0,5.0,0.0,32.0,32.0,51.0,51.0,63.0,0.0,28.0,34.0,48.0,53.0,63.0,1.0,24.0,36.0,46.0,55.0,63.0,4.0,22.0,37.0,44.0,56.0,63.0,5.0,19.0,39.0,42.0,57.0,63.0,7.0,16.0,41.0,38.0,58.0,63.0,6.0,17.0,40.0,40.0,58.0,63.0,8.0,0.0,57.0,10.0,63.0,37.0,63.0,63.0,0.48614532451968395,2.887362915690792,2.346734813317221,0.0,30.0,160.0,969713.0455751145,978442.2474077647,988377.140101278,992138.8955871714,997733.301181577,999228.3578490474,999855.3170966964,1000000.0,1000000.0,1000000.0,1000000.0,1000000.0,1000000.0,1000000.0,1000000.0,1000000.0,1000000.0,1000000.0,1000000.0,1000000.0,1000000.0,1000000.0,1000000.0,1000000.0,1000000.0,1000000.0,1000000.0,1000000.0,1000000.0,1000000.0,1000000.0,1000000.0,1000000.0,1000000.0,1000000.0,1000000.0,1000000.0,1000000.0,1000000.0,1000000.0,1000000.0,1000000.0,1000000.0,1000000.0,1000000.0,1000000.0,1000000.0,1000000.0,1000000.0,1000000.0,1000000.0,1000000.0,1000000.0,1000000.0,1000000.0,1000000.0,1000000.0,1000000.0,1000000.0,1000000.0,1000000.0,1000000.0,1000000.0,1000000.0,0.0,0.0,0.0,0.0,0.0,0.0,0.0,0.0,0.0,0.0,48.22763443453082,48.22763443453082,48.22763443453082,96.4552688690621,144.68290330359284,192.91053773812425,337.59344104171646,578.7316132143711,1157.4632264287443,1784.4224740776426,3665.3002170243526,5690.860863274664,9452.616349168073,13889.55871714491,24499.63829274172,39932.48131179166,77019.532191946,108078.12876778394,188714.73354231977,282179.88907644077,431347.9623824451,487388.47359537013,744007.7164215095,840897.0340004822,929587.6537255847,960067.5186882083,985724.6202073788,993971.5456956836,998215.5775259222,999373.040752351,999807.0894622619,999903.5447311308,999951.7723655654,999951.7723655654,999951.7723655654,999951.7723655654,999951.7723655654,999951.7723655654,999951.7723655654,999951.7723655654,999951.7723655654,999951.7723655654,1000000.0,1000000.0,1000000.0,1000000.0,1000000.0,1000000.0,1000000.0,1000000.0,1000000.0,1000000.0,1000000.0,1000000.0,0.0,0.0,0.0,0.0,0.0,0.0,0.0,0.0,0.0,0.0,0.0,0.0,0.0,0.0,0.0,0.0,0.0,0.0,0.0,0.0,0.0,0.0,0.0,0.0,0.0,0.0,0.0,0.0,0.0,0.0,0.0,0.0,0.0,0.0,0.0,0.0,0.0,48.22763443453082,241.13817217265407,241.13817217265407,723.414516517964,1205.690860863273,3183.023872679041,4774.535809018565,11092.355919942114,20448.517000241125,47793.585724620214,77019.532191946,165179.64793826855,281745.84036652994,486713.28671328665,608632.7465637809,794502.0496744635,892066.5541355197,966192.4282613937,986351.5794550277,997347.4801061008,999421.2683867855,999903.5447311308,999951.7723655654,1000000.0,1000000.0,1000000.0,1000000.0,0.0,0.0,0.0,0.0,0.0,0.0,0.0,0.0,0.0,0.0,0.0,0.0,0.0,0.0,0.0,0.0,0.0,0.0,0.0,0.0,0.0,0.0,0.0,0.0,0.0,0.0,0.0,0.0,0.0,0.0,0.0,0.0,0.0,0.0,0.0,0.0,0.0,0.0,0.0,0.0,0.0,0.0,0.0,0.0,0.0,0.0,0.0,0.0,0.0,0.0,0.0,0.0,0.0,0.0,0.0,0.0,0.0,0.0,0.0,0.0,0.0,0.0,0.0,1000000.0
FLINT,MAGNUM03,F,na,na,na,na,2025_03_11-15_02_56,na,1,71,Yes,1,na,0.0,482.27634434531,0.0,11.0,40.0,59.5,,,,0.0,916.3250542561267,0.0,11.0,40.0,59.5,31.0,19.0,13.0,28.0,15.0,11.0,23.0,9.0,9.0,18.0,7.0,7.0,15.0,4.0,6.0,10.0,-1.0,5.0,13.0,2.0,6.0,0.0,31.0,31.0,50.0,50.0,63.0,0.0,28.0,33.0,48.0,52.0,63.0,1.0,24.0,36.0,45.0,54.0,63.0,4.0,22.0,37.0,44.0,56.0,63.0,5.0,20.0,38.0,42.0,57.0,63.0,6.0,16.0,41.0,40.0,58.0,63.0,5.0,18.0,39.0,41.0,57.0,63.0,10.0,0.0,45.0,12.0,59.0,36.0,63.0,60.0,0.4714310327450801,2.8498128142164267,2.293180185312797,0.02195941428029117,30.0,160.0,968748.4928864238,978008.1986978538,989004.0993489268,993006.993006993,998263.8051603568,999565.9512900892,999951.7723655654,999951.7723655654,1000000.0,1000000.0,1000000.0,1000000.0,1000000.0,1000000.0,1000000.0,1000000.0,1000000.0,1000000.0,1000000.0,1000000.0,1000000.0,1000000.0,1000000.0,1000000.0,1000000.0,1000000.0,1000000.0,1000000.0,1000000.0,1000000.0,1000000.0,1000000.0,1000000.0,1000000.0,1000000.0,1000000.0,1000000.0,1000000.0,1000000.0,1000000.0,1000000.0,1000000.0,1000000.0,1000000.0,1000000.0,1000000.0,1000000.0,1000000.0,1000000.0,1000000.0,1000000.0,1000000.0,1000000.0,1000000.0,1000000.0,1000000.0,1000000.0,1000000.0,1000000.0,1000000.0,1000000.0,1000000.0,1000000.0,1000000.0,0.0,0.0,0.0,0.0,0.0,0.0,0.0,0.0,0.0,0.0,0.0,0.0,48.22763443453082,96.4552688690621,96.4552688690621,192.91053773812425,289.36580660718624,385.82107547624787,771.6421509524955,1350.373764166866,3086.56860380998,5015.673981191222,10127.80323125151,16252.71280443696,27441.523993248135,45141.065830721025,83192.66939956599,125825.89823969132,210802.99011333488,327755.00361707254,475283.3373523028,506486.6168314444,780901.8567639256,870605.2568121533,947287.1955630577,971015.1917048468,989389.9204244032,996672.2932240173,999180.1302146129,999565.9512900892,999855.3170966964,999951.7723655654,999951.7723655654,1000000.0,1000000.0,1000000.0,1000000.0,1000000.0,1000000.0,1000000.0,1000000.0,1000000.0,1000000.0,1000000.0,1000000.0,1000000.0,1000000.0,1000000.0,1000000.0,1000000.0,1000000.0,1000000.0,1000000.0,1000000.0,0.0,0.0,0.0,0.0,0.0,0.0,0.0,0.0,0.0,0.0,0.0,0.0,0.0,0.0,0.0,0.0,0.0,0.0,0.0,0.0,0.0,0.0,0.0,0.0,0.0,0.0,0.0,0.0,0.0,0.0,0.0,0.0,0.0,0.0,0.0,0.0,48.22763443453082,96.4552688690621,192.91053773812425,192.91053773812425,530.5039787798403,1157.4632264287443,2893.6580660718573,5305.039787798405,11622.859898721968,24162.044851699997,58837.71401012778,99831.20327947903,201495.05666747046,339619.00168796716,558041.958041958,684928.8642392091,841572.2208825657,925584.7600675187,979599.7106341934,993778.6351579454,998504.9433325295,999807.0894622619,1000000.0,1000000.0,1000000.0,1000000.0,1000000.0,1000000.0,0.0,0.0,0.0,0.0,0.0,0.0,0.0,0.0,0.0,0.0,0.0,0.0,0.0,0.0,0.0,0.0,0.0,0.0,0.0,0.0,0.0,0.0,0.0,0.0,0.0,0.0,0.0,0.0,0.0,0.0,0.0,0.0,0.0,0.0,0.0,0.0,0.0,0.0,0.0,0.0,0.0,0.0,0.0,0.0,0.0,0.0,0.0,0.0,0.0,0.0,0.0,0.0,0.0,0.0,0.0,0.0,0.0,0.0,0.0,0.0,48.22763443453082,48.22763443453082,96.4552688690621,1000000.0
FLINT,MAGNUM03,F,na,na,na,na,2025_03_11-15_02_56,na,1,72,Yes,1,na,96.4552688690621,1205.690860863273,0.0,10.0,40.0,60.5,,,,96.4552688690621,1639.7395707740898,0.0,10.0,40.0,60.5,31.0,19.0,13.0,28.0,15.0,10.0,22.0,9.0,8.0,17.0,6.0,7.0,13.0,2.0,6.0,6.0,-2.0,5.0,10.0,1.0,6.0,0.0,31.0,31.0,50.0,50.0,63.0,0.0,28.0,33.0,48.0,53.0,63.0,2.0,24.0,36.0,45.0,55.0,63.0,4.0,21.0,37.0,43.0,56.0,63.0,5.0,18.0,39.0,41.0,57.0,63.0,7.0,13.0,40.0,38.0,58.0,63.0,6.0,16.0,39.0,40.0,57.0,63.0,9.0,0.0,41.0,7.0,58.0,38.0,63.0,63.0,0.5177121606347888,2.9916286463937527,2.444430726908717,0.0,30.0,160.0,963105.8596575838,974439.3537496985,987171.4492404147,991994.2126838678,997202.7972027971,999131.9025801783,999855.3170966964,999903.5447311308,1000000.0,1000000.0,1000000.0,1000000.0,1000000.0,1000000.0,1000000.0,1000000.0,1000000.0,1000000.0,1000000.0,1000000.0,1000000.0,1000000.0,1000000.0,1000000.0,1000000.0,1000000.0,1000000.0,1000000.0,1000000.0,1000000.0,1000000.0,1000000.0,1000000.0,1000000.0,1000000.0,1000000.0,1000000.0,1000000.0,1000000.0,1000000.0,1000000.0,1000000.0,1000000.0,1000000.0,1000000.0,1000000.0,1000000.0,1000000.0,1000000.0,1000000.0,1000000.0,1000000.0,1000000.0,1000000.0,1000000.0,1000000.0,1000000.0,1000000.0,1000000.0,1000000.0,1000000.0,1000000.0,1000000.0,1000000.0,0.0,0.0,0.0,0.0,0.0,0.0,0.0,48.22763443453082,48.22763443453082,48.22763443453082,48.22763443453082,144.68290330359284,192.91053773812425,385.82107547624787,434.04870991077877,530.5039787798403,771.6421509524955,1253.9184952978064,2170.2435495538875,3086.56860380998,4388.714733542319,7185.917530745107,13166.144200626935,20834.33807571737,33662.888835302656,55220.641427537965,94381.48058837719,140390.64383891964,223727.9961417892,330648.66168314446,479045.09283819626,548348.2035206173,781384.1331082709,870412.3462744151,938702.6766337111,968266.2165420785,987364.3597781529,994357.3667711598,998408.4880636605,999565.9512900892,999951.7723655654,1000000.0,1000000.0,1000000.0,1000000.0,1000000.0,1000000.0,1000000.0,1000000.0,1000000.0,1000000.0,1000000.0,1000000.0,1000000.0,1000000.0,1000000.0,1000000.0,1000000.0,1000000.0,1000000.0,1000000.0,1000000.0,1000000.0,1000000.0,0.0,0.0,0.0,0.0,0.0,0.0,0.0,0.0,0.0,0.0,0.0,0.0,0.0,0.0,0.0,0.0,0.0,0.0,0.0,0.0,0.0,0.0,0.0,0.0,0.0,0.0,0.0,0.0,0.0,0.0,0.0,0.0,0.0,0.0,0.0,0.0,0.0,0.0,241.13817217265407,482.27634434531,1253.9184952978064,2556.0646250301406,4822.763443453095,8391.608391608395,18422.956353990838,34000.48227634435,74125.87412587416,124041.47576561364,233084.1572220882,368700.26525198936,569616.5903062455,696599.9517723656,840607.668193875,922739.3296358814,976898.9631058596,991753.0745116952,997926.211719315,999565.9512900892,1000000.0,1000000.0,1000000.0,1000000.0,1000000.0,1000000.0,0.0,0.0,0.0,0.0,0.0,0.0,0.0,0.0,0.0,0.0,0.0,0.0,0.0,0.0,0.0,0.0,0.0,0.0,0.0,0.0,0.0,0.0,0.0,0.0,0.0,0.0,0.0,0.0,0.0,0.0,0.0,0.0,0.0,0.0,0.0,0.0,0.0,0.0,0.0,0.0,0.0,0.0,0.0,0.0,0.0,0.0,0.0,0.0,0.0,0.0,0.0,0.0,0.0,0.0,0.0,0.0,0.0,0.0,0.0,0.0,0.0,0.0,0.0,1000000.0
FLINT,MAGNUM03,F,na,na,na,na,2025_03_11-15_02_56,na,1,73,Yes,1,na,0.0,1205.690860863306,0.0,11.0,40.0,61.0,,,,0.0,1446.829033035929,0.0,11.0,40.0,61.0,31.0,19.0,13.0,28.0,15.0,10.0,24.0,9.0,8.0,18.0,6.0,7.0,13.0,2.0,6.0,6.0,-5.0,5.0,10.0,0.0,5.0,0.0,31.0,31.0,50.0,50.0,63.0,0.0,28.0,33.0,48.0,53.0,63.0,0.0,24.0,36.0,45.0,55.0,63.0,3.0,21.0,38.0,44.0,56.0,63.0,5.0,18.0,39.0,41.0,57.0,63.0,7.0,13.0,44.0,39.0,58.0,63.0,6.0,16.0,40.0,40.0,58.0,63.0,10.0,0.0,51.0,12.0,59.0,32.0,63.0,63.0,0.3992624533157424,2.961637550182487,2.4169846482168795,0.0,30.0,160.0,984181.3359054738,988473.595370147,991945.9850494333,994405.5944055944,998215.5775259222,999324.8131179166,999807.0894622619,999951.7723655654,1000000.0,1000000.0,1000000.0,1000000.0,1000000.0,1000000.0,1000000.0,1000000.0,1000000.0,1000000.0,1000000.0,1000000.0,1000000.0,1000000.0,1000000.0,1000000.0,1000000.0,1000000.0,1000000.0,1000000.0,1000000.0,1000000.0,1000000.0,1000000.0,1000000.0,1000000.0,1000000.0,1000000.0,1000000.0,1000000.0,1000000.0,1000000.0,1000000.0,1000000.0,1000000.0,1000000.0,1000000.0,1000000.0,1000000.0,1000000.0,1000000.0,1000000.0,1000000.0,1000000.0,1000000.0,1000000.0,1000000.0,1000000.0,1000000.0,1000000.0,1000000.0,1000000.0,1000000.0,1000000.0,1000000.0,1000000.0,0.0,0.0,0.0,0.0,0.0,0.0,0.0,0.0,0.0,0.0,0.0,0.0,96.4552688690621,241.13817217265407,385.82107547624787,530.5039787798403,771.6421509524955,868.0974198215577,1591.5119363395213,2363.1540872920177,4340.487099107789,6993.006993006999,11622.859898721968,17169.037858693027,29611.76754280201,45478.65927176273,79720.27972027972,116566.19242826143,198553.17096696407,290330.3592958766,438678.5628164938,523607.42705570284,747914.1548107064,842874.367012298,928333.735230287,959826.3805160356,984181.3359054738,993392.8140824692,997877.9840848806,998794.3091391367,999710.6341933928,999710.6341933928,999855.3170966964,999855.3170966964,999951.7723655654,999951.7723655654,999951.7723655654,999951.7723655654,999951.7723655654,1000000.0,1000000.0,1000000.0,1000000.0,1000000.0,1000000.0,1000000.0,1000000.0,1000000.0,1000000.0,1000000.0,1000000.0,1000000.0,1000000.0,1000000.0,0.0,0.0,0.0,0.0,0.0,0.0,0.0,0.0,0.0,0.0,0.0,0.0,0.0,0.0,0.0,0.0,0.0,0.0,0.0,0.0,0.0,0.0,0.0,0.0,0.0,0.0,0.0,0.0,0.0,0.0,0.0,0.0,48.22763443453082,48.22763443453082,48.22763443453082,48.22763443453082,48.22763443453082,48.22763443453082,144.68290330359284,337.59344104171646,819.8697853870253,1495.056667470457,3183.023872679041,5787.316132143714,13069.688931757892,23101.036894140365,52134.072823728035,89076.4408005787,186592.71762720036,307354.7142512659,500554.61779599707,623727.9961417892,801832.6501085121,889799.8553170966,962912.9491198456,985869.3031106823,996816.9761273209,999083.6749457439,999951.7723655654,1000000.0,1000000.0,1000000.0,1000000.0,1000000.0,0.0,0.0,0.0,0.0,0.0,0.0,0.0,0.0,0.0,0.0,0.0,0.0,0.0,0.0,0.0,0.0,0.0,0.0,0.0,0.0,0.0,0.0,0.0,0.0,0.0,0.0,0.0,0.0,0.0,0.0,0.0,0.0,0.0,0.0,0.0,0.0,0.0,0.0,0.0,0.0,0.0,0.0,0.0,0.0,0.0,0.0,0.0,0.0,0.0,0.0,0.0,0.0,0.0,0.0,0.0,0.0,0.0,0.0,0.0,0.0,0.0,0.0,0.0,1000000.0
FLINT,MAGNUM03,F,na,na,na,na,2025_03_11-15_02_56,na,1,74,Yes,1,na,0.0,0.0,0.0,11.0,40.5,0.0,,,,0.0,0.0,0.0,11.0,40.5,0.0,32.0,18.0,13.0,28.0,15.0,11.0,24.0,11.0,9.0,20.0,9.0,8.0,17.0,7.0,6.0,13.0,3.0,3.0,14.0,6.0,5.0,0.0,32.0,32.0,50.0,50.0,63.0,0.0,28.0,33.0,48.0,52.0,63.0,2.0,26.0,35.0,46.0,54.0,63.0,4.0,24.0,36.0,45.0,55.0,63.0,5.0,22.0,37.0,44.0,56.0,62.0,6.0,19.0,39.0,42.0,57.0,60.0,6.0,20.0,38.0,44.0,56.0,61.0,8.0,0.0,40.0,14.0,57.0,41.0,63.0,0.0,0.6303904306338006,2.4377911892783493,1.8620105297151415,0.44803441066555605,30.0,160.0,933735.2302869543,955244.7552447552,978297.564504461,988328.9124668434,997926.211719315,999517.7236556546,999951.7723655654,999951.7723655654,1000000.0,1000000.0,1000000.0,1000000.0,1000000.0,1000000.0,1000000.0,1000000.0,1000000.0,1000000.0,1000000.0,1000000.0,1000000.0,1000000.0,1000000.0,1000000.0,1000000.0,1000000.0,1000000.0,1000000.0,1000000.0,1000000.0,1000000.0,1000000.0,1000000.0,1000000.0,1000000.0,1000000.0,1000000.0,1000000.0,1000000.0,1000000.0,1000000.0,1000000.0,1000000.0,1000000.0,1000000.0,1000000.0,1000000.0,1000000.0,1000000.0,1000000.0,1000000.0,1000000.0,1000000.0,1000000.0,1000000.0,1000000.0,1000000.0,1000000.0,1000000.0,1000000.0,1000000.0,1000000.0,1000000.0,1000000.0,0.0,0.0,0.0,0.0,0.0,0.0,0.0,0.0,0.0,0.0,0.0,0.0,0.0,0.0,48.22763443453082,48.22763443453082,48.22763443453082,96.4552688690621,144.68290330359284,337.59344104171646,578.7316132143711,1157.4632264287443,2845.4304316373314,5739.088497709187,11719.315167591023,22040.028936580668,46539.66722932241,78852.1823004581,159151.1936339522,264094.5261634916,423197.4921630094,483964.31155051844,769086.0863274656,873788.2806848324,955485.8934169278,981818.1818181818,995611.2852664576,998938.9920424403,999807.0894622619,999951.7723655654,1000000.0,1000000.0,1000000.0,1000000.0,1000000.0,1000000.0,1000000.0,1000000.0,1000000.0,1000000.0,1000000.0,1000000.0,1000000.0,1000000.0,1000000.0,1000000.0,1000000.0,1000000.0,1000000.0,1000000.0,1000000.0,1000000.0,1000000.0,1000000.0,0.0,0.0,0.0,0.0,0.0,0.0,0.0,0.0,0.0,0.0,0.0,0.0,0.0,0.0,0.0,0.0,0.0,0.0,0.0,0.0,0.0,0.0,0.0,0.0,0.0,0.0,0.0,0.0,0.0,0.0,0.0,0.0,0.0,0.0,0.0,0.0,0.0,0.0,0.0,0.0,0.0,48.22763443453082,241.13817217265407,482.27634434531,2363.1540872920177,7234.145165179647,28936.580660718602,62454.78659271758,188666.5059078852,370725.8258982397,628550.7595852424,766964.0704123464,904461.0561851941,961224.981914637,991560.1639739571,998070.8946226187,999807.0894622619,1000000.0,1000000.0,1000000.0,1000000.0,1000000.0,1000000.0,1000000.0,48.22763443453082,48.22763443453082,48.22763443453082,48.22763443453082,48.22763443453082,48.22763443453082,48.22763443453082,48.22763443453082,48.22763443453082,48.22763443453082,48.22763443453082,48.22763443453082,48.22763443453082,48.22763443453082,48.22763443453082,48.22763443453082,48.22763443453082,48.22763443453082,48.22763443453082,48.22763443453082,48.22763443453082,48.22763443453082,48.22763443453082,48.22763443453082,48.22763443453082,48.22763443453082,48.22763443453082,48.22763443453082,48.22763443453082,48.22763443453082,48.22763443453082,48.22763443453082,48.22763443453082,48.22763443453082,48.22763443453082,48.22763443453082,48.22763443453082,48.22763443453082,48.22763443453082,48.22763443453082,48.22763443453082,48.22763443453082,48.22763443453082,48.22763443453082,48.22763443453082,48.22763443453082,48.22763443453082,48.22763443453082,48.22763443453082,48.22763443453082,48.22763443453082,48.22763443453082,48.22763443453082,48.22763443453082,48.22763443453082,48.22763443453082,48.22763443453082,48.22763443453082,48.22763443453082,48.22763443453082,337.59344104171646,1350.373764166866,4099.348926935128,1000000.0
FLINT,MAGNUM03,F,na,na,na,na,2025_03_11-15_02_56,na,1,75,Yes,1,na,0.0,144.68290330360517,0.0,11.0,41.0,59.0,,,,0.0,241.13817217266728,0.0,11.0,41.0,59.0,31.0,19.0,13.0,28.0,15.0,11.0,22.0,11.0,9.0,18.0,7.0,8.0,15.0,5.0,7.0,9.0,1.0,4.0,12.0,3.0,6.0,0.0,31.0,31.0,50.0,50.0,63.0,0.0,28.0,33.0,48.0,52.0,63.0,3.0,25.0,35.0,46.0,54.0,63.0,4.0,22.0,37.0,44.0,55.0,63.0,5.0,20.0,38.0,43.0,56.0,63.0,8.0,17.0,41.0,42.0,58.0,62.0,6.0,18.0,39.0,42.0,57.0,63.0,9.0,0.0,43.0,13.0,58.0,40.0,63.0,60.0,0.6569293318047097,2.6757686032664383,2.124416513936859,0.028629388166736942,30.0,160.0,938509.766095973,958186.6409452616,977140.1012780323,986448.0347238968,996093.561610803,998938.9920424403,999710.6341933928,999855.3170966964,1000000.0,1000000.0,1000000.0,1000000.0,1000000.0,1000000.0,1000000.0,1000000.0,1000000.0,1000000.0,1000000.0,1000000.0,1000000.0,1000000.0,1000000.0,1000000.0,1000000.0,1000000.0,1000000.0,1000000.0,1000000.0,1000000.0,1000000.0,1000000.0,1000000.0,1000000.0,1000000.0,1000000.0,1000000.0,1000000.0,1000000.0,1000000.0,1000000.0,1000000.0,1000000.0,1000000.0,1000000.0,1000000.0,1000000.0,1000000.0,1000000.0,1000000.0,1000000.0,1000000.0,1000000.0,1000000.0,1000000.0,1000000.0,1000000.0,1000000.0,1000000.0,1000000.0,1000000.0,1000000.0,1000000.0,1000000.0,0.0,0.0,0.0,0.0,0.0,0.0,0.0,0.0,0.0,0.0,0.0,0.0,0.0,48.22763443453082,48.22763443453082,48.22763443453082,96.4552688690621,337.59344104171646,819.8697853870253,1205.690860863273,2411.3817217265464,3424.1620448516924,6510.730648661682,11622.859898721968,20400.28936580663,37038.82324571978,69254.88304798651,112225.70532915366,191608.3916083916,306149.0233904026,458017.84422474075,548685.796961659,780178.4422474077,878273.4506872436,950036.1707258258,977477.694719074,993296.3588136001,997685.0735471424,999517.7236556546,999758.8618278273,999855.3170966964,999951.7723655654,1000000.0,1000000.0,1000000.0,1000000.0,1000000.0,1000000.0,1000000.0,1000000.0,1000000.0,1000000.0,1000000.0,1000000.0,1000000.0,1000000.0,1000000.0,1000000.0,1000000.0,1000000.0,1000000.0,1000000.0,1000000.0,1000000.0,0.0,0.0,0.0,0.0,0.0,0.0,0.0,0.0,0.0,0.0,0.0,0.0,0.0,0.0,0.0,0.0,0.0,0.0,0.0,0.0,0.0,0.0,0.0,0.0,0.0,0.0,0.0,0.0,0.0,0.0,0.0,0.0,0.0,0.0,0.0,0.0,0.0,0.0,0.0,0.0,48.22763443453082,144.68290330359284,868.0974198215577,2170.2435495538875,7137.689896310589,17458.403665300208,48227.634434530955,92066.55413551973,200434.04870991083,363491.68073306006,587653.7255847601,726693.9956595128,866843.5013262599,942512.659754039,985290.571497468,995804.1958041957,999035.4473113093,999807.0894622619,1000000.0,1000000.0,1000000.0,1000000.0,1000000.0,1000000.0,0.0,0.0,0.0,0.0,0.0,0.0,0.0,0.0,0.0,0.0,0.0,0.0,0.0,0.0,0.0,0.0,0.0,0.0,0.0,0.0,0.0,0.0,0.0,0.0,0.0,0.0,0.0,0.0,0.0,0.0,0.0,0.0,0.0,0.0,0.0,0.0,0.0,0.0,0.0,0.0,0.0,0.0,0.0,0.0,0.0,0.0,0.0,0.0,0.0,0.0,0.0,0.0,0.0,0.0,0.0,0.0,0.0,0.0,0.0,0.0,48.22763443453082,96.4552688690621,289.36580660718624,1000000.0
FLINT,MAGNUM03,F,na,na,na,na,2025_03_11-15_02_56,na,1,76,Yes,1,na,0.0,385.8210754763569,0.0,12.0,41.0,0.0,,,,0.0,385.8210754763569,0.0,12.0,41.0,0.0,32.0,18.0,13.0,28.0,14.0,11.0,23.0,10.0,9.0,19.0,8.0,7.0,15.0,4.0,6.0,11.0,-6.0,4.0,12.0,2.0,6.0,0.0,32.0,32.0,50.0,50.0,63.0,0.0,28.0,34.0,48.0,52.0,63.0,2.0,25.0,36.0,46.0,54.0,63.0,4.0,23.0,37.0,45.0,56.0,63.0,5.0,20.0,39.0,43.0,57.0,63.0,7.0,18.0,48.0,42.0,58.0,62.0,6.0,18.0,40.0,42.0,57.0,63.0,8.0,0.0,57.0,16.0,60.0,41.0,63.0,0.0,0.4944136139608256,2.7060841863734004,2.149148615768254,0.43836757542433213,30.0,160.0,965131.420303834,975596.8169761273,987701.9532191945,992187.123221606,998215.5775259222,999517.7236556546,999807.0894622619,1000000.0,1000000.0,1000000.0,1000000.0,1000000.0,1000000.0,1000000.0,1000000.0,1000000.0,1000000.0,1000000.0,1000000.0,1000000.0,1000000.0,1000000.0,1000000.0,1000000.0,1000000.0,1000000.0,1000000.0,1000000.0,1000000.0,1000000.0,1000000.0,1000000.0,1000000.0,1000000.0,1000000.0,1000000.0,1000000.0,1000000.0,1000000.0,1000000.0,1000000.0,1000000.0,1000000.0,1000000.0,1000000.0,1000000.0,1000000.0,1000000.0,1000000.0,1000000.0,1000000.0,1000000.0,1000000.0,1000000.0,1000000.0,1000000.0,1000000.0,1000000.0,1000000.0,1000000.0,1000000.0,1000000.0,1000000.0,1000000.0,0.0,0.0,0.0,0.0,0.0,0.0,0.0,0.0,0.0,0.0,0.0,0.0,0.0,0.0,0.0,0.0,48.22763443453082,96.4552688690621,578.7316132143711,819.8697853870253,1591.5119363395213,2748.975162768264,5160.356884494808,8680.97419821557,16156.257535567875,27200.385821075455,53629.1294911985,87677.83940197733,159729.92524716668,254834.82035206174,399951.77236556547,476874.84928864235,722208.8256571015,826959.2476489028,923559.1994212683,961369.6648179406,987026.766337111,995418.3747287195,998601.3986013986,999469.4960212201,999614.1789245236,999758.8618278273,999807.0894622619,999855.3170966964,999855.3170966964,999855.3170966964,999855.3170966964,999855.3170966964,999903.5447311308,999903.5447311308,999951.7723655654,999951.7723655654,999951.7723655654,999951.7723655654,1000000.0,1000000.0,1000000.0,1000000.0,1000000.0,1000000.0,1000000.0,1000000.0,1000000.0,1000000.0,0.0,0.0,0.0,0.0,0.0,0.0,0.0,0.0,0.0,0.0,0.0,0.0,0.0,0.0,0.0,0.0,0.0,0.0,0.0,0.0,0.0,0.0,0.0,0.0,0.0,0.0,0.0,0.0,0.0,0.0,0.0,0.0,0.0,0.0,0.0,0.0,0.0,0.0,0.0,0.0,0.0,48.22763443453082,578.7316132143711,1591.5119363395213,4870.991077887631,12876.778394019768,39257.29442970819,80347.23896792861,184663.61224981918,333445.8644803472,554087.2920183265,693850.9766095972,847648.9028213165,925343.621895346,977429.4670846394,991029.6599951772,998360.2604292259,999662.4065589582,1000000.0,1000000.0,1000000.0,1000000.0,1000000.0,1000000.0,48.22763443453082,48.22763443453082,48.22763443453082,48.22763443453082,48.22763443453082,48.22763443453082,48.22763443453082,48.22763443453082,48.22763443453082,48.22763443453082,48.22763443453082,48.22763443453082,48.22763443453082,48.22763443453082,48.22763443453082,48.22763443453082,48.22763443453082,48.22763443453082,48.22763443453082,48.22763443453082,48.22763443453082,48.22763443453082,48.22763443453082,48.22763443453082,48.22763443453082,48.22763443453082,48.22763443453082,48.22763443453082,48.22763443453082,48.22763443453082,48.22763443453082,48.22763443453082,48.22763443453082,48.22763443453082,48.22763443453082,48.22763443453082,48.22763443453082,48.22763443453082,48.22763443453082,48.22763443453082,48.22763443453082,48.22763443453082,48.22763443453082,48.22763443453082,48.22763443453082,48.22763443453082,48.22763443453082,48.22763443453082,48.22763443453082,48.22763443453082,48.22763443453082,48.22763443453082,48.22763443453082,48.22763443453082,48.22763443453082,48.22763443453082,48.22763443453082,48.22763443453082,48.22763443453082,48.22763443453082,96.4552688690621,144.68290330359284,289.36580660718624,1000000.0
FLINT,MAGNUM03,F,na,na,na,na,2025_03_11-15_02_56,na,1,77,Yes,1,na,0.0,96.4552688691443,48.22763443453082,11.5,40.0,61.0,,,,0.0,192.9105377381648,48.22763443453082,11.5,40.0,61.0,31.0,19.0,13.0,28.0,15.0,11.0,24.0,10.0,9.0,20.0,7.0,8.0,17.0,5.0,7.0,11.0,3.0,4.0,15.0,3.0,6.0,0.0,31.0,31.0,50.0,50.0,63.0,0.0,28.0,33.0,48.0,52.0,63.0,1.0,25.0,36.0,46.0,54.0,63.0,3.0,23.0,37.0,44.0,55.0,63.0,4.0,21.0,38.0,43.0,56.0,63.0,6.0,17.0,39.0,42.0,58.0,62.0,5.0,20.0,39.0,42.0,57.0,63.0,8.0,0.0,46.0,15.0,61.0,37.0,63.0,60.0,0.4025515426247541,2.6482313708904717,2.087824537280766,0.027775098464747405,30.0,160.0,975645.0446105618,983747.2871955631,991801.3021461297,995321.9194598505,998794.3091391367,999662.4065589582,999951.7723655654,1000000.0,1000000.0,1000000.0,1000000.0,1000000.0,1000000.0,1000000.0,1000000.0,1000000.0,1000000.0,1000000.0,1000000.0,1000000.0,1000000.0,1000000.0,1000000.0,1000000.0,1000000.0,1000000.0,1000000.0,1000000.0,1000000.0,1000000.0,1000000.0,1000000.0,1000000.0,1000000.0,1000000.0,1000000.0,1000000.0,1000000.0,1000000.0,1000000.0,1000000.0,1000000.0,1000000.0,1000000.0,1000000.0,1000000.0,1000000.0,1000000.0,1000000.0,1000000.0,1000000.0,1000000.0,1000000.0,1000000.0,1000000.0,1000000.0,1000000.0,1000000.0,1000000.0,1000000.0,1000000.0,1000000.0,1000000.0,1000000.0,0.0,0.0,0.0,0.0,0.0,0.0,0.0,0.0,0.0,0.0,0.0,0.0,0.0,0.0,0.0,96.4552688690621,192.91053773812425,241.13817217265407,385.82107547624787,530.5039787798403,1157.4632264287443,2459.609356161082,5015.673981191222,9549.071618037116,18230.045816252703,34868.5796961659,67615.14347721238,104895.10489510495,192572.9442970823,294043.88714733545,453918.4952978056,519556.3057632023,781384.1331082709,871810.9476730165,949360.9838437424,976320.2314926452,992428.2613937786,997251.0248372317,999228.3578490474,999903.5447311308,999951.7723655654,1000000.0,1000000.0,1000000.0,1000000.0,1000000.0,1000000.0,1000000.0,1000000.0,1000000.0,1000000.0,1000000.0,1000000.0,1000000.0,1000000.0,1000000.0,1000000.0,1000000.0,1000000.0,1000000.0,1000000.0,1000000.0,1000000.0,1000000.0,0.0,0.0,0.0,0.0,0.0,0.0,0.0,0.0,0.0,0.0,0.0,0.0,0.0,0.0,0.0,0.0,0.0,0.0,0.0,0.0,0.0,0.0,0.0,0.0,0.0,0.0,0.0,0.0,0.0,0.0,0.0,0.0,0.0,0.0,0.0,0.0,0.0,48.22763443453082,48.22763443453082,48.22763443453082,144.68290330359284,192.91053773812425,1157.4632264287443,2218.471183988428,6607.1859175307445,14130.696889317576,41331.08271039299,76826.62165420779,191415.48107065354,348348.2035206173,581287.677839402,720617.313720762,870894.6226187606,939281.4082469254,983699.0595611285,994550.2773088979,999131.9025801783,999565.9512900892,999903.5447311308,999951.7723655654,1000000.0,1000000.0,1000000.0,1000000.0,0.0,0.0,0.0,0.0,0.0,0.0,0.0,0.0,0.0,0.0,0.0,0.0,0.0,0.0,0.0,0.0,0.0,0.0,0.0,0.0,0.0,0.0,0.0,0.0,0.0,0.0,0.0,0.0,0.0,0.0,0.0,0.0,0.0,0.0,0.0,0.0,0.0,0.0,0.0,0.0,0.0,0.0,0.0,0.0,0.0,0.0,0.0,0.0,0.0,0.0,0.0,0.0,0.0,0.0,0.0,0.0,0.0,0.0,0.0,0.0,48.22763443453082,96.4552688690621,241.13817217265407,1000000.0
