STEPPING,TESTER,SOCKET,BASE_REV,RUN_NAME,CURRENT_COMMIT,CURRENT_COMMIT_DATE,TEST_START_DATETIME,DIE_ID,MACRO,IO,ADC_CAL,TEST_SEQUENCE,TEST_NAME,LEVEL_01_XPOINT_PPM,LEVEL_12_XPOINT_PPM,LEVEL_23_XPOINT_PPM,LEVEL_01_XPOINT_ADC,LEVEL_12_XPOINT_ADC,LEVEL_23_XPOINT_ADC,LEVEL_01_XPOINT_EXT_PPM,LEVEL_12_XPOINT_EXT_PPM,LEVEL_23_XPOINT_EXT_PPM,LEVEL_01_XPOINT_SUM_PPM,LEVEL_12_XPOINT_SUM_PPM,LEVEL_23_XPOINT_SUM_PPM,LEVEL_01_XPOINT_SUM_ADC,LEVEL_12_XPOINT_SUM_ADC,LEVEL_23_XPOINT_SUM_ADC,LEVEL_01_0SIGMA_ADCRWB,LEVEL_12_0SIGMA_ADCRWB,LEVEL_23_0SIGMA_ADCRWB,LEVEL_01_M1SIGMA_ADCRWB,LEVEL_12_M1SIGMA_ADCRWB,LEVEL_23_M1SIGMA_ADCRWB,LEVEL_01_M2SIGMA_ADCRWB,LEVEL_12_M2SIGMA_ADCRWB,LEVEL_23_M2SIGMA_ADCRWB,LEVEL_01_M2P5SIGMA_ADCRWB,LEVEL_12_M2P5SIGMA_ADCRWB,LEVEL_23_M2P5SIGMA_ADCRWB,LEVEL_01_M3SIGMA_ADCRWB,LEVEL_12_M3SIGMA_ADCRWB,LEVEL_23_M3SIGMA_ADCRWB,LEVEL_01_170PPM_ADCRWB,LEVEL_12_170PPM_ADCRWB,LEVEL_23_170PPM_ADCRWB,LEVEL_01_500PPM_ADCRWB,LEVEL_12_500PPM_ADCRWB,LEVEL_23_500PPM_ADCRWB,LEVEL_01_0_0SIGMA_ADC,LEVEL_01_1_0SIGMA_ADC,LEVEL_12_1_0SIGMA_ADC,LEVEL_12_2_0SIGMA_ADC,LEVEL_23_2_0SIGMA_ADC,LEVEL_23_3_0SIGMA_ADC,LEVEL_01_0_M1SIGMA_ADC,LEVEL_01_1_M1SIGMA_ADC,LEVEL_12_1_M1SIGMA_ADC,LEVEL_12_2_M1SIGMA_ADC,LEVEL_23_2_M1SIGMA_ADC,LEVEL_23_3_M1SIGMA_ADC,LEVEL_01_0_M2SIGMA_ADC,LEVEL_01_1_M2SIGMA_ADC,LEVEL_12_1_M2SIGMA_ADC,LEVEL_12_2_M2SIGMA_ADC,LEVEL_23_2_M2SIGMA_ADC,LEVEL_23_3_M2SIGMA_ADC,LEVEL_01_0_M2P5SIGMA_ADC,LEVEL_01_1_M2P5SIGMA_ADC,LEVEL_12_1_M2P5SIGMA_ADC,LEVEL_12_2_M2P5SIGMA_ADC,LEVEL_23_2_M2P5SIGMA_ADC,LEVEL_23_3_M2P5SIGMA_ADC,LEVEL_01_0_M3SIGMA_ADC,LEVEL_01_1_M3SIGMA_ADC,LEVEL_12_1_M3SIGMA_ADC,LEVEL_12_2_M3SIGMA_ADC,LEVEL_23_2_M3SIGMA_ADC,LEVEL_23_3_M3SIGMA_ADC,LEVEL_01_0_170PPM_ADC,LEVEL_01_1_170PPM_ADC,LEVEL_12_1_170PPM_ADC,LEVEL_12_2_170PPM_ADC,LEVEL_23_2_170PPM_ADC,LEVEL_23_3_170PPM_ADC,LEVEL_01_0_500PPM_ADC,LEVEL_01_1_500PPM_ADC,LEVEL_12_1_500PPM_ADC,LEVEL_12_2_500PPM_ADC,LEVEL_23_2_500PPM_ADC,LEVEL_23_3_500PPM_ADC,LEVEL_0_MAXADC,LEVEL_0_MINADC,LEVEL_1_MAXADC,LEVEL_1_MINADC,LEVEL_2_MAXADC,LEVEL_2_MINADC,LEVEL_3_MAXADC,LEVEL_3_MINADC,LEVEL_0_DISTSIGMA,LEVEL_1_DISTSIGMA,LEVEL_2_DISTSIGMA,LEVEL_3_DISTSIGMA,ADC_0_COND_US,ADC_63_COND_US,LEVEL_0_0ADC_PPM,LEVEL_0_1ADC_PPM,LEVEL_0_2ADC_PPM,LEVEL_0_3ADC_PPM,LEVEL_0_4ADC_PPM,LEVEL_0_5ADC_PPM,LEVEL_0_6ADC_PPM,LEVEL_0_7ADC_PPM,LEVEL_0_8ADC_PPM,LEVEL_0_9ADC_PPM,LEVEL_0_10ADC_PPM,LEVEL_0_11ADC_PPM,LEVEL_0_12ADC_PPM,LEVEL_0_13ADC_PPM,LEVEL_0_14ADC_PPM,LEVEL_0_15ADC_PPM,LEVEL_0_16ADC_PPM,LEVEL_0_17ADC_PPM,LEVEL_0_18ADC_PPM,LEVEL_0_19ADC_PPM,LEVEL_0_20ADC_PPM,LEVEL_0_21ADC_PPM,LEVEL_0_22ADC_PPM,LEVEL_0_23ADC_PPM,LEVEL_0_24ADC_PPM,LEVEL_0_25ADC_PPM,LEVEL_0_26ADC_PPM,LEVEL_0_27ADC_PPM,LEVEL_0_28ADC_PPM,LEVEL_0_29ADC_PPM,LEVEL_0_30ADC_PPM,LEVEL_0_31ADC_PPM,LEVEL_0_32ADC_PPM,LEVEL_0_33ADC_PPM,LEVEL_0_34ADC_PPM,LEVEL_0_35ADC_PPM,LEVEL_0_36ADC_PPM,LEVEL_0_37ADC_PPM,LEVEL_0_38ADC_PPM,LEVEL_0_39ADC_PPM,LEVEL_0_40ADC_PPM,LEVEL_0_41ADC_PPM,LEVEL_0_42ADC_PPM,LEVEL_0_43ADC_PPM,LEVEL_0_44ADC_PPM,LEVEL_0_45ADC_PPM,LEVEL_0_46ADC_PPM,LEVEL_0_47ADC_PPM,LEVEL_0_48ADC_PPM,LEVEL_0_49ADC_PPM,LEVEL_0_50ADC_PPM,LEVEL_0_51ADC_PPM,LEVEL_0_52ADC_PPM,LEVEL_0_53ADC_PPM,LEVEL_0_54ADC_PPM,LEVEL_0_55ADC_PPM,LEVEL_0_56ADC_PPM,LEVEL_0_57ADC_PPM,LEVEL_0_58ADC_PPM,LEVEL_0_59ADC_PPM,LEVEL_0_60ADC_PPM,LEVEL_0_61ADC_PPM,LEVEL_0_62ADC_PPM,LEVEL_0_63ADC_PPM,LEVEL_1_0ADC_PPM,LEVEL_1_1ADC_PPM,LEVEL_1_2ADC_PPM,LEVEL_1_3ADC_PPM,LEVEL_1_4ADC_PPM,LEVEL_1_5ADC_PPM,LEVEL_1_6ADC_PPM,LEVEL_1_7ADC_PPM,LEVEL_1_8ADC_PPM,LEVEL_1_9ADC_PPM,LEVEL_1_10ADC_PPM,LEVEL_1_11ADC_PPM,LEVEL_1_12ADC_PPM,LEVEL_1_13ADC_PPM,LEVEL_1_14ADC_PPM,LEVEL_1_15ADC_PPM,LEVEL_1_16ADC_PPM,LEVEL_1_17ADC_PPM,LEVEL_1_18ADC_PPM,LEVEL_1_19ADC_PPM,LEVEL_1_20ADC_PPM,LEVEL_1_21ADC_PPM,LEVEL_1_22ADC_PPM,LEVEL_1_23ADC_PPM,LEVEL_1_24ADC_PPM,LEVEL_1_25ADC_PPM,LEVEL_1_26ADC_PPM,LEVEL_1_27ADC_PPM,LEVEL_1_28ADC_PPM,LEVEL_1_29ADC_PPM,LEVEL_1_30ADC_PPM,LEVEL_1_31ADC_PPM,LEVEL_1_32ADC_PPM,LEVEL_1_33ADC_PPM,LEVEL_1_34ADC_PPM,LEVEL_1_35ADC_PPM,LEVEL_1_36ADC_PPM,LEVEL_1_37ADC_PPM,LEVEL_1_38ADC_PPM,LEVEL_1_39ADC_PPM,LEVEL_1_40ADC_PPM,LEVEL_1_41ADC_PPM,LEVEL_1_42ADC_PPM,LEVEL_1_43ADC_PPM,LEVEL_1_44ADC_PPM,LEVEL_1_45ADC_PPM,LEVEL_1_46ADC_PPM,LEVEL_1_47ADC_PPM,LEVEL_1_48ADC_PPM,LEVEL_1_49ADC_PPM,LEVEL_1_50ADC_PPM,LEVEL_1_51ADC_PPM,LEVEL_1_52ADC_PPM,LEVEL_1_53ADC_PPM,LEVEL_1_54ADC_PPM,LEVEL_1_55ADC_PPM,LEVEL_1_56ADC_PPM,LEVEL_1_57ADC_PPM,LEVEL_1_58ADC_PPM,LEVEL_1_59ADC_PPM,LEVEL_1_60ADC_PPM,LEVEL_1_61ADC_PPM,LEVEL_1_62ADC_PPM,LEVEL_1_63ADC_PPM,LEVEL_2_0ADC_PPM,LEVEL_2_1ADC_PPM,LEVEL_2_2ADC_PPM,LEVEL_2_3ADC_PPM,LEVEL_2_4ADC_PPM,LEVEL_2_5ADC_PPM,LEVEL_2_6ADC_PPM,LEVEL_2_7ADC_PPM,LEVEL_2_8ADC_PPM,LEVEL_2_9ADC_PPM,LEVEL_2_10ADC_PPM,LEVEL_2_11ADC_PPM,LEVEL_2_12ADC_PPM,LEVEL_2_13ADC_PPM,LEVEL_2_14ADC_PPM,LEVEL_2_15ADC_PPM,LEVEL_2_16ADC_PPM,LEVEL_2_17ADC_PPM,LEVEL_2_18ADC_PPM,LEVEL_2_19ADC_PPM,LEVEL_2_20ADC_PPM,LEVEL_2_21ADC_PPM,LEVEL_2_22ADC_PPM,LEVEL_2_23ADC_PPM,LEVEL_2_24ADC_PPM,LEVEL_2_25ADC_PPM,LEVEL_2_26ADC_PPM,LEVEL_2_27ADC_PPM,LEVEL_2_28ADC_PPM,LEVEL_2_29ADC_PPM,LEVEL_2_30ADC_PPM,LEVEL_2_31ADC_PPM,LEVEL_2_32ADC_PPM,LEVEL_2_33ADC_PPM,LEVEL_2_34ADC_PPM,LEVEL_2_35ADC_PPM,LEVEL_2_36ADC_PPM,LEVEL_2_37ADC_PPM,LEVEL_2_38ADC_PPM,LEVEL_2_39ADC_PPM,LEVEL_2_40ADC_PPM,LEVEL_2_41ADC_PPM,LEVEL_2_42ADC_PPM,LEVEL_2_43ADC_PPM,LEVEL_2_44ADC_PPM,LEVEL_2_45ADC_PPM,LEVEL_2_46ADC_PPM,LEVEL_2_47ADC_PPM,LEVEL_2_48ADC_PPM,LEVEL_2_49ADC_PPM,LEVEL_2_50ADC_PPM,LEVEL_2_51ADC_PPM,LEVEL_2_52ADC_PPM,LEVEL_2_53ADC_PPM,LEVEL_2_54ADC_PPM,LEVEL_2_55ADC_PPM,LEVEL_2_56ADC_PPM,LEVEL_2_57ADC_PPM,LEVEL_2_58ADC_PPM,LEVEL_2_59ADC_PPM,LEVEL_2_60ADC_PPM,LEVEL_2_61ADC_PPM,LEVEL_2_62ADC_PPM,LEVEL_2_63ADC_PPM,LEVEL_3_0ADC_PPM,LEVEL_3_1ADC_PPM,LEVEL_3_2ADC_PPM,LEVEL_3_3ADC_PPM,LEVEL_3_4ADC_PPM,LEVEL_3_5ADC_PPM,LEVEL_3_6ADC_PPM,LEVEL_3_7ADC_PPM,LEVEL_3_8ADC_PPM,LEVEL_3_9ADC_PPM,LEVEL_3_10ADC_PPM,LEVEL_3_11ADC_PPM,LEVEL_3_12ADC_PPM,LEVEL_3_13ADC_PPM,LEVEL_3_14ADC_PPM,LEVEL_3_15ADC_PPM,LEVEL_3_16ADC_PPM,LEVEL_3_17ADC_PPM,LEVEL_3_18ADC_PPM,LEVEL_3_19ADC_PPM,LEVEL_3_20ADC_PPM,LEVEL_3_21ADC_PPM,LEVEL_3_22ADC_PPM,LEVEL_3_23ADC_PPM,LEVEL_3_24ADC_PPM,LEVEL_3_25ADC_PPM,LEVEL_3_26ADC_PPM,LEVEL_3_27ADC_PPM,LEVEL_3_28ADC_PPM,LEVEL_3_29ADC_PPM,LEVEL_3_30ADC_PPM,LEVEL_3_31ADC_PPM,LEVEL_3_32ADC_PPM,LEVEL_3_33ADC_PPM,LEVEL_3_34ADC_PPM,LEVEL_3_35ADC_PPM,LEVEL_3_36ADC_PPM,LEVEL_3_37ADC_PPM,LEVEL_3_38ADC_PPM,LEVEL_3_39ADC_PPM,LEVEL_3_40ADC_PPM,LEVEL_3_41ADC_PPM,LEVEL_3_42ADC_PPM,LEVEL_3_43ADC_PPM,LEVEL_3_44ADC_PPM,LEVEL_3_45ADC_PPM,LEVEL_3_46ADC_PPM,LEVEL_3_47ADC_PPM,LEVEL_3_48ADC_PPM,LEVEL_3_49ADC_PPM,LEVEL_3_50ADC_PPM,LEVEL_3_51ADC_PPM,LEVEL_3_52ADC_PPM,LEVEL_3_53ADC_PPM,LEVEL_3_54ADC_PPM,LEVEL_3_55ADC_PPM,LEVEL_3_56ADC_PPM,LEVEL_3_57ADC_PPM,LEVEL_3_58ADC_PPM,LEVEL_3_59ADC_PPM,LEVEL_3_60ADC_PPM,LEVEL_3_61ADC_PPM,LEVEL_3_62ADC_PPM,LEVEL_3_63ADC_PPM
FLINT,MAGNUM03,F,na,na,na,na,2025_03_11-09_22_56,na,5,0,Yes,1,na,0.0,0.0,48.22763443453082,13.0,57.0,0.0,,,,0.0,0.0,48.22763443453082,13.0,57.0,0.0,41.0,22.0,0.0,38.0,19.0,0.0,34.0,17.0,0.0,32.0,15.0,0.0,30.0,14.0,0.0,25.0,13.0,0.0,28.0,13.0,0.0,0.0,41.0,41.0,63.0,63.0,63.0,0.0,38.0,44.0,63.0,63.0,63.0,0.0,34.0,46.0,63.0,63.0,63.0,0.0,32.0,48.0,63.0,63.0,63.0,0.0,30.0,49.0,63.0,63.0,63.0,2.0,27.0,50.0,63.0,63.0,63.0,0.0,28.0,50.0,63.0,63.0,63.0,4.0,0.0,52.0,22.0,63.0,62.0,63.0,0.0,0.04605777031149194,3.0208979641020424,0.006944276993437237,0.6186885949313036,30.0,160.0,999662.4065589582,999855.3170966964,999951.7723655654,999951.7723655654,1000000.0,1000000.0,1000000.0,1000000.0,1000000.0,1000000.0,1000000.0,1000000.0,1000000.0,1000000.0,1000000.0,1000000.0,1000000.0,1000000.0,1000000.0,1000000.0,1000000.0,1000000.0,1000000.0,1000000.0,1000000.0,1000000.0,1000000.0,1000000.0,1000000.0,1000000.0,1000000.0,1000000.0,1000000.0,1000000.0,1000000.0,1000000.0,1000000.0,1000000.0,1000000.0,1000000.0,1000000.0,1000000.0,1000000.0,1000000.0,1000000.0,1000000.0,1000000.0,1000000.0,1000000.0,1000000.0,1000000.0,1000000.0,1000000.0,1000000.0,1000000.0,1000000.0,1000000.0,1000000.0,1000000.0,1000000.0,1000000.0,1000000.0,1000000.0,1000000.0,0.0,0.0,0.0,0.0,0.0,0.0,0.0,0.0,0.0,0.0,0.0,0.0,0.0,0.0,0.0,0.0,0.0,0.0,0.0,0.0,0.0,0.0,48.22763443453082,96.4552688690621,192.91053773812425,192.91053773812425,192.91053773812425,289.36580660718624,626.959247648901,1061.0079575596806,2073.7882806848356,2893.6580660718573,7523.510971786837,13262.599469496023,23727.99614178922,39353.74969857731,72003.85821075481,115987.4608150469,195611.28526645765,281118.8811188811,407861.1044128285,539908.3674945744,678659.27176272,777670.6052568121,886423.9209066796,944441.7651314203,980708.9462261875,991126.1152640462,998215.5775259222,999469.4960212201,999951.7723655654,1000000.0,1000000.0,1000000.0,1000000.0,1000000.0,1000000.0,1000000.0,1000000.0,1000000.0,1000000.0,1000000.0,1000000.0,1000000.0,0.0,0.0,0.0,0.0,0.0,0.0,0.0,0.0,0.0,0.0,0.0,0.0,0.0,0.0,0.0,0.0,0.0,0.0,0.0,0.0,0.0,0.0,0.0,0.0,0.0,0.0,0.0,0.0,0.0,0.0,0.0,0.0,0.0,0.0,0.0,0.0,0.0,0.0,0.0,0.0,0.0,0.0,0.0,0.0,0.0,0.0,0.0,0.0,0.0,0.0,0.0,0.0,0.0,0.0,0.0,0.0,0.0,0.0,0.0,0.0,0.0,0.0,48.22763443453082,1000000.0,96.4552688690621,96.4552688690621,96.4552688690621,96.4552688690621,96.4552688690621,96.4552688690621,96.4552688690621,96.4552688690621,96.4552688690621,96.4552688690621,96.4552688690621,96.4552688690621,96.4552688690621,96.4552688690621,96.4552688690621,96.4552688690621,96.4552688690621,96.4552688690621,96.4552688690621,96.4552688690621,96.4552688690621,96.4552688690621,96.4552688690621,96.4552688690621,96.4552688690621,96.4552688690621,96.4552688690621,96.4552688690621,96.4552688690621,96.4552688690621,96.4552688690621,96.4552688690621,96.4552688690621,96.4552688690621,96.4552688690621,96.4552688690621,96.4552688690621,96.4552688690621,96.4552688690621,96.4552688690621,96.4552688690621,96.4552688690621,96.4552688690621,96.4552688690621,96.4552688690621,96.4552688690621,96.4552688690621,96.4552688690621,96.4552688690621,96.4552688690621,96.4552688690621,96.4552688690621,96.4552688690621,96.4552688690621,96.4552688690621,96.4552688690621,96.4552688690621,96.4552688690621,96.4552688690621,96.4552688690621,96.4552688690621,96.4552688690621,96.4552688690621,1000000.0
FLINT,MAGNUM03,F,na,na,na,na,2025_03_11-09_22_56,na,5,1,Yes,1,na,0.0,144.68290330359284,1000000.0,16.0,62.0,62.5,,,,0.0,144.68290330359284,1000000.0,16.0,62.0,62.5,41.0,22.0,0.0,38.0,19.0,0.0,34.0,16.0,0.0,29.0,14.0,0.0,24.0,13.0,0.0,19.0,3.0,0.0,22.0,12.0,0.0,0.0,41.0,41.0,63.0,63.0,63.0,0.0,38.0,44.0,63.0,63.0,63.0,0.0,34.0,47.0,63.0,63.0,63.0,3.0,32.0,49.0,63.0,63.0,63.0,6.0,30.0,50.0,63.0,63.0,63.0,7.0,26.0,60.0,63.0,63.0,63.0,6.0,28.0,51.0,63.0,63.0,63.0,10.0,0.0,63.0,22.0,63.0,62.0,63.0,63.0,0.3971794728883778,3.347179146213902,0.0138875492323737,0.0,30.0,160.0,987364.3597781529,990547.3836508319,993199.9035447311,995177.2365565469,997636.845912708,998601.3986013986,999614.1789245236,999903.5447311308,999903.5447311308,999951.7723655654,1000000.0,1000000.0,1000000.0,1000000.0,1000000.0,1000000.0,1000000.0,1000000.0,1000000.0,1000000.0,1000000.0,1000000.0,1000000.0,1000000.0,1000000.0,1000000.0,1000000.0,1000000.0,1000000.0,1000000.0,1000000.0,1000000.0,1000000.0,1000000.0,1000000.0,1000000.0,1000000.0,1000000.0,1000000.0,1000000.0,1000000.0,1000000.0,1000000.0,1000000.0,1000000.0,1000000.0,1000000.0,1000000.0,1000000.0,1000000.0,1000000.0,1000000.0,1000000.0,1000000.0,1000000.0,1000000.0,1000000.0,1000000.0,1000000.0,1000000.0,1000000.0,1000000.0,1000000.0,1000000.0,0.0,0.0,0.0,0.0,0.0,0.0,0.0,0.0,0.0,0.0,0.0,0.0,0.0,0.0,0.0,0.0,0.0,0.0,0.0,0.0,0.0,0.0,48.22763443453082,48.22763443453082,96.4552688690621,144.68290330359284,289.36580660718624,482.27634434531,723.414516517964,1205.690860863273,2314.926452857486,3424.1620448516924,10754.762478900398,17844.224740776455,34096.93754521341,49288.642392090645,86327.46563781041,135953.70147094293,215288.16011574632,287340.24596093554,407234.1451651796,525150.711357608,660863.2746563781,747865.927176272,847745.3580901856,915746.3226428743,962671.8109476729,979792.6211719314,992380.033759344,997636.845912708,998938.9920424403,999565.9512900892,999758.8618278273,999807.0894622619,999807.0894622619,999807.0894622619,999807.0894622619,999807.0894622619,999807.0894622619,999807.0894622619,999903.5447311308,999903.5447311308,999903.5447311308,1000000.0,0.0,0.0,0.0,0.0,0.0,0.0,0.0,0.0,0.0,0.0,0.0,0.0,0.0,0.0,0.0,0.0,0.0,0.0,0.0,0.0,0.0,0.0,0.0,0.0,0.0,0.0,0.0,0.0,0.0,0.0,0.0,0.0,0.0,0.0,0.0,0.0,0.0,0.0,0.0,0.0,0.0,0.0,0.0,0.0,0.0,0.0,0.0,0.0,0.0,0.0,0.0,0.0,0.0,0.0,0.0,0.0,0.0,0.0,0.0,0.0,0.0,0.0,192.91053773812425,1000000.0,0.0,0.0,0.0,0.0,0.0,0.0,0.0,0.0,0.0,0.0,0.0,0.0,0.0,0.0,0.0,0.0,0.0,0.0,0.0,0.0,0.0,0.0,0.0,0.0,0.0,0.0,0.0,0.0,0.0,0.0,0.0,0.0,0.0,0.0,0.0,0.0,0.0,0.0,0.0,0.0,0.0,0.0,0.0,0.0,0.0,0.0,0.0,0.0,0.0,0.0,0.0,0.0,0.0,0.0,0.0,0.0,0.0,0.0,0.0,0.0,0.0,0.0,0.0,1000000.0
FLINT,MAGNUM03,F,na,na,na,na,2025_03_11-09_22_56,na,5,2,Yes,1,na,0.0,48.22763443457198,96.4552688690621,17.0,56.0,0.0,,,,0.0,48.22763443457198,96.4552688690621,17.0,56.0,0.0,40.0,23.0,0.0,37.0,20.0,0.0,31.0,17.0,0.0,28.0,14.0,0.0,23.0,11.0,0.0,15.0,8.0,0.0,20.0,10.0,0.0,0.0,40.0,40.0,63.0,63.0,63.0,0.0,37.0,43.0,63.0,63.0,63.0,2.0,33.0,46.0,63.0,63.0,63.0,4.0,32.0,48.0,62.0,63.0,63.0,6.0,29.0,49.0,60.0,63.0,63.0,10.0,25.0,51.0,59.0,63.0,63.0,7.0,27.0,50.0,60.0,63.0,63.0,10.0,0.0,59.0,24.0,63.0,59.0,63.0,0.0,0.6214361231014026,3.259779282459131,0.21514584696611602,0.7577174106292265,30.0,160.0,958138.4133108271,969471.9074029418,981673.4989148782,988136.0019291054,994887.8707499397,998070.8946226187,999373.040752351,999662.4065589582,999855.3170966964,999855.3170966964,1000000.0,1000000.0,1000000.0,1000000.0,1000000.0,1000000.0,1000000.0,1000000.0,1000000.0,1000000.0,1000000.0,1000000.0,1000000.0,1000000.0,1000000.0,1000000.0,1000000.0,1000000.0,1000000.0,1000000.0,1000000.0,1000000.0,1000000.0,1000000.0,1000000.0,1000000.0,1000000.0,1000000.0,1000000.0,1000000.0,1000000.0,1000000.0,1000000.0,1000000.0,1000000.0,1000000.0,1000000.0,1000000.0,1000000.0,1000000.0,1000000.0,1000000.0,1000000.0,1000000.0,1000000.0,1000000.0,1000000.0,1000000.0,1000000.0,1000000.0,1000000.0,1000000.0,1000000.0,1000000.0,0.0,0.0,0.0,0.0,0.0,0.0,0.0,0.0,0.0,0.0,0.0,0.0,0.0,0.0,0.0,0.0,0.0,0.0,0.0,0.0,0.0,0.0,0.0,0.0,96.4552688690621,241.13817217265407,482.27634434531,626.959247648901,1302.1461297323344,2122.0159151193625,4051.121292500604,5015.673981191222,17458.403665300208,30094.04388714736,52857.487340245956,79768.50735471425,129394.7431878465,203761.75548589337,305907.88521823,399903.54473113094,526886.9061972509,650253.1950807812,772799.6141789246,851796.4793826861,921292.5006028455,964842.0544972268,986062.2136484205,992717.6272003858,997733.301181577,999276.585483482,999758.8618278273,999903.5447311308,999903.5447311308,999903.5447311308,999903.5447311308,999951.7723655654,1000000.0,1000000.0,1000000.0,1000000.0,1000000.0,1000000.0,1000000.0,1000000.0,0.0,0.0,0.0,0.0,0.0,0.0,0.0,0.0,0.0,0.0,0.0,0.0,0.0,0.0,0.0,0.0,0.0,0.0,0.0,0.0,0.0,0.0,0.0,0.0,0.0,0.0,0.0,0.0,0.0,0.0,0.0,0.0,0.0,0.0,0.0,0.0,0.0,0.0,0.0,0.0,0.0,0.0,0.0,0.0,0.0,0.0,0.0,0.0,0.0,0.0,0.0,0.0,0.0,0.0,0.0,0.0,0.0,0.0,0.0,241.13817217265407,1784.4224740776426,5690.860863274664,19339.281408246912,1000000.0,144.68290330359284,144.68290330359284,144.68290330359284,144.68290330359284,144.68290330359284,144.68290330359284,144.68290330359284,144.68290330359284,144.68290330359284,144.68290330359284,144.68290330359284,144.68290330359284,144.68290330359284,144.68290330359284,144.68290330359284,144.68290330359284,144.68290330359284,144.68290330359284,144.68290330359284,144.68290330359284,144.68290330359284,144.68290330359284,144.68290330359284,144.68290330359284,144.68290330359284,144.68290330359284,144.68290330359284,144.68290330359284,144.68290330359284,144.68290330359284,144.68290330359284,144.68290330359284,144.68290330359284,144.68290330359284,144.68290330359284,144.68290330359284,144.68290330359284,144.68290330359284,144.68290330359284,144.68290330359284,144.68290330359284,144.68290330359284,144.68290330359284,144.68290330359284,144.68290330359284,144.68290330359284,144.68290330359284,144.68290330359284,144.68290330359284,144.68290330359284,144.68290330359284,144.68290330359284,144.68290330359284,144.68290330359284,144.68290330359284,144.68290330359284,144.68290330359284,144.68290330359284,144.68290330359284,144.68290330359284,144.68290330359284,144.68290330359284,144.68290330359284,1000000.0
FLINT,MAGNUM03,F,na,na,na,na,2025_03_11-09_22_56,na,5,3,Yes,1,na,0.0,0.0,0.0,16.5,56.0,0.0,,,,0.0,0.0,0.0,16.5,56.0,0.0,41.0,22.0,0.0,38.0,19.0,0.0,34.0,17.0,0.0,29.0,15.0,0.0,27.0,13.0,0.0,22.0,5.0,0.0,24.0,11.0,0.0,0.0,41.0,41.0,63.0,63.0,63.0,0.0,38.0,44.0,63.0,63.0,63.0,0.0,34.0,46.0,63.0,63.0,63.0,4.0,33.0,48.0,63.0,63.0,63.0,5.0,32.0,49.0,62.0,63.0,63.0,7.0,29.0,55.0,60.0,63.0,63.0,6.0,30.0,50.0,61.0,63.0,63.0,8.0,0.0,63.0,25.0,63.0,56.0,63.0,0.0,0.4349260145484259,2.960982034910527,0.10609217165919801,0.4374894505865458,30.0,160.0,978394.0197733301,984229.5635399083,991029.6599951772,993730.407523511,997877.9840848806,999035.4473113093,999855.3170966964,1000000.0,1000000.0,1000000.0,1000000.0,1000000.0,1000000.0,1000000.0,1000000.0,1000000.0,1000000.0,1000000.0,1000000.0,1000000.0,1000000.0,1000000.0,1000000.0,1000000.0,1000000.0,1000000.0,1000000.0,1000000.0,1000000.0,1000000.0,1000000.0,1000000.0,1000000.0,1000000.0,1000000.0,1000000.0,1000000.0,1000000.0,1000000.0,1000000.0,1000000.0,1000000.0,1000000.0,1000000.0,1000000.0,1000000.0,1000000.0,1000000.0,1000000.0,1000000.0,1000000.0,1000000.0,1000000.0,1000000.0,1000000.0,1000000.0,1000000.0,1000000.0,1000000.0,1000000.0,1000000.0,1000000.0,1000000.0,1000000.0,0.0,0.0,0.0,0.0,0.0,0.0,0.0,0.0,0.0,0.0,0.0,0.0,0.0,0.0,0.0,0.0,0.0,0.0,0.0,0.0,0.0,0.0,0.0,0.0,0.0,48.22763443453082,48.22763443453082,48.22763443453082,144.68290330359284,241.13817217265407,675.1868820834334,868.0974198215577,5449.72269110199,11140.583554376653,24017.361948396418,38919.70098866653,75476.24789004095,126308.17458403677,213455.51000723417,297902.09790209786,435929.5876537256,564359.7781528815,708415.7222088256,800771.6421509524,898191.4637087052,953170.9669640703,984760.0675186882,993489.2693513383,998408.4880636605,999469.4960212201,999710.6341933928,999710.6341933928,999807.0894622619,999855.3170966964,999855.3170966964,999903.5447311308,999903.5447311308,999951.7723655654,1000000.0,1000000.0,1000000.0,1000000.0,1000000.0,1000000.0,0.0,0.0,0.0,0.0,0.0,0.0,0.0,0.0,0.0,0.0,0.0,0.0,0.0,0.0,0.0,0.0,0.0,0.0,0.0,0.0,0.0,0.0,0.0,0.0,0.0,0.0,0.0,0.0,0.0,0.0,0.0,0.0,0.0,0.0,0.0,0.0,0.0,0.0,0.0,0.0,0.0,0.0,0.0,0.0,0.0,0.0,0.0,0.0,0.0,0.0,0.0,0.0,0.0,0.0,0.0,0.0,48.22763443453082,48.22763443453082,48.22763443453082,144.68290330359284,337.59344104171646,1109.2355919942117,3665.3002170243526,1000000.0,48.22763443453082,48.22763443453082,48.22763443453082,48.22763443453082,48.22763443453082,48.22763443453082,48.22763443453082,48.22763443453082,48.22763443453082,48.22763443453082,48.22763443453082,48.22763443453082,48.22763443453082,48.22763443453082,48.22763443453082,48.22763443453082,48.22763443453082,48.22763443453082,48.22763443453082,48.22763443453082,48.22763443453082,48.22763443453082,48.22763443453082,48.22763443453082,48.22763443453082,48.22763443453082,48.22763443453082,48.22763443453082,48.22763443453082,48.22763443453082,48.22763443453082,48.22763443453082,48.22763443453082,48.22763443453082,48.22763443453082,48.22763443453082,48.22763443453082,48.22763443453082,48.22763443453082,48.22763443453082,48.22763443453082,48.22763443453082,48.22763443453082,48.22763443453082,48.22763443453082,48.22763443453082,48.22763443453082,48.22763443453082,48.22763443453082,48.22763443453082,48.22763443453082,48.22763443453082,48.22763443453082,48.22763443453082,48.22763443453082,48.22763443453082,48.22763443453082,48.22763443453082,48.22763443453082,48.22763443453082,48.22763443453082,48.22763443453082,48.22763443453082,1000000.0
FLINT,MAGNUM03,F,na,na,na,na,2025_03_11-09_22_56,na,5,4,Yes,1,na,1000000.0,0.0,996816.976127321,0.0,24.5,62.0,,,,1000000.0,0.0,996816.976127321,0.0,24.5,62.0,0.0,63.0,0.0,0.0,63.0,0.0,0.0,63.0,0.0,0.0,62.0,0.0,0.0,61.0,0.0,0.0,57.0,0.0,0.0,59.0,0.0,0.0,0.0,0.0,63.0,63.0,63.0,0.0,0.0,0.0,63.0,63.0,63.0,0.0,0.0,0.0,63.0,63.0,63.0,0.0,0.0,0.0,62.0,63.0,63.0,0.0,0.0,0.0,61.0,63.0,63.0,0.0,0.0,0.0,57.0,63.0,63.0,0.0,0.0,0.0,59.0,63.0,63.0,0.0,0.0,0.0,0.0,63.0,49.0,63.0,63.0,0.0,0.0,0.24140234516157508,0.0,30.0,160.0,1000000.0,1000000.0,1000000.0,1000000.0,1000000.0,1000000.0,1000000.0,1000000.0,1000000.0,1000000.0,1000000.0,1000000.0,1000000.0,1000000.0,1000000.0,1000000.0,1000000.0,1000000.0,1000000.0,1000000.0,1000000.0,1000000.0,1000000.0,1000000.0,1000000.0,1000000.0,1000000.0,1000000.0,1000000.0,1000000.0,1000000.0,1000000.0,1000000.0,1000000.0,1000000.0,1000000.0,1000000.0,1000000.0,1000000.0,1000000.0,1000000.0,1000000.0,1000000.0,1000000.0,1000000.0,1000000.0,1000000.0,1000000.0,1000000.0,1000000.0,1000000.0,1000000.0,1000000.0,1000000.0,1000000.0,1000000.0,1000000.0,1000000.0,1000000.0,1000000.0,1000000.0,1000000.0,1000000.0,1000000.0,1000000.0,1000000.0,1000000.0,1000000.0,1000000.0,1000000.0,1000000.0,1000000.0,1000000.0,1000000.0,1000000.0,1000000.0,1000000.0,1000000.0,1000000.0,1000000.0,1000000.0,1000000.0,1000000.0,1000000.0,1000000.0,1000000.0,1000000.0,1000000.0,1000000.0,1000000.0,1000000.0,1000000.0,1000000.0,1000000.0,1000000.0,1000000.0,1000000.0,1000000.0,1000000.0,1000000.0,1000000.0,1000000.0,1000000.0,1000000.0,1000000.0,1000000.0,1000000.0,1000000.0,1000000.0,1000000.0,1000000.0,1000000.0,1000000.0,1000000.0,1000000.0,1000000.0,1000000.0,1000000.0,1000000.0,1000000.0,1000000.0,1000000.0,1000000.0,1000000.0,1000000.0,1000000.0,1000000.0,1000000.0,0.0,0.0,0.0,0.0,0.0,0.0,0.0,0.0,0.0,0.0,0.0,0.0,0.0,0.0,0.0,0.0,0.0,0.0,0.0,0.0,0.0,0.0,0.0,0.0,0.0,0.0,0.0,0.0,0.0,0.0,0.0,0.0,0.0,0.0,0.0,0.0,0.0,0.0,0.0,0.0,0.0,0.0,0.0,0.0,0.0,0.0,0.0,0.0,0.0,48.22763443453082,48.22763443453082,48.22763443453082,96.4552688690621,96.4552688690621,144.68290330359284,192.91053773812425,192.91053773812425,289.36580660718624,434.04870991077877,626.959247648901,1302.1461297323344,3183.023872679041,15915.11936339523,1000000.0,0.0,0.0,0.0,0.0,0.0,0.0,0.0,0.0,0.0,0.0,0.0,0.0,0.0,0.0,0.0,0.0,0.0,0.0,0.0,0.0,0.0,0.0,0.0,0.0,0.0,0.0,0.0,0.0,0.0,0.0,0.0,0.0,0.0,0.0,0.0,0.0,0.0,0.0,0.0,0.0,0.0,0.0,0.0,0.0,0.0,0.0,0.0,0.0,0.0,0.0,0.0,0.0,0.0,0.0,0.0,0.0,0.0,0.0,0.0,0.0,0.0,0.0,0.0,1000000.0
FLINT,MAGNUM03,F,na,na,na,na,2025_03_11-09_22_56,na,5,5,Yes,1,na,0.0,0.0,96.4552688690621,17.0,55.0,0.0,,,,0.0,0.0,96.4552688690621,17.0,55.0,0.0,41.0,22.0,0.0,38.0,19.0,0.0,34.0,17.0,0.0,29.0,14.0,0.0,26.0,12.0,0.0,21.0,9.0,0.0,23.0,11.0,0.0,0.0,41.0,41.0,63.0,63.0,63.0,0.0,38.0,44.0,63.0,63.0,63.0,1.0,35.0,46.0,63.0,63.0,63.0,4.0,33.0,48.0,62.0,63.0,63.0,5.0,31.0,49.0,61.0,63.0,63.0,7.0,28.0,51.0,60.0,63.0,63.0,6.0,29.0,49.0,60.0,63.0,63.0,8.0,0.0,57.0,26.0,63.0,53.0,63.0,0.0,0.48537017073101396,2.9468884187911653,0.16415056339282488,0.7577174106292265,30.0,160.0,969568.3626718109,979455.0277308897,987991.3190258017,993296.3588136001,996913.43139619,999276.585483482,999807.0894622619,999951.7723655654,1000000.0,1000000.0,1000000.0,1000000.0,1000000.0,1000000.0,1000000.0,1000000.0,1000000.0,1000000.0,1000000.0,1000000.0,1000000.0,1000000.0,1000000.0,1000000.0,1000000.0,1000000.0,1000000.0,1000000.0,1000000.0,1000000.0,1000000.0,1000000.0,1000000.0,1000000.0,1000000.0,1000000.0,1000000.0,1000000.0,1000000.0,1000000.0,1000000.0,1000000.0,1000000.0,1000000.0,1000000.0,1000000.0,1000000.0,1000000.0,1000000.0,1000000.0,1000000.0,1000000.0,1000000.0,1000000.0,1000000.0,1000000.0,1000000.0,1000000.0,1000000.0,1000000.0,1000000.0,1000000.0,1000000.0,1000000.0,0.0,0.0,0.0,0.0,0.0,0.0,0.0,0.0,0.0,0.0,0.0,0.0,0.0,0.0,0.0,0.0,0.0,0.0,0.0,0.0,0.0,0.0,0.0,0.0,0.0,0.0,96.4552688690621,192.91053773812425,289.36580660718624,675.1868820834334,1109.2355919942117,1591.5119363395213,5112.12925006028,11188.811188811189,21075.47624789003,37376.41668676151,70026.525198939,121485.41114058353,206510.73064866164,297902.09790209786,431203.2794791415,566530.0217024354,704075.2351097178,798987.2196768748,894960.2122015913,949602.1220159151,983265.0108512177,993682.1798890764,998263.8051603568,999614.1789245236,999855.3170966964,999903.5447311308,1000000.0,1000000.0,1000000.0,1000000.0,1000000.0,1000000.0,1000000.0,1000000.0,1000000.0,1000000.0,1000000.0,1000000.0,0.0,0.0,0.0,0.0,0.0,0.0,0.0,0.0,0.0,0.0,0.0,0.0,0.0,0.0,0.0,0.0,0.0,0.0,0.0,0.0,0.0,0.0,0.0,0.0,0.0,0.0,0.0,0.0,0.0,0.0,0.0,0.0,0.0,0.0,0.0,0.0,0.0,0.0,0.0,0.0,0.0,0.0,0.0,0.0,0.0,0.0,0.0,0.0,0.0,0.0,0.0,0.0,0.0,48.22763443453082,48.22763443453082,96.4552688690621,96.4552688690621,96.4552688690621,192.91053773812425,192.91053773812425,675.1868820834334,2025.5606462503029,9066.795273691821,1000000.0,144.68290330359284,144.68290330359284,144.68290330359284,144.68290330359284,144.68290330359284,144.68290330359284,144.68290330359284,144.68290330359284,144.68290330359284,144.68290330359284,144.68290330359284,144.68290330359284,144.68290330359284,144.68290330359284,144.68290330359284,144.68290330359284,144.68290330359284,144.68290330359284,144.68290330359284,144.68290330359284,144.68290330359284,144.68290330359284,144.68290330359284,144.68290330359284,144.68290330359284,144.68290330359284,144.68290330359284,144.68290330359284,144.68290330359284,144.68290330359284,144.68290330359284,144.68290330359284,144.68290330359284,144.68290330359284,144.68290330359284,144.68290330359284,144.68290330359284,144.68290330359284,144.68290330359284,144.68290330359284,144.68290330359284,144.68290330359284,144.68290330359284,144.68290330359284,144.68290330359284,144.68290330359284,144.68290330359284,144.68290330359284,144.68290330359284,144.68290330359284,144.68290330359284,144.68290330359284,144.68290330359284,144.68290330359284,144.68290330359284,144.68290330359284,144.68290330359284,144.68290330359284,144.68290330359284,144.68290330359284,144.68290330359284,144.68290330359284,144.68290330359284,1000000.0
FLINT,MAGNUM03,F,na,na,na,na,2025_03_11-09_22_56,na,5,6,Yes,1,na,0.0,96.4552688690621,993585.7246202073,14.0,55.0,62.0,,,,0.0,96.4552688690621,993585.7246202073,14.0,55.0,62.0,40.0,23.0,0.0,37.0,20.0,0.0,33.0,17.0,0.0,28.0,15.0,0.0,26.0,12.0,0.0,21.0,2.0,0.0,23.0,11.0,0.0,0.0,40.0,40.0,63.0,63.0,63.0,0.0,37.0,43.0,63.0,63.0,63.0,1.0,34.0,45.0,62.0,63.0,63.0,4.0,32.0,46.0,61.0,63.0,63.0,5.0,31.0,48.0,60.0,63.0,63.0,7.0,28.0,56.0,58.0,63.0,63.0,6.0,29.0,49.0,60.0,63.0,63.0,7.0,0.0,58.0,21.0,63.0,55.0,63.0,63.0,0.4610950353245126,2.8847038318950458,0.26207195953950224,0.0,30.0,160.0,969037.858693031,979551.4829997588,989582.8309621413,993585.7246202073,998022.6669881842,999421.2683867855,999855.3170966964,1000000.0,1000000.0,1000000.0,1000000.0,1000000.0,1000000.0,1000000.0,1000000.0,1000000.0,1000000.0,1000000.0,1000000.0,1000000.0,1000000.0,1000000.0,1000000.0,1000000.0,1000000.0,1000000.0,1000000.0,1000000.0,1000000.0,1000000.0,1000000.0,1000000.0,1000000.0,1000000.0,1000000.0,1000000.0,1000000.0,1000000.0,1000000.0,1000000.0,1000000.0,1000000.0,1000000.0,1000000.0,1000000.0,1000000.0,1000000.0,1000000.0,1000000.0,1000000.0,1000000.0,1000000.0,1000000.0,1000000.0,1000000.0,1000000.0,1000000.0,1000000.0,1000000.0,1000000.0,1000000.0,1000000.0,1000000.0,1000000.0,0.0,0.0,0.0,0.0,0.0,0.0,0.0,0.0,0.0,0.0,0.0,0.0,0.0,0.0,0.0,0.0,0.0,0.0,0.0,0.0,0.0,48.22763443453082,48.22763443453082,48.22763443453082,48.22763443453082,48.22763443453082,96.4552688690621,192.91053773812425,337.59344104171646,771.6421509524955,1302.1461297323344,1929.1053773812387,8873.884735953696,18037.1352785146,35833.1323848565,59223.535085604046,110923.55919942126,183554.37665782493,296889.3175789727,398263.80516035686,548878.7074993971,677742.946708464,808005.7873161321,885266.4576802506,952833.3735230287,983313.2384856523,995225.4641909814,998215.5775259222,999180.1302146129,999614.1789245236,999710.6341933928,999807.0894622619,999807.0894622619,999807.0894622619,999807.0894622619,999807.0894622619,999951.7723655654,1000000.0,1000000.0,1000000.0,1000000.0,1000000.0,1000000.0,1000000.0,0.0,0.0,0.0,0.0,0.0,0.0,0.0,0.0,0.0,0.0,0.0,0.0,0.0,0.0,0.0,0.0,0.0,0.0,0.0,0.0,0.0,0.0,0.0,0.0,0.0,0.0,0.0,0.0,0.0,0.0,0.0,0.0,0.0,0.0,0.0,0.0,0.0,0.0,0.0,0.0,0.0,0.0,0.0,0.0,0.0,0.0,0.0,0.0,0.0,0.0,0.0,0.0,0.0,0.0,0.0,144.68290330359284,144.68290330359284,192.91053773812425,337.59344104171646,482.27634434531,2170.2435495538875,6414.2753797926125,27393.29635881359,1000000.0,0.0,0.0,0.0,0.0,0.0,0.0,0.0,0.0,0.0,0.0,0.0,0.0,0.0,0.0,0.0,0.0,0.0,0.0,0.0,0.0,0.0,0.0,0.0,0.0,0.0,0.0,0.0,0.0,0.0,0.0,0.0,0.0,0.0,0.0,0.0,0.0,0.0,0.0,0.0,0.0,0.0,0.0,0.0,0.0,0.0,0.0,0.0,0.0,0.0,0.0,0.0,0.0,0.0,0.0,0.0,0.0,0.0,0.0,0.0,0.0,0.0,0.0,0.0,1000000.0
FLINT,MAGNUM03,F,na,na,na,na,2025_03_11-09_22_56,na,5,7,Yes,1,na,0.0,0.0,463419.33928140835,16.0,0.0,62.0,,,,0.0,0.0,463708.70508801553,16.0,0.0,62.0,39.0,22.0,2.0,36.0,19.0,0.0,34.0,14.0,0.0,33.0,13.0,0.0,31.0,8.0,0.0,27.0,2.0,-1.0,28.0,5.0,0.0,0.0,39.0,39.0,61.0,61.0,63.0,0.0,36.0,41.0,60.0,63.0,63.0,0.0,34.0,44.0,58.0,63.0,63.0,0.0,33.0,45.0,58.0,63.0,63.0,1.0,32.0,46.0,54.0,63.0,63.0,2.0,29.0,47.0,49.0,63.0,62.0,2.0,30.0,46.0,51.0,63.0,63.0,4.0,0.0,48.0,28.0,63.0,0.0,63.0,0.0,0.0747177353012016,2.479860260145616,1.4027966968990138,0.6189973988749529,30.0,160.0,997540.3906438388,999373.040752351,999903.5447311308,1000000.0,1000000.0,1000000.0,1000000.0,1000000.0,1000000.0,1000000.0,1000000.0,1000000.0,1000000.0,1000000.0,1000000.0,1000000.0,1000000.0,1000000.0,1000000.0,1000000.0,1000000.0,1000000.0,1000000.0,1000000.0,1000000.0,1000000.0,1000000.0,1000000.0,1000000.0,1000000.0,1000000.0,1000000.0,1000000.0,1000000.0,1000000.0,1000000.0,1000000.0,1000000.0,1000000.0,1000000.0,1000000.0,1000000.0,1000000.0,1000000.0,1000000.0,1000000.0,1000000.0,1000000.0,1000000.0,1000000.0,1000000.0,1000000.0,1000000.0,1000000.0,1000000.0,1000000.0,1000000.0,1000000.0,1000000.0,1000000.0,1000000.0,1000000.0,1000000.0,1000000.0,0.0,0.0,0.0,0.0,0.0,0.0,0.0,0.0,0.0,0.0,0.0,0.0,0.0,0.0,0.0,0.0,0.0,0.0,0.0,0.0,0.0,0.0,0.0,0.0,0.0,0.0,0.0,0.0,48.22763443453082,241.13817217265407,771.6421509524955,1012.7803231251486,6124.909573185426,16059.802266698814,41186.39980708944,80491.92187123222,170966.96407041233,295780.08198697853,460043.4048709911,585724.6202073788,739040.2700747529,850783.6990595611,935471.4251265975,973426.5734265733,992669.3995659512,998360.2604292259,999758.8618278273,999903.5447311308,1000000.0,1000000.0,1000000.0,1000000.0,1000000.0,1000000.0,1000000.0,1000000.0,1000000.0,1000000.0,1000000.0,1000000.0,1000000.0,1000000.0,1000000.0,1000000.0,48.22763443453082,48.22763443453082,48.22763443453082,48.22763443453082,48.22763443453082,48.22763443453082,48.22763443453082,48.22763443453082,48.22763443453082,48.22763443453082,48.22763443453082,48.22763443453082,48.22763443453082,48.22763443453082,48.22763443453082,48.22763443453082,48.22763443453082,48.22763443453082,48.22763443453082,48.22763443453082,48.22763443453082,48.22763443453082,48.22763443453082,48.22763443453082,48.22763443453082,48.22763443453082,48.22763443453082,48.22763443453082,48.22763443453082,48.22763443453082,48.22763443453082,48.22763443453082,48.22763443453082,48.22763443453082,48.22763443453082,48.22763443453082,48.22763443453082,48.22763443453082,48.22763443453082,48.22763443453082,48.22763443453082,48.22763443453082,48.22763443453082,48.22763443453082,48.22763443453082,48.22763443453082,96.4552688690621,96.4552688690621,144.68290330359284,289.36580660718624,385.82107547624787,578.7316132143711,626.959247648901,964.5526886906189,1446.829033035929,1832.650108512174,2893.6580660718573,5980.226669881832,26428.743670122974,80250.78369905958,278852.18230045814,536580.6607185917,806028.4543043163,1000000.0,96.4552688690621,96.4552688690621,96.4552688690621,96.4552688690621,96.4552688690621,96.4552688690621,96.4552688690621,96.4552688690621,96.4552688690621,96.4552688690621,96.4552688690621,96.4552688690621,96.4552688690621,96.4552688690621,96.4552688690621,96.4552688690621,96.4552688690621,96.4552688690621,96.4552688690621,96.4552688690621,96.4552688690621,96.4552688690621,96.4552688690621,96.4552688690621,96.4552688690621,96.4552688690621,96.4552688690621,96.4552688690621,96.4552688690621,96.4552688690621,96.4552688690621,96.4552688690621,96.4552688690621,96.4552688690621,96.4552688690621,96.4552688690621,96.4552688690621,96.4552688690621,96.4552688690621,96.4552688690621,96.4552688690621,96.4552688690621,96.4552688690621,96.4552688690621,96.4552688690621,96.4552688690621,96.4552688690621,96.4552688690621,96.4552688690621,96.4552688690621,96.4552688690621,96.4552688690621,96.4552688690621,96.4552688690621,96.4552688690621,96.4552688690621,96.4552688690621,96.4552688690621,96.4552688690621,96.4552688690621,96.4552688690621,144.68290330359284,337.59344104171646,1000000.0
FLINT,MAGNUM03,F,na,na,na,na,2025_03_11-09_22_56,na,5,8,Yes,1,na,0.0,0.0,985869.3031106824,14.5,56.0,62.0,,,,0.0,0.0,985869.3031106824,14.5,56.0,62.0,39.0,24.0,0.0,36.0,21.0,0.0,31.0,17.0,0.0,27.0,15.0,0.0,23.0,12.0,0.0,18.0,6.0,0.0,20.0,10.0,0.0,0.0,39.0,39.0,63.0,63.0,63.0,0.0,36.0,42.0,63.0,63.0,63.0,2.0,33.0,45.0,62.0,63.0,63.0,4.0,31.0,46.0,61.0,63.0,63.0,5.0,28.0,48.0,60.0,63.0,63.0,7.0,25.0,52.0,58.0,63.0,63.0,6.0,26.0,49.0,59.0,63.0,63.0,8.0,0.0,58.0,21.0,63.0,56.0,63.0,63.0,0.5265389617885038,3.114920677173248,0.349994598532382,0.0,30.0,160.0,961321.4371835061,974391.126115264,985435.2544007716,991945.9850494333,997443.9353749697,999131.9025801783,999710.6341933928,999903.5447311308,1000000.0,1000000.0,1000000.0,1000000.0,1000000.0,1000000.0,1000000.0,1000000.0,1000000.0,1000000.0,1000000.0,1000000.0,1000000.0,1000000.0,1000000.0,1000000.0,1000000.0,1000000.0,1000000.0,1000000.0,1000000.0,1000000.0,1000000.0,1000000.0,1000000.0,1000000.0,1000000.0,1000000.0,1000000.0,1000000.0,1000000.0,1000000.0,1000000.0,1000000.0,1000000.0,1000000.0,1000000.0,1000000.0,1000000.0,1000000.0,1000000.0,1000000.0,1000000.0,1000000.0,1000000.0,1000000.0,1000000.0,1000000.0,1000000.0,1000000.0,1000000.0,1000000.0,1000000.0,1000000.0,1000000.0,1000000.0,0.0,0.0,0.0,0.0,0.0,0.0,0.0,0.0,0.0,0.0,0.0,0.0,0.0,0.0,0.0,0.0,0.0,0.0,0.0,0.0,0.0,48.22763443453082,48.22763443453082,48.22763443453082,96.4552688690621,241.13817217265407,675.1868820834334,819.8697853870253,1495.056667470457,2459.609356161082,5642.633228840121,6993.006993006999,21075.47624789003,36894.14034241622,69110.20014468284,108367.49457439121,178683.38557993728,268772.6067036411,390643.83891970094,502965.99951772357,637376.4166867614,754183.7472871955,857728.4784181333,917820.1109235592,963973.9570774053,984518.9293465156,994839.6431155051,997829.756450446,999131.9025801783,999710.6341933928,999758.8618278273,999855.3170966964,999951.7723655654,999951.7723655654,1000000.0,1000000.0,1000000.0,1000000.0,1000000.0,1000000.0,1000000.0,1000000.0,1000000.0,1000000.0,0.0,0.0,0.0,0.0,0.0,0.0,0.0,0.0,0.0,0.0,0.0,0.0,0.0,0.0,0.0,0.0,0.0,0.0,0.0,0.0,0.0,0.0,0.0,0.0,0.0,0.0,0.0,0.0,0.0,0.0,0.0,0.0,0.0,0.0,0.0,0.0,0.0,0.0,0.0,0.0,0.0,0.0,0.0,0.0,0.0,0.0,0.0,0.0,0.0,0.0,0.0,0.0,0.0,0.0,0.0,0.0,48.22763443453082,48.22763443453082,289.36580660718624,964.5526886906189,4678.080540149494,14130.696889317576,51314.20303834093,1000000.0,0.0,0.0,0.0,0.0,0.0,0.0,0.0,0.0,0.0,0.0,0.0,0.0,0.0,0.0,0.0,0.0,0.0,0.0,0.0,0.0,0.0,0.0,0.0,0.0,0.0,0.0,0.0,0.0,0.0,0.0,0.0,0.0,0.0,0.0,0.0,0.0,0.0,0.0,0.0,0.0,0.0,0.0,0.0,0.0,0.0,0.0,0.0,0.0,0.0,0.0,0.0,0.0,0.0,0.0,0.0,0.0,0.0,0.0,0.0,0.0,0.0,0.0,0.0,1000000.0
FLINT,MAGNUM03,F,na,na,na,na,2025_03_11-09_22_56,na,5,9,Yes,1,na,0.0,0.0,999807.0894622619,14.5,56.0,62.0,,,,0.0,0.0,999807.0894622619,14.5,56.0,62.0,39.0,24.0,0.0,36.0,21.0,0.0,33.0,19.0,0.0,30.0,17.0,0.0,25.0,16.0,0.0,19.0,10.0,0.0,23.0,15.0,0.0,0.0,39.0,39.0,63.0,63.0,63.0,0.0,36.0,42.0,63.0,63.0,63.0,0.0,33.0,44.0,63.0,63.0,63.0,2.0,32.0,46.0,63.0,63.0,63.0,4.0,29.0,47.0,63.0,63.0,63.0,6.0,25.0,52.0,62.0,63.0,63.0,5.0,28.0,48.0,63.0,63.0,63.0,7.0,0.0,63.0,22.0,63.0,56.0,63.0,63.0,0.3361740260483481,2.922441021454549,0.05641025482944425,0.0,30.0,160.0,987267.9045092838,990547.3836508319,994164.4562334217,996238.2445141064,998842.5367735712,999565.9512900892,1000000.0,1000000.0,1000000.0,1000000.0,1000000.0,1000000.0,1000000.0,1000000.0,1000000.0,1000000.0,1000000.0,1000000.0,1000000.0,1000000.0,1000000.0,1000000.0,1000000.0,1000000.0,1000000.0,1000000.0,1000000.0,1000000.0,1000000.0,1000000.0,1000000.0,1000000.0,1000000.0,1000000.0,1000000.0,1000000.0,1000000.0,1000000.0,1000000.0,1000000.0,1000000.0,1000000.0,1000000.0,1000000.0,1000000.0,1000000.0,1000000.0,1000000.0,1000000.0,1000000.0,1000000.0,1000000.0,1000000.0,1000000.0,1000000.0,1000000.0,1000000.0,1000000.0,1000000.0,1000000.0,1000000.0,1000000.0,1000000.0,1000000.0,0.0,0.0,0.0,0.0,0.0,0.0,0.0,0.0,0.0,0.0,0.0,0.0,0.0,0.0,0.0,0.0,0.0,0.0,0.0,0.0,0.0,0.0,48.22763443453082,96.4552688690621,96.4552688690621,241.13817217265407,337.59344104171646,530.5039787798403,819.8697853870253,1398.601398601398,3231.251507113574,5160.356884494808,18085.362912949113,34096.93754521341,67470.46057390887,107113.57607909339,190836.74945743912,290957.31854352535,427537.9792621172,535471.4251265975,682855.0759585242,794984.3260188088,895780.0819869783,944007.7164215095,978828.0684832409,992765.8548348203,998263.8051603568,999276.585483482,999614.1789245236,999807.0894622619,999807.0894622619,999855.3170966964,999903.5447311308,999903.5447311308,999903.5447311308,999903.5447311308,999903.5447311308,999951.7723655654,999951.7723655654,999951.7723655654,999951.7723655654,1000000.0,1000000.0,1000000.0,0.0,0.0,0.0,0.0,0.0,0.0,0.0,0.0,0.0,0.0,0.0,0.0,0.0,0.0,0.0,0.0,0.0,0.0,0.0,0.0,0.0,0.0,0.0,0.0,0.0,0.0,0.0,0.0,0.0,0.0,0.0,0.0,0.0,0.0,0.0,0.0,0.0,0.0,0.0,0.0,0.0,0.0,0.0,0.0,0.0,0.0,0.0,0.0,0.0,0.0,0.0,0.0,0.0,0.0,0.0,0.0,48.22763443453082,48.22763443453082,48.22763443453082,48.22763443453082,48.22763443453082,192.91053773812425,434.04870991077877,1000000.0,0.0,0.0,0.0,0.0,0.0,0.0,0.0,0.0,0.0,0.0,0.0,0.0,0.0,0.0,0.0,0.0,0.0,0.0,0.0,0.0,0.0,0.0,0.0,0.0,0.0,0.0,0.0,0.0,0.0,0.0,0.0,0.0,0.0,0.0,0.0,0.0,0.0,0.0,0.0,0.0,0.0,0.0,0.0,0.0,0.0,0.0,0.0,0.0,0.0,0.0,0.0,0.0,0.0,0.0,0.0,0.0,0.0,0.0,0.0,0.0,0.0,0.0,0.0,1000000.0
FLINT,MAGNUM03,F,na,na,na,na,2025_03_11-09_22_56,na,5,10,Yes,1,na,0.0,0.0,0.0,15.0,57.0,0.0,,,,0.0,0.0,0.0,15.0,57.0,0.0,40.0,23.0,0.0,36.0,21.0,0.0,33.0,18.0,0.0,28.0,16.0,0.0,24.0,13.0,0.0,20.0,3.0,0.0,22.0,9.0,0.0,0.0,40.0,40.0,63.0,63.0,63.0,0.0,36.0,42.0,63.0,63.0,63.0,0.0,33.0,45.0,63.0,63.0,63.0,3.0,31.0,46.0,62.0,63.0,63.0,5.0,29.0,48.0,61.0,63.0,63.0,6.0,26.0,56.0,59.0,63.0,63.0,5.0,27.0,51.0,60.0,63.0,63.0,7.0,0.0,63.0,23.0,63.0,57.0,63.0,0.0,0.37388335046138266,3.0144541498388433,0.20492566813397572,0.4374894505865458,30.0,160.0,980274.8975162767,987460.8150470218,992958.7653725585,995707.7405353268,998601.3986013986,999662.4065589582,999951.7723655654,1000000.0,1000000.0,1000000.0,1000000.0,1000000.0,1000000.0,1000000.0,1000000.0,1000000.0,1000000.0,1000000.0,1000000.0,1000000.0,1000000.0,1000000.0,1000000.0,1000000.0,1000000.0,1000000.0,1000000.0,1000000.0,1000000.0,1000000.0,1000000.0,1000000.0,1000000.0,1000000.0,1000000.0,1000000.0,1000000.0,1000000.0,1000000.0,1000000.0,1000000.0,1000000.0,1000000.0,1000000.0,1000000.0,1000000.0,1000000.0,1000000.0,1000000.0,1000000.0,1000000.0,1000000.0,1000000.0,1000000.0,1000000.0,1000000.0,1000000.0,1000000.0,1000000.0,1000000.0,1000000.0,1000000.0,1000000.0,1000000.0,0.0,0.0,0.0,0.0,0.0,0.0,0.0,0.0,0.0,0.0,0.0,0.0,0.0,0.0,0.0,0.0,0.0,0.0,0.0,0.0,0.0,0.0,0.0,48.22763443453082,96.4552688690621,144.68290330359284,337.59344104171646,723.414516517964,1205.690860863273,2363.1540872920177,4774.535809018565,6510.730648661682,17795.997106341903,33325.295394260895,63660.477453580876,100988.66650590782,169616.5903062455,261586.68917289606,385869.30311068235,499252.47166626476,636363.6363636364,761128.526645768,869785.3870267663,927996.1417892452,970581.142994936,989534.6033277067,996672.2932240173,998360.2604292259,999180.1302146129,999373.040752351,999421.2683867855,999565.9512900892,999662.4065589582,999710.6341933928,999758.8618278273,999855.3170966964,999903.5447311308,999903.5447311308,999951.7723655654,1000000.0,1000000.0,1000000.0,1000000.0,1000000.0,0.0,0.0,0.0,0.0,0.0,0.0,0.0,0.0,0.0,0.0,0.0,0.0,0.0,0.0,0.0,0.0,0.0,0.0,0.0,0.0,0.0,0.0,0.0,0.0,0.0,0.0,0.0,0.0,0.0,0.0,0.0,0.0,0.0,0.0,0.0,0.0,0.0,0.0,0.0,0.0,0.0,0.0,0.0,0.0,0.0,0.0,0.0,0.0,0.0,0.0,0.0,0.0,0.0,0.0,0.0,0.0,0.0,48.22763443453082,192.91053773812425,385.82107547624787,1109.2355919942117,4774.535809018565,17747.769471907395,1000000.0,48.22763443453082,48.22763443453082,48.22763443453082,48.22763443453082,48.22763443453082,48.22763443453082,48.22763443453082,48.22763443453082,48.22763443453082,48.22763443453082,48.22763443453082,48.22763443453082,48.22763443453082,48.22763443453082,48.22763443453082,48.22763443453082,48.22763443453082,48.22763443453082,48.22763443453082,48.22763443453082,48.22763443453082,48.22763443453082,48.22763443453082,48.22763443453082,48.22763443453082,48.22763443453082,48.22763443453082,48.22763443453082,48.22763443453082,48.22763443453082,48.22763443453082,48.22763443453082,48.22763443453082,48.22763443453082,48.22763443453082,48.22763443453082,48.22763443453082,48.22763443453082,48.22763443453082,48.22763443453082,48.22763443453082,48.22763443453082,48.22763443453082,48.22763443453082,48.22763443453082,48.22763443453082,48.22763443453082,48.22763443453082,48.22763443453082,48.22763443453082,48.22763443453082,48.22763443453082,48.22763443453082,48.22763443453082,48.22763443453082,48.22763443453082,48.22763443453082,48.22763443453082,48.22763443453082,48.22763443453082,48.22763443453082,48.22763443453082,48.22763443453082,1000000.0
FLINT,MAGNUM03,F,na,na,na,na,2025_03_11-09_22_56,na,5,11,Yes,1,na,0.0,0.0,1000000.0,16.0,0.0,50.833333333333336,,,,0.0,0.0,1000000.0,16.0,0.0,50.833333333333336,39.0,24.0,0.0,36.0,21.0,0.0,32.0,18.0,0.0,27.0,16.0,0.0,22.0,15.0,0.0,16.0,5.0,0.0,20.0,12.0,0.0,0.0,39.0,39.0,63.0,63.0,63.0,0.0,36.0,42.0,63.0,63.0,63.0,0.0,32.0,45.0,63.0,63.0,63.0,3.0,30.0,47.0,63.0,63.0,63.0,5.0,27.0,48.0,63.0,63.0,63.0,8.0,24.0,56.0,61.0,63.0,63.0,6.0,26.0,50.0,62.0,63.0,63.0,9.0,0.0,63.0,23.0,63.0,0.0,63.0,0.0,0.3914751949128048,3.3369206162922214,0.4407706651456811,0.4374894505865458,30.0,160.0,983940.1977333011,988039.5466602363,992669.3995659512,995370.147094285,997974.4393537496,999276.585483482,999855.3170966964,999855.3170966964,1000000.0,1000000.0,1000000.0,1000000.0,1000000.0,1000000.0,1000000.0,1000000.0,1000000.0,1000000.0,1000000.0,1000000.0,1000000.0,1000000.0,1000000.0,1000000.0,1000000.0,1000000.0,1000000.0,1000000.0,1000000.0,1000000.0,1000000.0,1000000.0,1000000.0,1000000.0,1000000.0,1000000.0,1000000.0,1000000.0,1000000.0,1000000.0,1000000.0,1000000.0,1000000.0,1000000.0,1000000.0,1000000.0,1000000.0,1000000.0,1000000.0,1000000.0,1000000.0,1000000.0,1000000.0,1000000.0,1000000.0,1000000.0,1000000.0,1000000.0,1000000.0,1000000.0,1000000.0,1000000.0,1000000.0,1000000.0,0.0,0.0,0.0,0.0,0.0,0.0,0.0,0.0,0.0,0.0,0.0,0.0,0.0,0.0,0.0,0.0,0.0,0.0,0.0,0.0,0.0,0.0,0.0,96.4552688690621,241.13817217265407,530.5039787798403,1061.0079575596806,1639.7395707740552,2748.975162768264,4726.3081745840345,7668.193875090419,11092.355919942114,27489.751627682657,45864.48034723895,82035.20617313725,123945.02049674472,196624.06558958278,282372.7996141789,399517.7236556547,504653.9667229322,628936.5806607186,742705.5702917771,841427.537979262,900651.073064866,952013.5037376416,977767.0605256812,992090.6679527368,996672.2932240173,998938.9920424403,999517.7236556546,999758.8618278273,999807.0894622619,999807.0894622619,999807.0894622619,999855.3170966964,999855.3170966964,999951.7723655654,999951.7723655654,1000000.0,1000000.0,1000000.0,1000000.0,1000000.0,1000000.0,48.22763443453082,48.22763443453082,48.22763443453082,48.22763443453082,48.22763443453082,48.22763443453082,48.22763443453082,48.22763443453082,48.22763443453082,48.22763443453082,48.22763443453082,48.22763443453082,48.22763443453082,48.22763443453082,48.22763443453082,48.22763443453082,48.22763443453082,48.22763443453082,48.22763443453082,48.22763443453082,48.22763443453082,48.22763443453082,48.22763443453082,48.22763443453082,48.22763443453082,48.22763443453082,48.22763443453082,48.22763443453082,48.22763443453082,48.22763443453082,48.22763443453082,48.22763443453082,48.22763443453082,48.22763443453082,48.22763443453082,48.22763443453082,48.22763443453082,48.22763443453082,48.22763443453082,48.22763443453082,48.22763443453082,48.22763443453082,48.22763443453082,48.22763443453082,48.22763443453082,48.22763443453082,48.22763443453082,48.22763443453082,48.22763443453082,48.22763443453082,48.22763443453082,48.22763443453082,48.22763443453082,48.22763443453082,48.22763443453082,48.22763443453082,48.22763443453082,48.22763443453082,48.22763443453082,96.4552688690621,192.91053773812425,289.36580660718624,1157.4632264287443,1000000.0,48.22763443453082,48.22763443453082,48.22763443453082,48.22763443453082,48.22763443453082,48.22763443453082,48.22763443453082,48.22763443453082,48.22763443453082,48.22763443453082,48.22763443453082,48.22763443453082,48.22763443453082,48.22763443453082,48.22763443453082,48.22763443453082,48.22763443453082,48.22763443453082,48.22763443453082,48.22763443453082,48.22763443453082,48.22763443453082,48.22763443453082,48.22763443453082,48.22763443453082,48.22763443453082,48.22763443453082,48.22763443453082,48.22763443453082,48.22763443453082,48.22763443453082,48.22763443453082,48.22763443453082,48.22763443453082,48.22763443453082,48.22763443453082,48.22763443453082,48.22763443453082,48.22763443453082,48.22763443453082,48.22763443453082,48.22763443453082,48.22763443453082,48.22763443453082,48.22763443453082,48.22763443453082,48.22763443453082,48.22763443453082,48.22763443453082,48.22763443453082,48.22763443453082,48.22763443453082,48.22763443453082,48.22763443453082,48.22763443453082,48.22763443453082,48.22763443453082,48.22763443453082,48.22763443453082,48.22763443453082,48.22763443453082,48.22763443453082,48.22763443453082,1000000.0
FLINT,MAGNUM03,F,na,na,na,na,2025_03_11-09_22_56,na,5,12,Yes,1,na,0.0,0.0,0.0,12.0,52.0,0.0,,,,0.0,0.0,0.0,12.0,52.0,0.0,39.0,24.0,0.0,36.0,21.0,0.0,32.0,18.0,0.0,26.0,17.0,0.0,22.0,15.0,0.0,15.0,11.0,0.0,19.0,13.0,0.0,0.0,39.0,39.0,63.0,63.0,63.0,0.0,36.0,42.0,63.0,63.0,63.0,0.0,32.0,45.0,63.0,63.0,63.0,3.0,29.0,46.0,63.0,63.0,63.0,5.0,27.0,47.0,62.0,63.0,63.0,7.0,22.0,49.0,60.0,63.0,63.0,6.0,25.0,48.0,61.0,63.0,63.0,9.0,0.0,50.0,15.0,63.0,54.0,63.0,0.0,0.42134352254448126,3.2275326987228543,0.11120826231068073,0.4374894505865458,30.0,160.0,980178.4422474077,985965.7583795515,991222.5705329153,994357.3667711598,997974.4393537496,999131.9025801783,999807.0894622619,999951.7723655654,1000000.0,1000000.0,1000000.0,1000000.0,1000000.0,1000000.0,1000000.0,1000000.0,1000000.0,1000000.0,1000000.0,1000000.0,1000000.0,1000000.0,1000000.0,1000000.0,1000000.0,1000000.0,1000000.0,1000000.0,1000000.0,1000000.0,1000000.0,1000000.0,1000000.0,1000000.0,1000000.0,1000000.0,1000000.0,1000000.0,1000000.0,1000000.0,1000000.0,1000000.0,1000000.0,1000000.0,1000000.0,1000000.0,1000000.0,1000000.0,1000000.0,1000000.0,1000000.0,1000000.0,1000000.0,1000000.0,1000000.0,1000000.0,1000000.0,1000000.0,1000000.0,1000000.0,1000000.0,1000000.0,1000000.0,1000000.0,0.0,0.0,0.0,0.0,0.0,0.0,0.0,0.0,0.0,0.0,0.0,0.0,0.0,0.0,0.0,48.22763443453082,48.22763443453082,48.22763443453082,144.68290330359284,144.68290330359284,192.91053773812425,192.91053773812425,289.36580660718624,385.82107547624787,385.82107547624787,675.1868820834334,1012.7803231251486,1543.2843019049903,3472.38967928623,6607.1859175307445,10706.534844465874,14661.200868097394,38582.1075476248,61924.282613937714,105956.11285266459,153942.60911502293,240270.07475283334,342609.115022908,472630.81745840365,582155.7752592234,711164.6973715939,813503.7376416686,898480.8295153123,943670.1229804677,975210.995900651,991126.1152640462,997299.2524716662,998938.9920424403,999758.8618278273,999951.7723655654,1000000.0,1000000.0,1000000.0,1000000.0,1000000.0,1000000.0,1000000.0,1000000.0,1000000.0,1000000.0,1000000.0,1000000.0,1000000.0,1000000.0,0.0,0.0,0.0,0.0,0.0,0.0,0.0,0.0,0.0,0.0,0.0,0.0,0.0,0.0,0.0,0.0,0.0,0.0,0.0,0.0,0.0,0.0,0.0,0.0,0.0,0.0,0.0,0.0,0.0,0.0,0.0,0.0,0.0,0.0,0.0,0.0,0.0,0.0,0.0,0.0,0.0,0.0,0.0,0.0,0.0,0.0,0.0,0.0,0.0,0.0,0.0,0.0,0.0,0.0,48.22763443453082,48.22763443453082,48.22763443453082,48.22763443453082,96.4552688690621,144.68290330359284,337.59344104171646,868.0974198215577,3520.617313720762,1000000.0,48.22763443453082,48.22763443453082,48.22763443453082,48.22763443453082,48.22763443453082,48.22763443453082,48.22763443453082,48.22763443453082,48.22763443453082,48.22763443453082,48.22763443453082,48.22763443453082,48.22763443453082,48.22763443453082,48.22763443453082,48.22763443453082,48.22763443453082,48.22763443453082,48.22763443453082,48.22763443453082,48.22763443453082,48.22763443453082,48.22763443453082,48.22763443453082,48.22763443453082,48.22763443453082,48.22763443453082,48.22763443453082,48.22763443453082,48.22763443453082,48.22763443453082,48.22763443453082,48.22763443453082,48.22763443453082,48.22763443453082,48.22763443453082,48.22763443453082,48.22763443453082,48.22763443453082,48.22763443453082,48.22763443453082,48.22763443453082,48.22763443453082,48.22763443453082,48.22763443453082,48.22763443453082,48.22763443453082,48.22763443453082,48.22763443453082,48.22763443453082,48.22763443453082,48.22763443453082,48.22763443453082,48.22763443453082,48.22763443453082,48.22763443453082,48.22763443453082,48.22763443453082,48.22763443453082,48.22763443453082,48.22763443453082,48.22763443453082,48.22763443453082,1000000.0
FLINT,MAGNUM03,F,na,na,na,na,2025_03_11-09_22_56,na,5,13,Yes,1,na,0.0,0.0,0.0,13.5,59.0,0.0,,,,0.0,0.0,0.0,13.5,59.0,0.0,39.0,24.0,0.0,35.0,21.0,0.0,32.0,18.0,0.0,26.0,16.0,0.0,21.0,14.0,0.0,14.0,9.0,0.0,18.0,13.0,0.0,0.0,39.0,39.0,63.0,63.0,63.0,0.0,35.0,42.0,63.0,63.0,63.0,0.0,32.0,45.0,63.0,63.0,63.0,3.0,29.0,47.0,63.0,63.0,63.0,5.0,26.0,49.0,63.0,63.0,63.0,7.0,21.0,53.0,62.0,63.0,63.0,6.0,24.0,50.0,63.0,63.0,63.0,10.0,0.0,61.0,17.0,63.0,59.0,63.0,0.0,0.40140516344180827,3.585215163133944,0.03471816972021647,0.4374894505865458,30.0,160.0,984856.5227875572,988087.7742946708,992572.9442970823,995273.6918254159,997829.756450446,999083.6749457439,999662.4065589582,999903.5447311308,999903.5447311308,1000000.0,1000000.0,1000000.0,1000000.0,1000000.0,1000000.0,1000000.0,1000000.0,1000000.0,1000000.0,1000000.0,1000000.0,1000000.0,1000000.0,1000000.0,1000000.0,1000000.0,1000000.0,1000000.0,1000000.0,1000000.0,1000000.0,1000000.0,1000000.0,1000000.0,1000000.0,1000000.0,1000000.0,1000000.0,1000000.0,1000000.0,1000000.0,1000000.0,1000000.0,1000000.0,1000000.0,1000000.0,1000000.0,1000000.0,1000000.0,1000000.0,1000000.0,1000000.0,1000000.0,1000000.0,1000000.0,1000000.0,1000000.0,1000000.0,1000000.0,1000000.0,1000000.0,1000000.0,1000000.0,1000000.0,0.0,0.0,0.0,0.0,0.0,0.0,0.0,0.0,0.0,0.0,0.0,0.0,0.0,0.0,0.0,0.0,0.0,48.22763443453082,48.22763443453082,48.22763443453082,144.68290330359284,241.13817217265407,241.13817217265407,530.5039787798403,771.6421509524955,1157.4632264287443,2266.6988184229576,3279.479141548107,6076.6819387508895,9934.892693513388,16493.850976609592,22763.44345309863,50590.78852182297,77598.26380516033,120135.03737641667,167253.43621895343,246829.03303592958,338702.67663371115,456571.01519170485,555823.4868579695,670026.5251989389,772606.7036411864,865203.7617554858,916469.7371593923,958283.0962141306,980419.5804195803,991463.7087050879,995563.0576320231,998649.626235833,999276.585483482,999855.3170966964,999855.3170966964,999855.3170966964,999951.7723655654,999951.7723655654,999951.7723655654,999951.7723655654,999951.7723655654,1000000.0,1000000.0,1000000.0,1000000.0,1000000.0,1000000.0,0.0,0.0,0.0,0.0,0.0,0.0,0.0,0.0,0.0,0.0,0.0,0.0,0.0,0.0,0.0,0.0,0.0,0.0,0.0,0.0,0.0,0.0,0.0,0.0,0.0,0.0,0.0,0.0,0.0,0.0,0.0,0.0,0.0,0.0,0.0,0.0,0.0,0.0,0.0,0.0,0.0,0.0,0.0,0.0,0.0,0.0,0.0,0.0,0.0,0.0,0.0,0.0,0.0,0.0,0.0,0.0,0.0,0.0,0.0,48.22763443453082,48.22763443453082,96.4552688690621,337.59344104171646,1000000.0,48.22763443453082,48.22763443453082,48.22763443453082,48.22763443453082,48.22763443453082,48.22763443453082,48.22763443453082,48.22763443453082,48.22763443453082,48.22763443453082,48.22763443453082,48.22763443453082,48.22763443453082,48.22763443453082,48.22763443453082,48.22763443453082,48.22763443453082,48.22763443453082,48.22763443453082,48.22763443453082,48.22763443453082,48.22763443453082,48.22763443453082,48.22763443453082,48.22763443453082,48.22763443453082,48.22763443453082,48.22763443453082,48.22763443453082,48.22763443453082,48.22763443453082,48.22763443453082,48.22763443453082,48.22763443453082,48.22763443453082,48.22763443453082,48.22763443453082,48.22763443453082,48.22763443453082,48.22763443453082,48.22763443453082,48.22763443453082,48.22763443453082,48.22763443453082,48.22763443453082,48.22763443453082,48.22763443453082,48.22763443453082,48.22763443453082,48.22763443453082,48.22763443453082,48.22763443453082,48.22763443453082,48.22763443453082,48.22763443453082,48.22763443453082,48.22763443453082,48.22763443453082,48.22763443453082,48.22763443453082,48.22763443453082,48.22763443453082,48.22763443453082,1000000.0
FLINT,MAGNUM03,F,na,na,na,na,2025_03_11-09_22_56,na,5,14,Yes,1,na,0.0,0.0,973523.0286954425,16.5,50.0,62.0,,,,0.0,0.0,973523.0286954425,16.5,50.0,62.0,39.0,24.0,0.0,35.0,21.0,0.0,30.0,17.0,0.0,26.0,15.0,0.0,22.0,12.0,0.0,18.0,3.0,0.0,20.0,9.0,0.0,0.0,39.0,39.0,63.0,63.0,63.0,0.0,35.0,42.0,63.0,63.0,63.0,2.0,32.0,44.0,61.0,63.0,63.0,4.0,30.0,45.0,60.0,63.0,63.0,6.0,28.0,47.0,59.0,63.0,63.0,7.0,25.0,54.0,57.0,63.0,63.0,6.0,26.0,49.0,58.0,63.0,63.0,10.0,0.0,62.0,23.0,63.0,50.0,63.0,63.0,0.5731480283639482,3.1337816697352725,0.4782472103228795,0.0,30.0,160.0,957077.4053532673,970677.598263805,983168.5555823486,990113.3349409212,996816.9761273209,998649.626235833,999710.6341933928,999903.5447311308,999903.5447311308,1000000.0,1000000.0,1000000.0,1000000.0,1000000.0,1000000.0,1000000.0,1000000.0,1000000.0,1000000.0,1000000.0,1000000.0,1000000.0,1000000.0,1000000.0,1000000.0,1000000.0,1000000.0,1000000.0,1000000.0,1000000.0,1000000.0,1000000.0,1000000.0,1000000.0,1000000.0,1000000.0,1000000.0,1000000.0,1000000.0,1000000.0,1000000.0,1000000.0,1000000.0,1000000.0,1000000.0,1000000.0,1000000.0,1000000.0,1000000.0,1000000.0,1000000.0,1000000.0,1000000.0,1000000.0,1000000.0,1000000.0,1000000.0,1000000.0,1000000.0,1000000.0,1000000.0,1000000.0,1000000.0,1000000.0,0.0,0.0,0.0,0.0,0.0,0.0,0.0,0.0,0.0,0.0,0.0,0.0,0.0,0.0,0.0,0.0,0.0,0.0,0.0,0.0,0.0,0.0,0.0,48.22763443453082,96.4552688690621,337.59344104171646,868.0974198215577,1302.1461297323344,2990.1133349409165,5305.039787798405,8922.112370388226,13551.965276103192,37472.8719556306,63564.02218471185,107981.67349891491,162768.26621654205,251748.25174825167,361321.4371835061,496696.4070412346,610417.1690378587,733638.7750180853,836026.0429225945,914395.9488787074,955437.6657824933,984229.5635399083,994357.3667711598,998167.3498914879,998842.5367735712,999517.7236556546,999614.1789245236,999614.1789245236,999710.6341933928,999758.8618278273,999807.0894622619,999903.5447311308,999903.5447311308,999903.5447311308,999903.5447311308,999951.7723655654,1000000.0,1000000.0,1000000.0,1000000.0,1000000.0,0.0,0.0,0.0,0.0,0.0,0.0,0.0,0.0,0.0,0.0,0.0,0.0,0.0,0.0,0.0,0.0,0.0,0.0,0.0,0.0,0.0,0.0,0.0,0.0,0.0,0.0,0.0,0.0,0.0,0.0,0.0,0.0,0.0,0.0,0.0,0.0,0.0,0.0,0.0,0.0,0.0,0.0,0.0,0.0,0.0,0.0,0.0,0.0,0.0,0.0,48.22763443453082,48.22763443453082,48.22763443453082,48.22763443453082,48.22763443453082,96.4552688690621,144.68290330359284,385.82107547624787,964.5526886906189,2459.609356161082,7957.559681697602,26476.971304557497,86713.28671328665,1000000.0,0.0,0.0,0.0,0.0,0.0,0.0,0.0,0.0,0.0,0.0,0.0,0.0,0.0,0.0,0.0,0.0,0.0,0.0,0.0,0.0,0.0,0.0,0.0,0.0,0.0,0.0,0.0,0.0,0.0,0.0,0.0,0.0,0.0,0.0,0.0,0.0,0.0,0.0,0.0,0.0,0.0,0.0,0.0,0.0,0.0,0.0,0.0,0.0,0.0,0.0,0.0,0.0,0.0,0.0,0.0,0.0,0.0,0.0,0.0,0.0,0.0,0.0,0.0,1000000.0
FLINT,MAGNUM03,F,na,na,na,na,2025_03_11-09_22_56,na,5,15,Yes,1,na,48.22763443453082,0.0,999807.0894622619,13.0,56.0,62.0,,,,48.22763443453082,0.0,999807.0894622619,13.0,56.0,62.0,38.0,25.0,0.0,34.0,21.0,0.0,27.0,18.0,0.0,22.0,16.0,0.0,14.0,14.0,0.0,6.0,11.0,0.0,10.0,13.0,0.0,0.0,38.0,38.0,63.0,63.0,63.0,0.0,34.0,42.0,63.0,63.0,63.0,2.0,29.0,45.0,63.0,63.0,63.0,4.0,26.0,47.0,63.0,63.0,63.0,7.0,21.0,49.0,63.0,63.0,63.0,10.0,16.0,51.0,62.0,63.0,63.0,8.0,18.0,50.0,63.0,63.0,63.0,12.0,0.0,52.0,9.0,63.0,60.0,63.0,63.0,0.6297755223580556,4.011249685406701,0.036080492319336584,0.0,30.0,160.0,968844.948155293,975210.995900651,984084.8806366047,988570.0506390162,994164.4562334217,996431.1550518447,998553.1709669641,999131.9025801783,999614.1789245236,999807.0894622619,1000000.0,1000000.0,1000000.0,1000000.0,1000000.0,1000000.0,1000000.0,1000000.0,1000000.0,1000000.0,1000000.0,1000000.0,1000000.0,1000000.0,1000000.0,1000000.0,1000000.0,1000000.0,1000000.0,1000000.0,1000000.0,1000000.0,1000000.0,1000000.0,1000000.0,1000000.0,1000000.0,1000000.0,1000000.0,1000000.0,1000000.0,1000000.0,1000000.0,1000000.0,1000000.0,1000000.0,1000000.0,1000000.0,1000000.0,1000000.0,1000000.0,1000000.0,1000000.0,1000000.0,1000000.0,1000000.0,1000000.0,1000000.0,1000000.0,1000000.0,1000000.0,1000000.0,1000000.0,1000000.0,0.0,0.0,0.0,0.0,0.0,0.0,0.0,0.0,0.0,48.22763443453082,48.22763443453082,48.22763443453082,48.22763443453082,48.22763443453082,96.4552688690621,144.68290330359284,241.13817217265407,385.82107547624787,675.1868820834334,723.414516517964,1302.1461297323344,1736.1948396431121,2459.609356161082,2941.8857005063924,4581.625271280436,6221.364842054485,9211.4781769954,12635.640221847118,19291.053773812408,27007.475283337364,40704.12346274415,45864.48034723895,96407.04123462751,131564.98673740047,189631.0585965758,246587.89486375687,338799.1319025801,431106.82421027246,549264.5285748733,644272.9684108994,749650.3496503496,824837.2317337835,897034.0004822764,932095.4907161805,965324.3308415723,981239.4502049674,991849.5297805641,994887.8707499397,998504.9433325295,999324.8131179166,999758.8618278273,999951.7723655654,1000000.0,1000000.0,1000000.0,1000000.0,1000000.0,1000000.0,1000000.0,1000000.0,1000000.0,1000000.0,1000000.0,1000000.0,0.0,0.0,0.0,0.0,0.0,0.0,0.0,0.0,0.0,0.0,0.0,0.0,0.0,0.0,0.0,0.0,0.0,0.0,0.0,0.0,0.0,0.0,0.0,0.0,0.0,0.0,0.0,0.0,0.0,0.0,0.0,0.0,0.0,0.0,0.0,0.0,0.0,0.0,0.0,0.0,0.0,0.0,0.0,0.0,0.0,0.0,0.0,0.0,0.0,0.0,0.0,0.0,0.0,0.0,0.0,0.0,0.0,0.0,0.0,0.0,96.4552688690621,192.91053773812425,241.13817217265407,1000000.0,0.0,0.0,0.0,0.0,0.0,0.0,0.0,0.0,0.0,0.0,0.0,0.0,0.0,0.0,0.0,0.0,0.0,0.0,0.0,0.0,0.0,0.0,0.0,0.0,0.0,0.0,0.0,0.0,0.0,0.0,0.0,0.0,0.0,0.0,0.0,0.0,0.0,0.0,0.0,0.0,0.0,0.0,0.0,0.0,0.0,0.0,0.0,0.0,0.0,0.0,0.0,0.0,0.0,0.0,0.0,0.0,0.0,0.0,0.0,0.0,0.0,0.0,0.0,1000000.0
FLINT,MAGNUM03,F,na,na,na,na,2025_03_11-09_22_56,na,5,16,Yes,1,na,0.0,0.0,997347.4801061008,12.5,59.0,62.0,,,,0.0,0.0,997347.4801061008,12.5,59.0,62.0,38.0,25.0,0.0,35.0,22.0,0.0,32.0,20.0,0.0,26.0,17.0,0.0,22.0,15.0,0.0,15.0,10.0,0.0,18.0,12.0,0.0,0.0,38.0,38.0,63.0,63.0,63.0,0.0,35.0,41.0,63.0,63.0,63.0,0.0,32.0,43.0,63.0,63.0,63.0,3.0,29.0,45.0,62.0,63.0,63.0,5.0,27.0,46.0,61.0,63.0,63.0,7.0,22.0,50.0,60.0,63.0,63.0,6.0,24.0,48.0,60.0,63.0,63.0,9.0,0.0,60.0,16.0,63.0,59.0,63.0,63.0,0.42434955985447687,3.115927975429216,0.14703971734367866,0.0,30.0,160.0,978345.7921388955,984711.8398842536,991270.7981673499,994260.9115022907,997926.211719315,999469.4960212201,999855.3170966964,999903.5447311308,1000000.0,1000000.0,1000000.0,1000000.0,1000000.0,1000000.0,1000000.0,1000000.0,1000000.0,1000000.0,1000000.0,1000000.0,1000000.0,1000000.0,1000000.0,1000000.0,1000000.0,1000000.0,1000000.0,1000000.0,1000000.0,1000000.0,1000000.0,1000000.0,1000000.0,1000000.0,1000000.0,1000000.0,1000000.0,1000000.0,1000000.0,1000000.0,1000000.0,1000000.0,1000000.0,1000000.0,1000000.0,1000000.0,1000000.0,1000000.0,1000000.0,1000000.0,1000000.0,1000000.0,1000000.0,1000000.0,1000000.0,1000000.0,1000000.0,1000000.0,1000000.0,1000000.0,1000000.0,1000000.0,1000000.0,1000000.0,0.0,0.0,0.0,0.0,0.0,0.0,0.0,0.0,0.0,0.0,0.0,0.0,0.0,0.0,0.0,0.0,48.22763443453082,48.22763443453082,96.4552688690621,96.4552688690621,144.68290330359284,144.68290330359284,241.13817217265407,337.59344104171646,578.7316132143711,819.8697853870253,1302.1461297323344,2266.6988184229576,4147.576561369663,7861.104412828547,14902.339040270084,19725.10248372319,54834.820352061724,89606.94477935854,152302.86954424894,217651.31420303823,329057.1497468049,446587.8948637569,593055.2206414274,696744.6346756691,809163.2505425609,891487.8225223052,952592.235350856,977525.9223535085,991994.2126838678,997154.5695683626,999035.4473113093,999421.2683867855,999614.1789245236,999758.8618278273,999903.5447311308,999951.7723655654,999951.7723655654,999951.7723655654,999951.7723655654,999951.7723655654,999951.7723655654,999951.7723655654,1000000.0,1000000.0,1000000.0,1000000.0,1000000.0,1000000.0,0.0,0.0,0.0,0.0,0.0,0.0,0.0,0.0,0.0,0.0,0.0,0.0,0.0,0.0,0.0,0.0,0.0,0.0,0.0,0.0,0.0,0.0,0.0,0.0,0.0,0.0,0.0,0.0,0.0,0.0,0.0,0.0,0.0,0.0,0.0,0.0,0.0,0.0,0.0,0.0,0.0,0.0,0.0,0.0,0.0,0.0,0.0,0.0,0.0,0.0,0.0,0.0,0.0,0.0,0.0,0.0,0.0,0.0,0.0,48.22763443453082,723.414516517964,2652.5198938992025,9886.665059078852,1000000.0,0.0,0.0,0.0,0.0,0.0,0.0,0.0,0.0,0.0,0.0,0.0,0.0,0.0,0.0,0.0,0.0,0.0,0.0,0.0,0.0,0.0,0.0,0.0,0.0,0.0,0.0,0.0,0.0,0.0,0.0,0.0,0.0,0.0,0.0,0.0,0.0,0.0,0.0,0.0,0.0,0.0,0.0,0.0,0.0,0.0,0.0,0.0,0.0,0.0,0.0,0.0,0.0,0.0,0.0,0.0,0.0,0.0,0.0,0.0,0.0,0.0,0.0,0.0,1000000.0
FLINT,MAGNUM03,F,na,na,na,na,2025_03_11-09_22_56,na,5,17,Yes,1,na,0.0,48.22763443453082,998890.7644080059,12.5,58.0,62.0,,,,0.0,48.22763443453082,998890.7644080059,12.5,58.0,62.0,38.0,25.0,0.0,34.0,22.0,0.0,30.0,19.0,0.0,26.0,17.0,0.0,20.0,15.0,0.0,13.0,9.0,0.0,16.0,12.0,0.0,0.0,38.0,38.0,63.0,63.0,63.0,0.0,34.0,41.0,63.0,63.0,63.0,0.0,30.0,44.0,63.0,63.0,63.0,2.0,28.0,46.0,63.0,63.0,63.0,5.0,25.0,47.0,62.0,63.0,63.0,7.0,20.0,51.0,60.0,63.0,63.0,6.0,22.0,49.0,61.0,63.0,63.0,9.0,0.0,58.0,16.0,63.0,58.0,63.0,63.0,0.37246133642702484,3.532640813929598,0.10611110998893987,0.0,30.0,160.0,984760.0675186882,989341.6927899687,993875.0904268145,995852.4234386302,998312.0327947914,999228.3578490474,999662.4065589582,999903.5447311308,1000000.0,1000000.0,1000000.0,1000000.0,1000000.0,1000000.0,1000000.0,1000000.0,1000000.0,1000000.0,1000000.0,1000000.0,1000000.0,1000000.0,1000000.0,1000000.0,1000000.0,1000000.0,1000000.0,1000000.0,1000000.0,1000000.0,1000000.0,1000000.0,1000000.0,1000000.0,1000000.0,1000000.0,1000000.0,1000000.0,1000000.0,1000000.0,1000000.0,1000000.0,1000000.0,1000000.0,1000000.0,1000000.0,1000000.0,1000000.0,1000000.0,1000000.0,1000000.0,1000000.0,1000000.0,1000000.0,1000000.0,1000000.0,1000000.0,1000000.0,1000000.0,1000000.0,1000000.0,1000000.0,1000000.0,1000000.0,0.0,0.0,0.0,0.0,0.0,0.0,0.0,0.0,0.0,0.0,0.0,0.0,0.0,0.0,0.0,0.0,96.4552688690621,96.4552688690621,96.4552688690621,192.91053773812425,241.13817217265407,434.04870991077877,626.959247648901,675.1868820834334,1157.4632264287443,2507.836990595609,3665.3002170243526,6124.909573185426,10706.534844465874,17458.403665300208,29901.13334940919,39836.02604292259,80009.64552688695,122353.50856040517,182830.96214130695,250012.05690860862,350663.12997347483,459561.12852664577,587605.4979503255,686616.8314444177,795225.4641909815,872920.1832650108,933879.913190258,962478.9004099349,982204.002893658,992283.578490475,997443.9353749697,998746.0815047021,999517.7236556546,999710.6341933928,999807.0894622619,999903.5447311308,999903.5447311308,999903.5447311308,1000000.0,1000000.0,1000000.0,1000000.0,1000000.0,1000000.0,1000000.0,1000000.0,1000000.0,1000000.0,0.0,0.0,0.0,0.0,0.0,0.0,0.0,0.0,0.0,0.0,0.0,0.0,0.0,0.0,0.0,0.0,0.0,0.0,0.0,0.0,0.0,0.0,0.0,0.0,0.0,0.0,0.0,0.0,0.0,0.0,0.0,0.0,0.0,0.0,0.0,0.0,0.0,0.0,0.0,0.0,0.0,0.0,0.0,0.0,0.0,0.0,0.0,0.0,0.0,0.0,0.0,0.0,0.0,0.0,0.0,0.0,0.0,0.0,96.4552688690621,192.91053773812425,530.5039787798403,1109.2355919942117,3086.56860380998,1000000.0,0.0,0.0,0.0,0.0,0.0,0.0,0.0,0.0,0.0,0.0,0.0,0.0,0.0,0.0,0.0,0.0,0.0,0.0,0.0,0.0,0.0,0.0,0.0,0.0,0.0,0.0,0.0,0.0,0.0,0.0,0.0,0.0,0.0,0.0,0.0,0.0,0.0,0.0,0.0,0.0,0.0,0.0,0.0,0.0,0.0,0.0,0.0,0.0,0.0,0.0,0.0,0.0,0.0,0.0,0.0,0.0,0.0,0.0,0.0,0.0,0.0,0.0,0.0,1000000.0
FLINT,MAGNUM03,F,na,na,na,na,2025_03_11-09_22_56,na,5,18,Yes,1,na,0.0,0.0,1000000.0,14.5,0.0,52.5,,,,0.0,0.0,1000000.0,14.5,0.0,52.5,38.0,25.0,0.0,34.0,22.0,0.0,31.0,19.0,0.0,25.0,16.0,0.0,21.0,13.0,0.0,15.0,8.0,0.0,18.0,11.0,0.0,0.0,38.0,38.0,63.0,63.0,63.0,0.0,34.0,41.0,63.0,63.0,63.0,0.0,31.0,44.0,63.0,63.0,63.0,3.0,28.0,46.0,62.0,63.0,63.0,5.0,26.0,48.0,61.0,63.0,63.0,8.0,23.0,51.0,59.0,63.0,63.0,6.0,24.0,49.0,60.0,63.0,63.0,9.0,0.0,58.0,20.0,63.0,0.0,63.0,0.0,0.4351824676933845,3.4005971471410175,0.4708791344795334,0.4374894505865458,30.0,160.0,980853.6291294912,986544.4899927658,991367.253436219,994116.2285989872,997202.7972027971,998938.9920424403,999710.6341933928,999807.0894622619,999951.7723655654,1000000.0,1000000.0,1000000.0,1000000.0,1000000.0,1000000.0,1000000.0,1000000.0,1000000.0,1000000.0,1000000.0,1000000.0,1000000.0,1000000.0,1000000.0,1000000.0,1000000.0,1000000.0,1000000.0,1000000.0,1000000.0,1000000.0,1000000.0,1000000.0,1000000.0,1000000.0,1000000.0,1000000.0,1000000.0,1000000.0,1000000.0,1000000.0,1000000.0,1000000.0,1000000.0,1000000.0,1000000.0,1000000.0,1000000.0,1000000.0,1000000.0,1000000.0,1000000.0,1000000.0,1000000.0,1000000.0,1000000.0,1000000.0,1000000.0,1000000.0,1000000.0,1000000.0,1000000.0,1000000.0,1000000.0,0.0,0.0,0.0,0.0,0.0,0.0,0.0,0.0,0.0,0.0,0.0,0.0,0.0,0.0,0.0,0.0,0.0,0.0,0.0,0.0,48.22763443453082,96.4552688690621,144.68290330359284,385.82107547624787,723.414516517964,1253.9184952978064,2507.836990595609,3906.438389197008,6558.958283096219,11188.811188811189,19918.0130214613,27393.29635881359,65444.899927658524,102097.9020979021,162816.4938509767,227055.70291777188,328864.2392090667,436556.5469013745,568941.403424162,669351.3383168556,778056.4263322882,858258.9823969133,928719.5563057632,960549.7950325536,982830.962141307,992090.6679527368,997009.886665059,998601.3986013986,999324.8131179166,999758.8618278273,999855.3170966964,999951.7723655654,1000000.0,1000000.0,1000000.0,1000000.0,1000000.0,1000000.0,1000000.0,1000000.0,1000000.0,1000000.0,1000000.0,1000000.0,48.22763443453082,48.22763443453082,48.22763443453082,48.22763443453082,48.22763443453082,48.22763443453082,48.22763443453082,48.22763443453082,48.22763443453082,48.22763443453082,48.22763443453082,48.22763443453082,48.22763443453082,48.22763443453082,48.22763443453082,48.22763443453082,48.22763443453082,48.22763443453082,48.22763443453082,48.22763443453082,48.22763443453082,48.22763443453082,48.22763443453082,48.22763443453082,48.22763443453082,48.22763443453082,48.22763443453082,48.22763443453082,48.22763443453082,48.22763443453082,48.22763443453082,48.22763443453082,48.22763443453082,48.22763443453082,48.22763443453082,48.22763443453082,48.22763443453082,48.22763443453082,48.22763443453082,48.22763443453082,48.22763443453082,48.22763443453082,48.22763443453082,48.22763443453082,48.22763443453082,48.22763443453082,48.22763443453082,48.22763443453082,48.22763443453082,48.22763443453082,48.22763443453082,48.22763443453082,48.22763443453082,48.22763443453082,48.22763443453082,48.22763443453082,48.22763443453082,96.4552688690621,192.91053773812425,337.59344104171646,1061.0079575596806,3231.251507113574,12298.046780805396,1000000.0,48.22763443453082,48.22763443453082,48.22763443453082,48.22763443453082,48.22763443453082,48.22763443453082,48.22763443453082,48.22763443453082,48.22763443453082,48.22763443453082,48.22763443453082,48.22763443453082,48.22763443453082,48.22763443453082,48.22763443453082,48.22763443453082,48.22763443453082,48.22763443453082,48.22763443453082,48.22763443453082,48.22763443453082,48.22763443453082,48.22763443453082,48.22763443453082,48.22763443453082,48.22763443453082,48.22763443453082,48.22763443453082,48.22763443453082,48.22763443453082,48.22763443453082,48.22763443453082,48.22763443453082,48.22763443453082,48.22763443453082,48.22763443453082,48.22763443453082,48.22763443453082,48.22763443453082,48.22763443453082,48.22763443453082,48.22763443453082,48.22763443453082,48.22763443453082,48.22763443453082,48.22763443453082,48.22763443453082,48.22763443453082,48.22763443453082,48.22763443453082,48.22763443453082,48.22763443453082,48.22763443453082,48.22763443453082,48.22763443453082,48.22763443453082,48.22763443453082,48.22763443453082,48.22763443453082,48.22763443453082,48.22763443453082,48.22763443453082,48.22763443453082,1000000.0
FLINT,MAGNUM03,F,na,na,na,na,2025_03_11-09_22_56,na,5,19,Yes,1,na,0.0,48.22763443457198,934362.1895346034,15.0,55.0,62.0,,,,0.0,48.22763443457198,934362.1895346034,15.0,55.0,62.0,38.0,25.0,0.0,34.0,21.0,0.0,29.0,17.0,0.0,25.0,15.0,0.0,20.0,12.0,0.0,16.0,7.0,0.0,20.0,11.0,0.0,0.0,38.0,38.0,63.0,63.0,63.0,0.0,34.0,41.0,62.0,63.0,63.0,2.0,31.0,43.0,60.0,63.0,63.0,4.0,29.0,45.0,60.0,63.0,63.0,6.0,26.0,46.0,58.0,63.0,63.0,7.0,23.0,50.0,57.0,63.0,63.0,6.0,26.0,47.0,58.0,63.0,63.0,10.0,0.0,61.0,20.0,63.0,56.0,63.0,63.0,0.6155020985723989,3.1053483019695993,0.695248591337695,0.0,30.0,160.0,951820.5931999035,967446.3467566915,980660.7185917529,988280.6848324089,995563.0576320231,998504.9433325295,999565.9512900892,999951.7723655654,999951.7723655654,1000000.0,1000000.0,1000000.0,1000000.0,1000000.0,1000000.0,1000000.0,1000000.0,1000000.0,1000000.0,1000000.0,1000000.0,1000000.0,1000000.0,1000000.0,1000000.0,1000000.0,1000000.0,1000000.0,1000000.0,1000000.0,1000000.0,1000000.0,1000000.0,1000000.0,1000000.0,1000000.0,1000000.0,1000000.0,1000000.0,1000000.0,1000000.0,1000000.0,1000000.0,1000000.0,1000000.0,1000000.0,1000000.0,1000000.0,1000000.0,1000000.0,1000000.0,1000000.0,1000000.0,1000000.0,1000000.0,1000000.0,1000000.0,1000000.0,1000000.0,1000000.0,1000000.0,1000000.0,1000000.0,1000000.0,0.0,0.0,0.0,0.0,0.0,0.0,0.0,0.0,0.0,0.0,0.0,0.0,0.0,0.0,0.0,0.0,0.0,0.0,0.0,0.0,48.22763443453082,96.4552688690621,144.68290330359284,289.36580660718624,385.82107547624787,530.5039787798403,1639.7395707740552,2652.5198938992025,4726.3081745840345,8922.112370388226,16349.168073306007,23872.679045092835,58548.34820352058,98577.28478418138,163250.54256088744,239064.38389196998,350711.35760790936,470412.3462744152,610465.3966722932,724475.5244755244,828020.2556064624,905039.7877984084,958090.1856763925,980081.9869785387,993778.6351579454,997781.5288160116,999469.4960212201,999662.4065589582,999855.3170966964,999855.3170966964,999903.5447311308,999903.5447311308,999903.5447311308,999951.7723655654,999951.7723655654,1000000.0,1000000.0,1000000.0,1000000.0,1000000.0,1000000.0,1000000.0,1000000.0,1000000.0,0.0,0.0,0.0,0.0,0.0,0.0,0.0,0.0,0.0,0.0,0.0,0.0,0.0,0.0,0.0,0.0,0.0,0.0,0.0,0.0,0.0,0.0,0.0,0.0,0.0,0.0,0.0,0.0,0.0,0.0,0.0,0.0,0.0,0.0,0.0,0.0,0.0,0.0,0.0,0.0,0.0,0.0,0.0,0.0,0.0,0.0,0.0,0.0,0.0,0.0,0.0,0.0,0.0,0.0,0.0,0.0,144.68290330359284,482.27634434531,1832.650108512174,5690.860863274664,23438.630335182035,65637.81046539666,185965.75837955144,1000000.0,0.0,0.0,0.0,0.0,0.0,0.0,0.0,0.0,0.0,0.0,0.0,0.0,0.0,0.0,0.0,0.0,0.0,0.0,0.0,0.0,0.0,0.0,0.0,0.0,0.0,0.0,0.0,0.0,0.0,0.0,0.0,0.0,0.0,0.0,0.0,0.0,0.0,0.0,0.0,0.0,0.0,0.0,0.0,0.0,0.0,0.0,0.0,0.0,0.0,0.0,0.0,0.0,0.0,0.0,0.0,0.0,0.0,0.0,0.0,0.0,0.0,0.0,0.0,1000000.0
FLINT,MAGNUM03,F,na,na,na,na,2025_03_11-09_22_56,na,5,20,Yes,1,na,1000000.0,0.0,0.0,19.0,37.0,0.0,,,,1000000.0,0.0,0.0,19.0,37.0,0.0,0.0,44.0,0.0,0.0,44.0,0.0,0.0,44.0,0.0,0.0,43.0,0.0,0.0,41.0,0.0,0.0,39.0,0.0,0.0,40.0,0.0,19.0,19.0,19.0,63.0,63.0,63.0,19.0,19.0,19.0,63.0,63.0,63.0,19.0,19.0,19.0,63.0,63.0,63.0,19.0,19.0,19.0,62.0,63.0,63.0,19.0,19.0,19.0,60.0,63.0,63.0,19.0,19.0,19.0,58.0,63.0,63.0,19.0,19.0,19.0,59.0,63.0,63.0,19.0,19.0,19.0,19.0,63.0,55.0,63.0,0.0,0.0,0.0,0.20538600711587943,0.4374894505865458,30.0,160.0,0.0,0.0,0.0,0.0,0.0,0.0,0.0,0.0,0.0,0.0,0.0,0.0,0.0,0.0,0.0,0.0,0.0,0.0,0.0,1000000.0,1000000.0,1000000.0,1000000.0,1000000.0,1000000.0,1000000.0,1000000.0,1000000.0,1000000.0,1000000.0,1000000.0,1000000.0,1000000.0,1000000.0,1000000.0,1000000.0,1000000.0,1000000.0,1000000.0,1000000.0,1000000.0,1000000.0,1000000.0,1000000.0,1000000.0,1000000.0,1000000.0,1000000.0,1000000.0,1000000.0,1000000.0,1000000.0,1000000.0,1000000.0,1000000.0,1000000.0,1000000.0,1000000.0,1000000.0,1000000.0,1000000.0,1000000.0,1000000.0,1000000.0,0.0,0.0,0.0,0.0,0.0,0.0,0.0,0.0,0.0,0.0,0.0,0.0,0.0,0.0,0.0,0.0,0.0,0.0,0.0,1000000.0,1000000.0,1000000.0,1000000.0,1000000.0,1000000.0,1000000.0,1000000.0,1000000.0,1000000.0,1000000.0,1000000.0,1000000.0,1000000.0,1000000.0,1000000.0,1000000.0,1000000.0,1000000.0,1000000.0,1000000.0,1000000.0,1000000.0,1000000.0,1000000.0,1000000.0,1000000.0,1000000.0,1000000.0,1000000.0,1000000.0,1000000.0,1000000.0,1000000.0,1000000.0,1000000.0,1000000.0,1000000.0,1000000.0,1000000.0,1000000.0,1000000.0,1000000.0,1000000.0,1000000.0,0.0,0.0,0.0,0.0,0.0,0.0,0.0,0.0,0.0,0.0,0.0,0.0,0.0,0.0,0.0,0.0,0.0,0.0,0.0,0.0,0.0,0.0,0.0,0.0,0.0,0.0,0.0,0.0,0.0,0.0,0.0,0.0,0.0,0.0,0.0,0.0,0.0,0.0,0.0,0.0,0.0,0.0,0.0,0.0,0.0,0.0,0.0,0.0,0.0,0.0,0.0,0.0,0.0,0.0,0.0,48.22763443453082,48.22763443453082,96.4552688690621,241.13817217265407,723.414516517964,2025.5606462503029,4244.031830238725,9983.120327947918,1000000.0,48.22763443453082,48.22763443453082,48.22763443453082,48.22763443453082,48.22763443453082,48.22763443453082,48.22763443453082,48.22763443453082,48.22763443453082,48.22763443453082,48.22763443453082,48.22763443453082,48.22763443453082,48.22763443453082,48.22763443453082,48.22763443453082,48.22763443453082,48.22763443453082,48.22763443453082,48.22763443453082,48.22763443453082,48.22763443453082,48.22763443453082,48.22763443453082,48.22763443453082,48.22763443453082,48.22763443453082,48.22763443453082,48.22763443453082,48.22763443453082,48.22763443453082,48.22763443453082,48.22763443453082,48.22763443453082,48.22763443453082,48.22763443453082,48.22763443453082,48.22763443453082,48.22763443453082,48.22763443453082,48.22763443453082,48.22763443453082,48.22763443453082,48.22763443453082,48.22763443453082,48.22763443453082,48.22763443453082,48.22763443453082,48.22763443453082,48.22763443453082,48.22763443453082,48.22763443453082,48.22763443453082,48.22763443453082,48.22763443453082,48.22763443453082,48.22763443453082,48.22763443453082,48.22763443453082,48.22763443453082,48.22763443453082,48.22763443453082,48.22763443453082,1000000.0
FLINT,MAGNUM03,F,na,na,na,na,2025_03_11-09_22_56,na,5,21,Yes,1,na,0.0,0.0,977188.3289124669,13.0,52.0,62.0,,,,0.0,0.0,977188.3289124669,13.0,52.0,62.0,37.0,26.0,0.0,34.0,23.0,0.0,29.0,18.0,0.0,23.0,15.0,0.0,18.0,12.0,0.0,11.0,7.0,0.0,14.0,9.0,0.0,0.0,37.0,37.0,63.0,63.0,63.0,0.0,34.0,40.0,63.0,63.0,63.0,1.0,30.0,43.0,61.0,63.0,63.0,4.0,27.0,45.0,60.0,63.0,63.0,5.0,23.0,46.0,58.0,63.0,63.0,8.0,19.0,49.0,56.0,63.0,63.0,6.0,20.0,48.0,57.0,63.0,63.0,12.0,0.0,50.0,14.0,63.0,54.0,63.0,63.0,0.46656440383366427,3.4599465758745387,0.47044618611809236,0.0,30.0,160.0,974391.126115264,983650.8319266939,989872.1967687485,993826.8627923799,997251.0248372317,998890.7644080058,999662.4065589582,999855.3170966964,999951.7723655654,999951.7723655654,999951.7723655654,1000000.0,1000000.0,1000000.0,1000000.0,1000000.0,1000000.0,1000000.0,1000000.0,1000000.0,1000000.0,1000000.0,1000000.0,1000000.0,1000000.0,1000000.0,1000000.0,1000000.0,1000000.0,1000000.0,1000000.0,1000000.0,1000000.0,1000000.0,1000000.0,1000000.0,1000000.0,1000000.0,1000000.0,1000000.0,1000000.0,1000000.0,1000000.0,1000000.0,1000000.0,1000000.0,1000000.0,1000000.0,1000000.0,1000000.0,1000000.0,1000000.0,1000000.0,1000000.0,1000000.0,1000000.0,1000000.0,1000000.0,1000000.0,1000000.0,1000000.0,1000000.0,1000000.0,1000000.0,0.0,0.0,0.0,0.0,0.0,0.0,0.0,0.0,0.0,0.0,0.0,0.0,0.0,0.0,48.22763443453082,48.22763443453082,96.4552688690621,96.4552688690621,192.91053773812425,289.36580660718624,626.959247648901,771.6421509524955,1061.0079575596806,1543.2843019049903,2459.609356161082,3424.1620448516924,5642.633228840121,8873.884735953696,14275.379792621161,21654.207861104413,35157.9455027731,43067.27755003614,102628.40607668195,151338.3168555582,229467.08463949838,315022.9081263564,425608.873884736,541741.0176030865,669640.7041234627,764649.1439594888,855413.5519652759,916276.8266216541,957849.0475042198,977863.5157945502,989872.1967687485,996575.8379551483,998794.3091391367,999421.2683867855,999855.3170966964,1000000.0,1000000.0,1000000.0,1000000.0,1000000.0,1000000.0,1000000.0,1000000.0,1000000.0,1000000.0,1000000.0,1000000.0,1000000.0,1000000.0,1000000.0,0.0,0.0,0.0,0.0,0.0,0.0,0.0,0.0,0.0,0.0,0.0,0.0,0.0,0.0,0.0,0.0,0.0,0.0,0.0,0.0,0.0,0.0,0.0,0.0,0.0,0.0,0.0,0.0,0.0,0.0,0.0,0.0,0.0,0.0,0.0,0.0,0.0,0.0,0.0,0.0,0.0,0.0,0.0,0.0,0.0,0.0,0.0,0.0,0.0,0.0,0.0,0.0,0.0,0.0,48.22763443453082,96.4552688690621,241.13817217265407,578.7316132143711,1687.967205208584,3327.7067759826386,9404.388714733534,22811.671087533156,66602.36315408729,1000000.0,0.0,0.0,0.0,0.0,0.0,0.0,0.0,0.0,0.0,0.0,0.0,0.0,0.0,0.0,0.0,0.0,0.0,0.0,0.0,0.0,0.0,0.0,0.0,0.0,0.0,0.0,0.0,0.0,0.0,0.0,0.0,0.0,0.0,0.0,0.0,0.0,0.0,0.0,0.0,0.0,0.0,0.0,0.0,0.0,0.0,0.0,0.0,0.0,0.0,0.0,0.0,0.0,0.0,0.0,0.0,0.0,0.0,0.0,0.0,0.0,0.0,0.0,0.0,1000000.0
FLINT,MAGNUM03,F,na,na,na,na,2025_03_11-09_22_56,na,5,22,Yes,1,na,0.0,0.0,938654.4489992766,12.0,52.0,62.0,,,,0.0,0.0,938654.4489992766,12.0,52.0,62.0,37.0,26.0,0.0,33.0,23.0,0.0,27.0,17.0,0.0,22.0,14.0,0.0,18.0,12.0,0.0,12.0,8.0,0.0,15.0,10.0,0.0,0.0,37.0,37.0,63.0,63.0,63.0,0.0,33.0,40.0,63.0,63.0,63.0,2.0,29.0,43.0,60.0,63.0,63.0,4.0,26.0,45.0,59.0,63.0,63.0,5.0,23.0,46.0,58.0,63.0,63.0,7.0,19.0,48.0,56.0,63.0,63.0,6.0,21.0,47.0,57.0,63.0,63.0,10.0,0.0,51.0,14.0,63.0,53.0,63.0,63.0,0.5366785447909518,3.404551506211574,0.7164987540082028,0.0,30.0,160.0,962623.5833132383,974198.2155775258,986399.8070894622,991077.8876296117,996527.6103207137,998987.2196768748,999758.8618278273,999951.7723655654,1000000.0,1000000.0,1000000.0,1000000.0,1000000.0,1000000.0,1000000.0,1000000.0,1000000.0,1000000.0,1000000.0,1000000.0,1000000.0,1000000.0,1000000.0,1000000.0,1000000.0,1000000.0,1000000.0,1000000.0,1000000.0,1000000.0,1000000.0,1000000.0,1000000.0,1000000.0,1000000.0,1000000.0,1000000.0,1000000.0,1000000.0,1000000.0,1000000.0,1000000.0,1000000.0,1000000.0,1000000.0,1000000.0,1000000.0,1000000.0,1000000.0,1000000.0,1000000.0,1000000.0,1000000.0,1000000.0,1000000.0,1000000.0,1000000.0,1000000.0,1000000.0,1000000.0,1000000.0,1000000.0,1000000.0,1000000.0,0.0,0.0,0.0,0.0,0.0,0.0,0.0,0.0,0.0,0.0,0.0,0.0,0.0,0.0,48.22763443453082,48.22763443453082,48.22763443453082,96.4552688690621,144.68290330359284,385.82107547624787,530.5039787798403,868.0974198215577,1302.1461297323344,1639.7395707740552,2363.1540872920177,3761.755485893413,6269.592476489024,9066.795273691821,13600.192910537737,24740.776464914372,42199.18013021459,54159.6334699783,120424.40318302384,180516.03568844948,276874.84928864235,353797.9262117193,473740.05305039784,602604.2922594646,730069.93006993,806944.7793585724,886520.3761755485,936677.1159874607,971401.012780323,985772.8478418133,993537.4969857727,998022.6669881842,999373.040752351,999662.4065589582,999903.5447311308,999951.7723655654,999951.7723655654,1000000.0,1000000.0,1000000.0,1000000.0,1000000.0,1000000.0,1000000.0,1000000.0,1000000.0,1000000.0,1000000.0,1000000.0,1000000.0,0.0,0.0,0.0,0.0,0.0,0.0,0.0,0.0,0.0,0.0,0.0,0.0,0.0,0.0,0.0,0.0,0.0,0.0,0.0,0.0,0.0,0.0,0.0,0.0,0.0,0.0,0.0,0.0,0.0,0.0,0.0,0.0,0.0,0.0,0.0,0.0,0.0,0.0,0.0,0.0,0.0,0.0,0.0,0.0,0.0,0.0,0.0,0.0,0.0,0.0,0.0,0.0,0.0,48.22763443453082,192.91053773812425,192.91053773812425,385.82107547624787,1157.4632264287443,3568.844948155295,8777.42946708464,23824.451410658283,61345.551000723346,158283.09621413072,1000000.0,0.0,0.0,0.0,0.0,0.0,0.0,0.0,0.0,0.0,0.0,0.0,0.0,0.0,0.0,0.0,0.0,0.0,0.0,0.0,0.0,0.0,0.0,0.0,0.0,0.0,0.0,0.0,0.0,0.0,0.0,0.0,0.0,0.0,0.0,0.0,0.0,0.0,0.0,0.0,0.0,0.0,0.0,0.0,0.0,0.0,0.0,0.0,0.0,0.0,0.0,0.0,0.0,0.0,0.0,0.0,0.0,0.0,0.0,0.0,0.0,0.0,0.0,0.0,1000000.0
FLINT,MAGNUM03,F,na,na,na,na,2025_03_11-09_22_56,na,5,23,Yes,1,na,0.0,0.0,961610.8029901134,9.5,0.0,62.0,,,,0.0,0.0,961610.8029901134,9.5,0.0,62.0,37.0,26.0,0.0,33.0,23.0,0.0,28.0,18.0,0.0,23.0,16.0,0.0,18.0,12.0,0.0,12.0,8.0,0.0,15.0,11.0,0.0,0.0,37.0,37.0,63.0,63.0,63.0,0.0,33.0,40.0,63.0,63.0,63.0,1.0,29.0,43.0,61.0,63.0,63.0,3.0,26.0,44.0,60.0,63.0,63.0,5.0,23.0,46.0,58.0,63.0,63.0,6.0,18.0,48.0,56.0,63.0,63.0,5.0,20.0,46.0,57.0,63.0,63.0,8.0,0.0,48.0,11.0,63.0,0.0,63.0,63.0,0.4216938240148334,3.434461077946984,0.730995989612046,0.0,30.0,160.0,975837.9551482999,983120.3279479141,990354.4731130938,994550.2773088979,998408.4880636605,999758.8618278273,1000000.0,1000000.0,1000000.0,1000000.0,1000000.0,1000000.0,1000000.0,1000000.0,1000000.0,1000000.0,1000000.0,1000000.0,1000000.0,1000000.0,1000000.0,1000000.0,1000000.0,1000000.0,1000000.0,1000000.0,1000000.0,1000000.0,1000000.0,1000000.0,1000000.0,1000000.0,1000000.0,1000000.0,1000000.0,1000000.0,1000000.0,1000000.0,1000000.0,1000000.0,1000000.0,1000000.0,1000000.0,1000000.0,1000000.0,1000000.0,1000000.0,1000000.0,1000000.0,1000000.0,1000000.0,1000000.0,1000000.0,1000000.0,1000000.0,1000000.0,1000000.0,1000000.0,1000000.0,1000000.0,1000000.0,1000000.0,1000000.0,1000000.0,0.0,0.0,0.0,0.0,0.0,0.0,0.0,0.0,0.0,0.0,0.0,48.22763443453082,48.22763443453082,48.22763443453082,48.22763443453082,48.22763443453082,144.68290330359284,192.91053773812425,289.36580660718624,385.82107547624787,626.959247648901,819.8697853870253,1302.1461297323344,1591.5119363395213,2507.836990595609,4678.080540149494,7089.462261876058,10031.347962382453,17410.17603086568,26911.02001446829,46684.35013262599,57632.023149264525,125295.39426091146,186640.9452616349,277308.8979985532,363395.22546419094,484446.58789486374,600868.0974198215,723366.2888835303,811044.1282855076,890137.4487581383,940245.960935616,973185.4352544007,987219.6768748492,995225.4641909814,998215.5775259222,999614.1789245236,999855.3170966964,1000000.0,1000000.0,1000000.0,1000000.0,1000000.0,1000000.0,1000000.0,1000000.0,1000000.0,1000000.0,1000000.0,1000000.0,1000000.0,1000000.0,1000000.0,1000000.0,48.22763443453082,48.22763443453082,48.22763443453082,48.22763443453082,48.22763443453082,48.22763443453082,48.22763443453082,48.22763443453082,48.22763443453082,48.22763443453082,48.22763443453082,48.22763443453082,48.22763443453082,48.22763443453082,48.22763443453082,48.22763443453082,48.22763443453082,48.22763443453082,48.22763443453082,48.22763443453082,48.22763443453082,48.22763443453082,48.22763443453082,48.22763443453082,48.22763443453082,48.22763443453082,48.22763443453082,48.22763443453082,48.22763443453082,48.22763443453082,48.22763443453082,48.22763443453082,48.22763443453082,48.22763443453082,48.22763443453082,48.22763443453082,48.22763443453082,48.22763443453082,48.22763443453082,48.22763443453082,48.22763443453082,48.22763443453082,48.22763443453082,48.22763443453082,48.22763443453082,48.22763443453082,48.22763443453082,48.22763443453082,48.22763443453082,48.22763443453082,48.22763443453082,48.22763443453082,48.22763443453082,48.22763443453082,96.4552688690621,96.4552688690621,241.13817217265407,868.0974198215577,2411.3817217265464,5594.405594405593,16011.574632264283,38389.197009886644,104027.00747528338,1000000.0,0.0,0.0,0.0,0.0,0.0,0.0,0.0,0.0,0.0,0.0,0.0,0.0,0.0,0.0,0.0,0.0,0.0,0.0,0.0,0.0,0.0,0.0,0.0,0.0,0.0,0.0,0.0,0.0,0.0,0.0,0.0,0.0,0.0,0.0,0.0,0.0,0.0,0.0,0.0,0.0,0.0,0.0,0.0,0.0,0.0,0.0,0.0,0.0,0.0,0.0,0.0,0.0,0.0,0.0,0.0,0.0,0.0,0.0,0.0,0.0,0.0,0.0,0.0,1000000.0
FLINT,MAGNUM03,F,na,na,na,na,2025_03_11-09_22_56,na,5,24,Yes,1,na,0.0,0.0,48.22763443453082,13.5,53.0,0.0,,,,0.0,0.0,48.22763443453082,13.5,53.0,0.0,37.0,26.0,0.0,33.0,23.0,0.0,28.0,18.0,0.0,23.0,15.0,0.0,18.0,12.0,0.0,13.0,7.0,0.0,15.0,9.0,0.0,0.0,37.0,37.0,63.0,63.0,63.0,0.0,33.0,40.0,63.0,63.0,63.0,1.0,29.0,43.0,61.0,63.0,63.0,3.0,26.0,45.0,60.0,63.0,63.0,5.0,23.0,46.0,58.0,63.0,63.0,8.0,21.0,49.0,56.0,63.0,63.0,7.0,22.0,48.0,57.0,63.0,63.0,8.0,0.0,59.0,19.0,63.0,53.0,63.0,0.0,0.4534679263788542,3.553090939354336,0.5162244639572293,0.6186885949313036,30.0,160.0,976995.4183747286,982879.1897757414,990402.7007475282,994260.9115022907,997395.7077405354,998987.2196768748,999469.4960212201,999855.3170966964,1000000.0,1000000.0,1000000.0,1000000.0,1000000.0,1000000.0,1000000.0,1000000.0,1000000.0,1000000.0,1000000.0,1000000.0,1000000.0,1000000.0,1000000.0,1000000.0,1000000.0,1000000.0,1000000.0,1000000.0,1000000.0,1000000.0,1000000.0,1000000.0,1000000.0,1000000.0,1000000.0,1000000.0,1000000.0,1000000.0,1000000.0,1000000.0,1000000.0,1000000.0,1000000.0,1000000.0,1000000.0,1000000.0,1000000.0,1000000.0,1000000.0,1000000.0,1000000.0,1000000.0,1000000.0,1000000.0,1000000.0,1000000.0,1000000.0,1000000.0,1000000.0,1000000.0,1000000.0,1000000.0,1000000.0,1000000.0,0.0,0.0,0.0,0.0,0.0,0.0,0.0,0.0,0.0,0.0,0.0,0.0,0.0,0.0,0.0,0.0,0.0,0.0,0.0,48.22763443453082,144.68290330359284,241.13817217265407,626.959247648901,1639.7395707740552,2266.6988184229576,3665.3002170243526,6558.958283096219,10899.44538220399,17603.08656860379,27393.29635881359,43163.7328189052,60380.99831203282,119893.89920424404,179937.30407523512,258693.03110682417,348251.7482517482,456619.2428261394,570388.232457198,688304.7986496262,780853.6291294912,862310.1036894139,920617.3137207619,961900.1687967204,980178.4422474077,991367.253436219,996190.0168796721,998746.0815047021,999421.2683867855,999855.3170966964,999951.7723655654,999951.7723655654,999951.7723655654,1000000.0,1000000.0,1000000.0,1000000.0,1000000.0,1000000.0,1000000.0,1000000.0,1000000.0,1000000.0,1000000.0,1000000.0,0.0,0.0,0.0,0.0,0.0,0.0,0.0,0.0,0.0,0.0,0.0,0.0,0.0,0.0,0.0,0.0,0.0,0.0,0.0,0.0,0.0,0.0,0.0,0.0,0.0,0.0,0.0,0.0,0.0,0.0,0.0,0.0,0.0,0.0,0.0,0.0,0.0,0.0,0.0,0.0,0.0,0.0,0.0,0.0,0.0,0.0,0.0,0.0,0.0,0.0,0.0,0.0,0.0,48.22763443453082,48.22763443453082,192.91053773812425,289.36580660718624,723.414516517964,1784.4224740776426,3568.844948155295,11526.404629852897,29274.17410176033,79864.96262358334,1000000.0,96.4552688690621,96.4552688690621,96.4552688690621,96.4552688690621,96.4552688690621,96.4552688690621,96.4552688690621,96.4552688690621,96.4552688690621,96.4552688690621,96.4552688690621,96.4552688690621,96.4552688690621,96.4552688690621,96.4552688690621,96.4552688690621,96.4552688690621,96.4552688690621,96.4552688690621,96.4552688690621,96.4552688690621,96.4552688690621,96.4552688690621,96.4552688690621,96.4552688690621,96.4552688690621,96.4552688690621,96.4552688690621,96.4552688690621,96.4552688690621,96.4552688690621,96.4552688690621,96.4552688690621,96.4552688690621,96.4552688690621,96.4552688690621,96.4552688690621,96.4552688690621,96.4552688690621,96.4552688690621,96.4552688690621,96.4552688690621,96.4552688690621,96.4552688690621,96.4552688690621,96.4552688690621,96.4552688690621,96.4552688690621,96.4552688690621,96.4552688690621,96.4552688690621,96.4552688690621,96.4552688690621,96.4552688690621,96.4552688690621,96.4552688690621,96.4552688690621,96.4552688690621,96.4552688690621,96.4552688690621,96.4552688690621,96.4552688690621,96.4552688690621,1000000.0
FLINT,MAGNUM03,F,na,na,na,na,2025_03_11-09_22_56,na,5,25,Yes,1,na,0.0,0.0,48.22763443453082,10.5,53.0,0.0,,,,0.0,0.0,48.22763443453082,10.5,53.0,0.0,37.0,26.0,0.0,33.0,23.0,0.0,28.0,18.0,0.0,23.0,15.0,0.0,17.0,11.0,0.0,9.0,7.0,0.0,14.0,9.0,0.0,0.0,37.0,37.0,63.0,63.0,63.0,0.0,33.0,40.0,63.0,63.0,63.0,0.0,28.0,44.0,62.0,63.0,63.0,3.0,26.0,45.0,60.0,63.0,63.0,5.0,22.0,47.0,58.0,63.0,63.0,7.0,16.0,49.0,56.0,63.0,63.0,6.0,20.0,48.0,57.0,63.0,63.0,10.0,0.0,52.0,11.0,63.0,54.0,63.0,0.0,0.4249803520884258,3.755361029771456,0.4117264328536564,0.6186885949313036,30.0,160.0,978201.1092355918,984470.701712081,991174.3428984808,995177.2365565469,998119.1222570533,999228.3578490474,999565.9512900892,999903.5447311308,1000000.0,1000000.0,1000000.0,1000000.0,1000000.0,1000000.0,1000000.0,1000000.0,1000000.0,1000000.0,1000000.0,1000000.0,1000000.0,1000000.0,1000000.0,1000000.0,1000000.0,1000000.0,1000000.0,1000000.0,1000000.0,1000000.0,1000000.0,1000000.0,1000000.0,1000000.0,1000000.0,1000000.0,1000000.0,1000000.0,1000000.0,1000000.0,1000000.0,1000000.0,1000000.0,1000000.0,1000000.0,1000000.0,1000000.0,1000000.0,1000000.0,1000000.0,1000000.0,1000000.0,1000000.0,1000000.0,1000000.0,1000000.0,1000000.0,1000000.0,1000000.0,1000000.0,1000000.0,1000000.0,1000000.0,1000000.0,0.0,0.0,0.0,0.0,0.0,0.0,0.0,0.0,0.0,0.0,0.0,96.4552688690621,96.4552688690621,144.68290330359284,144.68290330359284,192.91053773812425,289.36580660718624,337.59344104171646,385.82107547624787,434.04870991077877,723.414516517964,1157.4632264287443,1832.650108512174,2411.3817217265464,3568.844948155295,5883.771401012779,9741.98215577526,14420.062695924775,23149.2645285749,34386.30335182058,53677.35712563295,66216.54207861106,129635.88136001925,185917.5307451169,263949.843260188,341017.6030865686,450735.4714251266,559633.4699782976,678659.27176272,769905.9561128528,850060.2845430431,911839.8842536773,953556.7880395466,973860.6221364841,987412.5874125873,994212.6838678562,997926.211719315,999131.9025801783,999855.3170966964,999903.5447311308,1000000.0,1000000.0,1000000.0,1000000.0,1000000.0,1000000.0,1000000.0,1000000.0,1000000.0,1000000.0,1000000.0,1000000.0,1000000.0,1000000.0,0.0,0.0,0.0,0.0,0.0,0.0,0.0,0.0,0.0,0.0,0.0,0.0,0.0,0.0,0.0,0.0,0.0,0.0,0.0,0.0,0.0,0.0,0.0,0.0,0.0,0.0,0.0,0.0,0.0,0.0,0.0,0.0,0.0,0.0,0.0,0.0,0.0,0.0,0.0,0.0,0.0,0.0,0.0,0.0,0.0,0.0,0.0,0.0,0.0,0.0,0.0,0.0,0.0,0.0,96.4552688690621,96.4552688690621,385.82107547624787,964.5526886906189,1543.2843019049903,2893.6580660718573,6800.096455268857,15432.843019049933,41186.39980708944,1000000.0,96.4552688690621,96.4552688690621,96.4552688690621,96.4552688690621,96.4552688690621,96.4552688690621,96.4552688690621,96.4552688690621,96.4552688690621,96.4552688690621,96.4552688690621,96.4552688690621,96.4552688690621,96.4552688690621,96.4552688690621,96.4552688690621,96.4552688690621,96.4552688690621,96.4552688690621,96.4552688690621,96.4552688690621,96.4552688690621,96.4552688690621,96.4552688690621,96.4552688690621,96.4552688690621,96.4552688690621,96.4552688690621,96.4552688690621,96.4552688690621,96.4552688690621,96.4552688690621,96.4552688690621,96.4552688690621,96.4552688690621,96.4552688690621,96.4552688690621,96.4552688690621,96.4552688690621,96.4552688690621,96.4552688690621,96.4552688690621,96.4552688690621,96.4552688690621,96.4552688690621,96.4552688690621,96.4552688690621,96.4552688690621,96.4552688690621,96.4552688690621,96.4552688690621,96.4552688690621,96.4552688690621,96.4552688690621,96.4552688690621,96.4552688690621,96.4552688690621,96.4552688690621,96.4552688690621,96.4552688690621,96.4552688690621,96.4552688690621,96.4552688690621,1000000.0
FLINT,MAGNUM03,F,na,na,na,na,2025_03_11-09_22_56,na,5,26,Yes,1,na,0.0,0.0,0.0,10.5,54.0,0.0,,,,0.0,0.0,0.0,10.5,54.0,0.0,37.0,26.0,0.0,34.0,22.0,0.0,30.0,18.0,0.0,27.0,15.0,0.0,22.0,12.0,0.0,18.0,9.0,0.0,20.0,11.0,0.0,0.0,37.0,37.0,63.0,63.0,63.0,0.0,34.0,40.0,62.0,63.0,63.0,0.0,30.0,42.0,60.0,63.0,63.0,2.0,29.0,43.0,58.0,63.0,63.0,4.0,26.0,45.0,57.0,63.0,63.0,5.0,23.0,47.0,56.0,63.0,63.0,4.0,24.0,46.0,57.0,63.0,63.0,5.0,0.0,56.0,16.0,63.0,54.0,63.0,0.0,0.3160489965365841,2.9386662711766443,0.9790977168212063,0.4374894505865458,30.0,160.0,979744.393537497,988714.7335423196,994791.4154810706,997685.0735471424,999565.9512900892,1000000.0,1000000.0,1000000.0,1000000.0,1000000.0,1000000.0,1000000.0,1000000.0,1000000.0,1000000.0,1000000.0,1000000.0,1000000.0,1000000.0,1000000.0,1000000.0,1000000.0,1000000.0,1000000.0,1000000.0,1000000.0,1000000.0,1000000.0,1000000.0,1000000.0,1000000.0,1000000.0,1000000.0,1000000.0,1000000.0,1000000.0,1000000.0,1000000.0,1000000.0,1000000.0,1000000.0,1000000.0,1000000.0,1000000.0,1000000.0,1000000.0,1000000.0,1000000.0,1000000.0,1000000.0,1000000.0,1000000.0,1000000.0,1000000.0,1000000.0,1000000.0,1000000.0,1000000.0,1000000.0,1000000.0,1000000.0,1000000.0,1000000.0,1000000.0,0.0,0.0,0.0,0.0,0.0,0.0,0.0,0.0,0.0,0.0,0.0,0.0,0.0,0.0,0.0,0.0,48.22763443453082,48.22763443453082,48.22763443453082,48.22763443453082,96.4552688690621,96.4552688690621,192.91053773812425,337.59344104171646,626.959247648901,1205.690860863273,1880.8777429467057,3279.479141548107,5980.226669881832,11719.315167591023,23969.134313961884,33952.254641909814,85411.14058355431,140197.73330118164,230962.14130696884,320424.40318302385,452905.71497468045,590113.3349409212,731613.214371835,830335.1820593199,913865.4448999276,961610.8029901133,986592.7176272003,995032.5536532432,998360.2604292259,999324.8131179166,999758.8618278273,999951.7723655654,1000000.0,1000000.0,1000000.0,1000000.0,1000000.0,1000000.0,1000000.0,1000000.0,1000000.0,1000000.0,1000000.0,1000000.0,1000000.0,1000000.0,1000000.0,1000000.0,0.0,0.0,0.0,0.0,0.0,0.0,0.0,0.0,0.0,0.0,0.0,0.0,0.0,0.0,0.0,0.0,0.0,0.0,0.0,0.0,0.0,0.0,0.0,0.0,0.0,0.0,0.0,0.0,0.0,0.0,0.0,0.0,0.0,0.0,0.0,0.0,0.0,0.0,0.0,0.0,0.0,0.0,0.0,0.0,0.0,0.0,0.0,0.0,0.0,0.0,0.0,0.0,0.0,0.0,48.22763443453082,144.68290330359284,385.82107547624787,1591.5119363395213,6848.3240897033975,18374.728719556282,59995.177236556556,141162.28598987212,316373.28189052327,1000000.0,48.22763443453082,48.22763443453082,48.22763443453082,48.22763443453082,48.22763443453082,48.22763443453082,48.22763443453082,48.22763443453082,48.22763443453082,48.22763443453082,48.22763443453082,48.22763443453082,48.22763443453082,48.22763443453082,48.22763443453082,48.22763443453082,48.22763443453082,48.22763443453082,48.22763443453082,48.22763443453082,48.22763443453082,48.22763443453082,48.22763443453082,48.22763443453082,48.22763443453082,48.22763443453082,48.22763443453082,48.22763443453082,48.22763443453082,48.22763443453082,48.22763443453082,48.22763443453082,48.22763443453082,48.22763443453082,48.22763443453082,48.22763443453082,48.22763443453082,48.22763443453082,48.22763443453082,48.22763443453082,48.22763443453082,48.22763443453082,48.22763443453082,48.22763443453082,48.22763443453082,48.22763443453082,48.22763443453082,48.22763443453082,48.22763443453082,48.22763443453082,48.22763443453082,48.22763443453082,48.22763443453082,48.22763443453082,48.22763443453082,48.22763443453082,48.22763443453082,48.22763443453082,48.22763443453082,48.22763443453082,48.22763443453082,48.22763443453082,48.22763443453082,1000000.0
FLINT,MAGNUM03,F,na,na,na,na,2025_03_11-09_22_56,na,5,27,Yes,1,na,0.0,0.0,734940.9211478177,11.5,51.0,62.0,,,,0.0,0.0,734940.9211478177,11.5,51.0,62.0,36.0,27.0,0.0,33.0,22.0,0.0,28.0,17.0,0.0,24.0,15.0,0.0,21.0,13.0,0.0,17.0,10.0,0.0,18.0,11.0,0.0,0.0,36.0,36.0,63.0,63.0,63.0,0.0,33.0,39.0,61.0,63.0,63.0,2.0,30.0,42.0,59.0,63.0,63.0,3.0,27.0,43.0,58.0,63.0,63.0,4.0,25.0,44.0,57.0,63.0,63.0,5.0,22.0,46.0,56.0,63.0,63.0,5.0,23.0,45.0,56.0,63.0,63.0,6.0,0.0,48.0,17.0,63.0,54.0,63.0,63.0,0.47761357936179955,3.068536485085508,1.2225307118574116,0.0,30.0,160.0,952544.0077164215,971545.6956836267,988232.4571979743,995080.7812876777,998987.2196768748,1000000.0,1000000.0,1000000.0,1000000.0,1000000.0,1000000.0,1000000.0,1000000.0,1000000.0,1000000.0,1000000.0,1000000.0,1000000.0,1000000.0,1000000.0,1000000.0,1000000.0,1000000.0,1000000.0,1000000.0,1000000.0,1000000.0,1000000.0,1000000.0,1000000.0,1000000.0,1000000.0,1000000.0,1000000.0,1000000.0,1000000.0,1000000.0,1000000.0,1000000.0,1000000.0,1000000.0,1000000.0,1000000.0,1000000.0,1000000.0,1000000.0,1000000.0,1000000.0,1000000.0,1000000.0,1000000.0,1000000.0,1000000.0,1000000.0,1000000.0,1000000.0,1000000.0,1000000.0,1000000.0,1000000.0,1000000.0,1000000.0,1000000.0,1000000.0,0.0,0.0,0.0,0.0,0.0,0.0,0.0,0.0,0.0,0.0,0.0,0.0,0.0,0.0,0.0,0.0,0.0,48.22763443453082,48.22763443453082,48.22763443453082,96.4552688690621,192.91053773812425,337.59344104171646,723.414516517964,1061.0079575596806,1880.8777429467057,3617.07258258982,6366.047745358085,10899.44538220399,20062.69592476488,35206.173137207625,46153.84615384609,129684.10899445377,201205.69086086325,304316.3732818904,404870.9910778876,535326.7422232939,661972.5102483723,784567.15698095,864094.5261634914,931854.3525440076,969182.5415963347,990258.0178442247,995755.9681697612,998746.0815047021,999662.4065589582,999903.5447311308,1000000.0,1000000.0,1000000.0,1000000.0,1000000.0,1000000.0,1000000.0,1000000.0,1000000.0,1000000.0,1000000.0,1000000.0,1000000.0,1000000.0,1000000.0,1000000.0,1000000.0,0.0,0.0,0.0,0.0,0.0,0.0,0.0,0.0,0.0,0.0,0.0,0.0,0.0,0.0,0.0,0.0,0.0,0.0,0.0,0.0,0.0,0.0,0.0,0.0,0.0,0.0,0.0,0.0,0.0,0.0,0.0,0.0,0.0,0.0,0.0,0.0,0.0,0.0,0.0,0.0,0.0,0.0,0.0,0.0,0.0,0.0,0.0,0.0,0.0,0.0,0.0,0.0,0.0,0.0,96.4552688690621,144.68290330359284,1350.373764166866,4099.348926935128,14323.607427055684,40462.98529057147,124668.43501326258,265059.07885218225,499590.06510730647,1000000.0,0.0,0.0,0.0,0.0,0.0,0.0,0.0,0.0,0.0,0.0,0.0,0.0,0.0,0.0,0.0,0.0,0.0,0.0,0.0,0.0,0.0,0.0,0.0,0.0,0.0,0.0,0.0,0.0,0.0,0.0,0.0,0.0,0.0,0.0,0.0,0.0,0.0,0.0,0.0,0.0,0.0,0.0,0.0,0.0,0.0,0.0,0.0,0.0,0.0,0.0,0.0,0.0,0.0,0.0,0.0,0.0,0.0,0.0,0.0,0.0,0.0,0.0,0.0,1000000.0
FLINT,MAGNUM03,F,na,na,na,na,2025_03_11-09_22_56,na,5,28,Yes,1,na,48.22763443453082,0.0,0.0,10.5,53.0,0.0,,,,48.22763443453082,0.0,0.0,10.5,53.0,0.0,36.0,27.0,0.0,32.0,24.0,0.0,28.0,21.0,0.0,24.0,18.0,0.0,18.0,15.0,0.0,12.0,10.0,0.0,15.0,14.0,0.0,0.0,36.0,36.0,63.0,63.0,63.0,0.0,32.0,39.0,63.0,63.0,63.0,0.0,28.0,42.0,63.0,63.0,63.0,2.0,26.0,44.0,62.0,63.0,63.0,5.0,23.0,45.0,60.0,63.0,63.0,7.0,19.0,48.0,58.0,63.0,63.0,6.0,21.0,46.0,60.0,63.0,63.0,9.0,0.0,50.0,7.0,63.0,56.0,63.0,0.0,0.32290213248760447,3.4187542226370686,0.19097733087030008,0.4374894505865458,30.0,160.0,988859.4164456233,991994.2126838678,995225.4641909814,997058.1142994935,998697.8538702676,999517.7236556546,999758.8618278273,999903.5447311308,1000000.0,1000000.0,1000000.0,1000000.0,1000000.0,1000000.0,1000000.0,1000000.0,1000000.0,1000000.0,1000000.0,1000000.0,1000000.0,1000000.0,1000000.0,1000000.0,1000000.0,1000000.0,1000000.0,1000000.0,1000000.0,1000000.0,1000000.0,1000000.0,1000000.0,1000000.0,1000000.0,1000000.0,1000000.0,1000000.0,1000000.0,1000000.0,1000000.0,1000000.0,1000000.0,1000000.0,1000000.0,1000000.0,1000000.0,1000000.0,1000000.0,1000000.0,1000000.0,1000000.0,1000000.0,1000000.0,1000000.0,1000000.0,1000000.0,1000000.0,1000000.0,1000000.0,1000000.0,1000000.0,1000000.0,1000000.0,0.0,0.0,0.0,0.0,0.0,0.0,0.0,48.22763443453082,48.22763443453082,48.22763443453082,48.22763443453082,48.22763443453082,96.4552688690621,96.4552688690621,96.4552688690621,96.4552688690621,96.4552688690621,144.68290330359284,192.91053773812425,289.36580660718624,289.36580660718624,675.1868820834334,1109.2355919942117,1736.1948396431121,2797.202797202796,5160.356884494808,9597.299252471657,15866.891728960678,24547.86592717626,39257.29442970819,62985.290571497404,78996.8652037617,167591.02965999517,240655.89582830959,353942.6091150228,447745.3580901857,569905.9561128527,689076.4408005787,800241.1381721726,864287.4367012298,924330.8415722209,962816.4938509766,985242.3438630335,993006.993006993,997106.3419339281,998794.3091391367,999565.9512900892,999807.0894622619,999951.7723655654,1000000.0,1000000.0,1000000.0,1000000.0,1000000.0,1000000.0,1000000.0,1000000.0,1000000.0,1000000.0,1000000.0,1000000.0,1000000.0,1000000.0,1000000.0,0.0,0.0,0.0,0.0,0.0,0.0,0.0,0.0,0.0,0.0,0.0,0.0,0.0,0.0,0.0,0.0,0.0,0.0,0.0,0.0,0.0,0.0,0.0,0.0,0.0,0.0,0.0,0.0,0.0,0.0,0.0,0.0,0.0,0.0,0.0,0.0,0.0,0.0,0.0,0.0,0.0,0.0,0.0,0.0,0.0,0.0,0.0,0.0,0.0,0.0,0.0,0.0,0.0,0.0,0.0,0.0,48.22763443453082,48.22763443453082,289.36580660718624,385.82107547624787,1398.601398601398,3761.755485893413,12056.90860863274,1000000.0,48.22763443453082,48.22763443453082,48.22763443453082,48.22763443453082,48.22763443453082,48.22763443453082,48.22763443453082,48.22763443453082,48.22763443453082,48.22763443453082,48.22763443453082,48.22763443453082,48.22763443453082,48.22763443453082,48.22763443453082,48.22763443453082,48.22763443453082,48.22763443453082,48.22763443453082,48.22763443453082,48.22763443453082,48.22763443453082,48.22763443453082,48.22763443453082,48.22763443453082,48.22763443453082,48.22763443453082,48.22763443453082,48.22763443453082,48.22763443453082,48.22763443453082,48.22763443453082,48.22763443453082,48.22763443453082,48.22763443453082,48.22763443453082,48.22763443453082,48.22763443453082,48.22763443453082,48.22763443453082,48.22763443453082,48.22763443453082,48.22763443453082,48.22763443453082,48.22763443453082,48.22763443453082,48.22763443453082,48.22763443453082,48.22763443453082,48.22763443453082,48.22763443453082,48.22763443453082,48.22763443453082,48.22763443453082,48.22763443453082,48.22763443453082,48.22763443453082,48.22763443453082,48.22763443453082,48.22763443453082,48.22763443453082,48.22763443453082,48.22763443453082,1000000.0
FLINT,MAGNUM03,F,na,na,na,na,2025_03_11-09_22_56,na,5,29,Yes,1,na,144.68290330359284,0.0,48.22763443453082,10.5,51.5,0.0,,,,144.68290330359284,0.0,48.22763443453082,10.5,51.5,0.0,36.0,27.0,0.0,32.0,23.0,0.0,26.0,18.0,0.0,20.0,14.0,0.0,15.0,10.0,0.0,6.0,8.0,0.0,12.0,10.0,0.0,0.0,36.0,36.0,63.0,63.0,63.0,0.0,32.0,39.0,62.0,63.0,63.0,2.0,28.0,42.0,60.0,63.0,63.0,4.0,24.0,44.0,58.0,63.0,63.0,5.0,20.0,46.0,56.0,63.0,63.0,8.0,14.0,47.0,55.0,63.0,63.0,6.0,18.0,46.0,56.0,63.0,63.0,11.0,0.0,49.0,5.0,63.0,54.0,63.0,0.0,0.5556683189120731,3.628354991294679,0.9829437750730894,0.6186885949313036,30.0,160.0,961080.2990113334,973137.2076199661,985483.482035206,990354.4731130938,996238.2445141064,998842.5367735712,999710.6341933928,999855.3170966964,1000000.0,1000000.0,1000000.0,1000000.0,1000000.0,1000000.0,1000000.0,1000000.0,1000000.0,1000000.0,1000000.0,1000000.0,1000000.0,1000000.0,1000000.0,1000000.0,1000000.0,1000000.0,1000000.0,1000000.0,1000000.0,1000000.0,1000000.0,1000000.0,1000000.0,1000000.0,1000000.0,1000000.0,1000000.0,1000000.0,1000000.0,1000000.0,1000000.0,1000000.0,1000000.0,1000000.0,1000000.0,1000000.0,1000000.0,1000000.0,1000000.0,1000000.0,1000000.0,1000000.0,1000000.0,1000000.0,1000000.0,1000000.0,1000000.0,1000000.0,1000000.0,1000000.0,1000000.0,1000000.0,1000000.0,1000000.0,0.0,0.0,0.0,0.0,0.0,48.22763443453082,48.22763443453082,48.22763443453082,144.68290330359284,144.68290330359284,192.91053773812425,192.91053773812425,192.91053773812425,192.91053773812425,241.13817217265407,241.13817217265407,289.36580660718624,482.27634434531,675.1868820834334,868.0974198215577,1398.601398601398,2073.7882806848356,3086.56860380998,3906.438389197008,6848.3240897033975,9886.665059078852,15191.704846877255,21750.663129973454,34482.75862068963,53339.76368459129,83144.44176513141,104123.46274415246,201302.14612973228,281070.6534844466,394453.8220400289,488208.34338075714,608295.1531227393,714781.7699541837,813648.4205449722,878466.3612249818,932240.1736194838,962671.8109476729,983457.9213889558,991704.8468772606,996816.9761273209,998456.7156980949,999614.1789245236,999903.5447311308,1000000.0,1000000.0,1000000.0,1000000.0,1000000.0,1000000.0,1000000.0,1000000.0,1000000.0,1000000.0,1000000.0,1000000.0,1000000.0,1000000.0,1000000.0,1000000.0,0.0,0.0,0.0,0.0,0.0,0.0,0.0,0.0,0.0,0.0,0.0,0.0,0.0,0.0,0.0,0.0,0.0,0.0,0.0,0.0,0.0,0.0,0.0,0.0,0.0,0.0,0.0,0.0,0.0,0.0,0.0,0.0,0.0,0.0,0.0,0.0,0.0,0.0,0.0,0.0,0.0,0.0,0.0,0.0,0.0,0.0,0.0,0.0,0.0,0.0,0.0,0.0,0.0,0.0,144.68290330359284,482.27634434531,1398.601398601398,3183.023872679041,9886.665059078852,21220.159151193613,55702.917771883294,115601.63973957072,248854.59368217987,1000000.0,96.4552688690621,96.4552688690621,96.4552688690621,96.4552688690621,96.4552688690621,96.4552688690621,96.4552688690621,96.4552688690621,96.4552688690621,96.4552688690621,96.4552688690621,96.4552688690621,96.4552688690621,96.4552688690621,96.4552688690621,96.4552688690621,96.4552688690621,96.4552688690621,96.4552688690621,96.4552688690621,96.4552688690621,96.4552688690621,96.4552688690621,96.4552688690621,96.4552688690621,96.4552688690621,96.4552688690621,96.4552688690621,96.4552688690621,96.4552688690621,96.4552688690621,96.4552688690621,96.4552688690621,96.4552688690621,96.4552688690621,96.4552688690621,96.4552688690621,96.4552688690621,96.4552688690621,96.4552688690621,96.4552688690621,96.4552688690621,96.4552688690621,96.4552688690621,96.4552688690621,96.4552688690621,96.4552688690621,96.4552688690621,96.4552688690621,96.4552688690621,96.4552688690621,96.4552688690621,96.4552688690621,96.4552688690621,96.4552688690621,96.4552688690621,96.4552688690621,96.4552688690621,96.4552688690621,96.4552688690621,96.4552688690621,96.4552688690621,96.4552688690621,1000000.0
FLINT,MAGNUM03,F,na,na,na,na,2025_03_11-09_22_56,na,5,30,Yes,1,na,48.22763443453082,0.0,795948.8787074995,14.0,47.5,62.0,,,,48.22763443453082,0.0,795948.8787074995,14.0,47.5,62.0,35.0,28.0,0.0,32.0,23.0,0.0,27.0,18.0,0.0,22.0,15.0,0.0,18.0,13.0,0.0,10.0,10.0,0.0,15.0,11.0,0.0,0.0,35.0,35.0,63.0,63.0,63.0,0.0,32.0,38.0,61.0,63.0,63.0,1.0,28.0,41.0,59.0,63.0,63.0,4.0,26.0,43.0,58.0,63.0,63.0,5.0,23.0,44.0,57.0,63.0,63.0,7.0,17.0,45.0,55.0,63.0,63.0,6.0,21.0,45.0,56.0,63.0,63.0,8.0,0.0,46.0,1.0,63.0,49.0,63.0,63.0,0.4785290529294702,3.2237563306843224,1.1454929279853319,0.0,30.0,160.0,967783.9401977332,978394.0197733301,988618.2782734506,993537.4969857727,997877.9840848806,999083.6749457439,999807.0894622619,999951.7723655654,1000000.0,1000000.0,1000000.0,1000000.0,1000000.0,1000000.0,1000000.0,1000000.0,1000000.0,1000000.0,1000000.0,1000000.0,1000000.0,1000000.0,1000000.0,1000000.0,1000000.0,1000000.0,1000000.0,1000000.0,1000000.0,1000000.0,1000000.0,1000000.0,1000000.0,1000000.0,1000000.0,1000000.0,1000000.0,1000000.0,1000000.0,1000000.0,1000000.0,1000000.0,1000000.0,1000000.0,1000000.0,1000000.0,1000000.0,1000000.0,1000000.0,1000000.0,1000000.0,1000000.0,1000000.0,1000000.0,1000000.0,1000000.0,1000000.0,1000000.0,1000000.0,1000000.0,1000000.0,1000000.0,1000000.0,1000000.0,0.0,48.22763443453082,48.22763443453082,48.22763443453082,48.22763443453082,48.22763443453082,48.22763443453082,48.22763443453082,48.22763443453082,48.22763443453082,48.22763443453082,48.22763443453082,48.22763443453082,48.22763443453082,96.4552688690621,96.4552688690621,144.68290330359284,241.13817217265407,289.36580660718624,434.04870991077877,482.27634434531,626.959247648901,1302.1461297323344,2122.0159151193625,3134.7962382445157,5015.673981191222,9549.071618037116,13600.192910537737,23872.679045092835,40945.261634916824,70074.75283337354,86809.74198215574,196720.52085845187,283433.80757173855,407812.876778394,517386.06221364834,645816.2527128044,753894.3814805883,854111.4058355436,912756.2093079333,956161.0802990112,979985.5317096696,993151.6759102965,997251.0248372317,999373.040752351,999951.7723655654,1000000.0,1000000.0,1000000.0,1000000.0,1000000.0,1000000.0,1000000.0,1000000.0,1000000.0,1000000.0,1000000.0,1000000.0,1000000.0,1000000.0,1000000.0,1000000.0,1000000.0,1000000.0,0.0,0.0,0.0,0.0,0.0,0.0,0.0,0.0,0.0,0.0,0.0,0.0,0.0,0.0,0.0,0.0,0.0,0.0,0.0,0.0,0.0,0.0,0.0,0.0,0.0,0.0,0.0,0.0,0.0,0.0,0.0,0.0,0.0,0.0,0.0,0.0,0.0,0.0,0.0,0.0,0.0,0.0,0.0,0.0,0.0,0.0,0.0,0.0,0.0,48.22763443453082,48.22763443453082,48.22763443453082,48.22763443453082,144.68290330359284,192.91053773812425,289.36580660718624,1205.690860863273,2893.6580660718573,12732.095490716194,31492.64528574873,94188.57005063891,204051.12129250058,419194.5985049433,1000000.0,0.0,0.0,0.0,0.0,0.0,0.0,0.0,0.0,0.0,0.0,0.0,0.0,0.0,0.0,0.0,0.0,0.0,0.0,0.0,0.0,0.0,0.0,0.0,0.0,0.0,0.0,0.0,0.0,0.0,0.0,0.0,0.0,0.0,0.0,0.0,0.0,0.0,0.0,0.0,0.0,0.0,0.0,0.0,0.0,0.0,0.0,0.0,0.0,0.0,0.0,0.0,0.0,0.0,0.0,0.0,0.0,0.0,0.0,0.0,0.0,0.0,0.0,0.0,1000000.0
FLINT,MAGNUM03,F,na,na,na,na,2025_03_11-09_22_56,na,5,31,Yes,1,na,144.68290330359284,0.0,0.0,8.0,53.0,0.0,,,,192.91053773812425,0.0,0.0,8.0,53.0,0.0,35.0,28.0,0.0,32.0,24.0,0.0,26.0,20.0,0.0,19.0,17.0,0.0,13.0,12.0,0.0,2.0,8.0,0.0,8.0,10.0,0.0,0.0,35.0,35.0,63.0,63.0,63.0,0.0,32.0,39.0,63.0,63.0,63.0,0.0,26.0,42.0,62.0,63.0,63.0,3.0,22.0,44.0,61.0,63.0,63.0,5.0,18.0,46.0,58.0,63.0,63.0,7.0,9.0,48.0,56.0,63.0,63.0,6.0,14.0,47.0,57.0,63.0,63.0,10.0,0.0,52.0,1.0,63.0,54.0,63.0,0.0,0.39403234699681444,4.051156070942092,0.3830365624302886,0.4374894505865458,30.0,160.0,984229.5635399083,987943.0913913671,992476.4890282131,995129.0089221123,997926.211719315,999324.8131179166,999855.3170966964,999951.7723655654,1000000.0,1000000.0,1000000.0,1000000.0,1000000.0,1000000.0,1000000.0,1000000.0,1000000.0,1000000.0,1000000.0,1000000.0,1000000.0,1000000.0,1000000.0,1000000.0,1000000.0,1000000.0,1000000.0,1000000.0,1000000.0,1000000.0,1000000.0,1000000.0,1000000.0,1000000.0,1000000.0,1000000.0,1000000.0,1000000.0,1000000.0,1000000.0,1000000.0,1000000.0,1000000.0,1000000.0,1000000.0,1000000.0,1000000.0,1000000.0,1000000.0,1000000.0,1000000.0,1000000.0,1000000.0,1000000.0,1000000.0,1000000.0,1000000.0,1000000.0,1000000.0,1000000.0,1000000.0,1000000.0,1000000.0,1000000.0,0.0,48.22763443453082,48.22763443453082,48.22763443453082,96.4552688690621,96.4552688690621,96.4552688690621,96.4552688690621,192.91053773812425,241.13817217265407,241.13817217265407,289.36580660718624,337.59344104171646,482.27634434531,675.1868820834334,868.0974198215577,1012.7803231251486,1253.9184952978064,1784.4224740776426,2314.926452857486,3665.3002170243526,5160.356884494808,7282.372799614172,9211.4781769954,13166.144200626935,19676.87484928863,29901.13334940919,40704.12346274415,56956.83626718108,80491.92187123222,117337.83457921393,136532.43308415724,246105.6185194116,325488.3047986496,426428.74367012293,520279.72027972026,628502.5319508078,725584.7600675187,815866.8917289607,878176.9954183747,929057.1497468048,959826.3805160356,979262.1171931516,989052.3269833614,994936.0983843743,997588.6182782734,999035.4473113093,999614.1789245236,999951.7723655654,999951.7723655654,1000000.0,1000000.0,1000000.0,1000000.0,1000000.0,1000000.0,1000000.0,1000000.0,1000000.0,1000000.0,1000000.0,1000000.0,1000000.0,1000000.0,0.0,0.0,0.0,0.0,0.0,0.0,0.0,0.0,0.0,0.0,0.0,0.0,0.0,0.0,0.0,0.0,0.0,0.0,0.0,0.0,0.0,0.0,0.0,0.0,0.0,0.0,0.0,0.0,0.0,0.0,0.0,0.0,0.0,0.0,0.0,0.0,0.0,0.0,0.0,0.0,0.0,0.0,0.0,0.0,0.0,0.0,0.0,0.0,0.0,0.0,0.0,0.0,0.0,0.0,48.22763443453082,48.22763443453082,337.59344104171646,675.1868820834334,1446.829033035929,2700.747528333735,6028.454304316367,13986.013986014003,32698.336146611982,1000000.0,48.22763443453082,48.22763443453082,48.22763443453082,48.22763443453082,48.22763443453082,48.22763443453082,48.22763443453082,48.22763443453082,48.22763443453082,48.22763443453082,48.22763443453082,48.22763443453082,48.22763443453082,48.22763443453082,48.22763443453082,48.22763443453082,48.22763443453082,48.22763443453082,48.22763443453082,48.22763443453082,48.22763443453082,48.22763443453082,48.22763443453082,48.22763443453082,48.22763443453082,48.22763443453082,48.22763443453082,48.22763443453082,48.22763443453082,48.22763443453082,48.22763443453082,48.22763443453082,48.22763443453082,48.22763443453082,48.22763443453082,48.22763443453082,48.22763443453082,48.22763443453082,48.22763443453082,48.22763443453082,48.22763443453082,48.22763443453082,48.22763443453082,48.22763443453082,48.22763443453082,48.22763443453082,48.22763443453082,48.22763443453082,48.22763443453082,48.22763443453082,48.22763443453082,48.22763443453082,48.22763443453082,48.22763443453082,48.22763443453082,48.22763443453082,48.22763443453082,48.22763443453082,48.22763443453082,48.22763443453082,48.22763443453082,48.22763443453082,48.22763443453082,1000000.0
FLINT,MAGNUM03,F,na,na,na,na,2025_03_11-09_22_56,na,5,32,Yes,1,na,0.0,0.0,0.0,13.0,49.0,0.0,,,,0.0,0.0,0.0,13.0,49.0,0.0,35.0,27.0,1.0,32.0,22.0,0.0,25.0,17.0,0.0,22.0,14.0,0.0,16.0,11.0,0.0,12.0,7.0,0.0,14.0,9.0,0.0,0.0,35.0,35.0,62.0,62.0,63.0,0.0,32.0,38.0,60.0,63.0,63.0,3.0,28.0,41.0,58.0,63.0,63.0,4.0,26.0,43.0,57.0,63.0,63.0,6.0,22.0,44.0,55.0,63.0,63.0,7.0,19.0,46.0,53.0,63.0,63.0,7.0,21.0,45.0,54.0,63.0,63.0,9.0,0.0,47.0,17.0,63.0,51.0,63.0,0.0,0.6660331573166858,3.264162743783238,1.5008081694115507,0.4374894505865458,30.0,160.0,940245.960935616,958283.0962141306,976561.3696648179,986689.1728960694,995563.0576320231,998504.9433325295,999469.4960212201,999903.5447311308,999951.7723655654,1000000.0,1000000.0,1000000.0,1000000.0,1000000.0,1000000.0,1000000.0,1000000.0,1000000.0,1000000.0,1000000.0,1000000.0,1000000.0,1000000.0,1000000.0,1000000.0,1000000.0,1000000.0,1000000.0,1000000.0,1000000.0,1000000.0,1000000.0,1000000.0,1000000.0,1000000.0,1000000.0,1000000.0,1000000.0,1000000.0,1000000.0,1000000.0,1000000.0,1000000.0,1000000.0,1000000.0,1000000.0,1000000.0,1000000.0,1000000.0,1000000.0,1000000.0,1000000.0,1000000.0,1000000.0,1000000.0,1000000.0,1000000.0,1000000.0,1000000.0,1000000.0,1000000.0,1000000.0,1000000.0,1000000.0,0.0,0.0,0.0,0.0,0.0,0.0,0.0,0.0,0.0,0.0,0.0,0.0,0.0,0.0,0.0,0.0,0.0,48.22763443453082,192.91053773812425,337.59344104171646,482.27634434531,819.8697853870253,1495.056667470457,2122.0159151193625,3038.3409693754506,5883.771401012779,10031.347962382453,16397.39570774054,25898.23969134314,42536.77357125628,69061.97251024836,85652.278755727,197588.6182782734,287967.20520858443,403713.5278514589,514637.0870508801,632987.7019532191,746901.3744875813,847986.4962623584,905377.3812394501,954376.6578249336,979696.1659030624,992958.7653725585,997395.7077405354,998938.9920424403,999662.4065589582,1000000.0,1000000.0,1000000.0,1000000.0,1000000.0,1000000.0,1000000.0,1000000.0,1000000.0,1000000.0,1000000.0,1000000.0,1000000.0,1000000.0,1000000.0,1000000.0,1000000.0,1000000.0,0.0,0.0,0.0,0.0,0.0,0.0,0.0,0.0,0.0,0.0,0.0,0.0,0.0,0.0,0.0,0.0,0.0,0.0,0.0,0.0,0.0,0.0,0.0,0.0,0.0,0.0,0.0,0.0,0.0,0.0,0.0,0.0,0.0,0.0,0.0,0.0,0.0,0.0,0.0,0.0,0.0,0.0,0.0,0.0,0.0,0.0,0.0,0.0,0.0,0.0,0.0,96.4552688690621,144.68290330359284,289.36580660718624,771.6421509524955,1495.056667470457,5112.12925006028,12587.412587412591,40897.034000482294,97516.27682662162,222859.89872196765,390740.29418857006,629418.8570050638,1000000.0,48.22763443453082,48.22763443453082,48.22763443453082,48.22763443453082,48.22763443453082,48.22763443453082,48.22763443453082,48.22763443453082,48.22763443453082,48.22763443453082,48.22763443453082,48.22763443453082,48.22763443453082,48.22763443453082,48.22763443453082,48.22763443453082,48.22763443453082,48.22763443453082,48.22763443453082,48.22763443453082,48.22763443453082,48.22763443453082,48.22763443453082,48.22763443453082,48.22763443453082,48.22763443453082,48.22763443453082,48.22763443453082,48.22763443453082,48.22763443453082,48.22763443453082,48.22763443453082,48.22763443453082,48.22763443453082,48.22763443453082,48.22763443453082,48.22763443453082,48.22763443453082,48.22763443453082,48.22763443453082,48.22763443453082,48.22763443453082,48.22763443453082,48.22763443453082,48.22763443453082,48.22763443453082,48.22763443453082,48.22763443453082,48.22763443453082,48.22763443453082,48.22763443453082,48.22763443453082,48.22763443453082,48.22763443453082,48.22763443453082,48.22763443453082,48.22763443453082,48.22763443453082,48.22763443453082,48.22763443453082,48.22763443453082,48.22763443453082,48.22763443453082,1000000.0
FLINT,MAGNUM03,F,na,na,na,na,2025_03_11-09_22_56,na,5,33,Yes,1,na,0.0,0.0,910055.4617795998,9.5,50.5,62.0,,,,0.0,0.0,910055.4617795998,9.5,50.5,62.0,35.0,28.0,0.0,32.0,23.0,0.0,25.0,18.0,0.0,19.0,14.0,0.0,12.0,10.0,0.0,5.0,5.0,0.0,10.0,7.0,0.0,0.0,35.0,35.0,63.0,63.0,63.0,0.0,32.0,39.0,62.0,63.0,63.0,1.0,26.0,42.0,60.0,63.0,63.0,4.0,23.0,44.0,58.0,63.0,63.0,6.0,18.0,46.0,56.0,63.0,63.0,8.0,13.0,48.0,53.0,63.0,63.0,6.0,16.0,47.0,54.0,63.0,63.0,10.0,0.0,50.0,9.0,63.0,51.0,63.0,63.0,0.4763041937657415,3.8830358259797317,0.9475035983919083,0.0,30.0,160.0,973088.9799855317,981625.2712804436,989679.2862310103,993778.6351579454,996961.6590306245,998649.626235833,999614.1789245236,999855.3170966964,1000000.0,1000000.0,1000000.0,1000000.0,1000000.0,1000000.0,1000000.0,1000000.0,1000000.0,1000000.0,1000000.0,1000000.0,1000000.0,1000000.0,1000000.0,1000000.0,1000000.0,1000000.0,1000000.0,1000000.0,1000000.0,1000000.0,1000000.0,1000000.0,1000000.0,1000000.0,1000000.0,1000000.0,1000000.0,1000000.0,1000000.0,1000000.0,1000000.0,1000000.0,1000000.0,1000000.0,1000000.0,1000000.0,1000000.0,1000000.0,1000000.0,1000000.0,1000000.0,1000000.0,1000000.0,1000000.0,1000000.0,1000000.0,1000000.0,1000000.0,1000000.0,1000000.0,1000000.0,1000000.0,1000000.0,1000000.0,0.0,0.0,0.0,0.0,0.0,0.0,0.0,0.0,0.0,48.22763443453082,48.22763443453082,48.22763443453082,144.68290330359284,337.59344104171646,434.04870991077877,530.5039787798403,626.959247648901,1109.2355919942117,1495.056667470457,2170.2435495538875,2845.4304316373314,4099.348926935128,5980.226669881832,8439.836026042916,12442.729684109,17651.314203038342,26139.377863515776,36411.8639980709,52423.43863033518,76778.39401977329,111695.20135037364,131275.62093079338,247745.35809018562,334121.0513624306,438099.83120327943,538461.5384615384,645141.0658307209,741692.789968652,831203.2794791415,892066.5541355197,937834.5792138894,965999.5177236556,984711.8398842536,992621.1719315166,996382.9274174101,998601.3986013986,999517.7236556546,999758.8618278273,999903.5447311308,999951.7723655654,1000000.0,1000000.0,1000000.0,1000000.0,1000000.0,1000000.0,1000000.0,1000000.0,1000000.0,1000000.0,1000000.0,1000000.0,1000000.0,1000000.0,0.0,0.0,0.0,0.0,0.0,0.0,0.0,0.0,0.0,0.0,0.0,0.0,0.0,0.0,0.0,0.0,0.0,0.0,0.0,0.0,0.0,0.0,0.0,0.0,0.0,0.0,0.0,0.0,0.0,0.0,0.0,0.0,0.0,0.0,0.0,0.0,0.0,0.0,0.0,0.0,0.0,0.0,0.0,0.0,0.0,0.0,0.0,0.0,0.0,0.0,0.0,48.22763443453082,192.91053773812425,385.82107547624787,723.414516517964,1061.0079575596806,2073.7882806848356,4292.259464673261,9211.4781769954,20593.199903544737,45864.48034723895,89944.53822040027,188136.0019291054,1000000.0,0.0,0.0,0.0,0.0,0.0,0.0,0.0,0.0,0.0,0.0,0.0,0.0,0.0,0.0,0.0,0.0,0.0,0.0,0.0,0.0,0.0,0.0,0.0,0.0,0.0,0.0,0.0,0.0,0.0,0.0,0.0,0.0,0.0,0.0,0.0,0.0,0.0,0.0,0.0,0.0,0.0,0.0,0.0,0.0,0.0,0.0,0.0,0.0,0.0,0.0,0.0,0.0,0.0,0.0,0.0,0.0,0.0,0.0,0.0,0.0,0.0,0.0,0.0,1000000.0
FLINT,MAGNUM03,F,na,na,na,na,2025_03_11-09_22_56,na,5,34,Yes,1,na,0.0,0.0,734844.4658789487,13.0,50.0,62.0,,,,0.0,0.0,734844.4658789487,13.0,50.0,62.0,35.0,28.0,0.0,32.0,23.0,0.0,27.0,18.0,0.0,21.0,16.0,0.0,17.0,12.0,0.0,11.0,8.0,0.0,15.0,10.0,0.0,0.0,35.0,35.0,63.0,63.0,63.0,0.0,32.0,38.0,61.0,63.0,63.0,1.0,28.0,41.0,59.0,63.0,63.0,4.0,25.0,42.0,58.0,63.0,63.0,5.0,22.0,44.0,56.0,63.0,63.0,8.0,19.0,46.0,54.0,63.0,63.0,6.0,21.0,45.0,55.0,63.0,63.0,12.0,0.0,47.0,14.0,63.0,53.0,63.0,63.0,0.5041288015687968,3.239330644211305,1.2619408870400395,0.0,30.0,160.0,967156.9809500844,978586.9303110682,988425.3677357126,992621.1719315166,997202.7972027971,999083.6749457439,999614.1789245236,999807.0894622619,999903.5447311308,999951.7723655654,999951.7723655654,1000000.0,1000000.0,1000000.0,1000000.0,1000000.0,1000000.0,1000000.0,1000000.0,1000000.0,1000000.0,1000000.0,1000000.0,1000000.0,1000000.0,1000000.0,1000000.0,1000000.0,1000000.0,1000000.0,1000000.0,1000000.0,1000000.0,1000000.0,1000000.0,1000000.0,1000000.0,1000000.0,1000000.0,1000000.0,1000000.0,1000000.0,1000000.0,1000000.0,1000000.0,1000000.0,1000000.0,1000000.0,1000000.0,1000000.0,1000000.0,1000000.0,1000000.0,1000000.0,1000000.0,1000000.0,1000000.0,1000000.0,1000000.0,1000000.0,1000000.0,1000000.0,1000000.0,1000000.0,0.0,0.0,0.0,0.0,0.0,0.0,0.0,0.0,0.0,0.0,0.0,0.0,0.0,0.0,48.22763443453082,48.22763443453082,48.22763443453082,96.4552688690621,192.91053773812425,241.13817217265407,289.36580660718624,578.7316132143711,1446.829033035929,2459.609356161082,4147.576561369663,7137.689896310589,12346.274415239926,19242.826139377863,32746.56378104652,53339.76368459129,87533.15649867372,104943.33252953936,238244.51410658308,337255.8476006752,465782.49336870026,565179.6479382686,690716.1803713527,794694.9602122016,884012.539184953,932770.6775982637,969086.0863274656,986351.5794550277,995080.7812876777,997926.211719315,999180.1302146129,999758.8618278273,999903.5447311308,1000000.0,1000000.0,1000000.0,1000000.0,1000000.0,1000000.0,1000000.0,1000000.0,1000000.0,1000000.0,1000000.0,1000000.0,1000000.0,1000000.0,1000000.0,1000000.0,1000000.0,0.0,0.0,0.0,0.0,0.0,0.0,0.0,0.0,0.0,0.0,0.0,0.0,0.0,0.0,0.0,0.0,0.0,0.0,0.0,0.0,0.0,0.0,0.0,0.0,0.0,0.0,0.0,0.0,0.0,0.0,0.0,0.0,0.0,0.0,0.0,0.0,0.0,0.0,0.0,0.0,0.0,0.0,0.0,0.0,0.0,0.0,0.0,0.0,0.0,0.0,0.0,0.0,0.0,96.4552688690621,241.13817217265407,578.7316132143711,1832.650108512174,5305.039787798405,18953.460332770668,44562.33421750661,128912.46684350139,265155.5341210513,493899.2042440318,1000000.0,0.0,0.0,0.0,0.0,0.0,0.0,0.0,0.0,0.0,0.0,0.0,0.0,0.0,0.0,0.0,0.0,0.0,0.0,0.0,0.0,0.0,0.0,0.0,0.0,0.0,0.0,0.0,0.0,0.0,0.0,0.0,0.0,0.0,0.0,0.0,0.0,0.0,0.0,0.0,0.0,0.0,0.0,0.0,0.0,0.0,0.0,0.0,0.0,0.0,0.0,0.0,0.0,0.0,0.0,0.0,0.0,0.0,0.0,0.0,0.0,0.0,0.0,0.0,1000000.0
FLINT,MAGNUM03,F,na,na,na,na,2025_03_11-09_22_56,na,5,35,Yes,1,na,96.4552688690621,0.0,48.22763443453082,12.0,50.0,0.0,,,,96.4552688690621,0.0,48.22763443453082,12.0,50.0,0.0,34.0,29.0,0.0,31.0,25.0,0.0,26.0,20.0,0.0,19.0,16.0,0.0,13.0,12.0,0.0,5.0,8.0,0.0,10.0,10.0,0.0,0.0,34.0,34.0,63.0,63.0,63.0,0.0,31.0,38.0,63.0,63.0,63.0,0.0,26.0,41.0,61.0,63.0,63.0,3.0,22.0,43.0,59.0,63.0,63.0,5.0,18.0,45.0,57.0,63.0,63.0,9.0,14.0,47.0,55.0,63.0,63.0,6.0,16.0,46.0,56.0,63.0,63.0,12.0,0.0,49.0,5.0,63.0,51.0,63.0,0.0,0.42492055871529855,3.8302924754908414,0.6146133920567665,0.6186885949313036,30.0,160.0,981142.9949360983,986110.4412828551,992042.4403183024,994887.8707499397,998119.1222570533,999131.9025801783,999565.9512900892,999758.8618278273,999855.3170966964,999903.5447311308,1000000.0,1000000.0,1000000.0,1000000.0,1000000.0,1000000.0,1000000.0,1000000.0,1000000.0,1000000.0,1000000.0,1000000.0,1000000.0,1000000.0,1000000.0,1000000.0,1000000.0,1000000.0,1000000.0,1000000.0,1000000.0,1000000.0,1000000.0,1000000.0,1000000.0,1000000.0,1000000.0,1000000.0,1000000.0,1000000.0,1000000.0,1000000.0,1000000.0,1000000.0,1000000.0,1000000.0,1000000.0,1000000.0,1000000.0,1000000.0,1000000.0,1000000.0,1000000.0,1000000.0,1000000.0,1000000.0,1000000.0,1000000.0,1000000.0,1000000.0,1000000.0,1000000.0,1000000.0,1000000.0,0.0,0.0,0.0,0.0,0.0,48.22763443453082,48.22763443453082,48.22763443453082,48.22763443453082,48.22763443453082,48.22763443453082,48.22763443453082,144.68290330359284,144.68290330359284,241.13817217265407,482.27634434531,723.414516517964,1109.2355919942117,1784.4224740776426,2218.471183988428,3520.617313720762,5160.356884494808,7234.145165179647,9741.98215577526,14709.428502531931,22184.711839884225,33855.79937304074,45044.61056185197,64866.16831444414,93995.65951290095,138413.31082710405,158717.14492404138,288979.9855317097,381962.86472148536,506438.3891970099,600192.910537738,708994.45382204,801157.4632264287,879141.5481070655,922980.467808054,958813.6001929105,978345.7921388955,990306.2454786592,995514.8299975885,997877.9840848806,999228.3578490474,999807.0894622619,999903.5447311308,999951.7723655654,1000000.0,1000000.0,1000000.0,1000000.0,1000000.0,1000000.0,1000000.0,1000000.0,1000000.0,1000000.0,1000000.0,1000000.0,1000000.0,1000000.0,1000000.0,0.0,0.0,0.0,0.0,0.0,0.0,0.0,0.0,0.0,0.0,0.0,0.0,0.0,0.0,0.0,0.0,0.0,0.0,0.0,0.0,0.0,0.0,0.0,0.0,0.0,0.0,0.0,0.0,0.0,0.0,0.0,0.0,0.0,0.0,0.0,0.0,0.0,0.0,0.0,0.0,0.0,0.0,0.0,0.0,0.0,0.0,0.0,0.0,0.0,0.0,0.0,48.22763443453082,48.22763443453082,96.4552688690621,144.68290330359284,337.59344104171646,626.959247648901,1398.601398601398,3858.2107547624714,7378.82806848324,16783.21678321678,35157.9455027731,91873.64359778156,1000000.0,96.4552688690621,96.4552688690621,96.4552688690621,96.4552688690621,96.4552688690621,96.4552688690621,96.4552688690621,96.4552688690621,96.4552688690621,96.4552688690621,96.4552688690621,96.4552688690621,96.4552688690621,96.4552688690621,96.4552688690621,96.4552688690621,96.4552688690621,96.4552688690621,96.4552688690621,96.4552688690621,96.4552688690621,96.4552688690621,96.4552688690621,96.4552688690621,96.4552688690621,96.4552688690621,96.4552688690621,96.4552688690621,96.4552688690621,96.4552688690621,96.4552688690621,96.4552688690621,96.4552688690621,96.4552688690621,96.4552688690621,96.4552688690621,96.4552688690621,96.4552688690621,96.4552688690621,96.4552688690621,96.4552688690621,96.4552688690621,96.4552688690621,96.4552688690621,96.4552688690621,96.4552688690621,96.4552688690621,96.4552688690621,96.4552688690621,96.4552688690621,96.4552688690621,96.4552688690621,96.4552688690621,96.4552688690621,96.4552688690621,96.4552688690621,96.4552688690621,96.4552688690621,96.4552688690621,96.4552688690621,96.4552688690621,96.4552688690621,96.4552688690621,1000000.0
FLINT,MAGNUM03,F,na,na,na,na,2025_03_11-09_22_56,na,5,36,Yes,1,na,0.0,0.0,926115.2640462985,9.0,49.0,62.0,,,,0.0,0.0,926115.2640462985,9.0,49.0,62.0,34.0,29.0,0.0,32.0,24.0,0.0,27.0,19.0,0.0,21.0,17.0,0.0,16.0,13.0,0.0,9.0,8.0,0.0,12.0,11.0,0.0,0.0,34.0,34.0,63.0,63.0,63.0,0.0,32.0,38.0,62.0,63.0,63.0,0.0,27.0,41.0,60.0,63.0,63.0,3.0,24.0,42.0,59.0,63.0,63.0,5.0,21.0,44.0,57.0,63.0,63.0,6.0,15.0,46.0,54.0,63.0,63.0,6.0,18.0,45.0,56.0,63.0,63.0,8.0,0.0,48.0,10.0,63.0,50.0,63.0,63.0,0.4087303138701074,3.419782157699914,0.7819093710359807,0.0,30.0,160.0,978538.7026766337,985965.7583795515,991801.3021461297,995032.5536532432,997974.4393537496,999228.3578490474,999951.7723655654,1000000.0,1000000.0,1000000.0,1000000.0,1000000.0,1000000.0,1000000.0,1000000.0,1000000.0,1000000.0,1000000.0,1000000.0,1000000.0,1000000.0,1000000.0,1000000.0,1000000.0,1000000.0,1000000.0,1000000.0,1000000.0,1000000.0,1000000.0,1000000.0,1000000.0,1000000.0,1000000.0,1000000.0,1000000.0,1000000.0,1000000.0,1000000.0,1000000.0,1000000.0,1000000.0,1000000.0,1000000.0,1000000.0,1000000.0,1000000.0,1000000.0,1000000.0,1000000.0,1000000.0,1000000.0,1000000.0,1000000.0,1000000.0,1000000.0,1000000.0,1000000.0,1000000.0,1000000.0,1000000.0,1000000.0,1000000.0,1000000.0,0.0,0.0,0.0,0.0,0.0,0.0,0.0,0.0,0.0,0.0,48.22763443453082,96.4552688690621,144.68290330359284,192.91053773812425,192.91053773812425,241.13817217265407,289.36580660718624,434.04870991077877,578.7316132143711,964.5526886906189,1350.373764166866,2314.926452857486,3424.1620448516924,5449.72269110199,8150.470219435744,12346.274415239926,19869.785387026743,29708.222811671083,47070.171208102285,73643.59778152876,115553.41210513626,141644.56233421757,276103.20713768987,378683.3855799373,508753.31564986735,617844.2247407763,727610.320713769,823004.5816252712,900361.7072582588,942367.9768507354,970870.5088015433,985724.6202073788,994936.0983843743,997974.4393537496,999228.3578490474,999758.8618278273,1000000.0,1000000.0,1000000.0,1000000.0,1000000.0,1000000.0,1000000.0,1000000.0,1000000.0,1000000.0,1000000.0,1000000.0,1000000.0,1000000.0,1000000.0,1000000.0,1000000.0,1000000.0,0.0,0.0,0.0,0.0,0.0,0.0,0.0,0.0,0.0,0.0,0.0,0.0,0.0,0.0,0.0,0.0,0.0,0.0,0.0,0.0,0.0,0.0,0.0,0.0,0.0,0.0,0.0,0.0,0.0,0.0,0.0,0.0,0.0,0.0,0.0,0.0,0.0,0.0,0.0,0.0,0.0,0.0,0.0,0.0,0.0,0.0,0.0,0.0,0.0,0.0,48.22763443453082,48.22763443453082,96.4552688690621,96.4552688690621,241.13817217265407,385.82107547624787,675.1868820834334,1446.829033035929,4678.080540149494,9597.299252471657,28984.80829515312,73884.7359537015,192669.39956595132,1000000.0,0.0,0.0,0.0,0.0,0.0,0.0,0.0,0.0,0.0,0.0,0.0,0.0,0.0,0.0,0.0,0.0,0.0,0.0,0.0,0.0,0.0,0.0,0.0,0.0,0.0,0.0,0.0,0.0,0.0,0.0,0.0,0.0,0.0,0.0,0.0,0.0,0.0,0.0,0.0,0.0,0.0,0.0,0.0,0.0,0.0,0.0,0.0,0.0,0.0,0.0,0.0,0.0,0.0,0.0,0.0,0.0,0.0,0.0,0.0,0.0,0.0,0.0,0.0,1000000.0
FLINT,MAGNUM03,F,na,na,na,na,2025_03_11-09_22_56,na,5,37,Yes,1,na,96.4552688690621,0.0,48.22763443453082,8.5,49.5,0.0,,,,96.4552688690621,0.0,48.22763443453082,8.5,49.5,0.0,35.0,28.0,0.0,31.0,24.0,0.0,26.0,18.0,0.0,21.0,15.0,0.0,15.0,11.0,0.0,6.0,5.0,0.0,12.0,8.0,0.0,0.0,35.0,35.0,63.0,63.0,63.0,0.0,31.0,38.0,62.0,63.0,63.0,0.0,26.0,42.0,60.0,63.0,63.0,2.0,23.0,43.0,58.0,63.0,63.0,4.0,19.0,45.0,56.0,63.0,63.0,7.0,13.0,47.0,52.0,63.0,63.0,5.0,17.0,46.0,54.0,63.0,63.0,8.0,0.0,48.0,5.0,63.0,51.0,63.0,0.0,0.3569633013086509,3.881682321013231,0.9975982788717358,0.6186885949313036,30.0,160.0,982541.5963346998,988473.595370147,993875.0904268145,996286.472148541,998890.7644080058,999565.9512900892,999855.3170966964,999951.7723655654,1000000.0,1000000.0,1000000.0,1000000.0,1000000.0,1000000.0,1000000.0,1000000.0,1000000.0,1000000.0,1000000.0,1000000.0,1000000.0,1000000.0,1000000.0,1000000.0,1000000.0,1000000.0,1000000.0,1000000.0,1000000.0,1000000.0,1000000.0,1000000.0,1000000.0,1000000.0,1000000.0,1000000.0,1000000.0,1000000.0,1000000.0,1000000.0,1000000.0,1000000.0,1000000.0,1000000.0,1000000.0,1000000.0,1000000.0,1000000.0,1000000.0,1000000.0,1000000.0,1000000.0,1000000.0,1000000.0,1000000.0,1000000.0,1000000.0,1000000.0,1000000.0,1000000.0,1000000.0,1000000.0,1000000.0,1000000.0,0.0,0.0,0.0,0.0,0.0,48.22763443453082,96.4552688690621,96.4552688690621,96.4552688690621,144.68290330359284,144.68290330359284,144.68290330359284,144.68290330359284,241.13817217265407,289.36580660718624,289.36580660718624,482.27634434531,723.414516517964,964.5526886906189,1446.829033035929,2556.0646250301406,3954.6660236315374,5690.860863274664,8970.34000482275,13262.599469496023,19242.826139377863,30624.547865927172,43308.41572220885,62454.78659271758,90716.18037135282,133204.7263081746,160067.5186882084,290137.4487581384,378779.84084880626,493127.56209307926,589148.7822522304,691053.7738123944,778972.7513865444,858644.8034723895,909524.9578008199,949312.756209308,973378.3457921388,987557.2703158909,993971.5456956836,997251.0248372317,998842.5367735712,999662.4065589582,999903.5447311308,1000000.0,1000000.0,1000000.0,1000000.0,1000000.0,1000000.0,1000000.0,1000000.0,1000000.0,1000000.0,1000000.0,1000000.0,1000000.0,1000000.0,1000000.0,1000000.0,0.0,0.0,0.0,0.0,0.0,0.0,0.0,0.0,0.0,0.0,0.0,0.0,0.0,0.0,0.0,0.0,0.0,0.0,0.0,0.0,0.0,0.0,0.0,0.0,0.0,0.0,0.0,0.0,0.0,0.0,0.0,0.0,0.0,0.0,0.0,0.0,0.0,0.0,0.0,0.0,0.0,0.0,0.0,0.0,0.0,0.0,0.0,0.0,0.0,0.0,0.0,48.22763443453082,289.36580660718624,385.82107547624787,626.959247648901,1012.7803231251486,2700.747528333735,5015.673981191222,12394.502049674455,22474.077646491416,51314.20303834093,97853.87026766334,204436.94236797676,1000000.0,96.4552688690621,96.4552688690621,96.4552688690621,96.4552688690621,96.4552688690621,96.4552688690621,96.4552688690621,96.4552688690621,96.4552688690621,96.4552688690621,96.4552688690621,96.4552688690621,96.4552688690621,96.4552688690621,96.4552688690621,96.4552688690621,96.4552688690621,96.4552688690621,96.4552688690621,96.4552688690621,96.4552688690621,96.4552688690621,96.4552688690621,96.4552688690621,96.4552688690621,96.4552688690621,96.4552688690621,96.4552688690621,96.4552688690621,96.4552688690621,96.4552688690621,96.4552688690621,96.4552688690621,96.4552688690621,96.4552688690621,96.4552688690621,96.4552688690621,96.4552688690621,96.4552688690621,96.4552688690621,96.4552688690621,96.4552688690621,96.4552688690621,96.4552688690621,96.4552688690621,96.4552688690621,96.4552688690621,96.4552688690621,96.4552688690621,96.4552688690621,96.4552688690621,96.4552688690621,96.4552688690621,96.4552688690621,96.4552688690621,96.4552688690621,96.4552688690621,96.4552688690621,96.4552688690621,96.4552688690621,96.4552688690621,96.4552688690621,96.4552688690621,1000000.0
FLINT,MAGNUM03,F,na,na,na,na,2025_03_11-09_22_56,na,5,38,Yes,1,na,0.0,96.4552688690621,625801.7844224741,9.0,48.0,62.0,,,,0.0,96.4552688690621,625801.7844224741,9.0,48.0,62.0,34.0,28.0,1.0,30.0,23.0,0.0,24.0,18.0,0.0,18.0,14.0,0.0,13.0,11.0,0.0,6.0,7.0,0.0,10.0,9.0,0.0,0.0,34.0,34.0,62.0,62.0,63.0,0.0,30.0,37.0,60.0,63.0,63.0,2.0,26.0,40.0,58.0,63.0,63.0,4.0,22.0,42.0,56.0,63.0,63.0,5.0,18.0,44.0,55.0,63.0,63.0,7.0,13.0,45.0,52.0,63.0,63.0,6.0,16.0,45.0,54.0,63.0,63.0,8.0,0.0,48.0,10.0,63.0,45.0,63.0,63.0,0.5452886615667825,3.6363524322225103,1.5703936790965638,0.0,30.0,160.0,958958.283096214,972124.427296841,984711.8398842536,991463.7087050879,996768.7484928863,999083.6749457439,999710.6341933928,1000000.0,1000000.0,1000000.0,1000000.0,1000000.0,1000000.0,1000000.0,1000000.0,1000000.0,1000000.0,1000000.0,1000000.0,1000000.0,1000000.0,1000000.0,1000000.0,1000000.0,1000000.0,1000000.0,1000000.0,1000000.0,1000000.0,1000000.0,1000000.0,1000000.0,1000000.0,1000000.0,1000000.0,1000000.0,1000000.0,1000000.0,1000000.0,1000000.0,1000000.0,1000000.0,1000000.0,1000000.0,1000000.0,1000000.0,1000000.0,1000000.0,1000000.0,1000000.0,1000000.0,1000000.0,1000000.0,1000000.0,1000000.0,1000000.0,1000000.0,1000000.0,1000000.0,1000000.0,1000000.0,1000000.0,1000000.0,1000000.0,0.0,0.0,0.0,0.0,0.0,0.0,0.0,0.0,0.0,0.0,96.4552688690621,96.4552688690621,96.4552688690621,241.13817217265407,289.36580660718624,337.59344104171646,578.7316132143711,868.0974198215577,1398.601398601398,1880.8777429467057,2507.836990595609,4292.259464673261,7475.283337352298,11285.266457680242,16108.029901133345,22763.44345309863,34916.807330600415,50060.28454304316,74608.15047021942,109476.73016638531,162430.67277550045,186399.80708946218,348734.0245960935,453002.17024354957,577284.7841813359,677453.5809018567,778779.8408488063,857053.29153605,919652.7610320713,954858.934169279,978924.52375211,990306.2454786592,996624.0655895828,998070.8946226187,999469.4960212201,999951.7723655654,1000000.0,1000000.0,1000000.0,1000000.0,1000000.0,1000000.0,1000000.0,1000000.0,1000000.0,1000000.0,1000000.0,1000000.0,1000000.0,1000000.0,1000000.0,1000000.0,1000000.0,1000000.0,0.0,0.0,0.0,0.0,0.0,0.0,0.0,0.0,0.0,0.0,0.0,0.0,0.0,0.0,0.0,0.0,0.0,0.0,0.0,0.0,0.0,0.0,0.0,0.0,0.0,0.0,0.0,0.0,0.0,0.0,0.0,0.0,0.0,0.0,0.0,0.0,0.0,0.0,0.0,0.0,0.0,0.0,0.0,0.0,0.0,48.22763443453082,48.22763443453082,48.22763443453082,48.22763443453082,48.22763443453082,144.68290330359284,192.91053773812425,289.36580660718624,434.04870991077877,1205.690860863273,2507.836990595609,6944.779358572451,16976.1273209549,50639.01615625752,101663.85338799133,221943.57366771155,374198.2155775259,600771.6421509525,1000000.0,0.0,0.0,0.0,0.0,0.0,0.0,0.0,0.0,0.0,0.0,0.0,0.0,0.0,0.0,0.0,0.0,0.0,0.0,0.0,0.0,0.0,0.0,0.0,0.0,0.0,0.0,0.0,0.0,0.0,0.0,0.0,0.0,0.0,0.0,0.0,0.0,0.0,0.0,0.0,0.0,0.0,0.0,0.0,0.0,0.0,0.0,0.0,0.0,0.0,0.0,0.0,0.0,0.0,0.0,0.0,0.0,0.0,0.0,0.0,0.0,0.0,0.0,0.0,1000000.0
FLINT,MAGNUM03,F,na,na,na,na,2025_03_11-09_22_56,na,5,39,Yes,1,na,96.4552688690621,0.0,0.0,8.5,49.5,0.0,,,,96.4552688690621,0.0,0.0,8.5,49.5,0.0,34.0,29.0,0.0,30.0,25.0,0.0,25.0,21.0,0.0,19.0,17.0,0.0,13.0,14.0,0.0,4.0,10.0,0.0,8.0,12.0,0.0,0.0,34.0,34.0,63.0,63.0,63.0,0.0,30.0,38.0,63.0,63.0,63.0,0.0,25.0,41.0,62.0,63.0,63.0,2.0,21.0,43.0,60.0,63.0,63.0,4.0,17.0,44.0,58.0,63.0,63.0,7.0,11.0,46.0,56.0,63.0,63.0,6.0,14.0,45.0,57.0,63.0,63.0,9.0,0.0,47.0,2.0,63.0,52.0,63.0,0.0,0.33171990895004655,3.91688994432466,0.4643535385926655,0.4374894505865458,30.0,160.0,988232.4571979743,991367.253436219,995032.5536532432,996575.8379551483,998842.5367735712,999421.2683867855,999758.8618278273,999951.7723655654,1000000.0,1000000.0,1000000.0,1000000.0,1000000.0,1000000.0,1000000.0,1000000.0,1000000.0,1000000.0,1000000.0,1000000.0,1000000.0,1000000.0,1000000.0,1000000.0,1000000.0,1000000.0,1000000.0,1000000.0,1000000.0,1000000.0,1000000.0,1000000.0,1000000.0,1000000.0,1000000.0,1000000.0,1000000.0,1000000.0,1000000.0,1000000.0,1000000.0,1000000.0,1000000.0,1000000.0,1000000.0,1000000.0,1000000.0,1000000.0,1000000.0,1000000.0,1000000.0,1000000.0,1000000.0,1000000.0,1000000.0,1000000.0,1000000.0,1000000.0,1000000.0,1000000.0,1000000.0,1000000.0,1000000.0,1000000.0,0.0,0.0,48.22763443453082,48.22763443453082,48.22763443453082,48.22763443453082,48.22763443453082,96.4552688690621,96.4552688690621,144.68290330359284,192.91053773812425,337.59344104171646,385.82107547624787,530.5039787798403,626.959247648901,819.8697853870253,964.5526886906189,1446.829033035929,2073.7882806848356,3086.56860380998,4726.3081745840345,6800.096455268857,10079.575596816969,13503.73764166868,19194.598504943326,28840.12539184954,43356.6433566433,58403.66530021696,85218.23004581625,119990.35447311318,175066.31299734747,204629.85290571506,348203.5206173136,445044.6105618519,566047.7453580901,652761.0320713768,758138.4133108271,837617.5548589341,904605.7390884976,941789.245237521,969616.5903062455,984422.4740776465,993344.5864480347,996865.2037617555,999035.4473113093,999758.8618278273,999951.7723655654,1000000.0,1000000.0,1000000.0,1000000.0,1000000.0,1000000.0,1000000.0,1000000.0,1000000.0,1000000.0,1000000.0,1000000.0,1000000.0,1000000.0,1000000.0,1000000.0,1000000.0,0.0,0.0,0.0,0.0,0.0,0.0,0.0,0.0,0.0,0.0,0.0,0.0,0.0,0.0,0.0,0.0,0.0,0.0,0.0,0.0,0.0,0.0,0.0,0.0,0.0,0.0,0.0,0.0,0.0,0.0,0.0,0.0,0.0,0.0,0.0,0.0,0.0,0.0,0.0,0.0,0.0,0.0,0.0,0.0,0.0,0.0,0.0,0.0,0.0,0.0,0.0,0.0,48.22763443453082,48.22763443453082,144.68290330359284,192.91053773812425,385.82107547624787,819.8697853870253,1687.967205208584,3231.251507113574,10610.079575596808,20496.74463467567,49578.00819869783,1000000.0,48.22763443453082,48.22763443453082,48.22763443453082,48.22763443453082,48.22763443453082,48.22763443453082,48.22763443453082,48.22763443453082,48.22763443453082,48.22763443453082,48.22763443453082,48.22763443453082,48.22763443453082,48.22763443453082,48.22763443453082,48.22763443453082,48.22763443453082,48.22763443453082,48.22763443453082,48.22763443453082,48.22763443453082,48.22763443453082,48.22763443453082,48.22763443453082,48.22763443453082,48.22763443453082,48.22763443453082,48.22763443453082,48.22763443453082,48.22763443453082,48.22763443453082,48.22763443453082,48.22763443453082,48.22763443453082,48.22763443453082,48.22763443453082,48.22763443453082,48.22763443453082,48.22763443453082,48.22763443453082,48.22763443453082,48.22763443453082,48.22763443453082,48.22763443453082,48.22763443453082,48.22763443453082,48.22763443453082,48.22763443453082,48.22763443453082,48.22763443453082,48.22763443453082,48.22763443453082,48.22763443453082,48.22763443453082,48.22763443453082,48.22763443453082,48.22763443453082,48.22763443453082,48.22763443453082,48.22763443453082,48.22763443453082,48.22763443453082,48.22763443453082,1000000.0
FLINT,MAGNUM03,F,na,na,na,na,2025_03_11-09_22_56,na,5,40,Yes,1,na,0.0,0.0,601109.2355919942,10.0,48.0,62.0,,,,0.0,0.0,601109.2355919942,10.0,48.0,62.0,34.0,28.0,1.0,30.0,23.0,0.0,25.0,18.0,0.0,19.0,14.0,0.0,15.0,12.0,0.0,10.0,9.0,0.0,11.0,10.0,0.0,0.0,34.0,34.0,62.0,62.0,63.0,0.0,30.0,37.0,60.0,63.0,63.0,1.0,26.0,40.0,58.0,63.0,63.0,4.0,23.0,42.0,56.0,63.0,63.0,5.0,20.0,43.0,55.0,63.0,63.0,6.0,16.0,45.0,54.0,63.0,63.0,6.0,17.0,44.0,54.0,63.0,63.0,9.0,0.0,46.0,11.0,63.0,50.0,63.0,63.0,0.49077072899046503,3.4843954799439336,1.5898835027979679,0.0,30.0,160.0,966095.9729925247,977574.149987943,987074.9939715456,992958.7653725585,997877.9840848806,999228.3578490474,999951.7723655654,1000000.0,1000000.0,1000000.0,1000000.0,1000000.0,1000000.0,1000000.0,1000000.0,1000000.0,1000000.0,1000000.0,1000000.0,1000000.0,1000000.0,1000000.0,1000000.0,1000000.0,1000000.0,1000000.0,1000000.0,1000000.0,1000000.0,1000000.0,1000000.0,1000000.0,1000000.0,1000000.0,1000000.0,1000000.0,1000000.0,1000000.0,1000000.0,1000000.0,1000000.0,1000000.0,1000000.0,1000000.0,1000000.0,1000000.0,1000000.0,1000000.0,1000000.0,1000000.0,1000000.0,1000000.0,1000000.0,1000000.0,1000000.0,1000000.0,1000000.0,1000000.0,1000000.0,1000000.0,1000000.0,1000000.0,1000000.0,1000000.0,0.0,0.0,0.0,0.0,0.0,0.0,0.0,0.0,0.0,0.0,0.0,48.22763443453082,96.4552688690621,96.4552688690621,96.4552688690621,192.91053773812425,385.82107547624787,578.7316132143711,964.5526886906189,1350.373764166866,2363.1540872920177,3809.9831203279427,5449.72269110199,7861.104412828547,11767.542802025564,18133.590547383632,31155.051844707006,46636.122498191435,72389.67928623101,105377.38123945023,161755.48589341692,195418.37472871953,359971.06341933925,471714.4924041475,593296.3588136003,694236.7976850736,794984.3260188088,871135.7607909332,932818.9052326983,962720.0385821075,983554.3766578248,992958.7653725585,997395.7077405354,999035.4473113093,999758.8618278273,1000000.0,1000000.0,1000000.0,1000000.0,1000000.0,1000000.0,1000000.0,1000000.0,1000000.0,1000000.0,1000000.0,1000000.0,1000000.0,1000000.0,1000000.0,1000000.0,1000000.0,1000000.0,1000000.0,0.0,0.0,0.0,0.0,0.0,0.0,0.0,0.0,0.0,0.0,0.0,0.0,0.0,0.0,0.0,0.0,0.0,0.0,0.0,0.0,0.0,0.0,0.0,0.0,0.0,0.0,0.0,0.0,0.0,0.0,0.0,0.0,0.0,0.0,0.0,0.0,0.0,0.0,0.0,0.0,0.0,0.0,0.0,0.0,0.0,0.0,0.0,0.0,0.0,0.0,48.22763443453082,48.22763443453082,96.4552688690621,192.91053773812425,1012.7803231251486,2218.471183988428,7909.3320472630785,19001.68796720521,54448.99927658542,107451.16952013511,241282.85507595848,398890.76440800575,618857.0050639017,1000000.0,0.0,0.0,0.0,0.0,0.0,0.0,0.0,0.0,0.0,0.0,0.0,0.0,0.0,0.0,0.0,0.0,0.0,0.0,0.0,0.0,0.0,0.0,0.0,0.0,0.0,0.0,0.0,0.0,0.0,0.0,0.0,0.0,0.0,0.0,0.0,0.0,0.0,0.0,0.0,0.0,0.0,0.0,0.0,0.0,0.0,0.0,0.0,0.0,0.0,0.0,0.0,0.0,0.0,0.0,0.0,0.0,0.0,0.0,0.0,0.0,0.0,0.0,0.0,1000000.0
FLINT,MAGNUM03,F,na,na,na,na,2025_03_11-09_22_56,na,5,41,Yes,1,na,96.4552688690621,48.22763443457198,0.0,9.5,49.0,0.0,,,,96.4552688690621,48.22763443457198,0.0,9.5,49.0,0.0,34.0,29.0,0.0,30.0,23.0,0.0,24.0,18.0,0.0,17.0,14.0,0.0,12.0,10.0,0.0,4.0,6.0,0.0,8.0,8.0,0.0,0.0,34.0,34.0,63.0,63.0,63.0,0.0,30.0,38.0,61.0,63.0,63.0,1.0,25.0,41.0,59.0,63.0,63.0,4.0,21.0,43.0,57.0,63.0,63.0,5.0,17.0,45.0,55.0,63.0,63.0,7.0,11.0,47.0,53.0,63.0,63.0,6.0,14.0,46.0,54.0,63.0,63.0,9.0,0.0,50.0,7.0,63.0,49.0,63.0,0.0,0.46222499979007176,3.9519140137514253,1.2428862081903236,0.4374894505865458,30.0,160.0,972269.1102001446,981480.58837714,989245.2375210995,993537.4969857727,997540.3906438388,999276.585483482,999855.3170966964,1000000.0,1000000.0,1000000.0,1000000.0,1000000.0,1000000.0,1000000.0,1000000.0,1000000.0,1000000.0,1000000.0,1000000.0,1000000.0,1000000.0,1000000.0,1000000.0,1000000.0,1000000.0,1000000.0,1000000.0,1000000.0,1000000.0,1000000.0,1000000.0,1000000.0,1000000.0,1000000.0,1000000.0,1000000.0,1000000.0,1000000.0,1000000.0,1000000.0,1000000.0,1000000.0,1000000.0,1000000.0,1000000.0,1000000.0,1000000.0,1000000.0,1000000.0,1000000.0,1000000.0,1000000.0,1000000.0,1000000.0,1000000.0,1000000.0,1000000.0,1000000.0,1000000.0,1000000.0,1000000.0,1000000.0,1000000.0,1000000.0,0.0,0.0,0.0,0.0,0.0,0.0,0.0,96.4552688690621,96.4552688690621,96.4552688690621,144.68290330359284,241.13817217265407,385.82107547624787,482.27634434531,675.1868820834334,819.8697853870253,964.5526886906189,1687.967205208584,2556.0646250301406,3134.7962382445157,4678.080540149494,7137.689896310589,10658.30721003135,13503.73764166868,20303.83409693753,29081.263564022156,43163.7328189052,58644.80347238967,84977.09187364366,121196.04533397632,175114.54063178206,199662.40655895835,346129.7323366288,443887.14733542316,562382.4451410659,653629.1294911985,753701.4709428502,835591.9942126839,903255.365324331,940294.1885700505,966915.8427779117,982059.3199903545,991174.3428984808,995514.8299975885,998119.1222570533,999180.1302146129,999807.0894622619,999903.5447311308,999951.7723655654,1000000.0,1000000.0,1000000.0,1000000.0,1000000.0,1000000.0,1000000.0,1000000.0,1000000.0,1000000.0,1000000.0,1000000.0,1000000.0,1000000.0,1000000.0,0.0,0.0,0.0,0.0,0.0,0.0,0.0,0.0,0.0,0.0,0.0,0.0,0.0,0.0,0.0,0.0,0.0,0.0,0.0,0.0,0.0,0.0,0.0,0.0,0.0,0.0,0.0,0.0,0.0,0.0,0.0,0.0,0.0,0.0,0.0,0.0,0.0,0.0,0.0,0.0,0.0,0.0,0.0,0.0,0.0,0.0,0.0,0.0,0.0,48.22763443453082,48.22763443453082,48.22763443453082,144.68290330359284,337.59344104171646,1061.0079575596806,2218.471183988428,4195.804195804195,8343.380757173849,21461.29732336628,40511.21292500604,93224.01736194835,169375.45213407272,319749.21630094043,1000000.0,48.22763443453082,48.22763443453082,48.22763443453082,48.22763443453082,48.22763443453082,48.22763443453082,48.22763443453082,48.22763443453082,48.22763443453082,48.22763443453082,48.22763443453082,48.22763443453082,48.22763443453082,48.22763443453082,48.22763443453082,48.22763443453082,48.22763443453082,48.22763443453082,48.22763443453082,48.22763443453082,48.22763443453082,48.22763443453082,48.22763443453082,48.22763443453082,48.22763443453082,48.22763443453082,48.22763443453082,48.22763443453082,48.22763443453082,48.22763443453082,48.22763443453082,48.22763443453082,48.22763443453082,48.22763443453082,48.22763443453082,48.22763443453082,48.22763443453082,48.22763443453082,48.22763443453082,48.22763443453082,48.22763443453082,48.22763443453082,48.22763443453082,48.22763443453082,48.22763443453082,48.22763443453082,48.22763443453082,48.22763443453082,48.22763443453082,48.22763443453082,48.22763443453082,48.22763443453082,48.22763443453082,48.22763443453082,48.22763443453082,48.22763443453082,48.22763443453082,48.22763443453082,48.22763443453082,48.22763443453082,48.22763443453082,48.22763443453082,48.22763443453082,1000000.0
FLINT,MAGNUM03,F,na,na,na,na,2025_03_11-09_22_56,na,5,42,Yes,1,na,96.4552688690621,0.0,0.0,8.0,48.5,0.0,,,,96.4552688690621,0.0,0.0,8.0,48.5,0.0,34.0,28.0,1.0,30.0,23.0,0.0,24.0,17.0,0.0,18.0,14.0,0.0,13.0,10.0,0.0,4.0,6.0,0.0,10.0,8.0,0.0,0.0,34.0,34.0,62.0,62.0,63.0,0.0,30.0,37.0,60.0,63.0,63.0,1.0,25.0,40.0,57.0,63.0,63.0,4.0,22.0,42.0,56.0,63.0,63.0,5.0,18.0,44.0,54.0,63.0,63.0,6.0,10.0,46.0,52.0,63.0,63.0,6.0,16.0,45.0,53.0,63.0,63.0,9.0,0.0,48.0,3.0,63.0,49.0,63.0,0.0,0.47659298023127344,3.7971051296477496,1.6412023256144832,0.4374894505865458,30.0,160.0,968893.1757897275,979406.8000964551,988666.5059078851,993199.9035447311,997636.845912708,999324.8131179166,999903.5447311308,999951.7723655654,999951.7723655654,1000000.0,1000000.0,1000000.0,1000000.0,1000000.0,1000000.0,1000000.0,1000000.0,1000000.0,1000000.0,1000000.0,1000000.0,1000000.0,1000000.0,1000000.0,1000000.0,1000000.0,1000000.0,1000000.0,1000000.0,1000000.0,1000000.0,1000000.0,1000000.0,1000000.0,1000000.0,1000000.0,1000000.0,1000000.0,1000000.0,1000000.0,1000000.0,1000000.0,1000000.0,1000000.0,1000000.0,1000000.0,1000000.0,1000000.0,1000000.0,1000000.0,1000000.0,1000000.0,1000000.0,1000000.0,1000000.0,1000000.0,1000000.0,1000000.0,1000000.0,1000000.0,1000000.0,1000000.0,1000000.0,1000000.0,0.0,0.0,0.0,48.22763443453082,48.22763443453082,48.22763443453082,48.22763443453082,48.22763443453082,144.68290330359284,192.91053773812425,241.13817217265407,289.36580660718624,289.36580660718624,337.59344104171646,385.82107547624787,385.82107547624787,723.414516517964,1061.0079575596806,2122.0159151193625,2797.202797202796,3906.438389197008,5305.039787798405,8970.34000482275,12442.729684109,19291.053773812408,28164.938509766103,44321.196045334,62840.60766819384,91536.05015673982,134265.73426573424,193344.58644803465,225560.64625030142,389582.8309621413,496599.95177236554,610947.6730166385,702483.7231733783,795080.7812876777,870894.6226187606,925874.1258741259,955582.348685797,977670.6052568122,989052.3269833614,994984.3260188088,997299.2524716662,998938.9920424403,999614.1789245236,999903.5447311308,999951.7723655654,1000000.0,1000000.0,1000000.0,1000000.0,1000000.0,1000000.0,1000000.0,1000000.0,1000000.0,1000000.0,1000000.0,1000000.0,1000000.0,1000000.0,1000000.0,1000000.0,0.0,0.0,0.0,0.0,0.0,0.0,0.0,0.0,0.0,0.0,0.0,0.0,0.0,0.0,0.0,0.0,0.0,0.0,0.0,0.0,0.0,0.0,0.0,0.0,0.0,0.0,0.0,0.0,0.0,0.0,0.0,0.0,0.0,0.0,0.0,0.0,0.0,0.0,0.0,0.0,0.0,0.0,0.0,0.0,0.0,0.0,0.0,0.0,0.0,48.22763443453082,48.22763443453082,96.4552688690621,385.82107547624787,1012.7803231251486,2652.5198938992025,5063.901615625751,11092.355919942114,24210.272486134556,57487.3402459609,99493.60983843742,202122.01591511935,344441.7651314203,545358.0901856764,1000000.0,48.22763443453082,48.22763443453082,48.22763443453082,48.22763443453082,48.22763443453082,48.22763443453082,48.22763443453082,48.22763443453082,48.22763443453082,48.22763443453082,48.22763443453082,48.22763443453082,48.22763443453082,48.22763443453082,48.22763443453082,48.22763443453082,48.22763443453082,48.22763443453082,48.22763443453082,48.22763443453082,48.22763443453082,48.22763443453082,48.22763443453082,48.22763443453082,48.22763443453082,48.22763443453082,48.22763443453082,48.22763443453082,48.22763443453082,48.22763443453082,48.22763443453082,48.22763443453082,48.22763443453082,48.22763443453082,48.22763443453082,48.22763443453082,48.22763443453082,48.22763443453082,48.22763443453082,48.22763443453082,48.22763443453082,48.22763443453082,48.22763443453082,48.22763443453082,48.22763443453082,48.22763443453082,48.22763443453082,48.22763443453082,48.22763443453082,48.22763443453082,48.22763443453082,48.22763443453082,48.22763443453082,48.22763443453082,48.22763443453082,48.22763443453082,48.22763443453082,48.22763443453082,48.22763443453082,48.22763443453082,48.22763443453082,48.22763443453082,48.22763443453082,1000000.0
FLINT,MAGNUM03,F,na,na,na,na,2025_03_11-09_22_56,na,5,43,Yes,1,na,48.22763443457198,0.0,0.0,7.0,47.5,0.0,,,,96.4552688690621,0.0,0.0,7.0,47.5,0.0,34.0,29.0,0.0,30.0,26.0,0.0,25.0,19.0,0.0,19.0,17.0,0.0,13.0,12.0,0.0,4.0,7.0,0.0,8.0,11.0,0.0,0.0,34.0,34.0,63.0,63.0,63.0,0.0,30.0,37.0,63.0,63.0,63.0,0.0,25.0,41.0,60.0,63.0,63.0,2.0,21.0,42.0,59.0,63.0,63.0,4.0,17.0,45.0,57.0,63.0,63.0,6.0,10.0,47.0,54.0,63.0,63.0,6.0,14.0,45.0,56.0,63.0,63.0,7.0,0.0,47.0,6.0,63.0,48.0,63.0,0.0,0.309626217923824,3.8201609149088567,0.698795199250071,0.4374894505865458,30.0,160.0,988473.595370147,992476.4890282131,995273.6918254159,997058.1142994935,998938.9920424403,999469.4960212201,999951.7723655654,1000000.0,1000000.0,1000000.0,1000000.0,1000000.0,1000000.0,1000000.0,1000000.0,1000000.0,1000000.0,1000000.0,1000000.0,1000000.0,1000000.0,1000000.0,1000000.0,1000000.0,1000000.0,1000000.0,1000000.0,1000000.0,1000000.0,1000000.0,1000000.0,1000000.0,1000000.0,1000000.0,1000000.0,1000000.0,1000000.0,1000000.0,1000000.0,1000000.0,1000000.0,1000000.0,1000000.0,1000000.0,1000000.0,1000000.0,1000000.0,1000000.0,1000000.0,1000000.0,1000000.0,1000000.0,1000000.0,1000000.0,1000000.0,1000000.0,1000000.0,1000000.0,1000000.0,1000000.0,1000000.0,1000000.0,1000000.0,1000000.0,0.0,0.0,0.0,0.0,0.0,0.0,48.22763443453082,96.4552688690621,96.4552688690621,144.68290330359284,337.59344104171646,337.59344104171646,385.82107547624787,434.04870991077877,626.959247648901,819.8697853870253,1205.690860863273,1736.1948396431121,2459.609356161082,3086.56860380998,4244.031830238725,6366.047745358085,9693.754521340716,13262.599469496023,18857.005063901615,27152.158186640943,41282.85507595855,58837.71401012778,85218.23004581625,124330.84157222084,182493.36870026522,210417.16903785866,374005.3050397878,476440.8005787316,597877.9840848806,692018.3265010851,785290.571497468,859030.6245478658,917771.8832891246,950711.3576079092,974487.5813841331,987509.0426814564,994646.732577767,997251.0248372317,998504.9433325295,999614.1789245236,999807.0894622619,1000000.0,1000000.0,1000000.0,1000000.0,1000000.0,1000000.0,1000000.0,1000000.0,1000000.0,1000000.0,1000000.0,1000000.0,1000000.0,1000000.0,1000000.0,1000000.0,1000000.0,0.0,0.0,0.0,0.0,0.0,0.0,0.0,0.0,0.0,0.0,0.0,0.0,0.0,0.0,0.0,0.0,0.0,0.0,0.0,0.0,0.0,0.0,0.0,0.0,0.0,0.0,0.0,0.0,0.0,0.0,0.0,0.0,0.0,0.0,0.0,0.0,0.0,0.0,0.0,0.0,0.0,0.0,0.0,0.0,0.0,0.0,0.0,0.0,48.22763443453082,48.22763443453082,48.22763443453082,48.22763443453082,96.4552688690621,192.91053773812425,241.13817217265407,385.82107547624787,964.5526886906189,2170.2435495538875,5353.267422232942,10176.030865686038,23245.719797443904,43694.23679768507,99156.0163973958,1000000.0,48.22763443453082,48.22763443453082,48.22763443453082,48.22763443453082,48.22763443453082,48.22763443453082,48.22763443453082,48.22763443453082,48.22763443453082,48.22763443453082,48.22763443453082,48.22763443453082,48.22763443453082,48.22763443453082,48.22763443453082,48.22763443453082,48.22763443453082,48.22763443453082,48.22763443453082,48.22763443453082,48.22763443453082,48.22763443453082,48.22763443453082,48.22763443453082,48.22763443453082,48.22763443453082,48.22763443453082,48.22763443453082,48.22763443453082,48.22763443453082,48.22763443453082,48.22763443453082,48.22763443453082,48.22763443453082,48.22763443453082,48.22763443453082,48.22763443453082,48.22763443453082,48.22763443453082,48.22763443453082,48.22763443453082,48.22763443453082,48.22763443453082,48.22763443453082,48.22763443453082,48.22763443453082,48.22763443453082,48.22763443453082,48.22763443453082,48.22763443453082,48.22763443453082,48.22763443453082,48.22763443453082,48.22763443453082,48.22763443453082,48.22763443453082,48.22763443453082,48.22763443453082,48.22763443453082,48.22763443453082,48.22763443453082,48.22763443453082,48.22763443453082,1000000.0
FLINT,MAGNUM03,F,na,na,na,na,2025_03_11-09_22_56,na,5,44,Yes,1,na,48.22763443453082,0.0,48.22763443453082,7.5,49.0,0.0,,,,48.22763443453082,0.0,48.22763443453082,7.5,49.0,0.0,34.0,29.0,0.0,30.0,25.0,0.0,26.0,19.0,0.0,20.0,17.0,0.0,15.0,13.0,0.0,8.0,9.0,0.0,13.0,12.0,0.0,0.0,34.0,34.0,63.0,63.0,63.0,0.0,30.0,37.0,62.0,63.0,63.0,0.0,26.0,40.0,59.0,63.0,63.0,3.0,23.0,41.0,58.0,63.0,63.0,4.0,19.0,43.0,56.0,63.0,63.0,6.0,14.0,45.0,54.0,63.0,63.0,5.0,18.0,44.0,56.0,63.0,63.0,8.0,0.0,46.0,0.0,63.0,52.0,63.0,0.0,0.3630974889765164,3.412450814977553,1.069187758921368,0.6186885949313036,30.0,160.0,977718.8328912467,986351.5794550277,993006.993006993,996527.6103207137,999228.3578490474,999855.3170966964,1000000.0,1000000.0,1000000.0,1000000.0,1000000.0,1000000.0,1000000.0,1000000.0,1000000.0,1000000.0,1000000.0,1000000.0,1000000.0,1000000.0,1000000.0,1000000.0,1000000.0,1000000.0,1000000.0,1000000.0,1000000.0,1000000.0,1000000.0,1000000.0,1000000.0,1000000.0,1000000.0,1000000.0,1000000.0,1000000.0,1000000.0,1000000.0,1000000.0,1000000.0,1000000.0,1000000.0,1000000.0,1000000.0,1000000.0,1000000.0,1000000.0,1000000.0,1000000.0,1000000.0,1000000.0,1000000.0,1000000.0,1000000.0,1000000.0,1000000.0,1000000.0,1000000.0,1000000.0,1000000.0,1000000.0,1000000.0,1000000.0,1000000.0,48.22763443453082,48.22763443453082,48.22763443453082,48.22763443453082,48.22763443453082,48.22763443453082,48.22763443453082,96.4552688690621,96.4552688690621,144.68290330359284,144.68290330359284,144.68290330359284,144.68290330359284,144.68290330359284,241.13817217265407,289.36580660718624,385.82107547624787,530.5039787798403,1012.7803231251486,1446.829033035929,1784.4224740776426,2748.975162768264,4870.991077887631,7427.055702917767,12153.363877501795,17603.08656860379,29611.76754280201,43983.60260429221,69351.33831685554,107499.39715456952,164600.91632505425,192814.08246925485,369423.6797685073,480202.55606462504,614709.428502532,707885.2182300459,805256.8121533638,882710.3930552206,940631.7820110923,967976.8507354714,986399.8070894622,994502.0496744635,998263.8051603568,999276.585483482,999807.0894622619,1000000.0,1000000.0,1000000.0,1000000.0,1000000.0,1000000.0,1000000.0,1000000.0,1000000.0,1000000.0,1000000.0,1000000.0,1000000.0,1000000.0,1000000.0,1000000.0,1000000.0,1000000.0,1000000.0,0.0,0.0,0.0,0.0,0.0,0.0,0.0,0.0,0.0,0.0,0.0,0.0,0.0,0.0,0.0,0.0,0.0,0.0,0.0,0.0,0.0,0.0,0.0,0.0,0.0,0.0,0.0,0.0,0.0,0.0,0.0,0.0,0.0,0.0,0.0,0.0,0.0,0.0,0.0,0.0,0.0,0.0,0.0,0.0,0.0,0.0,0.0,0.0,0.0,0.0,0.0,0.0,48.22763443453082,48.22763443453082,241.13817217265407,434.04870991077877,1687.967205208584,3520.617313720762,11429.94936098385,24258.500120569093,71232.21605980226,155775.25922353507,317916.56619242823,1000000.0,96.4552688690621,96.4552688690621,96.4552688690621,96.4552688690621,96.4552688690621,96.4552688690621,96.4552688690621,96.4552688690621,96.4552688690621,96.4552688690621,96.4552688690621,96.4552688690621,96.4552688690621,96.4552688690621,96.4552688690621,96.4552688690621,96.4552688690621,96.4552688690621,96.4552688690621,96.4552688690621,96.4552688690621,96.4552688690621,96.4552688690621,96.4552688690621,96.4552688690621,96.4552688690621,96.4552688690621,96.4552688690621,96.4552688690621,96.4552688690621,96.4552688690621,96.4552688690621,96.4552688690621,96.4552688690621,96.4552688690621,96.4552688690621,96.4552688690621,96.4552688690621,96.4552688690621,96.4552688690621,96.4552688690621,96.4552688690621,96.4552688690621,96.4552688690621,96.4552688690621,96.4552688690621,96.4552688690621,96.4552688690621,96.4552688690621,96.4552688690621,96.4552688690621,96.4552688690621,96.4552688690621,96.4552688690621,96.4552688690621,96.4552688690621,96.4552688690621,96.4552688690621,96.4552688690621,96.4552688690621,96.4552688690621,96.4552688690621,96.4552688690621,1000000.0
FLINT,MAGNUM03,F,na,na,na,na,2025_03_11-09_22_56,na,5,45,Yes,1,na,192.91053773817794,0.0,0.0,8.0,51.0,0.0,,,,241.13817217265407,0.0,0.0,8.0,51.0,0.0,34.0,29.0,0.0,30.0,26.0,0.0,24.0,22.0,0.0,18.0,18.0,0.0,11.0,14.0,0.0,0.0,9.0,0.0,6.0,12.0,0.0,0.0,34.0,34.0,63.0,63.0,63.0,0.0,30.0,37.0,63.0,63.0,63.0,0.0,24.0,41.0,63.0,63.0,63.0,3.0,21.0,43.0,61.0,63.0,63.0,5.0,16.0,45.0,59.0,63.0,63.0,8.0,8.0,47.0,56.0,63.0,63.0,6.0,12.0,46.0,58.0,63.0,63.0,8.0,0.0,48.0,4.0,63.0,54.0,63.0,0.0,0.41797593616022827,4.050089695434723,0.3385071206071239,0.4374894505865458,30.0,160.0,984711.8398842536,987894.8637569327,991945.9850494333,994068.0009645526,997636.845912708,998987.2196768748,999614.1789245236,999807.0894622619,1000000.0,1000000.0,1000000.0,1000000.0,1000000.0,1000000.0,1000000.0,1000000.0,1000000.0,1000000.0,1000000.0,1000000.0,1000000.0,1000000.0,1000000.0,1000000.0,1000000.0,1000000.0,1000000.0,1000000.0,1000000.0,1000000.0,1000000.0,1000000.0,1000000.0,1000000.0,1000000.0,1000000.0,1000000.0,1000000.0,1000000.0,1000000.0,1000000.0,1000000.0,1000000.0,1000000.0,1000000.0,1000000.0,1000000.0,1000000.0,1000000.0,1000000.0,1000000.0,1000000.0,1000000.0,1000000.0,1000000.0,1000000.0,1000000.0,1000000.0,1000000.0,1000000.0,1000000.0,1000000.0,1000000.0,1000000.0,0.0,0.0,0.0,0.0,48.22763443453082,96.4552688690621,144.68290330359284,144.68290330359284,241.13817217265407,241.13817217265407,289.36580660718624,385.82107547624787,578.7316132143711,868.0974198215577,1109.2355919942117,1253.9184952978064,1880.8777429467057,2314.926452857486,3183.023872679041,4244.031830238725,6221.364842054485,9018.567639257291,13648.420544972252,17410.17603086568,25126.59754039064,33566.43356643356,49578.00819869783,67566.91584277792,99300.69930069934,139860.13986013984,200819.869785387,244369.4236797685,394164.45623342175,492211.23703882325,609066.7952736918,689896.3105859656,787123.2216059802,855413.5519652759,914829.9975886182,945068.7243790692,968652.0376175548,982734.5068724379,992572.9442970823,995997.1063419338,998022.6669881842,999083.6749457439,999807.0894622619,1000000.0,1000000.0,1000000.0,1000000.0,1000000.0,1000000.0,1000000.0,1000000.0,1000000.0,1000000.0,1000000.0,1000000.0,1000000.0,1000000.0,1000000.0,1000000.0,1000000.0,0.0,0.0,0.0,0.0,0.0,0.0,0.0,0.0,0.0,0.0,0.0,0.0,0.0,0.0,0.0,0.0,0.0,0.0,0.0,0.0,0.0,0.0,0.0,0.0,0.0,0.0,0.0,0.0,0.0,0.0,0.0,0.0,0.0,0.0,0.0,0.0,0.0,0.0,0.0,0.0,0.0,0.0,0.0,0.0,0.0,0.0,0.0,0.0,0.0,0.0,0.0,0.0,0.0,0.0,96.4552688690621,96.4552688690621,241.13817217265407,385.82107547624787,1205.690860863273,2266.6988184229576,5401.495056667472,9838.437424644324,22666.98818422955,1000000.0,48.22763443453082,48.22763443453082,48.22763443453082,48.22763443453082,48.22763443453082,48.22763443453082,48.22763443453082,48.22763443453082,48.22763443453082,48.22763443453082,48.22763443453082,48.22763443453082,48.22763443453082,48.22763443453082,48.22763443453082,48.22763443453082,48.22763443453082,48.22763443453082,48.22763443453082,48.22763443453082,48.22763443453082,48.22763443453082,48.22763443453082,48.22763443453082,48.22763443453082,48.22763443453082,48.22763443453082,48.22763443453082,48.22763443453082,48.22763443453082,48.22763443453082,48.22763443453082,48.22763443453082,48.22763443453082,48.22763443453082,48.22763443453082,48.22763443453082,48.22763443453082,48.22763443453082,48.22763443453082,48.22763443453082,48.22763443453082,48.22763443453082,48.22763443453082,48.22763443453082,48.22763443453082,48.22763443453082,48.22763443453082,48.22763443453082,48.22763443453082,48.22763443453082,48.22763443453082,48.22763443453082,48.22763443453082,48.22763443453082,48.22763443453082,48.22763443453082,48.22763443453082,48.22763443453082,48.22763443453082,48.22763443453082,48.22763443453082,48.22763443453082,1000000.0
FLINT,MAGNUM03,F,na,na,na,na,2025_03_11-09_22_56,na,5,46,Yes,1,na,337.59344104178416,48.22763443457198,0.0,7.0,48.0,0.0,,,,675.186882083473,96.4552688690621,0.0,7.0,48.0,0.0,34.0,29.0,0.0,30.0,26.0,0.0,24.0,19.0,0.0,17.0,15.0,0.0,7.0,11.0,0.0,-4.0,5.0,0.0,2.0,8.0,0.0,0.0,34.0,34.0,63.0,63.0,63.0,0.0,30.0,37.0,63.0,63.0,63.0,0.0,24.0,41.0,60.0,63.0,63.0,3.0,20.0,43.0,58.0,63.0,63.0,5.0,12.0,45.0,56.0,63.0,63.0,8.0,4.0,47.0,52.0,63.0,63.0,6.0,8.0,46.0,54.0,63.0,63.0,11.0,0.0,49.0,0.0,63.0,44.0,63.0,0.0,0.41349399638009826,4.252904779168957,0.8018528193622416,0.4374894505865458,30.0,160.0,983361.4661200868,987701.9532191945,992669.3995659512,994936.0983843743,997733.301181577,998938.9920424403,999662.4065589582,999710.6341933928,999951.7723655654,1000000.0,1000000.0,1000000.0,1000000.0,1000000.0,1000000.0,1000000.0,1000000.0,1000000.0,1000000.0,1000000.0,1000000.0,1000000.0,1000000.0,1000000.0,1000000.0,1000000.0,1000000.0,1000000.0,1000000.0,1000000.0,1000000.0,1000000.0,1000000.0,1000000.0,1000000.0,1000000.0,1000000.0,1000000.0,1000000.0,1000000.0,1000000.0,1000000.0,1000000.0,1000000.0,1000000.0,1000000.0,1000000.0,1000000.0,1000000.0,1000000.0,1000000.0,1000000.0,1000000.0,1000000.0,1000000.0,1000000.0,1000000.0,1000000.0,1000000.0,1000000.0,1000000.0,1000000.0,1000000.0,1000000.0,144.68290330359284,144.68290330359284,192.91053773812425,192.91053773812425,241.13817217265407,241.13817217265407,337.59344104171646,385.82107547624787,578.7316132143711,675.1868820834334,819.8697853870253,964.5526886906189,1495.056667470457,1543.2843019049903,1832.650108512174,1977.3330118157653,3038.3409693754506,3713.527851458888,4678.080540149494,5980.226669881832,7957.559681697602,11237.038823245704,16349.168073306007,21171.93151675908,30383.40969375452,41427.53797926209,59175.30745116957,79045.09283819627,113720.76199662412,152399.3248131179,209307.93344586444,228068.483240897,403183.02387267904,497323.3662888835,601398.6013986013,684784.1813359055,779937.3040752352,848951.0489510488,908608.6327465636,941017.6030865685,967928.6231010369,983023.872679045,991849.5297805641,995948.8787074994,998312.0327947914,999421.2683867855,999807.0894622619,999951.7723655654,1000000.0,1000000.0,1000000.0,1000000.0,1000000.0,1000000.0,1000000.0,1000000.0,1000000.0,1000000.0,1000000.0,1000000.0,1000000.0,1000000.0,1000000.0,1000000.0,0.0,0.0,0.0,0.0,0.0,0.0,0.0,0.0,0.0,0.0,0.0,0.0,0.0,0.0,0.0,0.0,0.0,0.0,0.0,0.0,0.0,0.0,0.0,0.0,0.0,0.0,0.0,0.0,0.0,0.0,0.0,0.0,0.0,0.0,0.0,0.0,0.0,0.0,0.0,0.0,0.0,0.0,0.0,0.0,48.22763443453082,48.22763443453082,48.22763443453082,48.22763443453082,96.4552688690621,96.4552688690621,144.68290330359284,144.68290330359284,385.82107547624787,482.27634434531,819.8697853870253,1205.690860863273,2266.6988184229576,3809.9831203279427,8198.697853870257,12780.323125150719,27200.385821075455,48517.0002411382,102049.67446346753,1000000.0,48.22763443453082,48.22763443453082,48.22763443453082,48.22763443453082,48.22763443453082,48.22763443453082,48.22763443453082,48.22763443453082,48.22763443453082,48.22763443453082,48.22763443453082,48.22763443453082,48.22763443453082,48.22763443453082,48.22763443453082,48.22763443453082,48.22763443453082,48.22763443453082,48.22763443453082,48.22763443453082,48.22763443453082,48.22763443453082,48.22763443453082,48.22763443453082,48.22763443453082,48.22763443453082,48.22763443453082,48.22763443453082,48.22763443453082,48.22763443453082,48.22763443453082,48.22763443453082,48.22763443453082,48.22763443453082,48.22763443453082,48.22763443453082,48.22763443453082,48.22763443453082,48.22763443453082,48.22763443453082,48.22763443453082,48.22763443453082,48.22763443453082,48.22763443453082,48.22763443453082,48.22763443453082,48.22763443453082,48.22763443453082,48.22763443453082,48.22763443453082,48.22763443453082,48.22763443453082,48.22763443453082,48.22763443453082,48.22763443453082,48.22763443453082,48.22763443453082,48.22763443453082,48.22763443453082,48.22763443453082,48.22763443453082,48.22763443453082,48.22763443453082,1000000.0
FLINT,MAGNUM03,F,na,na,na,na,2025_03_11-09_22_56,na,5,47,Yes,1,na,0.0,0.0,395080.7812876779,9.0,48.0,62.0,,,,0.0,0.0,395080.7812876779,9.0,48.0,62.0,33.0,28.0,2.0,30.0,23.0,0.0,24.0,18.0,0.0,19.0,15.0,0.0,13.0,11.0,0.0,8.0,7.0,0.0,11.0,9.0,0.0,0.0,33.0,33.0,61.0,61.0,63.0,0.0,30.0,36.0,59.0,63.0,63.0,2.0,26.0,39.0,57.0,63.0,63.0,4.0,23.0,41.0,56.0,63.0,63.0,6.0,19.0,43.0,54.0,63.0,63.0,7.0,15.0,45.0,52.0,63.0,63.0,6.0,17.0,44.0,53.0,63.0,63.0,7.0,0.0,46.0,11.0,63.0,50.0,63.0,63.0,0.6390508352177828,3.3520217670998673,1.8130216106633434,0.0,30.0,160.0,942898.4808295153,961562.5753556788,979262.1171931516,987750.1808536291,995370.147094285,998504.9433325295,999662.4065589582,1000000.0,1000000.0,1000000.0,1000000.0,1000000.0,1000000.0,1000000.0,1000000.0,1000000.0,1000000.0,1000000.0,1000000.0,1000000.0,1000000.0,1000000.0,1000000.0,1000000.0,1000000.0,1000000.0,1000000.0,1000000.0,1000000.0,1000000.0,1000000.0,1000000.0,1000000.0,1000000.0,1000000.0,1000000.0,1000000.0,1000000.0,1000000.0,1000000.0,1000000.0,1000000.0,1000000.0,1000000.0,1000000.0,1000000.0,1000000.0,1000000.0,1000000.0,1000000.0,1000000.0,1000000.0,1000000.0,1000000.0,1000000.0,1000000.0,1000000.0,1000000.0,1000000.0,1000000.0,1000000.0,1000000.0,1000000.0,1000000.0,0.0,0.0,0.0,0.0,0.0,0.0,0.0,0.0,0.0,0.0,0.0,48.22763443453082,48.22763443453082,96.4552688690621,192.91053773812425,289.36580660718624,337.59344104171646,578.7316132143711,964.5526886906189,1398.601398601398,2122.0159151193625,3038.3409693754506,5015.673981191222,7475.283337352298,13166.144200626935,20062.69592476488,33759.34410417167,52230.528092597,80974.19821557745,121967.68748492881,185097.66095972995,218712.322160598,420834.3380757173,536435.9778152882,659127.0798167349,753797.9262117194,845960.935616108,909717.8683385579,955775.259223535,977622.3776223776,989872.1967687485,996093.561610803,998456.7156980949,999228.3578490474,999662.4065589582,999903.5447311308,1000000.0,1000000.0,1000000.0,1000000.0,1000000.0,1000000.0,1000000.0,1000000.0,1000000.0,1000000.0,1000000.0,1000000.0,1000000.0,1000000.0,1000000.0,1000000.0,1000000.0,1000000.0,0.0,0.0,0.0,0.0,0.0,0.0,0.0,0.0,0.0,0.0,0.0,0.0,0.0,0.0,0.0,0.0,0.0,0.0,0.0,0.0,0.0,0.0,0.0,0.0,0.0,0.0,0.0,0.0,0.0,0.0,0.0,0.0,0.0,0.0,0.0,0.0,0.0,0.0,0.0,0.0,0.0,0.0,0.0,0.0,0.0,0.0,0.0,0.0,0.0,0.0,96.4552688690621,144.68290330359284,434.04870991077877,1061.0079575596806,2990.1133349409165,5835.543766578246,20641.427537979234,49385.09766095973,126549.31275620934,219049.91560163966,417988.90764408006,604919.2187123222,804726.3081745841,1000000.0,0.0,0.0,0.0,0.0,0.0,0.0,0.0,0.0,0.0,0.0,0.0,0.0,0.0,0.0,0.0,0.0,0.0,0.0,0.0,0.0,0.0,0.0,0.0,0.0,0.0,0.0,0.0,0.0,0.0,0.0,0.0,0.0,0.0,0.0,0.0,0.0,0.0,0.0,0.0,0.0,0.0,0.0,0.0,0.0,0.0,0.0,0.0,0.0,0.0,0.0,0.0,0.0,0.0,0.0,0.0,0.0,0.0,0.0,0.0,0.0,0.0,0.0,0.0,1000000.0
FLINT,MAGNUM03,F,na,na,na,na,2025_03_11-09_22_56,na,5,48,Yes,1,na,0.0,0.0,770581.1429949361,10.0,49.0,62.0,,,,0.0,0.0,770581.1429949361,10.0,49.0,62.0,34.0,29.0,0.0,30.0,24.0,0.0,26.0,19.0,0.0,20.0,16.0,0.0,15.0,13.0,0.0,10.0,8.0,0.0,12.0,11.0,0.0,0.0,34.0,34.0,63.0,63.0,63.0,0.0,30.0,37.0,61.0,63.0,63.0,0.0,26.0,40.0,59.0,63.0,63.0,3.0,23.0,41.0,57.0,63.0,63.0,5.0,20.0,43.0,56.0,63.0,63.0,7.0,17.0,45.0,53.0,63.0,63.0,6.0,18.0,44.0,55.0,63.0,63.0,9.0,0.0,46.0,11.0,63.0,52.0,63.0,63.0,0.42121619746276995,3.3677333254760207,1.25639418746424,0.0,30.0,160.0,978731.6132143717,984326.0188087773,991753.0745116952,995032.5536532432,998070.8946226187,999131.9025801783,999710.6341933928,999903.5447311308,1000000.0,1000000.0,1000000.0,1000000.0,1000000.0,1000000.0,1000000.0,1000000.0,1000000.0,1000000.0,1000000.0,1000000.0,1000000.0,1000000.0,1000000.0,1000000.0,1000000.0,1000000.0,1000000.0,1000000.0,1000000.0,1000000.0,1000000.0,1000000.0,1000000.0,1000000.0,1000000.0,1000000.0,1000000.0,1000000.0,1000000.0,1000000.0,1000000.0,1000000.0,1000000.0,1000000.0,1000000.0,1000000.0,1000000.0,1000000.0,1000000.0,1000000.0,1000000.0,1000000.0,1000000.0,1000000.0,1000000.0,1000000.0,1000000.0,1000000.0,1000000.0,1000000.0,1000000.0,1000000.0,1000000.0,1000000.0,0.0,0.0,0.0,0.0,0.0,0.0,0.0,0.0,0.0,0.0,0.0,48.22763443453082,48.22763443453082,96.4552688690621,96.4552688690621,96.4552688690621,144.68290330359284,289.36580660718624,626.959247648901,1012.7803231251486,1880.8777429467057,2845.4304316373314,4774.535809018565,7716.421509524954,12056.90860863274,19001.68796720521,31540.872920183247,48082.95153122741,74559.92283578494,112273.93296358801,174584.03665300214,216204.48517000236,382493.36870026524,495153.1227393296,629515.312273933,726693.9956595128,829370.6293706293,899734.7480106099,948203.5206173137,973426.5734265733,988521.8230045816,995370.147094285,998504.9433325295,999276.585483482,999855.3170966964,1000000.0,1000000.0,1000000.0,1000000.0,1000000.0,1000000.0,1000000.0,1000000.0,1000000.0,1000000.0,1000000.0,1000000.0,1000000.0,1000000.0,1000000.0,1000000.0,1000000.0,1000000.0,1000000.0,0.0,0.0,0.0,0.0,0.0,0.0,0.0,0.0,0.0,0.0,0.0,0.0,0.0,0.0,0.0,0.0,0.0,0.0,0.0,0.0,0.0,0.0,0.0,0.0,0.0,0.0,0.0,0.0,0.0,0.0,0.0,0.0,0.0,0.0,0.0,0.0,0.0,0.0,0.0,0.0,0.0,0.0,0.0,0.0,0.0,0.0,0.0,0.0,0.0,0.0,0.0,0.0,96.4552688690621,289.36580660718624,482.27634434531,723.414516517964,2266.6988184229576,7619.966240655894,20014.468290330373,41234.627441524026,114540.63178201119,229418.85700506397,435929.5876537256,1000000.0,0.0,0.0,0.0,0.0,0.0,0.0,0.0,0.0,0.0,0.0,0.0,0.0,0.0,0.0,0.0,0.0,0.0,0.0,0.0,0.0,0.0,0.0,0.0,0.0,0.0,0.0,0.0,0.0,0.0,0.0,0.0,0.0,0.0,0.0,0.0,0.0,0.0,0.0,0.0,0.0,0.0,0.0,0.0,0.0,0.0,0.0,0.0,0.0,0.0,0.0,0.0,0.0,0.0,0.0,0.0,0.0,0.0,0.0,0.0,0.0,0.0,0.0,0.0,1000000.0
FLINT,MAGNUM03,F,na,na,na,na,2025_03_11-09_22_56,na,5,49,Yes,1,na,0.0,0.0,768652.0376175549,10.0,49.0,62.0,,,,0.0,0.0,768652.0376175549,10.0,49.0,62.0,33.0,30.0,0.0,30.0,24.0,0.0,25.0,18.0,0.0,19.0,14.0,0.0,13.0,11.0,0.0,7.0,7.0,0.0,10.0,10.0,0.0,0.0,33.0,33.0,63.0,63.0,63.0,0.0,30.0,37.0,61.0,63.0,63.0,0.0,25.0,40.0,58.0,63.0,63.0,3.0,22.0,42.0,56.0,63.0,63.0,5.0,18.0,44.0,55.0,63.0,63.0,7.0,14.0,45.0,52.0,63.0,63.0,6.0,16.0,44.0,54.0,63.0,63.0,9.0,0.0,47.0,11.0,63.0,51.0,63.0,63.0,0.38434857887861856,3.5863340553233494,1.427081139790642,0.0,30.0,160.0,980950.0843983602,987460.8150470218,992428.2613937786,996093.561610803,998360.2604292259,999324.8131179166,999855.3170966964,1000000.0,1000000.0,1000000.0,1000000.0,1000000.0,1000000.0,1000000.0,1000000.0,1000000.0,1000000.0,1000000.0,1000000.0,1000000.0,1000000.0,1000000.0,1000000.0,1000000.0,1000000.0,1000000.0,1000000.0,1000000.0,1000000.0,1000000.0,1000000.0,1000000.0,1000000.0,1000000.0,1000000.0,1000000.0,1000000.0,1000000.0,1000000.0,1000000.0,1000000.0,1000000.0,1000000.0,1000000.0,1000000.0,1000000.0,1000000.0,1000000.0,1000000.0,1000000.0,1000000.0,1000000.0,1000000.0,1000000.0,1000000.0,1000000.0,1000000.0,1000000.0,1000000.0,1000000.0,1000000.0,1000000.0,1000000.0,1000000.0,0.0,0.0,0.0,0.0,0.0,0.0,0.0,0.0,0.0,0.0,0.0,48.22763443453082,96.4552688690621,144.68290330359284,289.36580660718624,482.27634434531,626.959247648901,964.5526886906189,1398.601398601398,2025.5606462503029,3086.56860380998,4292.259464673261,7282.372799614172,10995.900651073063,16252.71280443696,25271.280443694228,39160.839160839154,57824.933687002616,88545.93682179884,130069.93006993001,188039.54666023626,238485.65227875573,398649.6262358331,511550.5184470701,631058.5965758379,731275.6209307933,824740.7764649144,890571.497468049,941017.6030865685,968362.6718109476,984277.7911743429,992572.9442970823,996672.2932240173,998697.8538702676,999807.0894622619,1000000.0,1000000.0,1000000.0,1000000.0,1000000.0,1000000.0,1000000.0,1000000.0,1000000.0,1000000.0,1000000.0,1000000.0,1000000.0,1000000.0,1000000.0,1000000.0,1000000.0,1000000.0,1000000.0,0.0,0.0,0.0,0.0,0.0,0.0,0.0,0.0,0.0,0.0,0.0,0.0,0.0,0.0,0.0,0.0,0.0,0.0,0.0,0.0,0.0,0.0,0.0,0.0,0.0,0.0,0.0,0.0,0.0,0.0,0.0,0.0,0.0,0.0,0.0,0.0,0.0,0.0,0.0,0.0,0.0,0.0,0.0,0.0,0.0,0.0,0.0,0.0,0.0,0.0,0.0,48.22763443453082,289.36580660718624,482.27634434531,1253.9184952978064,2797.202797202796,6993.006993006999,14468.290330359305,34675.66915842777,61297.32336628891,132095.4907161804,231347.96238244514,405401.4950566674,1000000.0,0.0,0.0,0.0,0.0,0.0,0.0,0.0,0.0,0.0,0.0,0.0,0.0,0.0,0.0,0.0,0.0,0.0,0.0,0.0,0.0,0.0,0.0,0.0,0.0,0.0,0.0,0.0,0.0,0.0,0.0,0.0,0.0,0.0,0.0,0.0,0.0,0.0,0.0,0.0,0.0,0.0,0.0,0.0,0.0,0.0,0.0,0.0,0.0,0.0,0.0,0.0,0.0,0.0,0.0,0.0,0.0,0.0,0.0,0.0,0.0,0.0,0.0,0.0,1000000.0
FLINT,MAGNUM03,F,na,na,na,na,2025_03_11-09_22_56,na,5,50,Yes,1,na,434.04870991077877,241.13817217265407,0.0,8.0,50.0,0.0,,,,675.1868820835286,289.36580660721114,0.0,8.0,50.0,0.0,33.0,30.0,0.0,29.0,24.0,0.0,23.0,17.0,0.0,14.0,14.0,0.0,8.0,8.0,0.0,-4.0,0.0,0.0,2.0,6.0,0.0,0.0,33.0,33.0,63.0,63.0,63.0,0.0,29.0,37.0,61.0,63.0,63.0,0.0,23.0,41.0,58.0,63.0,63.0,4.0,18.0,42.0,56.0,63.0,63.0,5.0,13.0,45.0,53.0,63.0,63.0,9.0,5.0,50.0,50.0,63.0,63.0,7.0,9.0,46.0,52.0,63.0,63.0,10.0,0.0,51.0,0.0,63.0,48.0,63.0,0.0,0.4702107567558803,4.352224074767228,1.4365505532292577,0.4374894505865458,30.0,160.0,979213.8895587171,984470.701712081,990354.4731130938,993006.993006993,997154.5695683626,998746.0815047021,999324.8131179166,999758.8618278273,999855.3170966964,999951.7723655654,1000000.0,1000000.0,1000000.0,1000000.0,1000000.0,1000000.0,1000000.0,1000000.0,1000000.0,1000000.0,1000000.0,1000000.0,1000000.0,1000000.0,1000000.0,1000000.0,1000000.0,1000000.0,1000000.0,1000000.0,1000000.0,1000000.0,1000000.0,1000000.0,1000000.0,1000000.0,1000000.0,1000000.0,1000000.0,1000000.0,1000000.0,1000000.0,1000000.0,1000000.0,1000000.0,1000000.0,1000000.0,1000000.0,1000000.0,1000000.0,1000000.0,1000000.0,1000000.0,1000000.0,1000000.0,1000000.0,1000000.0,1000000.0,1000000.0,1000000.0,1000000.0,1000000.0,1000000.0,1000000.0,96.4552688690621,96.4552688690621,144.68290330359284,144.68290330359284,144.68290330359284,241.13817217265407,289.36580660718624,337.59344104171646,482.27634434531,626.959247648901,771.6421509524955,868.0974198215577,1253.9184952978064,1639.7395707740552,2314.926452857486,2893.6580660718573,3761.755485893413,4870.991077887631,6510.730648661682,8295.15312273932,11092.355919942114,15239.932481311793,22522.305280925957,31444.417651314172,42006.26959247647,57535.567880395465,78852.1823004581,103737.64166867617,143139.61900168782,195997.1063419339,270846.3949843259,306100.79575596814,468000.9645526887,567735.7125632986,674174.1017603087,750470.2194357367,829659.9951772365,888304.7986496262,931372.0761996623,957656.1369664818,976175.5485893417,987412.5874125873,994260.9115022907,996479.3826862792,998553.1709669641,999276.585483482,999662.4065589582,999710.6341933928,999758.8618278273,999855.3170966964,1000000.0,1000000.0,1000000.0,1000000.0,1000000.0,1000000.0,1000000.0,1000000.0,1000000.0,1000000.0,1000000.0,1000000.0,1000000.0,1000000.0,0.0,0.0,0.0,0.0,0.0,0.0,0.0,0.0,0.0,0.0,0.0,0.0,0.0,0.0,0.0,0.0,0.0,0.0,0.0,0.0,0.0,0.0,0.0,0.0,0.0,0.0,0.0,0.0,0.0,0.0,0.0,0.0,0.0,0.0,0.0,0.0,0.0,0.0,0.0,0.0,0.0,0.0,0.0,0.0,0.0,0.0,0.0,0.0,48.22763443453082,48.22763443453082,289.36580660718624,434.04870991077877,819.8697853870253,1495.056667470457,2748.975162768264,3954.6660236315374,8970.34000482275,17217.265493127543,35350.85604051118,55268.86906197253,111550.51844707015,188377.14010127803,328767.7839401977,1000000.0,48.22763443453082,48.22763443453082,48.22763443453082,48.22763443453082,48.22763443453082,48.22763443453082,48.22763443453082,48.22763443453082,48.22763443453082,48.22763443453082,48.22763443453082,48.22763443453082,48.22763443453082,48.22763443453082,48.22763443453082,48.22763443453082,48.22763443453082,48.22763443453082,48.22763443453082,48.22763443453082,48.22763443453082,48.22763443453082,48.22763443453082,48.22763443453082,48.22763443453082,48.22763443453082,48.22763443453082,48.22763443453082,48.22763443453082,48.22763443453082,48.22763443453082,48.22763443453082,48.22763443453082,48.22763443453082,48.22763443453082,48.22763443453082,48.22763443453082,48.22763443453082,48.22763443453082,48.22763443453082,48.22763443453082,48.22763443453082,48.22763443453082,48.22763443453082,48.22763443453082,48.22763443453082,48.22763443453082,48.22763443453082,48.22763443453082,48.22763443453082,48.22763443453082,48.22763443453082,48.22763443453082,48.22763443453082,48.22763443453082,48.22763443453082,48.22763443453082,48.22763443453082,48.22763443453082,48.22763443453082,48.22763443453082,48.22763443453082,48.22763443453082,1000000.0
FLINT,MAGNUM03,F,na,na,na,na,2025_03_11-09_22_56,na,5,51,Yes,1,na,48.22763443453082,0.0,96.4552688690621,9.0,47.5,0.0,,,,48.22763443453082,0.0,96.4552688690621,9.0,47.5,0.0,33.0,29.0,1.0,29.0,24.0,0.0,23.0,18.0,0.0,16.0,15.0,0.0,10.0,11.0,0.0,3.0,8.0,0.0,6.0,9.0,0.0,0.0,33.0,33.0,62.0,62.0,63.0,0.0,29.0,36.0,60.0,63.0,63.0,1.0,24.0,40.0,58.0,63.0,63.0,4.0,20.0,41.0,56.0,63.0,63.0,5.0,15.0,43.0,54.0,63.0,63.0,7.0,10.0,45.0,53.0,63.0,63.0,6.0,12.0,44.0,53.0,63.0,63.0,9.0,0.0,46.0,0.0,63.0,49.0,63.0,0.0,0.457950933437571,3.7689353468657583,1.612114173410131,0.7577174106292265,30.0,160.0,974728.7195563057,982638.0516035687,989727.5138654449,993682.1798890764,997588.6182782734,999035.4473113093,999758.8618278273,999903.5447311308,1000000.0,1000000.0,1000000.0,1000000.0,1000000.0,1000000.0,1000000.0,1000000.0,1000000.0,1000000.0,1000000.0,1000000.0,1000000.0,1000000.0,1000000.0,1000000.0,1000000.0,1000000.0,1000000.0,1000000.0,1000000.0,1000000.0,1000000.0,1000000.0,1000000.0,1000000.0,1000000.0,1000000.0,1000000.0,1000000.0,1000000.0,1000000.0,1000000.0,1000000.0,1000000.0,1000000.0,1000000.0,1000000.0,1000000.0,1000000.0,1000000.0,1000000.0,1000000.0,1000000.0,1000000.0,1000000.0,1000000.0,1000000.0,1000000.0,1000000.0,1000000.0,1000000.0,1000000.0,1000000.0,1000000.0,1000000.0,48.22763443453082,48.22763443453082,48.22763443453082,48.22763443453082,48.22763443453082,48.22763443453082,48.22763443453082,48.22763443453082,48.22763443453082,96.4552688690621,289.36580660718624,434.04870991077877,578.7316132143711,723.414516517964,1061.0079575596806,1398.601398601398,1591.5119363395213,2363.1540872920177,3086.56860380998,4244.031830238725,6414.2753797926125,8970.34000482275,13503.73764166868,18664.09452616349,25898.23969134314,38099.8312032795,55075.958524234404,77501.80853629124,114685.31468531462,166385.33879913192,238389.19700988664,277405.35326742224,458837.7140101278,570147.0942850253,684060.7668193874,770243.5495538943,855847.600675187,913817.217265493,955534.1210513624,975789.7275138653,987991.3190258017,994646.732577767,997733.301181577,999228.3578490474,999855.3170966964,999951.7723655654,1000000.0,1000000.0,1000000.0,1000000.0,1000000.0,1000000.0,1000000.0,1000000.0,1000000.0,1000000.0,1000000.0,1000000.0,1000000.0,1000000.0,1000000.0,1000000.0,1000000.0,1000000.0,0.0,0.0,0.0,0.0,0.0,0.0,0.0,0.0,0.0,0.0,0.0,0.0,0.0,0.0,0.0,0.0,0.0,0.0,0.0,0.0,0.0,0.0,0.0,0.0,0.0,0.0,0.0,0.0,0.0,0.0,0.0,0.0,0.0,0.0,0.0,0.0,0.0,0.0,0.0,0.0,0.0,0.0,0.0,0.0,0.0,0.0,0.0,0.0,0.0,48.22763443453082,48.22763443453082,48.22763443453082,144.68290330359284,675.1868820834334,2122.0159151193625,3954.6660236315374,9790.2097902098,21847.118398842544,52857.487340245956,95731.85435254406,206703.64118639982,341644.5623342174,540390.6438389197,1000000.0,144.68290330359284,144.68290330359284,144.68290330359284,144.68290330359284,144.68290330359284,144.68290330359284,144.68290330359284,144.68290330359284,144.68290330359284,144.68290330359284,144.68290330359284,144.68290330359284,144.68290330359284,144.68290330359284,144.68290330359284,144.68290330359284,144.68290330359284,144.68290330359284,144.68290330359284,144.68290330359284,144.68290330359284,144.68290330359284,144.68290330359284,144.68290330359284,144.68290330359284,144.68290330359284,144.68290330359284,144.68290330359284,144.68290330359284,144.68290330359284,144.68290330359284,144.68290330359284,144.68290330359284,144.68290330359284,144.68290330359284,144.68290330359284,144.68290330359284,144.68290330359284,144.68290330359284,144.68290330359284,144.68290330359284,144.68290330359284,144.68290330359284,144.68290330359284,144.68290330359284,144.68290330359284,144.68290330359284,144.68290330359284,144.68290330359284,144.68290330359284,144.68290330359284,144.68290330359284,144.68290330359284,144.68290330359284,144.68290330359284,144.68290330359284,144.68290330359284,144.68290330359284,144.68290330359284,144.68290330359284,144.68290330359284,144.68290330359284,144.68290330359284,1000000.0
FLINT,MAGNUM03,F,na,na,na,na,2025_03_11-09_22_56,na,5,52,Yes,1,na,0.0,48.22763443453082,288642.39209066797,8.5,50.0,62.0,,,,0.0,48.22763443453082,288642.39209066797,8.5,50.0,62.0,33.0,27.0,3.0,30.0,22.0,1.0,23.0,17.0,0.0,19.0,14.0,0.0,15.0,11.0,0.0,7.0,7.0,0.0,11.0,9.0,0.0,0.0,33.0,33.0,60.0,60.0,63.0,0.0,30.0,36.0,58.0,62.0,63.0,2.0,25.0,39.0,56.0,63.0,63.0,4.0,23.0,41.0,55.0,63.0,63.0,5.0,20.0,42.0,53.0,63.0,63.0,8.0,15.0,44.0,51.0,63.0,63.0,6.0,17.0,43.0,52.0,63.0,63.0,8.0,0.0,63.0,9.0,63.0,50.0,63.0,63.0,0.6102432442036043,3.350842448382116,1.9091334100343686,0.0,30.0,160.0,949168.0733060043,964938.509766096,981577.043646009,989100.5546177959,995707.7405353268,998794.3091391367,999565.9512900892,999855.3170966964,1000000.0,1000000.0,1000000.0,1000000.0,1000000.0,1000000.0,1000000.0,1000000.0,1000000.0,1000000.0,1000000.0,1000000.0,1000000.0,1000000.0,1000000.0,1000000.0,1000000.0,1000000.0,1000000.0,1000000.0,1000000.0,1000000.0,1000000.0,1000000.0,1000000.0,1000000.0,1000000.0,1000000.0,1000000.0,1000000.0,1000000.0,1000000.0,1000000.0,1000000.0,1000000.0,1000000.0,1000000.0,1000000.0,1000000.0,1000000.0,1000000.0,1000000.0,1000000.0,1000000.0,1000000.0,1000000.0,1000000.0,1000000.0,1000000.0,1000000.0,1000000.0,1000000.0,1000000.0,1000000.0,1000000.0,1000000.0,0.0,0.0,0.0,0.0,0.0,0.0,0.0,0.0,0.0,48.22763443453082,48.22763443453082,144.68290330359284,144.68290330359284,144.68290330359284,144.68290330359284,241.13817217265407,434.04870991077877,626.959247648901,868.0974198215577,1302.1461297323344,2122.0159151193625,3424.1620448516924,5401.495056667472,8680.97419821557,14227.15215818664,24065.589582830988,41572.22088256569,61683.14444176514,95297.80564263329,148878.70749939713,223727.9961417892,269399.56595129,463853.387991319,588039.5466602363,710778.8762961177,793826.86279238,872920.1832650108,931372.0761996623,966530.0217024354,983023.872679045,992862.3101036893,997733.301181577,999324.8131179166,999614.1789245236,1000000.0,1000000.0,1000000.0,1000000.0,1000000.0,1000000.0,1000000.0,1000000.0,1000000.0,1000000.0,1000000.0,1000000.0,1000000.0,1000000.0,1000000.0,1000000.0,1000000.0,1000000.0,1000000.0,1000000.0,0.0,0.0,0.0,0.0,0.0,0.0,0.0,0.0,0.0,0.0,0.0,0.0,0.0,0.0,0.0,0.0,0.0,0.0,0.0,0.0,0.0,0.0,0.0,0.0,0.0,0.0,0.0,0.0,0.0,0.0,0.0,0.0,0.0,0.0,0.0,0.0,0.0,0.0,0.0,0.0,0.0,0.0,0.0,0.0,0.0,0.0,0.0,0.0,0.0,0.0,96.4552688690621,289.36580660718624,771.6421509524955,1495.056667470457,5305.039787798405,10995.900651073063,32939.474318784654,82565.710151917,193248.13117916562,315264.0462985291,527851.4588859417,711357.607909332,873450.6872437906,1000000.0,0.0,0.0,0.0,0.0,0.0,0.0,0.0,0.0,0.0,0.0,0.0,0.0,0.0,0.0,0.0,0.0,0.0,0.0,0.0,0.0,0.0,0.0,0.0,0.0,0.0,0.0,0.0,0.0,0.0,0.0,0.0,0.0,0.0,0.0,0.0,0.0,0.0,0.0,0.0,0.0,0.0,0.0,0.0,0.0,0.0,0.0,0.0,0.0,0.0,0.0,0.0,0.0,0.0,0.0,0.0,0.0,0.0,0.0,0.0,0.0,0.0,0.0,0.0,1000000.0
FLINT,MAGNUM03,F,na,na,na,na,2025_03_11-09_22_56,na,5,53,Yes,1,na,48.22763443453082,0.0,507113.5760790933,12.0,48.0,62.0,,,,48.22763443453082,0.0,507113.5760790933,12.0,48.0,62.0,33.0,29.0,1.0,30.0,23.0,0.0,23.0,18.0,0.0,18.0,14.0,0.0,14.0,12.0,0.0,7.0,6.0,0.0,10.0,8.0,0.0,0.0,33.0,33.0,62.0,62.0,63.0,0.0,30.0,36.0,59.0,63.0,63.0,2.0,25.0,39.0,57.0,63.0,63.0,4.0,22.0,41.0,55.0,63.0,63.0,5.0,19.0,42.0,54.0,63.0,63.0,7.0,14.0,45.0,51.0,63.0,63.0,6.0,16.0,44.0,52.0,63.0,63.0,8.0,0.0,48.0,0.0,63.0,48.0,63.0,63.0,0.5210873986487808,3.4478092170405565,1.8031420175091917,0.0,30.0,160.0,966047.7453580903,976657.8249336869,986544.4899927658,992090.6679527368,996431.1550518447,998890.7644080058,999758.8618278273,999903.5447311308,1000000.0,1000000.0,1000000.0,1000000.0,1000000.0,1000000.0,1000000.0,1000000.0,1000000.0,1000000.0,1000000.0,1000000.0,1000000.0,1000000.0,1000000.0,1000000.0,1000000.0,1000000.0,1000000.0,1000000.0,1000000.0,1000000.0,1000000.0,1000000.0,1000000.0,1000000.0,1000000.0,1000000.0,1000000.0,1000000.0,1000000.0,1000000.0,1000000.0,1000000.0,1000000.0,1000000.0,1000000.0,1000000.0,1000000.0,1000000.0,1000000.0,1000000.0,1000000.0,1000000.0,1000000.0,1000000.0,1000000.0,1000000.0,1000000.0,1000000.0,1000000.0,1000000.0,1000000.0,1000000.0,1000000.0,1000000.0,48.22763443453082,48.22763443453082,48.22763443453082,48.22763443453082,48.22763443453082,48.22763443453082,48.22763443453082,48.22763443453082,48.22763443453082,48.22763443453082,48.22763443453082,48.22763443453082,96.4552688690621,192.91053773812425,289.36580660718624,482.27634434531,626.959247648901,868.0974198215577,1302.1461297323344,1880.8777429467057,2941.8857005063924,4870.991077887631,7330.600434048703,11526.404629852897,17747.769471907395,28116.71087533155,44417.65131420309,63949.8432601881,100506.3901615626,149312.75620930784,217988.90764408003,258500.120569086,468772.6067036412,586303.3518205931,703062.4547865926,787219.6768748492,868338.5579937303,923607.4270557029,962768.266216542,980564.263322884,991994.2126838678,996816.9761273209,998938.9920424403,999324.8131179166,999758.8618278273,999903.5447311308,1000000.0,1000000.0,1000000.0,1000000.0,1000000.0,1000000.0,1000000.0,1000000.0,1000000.0,1000000.0,1000000.0,1000000.0,1000000.0,1000000.0,1000000.0,1000000.0,1000000.0,1000000.0,0.0,0.0,0.0,0.0,0.0,0.0,0.0,0.0,0.0,0.0,0.0,0.0,0.0,0.0,0.0,0.0,0.0,0.0,0.0,0.0,0.0,0.0,0.0,0.0,0.0,0.0,0.0,0.0,0.0,0.0,0.0,0.0,0.0,0.0,0.0,0.0,0.0,0.0,0.0,0.0,0.0,0.0,0.0,0.0,0.0,0.0,0.0,0.0,48.22763443453082,96.4552688690621,144.68290330359284,289.36580660718624,578.7316132143711,1157.4632264287443,3327.7067759826386,6366.047745358085,16831.444417651295,39739.57077405354,96214.13069688933,166288.8835302629,334072.82372799615,492886.4239209067,711646.9737159392,1000000.0,0.0,0.0,0.0,0.0,0.0,0.0,0.0,0.0,0.0,0.0,0.0,0.0,0.0,0.0,0.0,0.0,0.0,0.0,0.0,0.0,0.0,0.0,0.0,0.0,0.0,0.0,0.0,0.0,0.0,0.0,0.0,0.0,0.0,0.0,0.0,0.0,0.0,0.0,0.0,0.0,0.0,0.0,0.0,0.0,0.0,0.0,0.0,0.0,0.0,0.0,0.0,0.0,0.0,0.0,0.0,0.0,0.0,0.0,0.0,0.0,0.0,0.0,0.0,1000000.0
FLINT,MAGNUM03,F,na,na,na,na,2025_03_11-09_22_56,na,5,54,Yes,1,na,337.59344104171646,0.0,48.22763443453082,9.0,50.0,0.0,,,,482.2763443453216,0.0,48.22763443453082,9.0,50.0,0.0,32.0,31.0,0.0,29.0,27.0,0.0,23.0,20.0,0.0,15.0,16.0,0.0,8.0,12.0,0.0,-1.0,7.0,0.0,3.0,10.0,0.0,0.0,32.0,32.0,63.0,63.0,63.0,0.0,29.0,36.0,63.0,63.0,63.0,0.0,23.0,40.0,60.0,63.0,63.0,4.0,19.0,42.0,58.0,63.0,63.0,6.0,14.0,44.0,56.0,63.0,63.0,9.0,8.0,46.0,53.0,63.0,63.0,7.0,10.0,45.0,55.0,63.0,63.0,13.0,0.0,48.0,0.0,63.0,52.0,63.0,0.0,0.4925565975508657,4.060240612522267,0.7589213112997713,0.6186885949313036,30.0,160.0,980516.0356884495,984615.3846153845,989631.0585965757,992910.5377381239,996720.5208584518,998360.2604292259,999276.585483482,999565.9512900892,999855.3170966964,999903.5447311308,999903.5447311308,999951.7723655654,1000000.0,1000000.0,1000000.0,1000000.0,1000000.0,1000000.0,1000000.0,1000000.0,1000000.0,1000000.0,1000000.0,1000000.0,1000000.0,1000000.0,1000000.0,1000000.0,1000000.0,1000000.0,1000000.0,1000000.0,1000000.0,1000000.0,1000000.0,1000000.0,1000000.0,1000000.0,1000000.0,1000000.0,1000000.0,1000000.0,1000000.0,1000000.0,1000000.0,1000000.0,1000000.0,1000000.0,1000000.0,1000000.0,1000000.0,1000000.0,1000000.0,1000000.0,1000000.0,1000000.0,1000000.0,1000000.0,1000000.0,1000000.0,1000000.0,1000000.0,1000000.0,1000000.0,48.22763443453082,48.22763443453082,48.22763443453082,96.4552688690621,144.68290330359284,192.91053773812425,192.91053773812425,192.91053773812425,241.13817217265407,385.82107547624787,626.959247648901,819.8697853870253,1012.7803231251486,1302.1461297323344,1736.1948396431121,2122.0159151193625,3231.251507113574,4195.804195804195,5980.226669881832,7571.738606221362,9741.98215577526,13551.965276103192,18615.866891728958,26476.971304557497,37521.09959006511,53822.04002893661,76392.57294429705,102339.0402700748,142319.74921630096,196961.65903062458,278128.76778394013,319315.1675910296,508463.94984326017,610851.2177477694,716759.1029659994,793199.9035447311,864383.8919700988,915408.7292018327,952640.4629852904,972365.5654690136,985579.9373040752,993006.993006993,996479.3826862792,998215.5775259222,999324.8131179166,999855.3170966964,999903.5447311308,999951.7723655654,1000000.0,1000000.0,1000000.0,1000000.0,1000000.0,1000000.0,1000000.0,1000000.0,1000000.0,1000000.0,1000000.0,1000000.0,1000000.0,1000000.0,1000000.0,1000000.0,0.0,0.0,0.0,0.0,0.0,0.0,0.0,0.0,0.0,0.0,0.0,0.0,0.0,0.0,0.0,0.0,0.0,0.0,0.0,0.0,0.0,0.0,0.0,0.0,0.0,0.0,0.0,0.0,0.0,0.0,0.0,0.0,0.0,0.0,0.0,0.0,0.0,0.0,0.0,0.0,0.0,0.0,0.0,0.0,0.0,0.0,0.0,0.0,0.0,0.0,0.0,0.0,96.4552688690621,337.59344104171646,530.5039787798403,964.5526886906189,1880.8777429467057,3472.38967928623,7089.462261876058,11767.542802025564,25801.784422474044,48420.54497226907,101856.76392572945,1000000.0,96.4552688690621,96.4552688690621,96.4552688690621,96.4552688690621,96.4552688690621,96.4552688690621,96.4552688690621,96.4552688690621,96.4552688690621,96.4552688690621,96.4552688690621,96.4552688690621,96.4552688690621,96.4552688690621,96.4552688690621,96.4552688690621,96.4552688690621,96.4552688690621,96.4552688690621,96.4552688690621,96.4552688690621,96.4552688690621,96.4552688690621,96.4552688690621,96.4552688690621,96.4552688690621,96.4552688690621,96.4552688690621,96.4552688690621,96.4552688690621,96.4552688690621,96.4552688690621,96.4552688690621,96.4552688690621,96.4552688690621,96.4552688690621,96.4552688690621,96.4552688690621,96.4552688690621,96.4552688690621,96.4552688690621,96.4552688690621,96.4552688690621,96.4552688690621,96.4552688690621,96.4552688690621,96.4552688690621,96.4552688690621,96.4552688690621,96.4552688690621,96.4552688690621,96.4552688690621,96.4552688690621,96.4552688690621,96.4552688690621,96.4552688690621,96.4552688690621,96.4552688690621,96.4552688690621,96.4552688690621,96.4552688690621,96.4552688690621,96.4552688690621,1000000.0
FLINT,MAGNUM03,F,na,na,na,na,2025_03_11-09_22_56,na,5,55,Yes,1,na,0.0,0.0,48.22763443453082,8.5,48.5,0.0,,,,0.0,0.0,48.22763443453082,8.5,48.5,0.0,33.0,29.0,1.0,29.0,24.0,0.0,24.0,18.0,0.0,19.0,16.0,0.0,14.0,12.0,0.0,7.0,8.0,0.0,11.0,10.0,0.0,0.0,33.0,33.0,62.0,62.0,63.0,0.0,29.0,36.0,60.0,63.0,63.0,1.0,25.0,39.0,57.0,63.0,63.0,3.0,22.0,40.0,56.0,63.0,63.0,5.0,19.0,42.0,54.0,63.0,63.0,6.0,13.0,44.0,52.0,63.0,63.0,5.0,16.0,43.0,53.0,63.0,63.0,6.0,0.0,47.0,11.0,63.0,50.0,63.0,0.0,0.38598394350235143,3.3539877137006164,1.6558965122173324,0.6186885949313036,30.0,160.0,977188.3289124668,986062.2136484205,992042.4403183024,995852.4234386302,998649.626235833,999614.1789245236,1000000.0,1000000.0,1000000.0,1000000.0,1000000.0,1000000.0,1000000.0,1000000.0,1000000.0,1000000.0,1000000.0,1000000.0,1000000.0,1000000.0,1000000.0,1000000.0,1000000.0,1000000.0,1000000.0,1000000.0,1000000.0,1000000.0,1000000.0,1000000.0,1000000.0,1000000.0,1000000.0,1000000.0,1000000.0,1000000.0,1000000.0,1000000.0,1000000.0,1000000.0,1000000.0,1000000.0,1000000.0,1000000.0,1000000.0,1000000.0,1000000.0,1000000.0,1000000.0,1000000.0,1000000.0,1000000.0,1000000.0,1000000.0,1000000.0,1000000.0,1000000.0,1000000.0,1000000.0,1000000.0,1000000.0,1000000.0,1000000.0,1000000.0,0.0,0.0,0.0,0.0,0.0,0.0,0.0,0.0,0.0,0.0,0.0,96.4552688690621,192.91053773812425,241.13817217265407,385.82107547624787,482.27634434531,675.1868820834334,819.8697853870253,1157.4632264287443,1687.967205208584,2604.2922594646707,3954.6660236315374,6558.958283096219,10320.71376898964,16108.029901133345,27007.475283337364,45237.52109959005,68627.92380033756,108367.49457439121,161032.0713768989,238003.3759344104,292693.5133831685,492500.6028454304,612008.6809741982,731468.5314685315,813503.7376416686,890137.4487581383,940390.6438389197,971786.8338557993,986303.3518205931,993971.5456956836,998312.0327947914,999324.8131179166,999758.8618278273,999951.7723655654,1000000.0,1000000.0,1000000.0,1000000.0,1000000.0,1000000.0,1000000.0,1000000.0,1000000.0,1000000.0,1000000.0,1000000.0,1000000.0,1000000.0,1000000.0,1000000.0,1000000.0,1000000.0,1000000.0,0.0,0.0,0.0,0.0,0.0,0.0,0.0,0.0,0.0,0.0,0.0,0.0,0.0,0.0,0.0,0.0,0.0,0.0,0.0,0.0,0.0,0.0,0.0,0.0,0.0,0.0,0.0,0.0,0.0,0.0,0.0,0.0,0.0,0.0,0.0,0.0,0.0,0.0,0.0,0.0,0.0,0.0,0.0,0.0,0.0,0.0,0.0,0.0,0.0,0.0,48.22763443453082,48.22763443453082,241.13817217265407,675.1868820834334,1591.5119363395213,3086.56860380998,9163.250542560887,23920.90667952736,67759.82638051605,131179.16566192423,282372.7996141789,453387.9913190258,671280.4436942368,1000000.0,96.4552688690621,96.4552688690621,96.4552688690621,96.4552688690621,96.4552688690621,96.4552688690621,96.4552688690621,96.4552688690621,96.4552688690621,96.4552688690621,96.4552688690621,96.4552688690621,96.4552688690621,96.4552688690621,96.4552688690621,96.4552688690621,96.4552688690621,96.4552688690621,96.4552688690621,96.4552688690621,96.4552688690621,96.4552688690621,96.4552688690621,96.4552688690621,96.4552688690621,96.4552688690621,96.4552688690621,96.4552688690621,96.4552688690621,96.4552688690621,96.4552688690621,96.4552688690621,96.4552688690621,96.4552688690621,96.4552688690621,96.4552688690621,96.4552688690621,96.4552688690621,96.4552688690621,96.4552688690621,96.4552688690621,96.4552688690621,96.4552688690621,96.4552688690621,96.4552688690621,96.4552688690621,96.4552688690621,96.4552688690621,96.4552688690621,96.4552688690621,96.4552688690621,96.4552688690621,96.4552688690621,96.4552688690621,96.4552688690621,96.4552688690621,96.4552688690621,96.4552688690621,96.4552688690621,96.4552688690621,96.4552688690621,96.4552688690621,96.4552688690621,1000000.0
FLINT,MAGNUM03,F,na,na,na,na,2025_03_11-09_22_56,na,5,56,Yes,1,na,0.0,0.0,144.68290330359284,11.5,49.0,0.0,,,,0.0,0.0,144.68290330359284,11.5,49.0,0.0,33.0,30.0,0.0,30.0,26.0,0.0,25.0,22.0,0.0,21.0,18.0,0.0,16.0,16.0,0.0,11.0,13.0,0.0,13.0,15.0,0.0,0.0,33.0,33.0,63.0,63.0,63.0,0.0,30.0,36.0,62.0,63.0,63.0,0.0,25.0,38.0,60.0,63.0,63.0,2.0,23.0,40.0,58.0,63.0,63.0,4.0,20.0,41.0,57.0,63.0,63.0,6.0,17.0,43.0,56.0,63.0,63.0,5.0,18.0,42.0,57.0,63.0,63.0,7.0,0.0,44.0,16.0,63.0,54.0,63.0,0.0,0.3101109151665748,3.15013961209243,0.969685663613321,0.8749156016395435,30.0,160.0,988907.6440800579,992235.3508560404,995514.8299975885,996816.9761273209,998746.0815047021,999614.1789245236,1000000.0,1000000.0,1000000.0,1000000.0,1000000.0,1000000.0,1000000.0,1000000.0,1000000.0,1000000.0,1000000.0,1000000.0,1000000.0,1000000.0,1000000.0,1000000.0,1000000.0,1000000.0,1000000.0,1000000.0,1000000.0,1000000.0,1000000.0,1000000.0,1000000.0,1000000.0,1000000.0,1000000.0,1000000.0,1000000.0,1000000.0,1000000.0,1000000.0,1000000.0,1000000.0,1000000.0,1000000.0,1000000.0,1000000.0,1000000.0,1000000.0,1000000.0,1000000.0,1000000.0,1000000.0,1000000.0,1000000.0,1000000.0,1000000.0,1000000.0,1000000.0,1000000.0,1000000.0,1000000.0,1000000.0,1000000.0,1000000.0,1000000.0,0.0,0.0,0.0,0.0,0.0,0.0,0.0,0.0,0.0,0.0,0.0,0.0,0.0,0.0,0.0,0.0,96.4552688690621,289.36580660718624,626.959247648901,1012.7803231251486,1591.5119363395213,3134.7962382445157,5256.812153363875,8391.608391608395,14661.200868097394,24162.044851699997,39112.61152640461,57439.11261152642,94622.61876054984,149746.8049192187,236122.49819146364,307258.2589823969,499879.43091391365,623342.175066313,749119.8456715697,832119.6045333976,905618.5194116229,952929.8287918977,979985.5317096696,991367.253436219,996961.6590306245,999180.1302146129,999807.0894622619,1000000.0,1000000.0,1000000.0,1000000.0,1000000.0,1000000.0,1000000.0,1000000.0,1000000.0,1000000.0,1000000.0,1000000.0,1000000.0,1000000.0,1000000.0,1000000.0,1000000.0,1000000.0,1000000.0,1000000.0,1000000.0,0.0,0.0,0.0,0.0,0.0,0.0,0.0,0.0,0.0,0.0,0.0,0.0,0.0,0.0,0.0,0.0,0.0,0.0,0.0,0.0,0.0,0.0,0.0,0.0,0.0,0.0,0.0,0.0,0.0,0.0,0.0,0.0,0.0,0.0,0.0,0.0,0.0,0.0,0.0,0.0,0.0,0.0,0.0,0.0,0.0,0.0,0.0,0.0,0.0,0.0,0.0,0.0,0.0,0.0,48.22763443453082,192.91053773812425,530.5039787798403,1929.1053773812387,8391.608391608395,18278.273450687222,57873.16132143717,126452.85748734025,283723.17337834573,1000000.0,192.91053773812425,192.91053773812425,192.91053773812425,192.91053773812425,192.91053773812425,192.91053773812425,192.91053773812425,192.91053773812425,192.91053773812425,192.91053773812425,192.91053773812425,192.91053773812425,192.91053773812425,192.91053773812425,192.91053773812425,192.91053773812425,192.91053773812425,192.91053773812425,192.91053773812425,192.91053773812425,192.91053773812425,192.91053773812425,192.91053773812425,192.91053773812425,192.91053773812425,192.91053773812425,192.91053773812425,192.91053773812425,192.91053773812425,192.91053773812425,192.91053773812425,192.91053773812425,192.91053773812425,192.91053773812425,192.91053773812425,192.91053773812425,192.91053773812425,192.91053773812425,192.91053773812425,192.91053773812425,192.91053773812425,192.91053773812425,192.91053773812425,192.91053773812425,192.91053773812425,192.91053773812425,192.91053773812425,192.91053773812425,192.91053773812425,192.91053773812425,192.91053773812425,192.91053773812425,192.91053773812425,192.91053773812425,192.91053773812425,192.91053773812425,192.91053773812425,192.91053773812425,192.91053773812425,192.91053773812425,192.91053773812425,192.91053773812425,192.91053773812425,1000000.0
FLINT,MAGNUM03,F,na,na,na,na,2025_03_11-09_22_56,na,5,57,Yes,1,na,0.0,0.0,445478.65927176276,10.5,48.5,62.0,,,,0.0,0.0,445478.65927176276,10.5,48.5,62.0,32.0,29.0,2.0,29.0,24.0,0.0,26.0,19.0,0.0,21.0,17.0,0.0,17.0,14.0,0.0,12.0,11.0,0.0,14.0,13.0,0.0,0.0,32.0,32.0,61.0,61.0,63.0,0.0,29.0,35.0,59.0,63.0,63.0,0.0,26.0,38.0,57.0,63.0,63.0,2.0,23.0,39.0,56.0,63.0,63.0,4.0,21.0,41.0,55.0,63.0,63.0,5.0,17.0,42.0,53.0,63.0,63.0,5.0,19.0,41.0,54.0,63.0,63.0,6.0,0.0,45.0,15.0,63.0,52.0,63.0,63.0,0.3400945016369984,3.077897472520997,1.6638606384392634,0.0,30.0,160.0,980178.4422474077,987894.8637569327,994405.5944055944,996865.2037617555,998987.2196768748,999951.7723655654,1000000.0,1000000.0,1000000.0,1000000.0,1000000.0,1000000.0,1000000.0,1000000.0,1000000.0,1000000.0,1000000.0,1000000.0,1000000.0,1000000.0,1000000.0,1000000.0,1000000.0,1000000.0,1000000.0,1000000.0,1000000.0,1000000.0,1000000.0,1000000.0,1000000.0,1000000.0,1000000.0,1000000.0,1000000.0,1000000.0,1000000.0,1000000.0,1000000.0,1000000.0,1000000.0,1000000.0,1000000.0,1000000.0,1000000.0,1000000.0,1000000.0,1000000.0,1000000.0,1000000.0,1000000.0,1000000.0,1000000.0,1000000.0,1000000.0,1000000.0,1000000.0,1000000.0,1000000.0,1000000.0,1000000.0,1000000.0,1000000.0,1000000.0,0.0,0.0,0.0,0.0,0.0,0.0,0.0,0.0,0.0,0.0,0.0,0.0,0.0,0.0,0.0,144.68290330359284,144.68290330359284,289.36580660718624,385.82107547624787,771.6421509524955,1157.4632264287443,2411.3817217265464,4147.576561369663,7330.600434048703,13021.46129732335,21895.346033277066,37906.92066554136,59078.85218230043,98480.82951531229,160163.97395707737,251073.0648661683,308753.3156498673,513913.6725343622,642922.5946467326,767349.8914878225,846443.2119604532,917000.2411381721,960067.5186882083,983843.742464432,994019.7733301182,998022.6669881842,999565.9512900892,999903.5447311308,1000000.0,1000000.0,1000000.0,1000000.0,1000000.0,1000000.0,1000000.0,1000000.0,1000000.0,1000000.0,1000000.0,1000000.0,1000000.0,1000000.0,1000000.0,1000000.0,1000000.0,1000000.0,1000000.0,1000000.0,1000000.0,0.0,0.0,0.0,0.0,0.0,0.0,0.0,0.0,0.0,0.0,0.0,0.0,0.0,0.0,0.0,0.0,0.0,0.0,0.0,0.0,0.0,0.0,0.0,0.0,0.0,0.0,0.0,0.0,0.0,0.0,0.0,0.0,0.0,0.0,0.0,0.0,0.0,0.0,0.0,0.0,0.0,0.0,0.0,0.0,0.0,0.0,0.0,0.0,0.0,0.0,0.0,0.0,144.68290330359284,385.82107547624787,1012.7803231251486,2652.5198938992025,8391.608391608395,27248.61345551002,87774.29467084642,170388.2324571979,357704.36460091633,554521.3407282372,767060.5256812153,1000000.0,0.0,0.0,0.0,0.0,0.0,0.0,0.0,0.0,0.0,0.0,0.0,0.0,0.0,0.0,0.0,0.0,0.0,0.0,0.0,0.0,0.0,0.0,0.0,0.0,0.0,0.0,0.0,0.0,0.0,0.0,0.0,0.0,0.0,0.0,0.0,0.0,0.0,0.0,0.0,0.0,0.0,0.0,0.0,0.0,0.0,0.0,0.0,0.0,0.0,0.0,0.0,0.0,0.0,0.0,0.0,0.0,0.0,0.0,0.0,0.0,0.0,0.0,0.0,1000000.0
FLINT,MAGNUM03,F,na,na,na,na,2025_03_11-09_22_56,na,5,58,Yes,1,na,0.0,0.0,148589.34169279004,10.5,48.0,62.0,,,,0.0,0.0,148589.34169279004,10.5,48.0,62.0,32.0,28.0,3.0,29.0,23.0,2.0,24.0,18.0,0.0,21.0,15.0,0.0,17.0,12.0,0.0,13.0,10.0,0.0,15.0,10.0,0.0,0.0,32.0,32.0,60.0,60.0,63.0,0.0,29.0,35.0,58.0,61.0,63.0,1.0,25.0,38.0,56.0,63.0,63.0,2.0,23.0,39.0,54.0,63.0,63.0,4.0,21.0,41.0,53.0,63.0,63.0,5.0,18.0,42.0,52.0,63.0,63.0,4.0,19.0,42.0,52.0,63.0,63.0,6.0,0.0,51.0,15.0,63.0,48.0,63.0,63.0,0.3376409186648463,3.0087650190021997,1.8483839755391538,0.0,30.0,160.0,972413.7931034482,984518.9293465156,994839.6431155051,998167.3498914879,999758.8618278273,1000000.0,1000000.0,1000000.0,1000000.0,1000000.0,1000000.0,1000000.0,1000000.0,1000000.0,1000000.0,1000000.0,1000000.0,1000000.0,1000000.0,1000000.0,1000000.0,1000000.0,1000000.0,1000000.0,1000000.0,1000000.0,1000000.0,1000000.0,1000000.0,1000000.0,1000000.0,1000000.0,1000000.0,1000000.0,1000000.0,1000000.0,1000000.0,1000000.0,1000000.0,1000000.0,1000000.0,1000000.0,1000000.0,1000000.0,1000000.0,1000000.0,1000000.0,1000000.0,1000000.0,1000000.0,1000000.0,1000000.0,1000000.0,1000000.0,1000000.0,1000000.0,1000000.0,1000000.0,1000000.0,1000000.0,1000000.0,1000000.0,1000000.0,1000000.0,0.0,0.0,0.0,0.0,0.0,0.0,0.0,0.0,0.0,0.0,0.0,0.0,0.0,0.0,0.0,48.22763443453082,96.4552688690621,96.4552688690621,434.04870991077877,723.414516517964,1302.1461297323344,2025.5606462503029,3858.2107547624714,7716.421509524954,13696.648179406795,23824.451410658283,42536.77357125628,65444.899927658524,107981.67349891491,172365.56546901367,272196.7687484929,341837.4728719556,554666.0236315408,682469.254883048,802507.8369905956,876054.9795032553,935857.2462020738,970581.142994936,989293.4651555341,995948.8787074994,998360.2604292259,999469.4960212201,999951.7723655654,1000000.0,1000000.0,1000000.0,1000000.0,1000000.0,1000000.0,1000000.0,1000000.0,1000000.0,1000000.0,1000000.0,1000000.0,1000000.0,1000000.0,1000000.0,1000000.0,1000000.0,1000000.0,1000000.0,1000000.0,1000000.0,0.0,0.0,0.0,0.0,0.0,0.0,0.0,0.0,0.0,0.0,0.0,0.0,0.0,0.0,0.0,0.0,0.0,0.0,0.0,0.0,0.0,0.0,0.0,0.0,0.0,0.0,0.0,0.0,0.0,0.0,0.0,0.0,0.0,0.0,0.0,0.0,0.0,0.0,0.0,0.0,0.0,0.0,0.0,0.0,0.0,0.0,0.0,0.0,48.22763443453082,96.4552688690621,96.4552688690621,192.91053773812425,578.7316132143711,1929.1053773812387,6269.592476489024,15239.932481311793,54931.27562093078,133156.49867374002,305811.42994936096,466650.5907885218,703930.5522064142,851410.65830721,952978.0564263322,1000000.0,0.0,0.0,0.0,0.0,0.0,0.0,0.0,0.0,0.0,0.0,0.0,0.0,0.0,0.0,0.0,0.0,0.0,0.0,0.0,0.0,0.0,0.0,0.0,0.0,0.0,0.0,0.0,0.0,0.0,0.0,0.0,0.0,0.0,0.0,0.0,0.0,0.0,0.0,0.0,0.0,0.0,0.0,0.0,0.0,0.0,0.0,0.0,0.0,0.0,0.0,0.0,0.0,0.0,0.0,0.0,0.0,0.0,0.0,0.0,0.0,0.0,0.0,0.0,1000000.0
FLINT,MAGNUM03,F,na,na,na,na,2025_03_11-09_22_56,na,5,59,Yes,1,na,0.0,48.22763443453082,539088.4977091874,11.0,52.0,62.0,,,,0.0,48.22763443453082,539088.4977091874,11.0,52.0,62.0,32.0,30.0,1.0,29.0,25.0,0.0,25.0,20.0,0.0,20.0,18.0,0.0,16.0,15.0,0.0,10.0,6.0,0.0,12.0,12.0,0.0,0.0,32.0,32.0,62.0,62.0,63.0,0.0,29.0,35.0,60.0,63.0,63.0,0.0,25.0,38.0,58.0,63.0,63.0,3.0,23.0,39.0,57.0,63.0,63.0,4.0,20.0,41.0,56.0,63.0,63.0,7.0,17.0,48.0,54.0,63.0,63.0,6.0,18.0,42.0,54.0,63.0,63.0,8.0,0.0,57.0,14.0,63.0,52.0,63.0,63.0,0.36489689264574066,3.0653891996782496,1.559827245763479,0.0,30.0,160.0,982300.4581625271,988087.7742946708,993489.2693513383,996190.0168796721,998746.0815047021,999517.7236556546,999855.3170966964,999951.7723655654,1000000.0,1000000.0,1000000.0,1000000.0,1000000.0,1000000.0,1000000.0,1000000.0,1000000.0,1000000.0,1000000.0,1000000.0,1000000.0,1000000.0,1000000.0,1000000.0,1000000.0,1000000.0,1000000.0,1000000.0,1000000.0,1000000.0,1000000.0,1000000.0,1000000.0,1000000.0,1000000.0,1000000.0,1000000.0,1000000.0,1000000.0,1000000.0,1000000.0,1000000.0,1000000.0,1000000.0,1000000.0,1000000.0,1000000.0,1000000.0,1000000.0,1000000.0,1000000.0,1000000.0,1000000.0,1000000.0,1000000.0,1000000.0,1000000.0,1000000.0,1000000.0,1000000.0,1000000.0,1000000.0,1000000.0,1000000.0,0.0,0.0,0.0,0.0,0.0,0.0,0.0,0.0,0.0,0.0,0.0,0.0,0.0,0.0,48.22763443453082,96.4552688690621,144.68290330359284,289.36580660718624,626.959247648901,916.3250542560885,1398.601398601398,2748.975162768264,4292.259464673261,6993.006993006999,13214.371835061467,23535.085604051124,42777.911743428944,67566.91584277792,116469.73715939235,182204.00289365806,279575.5968169761,342464.43211960455,556788.0395466603,677598.2638051603,799710.6341933927,871762.720038582,934024.5960935616,968652.0376175548,988136.0019291054,994984.3260188088,998553.1709669641,999324.8131179166,999710.6341933928,999807.0894622619,999855.3170966964,999855.3170966964,999855.3170966964,999855.3170966964,999903.5447311308,1000000.0,1000000.0,1000000.0,1000000.0,1000000.0,1000000.0,1000000.0,1000000.0,1000000.0,1000000.0,1000000.0,1000000.0,1000000.0,1000000.0,1000000.0,0.0,0.0,0.0,0.0,0.0,0.0,0.0,0.0,0.0,0.0,0.0,0.0,0.0,0.0,0.0,0.0,0.0,0.0,0.0,0.0,0.0,0.0,0.0,0.0,0.0,0.0,0.0,0.0,0.0,0.0,0.0,0.0,0.0,0.0,0.0,0.0,0.0,0.0,0.0,0.0,0.0,0.0,0.0,0.0,0.0,0.0,0.0,0.0,0.0,0.0,0.0,0.0,96.4552688690621,144.68290330359284,578.7316132143711,1253.9184952978064,5401.495056667472,16831.444417651295,57583.79551482999,117723.65565469011,279141.54810706526,460911.5022908126,694719.0740294188,1000000.0,0.0,0.0,0.0,0.0,0.0,0.0,0.0,0.0,0.0,0.0,0.0,0.0,0.0,0.0,0.0,0.0,0.0,0.0,0.0,0.0,0.0,0.0,0.0,0.0,0.0,0.0,0.0,0.0,0.0,0.0,0.0,0.0,0.0,0.0,0.0,0.0,0.0,0.0,0.0,0.0,0.0,0.0,0.0,0.0,0.0,0.0,0.0,0.0,0.0,0.0,0.0,0.0,0.0,0.0,0.0,0.0,0.0,0.0,0.0,0.0,0.0,0.0,0.0,1000000.0
FLINT,MAGNUM03,F,na,na,na,na,2025_03_11-09_22_56,na,5,60,Yes,1,na,0.0,0.0,0.0,9.5,49.0,0.0,,,,0.0,0.0,0.0,9.5,49.0,0.0,32.0,28.0,3.0,29.0,23.0,1.0,24.0,18.0,0.0,19.0,15.0,0.0,14.0,13.0,0.0,9.0,8.0,0.0,12.0,11.0,0.0,0.0,32.0,32.0,60.0,60.0,63.0,0.0,29.0,35.0,58.0,62.0,63.0,1.0,25.0,38.0,56.0,63.0,63.0,4.0,23.0,40.0,55.0,63.0,63.0,5.0,19.0,41.0,54.0,63.0,63.0,6.0,15.0,44.0,52.0,63.0,63.0,5.0,17.0,42.0,53.0,63.0,63.0,7.0,0.0,47.0,12.0,63.0,51.0,63.0,0.0,0.4743661298772107,3.2344405020014317,1.9034076508421973,0.4374894505865458,30.0,160.0,966722.9322401736,978056.4263322884,987894.8637569327,993392.8140824692,998022.6669881842,999614.1789245236,999951.7723655654,1000000.0,1000000.0,1000000.0,1000000.0,1000000.0,1000000.0,1000000.0,1000000.0,1000000.0,1000000.0,1000000.0,1000000.0,1000000.0,1000000.0,1000000.0,1000000.0,1000000.0,1000000.0,1000000.0,1000000.0,1000000.0,1000000.0,1000000.0,1000000.0,1000000.0,1000000.0,1000000.0,1000000.0,1000000.0,1000000.0,1000000.0,1000000.0,1000000.0,1000000.0,1000000.0,1000000.0,1000000.0,1000000.0,1000000.0,1000000.0,1000000.0,1000000.0,1000000.0,1000000.0,1000000.0,1000000.0,1000000.0,1000000.0,1000000.0,1000000.0,1000000.0,1000000.0,1000000.0,1000000.0,1000000.0,1000000.0,1000000.0,0.0,0.0,0.0,0.0,0.0,0.0,0.0,0.0,0.0,0.0,0.0,0.0,48.22763443453082,144.68290330359284,192.91053773812425,241.13817217265407,434.04870991077877,771.6421509524955,1061.0079575596806,1398.601398601398,1929.1053773812387,3231.251507113574,5305.039787798405,9211.4781769954,14854.111405835532,25705.329153604987,46732.57776706052,74367.01229804677,119315.16759102962,185001.20569086086,278369.9059561128,339040.2700747528,532433.0841572221,648661.6831444417,770725.8258982397,846153.846153846,918447.0701712082,958524.2343863033,982975.6450446106,992138.8955871714,997347.4801061008,999228.3578490474,999614.1789245236,999855.3170966964,999951.7723655654,1000000.0,1000000.0,1000000.0,1000000.0,1000000.0,1000000.0,1000000.0,1000000.0,1000000.0,1000000.0,1000000.0,1000000.0,1000000.0,1000000.0,1000000.0,1000000.0,1000000.0,1000000.0,1000000.0,0.0,0.0,0.0,0.0,0.0,0.0,0.0,0.0,0.0,0.0,0.0,0.0,0.0,0.0,0.0,0.0,0.0,0.0,0.0,0.0,0.0,0.0,0.0,0.0,0.0,0.0,0.0,0.0,0.0,0.0,0.0,0.0,0.0,0.0,0.0,0.0,0.0,0.0,0.0,0.0,0.0,0.0,0.0,0.0,0.0,0.0,0.0,0.0,0.0,0.0,0.0,48.22763443453082,482.27634434531,1205.690860863273,4147.576561369663,8102.242585001196,29322.401736194817,73932.96358813594,185387.0267663371,297275.13865444897,516035.68844948156,688208.3433807571,849433.325295394,1000000.0,48.22763443453082,48.22763443453082,48.22763443453082,48.22763443453082,48.22763443453082,48.22763443453082,48.22763443453082,48.22763443453082,48.22763443453082,48.22763443453082,48.22763443453082,48.22763443453082,48.22763443453082,48.22763443453082,48.22763443453082,48.22763443453082,48.22763443453082,48.22763443453082,48.22763443453082,48.22763443453082,48.22763443453082,48.22763443453082,48.22763443453082,48.22763443453082,48.22763443453082,48.22763443453082,48.22763443453082,48.22763443453082,48.22763443453082,48.22763443453082,48.22763443453082,48.22763443453082,48.22763443453082,48.22763443453082,48.22763443453082,48.22763443453082,48.22763443453082,48.22763443453082,48.22763443453082,48.22763443453082,48.22763443453082,48.22763443453082,48.22763443453082,48.22763443453082,48.22763443453082,48.22763443453082,48.22763443453082,48.22763443453082,48.22763443453082,48.22763443453082,48.22763443453082,48.22763443453082,48.22763443453082,48.22763443453082,48.22763443453082,48.22763443453082,48.22763443453082,48.22763443453082,48.22763443453082,48.22763443453082,48.22763443453082,48.22763443453082,48.22763443453082,1000000.0
FLINT,MAGNUM03,F,na,na,na,na,2025_03_11-09_22_56,na,5,61,Yes,1,na,530.5039787798496,96.4552688691443,0.0,7.0,49.0,0.0,,,,916.3250542561123,96.4552688691443,0.0,7.0,49.0,0.0,32.0,31.0,0.0,28.0,27.0,0.0,21.0,21.0,0.0,13.0,16.0,0.0,6.0,12.0,0.0,-5.0,5.0,0.0,1.0,9.0,0.0,0.0,32.0,32.0,63.0,63.0,63.0,0.0,28.0,36.0,63.0,63.0,63.0,0.0,21.0,39.0,60.0,63.0,63.0,4.0,17.0,42.0,58.0,63.0,63.0,6.0,12.0,44.0,56.0,63.0,63.0,9.0,4.0,47.0,52.0,63.0,63.0,7.0,8.0,45.0,54.0,63.0,63.0,11.0,0.0,55.0,2.0,63.0,51.0,63.0,0.0,0.453923524642715,4.313008910274855,0.8858809564966948,0.4374894505865458,30.0,160.0,981287.677839402,985821.0754762478,991174.3428984808,993826.8627923799,997251.0248372317,998697.8538702676,999469.4960212201,999710.6341933928,999807.0894622619,999951.7723655654,1000000.0,1000000.0,1000000.0,1000000.0,1000000.0,1000000.0,1000000.0,1000000.0,1000000.0,1000000.0,1000000.0,1000000.0,1000000.0,1000000.0,1000000.0,1000000.0,1000000.0,1000000.0,1000000.0,1000000.0,1000000.0,1000000.0,1000000.0,1000000.0,1000000.0,1000000.0,1000000.0,1000000.0,1000000.0,1000000.0,1000000.0,1000000.0,1000000.0,1000000.0,1000000.0,1000000.0,1000000.0,1000000.0,1000000.0,1000000.0,1000000.0,1000000.0,1000000.0,1000000.0,1000000.0,1000000.0,1000000.0,1000000.0,1000000.0,1000000.0,1000000.0,1000000.0,1000000.0,1000000.0,0.0,0.0,96.4552688690621,144.68290330359284,241.13817217265407,337.59344104171646,337.59344104171646,530.5039787798403,675.1868820834334,1012.7803231251486,1061.0079575596806,1253.9184952978064,1880.8777429467057,2411.3817217265464,2893.6580660718573,3472.38967928623,4822.763443453095,6655.413551965274,9693.754521340716,12828.550759585236,18278.273450687222,23342.17506631299,31589.100554617777,41282.85507595855,57873.16132143717,79672.05208584527,110730.64866168314,143139.61900168782,201157.4632264287,266120.086809742,352929.82879189774,420593.19990354474,591608.3916083917,685314.6853146853,778972.7513865444,838196.2864721485,901712.0810224258,937448.7581384132,966674.704605739,979262.1171931516,988521.8230045816,993778.6351579454,996961.6590306245,998215.5775259222,999324.8131179166,999662.4065589582,999758.8618278273,999903.5447311308,999903.5447311308,999951.7723655654,999951.7723655654,999951.7723655654,999951.7723655654,999951.7723655654,1000000.0,1000000.0,1000000.0,1000000.0,1000000.0,1000000.0,1000000.0,1000000.0,1000000.0,1000000.0,0.0,0.0,0.0,0.0,0.0,0.0,0.0,0.0,0.0,0.0,0.0,0.0,0.0,0.0,0.0,0.0,0.0,0.0,0.0,0.0,0.0,0.0,0.0,0.0,0.0,0.0,0.0,0.0,0.0,0.0,0.0,0.0,0.0,0.0,0.0,0.0,0.0,0.0,0.0,0.0,0.0,0.0,0.0,0.0,0.0,0.0,0.0,0.0,0.0,0.0,0.0,192.91053773812425,337.59344104171646,482.27634434531,819.8697853870253,1302.1461297323344,2652.5198938992025,4581.625271280436,10272.48613455508,17072.58258982395,36990.59561128525,64576.802507837,124957.80081986985,1000000.0,48.22763443453082,48.22763443453082,48.22763443453082,48.22763443453082,48.22763443453082,48.22763443453082,48.22763443453082,48.22763443453082,48.22763443453082,48.22763443453082,48.22763443453082,48.22763443453082,48.22763443453082,48.22763443453082,48.22763443453082,48.22763443453082,48.22763443453082,48.22763443453082,48.22763443453082,48.22763443453082,48.22763443453082,48.22763443453082,48.22763443453082,48.22763443453082,48.22763443453082,48.22763443453082,48.22763443453082,48.22763443453082,48.22763443453082,48.22763443453082,48.22763443453082,48.22763443453082,48.22763443453082,48.22763443453082,48.22763443453082,48.22763443453082,48.22763443453082,48.22763443453082,48.22763443453082,48.22763443453082,48.22763443453082,48.22763443453082,48.22763443453082,48.22763443453082,48.22763443453082,48.22763443453082,48.22763443453082,48.22763443453082,48.22763443453082,48.22763443453082,48.22763443453082,48.22763443453082,48.22763443453082,48.22763443453082,48.22763443453082,48.22763443453082,48.22763443453082,48.22763443453082,48.22763443453082,48.22763443453082,48.22763443453082,48.22763443453082,48.22763443453082,1000000.0
FLINT,MAGNUM03,F,na,na,na,na,2025_03_11-09_22_56,na,5,62,Yes,1,na,1000000.0,0.0,911936.3395225464,27.0,38.5,62.0,,,,1000000.0,0.0,911936.3395225464,27.0,38.5,62.0,0.0,36.0,0.0,0.0,35.0,0.0,0.0,33.0,0.0,0.0,31.0,0.0,0.0,29.0,0.0,0.0,28.0,0.0,0.0,29.0,0.0,27.0,27.0,27.0,63.0,63.0,63.0,27.0,27.0,27.0,62.0,63.0,63.0,27.0,27.0,27.0,60.0,63.0,63.0,27.0,27.0,27.0,58.0,63.0,63.0,27.0,27.0,27.0,56.0,63.0,63.0,27.0,27.0,27.0,55.0,63.0,63.0,27.0,27.0,27.0,56.0,63.0,63.0,27.0,27.0,27.0,27.0,63.0,50.0,63.0,63.0,0.0,0.0,0.9050487434496703,0.0,30.0,160.0,0.0,0.0,0.0,0.0,0.0,0.0,0.0,0.0,0.0,0.0,0.0,0.0,0.0,0.0,0.0,0.0,0.0,0.0,0.0,0.0,0.0,0.0,0.0,0.0,0.0,0.0,0.0,1000000.0,1000000.0,1000000.0,1000000.0,1000000.0,1000000.0,1000000.0,1000000.0,1000000.0,1000000.0,1000000.0,1000000.0,1000000.0,1000000.0,1000000.0,1000000.0,1000000.0,1000000.0,1000000.0,1000000.0,1000000.0,1000000.0,1000000.0,1000000.0,1000000.0,1000000.0,1000000.0,1000000.0,1000000.0,1000000.0,1000000.0,1000000.0,1000000.0,1000000.0,1000000.0,1000000.0,1000000.0,0.0,0.0,0.0,0.0,0.0,0.0,0.0,0.0,0.0,0.0,0.0,0.0,0.0,0.0,0.0,0.0,0.0,0.0,0.0,0.0,0.0,0.0,0.0,0.0,0.0,0.0,0.0,1000000.0,1000000.0,1000000.0,1000000.0,1000000.0,1000000.0,1000000.0,1000000.0,1000000.0,1000000.0,1000000.0,1000000.0,1000000.0,1000000.0,1000000.0,1000000.0,1000000.0,1000000.0,1000000.0,1000000.0,1000000.0,1000000.0,1000000.0,1000000.0,1000000.0,1000000.0,1000000.0,1000000.0,1000000.0,1000000.0,1000000.0,1000000.0,1000000.0,1000000.0,1000000.0,1000000.0,1000000.0,0.0,0.0,0.0,0.0,0.0,0.0,0.0,0.0,0.0,0.0,0.0,0.0,0.0,0.0,0.0,0.0,0.0,0.0,0.0,0.0,0.0,0.0,0.0,0.0,0.0,0.0,0.0,0.0,0.0,0.0,0.0,0.0,0.0,0.0,0.0,0.0,0.0,0.0,0.0,0.0,0.0,0.0,0.0,0.0,0.0,0.0,0.0,0.0,0.0,0.0,48.22763443453082,48.22763443453082,48.22763443453082,96.4552688690621,192.91053773812425,434.04870991077877,1543.2843019049903,3327.7067759826386,9211.4781769954,16493.850976609592,43260.188087774266,88063.66047745357,201012.78032312513,1000000.0,0.0,0.0,0.0,0.0,0.0,0.0,0.0,0.0,0.0,0.0,0.0,0.0,0.0,0.0,0.0,0.0,0.0,0.0,0.0,0.0,0.0,0.0,0.0,0.0,0.0,0.0,0.0,0.0,0.0,0.0,0.0,0.0,0.0,0.0,0.0,0.0,0.0,0.0,0.0,0.0,0.0,0.0,0.0,0.0,0.0,0.0,0.0,0.0,0.0,0.0,0.0,0.0,0.0,0.0,0.0,0.0,0.0,0.0,0.0,0.0,0.0,0.0,0.0,1000000.0
FLINT,MAGNUM03,F,na,na,na,na,2025_03_11-09_22_56,na,5,63,Yes,1,na,48.22763443453082,2073.788280684941,310682.4210272486,13.0,52.0,62.0,,,,48.22763443453082,2314.926452857539,315456.9568362672,13.0,52.0,62.0,32.0,28.0,3.0,28.0,24.0,0.0,23.0,18.0,0.0,19.0,14.0,0.0,15.0,-7.0,-2.0,8.0,-12.0,-4.0,12.0,-11.0,-3.0,0.0,32.0,32.0,60.0,60.0,63.0,0.0,28.0,34.0,58.0,63.0,63.0,1.0,24.0,38.0,56.0,63.0,63.0,3.0,22.0,40.0,54.0,63.0,63.0,5.0,20.0,60.0,53.0,63.0,61.0,9.0,17.0,63.0,51.0,63.0,59.0,7.0,19.0,63.0,52.0,63.0,60.0,56.0,0.0,63.0,7.0,63.0,50.0,63.0,58.0,0.6150695698914588,3.4598754243561856,2.0947426971822463,0.13115095899344675,30.0,160.0,972124.427296841,981528.8160115746,988762.9611767542,993875.0904268145,997685.0735471424,998890.7644080058,999469.4960212201,999710.6341933928,999855.3170966964,999951.7723655654,999951.7723655654,999951.7723655654,1000000.0,1000000.0,1000000.0,1000000.0,1000000.0,1000000.0,1000000.0,1000000.0,1000000.0,1000000.0,1000000.0,1000000.0,1000000.0,1000000.0,1000000.0,1000000.0,1000000.0,1000000.0,1000000.0,1000000.0,1000000.0,1000000.0,1000000.0,1000000.0,1000000.0,1000000.0,1000000.0,1000000.0,1000000.0,1000000.0,1000000.0,1000000.0,1000000.0,1000000.0,1000000.0,1000000.0,1000000.0,1000000.0,1000000.0,1000000.0,1000000.0,1000000.0,1000000.0,1000000.0,1000000.0,1000000.0,1000000.0,1000000.0,1000000.0,1000000.0,1000000.0,1000000.0,0.0,0.0,0.0,0.0,0.0,0.0,0.0,48.22763443453082,48.22763443453082,48.22763443453082,48.22763443453082,48.22763443453082,48.22763443453082,96.4552688690621,96.4552688690621,192.91053773812425,192.91053773812425,241.13817217265407,482.27634434531,1109.2355919942117,2411.3817217265464,3954.6660236315374,7619.966240655894,12056.90860863274,23824.451410658283,39932.48131179166,68724.37906920664,103207.13768989636,167205.20858451893,245912.70798167342,366288.88353026286,436845.91270798165,650639.0161562575,754955.389438148,851892.9346515554,907788.7629611767,952736.9182541596,976368.4591270798,988377.140101278,993585.7246202073,995852.4234386302,996672.2932240173,997009.886665059,997251.0248372317,997299.2524716662,997492.1630094043,997540.3906438388,997540.3906438388,997588.6182782734,997733.301181577,997781.5288160116,997926.211719315,997974.4393537496,998070.8946226187,998167.3498914879,998167.3498914879,998312.0327947914,998408.4880636605,998553.1709669641,998697.8538702676,998794.3091391367,998842.5367735712,998938.9920424403,1000000.0,0.0,0.0,0.0,0.0,0.0,0.0,0.0,0.0,0.0,0.0,0.0,0.0,0.0,0.0,0.0,0.0,0.0,0.0,0.0,0.0,0.0,0.0,0.0,0.0,0.0,0.0,0.0,0.0,0.0,0.0,0.0,0.0,0.0,0.0,0.0,0.0,0.0,0.0,0.0,0.0,0.0,0.0,0.0,0.0,0.0,0.0,0.0,0.0,0.0,0.0,96.4552688690621,241.13817217265407,1157.4632264287443,3858.2107547624714,8970.34000482275,19580.419580419588,52712.80443694237,104075.23510971789,218615.866891729,335423.197492163,535519.6527610321,689317.5789727514,840318.3023872678,1000000.0,0.0,0.0,0.0,0.0,0.0,0.0,0.0,0.0,0.0,0.0,0.0,0.0,0.0,0.0,0.0,0.0,0.0,0.0,0.0,0.0,0.0,0.0,0.0,0.0,0.0,0.0,0.0,0.0,0.0,0.0,0.0,0.0,0.0,0.0,0.0,0.0,0.0,0.0,0.0,0.0,0.0,0.0,0.0,0.0,0.0,0.0,0.0,0.0,0.0,0.0,0.0,0.0,0.0,0.0,0.0,0.0,0.0,0.0,48.22763443453082,289.36580660718624,723.414516517964,2122.0159151193625,4822.763443453095,1000000.0
FLINT,MAGNUM03,F,na,na,na,na,2025_03_11-09_22_56,na,5,64,Yes,1,na,0.0,0.0,662165.4207861106,10.0,52.0,62.0,,,,0.0,0.0,662165.4207861106,10.0,52.0,62.0,32.0,30.0,1.0,29.0,26.0,0.0,25.0,21.0,0.0,19.0,18.0,0.0,14.0,16.0,0.0,10.0,9.0,0.0,11.0,13.0,0.0,0.0,32.0,32.0,62.0,62.0,63.0,0.0,29.0,34.0,60.0,63.0,63.0,0.0,25.0,37.0,58.0,63.0,63.0,3.0,22.0,39.0,57.0,63.0,63.0,5.0,19.0,40.0,56.0,63.0,63.0,6.0,16.0,44.0,53.0,63.0,63.0,6.0,17.0,41.0,54.0,63.0,63.0,8.0,0.0,56.0,12.0,63.0,52.0,63.0,63.0,0.35401864694588675,3.1852408342285425,1.4496602273335095,0.0,30.0,160.0,984615.3846153845,989534.6033277067,993826.8627923799,996334.6997829756,998601.3986013986,999469.4960212201,999903.5447311308,999951.7723655654,1000000.0,1000000.0,1000000.0,1000000.0,1000000.0,1000000.0,1000000.0,1000000.0,1000000.0,1000000.0,1000000.0,1000000.0,1000000.0,1000000.0,1000000.0,1000000.0,1000000.0,1000000.0,1000000.0,1000000.0,1000000.0,1000000.0,1000000.0,1000000.0,1000000.0,1000000.0,1000000.0,1000000.0,1000000.0,1000000.0,1000000.0,1000000.0,1000000.0,1000000.0,1000000.0,1000000.0,1000000.0,1000000.0,1000000.0,1000000.0,1000000.0,1000000.0,1000000.0,1000000.0,1000000.0,1000000.0,1000000.0,1000000.0,1000000.0,1000000.0,1000000.0,1000000.0,1000000.0,1000000.0,1000000.0,1000000.0,0.0,0.0,0.0,0.0,0.0,0.0,0.0,0.0,0.0,0.0,0.0,0.0,48.22763443453082,48.22763443453082,192.91053773812425,192.91053773812425,530.5039787798403,771.6421509524955,1302.1461297323344,1880.8777429467057,3038.3409693754506,5449.72269110199,8054.014950566682,13744.875813841316,22763.44345309863,38871.47335423198,66747.04605739088,98143.23607427055,155341.21051362428,230769.23076923066,335278.5145888594,426814.56474559923,626332.2884012539,738316.8555582347,844224.7407764649,903448.275862069,951675.9102966,978731.6132143717,992524.7166626477,996479.3826862792,998938.9920424403,999807.0894622619,999855.3170966964,999855.3170966964,999903.5447311308,999951.7723655654,1000000.0,1000000.0,1000000.0,1000000.0,1000000.0,1000000.0,1000000.0,1000000.0,1000000.0,1000000.0,1000000.0,1000000.0,1000000.0,1000000.0,1000000.0,1000000.0,1000000.0,1000000.0,0.0,0.0,0.0,0.0,0.0,0.0,0.0,0.0,0.0,0.0,0.0,0.0,0.0,0.0,0.0,0.0,0.0,0.0,0.0,0.0,0.0,0.0,0.0,0.0,0.0,0.0,0.0,0.0,0.0,0.0,0.0,0.0,0.0,0.0,0.0,0.0,0.0,0.0,0.0,0.0,0.0,0.0,0.0,0.0,0.0,0.0,0.0,0.0,0.0,0.0,0.0,0.0,48.22763443453082,289.36580660718624,723.414516517964,1302.1461297323344,4244.031830238725,11912.225705329136,35543.76657824937,74125.87412587416,187509.04268145646,337834.57921388955,560115.7463226428,1000000.0,0.0,0.0,0.0,0.0,0.0,0.0,0.0,0.0,0.0,0.0,0.0,0.0,0.0,0.0,0.0,0.0,0.0,0.0,0.0,0.0,0.0,0.0,0.0,0.0,0.0,0.0,0.0,0.0,0.0,0.0,0.0,0.0,0.0,0.0,0.0,0.0,0.0,0.0,0.0,0.0,0.0,0.0,0.0,0.0,0.0,0.0,0.0,0.0,0.0,0.0,0.0,0.0,0.0,0.0,0.0,0.0,0.0,0.0,0.0,0.0,0.0,0.0,0.0,1000000.0
FLINT,MAGNUM03,F,na,na,na,na,2025_03_11-09_22_56,na,5,65,Yes,1,na,337.59344104171646,0.0,628743.6701229805,9.0,48.0,62.0,,,,626.959247648901,0.0,628743.6701229805,9.0,48.0,62.0,32.0,30.0,1.0,28.0,25.0,0.0,22.0,18.0,0.0,15.0,14.0,0.0,8.0,10.0,0.0,0.0,5.0,0.0,2.0,7.0,0.0,0.0,32.0,32.0,62.0,62.0,63.0,0.0,28.0,35.0,60.0,63.0,63.0,1.0,23.0,39.0,57.0,63.0,63.0,4.0,19.0,41.0,55.0,63.0,63.0,6.0,14.0,43.0,53.0,63.0,63.0,9.0,9.0,46.0,51.0,63.0,63.0,8.0,10.0,45.0,52.0,63.0,63.0,11.0,0.0,56.0,0.0,63.0,48.0,63.0,63.0,0.551012996037278,3.865009143634942,1.8656373366707115,0.0,30.0,160.0,971979.7443935374,979020.9790209789,987460.8150470218,991270.7981673499,995948.8787074994,998119.1222570533,998938.9920424403,999228.3578490474,999710.6341933928,999903.5447311308,1000000.0,1000000.0,1000000.0,1000000.0,1000000.0,1000000.0,1000000.0,1000000.0,1000000.0,1000000.0,1000000.0,1000000.0,1000000.0,1000000.0,1000000.0,1000000.0,1000000.0,1000000.0,1000000.0,1000000.0,1000000.0,1000000.0,1000000.0,1000000.0,1000000.0,1000000.0,1000000.0,1000000.0,1000000.0,1000000.0,1000000.0,1000000.0,1000000.0,1000000.0,1000000.0,1000000.0,1000000.0,1000000.0,1000000.0,1000000.0,1000000.0,1000000.0,1000000.0,1000000.0,1000000.0,1000000.0,1000000.0,1000000.0,1000000.0,1000000.0,1000000.0,1000000.0,1000000.0,1000000.0,48.22763443453082,48.22763443453082,48.22763443453082,48.22763443453082,48.22763443453082,144.68290330359284,144.68290330359284,192.91053773812425,192.91053773812425,385.82107547624787,626.959247648901,675.1868820834334,868.0974198215577,1350.373764166866,1832.650108512174,2266.6988184229576,2990.1133349409165,3568.844948155295,5449.72269110199,6751.868820834333,9404.388714733534,13744.875813841316,19918.0130214613,27489.751627682657,39498.43260188093,57873.16132143717,84205.44972269112,113238.48565227873,161176.7542802025,230576.32023149266,318543.5254400771,372076.19966240646,570774.0535326742,680250.7836990595,786303.3518205932,849915.6016397396,909332.0472630818,947142.512659754,971401.012780323,982782.7345068724,992042.4403183024,995852.4234386302,998215.5775259222,999083.6749457439,999373.040752351,999758.8618278273,999951.7723655654,1000000.0,1000000.0,1000000.0,1000000.0,1000000.0,1000000.0,1000000.0,1000000.0,1000000.0,1000000.0,1000000.0,1000000.0,1000000.0,1000000.0,1000000.0,1000000.0,1000000.0,0.0,0.0,0.0,0.0,0.0,0.0,0.0,0.0,0.0,0.0,0.0,0.0,0.0,0.0,0.0,0.0,0.0,0.0,0.0,0.0,0.0,0.0,0.0,0.0,0.0,0.0,0.0,0.0,0.0,0.0,0.0,0.0,0.0,0.0,0.0,0.0,0.0,0.0,0.0,0.0,0.0,0.0,0.0,0.0,0.0,0.0,0.0,0.0,48.22763443453082,48.22763443453082,192.91053773812425,337.59344104171646,916.3250542560885,2556.0646250301406,6221.364842054485,9597.299252471657,22377.6223776224,41958.04195804194,84205.44972269112,129201.83265010854,245816.2527128044,371256.3298770195,557366.7711598745,1000000.0,0.0,0.0,0.0,0.0,0.0,0.0,0.0,0.0,0.0,0.0,0.0,0.0,0.0,0.0,0.0,0.0,0.0,0.0,0.0,0.0,0.0,0.0,0.0,0.0,0.0,0.0,0.0,0.0,0.0,0.0,0.0,0.0,0.0,0.0,0.0,0.0,0.0,0.0,0.0,0.0,0.0,0.0,0.0,0.0,0.0,0.0,0.0,0.0,0.0,0.0,0.0,0.0,0.0,0.0,0.0,0.0,0.0,0.0,0.0,0.0,0.0,0.0,0.0,1000000.0
FLINT,MAGNUM03,F,na,na,na,na,2025_03_11-09_22_56,na,5,66,Yes,1,na,48.22763443453082,96.4552688690621,0.0,10.0,48.0,0.0,,,,48.22763443453082,96.4552688690621,0.0,10.0,48.0,0.0,32.0,30.0,1.0,28.0,25.0,0.0,24.0,20.0,0.0,18.0,16.0,0.0,13.0,13.0,0.0,5.0,9.0,0.0,9.0,11.0,0.0,0.0,32.0,32.0,62.0,62.0,63.0,0.0,28.0,35.0,60.0,63.0,63.0,0.0,24.0,38.0,58.0,63.0,63.0,3.0,21.0,40.0,56.0,63.0,63.0,5.0,18.0,42.0,55.0,63.0,63.0,8.0,13.0,44.0,53.0,63.0,63.0,6.0,15.0,43.0,54.0,63.0,63.0,11.0,0.0,47.0,0.0,63.0,40.0,63.0,0.0,0.39846652927080994,3.410816397759984,1.5406112070326226,0.4374894505865458,30.0,160.0,983699.0595611285,988811.1888111888,993199.9035447311,995273.6918254159,997829.756450446,999324.8131179166,999614.1789245236,999662.4065589582,999951.7723655654,1000000.0,1000000.0,1000000.0,1000000.0,1000000.0,1000000.0,1000000.0,1000000.0,1000000.0,1000000.0,1000000.0,1000000.0,1000000.0,1000000.0,1000000.0,1000000.0,1000000.0,1000000.0,1000000.0,1000000.0,1000000.0,1000000.0,1000000.0,1000000.0,1000000.0,1000000.0,1000000.0,1000000.0,1000000.0,1000000.0,1000000.0,1000000.0,1000000.0,1000000.0,1000000.0,1000000.0,1000000.0,1000000.0,1000000.0,1000000.0,1000000.0,1000000.0,1000000.0,1000000.0,1000000.0,1000000.0,1000000.0,1000000.0,1000000.0,1000000.0,1000000.0,1000000.0,1000000.0,1000000.0,1000000.0,48.22763443453082,48.22763443453082,48.22763443453082,48.22763443453082,48.22763443453082,48.22763443453082,48.22763443453082,48.22763443453082,48.22763443453082,48.22763443453082,96.4552688690621,144.68290330359284,144.68290330359284,337.59344104171646,482.27634434531,626.959247648901,675.1868820834334,1012.7803231251486,1591.5119363395213,2652.5198938992025,4051.121292500604,7089.462261876058,11719.315167591023,17024.354955389445,25994.694960212186,44755.24475524475,74849.28864239207,107692.30769230764,163588.13600192912,241620.44851700027,345743.9112611526,423583.31323848566,607089.462261876,720665.5413551965,822666.9881842296,884880.6366047744,938557.9937304074,969134.3139619001,986351.5794550277,993151.6759102965,996768.7484928863,998649.626235833,999469.4960212201,999807.0894622619,999951.7723655654,1000000.0,1000000.0,1000000.0,1000000.0,1000000.0,1000000.0,1000000.0,1000000.0,1000000.0,1000000.0,1000000.0,1000000.0,1000000.0,1000000.0,1000000.0,1000000.0,1000000.0,1000000.0,1000000.0,0.0,0.0,0.0,0.0,0.0,0.0,0.0,0.0,0.0,0.0,0.0,0.0,0.0,0.0,0.0,0.0,0.0,0.0,0.0,0.0,0.0,0.0,0.0,0.0,0.0,0.0,0.0,0.0,0.0,0.0,0.0,0.0,0.0,0.0,0.0,0.0,0.0,0.0,0.0,0.0,48.22763443453082,48.22763443453082,48.22763443453082,48.22763443453082,48.22763443453082,48.22763443453082,48.22763443453082,48.22763443453082,48.22763443453082,48.22763443453082,48.22763443453082,48.22763443453082,144.68290330359284,434.04870991077877,1253.9184952978064,2266.6988184229576,6896.551724137931,15191.704846877255,45960.93561610798,90040.99348926947,192717.62720038588,340438.8714733542,547335.4231974921,1000000.0,48.22763443453082,48.22763443453082,48.22763443453082,48.22763443453082,48.22763443453082,48.22763443453082,48.22763443453082,48.22763443453082,48.22763443453082,48.22763443453082,48.22763443453082,48.22763443453082,48.22763443453082,48.22763443453082,48.22763443453082,48.22763443453082,48.22763443453082,48.22763443453082,48.22763443453082,48.22763443453082,48.22763443453082,48.22763443453082,48.22763443453082,48.22763443453082,48.22763443453082,48.22763443453082,48.22763443453082,48.22763443453082,48.22763443453082,48.22763443453082,48.22763443453082,48.22763443453082,48.22763443453082,48.22763443453082,48.22763443453082,48.22763443453082,48.22763443453082,48.22763443453082,48.22763443453082,48.22763443453082,48.22763443453082,48.22763443453082,48.22763443453082,48.22763443453082,48.22763443453082,48.22763443453082,48.22763443453082,48.22763443453082,48.22763443453082,48.22763443453082,48.22763443453082,48.22763443453082,48.22763443453082,48.22763443453082,48.22763443453082,48.22763443453082,48.22763443453082,48.22763443453082,48.22763443453082,48.22763443453082,48.22763443453082,48.22763443453082,48.22763443453082,1000000.0
FLINT,MAGNUM03,F,na,na,na,na,2025_03_11-09_22_56,na,5,67,Yes,1,na,144.68290330359284,48.22763443457198,96.4552688690621,10.0,47.0,0.0,,,,144.68290330359284,48.22763443457198,96.4552688690621,10.0,47.0,0.0,32.0,30.0,1.0,28.0,24.0,0.0,22.0,18.0,0.0,17.0,15.0,0.0,11.0,11.0,0.0,4.0,5.0,0.0,8.0,9.0,0.0,0.0,32.0,32.0,62.0,62.0,63.0,0.0,28.0,35.0,59.0,63.0,63.0,1.0,23.0,38.0,56.0,63.0,63.0,3.0,20.0,40.0,55.0,63.0,63.0,5.0,16.0,42.0,53.0,63.0,63.0,8.0,12.0,45.0,50.0,63.0,63.0,6.0,14.0,43.0,52.0,63.0,63.0,10.0,0.0,56.0,0.0,63.0,50.0,63.0,0.0,0.4366816902723185,3.6288293488230883,1.9204956668267927,0.7577174106292265,30.0,160.0,977091.8736435977,984374.2464432119,990692.0665541354,994502.0496744635,997926.211719315,999131.9025801783,999758.8618278273,999855.3170966964,999951.7723655654,1000000.0,1000000.0,1000000.0,1000000.0,1000000.0,1000000.0,1000000.0,1000000.0,1000000.0,1000000.0,1000000.0,1000000.0,1000000.0,1000000.0,1000000.0,1000000.0,1000000.0,1000000.0,1000000.0,1000000.0,1000000.0,1000000.0,1000000.0,1000000.0,1000000.0,1000000.0,1000000.0,1000000.0,1000000.0,1000000.0,1000000.0,1000000.0,1000000.0,1000000.0,1000000.0,1000000.0,1000000.0,1000000.0,1000000.0,1000000.0,1000000.0,1000000.0,1000000.0,1000000.0,1000000.0,1000000.0,1000000.0,1000000.0,1000000.0,1000000.0,1000000.0,1000000.0,1000000.0,1000000.0,1000000.0,48.22763443453082,48.22763443453082,48.22763443453082,48.22763443453082,48.22763443453082,48.22763443453082,48.22763443453082,96.4552688690621,144.68290330359284,144.68290330359284,144.68290330359284,192.91053773812425,337.59344104171646,337.59344104171646,675.1868820834334,916.3250542560885,1398.601398601398,1929.1053773812387,3617.07258258982,5063.901615625751,6703.6411863998055,10610.079575596808,17410.17603086568,26476.971304557497,38389.197009886644,59512.90089221123,91343.1396190017,134217.5066312997,195370.14709428503,277694.71907402936,378249.3368700265,443838.9197009886,636749.4574391126,744152.399324813,834772.1244272968,893368.7002652519,937062.937062937,967446.3467566915,984326.0188087773,991994.2126838678,996286.472148541,998022.6669881842,999180.1302146129,999565.9512900892,999758.8618278273,999903.5447311308,999951.7723655654,1000000.0,1000000.0,1000000.0,1000000.0,1000000.0,1000000.0,1000000.0,1000000.0,1000000.0,1000000.0,1000000.0,1000000.0,1000000.0,1000000.0,1000000.0,1000000.0,1000000.0,0.0,0.0,0.0,0.0,0.0,0.0,0.0,0.0,0.0,0.0,0.0,0.0,0.0,0.0,0.0,0.0,0.0,0.0,0.0,0.0,0.0,0.0,0.0,0.0,0.0,0.0,0.0,0.0,0.0,0.0,0.0,0.0,0.0,0.0,0.0,0.0,0.0,0.0,0.0,0.0,0.0,0.0,0.0,0.0,0.0,0.0,0.0,0.0,0.0,0.0,241.13817217265407,434.04870991077877,1205.690860863273,2363.1540872920177,5112.12925006028,9259.705811429942,23535.085604051124,49915.60163973956,109717.86833855807,185724.6202073788,334892.69351338316,490667.95273691823,683240.8970340005,1000000.0,144.68290330359284,144.68290330359284,144.68290330359284,144.68290330359284,144.68290330359284,144.68290330359284,144.68290330359284,144.68290330359284,144.68290330359284,144.68290330359284,144.68290330359284,144.68290330359284,144.68290330359284,144.68290330359284,144.68290330359284,144.68290330359284,144.68290330359284,144.68290330359284,144.68290330359284,144.68290330359284,144.68290330359284,144.68290330359284,144.68290330359284,144.68290330359284,144.68290330359284,144.68290330359284,144.68290330359284,144.68290330359284,144.68290330359284,144.68290330359284,144.68290330359284,144.68290330359284,144.68290330359284,144.68290330359284,144.68290330359284,144.68290330359284,144.68290330359284,144.68290330359284,144.68290330359284,144.68290330359284,144.68290330359284,144.68290330359284,144.68290330359284,144.68290330359284,144.68290330359284,144.68290330359284,144.68290330359284,144.68290330359284,144.68290330359284,144.68290330359284,144.68290330359284,144.68290330359284,144.68290330359284,144.68290330359284,144.68290330359284,144.68290330359284,144.68290330359284,144.68290330359284,144.68290330359284,144.68290330359284,144.68290330359284,144.68290330359284,144.68290330359284,1000000.0
FLINT,MAGNUM03,F,na,na,na,na,2025_03_11-09_22_56,na,5,68,Yes,1,na,0.0,0.0,0.0,10.0,54.0,0.0,,,,0.0,0.0,0.0,10.0,54.0,0.0,32.0,31.0,0.0,28.0,28.0,0.0,24.0,23.0,0.0,20.0,20.0,0.0,13.0,18.0,0.0,8.0,14.0,0.0,10.0,16.0,0.0,0.0,32.0,32.0,63.0,63.0,63.0,0.0,28.0,34.0,62.0,63.0,63.0,0.0,24.0,37.0,60.0,63.0,63.0,2.0,22.0,39.0,59.0,63.0,63.0,5.0,18.0,40.0,58.0,63.0,63.0,6.0,14.0,42.0,56.0,63.0,63.0,6.0,16.0,41.0,57.0,63.0,63.0,10.0,0.0,57.0,10.0,63.0,54.0,63.0,0.0,0.3505652594536787,3.2330548924603715,0.7513455294305917,0.6137980104754356,30.0,160.0,988618.2782734506,991126.1152640462,994357.3667711598,995611.2852664576,998601.3986013986,999180.1302146129,999951.7723655654,1000000.0,1000000.0,1000000.0,1000000.0,1000000.0,1000000.0,1000000.0,1000000.0,1000000.0,1000000.0,1000000.0,1000000.0,1000000.0,1000000.0,1000000.0,1000000.0,1000000.0,1000000.0,1000000.0,1000000.0,1000000.0,1000000.0,1000000.0,1000000.0,1000000.0,1000000.0,1000000.0,1000000.0,1000000.0,1000000.0,1000000.0,1000000.0,1000000.0,1000000.0,1000000.0,1000000.0,1000000.0,1000000.0,1000000.0,1000000.0,1000000.0,1000000.0,1000000.0,1000000.0,1000000.0,1000000.0,1000000.0,1000000.0,1000000.0,1000000.0,1000000.0,1000000.0,1000000.0,1000000.0,1000000.0,1000000.0,1000000.0,0.0,0.0,0.0,0.0,0.0,0.0,0.0,0.0,0.0,0.0,48.22763443453082,96.4552688690621,96.4552688690621,144.68290330359284,289.36580660718624,289.36580660718624,626.959247648901,1109.2355919942117,1977.3330118157653,2652.5198938992025,4099.348926935128,6076.6819387508895,11092.355919942114,17603.08656860379,29852.905714974695,48565.227875572695,81601.15746322644,117337.83457921393,180708.94622618755,265348.4446587895,383265.0108512177,445623.3421750663,666120.086809742,772172.6549312756,872052.0858451892,921485.4111405835,964215.0952495779,984277.7911743429,993392.8140824692,997299.2524716662,999373.040752351,999662.4065589582,999903.5447311308,999903.5447311308,999951.7723655654,999951.7723655654,999951.7723655654,1000000.0,1000000.0,1000000.0,1000000.0,1000000.0,1000000.0,1000000.0,1000000.0,1000000.0,1000000.0,1000000.0,1000000.0,1000000.0,1000000.0,1000000.0,1000000.0,1000000.0,0.0,0.0,0.0,0.0,0.0,0.0,0.0,0.0,0.0,0.0,0.0,0.0,0.0,0.0,0.0,0.0,0.0,0.0,0.0,0.0,0.0,0.0,0.0,0.0,0.0,0.0,0.0,0.0,0.0,0.0,0.0,0.0,0.0,0.0,0.0,0.0,0.0,0.0,0.0,0.0,0.0,0.0,0.0,0.0,0.0,0.0,0.0,0.0,0.0,0.0,0.0,0.0,0.0,0.0,48.22763443453082,192.91053773812425,434.04870991077877,964.5526886906189,4533.397636845913,8873.884735953696,28406.07668193874,68724.37906920664,177188.32891246682,1000000.0,48.22763443453082,96.4552688690621,96.4552688690621,96.4552688690621,96.4552688690621,96.4552688690621,96.4552688690621,96.4552688690621,96.4552688690621,96.4552688690621,96.4552688690621,96.4552688690621,96.4552688690621,96.4552688690621,96.4552688690621,96.4552688690621,96.4552688690621,96.4552688690621,96.4552688690621,96.4552688690621,96.4552688690621,96.4552688690621,96.4552688690621,96.4552688690621,96.4552688690621,96.4552688690621,96.4552688690621,96.4552688690621,96.4552688690621,96.4552688690621,96.4552688690621,96.4552688690621,96.4552688690621,96.4552688690621,96.4552688690621,96.4552688690621,96.4552688690621,96.4552688690621,96.4552688690621,96.4552688690621,96.4552688690621,96.4552688690621,96.4552688690621,96.4552688690621,96.4552688690621,96.4552688690621,96.4552688690621,96.4552688690621,96.4552688690621,96.4552688690621,96.4552688690621,96.4552688690621,96.4552688690621,96.4552688690621,96.4552688690621,96.4552688690621,96.4552688690621,96.4552688690621,96.4552688690621,96.4552688690621,96.4552688690621,96.4552688690621,96.4552688690621,1000000.0
FLINT,MAGNUM03,F,na,na,na,na,2025_03_11-09_22_56,na,5,69,Yes,1,na,48.22763443453082,0.0,48.22763443453082,8.0,48.0,0.0,,,,48.22763443453082,0.0,48.22763443453082,8.0,48.0,0.0,32.0,28.0,3.0,28.0,24.0,1.0,22.0,19.0,0.0,17.0,15.0,0.0,12.0,11.0,0.0,7.0,7.0,0.0,8.0,9.0,0.0,0.0,32.0,32.0,60.0,60.0,63.0,0.0,28.0,34.0,58.0,62.0,63.0,1.0,23.0,37.0,56.0,63.0,63.0,3.0,20.0,39.0,54.0,63.0,63.0,5.0,17.0,41.0,52.0,63.0,63.0,6.0,13.0,43.0,50.0,63.0,63.0,6.0,14.0,42.0,51.0,63.0,63.0,7.0,0.0,59.0,6.0,63.0,48.0,63.0,0.0,0.4395251110884503,3.475261111976197,2.032531479887743,0.6186885949313036,30.0,160.0,975066.3129973474,982734.5068724379,990209.7902097901,994357.3667711598,997877.9840848806,999180.1302146129,999903.5447311308,1000000.0,1000000.0,1000000.0,1000000.0,1000000.0,1000000.0,1000000.0,1000000.0,1000000.0,1000000.0,1000000.0,1000000.0,1000000.0,1000000.0,1000000.0,1000000.0,1000000.0,1000000.0,1000000.0,1000000.0,1000000.0,1000000.0,1000000.0,1000000.0,1000000.0,1000000.0,1000000.0,1000000.0,1000000.0,1000000.0,1000000.0,1000000.0,1000000.0,1000000.0,1000000.0,1000000.0,1000000.0,1000000.0,1000000.0,1000000.0,1000000.0,1000000.0,1000000.0,1000000.0,1000000.0,1000000.0,1000000.0,1000000.0,1000000.0,1000000.0,1000000.0,1000000.0,1000000.0,1000000.0,1000000.0,1000000.0,1000000.0,0.0,0.0,0.0,0.0,0.0,0.0,48.22763443453082,48.22763443453082,96.4552688690621,144.68290330359284,144.68290330359284,144.68290330359284,192.91053773812425,337.59344104171646,626.959247648901,868.0974198215577,1350.373764166866,1736.1948396431121,2941.8857005063924,4581.625271280436,7427.055702917767,10995.900651073063,17940.68000964554,26718.109476730133,41668.67615143483,67615.14347721238,105763.20231492647,150711.3576079094,220786.11044128283,311261.1526404629,425898.2396913431,483867.8562816494,693850.9766095972,793296.3588136001,878321.6783216783,926115.2640462985,962044.8517000242,981818.1818181818,992524.7166626477,996382.9274174101,998312.0327947914,999228.3578490474,999807.0894622619,999951.7723655654,1000000.0,1000000.0,1000000.0,1000000.0,1000000.0,1000000.0,1000000.0,1000000.0,1000000.0,1000000.0,1000000.0,1000000.0,1000000.0,1000000.0,1000000.0,1000000.0,1000000.0,1000000.0,1000000.0,1000000.0,0.0,0.0,0.0,0.0,0.0,0.0,0.0,0.0,0.0,0.0,0.0,0.0,0.0,0.0,0.0,0.0,0.0,0.0,0.0,0.0,0.0,0.0,0.0,0.0,0.0,0.0,0.0,0.0,0.0,0.0,0.0,0.0,0.0,0.0,0.0,0.0,0.0,0.0,0.0,0.0,0.0,0.0,0.0,0.0,0.0,0.0,0.0,0.0,48.22763443453082,96.4552688690621,337.59344104171646,868.0974198215577,1446.829033035929,3520.617313720762,8729.201832650102,17217.265493127543,46346.7566915843,97805.64263322882,207427.0557029178,326404.6298529057,528960.6944779358,700843.9836026044,860525.6812153363,1000000.0,96.4552688690621,96.4552688690621,96.4552688690621,96.4552688690621,96.4552688690621,96.4552688690621,96.4552688690621,96.4552688690621,96.4552688690621,96.4552688690621,96.4552688690621,96.4552688690621,96.4552688690621,96.4552688690621,96.4552688690621,96.4552688690621,96.4552688690621,96.4552688690621,96.4552688690621,96.4552688690621,96.4552688690621,96.4552688690621,96.4552688690621,96.4552688690621,96.4552688690621,96.4552688690621,96.4552688690621,96.4552688690621,96.4552688690621,96.4552688690621,96.4552688690621,96.4552688690621,96.4552688690621,96.4552688690621,96.4552688690621,96.4552688690621,96.4552688690621,96.4552688690621,96.4552688690621,96.4552688690621,96.4552688690621,96.4552688690621,96.4552688690621,96.4552688690621,96.4552688690621,96.4552688690621,96.4552688690621,96.4552688690621,96.4552688690621,96.4552688690621,96.4552688690621,96.4552688690621,96.4552688690621,96.4552688690621,96.4552688690621,96.4552688690621,96.4552688690621,96.4552688690621,96.4552688690621,96.4552688690621,96.4552688690621,96.4552688690621,96.4552688690621,1000000.0
FLINT,MAGNUM03,F,na,na,na,na,2025_03_11-09_22_56,na,5,70,Yes,1,na,144.68290330359284,0.0,956161.0802990113,9.0,52.0,62.0,,,,144.68290330359284,0.0,956161.0802990113,9.0,52.0,62.0,32.0,31.0,0.0,28.0,29.0,0.0,23.0,23.0,0.0,17.0,20.0,0.0,11.0,15.0,0.0,4.0,10.0,0.0,6.0,12.0,0.0,0.0,32.0,32.0,63.0,63.0,63.0,0.0,28.0,34.0,63.0,63.0,63.0,0.0,23.0,38.0,61.0,63.0,63.0,3.0,20.0,39.0,59.0,63.0,63.0,5.0,16.0,42.0,57.0,63.0,63.0,7.0,11.0,45.0,55.0,63.0,63.0,6.0,12.0,44.0,56.0,63.0,63.0,8.0,0.0,55.0,6.0,63.0,52.0,63.0,63.0,0.37301014000706095,3.6004725791642023,0.6478918143911118,0.0,30.0,160.0,986448.0347238968,989631.0585965757,993151.6759102965,994887.8707499397,998456.7156980949,999421.2683867855,999855.3170966964,999951.7723655654,1000000.0,1000000.0,1000000.0,1000000.0,1000000.0,1000000.0,1000000.0,1000000.0,1000000.0,1000000.0,1000000.0,1000000.0,1000000.0,1000000.0,1000000.0,1000000.0,1000000.0,1000000.0,1000000.0,1000000.0,1000000.0,1000000.0,1000000.0,1000000.0,1000000.0,1000000.0,1000000.0,1000000.0,1000000.0,1000000.0,1000000.0,1000000.0,1000000.0,1000000.0,1000000.0,1000000.0,1000000.0,1000000.0,1000000.0,1000000.0,1000000.0,1000000.0,1000000.0,1000000.0,1000000.0,1000000.0,1000000.0,1000000.0,1000000.0,1000000.0,1000000.0,1000000.0,1000000.0,1000000.0,1000000.0,1000000.0,0.0,0.0,0.0,0.0,0.0,0.0,48.22763443453082,96.4552688690621,96.4552688690621,96.4552688690621,192.91053773812425,385.82107547624787,626.959247648901,675.1868820834334,819.8697853870253,1109.2355919942117,1736.1948396431121,2556.0646250301406,3906.438389197008,5015.673981191222,7957.559681697602,12876.778394019768,20496.74463467567,29659.99517723655,45816.252712804395,70798.16734989142,107885.21823004588,150373.76416686754,223101.03689414036,304123.46274415235,419483.9643115505,485362.9129491198,682276.3443453098,781866.4094526164,865493.1275620931,915360.5015673982,956595.129008922,976609.5972992524,989727.5138654449,994502.0496744635,997347.4801061008,998601.3986013986,999276.585483482,999517.7236556546,999855.3170966964,999951.7723655654,999951.7723655654,999951.7723655654,999951.7723655654,1000000.0,1000000.0,1000000.0,1000000.0,1000000.0,1000000.0,1000000.0,1000000.0,1000000.0,1000000.0,1000000.0,1000000.0,1000000.0,1000000.0,1000000.0,0.0,0.0,0.0,0.0,0.0,0.0,0.0,0.0,0.0,0.0,0.0,0.0,0.0,0.0,0.0,0.0,0.0,0.0,0.0,0.0,0.0,0.0,0.0,0.0,0.0,0.0,0.0,0.0,0.0,0.0,0.0,0.0,0.0,0.0,0.0,0.0,0.0,0.0,0.0,0.0,0.0,0.0,0.0,0.0,0.0,0.0,0.0,0.0,0.0,0.0,0.0,0.0,48.22763443453082,48.22763443453082,192.91053773812425,289.36580660718624,675.1868820834334,1446.829033035929,3424.1620448516924,7378.82806848324,20979.020979020985,43838.91970098867,97612.7320954907,1000000.0,0.0,0.0,0.0,0.0,0.0,0.0,0.0,0.0,0.0,0.0,0.0,0.0,0.0,0.0,0.0,0.0,0.0,0.0,0.0,0.0,0.0,0.0,0.0,0.0,0.0,0.0,0.0,0.0,0.0,0.0,0.0,0.0,0.0,0.0,0.0,0.0,0.0,0.0,0.0,0.0,0.0,0.0,0.0,0.0,0.0,0.0,0.0,0.0,0.0,0.0,0.0,0.0,0.0,0.0,0.0,0.0,0.0,0.0,0.0,0.0,0.0,0.0,0.0,1000000.0
FLINT,MAGNUM03,F,na,na,na,na,2025_03_11-09_22_56,na,5,71,Yes,1,na,48.22763443453082,48.22763443457198,48.22763443453082,9.0,50.0,0.0,,,,48.22763443453082,96.45526886910281,48.22763443453082,9.0,50.0,0.0,32.0,29.0,2.0,28.0,24.0,0.0,23.0,19.0,0.0,18.0,17.0,0.0,13.0,13.0,0.0,7.0,8.0,0.0,10.0,10.0,0.0,0.0,32.0,32.0,61.0,61.0,63.0,0.0,28.0,34.0,58.0,63.0,63.0,0.0,23.0,37.0,56.0,63.0,63.0,3.0,21.0,38.0,55.0,63.0,63.0,5.0,18.0,40.0,53.0,63.0,63.0,7.0,14.0,43.0,51.0,63.0,63.0,6.0,16.0,42.0,52.0,63.0,63.0,9.0,0.0,53.0,5.0,63.0,50.0,63.0,0.0,0.4209899381888646,3.310212416845468,1.9456318573635238,0.6186885949313036,30.0,160.0,977381.2394502049,984808.2951531227,991753.0745116952,995032.5536532432,998022.6669881842,999228.3578490474,999662.4065589582,999903.5447311308,1000000.0,1000000.0,1000000.0,1000000.0,1000000.0,1000000.0,1000000.0,1000000.0,1000000.0,1000000.0,1000000.0,1000000.0,1000000.0,1000000.0,1000000.0,1000000.0,1000000.0,1000000.0,1000000.0,1000000.0,1000000.0,1000000.0,1000000.0,1000000.0,1000000.0,1000000.0,1000000.0,1000000.0,1000000.0,1000000.0,1000000.0,1000000.0,1000000.0,1000000.0,1000000.0,1000000.0,1000000.0,1000000.0,1000000.0,1000000.0,1000000.0,1000000.0,1000000.0,1000000.0,1000000.0,1000000.0,1000000.0,1000000.0,1000000.0,1000000.0,1000000.0,1000000.0,1000000.0,1000000.0,1000000.0,1000000.0,0.0,0.0,0.0,0.0,0.0,48.22763443453082,48.22763443453082,48.22763443453082,48.22763443453082,96.4552688690621,144.68290330359284,144.68290330359284,144.68290330359284,144.68290330359284,337.59344104171646,337.59344104171646,723.414516517964,1350.373764166866,2459.609356161082,3761.755485893413,5546.177959971061,8295.15312273932,14082.469254883039,23004.581625271243,36074.27055702915,57969.61659030622,94719.07402941881,138461.5384615384,207957.5596816976,298432.60188087774,414371.83506149024,490571.4974680492,700747.5283337352,802025.5606462503,885604.0511212926,933783.4579213889,967060.5256812152,985049.4333252953,994116.2285989872,997106.3419339281,998794.3091391367,999469.4960212201,999855.3170966964,999903.5447311308,999903.5447311308,999903.5447311308,999951.7723655654,999951.7723655654,999951.7723655654,999951.7723655654,1000000.0,1000000.0,1000000.0,1000000.0,1000000.0,1000000.0,1000000.0,1000000.0,1000000.0,1000000.0,1000000.0,1000000.0,1000000.0,1000000.0,0.0,0.0,0.0,0.0,0.0,0.0,0.0,0.0,0.0,0.0,0.0,0.0,0.0,0.0,0.0,0.0,0.0,0.0,0.0,0.0,0.0,0.0,0.0,0.0,0.0,0.0,0.0,0.0,0.0,0.0,0.0,0.0,0.0,0.0,0.0,0.0,0.0,0.0,0.0,0.0,0.0,0.0,0.0,0.0,0.0,0.0,0.0,0.0,0.0,0.0,96.4552688690621,289.36580660718624,819.8697853870253,1977.3330118157653,5449.72269110199,12298.046780805396,34627.44152399321,74029.41885700503,172124.42729684114,284880.63660477445,485796.9616590306,662358.3313238486,837617.5548589341,1000000.0,96.4552688690621,96.4552688690621,96.4552688690621,96.4552688690621,96.4552688690621,96.4552688690621,96.4552688690621,96.4552688690621,96.4552688690621,96.4552688690621,96.4552688690621,96.4552688690621,96.4552688690621,96.4552688690621,96.4552688690621,96.4552688690621,96.4552688690621,96.4552688690621,96.4552688690621,96.4552688690621,96.4552688690621,96.4552688690621,96.4552688690621,96.4552688690621,96.4552688690621,96.4552688690621,96.4552688690621,96.4552688690621,96.4552688690621,96.4552688690621,96.4552688690621,96.4552688690621,96.4552688690621,96.4552688690621,96.4552688690621,96.4552688690621,96.4552688690621,96.4552688690621,96.4552688690621,96.4552688690621,96.4552688690621,96.4552688690621,96.4552688690621,96.4552688690621,96.4552688690621,96.4552688690621,96.4552688690621,96.4552688690621,96.4552688690621,96.4552688690621,96.4552688690621,96.4552688690621,96.4552688690621,96.4552688690621,96.4552688690621,96.4552688690621,96.4552688690621,96.4552688690621,96.4552688690621,96.4552688690621,96.4552688690621,96.4552688690621,96.4552688690621,1000000.0
FLINT,MAGNUM03,F,na,na,na,na,2025_03_11-09_22_56,na,5,72,Yes,1,na,48.22763443453082,0.0,426959.2476489028,8.0,49.0,62.0,,,,48.22763443453082,0.0,426959.2476489028,8.0,49.0,62.0,31.0,30.0,2.0,27.0,25.0,0.0,23.0,19.0,0.0,17.0,16.0,0.0,11.0,12.0,0.0,6.0,8.0,0.0,8.0,10.0,0.0,0.0,31.0,31.0,61.0,61.0,63.0,0.0,27.0,34.0,59.0,63.0,63.0,0.0,23.0,37.0,56.0,63.0,63.0,3.0,20.0,39.0,55.0,63.0,63.0,5.0,16.0,41.0,53.0,63.0,63.0,6.0,12.0,44.0,52.0,63.0,63.0,6.0,14.0,42.0,52.0,63.0,63.0,8.0,0.0,57.0,8.0,63.0,49.0,63.0,63.0,0.41694018574757297,3.4954184023945305,1.9529209563961236,0.0,30.0,160.0,981914.6370870508,987123.2216059802,991126.1152640462,994453.8220400289,997492.1630094043,999083.6749457439,999951.7723655654,1000000.0,1000000.0,1000000.0,1000000.0,1000000.0,1000000.0,1000000.0,1000000.0,1000000.0,1000000.0,1000000.0,1000000.0,1000000.0,1000000.0,1000000.0,1000000.0,1000000.0,1000000.0,1000000.0,1000000.0,1000000.0,1000000.0,1000000.0,1000000.0,1000000.0,1000000.0,1000000.0,1000000.0,1000000.0,1000000.0,1000000.0,1000000.0,1000000.0,1000000.0,1000000.0,1000000.0,1000000.0,1000000.0,1000000.0,1000000.0,1000000.0,1000000.0,1000000.0,1000000.0,1000000.0,1000000.0,1000000.0,1000000.0,1000000.0,1000000.0,1000000.0,1000000.0,1000000.0,1000000.0,1000000.0,1000000.0,1000000.0,0.0,0.0,0.0,0.0,0.0,0.0,0.0,0.0,96.4552688690621,96.4552688690621,144.68290330359284,192.91053773812425,289.36580660718624,385.82107547624787,771.6421509524955,1109.2355919942117,1639.7395707740552,2363.1540872920177,3279.479141548107,4388.714733542319,7668.193875090419,11622.859898721968,19628.647214854085,29177.718832891253,47359.53701470944,73836.50831926694,114299.4936098385,159537.0147094285,236218.95346033268,328189.05232698336,445526.88690619724,503207.13768989634,716807.330600434,809307.9334458646,888160.1157463226,932529.5394260911,966240.6558958283,983265.0108512177,992380.033759344,995804.1958041957,998504.9433325295,999373.040752351,999662.4065589582,999855.3170966964,999951.7723655654,999951.7723655654,999951.7723655654,1000000.0,1000000.0,1000000.0,1000000.0,1000000.0,1000000.0,1000000.0,1000000.0,1000000.0,1000000.0,1000000.0,1000000.0,1000000.0,1000000.0,1000000.0,1000000.0,1000000.0,0.0,0.0,0.0,0.0,0.0,0.0,0.0,0.0,0.0,0.0,0.0,0.0,0.0,0.0,0.0,0.0,0.0,0.0,0.0,0.0,0.0,0.0,0.0,0.0,0.0,0.0,0.0,0.0,0.0,0.0,0.0,0.0,0.0,0.0,0.0,0.0,0.0,0.0,0.0,0.0,0.0,0.0,0.0,0.0,0.0,0.0,0.0,0.0,0.0,48.22763443453082,144.68290330359284,192.91053773812425,819.8697853870253,1977.3330118157653,5160.356884494808,10802.990113334929,29997.588618278234,62454.78659271758,141837.47287195563,224981.914637087,410610.0795755968,573040.7523510972,766674.7046057392,1000000.0,0.0,0.0,0.0,0.0,0.0,0.0,0.0,0.0,0.0,0.0,0.0,0.0,0.0,0.0,0.0,0.0,0.0,0.0,0.0,0.0,0.0,0.0,0.0,0.0,0.0,0.0,0.0,0.0,0.0,0.0,0.0,0.0,0.0,0.0,0.0,0.0,0.0,0.0,0.0,0.0,0.0,0.0,0.0,0.0,0.0,0.0,0.0,0.0,0.0,0.0,0.0,0.0,0.0,0.0,0.0,0.0,0.0,0.0,0.0,0.0,0.0,0.0,0.0,1000000.0
FLINT,MAGNUM03,F,na,na,na,na,2025_03_11-09_22_56,na,5,73,Yes,1,na,144.68290330359284,0.0,544972.2691102002,8.5,48.5,62.0,,,,144.68290330359284,0.0,544972.2691102002,8.5,48.5,62.0,31.0,31.0,1.0,27.0,26.0,0.0,22.0,20.0,0.0,17.0,17.0,0.0,11.0,14.0,0.0,3.0,10.0,0.0,6.0,10.0,0.0,0.0,31.0,31.0,62.0,62.0,63.0,0.0,27.0,34.0,60.0,63.0,63.0,0.0,22.0,37.0,57.0,63.0,63.0,3.0,20.0,39.0,56.0,63.0,63.0,5.0,16.0,40.0,54.0,63.0,63.0,7.0,10.0,42.0,52.0,63.0,63.0,6.0,12.0,42.0,52.0,63.0,63.0,9.0,0.0,46.0,3.0,63.0,51.0,63.0,63.0,0.4115388790110889,3.578468245350408,1.7856029846442245,0.0,30.0,160.0,981046.5396672293,985869.3031106823,992138.8955871714,994984.3260188088,997926.211719315,999131.9025801783,999807.0894622619,999903.5447311308,1000000.0,1000000.0,1000000.0,1000000.0,1000000.0,1000000.0,1000000.0,1000000.0,1000000.0,1000000.0,1000000.0,1000000.0,1000000.0,1000000.0,1000000.0,1000000.0,1000000.0,1000000.0,1000000.0,1000000.0,1000000.0,1000000.0,1000000.0,1000000.0,1000000.0,1000000.0,1000000.0,1000000.0,1000000.0,1000000.0,1000000.0,1000000.0,1000000.0,1000000.0,1000000.0,1000000.0,1000000.0,1000000.0,1000000.0,1000000.0,1000000.0,1000000.0,1000000.0,1000000.0,1000000.0,1000000.0,1000000.0,1000000.0,1000000.0,1000000.0,1000000.0,1000000.0,1000000.0,1000000.0,1000000.0,1000000.0,0.0,0.0,0.0,48.22763443453082,96.4552688690621,144.68290330359284,144.68290330359284,144.68290330359284,144.68290330359284,192.91053773812425,241.13817217265407,337.59344104171646,578.7316132143711,964.5526886906189,1061.0079575596806,1205.690860863273,1977.3330118157653,2652.5198938992025,4340.487099107789,5883.771401012779,9211.4781769954,14323.607427055684,23149.2645285749,33277.06775982637,51892.93465155528,79093.32047263085,121919.4598504943,173330.1181577044,249674.46346756694,350036.1707258258,466071.8591753074,506679.52736918256,717144.9240414756,810031.3479623824,892066.5541355197,933928.1408246924,966337.1111646973,984711.8398842536,993248.1311791657,996816.9761273209,998746.0815047021,999469.4960212201,999951.7723655654,1000000.0,1000000.0,1000000.0,1000000.0,1000000.0,1000000.0,1000000.0,1000000.0,1000000.0,1000000.0,1000000.0,1000000.0,1000000.0,1000000.0,1000000.0,1000000.0,1000000.0,1000000.0,1000000.0,1000000.0,1000000.0,0.0,0.0,0.0,0.0,0.0,0.0,0.0,0.0,0.0,0.0,0.0,0.0,0.0,0.0,0.0,0.0,0.0,0.0,0.0,0.0,0.0,0.0,0.0,0.0,0.0,0.0,0.0,0.0,0.0,0.0,0.0,0.0,0.0,0.0,0.0,0.0,0.0,0.0,0.0,0.0,0.0,0.0,0.0,0.0,0.0,0.0,0.0,0.0,0.0,0.0,0.0,144.68290330359284,578.7316132143711,1109.2355919942117,3086.56860380998,6221.364842054485,15529.298287918953,33469.978297564514,86616.83144441762,153701.4709428503,293031.1068242102,455027.73088979983,656136.966481794,1000000.0,0.0,0.0,0.0,0.0,0.0,0.0,0.0,0.0,0.0,0.0,0.0,0.0,0.0,0.0,0.0,0.0,0.0,0.0,0.0,0.0,0.0,0.0,0.0,0.0,0.0,0.0,0.0,0.0,0.0,0.0,0.0,0.0,0.0,0.0,0.0,0.0,0.0,0.0,0.0,0.0,0.0,0.0,0.0,0.0,0.0,0.0,0.0,0.0,0.0,0.0,0.0,0.0,0.0,0.0,0.0,0.0,0.0,0.0,0.0,0.0,0.0,0.0,0.0,1000000.0
FLINT,MAGNUM03,F,na,na,na,na,2025_03_11-09_22_56,na,5,74,Yes,1,na,0.0,96.4552688690621,621075.47624789,10.0,53.0,62.0,,,,0.0,144.68290330360517,621075.47624789,10.0,53.0,62.0,31.0,31.0,1.0,28.0,26.0,0.0,24.0,21.0,0.0,19.0,18.0,0.0,14.0,15.0,0.0,8.0,6.0,0.0,11.0,13.0,0.0,0.0,31.0,31.0,62.0,62.0,63.0,0.0,28.0,34.0,60.0,63.0,63.0,0.0,24.0,37.0,58.0,63.0,63.0,2.0,21.0,38.0,56.0,63.0,63.0,4.0,18.0,40.0,55.0,63.0,63.0,7.0,15.0,48.0,54.0,63.0,63.0,5.0,16.0,42.0,55.0,63.0,63.0,7.0,0.0,63.0,13.0,63.0,53.0,63.0,63.0,0.33869800902976166,3.2362820669819587,1.5410936606196222,0.0,30.0,160.0,986930.3110682421,990209.7902097901,994453.8220400289,996334.6997829756,998842.5367735712,999565.9512900892,999807.0894622619,1000000.0,1000000.0,1000000.0,1000000.0,1000000.0,1000000.0,1000000.0,1000000.0,1000000.0,1000000.0,1000000.0,1000000.0,1000000.0,1000000.0,1000000.0,1000000.0,1000000.0,1000000.0,1000000.0,1000000.0,1000000.0,1000000.0,1000000.0,1000000.0,1000000.0,1000000.0,1000000.0,1000000.0,1000000.0,1000000.0,1000000.0,1000000.0,1000000.0,1000000.0,1000000.0,1000000.0,1000000.0,1000000.0,1000000.0,1000000.0,1000000.0,1000000.0,1000000.0,1000000.0,1000000.0,1000000.0,1000000.0,1000000.0,1000000.0,1000000.0,1000000.0,1000000.0,1000000.0,1000000.0,1000000.0,1000000.0,1000000.0,0.0,0.0,0.0,0.0,0.0,0.0,0.0,0.0,0.0,0.0,0.0,0.0,0.0,48.22763443453082,144.68290330359284,434.04870991077877,675.1868820834334,1157.4632264287443,2122.0159151193625,3086.56860380998,4726.3081745840345,8102.242585001196,13889.55871714491,21895.346033277066,36460.09163250545,59271.762720038605,100024.11381721715,146467.32577767075,220303.83409693756,321485.4111405836,449915.6016397395,519508.0781287678,725102.4837231733,822763.4434530986,906727.755003617,944972.2691102,976464.9143959489,989775.7414998794,995659.5129008922,997540.3906438388,998938.9920424403,999324.8131179166,999662.4065589582,999758.8618278273,999807.0894622619,999855.3170966964,999855.3170966964,999855.3170966964,999951.7723655654,999951.7723655654,999951.7723655654,999951.7723655654,999951.7723655654,1000000.0,1000000.0,1000000.0,1000000.0,1000000.0,1000000.0,1000000.0,1000000.0,1000000.0,1000000.0,1000000.0,0.0,0.0,0.0,0.0,0.0,0.0,0.0,0.0,0.0,0.0,0.0,0.0,0.0,0.0,0.0,0.0,0.0,0.0,0.0,0.0,0.0,0.0,0.0,0.0,0.0,0.0,0.0,0.0,0.0,0.0,0.0,0.0,0.0,0.0,0.0,0.0,0.0,0.0,0.0,0.0,0.0,0.0,0.0,0.0,0.0,0.0,0.0,0.0,0.0,0.0,0.0,0.0,0.0,144.68290330359284,530.5039787798403,1736.1948396431121,6317.820110923553,17265.49312756211,48999.27658548351,95876.53725584755,217603.08656860385,378924.52375210996,601157.4632264287,1000000.0,0.0,0.0,0.0,0.0,0.0,0.0,0.0,0.0,0.0,0.0,0.0,0.0,0.0,0.0,0.0,0.0,0.0,0.0,0.0,0.0,0.0,0.0,0.0,0.0,0.0,0.0,0.0,0.0,0.0,0.0,0.0,0.0,0.0,0.0,0.0,0.0,0.0,0.0,0.0,0.0,0.0,0.0,0.0,0.0,0.0,0.0,0.0,0.0,0.0,0.0,0.0,0.0,0.0,0.0,0.0,0.0,0.0,0.0,0.0,0.0,0.0,0.0,0.0,1000000.0
FLINT,MAGNUM03,F,na,na,na,na,2025_03_11-09_22_56,na,5,75,Yes,1,na,0.0,0.0,48.22763443453082,8.5,46.0,0.0,,,,0.0,0.0,48.22763443453082,8.5,46.0,0.0,31.0,29.0,3.0,27.0,25.0,1.0,23.0,19.0,0.0,18.0,16.0,0.0,13.0,12.0,0.0,6.0,9.0,0.0,9.0,11.0,0.0,0.0,31.0,31.0,60.0,60.0,63.0,0.0,27.0,33.0,58.0,62.0,63.0,0.0,23.0,37.0,56.0,63.0,63.0,3.0,21.0,38.0,54.0,63.0,63.0,5.0,18.0,40.0,52.0,63.0,63.0,7.0,13.0,42.0,51.0,63.0,63.0,6.0,15.0,41.0,52.0,63.0,63.0,7.0,0.0,44.0,10.0,63.0,48.0,63.0,0.0,0.424627364312623,3.255955598028219,2.0005524216446102,0.6186885949313036,30.0,160.0,978201.1092355918,984808.2951531227,991222.5705329153,994694.9602122015,997685.0735471424,999276.585483482,999710.6341933928,1000000.0,1000000.0,1000000.0,1000000.0,1000000.0,1000000.0,1000000.0,1000000.0,1000000.0,1000000.0,1000000.0,1000000.0,1000000.0,1000000.0,1000000.0,1000000.0,1000000.0,1000000.0,1000000.0,1000000.0,1000000.0,1000000.0,1000000.0,1000000.0,1000000.0,1000000.0,1000000.0,1000000.0,1000000.0,1000000.0,1000000.0,1000000.0,1000000.0,1000000.0,1000000.0,1000000.0,1000000.0,1000000.0,1000000.0,1000000.0,1000000.0,1000000.0,1000000.0,1000000.0,1000000.0,1000000.0,1000000.0,1000000.0,1000000.0,1000000.0,1000000.0,1000000.0,1000000.0,1000000.0,1000000.0,1000000.0,1000000.0,0.0,0.0,0.0,0.0,0.0,0.0,0.0,0.0,0.0,0.0,48.22763443453082,192.91053773812425,192.91053773812425,289.36580660718624,434.04870991077877,675.1868820834334,1012.7803231251486,1253.9184952978064,1880.8777429467057,3424.1620448516924,5594.405594405593,9115.022908126357,15722.208825657093,24692.548830479835,42392.09066795271,67374.00530503978,109380.27489751634,161128.52664576806,241572.22088256569,348685.79696165904,475524.4755244755,557849.0475042199,750470.2194357367,842102.7248613455,912659.7540390643,951675.9102966,977236.5565469014,989775.7414998794,996141.7892452375,998312.0327947914,999373.040752351,999758.8618278273,999951.7723655654,999951.7723655654,1000000.0,1000000.0,1000000.0,1000000.0,1000000.0,1000000.0,1000000.0,1000000.0,1000000.0,1000000.0,1000000.0,1000000.0,1000000.0,1000000.0,1000000.0,1000000.0,1000000.0,1000000.0,1000000.0,1000000.0,0.0,0.0,0.0,0.0,0.0,0.0,0.0,0.0,0.0,0.0,0.0,0.0,0.0,0.0,0.0,0.0,0.0,0.0,0.0,0.0,0.0,0.0,0.0,0.0,0.0,0.0,0.0,0.0,0.0,0.0,0.0,0.0,0.0,0.0,0.0,0.0,0.0,0.0,0.0,0.0,0.0,0.0,0.0,0.0,0.0,0.0,0.0,0.0,48.22763443453082,96.4552688690621,144.68290330359284,434.04870991077877,1398.601398601398,3038.3409693754506,10658.30721003135,22570.53291536052,57969.61659030622,127417.41017603087,271762.72003858205,415095.2495780082,624885.459368218,789631.0585965757,922112.3703882324,1000000.0,96.4552688690621,96.4552688690621,96.4552688690621,96.4552688690621,96.4552688690621,96.4552688690621,96.4552688690621,96.4552688690621,96.4552688690621,96.4552688690621,96.4552688690621,96.4552688690621,96.4552688690621,96.4552688690621,96.4552688690621,96.4552688690621,96.4552688690621,96.4552688690621,96.4552688690621,96.4552688690621,96.4552688690621,96.4552688690621,96.4552688690621,96.4552688690621,96.4552688690621,96.4552688690621,96.4552688690621,96.4552688690621,96.4552688690621,96.4552688690621,96.4552688690621,96.4552688690621,96.4552688690621,96.4552688690621,96.4552688690621,96.4552688690621,96.4552688690621,96.4552688690621,96.4552688690621,96.4552688690621,96.4552688690621,96.4552688690621,96.4552688690621,96.4552688690621,96.4552688690621,96.4552688690621,96.4552688690621,96.4552688690621,96.4552688690621,96.4552688690621,96.4552688690621,96.4552688690621,96.4552688690621,96.4552688690621,96.4552688690621,96.4552688690621,96.4552688690621,96.4552688690621,96.4552688690621,96.4552688690621,96.4552688690621,96.4552688690621,96.4552688690621,1000000.0
FLINT,MAGNUM03,F,na,na,na,na,2025_03_11-09_22_56,na,5,76,Yes,1,na,0.0,48.22763443453082,265444.89992765855,7.0,50.0,62.0,,,,0.0,48.22763443453082,265444.89992765855,7.0,50.0,62.0,32.0,28.0,3.0,27.0,24.0,1.0,23.0,18.0,0.0,18.0,16.0,0.0,13.0,12.0,0.0,9.0,7.0,0.0,12.0,11.0,0.0,0.0,32.0,32.0,60.0,60.0,63.0,0.0,27.0,34.0,58.0,62.0,63.0,0.0,23.0,37.0,55.0,63.0,63.0,3.0,21.0,38.0,54.0,63.0,63.0,5.0,18.0,40.0,52.0,63.0,63.0,6.0,15.0,44.0,51.0,63.0,63.0,5.0,17.0,41.0,52.0,63.0,63.0,6.0,0.0,56.0,8.0,63.0,50.0,63.0,63.0,0.38328169538234586,3.398810223489554,2.12933955036778,0.0,30.0,160.0,978924.52375211,985772.8478418133,993055.2206414274,995177.2365565469,998649.626235833,999710.6341933928,1000000.0,1000000.0,1000000.0,1000000.0,1000000.0,1000000.0,1000000.0,1000000.0,1000000.0,1000000.0,1000000.0,1000000.0,1000000.0,1000000.0,1000000.0,1000000.0,1000000.0,1000000.0,1000000.0,1000000.0,1000000.0,1000000.0,1000000.0,1000000.0,1000000.0,1000000.0,1000000.0,1000000.0,1000000.0,1000000.0,1000000.0,1000000.0,1000000.0,1000000.0,1000000.0,1000000.0,1000000.0,1000000.0,1000000.0,1000000.0,1000000.0,1000000.0,1000000.0,1000000.0,1000000.0,1000000.0,1000000.0,1000000.0,1000000.0,1000000.0,1000000.0,1000000.0,1000000.0,1000000.0,1000000.0,1000000.0,1000000.0,1000000.0,0.0,0.0,0.0,0.0,0.0,0.0,0.0,0.0,48.22763443453082,48.22763443453082,48.22763443453082,48.22763443453082,48.22763443453082,96.4552688690621,192.91053773812425,289.36580660718624,530.5039787798403,1061.0079575596806,2122.0159151193625,3231.251507113574,5739.088497709187,10176.030865686038,15915.11936339523,26814.56474559922,42488.545936821785,67325.77767060528,111502.29081263563,159681.69761273215,232119.6045333976,327224.4996382927,446202.07378828066,496117.6754280202,706534.844465879,809500.8439836026,891053.7738123945,935664.3356643356,967398.119122257,985435.2544007716,994019.7733301182,997636.845912708,999180.1302146129,999710.6341933928,999855.3170966964,999855.3170966964,999951.7723655654,999951.7723655654,1000000.0,1000000.0,1000000.0,1000000.0,1000000.0,1000000.0,1000000.0,1000000.0,1000000.0,1000000.0,1000000.0,1000000.0,1000000.0,1000000.0,1000000.0,1000000.0,1000000.0,1000000.0,0.0,0.0,0.0,0.0,0.0,0.0,0.0,0.0,0.0,0.0,0.0,0.0,0.0,0.0,0.0,0.0,0.0,0.0,0.0,0.0,0.0,0.0,0.0,0.0,0.0,0.0,0.0,0.0,0.0,0.0,0.0,0.0,0.0,0.0,0.0,0.0,0.0,0.0,0.0,0.0,0.0,0.0,0.0,0.0,0.0,0.0,0.0,0.0,0.0,0.0,96.4552688690621,482.27634434531,1639.7395707740552,4485.170002411382,11671.08753315649,25753.55678803953,62165.42078611044,130889.79985531706,265059.07885218225,392814.08246925485,580516.0356884494,734555.1000723414,880877.7429467083,1000000.0,0.0,0.0,0.0,0.0,0.0,0.0,0.0,0.0,0.0,0.0,0.0,0.0,0.0,0.0,0.0,0.0,0.0,0.0,0.0,0.0,0.0,0.0,0.0,0.0,0.0,0.0,0.0,0.0,0.0,0.0,0.0,0.0,0.0,0.0,0.0,0.0,0.0,0.0,0.0,0.0,0.0,0.0,0.0,0.0,0.0,0.0,0.0,0.0,0.0,0.0,0.0,0.0,0.0,0.0,0.0,0.0,0.0,0.0,0.0,0.0,0.0,0.0,0.0,1000000.0
FLINT,MAGNUM03,F,na,na,na,na,2025_03_11-09_22_56,na,5,77,Yes,1,na,1000000.0,1000000.0,1000000.0,0.0,0.0,0.0,,,,1000000.0,1000000.0,1000000.0,0.0,0.0,0.0,0.0,0.0,0.0,0.0,0.0,0.0,0.0,0.0,0.0,0.0,0.0,0.0,0.0,0.0,0.0,0.0,0.0,0.0,0.0,0.0,0.0,0.0,0.0,0.0,0.0,0.0,0.0,0.0,0.0,0.0,0.0,0.0,0.0,0.0,0.0,0.0,0.0,0.0,0.0,0.0,0.0,0.0,0.0,0.0,0.0,0.0,0.0,0.0,0.0,0.0,0.0,0.0,0.0,0.0,0.0,0.0,0.0,0.0,0.0,0.0,0.0,0.0,0.0,0.0,0.0,0.0,0.0,0.0,0.0,0.0,0.0,0.0,0.0,0.0,0.0,30.0,160.0,1000000.0,1000000.0,1000000.0,1000000.0,1000000.0,1000000.0,1000000.0,1000000.0,1000000.0,1000000.0,1000000.0,1000000.0,1000000.0,1000000.0,1000000.0,1000000.0,1000000.0,1000000.0,1000000.0,1000000.0,1000000.0,1000000.0,1000000.0,1000000.0,1000000.0,1000000.0,1000000.0,1000000.0,1000000.0,1000000.0,1000000.0,1000000.0,1000000.0,1000000.0,1000000.0,1000000.0,1000000.0,1000000.0,1000000.0,1000000.0,1000000.0,1000000.0,1000000.0,1000000.0,1000000.0,1000000.0,1000000.0,1000000.0,1000000.0,1000000.0,1000000.0,1000000.0,1000000.0,1000000.0,1000000.0,1000000.0,1000000.0,1000000.0,1000000.0,1000000.0,1000000.0,1000000.0,1000000.0,1000000.0,1000000.0,1000000.0,1000000.0,1000000.0,1000000.0,1000000.0,1000000.0,1000000.0,1000000.0,1000000.0,1000000.0,1000000.0,1000000.0,1000000.0,1000000.0,1000000.0,1000000.0,1000000.0,1000000.0,1000000.0,1000000.0,1000000.0,1000000.0,1000000.0,1000000.0,1000000.0,1000000.0,1000000.0,1000000.0,1000000.0,1000000.0,1000000.0,1000000.0,1000000.0,1000000.0,1000000.0,1000000.0,1000000.0,1000000.0,1000000.0,1000000.0,1000000.0,1000000.0,1000000.0,1000000.0,1000000.0,1000000.0,1000000.0,1000000.0,1000000.0,1000000.0,1000000.0,1000000.0,1000000.0,1000000.0,1000000.0,1000000.0,1000000.0,1000000.0,1000000.0,1000000.0,1000000.0,1000000.0,1000000.0,1000000.0,1000000.0,1000000.0,1000000.0,1000000.0,1000000.0,1000000.0,1000000.0,1000000.0,1000000.0,1000000.0,1000000.0,1000000.0,1000000.0,1000000.0,1000000.0,1000000.0,1000000.0,1000000.0,1000000.0,1000000.0,1000000.0,1000000.0,1000000.0,1000000.0,1000000.0,1000000.0,1000000.0,1000000.0,1000000.0,1000000.0,1000000.0,1000000.0,1000000.0,1000000.0,1000000.0,1000000.0,1000000.0,1000000.0,1000000.0,1000000.0,1000000.0,1000000.0,1000000.0,1000000.0,1000000.0,1000000.0,1000000.0,1000000.0,1000000.0,1000000.0,1000000.0,1000000.0,1000000.0,1000000.0,1000000.0,1000000.0,1000000.0,1000000.0,1000000.0,1000000.0,1000000.0,1000000.0,1000000.0,1000000.0,1000000.0,1000000.0,1000000.0,1000000.0,1000000.0,1000000.0,1000000.0,1000000.0,1000000.0,1000000.0,1000000.0,1000000.0,1000000.0,1000000.0,1000000.0,1000000.0,1000000.0,1000000.0,1000000.0,1000000.0,1000000.0,1000000.0,1000000.0,1000000.0,1000000.0,1000000.0,1000000.0,1000000.0,1000000.0,1000000.0,1000000.0,1000000.0,1000000.0,1000000.0,1000000.0,1000000.0,1000000.0,1000000.0,1000000.0,1000000.0,1000000.0,1000000.0,1000000.0,1000000.0,1000000.0,1000000.0,1000000.0,1000000.0,1000000.0,1000000.0,1000000.0,1000000.0,1000000.0,1000000.0,1000000.0,1000000.0,1000000.0,1000000.0,1000000.0,1000000.0,1000000.0,1000000.0,1000000.0
