STEPPING,TESTER,SOCKET,BASE_REV,RUN_NAME,CURRENT_COMMIT,CURRENT_COMMIT_DATE,TEST_START_DATETIME,DIE_ID,MACRO,IO,ADC_CAL,TEST_SEQUENCE,TEST_NAME,LEVEL_01_XPOINT_PPM,LEVEL_12_XPOINT_PPM,LEVEL_23_XPOINT_PPM,LEVEL_01_XPOINT_ADC,LEVEL_12_XPOINT_ADC,LEVEL_23_XPOINT_ADC,LEVEL_01_XPOINT_EXT_PPM,LEVEL_12_XPOINT_EXT_PPM,LEVEL_23_XPOINT_EXT_PPM,LEVEL_01_XPOINT_SUM_PPM,LEVEL_12_XPOINT_SUM_PPM,LEVEL_23_XPOINT_SUM_PPM,LEVEL_01_XPOINT_SUM_ADC,LEVEL_12_XPOINT_SUM_ADC,LEVEL_23_XPOINT_SUM_ADC,LEVEL_01_0SIGMA_ADCRWB,LEVEL_12_0SIGMA_ADCRWB,LEVEL_23_0SIGMA_ADCRWB,LEVEL_01_M1SIGMA_ADCRWB,LEVEL_12_M1SIGMA_ADCRWB,LEVEL_23_M1SIGMA_ADCRWB,LEVEL_01_M2SIGMA_ADCRWB,LEVEL_12_M2SIGMA_ADCRWB,LEVEL_23_M2SIGMA_ADCRWB,LEVEL_01_M2P5SIGMA_ADCRWB,LEVEL_12_M2P5SIGMA_ADCRWB,LEVEL_23_M2P5SIGMA_ADCRWB,LEVEL_01_M3SIGMA_ADCRWB,LEVEL_12_M3SIGMA_ADCRWB,LEVEL_23_M3SIGMA_ADCRWB,LEVEL_01_170PPM_ADCRWB,LEVEL_12_170PPM_ADCRWB,LEVEL_23_170PPM_ADCRWB,LEVEL_01_500PPM_ADCRWB,LEVEL_12_500PPM_ADCRWB,LEVEL_23_500PPM_ADCRWB,LEVEL_01_0_0SIGMA_ADC,LEVEL_01_1_0SIGMA_ADC,LEVEL_12_1_0SIGMA_ADC,LEVEL_12_2_0SIGMA_ADC,LEVEL_23_2_0SIGMA_ADC,LEVEL_23_3_0SIGMA_ADC,LEVEL_01_0_M1SIGMA_ADC,LEVEL_01_1_M1SIGMA_ADC,LEVEL_12_1_M1SIGMA_ADC,LEVEL_12_2_M1SIGMA_ADC,LEVEL_23_2_M1SIGMA_ADC,LEVEL_23_3_M1SIGMA_ADC,LEVEL_01_0_M2SIGMA_ADC,LEVEL_01_1_M2SIGMA_ADC,LEVEL_12_1_M2SIGMA_ADC,LEVEL_12_2_M2SIGMA_ADC,LEVEL_23_2_M2SIGMA_ADC,LEVEL_23_3_M2SIGMA_ADC,LEVEL_01_0_M2P5SIGMA_ADC,LEVEL_01_1_M2P5SIGMA_ADC,LEVEL_12_1_M2P5SIGMA_ADC,LEVEL_12_2_M2P5SIGMA_ADC,LEVEL_23_2_M2P5SIGMA_ADC,LEVEL_23_3_M2P5SIGMA_ADC,LEVEL_01_0_M3SIGMA_ADC,LEVEL_01_1_M3SIGMA_ADC,LEVEL_12_1_M3SIGMA_ADC,LEVEL_12_2_M3SIGMA_ADC,LEVEL_23_2_M3SIGMA_ADC,LEVEL_23_3_M3SIGMA_ADC,LEVEL_01_0_170PPM_ADC,LEVEL_01_1_170PPM_ADC,LEVEL_12_1_170PPM_ADC,LEVEL_12_2_170PPM_ADC,LEVEL_23_2_170PPM_ADC,LEVEL_23_3_170PPM_ADC,LEVEL_01_0_500PPM_ADC,LEVEL_01_1_500PPM_ADC,LEVEL_12_1_500PPM_ADC,LEVEL_12_2_500PPM_ADC,LEVEL_23_2_500PPM_ADC,LEVEL_23_3_500PPM_ADC,LEVEL_0_MAXADC,LEVEL_0_MINADC,LEVEL_1_MAXADC,LEVEL_1_MINADC,LEVEL_2_MAXADC,LEVEL_2_MINADC,LEVEL_3_MAXADC,LEVEL_3_MINADC,LEVEL_0_DISTSIGMA,LEVEL_1_DISTSIGMA,LEVEL_2_DISTSIGMA,LEVEL_3_DISTSIGMA,ADC_0_COND_US,ADC_63_COND_US,LEVEL_0_0ADC_PPM,LEVEL_0_1ADC_PPM,LEVEL_0_2ADC_PPM,LEVEL_0_3ADC_PPM,LEVEL_0_4ADC_PPM,LEVEL_0_5ADC_PPM,LEVEL_0_6ADC_PPM,LEVEL_0_7ADC_PPM,LEVEL_0_8ADC_PPM,LEVEL_0_9ADC_PPM,LEVEL_0_10ADC_PPM,LEVEL_0_11ADC_PPM,LEVEL_0_12ADC_PPM,LEVEL_0_13ADC_PPM,LEVEL_0_14ADC_PPM,LEVEL_0_15ADC_PPM,LEVEL_0_16ADC_PPM,LEVEL_0_17ADC_PPM,LEVEL_0_18ADC_PPM,LEVEL_0_19ADC_PPM,LEVEL_0_20ADC_PPM,LEVEL_0_21ADC_PPM,LEVEL_0_22ADC_PPM,LEVEL_0_23ADC_PPM,LEVEL_0_24ADC_PPM,LEVEL_0_25ADC_PPM,LEVEL_0_26ADC_PPM,LEVEL_0_27ADC_PPM,LEVEL_0_28ADC_PPM,LEVEL_0_29ADC_PPM,LEVEL_0_30ADC_PPM,LEVEL_0_31ADC_PPM,LEVEL_0_32ADC_PPM,LEVEL_0_33ADC_PPM,LEVEL_0_34ADC_PPM,LEVEL_0_35ADC_PPM,LEVEL_0_36ADC_PPM,LEVEL_0_37ADC_PPM,LEVEL_0_38ADC_PPM,LEVEL_0_39ADC_PPM,LEVEL_0_40ADC_PPM,LEVEL_0_41ADC_PPM,LEVEL_0_42ADC_PPM,LEVEL_0_43ADC_PPM,LEVEL_0_44ADC_PPM,LEVEL_0_45ADC_PPM,LEVEL_0_46ADC_PPM,LEVEL_0_47ADC_PPM,LEVEL_0_48ADC_PPM,LEVEL_0_49ADC_PPM,LEVEL_0_50ADC_PPM,LEVEL_0_51ADC_PPM,LEVEL_0_52ADC_PPM,LEVEL_0_53ADC_PPM,LEVEL_0_54ADC_PPM,LEVEL_0_55ADC_PPM,LEVEL_0_56ADC_PPM,LEVEL_0_57ADC_PPM,LEVEL_0_58ADC_PPM,LEVEL_0_59ADC_PPM,LEVEL_0_60ADC_PPM,LEVEL_0_61ADC_PPM,LEVEL_0_62ADC_PPM,LEVEL_0_63ADC_PPM,LEVEL_1_0ADC_PPM,LEVEL_1_1ADC_PPM,LEVEL_1_2ADC_PPM,LEVEL_1_3ADC_PPM,LEVEL_1_4ADC_PPM,LEVEL_1_5ADC_PPM,LEVEL_1_6ADC_PPM,LEVEL_1_7ADC_PPM,LEVEL_1_8ADC_PPM,LEVEL_1_9ADC_PPM,LEVEL_1_10ADC_PPM,LEVEL_1_11ADC_PPM,LEVEL_1_12ADC_PPM,LEVEL_1_13ADC_PPM,LEVEL_1_14ADC_PPM,LEVEL_1_15ADC_PPM,LEVEL_1_16ADC_PPM,LEVEL_1_17ADC_PPM,LEVEL_1_18ADC_PPM,LEVEL_1_19ADC_PPM,LEVEL_1_20ADC_PPM,LEVEL_1_21ADC_PPM,LEVEL_1_22ADC_PPM,LEVEL_1_23ADC_PPM,LEVEL_1_24ADC_PPM,LEVEL_1_25ADC_PPM,LEVEL_1_26ADC_PPM,LEVEL_1_27ADC_PPM,LEVEL_1_28ADC_PPM,LEVEL_1_29ADC_PPM,LEVEL_1_30ADC_PPM,LEVEL_1_31ADC_PPM,LEVEL_1_32ADC_PPM,LEVEL_1_33ADC_PPM,LEVEL_1_34ADC_PPM,LEVEL_1_35ADC_PPM,LEVEL_1_36ADC_PPM,LEVEL_1_37ADC_PPM,LEVEL_1_38ADC_PPM,LEVEL_1_39ADC_PPM,LEVEL_1_40ADC_PPM,LEVEL_1_41ADC_PPM,LEVEL_1_42ADC_PPM,LEVEL_1_43ADC_PPM,LEVEL_1_44ADC_PPM,LEVEL_1_45ADC_PPM,LEVEL_1_46ADC_PPM,LEVEL_1_47ADC_PPM,LEVEL_1_48ADC_PPM,LEVEL_1_49ADC_PPM,LEVEL_1_50ADC_PPM,LEVEL_1_51ADC_PPM,LEVEL_1_52ADC_PPM,LEVEL_1_53ADC_PPM,LEVEL_1_54ADC_PPM,LEVEL_1_55ADC_PPM,LEVEL_1_56ADC_PPM,LEVEL_1_57ADC_PPM,LEVEL_1_58ADC_PPM,LEVEL_1_59ADC_PPM,LEVEL_1_60ADC_PPM,LEVEL_1_61ADC_PPM,LEVEL_1_62ADC_PPM,LEVEL_1_63ADC_PPM,LEVEL_2_0ADC_PPM,LEVEL_2_1ADC_PPM,LEVEL_2_2ADC_PPM,LEVEL_2_3ADC_PPM,LEVEL_2_4ADC_PPM,LEVEL_2_5ADC_PPM,LEVEL_2_6ADC_PPM,LEVEL_2_7ADC_PPM,LEVEL_2_8ADC_PPM,LEVEL_2_9ADC_PPM,LEVEL_2_10ADC_PPM,LEVEL_2_11ADC_PPM,LEVEL_2_12ADC_PPM,LEVEL_2_13ADC_PPM,LEVEL_2_14ADC_PPM,LEVEL_2_15ADC_PPM,LEVEL_2_16ADC_PPM,LEVEL_2_17ADC_PPM,LEVEL_2_18ADC_PPM,LEVEL_2_19ADC_PPM,LEVEL_2_20ADC_PPM,LEVEL_2_21ADC_PPM,LEVEL_2_22ADC_PPM,LEVEL_2_23ADC_PPM,LEVEL_2_24ADC_PPM,LEVEL_2_25ADC_PPM,LEVEL_2_26ADC_PPM,LEVEL_2_27ADC_PPM,LEVEL_2_28ADC_PPM,LEVEL_2_29ADC_PPM,LEVEL_2_30ADC_PPM,LEVEL_2_31ADC_PPM,LEVEL_2_32ADC_PPM,LEVEL_2_33ADC_PPM,LEVEL_2_34ADC_PPM,LEVEL_2_35ADC_PPM,LEVEL_2_36ADC_PPM,LEVEL_2_37ADC_PPM,LEVEL_2_38ADC_PPM,LEVEL_2_39ADC_PPM,LEVEL_2_40ADC_PPM,LEVEL_2_41ADC_PPM,LEVEL_2_42ADC_PPM,LEVEL_2_43ADC_PPM,LEVEL_2_44ADC_PPM,LEVEL_2_45ADC_PPM,LEVEL_2_46ADC_PPM,LEVEL_2_47ADC_PPM,LEVEL_2_48ADC_PPM,LEVEL_2_49ADC_PPM,LEVEL_2_50ADC_PPM,LEVEL_2_51ADC_PPM,LEVEL_2_52ADC_PPM,LEVEL_2_53ADC_PPM,LEVEL_2_54ADC_PPM,LEVEL_2_55ADC_PPM,LEVEL_2_56ADC_PPM,LEVEL_2_57ADC_PPM,LEVEL_2_58ADC_PPM,LEVEL_2_59ADC_PPM,LEVEL_2_60ADC_PPM,LEVEL_2_61ADC_PPM,LEVEL_2_62ADC_PPM,LEVEL_2_63ADC_PPM,LEVEL_3_0ADC_PPM,LEVEL_3_1ADC_PPM,LEVEL_3_2ADC_PPM,LEVEL_3_3ADC_PPM,LEVEL_3_4ADC_PPM,LEVEL_3_5ADC_PPM,LEVEL_3_6ADC_PPM,LEVEL_3_7ADC_PPM,LEVEL_3_8ADC_PPM,LEVEL_3_9ADC_PPM,LEVEL_3_10ADC_PPM,LEVEL_3_11ADC_PPM,LEVEL_3_12ADC_PPM,LEVEL_3_13ADC_PPM,LEVEL_3_14ADC_PPM,LEVEL_3_15ADC_PPM,LEVEL_3_16ADC_PPM,LEVEL_3_17ADC_PPM,LEVEL_3_18ADC_PPM,LEVEL_3_19ADC_PPM,LEVEL_3_20ADC_PPM,LEVEL_3_21ADC_PPM,LEVEL_3_22ADC_PPM,LEVEL_3_23ADC_PPM,LEVEL_3_24ADC_PPM,LEVEL_3_25ADC_PPM,LEVEL_3_26ADC_PPM,LEVEL_3_27ADC_PPM,LEVEL_3_28ADC_PPM,LEVEL_3_29ADC_PPM,LEVEL_3_30ADC_PPM,LEVEL_3_31ADC_PPM,LEVEL_3_32ADC_PPM,LEVEL_3_33ADC_PPM,LEVEL_3_34ADC_PPM,LEVEL_3_35ADC_PPM,LEVEL_3_36ADC_PPM,LEVEL_3_37ADC_PPM,LEVEL_3_38ADC_PPM,LEVEL_3_39ADC_PPM,LEVEL_3_40ADC_PPM,LEVEL_3_41ADC_PPM,LEVEL_3_42ADC_PPM,LEVEL_3_43ADC_PPM,LEVEL_3_44ADC_PPM,LEVEL_3_45ADC_PPM,LEVEL_3_46ADC_PPM,LEVEL_3_47ADC_PPM,LEVEL_3_48ADC_PPM,LEVEL_3_49ADC_PPM,LEVEL_3_50ADC_PPM,LEVEL_3_51ADC_PPM,LEVEL_3_52ADC_PPM,LEVEL_3_53ADC_PPM,LEVEL_3_54ADC_PPM,LEVEL_3_55ADC_PPM,LEVEL_3_56ADC_PPM,LEVEL_3_57ADC_PPM,LEVEL_3_58ADC_PPM,LEVEL_3_59ADC_PPM,LEVEL_3_60ADC_PPM,LEVEL_3_61ADC_PPM,LEVEL_3_62ADC_PPM,LEVEL_3_63ADC_PPM
FLINT,MAGNUM03,F,na,na,na,na,2025_03_11-15_02_56,na,5,0,Yes,1,na,0.0,0.0,48.22763443453082,13.0,53.5,0.0,,,,0.0,0.0,48.22763443453082,13.0,53.5,0.0,41.0,21.0,1.0,38.0,16.0,0.0,34.0,12.0,0.0,32.0,9.0,0.0,30.0,7.0,0.0,22.0,3.0,0.0,26.0,5.0,0.0,0.0,41.0,41.0,62.0,62.0,63.0,0.0,38.0,44.0,60.0,63.0,63.0,0.0,34.0,46.0,58.0,63.0,63.0,0.0,32.0,48.0,57.0,63.0,63.0,0.0,30.0,49.0,56.0,63.0,63.0,3.0,25.0,51.0,54.0,63.0,63.0,1.0,27.0,50.0,55.0,63.0,63.0,5.0,0.0,53.0,21.0,63.0,54.0,63.0,0.0,0.060923339898803594,3.104453847502373,1.4642703750061106,0.6186885949313036,30.0,160.0,999469.4960212201,999662.4065589582,999807.0894622619,1000000.0,1000000.0,1000000.0,1000000.0,1000000.0,1000000.0,1000000.0,1000000.0,1000000.0,1000000.0,1000000.0,1000000.0,1000000.0,1000000.0,1000000.0,1000000.0,1000000.0,1000000.0,1000000.0,1000000.0,1000000.0,1000000.0,1000000.0,1000000.0,1000000.0,1000000.0,1000000.0,1000000.0,1000000.0,1000000.0,1000000.0,1000000.0,1000000.0,1000000.0,1000000.0,1000000.0,1000000.0,1000000.0,1000000.0,1000000.0,1000000.0,1000000.0,1000000.0,1000000.0,1000000.0,1000000.0,1000000.0,1000000.0,1000000.0,1000000.0,1000000.0,1000000.0,1000000.0,1000000.0,1000000.0,1000000.0,1000000.0,1000000.0,1000000.0,1000000.0,1000000.0,0.0,0.0,0.0,0.0,0.0,0.0,0.0,0.0,0.0,0.0,0.0,0.0,0.0,0.0,0.0,0.0,0.0,0.0,0.0,0.0,0.0,48.22763443453082,96.4552688690621,96.4552688690621,192.91053773812425,241.13817217265407,434.04870991077877,578.7316132143711,819.8697853870253,1205.690860863273,2652.5198938992025,3375.934410417169,9549.071618037116,15432.843019049933,28598.987219676885,43646.009163250514,79720.27972027972,122594.64673257775,205690.86086327466,279382.686279238,422377.62237762235,537062.9370629371,684253.6773571256,768217.9889076441,884253.6773571254,941499.8794309138,980612.4909573185,990643.8389197009,997395.7077405354,999131.9025801783,999614.1789245236,1000000.0,1000000.0,1000000.0,1000000.0,1000000.0,1000000.0,1000000.0,1000000.0,1000000.0,1000000.0,1000000.0,1000000.0,1000000.0,0.0,0.0,0.0,0.0,0.0,0.0,0.0,0.0,0.0,0.0,0.0,0.0,0.0,0.0,0.0,0.0,0.0,0.0,0.0,0.0,0.0,0.0,0.0,0.0,0.0,0.0,0.0,0.0,0.0,0.0,0.0,0.0,0.0,0.0,0.0,0.0,0.0,0.0,0.0,0.0,0.0,0.0,0.0,0.0,0.0,0.0,0.0,0.0,0.0,0.0,0.0,0.0,0.0,0.0,241.13817217265407,626.959247648901,2845.4304316373314,8777.42946708464,38919.70098866653,82903.30359295872,242633.22884012535,409211.4781769953,629370.6293706293,1000000.0,96.4552688690621,96.4552688690621,96.4552688690621,96.4552688690621,96.4552688690621,96.4552688690621,96.4552688690621,96.4552688690621,96.4552688690621,96.4552688690621,96.4552688690621,96.4552688690621,96.4552688690621,96.4552688690621,96.4552688690621,96.4552688690621,96.4552688690621,96.4552688690621,96.4552688690621,96.4552688690621,96.4552688690621,96.4552688690621,96.4552688690621,96.4552688690621,96.4552688690621,96.4552688690621,96.4552688690621,96.4552688690621,96.4552688690621,96.4552688690621,96.4552688690621,96.4552688690621,96.4552688690621,96.4552688690621,96.4552688690621,96.4552688690621,96.4552688690621,96.4552688690621,96.4552688690621,96.4552688690621,96.4552688690621,96.4552688690621,96.4552688690621,96.4552688690621,96.4552688690621,96.4552688690621,96.4552688690621,96.4552688690621,96.4552688690621,96.4552688690621,96.4552688690621,96.4552688690621,96.4552688690621,96.4552688690621,96.4552688690621,96.4552688690621,96.4552688690621,96.4552688690621,96.4552688690621,96.4552688690621,96.4552688690621,96.4552688690621,96.4552688690621,1000000.0
FLINT,MAGNUM03,F,na,na,na,na,2025_03_11-15_02_56,na,5,1,Yes,1,na,0.0,626.959247648901,664866.1683144443,15.5,52.5,62.0,,,,0.0,964.5526886906539,664866.1683144443,15.5,52.5,62.0,41.0,21.0,1.0,38.0,16.0,0.0,33.0,10.0,0.0,29.0,8.0,0.0,24.0,4.0,0.0,17.0,-9.0,0.0,20.0,1.0,0.0,0.0,41.0,41.0,62.0,62.0,63.0,0.0,38.0,44.0,60.0,63.0,63.0,0.0,33.0,47.0,57.0,63.0,63.0,3.0,32.0,48.0,56.0,63.0,63.0,5.0,29.0,50.0,54.0,63.0,63.0,8.0,25.0,62.0,53.0,63.0,63.0,6.0,26.0,52.0,53.0,63.0,63.0,9.0,0.0,63.0,22.0,63.0,50.0,63.0,63.0,0.3836754608294334,3.4078664001277486,1.6624903797270207,0.0,30.0,160.0,987846.6361224981,990499.1560163974,993585.7246202073,995129.0089221123,997685.0735471424,999180.1302146129,999662.4065589582,999758.8618278273,1000000.0,1000000.0,1000000.0,1000000.0,1000000.0,1000000.0,1000000.0,1000000.0,1000000.0,1000000.0,1000000.0,1000000.0,1000000.0,1000000.0,1000000.0,1000000.0,1000000.0,1000000.0,1000000.0,1000000.0,1000000.0,1000000.0,1000000.0,1000000.0,1000000.0,1000000.0,1000000.0,1000000.0,1000000.0,1000000.0,1000000.0,1000000.0,1000000.0,1000000.0,1000000.0,1000000.0,1000000.0,1000000.0,1000000.0,1000000.0,1000000.0,1000000.0,1000000.0,1000000.0,1000000.0,1000000.0,1000000.0,1000000.0,1000000.0,1000000.0,1000000.0,1000000.0,1000000.0,1000000.0,1000000.0,1000000.0,0.0,0.0,0.0,0.0,0.0,0.0,0.0,0.0,0.0,0.0,0.0,0.0,0.0,0.0,0.0,0.0,0.0,0.0,0.0,0.0,0.0,0.0,48.22763443453082,48.22763443453082,144.68290330359284,241.13817217265407,578.7316132143711,675.1868820834334,1205.690860863273,1736.1948396431121,3858.2107547624714,4967.446346756688,13937.786351579458,23245.719797443904,42826.139377863445,58355.43766578245,103496.50349650347,155775.25922353507,246105.6185194116,311695.20135037374,446780.805401495,555437.6657824933,694719.0740294188,768893.1757897275,869399.5659512902,926645.7680250783,968989.6310585964,981142.9949360983,993875.0904268145,997443.9353749697,999180.1302146129,999517.7236556546,999565.9512900892,999710.6341933928,999807.0894622619,999807.0894622619,999807.0894622619,999807.0894622619,999855.3170966964,999855.3170966964,999855.3170966964,999855.3170966964,999903.5447311308,1000000.0,0.0,0.0,0.0,0.0,0.0,0.0,0.0,0.0,0.0,0.0,0.0,0.0,0.0,0.0,0.0,0.0,0.0,0.0,0.0,0.0,0.0,0.0,0.0,0.0,0.0,0.0,0.0,0.0,0.0,0.0,0.0,0.0,0.0,0.0,0.0,0.0,0.0,0.0,0.0,0.0,0.0,0.0,0.0,0.0,0.0,0.0,0.0,0.0,0.0,0.0,96.4552688690621,192.91053773812425,192.91053773812425,675.1868820834334,1832.650108512174,3954.6660236315374,10610.079575596808,24789.004099348924,63081.74584036649,100072.34145165172,214516.51796479378,335133.83168555575,520713.7689896311,1000000.0,0.0,0.0,0.0,0.0,0.0,0.0,0.0,0.0,0.0,0.0,0.0,0.0,0.0,0.0,0.0,0.0,0.0,0.0,0.0,0.0,0.0,0.0,0.0,0.0,0.0,0.0,0.0,0.0,0.0,0.0,0.0,0.0,0.0,0.0,0.0,0.0,0.0,0.0,0.0,0.0,0.0,0.0,0.0,0.0,0.0,0.0,0.0,0.0,0.0,0.0,0.0,0.0,0.0,0.0,0.0,0.0,0.0,0.0,0.0,0.0,0.0,0.0,0.0,1000000.0
FLINT,MAGNUM03,F,na,na,na,na,2025_03_11-15_02_56,na,5,2,Yes,1,na,0.0,482.27634434531,96.4552688690621,15.5,51.0,0.0,,,,0.0,723.4145165180598,96.4552688690621,15.5,51.0,0.0,40.0,21.0,2.0,37.0,16.0,0.0,31.0,10.0,0.0,27.0,7.0,0.0,22.0,4.0,0.0,18.0,-2.0,0.0,20.0,2.0,0.0,0.0,40.0,40.0,61.0,61.0,63.0,0.0,37.0,43.0,59.0,63.0,63.0,2.0,33.0,46.0,56.0,63.0,63.0,4.0,31.0,48.0,55.0,63.0,63.0,6.0,28.0,49.0,53.0,63.0,63.0,8.0,26.0,53.0,51.0,63.0,63.0,7.0,27.0,50.0,52.0,63.0,63.0,9.0,0.0,58.0,22.0,63.0,49.0,63.0,0.0,0.6043705716528047,3.337414959860748,2.0113923833309455,0.7577174106292265,30.0,160.0,956595.129008922,969086.0863274656,982396.9134313961,988087.7742946708,995611.2852664576,998553.1709669641,999517.7236556546,999758.8618278273,999951.7723655654,1000000.0,1000000.0,1000000.0,1000000.0,1000000.0,1000000.0,1000000.0,1000000.0,1000000.0,1000000.0,1000000.0,1000000.0,1000000.0,1000000.0,1000000.0,1000000.0,1000000.0,1000000.0,1000000.0,1000000.0,1000000.0,1000000.0,1000000.0,1000000.0,1000000.0,1000000.0,1000000.0,1000000.0,1000000.0,1000000.0,1000000.0,1000000.0,1000000.0,1000000.0,1000000.0,1000000.0,1000000.0,1000000.0,1000000.0,1000000.0,1000000.0,1000000.0,1000000.0,1000000.0,1000000.0,1000000.0,1000000.0,1000000.0,1000000.0,1000000.0,1000000.0,1000000.0,1000000.0,1000000.0,1000000.0,0.0,0.0,0.0,0.0,0.0,0.0,0.0,0.0,0.0,0.0,0.0,0.0,0.0,0.0,0.0,0.0,0.0,0.0,0.0,0.0,0.0,0.0,48.22763443453082,48.22763443453082,96.4552688690621,192.91053773812425,385.82107547624787,868.0974198215577,1543.2843019049903,3086.56860380998,5594.405594405593,6607.1859175307445,21027.248613455497,34482.75862068963,61827.82734506874,86906.19725102489,147238.96792862317,218664.09452616354,327513.8654448999,416879.6720520858,549071.6180371352,661538.4615384615,781769.9541837473,854593.6821798892,926211.7193151675,963829.2741741017,986544.4899927658,992380.033759344,997443.9353749697,998987.2196768748,999758.8618278273,999855.3170966964,999855.3170966964,999903.5447311308,999903.5447311308,999903.5447311308,999951.7723655654,999951.7723655654,1000000.0,1000000.0,1000000.0,1000000.0,1000000.0,1000000.0,0.0,0.0,0.0,0.0,0.0,0.0,0.0,0.0,0.0,0.0,0.0,0.0,0.0,0.0,0.0,0.0,0.0,0.0,0.0,0.0,0.0,0.0,0.0,0.0,0.0,0.0,0.0,0.0,0.0,0.0,0.0,0.0,0.0,0.0,0.0,0.0,0.0,0.0,0.0,0.0,0.0,0.0,0.0,0.0,0.0,0.0,0.0,0.0,0.0,48.22763443453082,192.91053773812425,530.5039787798403,964.5526886906189,2266.6988184229576,5353.267422232942,11622.859898721968,29997.588618278234,66650.59078852183,149119.84567156978,236749.45743911256,402748.97516276827,556161.0802990113,738654.4489992766,1000000.0,144.68290330359284,144.68290330359284,144.68290330359284,144.68290330359284,144.68290330359284,144.68290330359284,144.68290330359284,144.68290330359284,144.68290330359284,144.68290330359284,144.68290330359284,144.68290330359284,144.68290330359284,144.68290330359284,144.68290330359284,144.68290330359284,144.68290330359284,144.68290330359284,144.68290330359284,144.68290330359284,144.68290330359284,144.68290330359284,144.68290330359284,144.68290330359284,144.68290330359284,144.68290330359284,144.68290330359284,144.68290330359284,144.68290330359284,144.68290330359284,144.68290330359284,144.68290330359284,144.68290330359284,144.68290330359284,144.68290330359284,144.68290330359284,144.68290330359284,144.68290330359284,144.68290330359284,144.68290330359284,144.68290330359284,144.68290330359284,144.68290330359284,144.68290330359284,144.68290330359284,144.68290330359284,144.68290330359284,144.68290330359284,144.68290330359284,144.68290330359284,144.68290330359284,144.68290330359284,144.68290330359284,144.68290330359284,144.68290330359284,144.68290330359284,144.68290330359284,144.68290330359284,144.68290330359284,144.68290330359284,144.68290330359284,144.68290330359284,144.68290330359284,1000000.0
FLINT,MAGNUM03,F,na,na,na,na,2025_03_11-15_02_56,na,5,3,Yes,1,na,0.0,434.0487099108167,0.0,16.0,50.0,0.0,,,,0.0,578.7316132144095,0.0,16.0,50.0,0.0,41.0,20.0,2.0,38.0,15.0,0.0,34.0,11.0,0.0,29.0,9.0,0.0,26.0,5.0,0.0,19.0,0.0,0.0,24.0,3.0,0.0,0.0,41.0,41.0,61.0,61.0,63.0,0.0,38.0,44.0,59.0,63.0,63.0,0.0,34.0,46.0,57.0,63.0,63.0,3.0,32.0,47.0,56.0,63.0,63.0,5.0,31.0,49.0,54.0,63.0,63.0,8.0,27.0,52.0,52.0,63.0,63.0,6.0,30.0,49.0,52.0,63.0,63.0,8.0,0.0,62.0,24.0,63.0,47.0,63.0,0.0,0.43003192935060774,3.0051397401824924,1.7967358472529584,0.4374894505865458,30.0,160.0,978490.4750421991,984856.5227875572,991463.7087050879,993923.318061249,998263.8051603568,998987.2196768748,999710.6341933928,999855.3170966964,1000000.0,1000000.0,1000000.0,1000000.0,1000000.0,1000000.0,1000000.0,1000000.0,1000000.0,1000000.0,1000000.0,1000000.0,1000000.0,1000000.0,1000000.0,1000000.0,1000000.0,1000000.0,1000000.0,1000000.0,1000000.0,1000000.0,1000000.0,1000000.0,1000000.0,1000000.0,1000000.0,1000000.0,1000000.0,1000000.0,1000000.0,1000000.0,1000000.0,1000000.0,1000000.0,1000000.0,1000000.0,1000000.0,1000000.0,1000000.0,1000000.0,1000000.0,1000000.0,1000000.0,1000000.0,1000000.0,1000000.0,1000000.0,1000000.0,1000000.0,1000000.0,1000000.0,1000000.0,1000000.0,1000000.0,1000000.0,0.0,0.0,0.0,0.0,0.0,0.0,0.0,0.0,0.0,0.0,0.0,0.0,0.0,0.0,0.0,0.0,0.0,0.0,0.0,0.0,0.0,0.0,0.0,0.0,48.22763443453082,96.4552688690621,144.68290330359284,241.13817217265407,289.36580660718624,482.27634434531,1205.690860863273,1736.1948396431121,8632.74656378105,16156.257535567875,31589.100554617777,45768.025078369894,91536.05015673982,146370.87050880154,249385.09766095973,329491.19845671573,485266.4576802508,599710.6341933928,746660.2363154087,821943.5736677115,918109.4767301664,960598.0226669881,988473.595370147,994116.2285989872,998504.9433325295,999565.9512900892,999758.8618278273,999758.8618278273,999903.5447311308,999903.5447311308,999903.5447311308,999903.5447311308,999951.7723655654,999951.7723655654,1000000.0,1000000.0,1000000.0,1000000.0,1000000.0,1000000.0,0.0,0.0,0.0,0.0,0.0,0.0,0.0,0.0,0.0,0.0,0.0,0.0,0.0,0.0,0.0,0.0,0.0,0.0,0.0,0.0,0.0,0.0,0.0,0.0,0.0,0.0,0.0,0.0,0.0,0.0,0.0,0.0,0.0,0.0,0.0,0.0,0.0,0.0,0.0,0.0,0.0,0.0,0.0,0.0,0.0,0.0,0.0,48.22763443453082,96.4552688690621,144.68290330359284,192.91053773812425,192.91053773812425,626.959247648901,868.0974198215577,2266.6988184229576,4533.397636845913,15191.704846877255,36074.27055702915,104798.64962623581,181094.76730166384,375210.99590065103,532529.5394260911,729491.1984567156,1000000.0,48.22763443453082,48.22763443453082,48.22763443453082,48.22763443453082,48.22763443453082,48.22763443453082,48.22763443453082,48.22763443453082,48.22763443453082,48.22763443453082,48.22763443453082,48.22763443453082,48.22763443453082,48.22763443453082,48.22763443453082,48.22763443453082,48.22763443453082,48.22763443453082,48.22763443453082,48.22763443453082,48.22763443453082,48.22763443453082,48.22763443453082,48.22763443453082,48.22763443453082,48.22763443453082,48.22763443453082,48.22763443453082,48.22763443453082,48.22763443453082,48.22763443453082,48.22763443453082,48.22763443453082,48.22763443453082,48.22763443453082,48.22763443453082,48.22763443453082,48.22763443453082,48.22763443453082,48.22763443453082,48.22763443453082,48.22763443453082,48.22763443453082,48.22763443453082,48.22763443453082,48.22763443453082,48.22763443453082,48.22763443453082,48.22763443453082,48.22763443453082,48.22763443453082,48.22763443453082,48.22763443453082,48.22763443453082,48.22763443453082,48.22763443453082,48.22763443453082,48.22763443453082,48.22763443453082,48.22763443453082,48.22763443453082,48.22763443453082,48.22763443453082,1000000.0
FLINT,MAGNUM03,F,na,na,na,na,2025_03_11-15_02_56,na,5,4,Yes,1,na,0.0,482.27634434531,201832.65010851232,16.0,49.0,62.0,,,,0.0,626.9592476489152,202122.0159151195,16.0,49.0,62.0,40.0,20.0,3.0,37.0,16.0,1.0,34.0,11.0,0.0,30.0,8.0,0.0,26.0,5.0,0.0,23.0,-3.0,-1.0,24.0,2.0,0.0,0.0,40.0,40.0,60.0,60.0,63.0,0.0,37.0,42.0,58.0,62.0,63.0,0.0,34.0,45.0,56.0,63.0,63.0,2.0,32.0,46.0,54.0,63.0,63.0,4.0,30.0,47.0,52.0,63.0,63.0,5.0,28.0,49.0,46.0,63.0,62.0,5.0,29.0,48.0,50.0,63.0,63.0,6.0,0.0,54.0,26.0,63.0,37.0,63.0,61.0,0.3246300254088751,2.788575596516769,1.9714735636912868,0.02503478843996482,30.0,160.0,981094.7673016638,988039.5466602363,994502.0496744635,997588.6182782734,999324.8131179166,1000000.0,1000000.0,1000000.0,1000000.0,1000000.0,1000000.0,1000000.0,1000000.0,1000000.0,1000000.0,1000000.0,1000000.0,1000000.0,1000000.0,1000000.0,1000000.0,1000000.0,1000000.0,1000000.0,1000000.0,1000000.0,1000000.0,1000000.0,1000000.0,1000000.0,1000000.0,1000000.0,1000000.0,1000000.0,1000000.0,1000000.0,1000000.0,1000000.0,1000000.0,1000000.0,1000000.0,1000000.0,1000000.0,1000000.0,1000000.0,1000000.0,1000000.0,1000000.0,1000000.0,1000000.0,1000000.0,1000000.0,1000000.0,1000000.0,1000000.0,1000000.0,1000000.0,1000000.0,1000000.0,1000000.0,1000000.0,1000000.0,1000000.0,1000000.0,0.0,0.0,0.0,0.0,0.0,0.0,0.0,0.0,0.0,0.0,0.0,0.0,0.0,0.0,0.0,0.0,0.0,0.0,0.0,0.0,0.0,0.0,0.0,0.0,0.0,0.0,48.22763443453082,96.4552688690621,385.82107547624787,626.959247648901,1832.650108512174,2797.202797202796,10561.851941162287,20352.061731372072,44707.017120810226,75862.06896551725,145695.6836267182,230962.14130696884,375259.22353508556,487484.9288642392,641041.7169037858,757077.4053532674,874897.5162768266,928864.2392090668,973860.6221364841,990450.9283819628,998167.3498914879,999469.4960212201,999855.3170966964,999951.7723655654,1000000.0,1000000.0,1000000.0,1000000.0,1000000.0,1000000.0,1000000.0,1000000.0,1000000.0,1000000.0,1000000.0,1000000.0,1000000.0,1000000.0,0.0,0.0,0.0,0.0,0.0,0.0,0.0,0.0,0.0,0.0,0.0,0.0,0.0,0.0,0.0,0.0,0.0,0.0,0.0,0.0,0.0,0.0,0.0,0.0,0.0,0.0,0.0,0.0,0.0,0.0,0.0,0.0,0.0,0.0,0.0,0.0,0.0,48.22763443453082,48.22763443453082,48.22763443453082,96.4552688690621,96.4552688690621,144.68290330359284,144.68290330359284,192.91053773812425,192.91053773812425,289.36580660718624,337.59344104171646,434.04870991077877,530.5039787798403,675.1868820834334,868.0974198215577,1543.2843019049903,2411.3817217265464,6317.820110923553,15384.615384615381,49288.642392090645,118591.7530745117,287726.0670364118,437183.50614902336,661827.8273450687,798167.3498914876,914010.1278032314,1000000.0,0.0,0.0,0.0,0.0,0.0,0.0,0.0,0.0,0.0,0.0,0.0,0.0,0.0,0.0,0.0,0.0,0.0,0.0,0.0,0.0,0.0,0.0,0.0,0.0,0.0,0.0,0.0,0.0,0.0,0.0,0.0,0.0,0.0,0.0,0.0,0.0,0.0,0.0,0.0,0.0,0.0,0.0,0.0,0.0,0.0,0.0,0.0,0.0,0.0,0.0,0.0,0.0,0.0,0.0,0.0,0.0,0.0,0.0,0.0,0.0,0.0,96.4552688690621,337.59344104171646,1000000.0
FLINT,MAGNUM03,F,na,na,na,na,2025_03_11-15_02_56,na,5,5,Yes,1,na,0.0,144.68290330359284,96.4552688690621,18.0,51.0,0.0,,,,0.0,144.68290330359284,96.4552688690621,18.0,51.0,0.0,41.0,20.0,2.0,38.0,15.0,0.0,33.0,11.0,0.0,29.0,8.0,0.0,25.0,5.0,0.0,21.0,2.0,0.0,23.0,4.0,0.0,0.0,41.0,41.0,61.0,61.0,63.0,0.0,38.0,44.0,59.0,63.0,63.0,1.0,34.0,46.0,57.0,63.0,63.0,3.0,32.0,48.0,56.0,63.0,63.0,5.0,30.0,49.0,54.0,63.0,63.0,7.0,28.0,50.0,52.0,63.0,63.0,6.0,29.0,50.0,54.0,63.0,63.0,8.0,0.0,57.0,28.0,63.0,42.0,63.0,0.0,0.45219019133016036,3.0087877457343466,1.7687289131093245,0.7580020078441397,30.0,160.0,972413.7931034482,981287.677839402,989823.9691343139,993875.0904268145,998022.6669881842,999276.585483482,999807.0894622619,1000000.0,1000000.0,1000000.0,1000000.0,1000000.0,1000000.0,1000000.0,1000000.0,1000000.0,1000000.0,1000000.0,1000000.0,1000000.0,1000000.0,1000000.0,1000000.0,1000000.0,1000000.0,1000000.0,1000000.0,1000000.0,1000000.0,1000000.0,1000000.0,1000000.0,1000000.0,1000000.0,1000000.0,1000000.0,1000000.0,1000000.0,1000000.0,1000000.0,1000000.0,1000000.0,1000000.0,1000000.0,1000000.0,1000000.0,1000000.0,1000000.0,1000000.0,1000000.0,1000000.0,1000000.0,1000000.0,1000000.0,1000000.0,1000000.0,1000000.0,1000000.0,1000000.0,1000000.0,1000000.0,1000000.0,1000000.0,1000000.0,0.0,0.0,0.0,0.0,0.0,0.0,0.0,0.0,0.0,0.0,0.0,0.0,0.0,0.0,0.0,0.0,0.0,0.0,0.0,0.0,0.0,0.0,0.0,0.0,0.0,0.0,0.0,0.0,289.36580660718624,771.6421509524955,1736.1948396431121,2507.836990595609,8150.470219435744,14612.973233662888,28598.987219676885,46298.52905714971,88353.02628406072,143766.57824933692,246684.35013262602,333783.45792138885,479286.2310103689,599614.1789245238,741933.9281408247,822040.0289365805,913768.9896310585,956402.2184711839,985435.2544007716,993826.8627923799,998215.5775259222,999324.8131179166,999951.7723655654,999951.7723655654,1000000.0,1000000.0,1000000.0,1000000.0,1000000.0,1000000.0,1000000.0,1000000.0,1000000.0,1000000.0,1000000.0,1000000.0,0.0,0.0,0.0,0.0,0.0,0.0,0.0,0.0,0.0,0.0,0.0,0.0,0.0,0.0,0.0,0.0,0.0,0.0,0.0,0.0,0.0,0.0,0.0,0.0,0.0,0.0,0.0,0.0,0.0,0.0,0.0,0.0,0.0,0.0,0.0,0.0,0.0,0.0,0.0,0.0,0.0,0.0,48.22763443453082,48.22763443453082,48.22763443453082,48.22763443453082,48.22763443453082,48.22763443453082,48.22763443453082,96.4552688690621,144.68290330359284,192.91053773812425,337.59344104171646,530.5039787798403,1591.5119363395213,3424.1620448516924,13117.916566192442,34048.70991077888,97516.27682662162,174584.03665300214,355485.8934169279,522112.37038823246,719411.6228598988,1000000.0,144.68290330359284,144.68290330359284,144.68290330359284,144.68290330359284,144.68290330359284,144.68290330359284,144.68290330359284,144.68290330359284,144.68290330359284,144.68290330359284,144.68290330359284,144.68290330359284,144.68290330359284,144.68290330359284,144.68290330359284,144.68290330359284,144.68290330359284,144.68290330359284,144.68290330359284,144.68290330359284,144.68290330359284,144.68290330359284,144.68290330359284,144.68290330359284,144.68290330359284,144.68290330359284,144.68290330359284,144.68290330359284,144.68290330359284,144.68290330359284,144.68290330359284,144.68290330359284,144.68290330359284,144.68290330359284,144.68290330359284,144.68290330359284,144.68290330359284,144.68290330359284,144.68290330359284,144.68290330359284,144.68290330359284,144.68290330359284,144.68290330359284,144.68290330359284,144.68290330359284,144.68290330359284,144.68290330359284,144.68290330359284,144.68290330359284,144.68290330359284,144.68290330359284,144.68290330359284,144.68290330359284,144.68290330359284,144.68290330359284,144.68290330359284,144.68290330359284,144.68290330359284,144.68290330359284,144.68290330359284,192.91053773812425,192.91053773812425,192.91053773812425,1000000.0
FLINT,MAGNUM03,F,na,na,na,na,2025_03_11-15_02_56,na,5,6,Yes,1,na,0.0,385.8210754763569,280009.64552688686,16.0,50.0,62.0,,,,0.0,723.4145165179899,280057.8731613214,16.0,50.0,62.0,40.0,20.0,3.0,37.0,16.0,1.0,33.0,11.0,0.0,28.0,9.0,0.0,25.0,5.0,0.0,22.0,-6.0,0.0,23.0,3.0,0.0,0.0,40.0,40.0,60.0,60.0,63.0,0.0,37.0,42.0,58.0,62.0,63.0,1.0,34.0,45.0,56.0,63.0,63.0,4.0,32.0,46.0,55.0,63.0,63.0,5.0,30.0,48.0,53.0,63.0,63.0,6.0,28.0,55.0,49.0,63.0,63.0,6.0,29.0,49.0,52.0,63.0,63.0,8.0,0.0,58.0,24.0,63.0,45.0,63.0,61.0,0.4638212384752458,2.9277114328472207,1.9778492489591601,0.015527575859944588,30.0,160.0,968844.948155293,980033.7593441041,989341.6927899687,993489.2693513383,997926.211719315,999276.585483482,999951.7723655654,1000000.0,1000000.0,1000000.0,1000000.0,1000000.0,1000000.0,1000000.0,1000000.0,1000000.0,1000000.0,1000000.0,1000000.0,1000000.0,1000000.0,1000000.0,1000000.0,1000000.0,1000000.0,1000000.0,1000000.0,1000000.0,1000000.0,1000000.0,1000000.0,1000000.0,1000000.0,1000000.0,1000000.0,1000000.0,1000000.0,1000000.0,1000000.0,1000000.0,1000000.0,1000000.0,1000000.0,1000000.0,1000000.0,1000000.0,1000000.0,1000000.0,1000000.0,1000000.0,1000000.0,1000000.0,1000000.0,1000000.0,1000000.0,1000000.0,1000000.0,1000000.0,1000000.0,1000000.0,1000000.0,1000000.0,1000000.0,1000000.0,0.0,0.0,0.0,0.0,0.0,0.0,0.0,0.0,0.0,0.0,0.0,0.0,0.0,0.0,0.0,0.0,0.0,0.0,0.0,0.0,0.0,0.0,0.0,0.0,48.22763443453082,192.91053773812425,192.91053773812425,192.91053773812425,530.5039787798403,1157.4632264287443,2411.3817217265464,3424.1620448516924,12490.957318543524,22377.6223776224,48082.95153122741,74559.92283578494,143091.39136725353,218471.18398842536,348058.8377140101,440945.26163491677,600385.8210754762,717530.7451169521,846587.8948637568,906052.5681215336,965854.834820352,986351.5794550277,996286.472148541,998456.7156980949,999276.585483482,999614.1789245236,999710.6341933928,999758.8618278273,999807.0894622619,999807.0894622619,999807.0894622619,999951.7723655654,999951.7723655654,1000000.0,1000000.0,1000000.0,1000000.0,1000000.0,1000000.0,1000000.0,0.0,0.0,0.0,0.0,0.0,0.0,0.0,0.0,0.0,0.0,0.0,0.0,0.0,0.0,0.0,0.0,0.0,0.0,0.0,0.0,0.0,0.0,0.0,0.0,0.0,0.0,0.0,0.0,0.0,0.0,0.0,0.0,0.0,0.0,0.0,0.0,0.0,0.0,0.0,0.0,0.0,0.0,0.0,0.0,0.0,48.22763443453082,144.68290330359284,192.91053773812425,192.91053773812425,337.59344104171646,434.04870991077877,482.27634434531,1012.7803231251486,1880.8777429467057,5305.039787798405,11622.859898721968,39932.48131179166,91102.00144682906,226332.28840125384,348589.34169278987,574535.8090185676,719990.3544731132,869061.9725102482,1000000.0,0.0,0.0,0.0,0.0,0.0,0.0,0.0,0.0,0.0,0.0,0.0,0.0,0.0,0.0,0.0,0.0,0.0,0.0,0.0,0.0,0.0,0.0,0.0,0.0,0.0,0.0,0.0,0.0,0.0,0.0,0.0,0.0,0.0,0.0,0.0,0.0,0.0,0.0,0.0,0.0,0.0,0.0,0.0,0.0,0.0,0.0,0.0,0.0,0.0,0.0,0.0,0.0,0.0,0.0,0.0,0.0,0.0,0.0,0.0,0.0,0.0,48.22763443453082,96.4552688690621,1000000.0
FLINT,MAGNUM03,F,na,na,na,na,2025_03_11-15_02_56,na,5,7,Yes,1,na,0.0,0.0,27248.613455510123,15.5,0.0,62.0,,,,0.0,0.0,29467.084639498553,15.5,0.0,62.0,38.0,20.0,5.0,36.0,15.0,3.0,33.0,11.0,1.0,32.0,9.0,0.0,29.0,3.0,-1.0,27.0,-6.0,-3.0,28.0,-1.0,-1.0,0.0,38.0,38.0,58.0,58.0,63.0,0.0,36.0,41.0,56.0,60.0,63.0,0.0,33.0,43.0,54.0,62.0,63.0,0.0,32.0,44.0,53.0,63.0,63.0,1.0,30.0,45.0,48.0,63.0,62.0,2.0,29.0,46.0,40.0,63.0,60.0,2.0,30.0,46.0,45.0,63.0,62.0,4.0,0.0,47.0,27.0,63.0,0.0,63.0,0.0,0.06473034754446158,2.4976018617063827,1.8953882857159512,0.6230034312337321,30.0,160.0,998408.4880636605,999469.4960212201,999951.7723655654,1000000.0,1000000.0,1000000.0,1000000.0,1000000.0,1000000.0,1000000.0,1000000.0,1000000.0,1000000.0,1000000.0,1000000.0,1000000.0,1000000.0,1000000.0,1000000.0,1000000.0,1000000.0,1000000.0,1000000.0,1000000.0,1000000.0,1000000.0,1000000.0,1000000.0,1000000.0,1000000.0,1000000.0,1000000.0,1000000.0,1000000.0,1000000.0,1000000.0,1000000.0,1000000.0,1000000.0,1000000.0,1000000.0,1000000.0,1000000.0,1000000.0,1000000.0,1000000.0,1000000.0,1000000.0,1000000.0,1000000.0,1000000.0,1000000.0,1000000.0,1000000.0,1000000.0,1000000.0,1000000.0,1000000.0,1000000.0,1000000.0,1000000.0,1000000.0,1000000.0,1000000.0,0.0,0.0,0.0,0.0,0.0,0.0,0.0,0.0,0.0,0.0,0.0,0.0,0.0,0.0,0.0,0.0,0.0,0.0,0.0,0.0,0.0,0.0,0.0,0.0,0.0,0.0,0.0,48.22763443453082,144.68290330359284,530.5039787798403,1591.5119363395213,2459.609356161082,11767.542802025564,26139.377863515776,65493.127562093054,117482.51748251748,235013.26259946942,365999.51772365556,543863.0335182059,651458.8859416444,803472.3896792862,892452.3752109959,961803.7135278514,984760.0675186882,996913.43139619,999276.585483482,1000000.0,1000000.0,1000000.0,1000000.0,1000000.0,1000000.0,1000000.0,1000000.0,1000000.0,1000000.0,1000000.0,1000000.0,1000000.0,1000000.0,1000000.0,1000000.0,1000000.0,1000000.0,48.22763443453082,48.22763443453082,48.22763443453082,48.22763443453082,48.22763443453082,48.22763443453082,48.22763443453082,48.22763443453082,48.22763443453082,48.22763443453082,48.22763443453082,48.22763443453082,48.22763443453082,48.22763443453082,48.22763443453082,48.22763443453082,48.22763443453082,48.22763443453082,48.22763443453082,48.22763443453082,48.22763443453082,48.22763443453082,48.22763443453082,48.22763443453082,48.22763443453082,48.22763443453082,48.22763443453082,48.22763443453082,48.22763443453082,48.22763443453082,48.22763443453082,48.22763443453082,48.22763443453082,48.22763443453082,48.22763443453082,48.22763443453082,48.22763443453082,96.4552688690621,96.4552688690621,144.68290330359284,241.13817217265407,289.36580660718624,434.04870991077877,482.27634434531,530.5039787798403,626.959247648901,868.0974198215577,1253.9184952978064,1639.7395707740552,1880.8777429467057,2604.2922594646707,3086.56860380998,4195.804195804195,7861.104412828547,28888.35302628405,72148.54111405833,224644.32119604532,429901.1333494092,698432.6018808777,821605.9802266698,931709.6696407042,972751.3865444899,993199.9035447311,1000000.0,96.4552688690621,96.4552688690621,96.4552688690621,96.4552688690621,96.4552688690621,96.4552688690621,96.4552688690621,96.4552688690621,96.4552688690621,96.4552688690621,96.4552688690621,96.4552688690621,96.4552688690621,96.4552688690621,96.4552688690621,96.4552688690621,96.4552688690621,96.4552688690621,96.4552688690621,96.4552688690621,96.4552688690621,96.4552688690621,96.4552688690621,96.4552688690621,96.4552688690621,96.4552688690621,96.4552688690621,96.4552688690621,96.4552688690621,96.4552688690621,96.4552688690621,96.4552688690621,96.4552688690621,96.4552688690621,96.4552688690621,96.4552688690621,96.4552688690621,96.4552688690621,96.4552688690621,96.4552688690621,96.4552688690621,96.4552688690621,96.4552688690621,96.4552688690621,96.4552688690621,96.4552688690621,96.4552688690621,96.4552688690621,96.4552688690621,96.4552688690621,96.4552688690621,96.4552688690621,96.4552688690621,96.4552688690621,96.4552688690621,96.4552688690621,96.4552688690621,96.4552688690621,144.68290330359284,192.91053773812425,289.36580660718624,482.27634434531,2266.6988184229576,1000000.0
FLINT,MAGNUM03,F,na,na,na,na,2025_03_11-15_02_56,na,5,8,Yes,1,na,0.0,434.04870991077877,269688.9317578973,14.0,50.0,62.0,,,,0.0,626.9592476489568,269688.9317578973,14.0,50.0,62.0,39.0,21.0,3.0,36.0,16.0,1.0,30.0,10.0,0.0,26.0,8.0,0.0,23.0,4.0,0.0,18.0,0.0,0.0,20.0,2.0,0.0,0.0,39.0,39.0,60.0,60.0,63.0,0.0,36.0,42.0,58.0,62.0,63.0,2.0,32.0,45.0,55.0,63.0,63.0,4.0,30.0,46.0,54.0,63.0,63.0,5.0,28.0,48.0,52.0,63.0,63.0,7.0,25.0,50.0,50.0,63.0,63.0,6.0,26.0,49.0,51.0,63.0,63.0,8.0,0.0,58.0,20.0,63.0,47.0,63.0,63.0,0.5189872632342997,3.202872336466707,2.1879433217249784,0.0,30.0,160.0,962864.7214854112,973860.6221364841,986158.6689172896,991945.9850494333,997829.756450446,999131.9025801783,999807.0894622619,999903.5447311308,1000000.0,1000000.0,1000000.0,1000000.0,1000000.0,1000000.0,1000000.0,1000000.0,1000000.0,1000000.0,1000000.0,1000000.0,1000000.0,1000000.0,1000000.0,1000000.0,1000000.0,1000000.0,1000000.0,1000000.0,1000000.0,1000000.0,1000000.0,1000000.0,1000000.0,1000000.0,1000000.0,1000000.0,1000000.0,1000000.0,1000000.0,1000000.0,1000000.0,1000000.0,1000000.0,1000000.0,1000000.0,1000000.0,1000000.0,1000000.0,1000000.0,1000000.0,1000000.0,1000000.0,1000000.0,1000000.0,1000000.0,1000000.0,1000000.0,1000000.0,1000000.0,1000000.0,1000000.0,1000000.0,1000000.0,1000000.0,0.0,0.0,0.0,0.0,0.0,0.0,0.0,0.0,0.0,0.0,0.0,0.0,0.0,0.0,0.0,0.0,0.0,0.0,0.0,0.0,48.22763443453082,48.22763443453082,48.22763443453082,96.4552688690621,144.68290330359284,385.82107547624787,626.959247648901,916.3250542560885,2170.2435495538875,4292.259464673261,8391.608391608395,9790.2097902098,30576.320231492606,48951.04895104891,85700.50639016152,125825.89823969132,206848.32408970338,295490.71618037135,421461.2973233663,525295.3942609114,660236.3154087291,769713.0455751145,875042.1991801301,926935.1338316854,967687.4849288642,986689.1728960694,995370.147094285,997685.0735471424,999373.040752351,999807.0894622619,999903.5447311308,999903.5447311308,999951.7723655654,999951.7723655654,1000000.0,1000000.0,1000000.0,1000000.0,1000000.0,1000000.0,1000000.0,1000000.0,1000000.0,1000000.0,0.0,0.0,0.0,0.0,0.0,0.0,0.0,0.0,0.0,0.0,0.0,0.0,0.0,0.0,0.0,0.0,0.0,0.0,0.0,0.0,0.0,0.0,0.0,0.0,0.0,0.0,0.0,0.0,0.0,0.0,0.0,0.0,0.0,0.0,0.0,0.0,0.0,0.0,0.0,0.0,0.0,0.0,0.0,0.0,0.0,0.0,0.0,48.22763443453082,96.4552688690621,192.91053773812425,482.27634434531,916.3250542560885,2025.5606462503029,4629.85290571497,13793.103448275855,27682.662165420767,67808.05401495053,135230.2869544249,276054.9795032553,400819.869785387,588666.5059078851,730311.0682421026,864817.9406800097,1000000.0,0.0,0.0,0.0,0.0,0.0,0.0,0.0,0.0,0.0,0.0,0.0,0.0,0.0,0.0,0.0,0.0,0.0,0.0,0.0,0.0,0.0,0.0,0.0,0.0,0.0,0.0,0.0,0.0,0.0,0.0,0.0,0.0,0.0,0.0,0.0,0.0,0.0,0.0,0.0,0.0,0.0,0.0,0.0,0.0,0.0,0.0,0.0,0.0,0.0,0.0,0.0,0.0,0.0,0.0,0.0,0.0,0.0,0.0,0.0,0.0,0.0,0.0,0.0,1000000.0
FLINT,MAGNUM03,F,na,na,na,na,2025_03_11-15_02_56,na,5,9,Yes,1,na,0.0,192.91053773817794,234145.165179648,15.0,50.0,62.0,,,,0.0,337.5934410417708,234145.165179648,15.0,50.0,62.0,39.0,21.0,3.0,36.0,16.0,1.0,33.0,12.0,0.0,29.0,8.0,0.0,24.0,6.0,0.0,20.0,-1.0,0.0,22.0,4.0,0.0,0.0,39.0,39.0,60.0,60.0,63.0,0.0,36.0,42.0,58.0,62.0,63.0,0.0,33.0,44.0,56.0,63.0,63.0,2.0,31.0,46.0,54.0,63.0,63.0,5.0,29.0,47.0,53.0,63.0,63.0,6.0,26.0,52.0,51.0,63.0,63.0,5.0,27.0,48.0,52.0,63.0,63.0,8.0,0.0,63.0,22.0,63.0,42.0,63.0,63.0,0.34539982792530444,2.977941540244137,2.077669483792042,0.0,30.0,160.0,987846.6361224981,990113.3349409212,994212.6838678562,995900.6510730648,998697.8538702676,999614.1789245236,999903.5447311308,999951.7723655654,1000000.0,1000000.0,1000000.0,1000000.0,1000000.0,1000000.0,1000000.0,1000000.0,1000000.0,1000000.0,1000000.0,1000000.0,1000000.0,1000000.0,1000000.0,1000000.0,1000000.0,1000000.0,1000000.0,1000000.0,1000000.0,1000000.0,1000000.0,1000000.0,1000000.0,1000000.0,1000000.0,1000000.0,1000000.0,1000000.0,1000000.0,1000000.0,1000000.0,1000000.0,1000000.0,1000000.0,1000000.0,1000000.0,1000000.0,1000000.0,1000000.0,1000000.0,1000000.0,1000000.0,1000000.0,1000000.0,1000000.0,1000000.0,1000000.0,1000000.0,1000000.0,1000000.0,1000000.0,1000000.0,1000000.0,1000000.0,0.0,0.0,0.0,0.0,0.0,0.0,0.0,0.0,0.0,0.0,0.0,0.0,0.0,0.0,0.0,0.0,0.0,0.0,0.0,0.0,0.0,0.0,48.22763443453082,48.22763443453082,96.4552688690621,96.4552688690621,482.27634434531,626.959247648901,1109.2355919942117,2170.2435495538875,5015.673981191222,6848.3240897033975,21027.248613455497,37424.64432119603,77501.80853629124,112370.3882324572,201784.4224740777,292500.6028454303,436845.91270798165,526742.2232939474,688642.3920906679,791415.4810706534,899348.9269351338,941596.3346997829,981432.3607427055,993006.993006993,998070.8946226187,999083.6749457439,999710.6341933928,999807.0894622619,999855.3170966964,999855.3170966964,999903.5447311308,999903.5447311308,999903.5447311308,999903.5447311308,999903.5447311308,999903.5447311308,999951.7723655654,999951.7723655654,999951.7723655654,1000000.0,1000000.0,1000000.0,0.0,0.0,0.0,0.0,0.0,0.0,0.0,0.0,0.0,0.0,0.0,0.0,0.0,0.0,0.0,0.0,0.0,0.0,0.0,0.0,0.0,0.0,0.0,0.0,0.0,0.0,0.0,0.0,0.0,0.0,0.0,0.0,0.0,0.0,0.0,0.0,0.0,0.0,0.0,0.0,0.0,0.0,48.22763443453082,48.22763443453082,48.22763443453082,48.22763443453082,96.4552688690621,96.4552688690621,96.4552688690621,96.4552688690621,192.91053773812425,530.5039787798403,1157.4632264287443,2507.836990595609,9163.250542560887,18712.322160598032,62647.697130455745,133156.49867374002,302097.9020979021,427248.61345550994,634916.8073306005,765854.834820352,894429.7082228118,1000000.0,0.0,0.0,0.0,0.0,0.0,0.0,0.0,0.0,0.0,0.0,0.0,0.0,0.0,0.0,0.0,0.0,0.0,0.0,0.0,0.0,0.0,0.0,0.0,0.0,0.0,0.0,0.0,0.0,0.0,0.0,0.0,0.0,0.0,0.0,0.0,0.0,0.0,0.0,0.0,0.0,0.0,0.0,0.0,0.0,0.0,0.0,0.0,0.0,0.0,0.0,0.0,0.0,0.0,0.0,0.0,0.0,0.0,0.0,0.0,0.0,0.0,0.0,0.0,1000000.0
FLINT,MAGNUM03,F,na,na,na,na,2025_03_11-15_02_56,na,5,10,Yes,1,na,0.0,723.4145165180289,0.0,14.5,49.0,0.0,,,,0.0,1446.8290330359928,0.0,14.5,49.0,0.0,39.0,20.0,4.0,36.0,14.0,1.0,32.0,9.0,0.0,27.0,6.0,0.0,23.0,2.0,0.0,19.0,-8.0,0.0,21.0,-3.0,0.0,0.0,39.0,39.0,59.0,59.0,63.0,0.0,36.0,42.0,56.0,62.0,63.0,0.0,32.0,45.0,54.0,63.0,63.0,3.0,30.0,46.0,52.0,63.0,63.0,5.0,28.0,48.0,50.0,63.0,63.0,6.0,25.0,56.0,48.0,63.0,63.0,6.0,27.0,52.0,49.0,63.0,63.0,7.0,0.0,63.0,22.0,63.0,45.0,63.0,0.0,0.3675064408745901,3.0916180182756547,2.545370015109256,0.43754422556097095,30.0,160.0,980998.3120327947,987653.7255847601,993103.448275862,996431.1550518447,998601.3986013986,999517.7236556546,999903.5447311308,1000000.0,1000000.0,1000000.0,1000000.0,1000000.0,1000000.0,1000000.0,1000000.0,1000000.0,1000000.0,1000000.0,1000000.0,1000000.0,1000000.0,1000000.0,1000000.0,1000000.0,1000000.0,1000000.0,1000000.0,1000000.0,1000000.0,1000000.0,1000000.0,1000000.0,1000000.0,1000000.0,1000000.0,1000000.0,1000000.0,1000000.0,1000000.0,1000000.0,1000000.0,1000000.0,1000000.0,1000000.0,1000000.0,1000000.0,1000000.0,1000000.0,1000000.0,1000000.0,1000000.0,1000000.0,1000000.0,1000000.0,1000000.0,1000000.0,1000000.0,1000000.0,1000000.0,1000000.0,1000000.0,1000000.0,1000000.0,1000000.0,0.0,0.0,0.0,0.0,0.0,0.0,0.0,0.0,0.0,0.0,0.0,0.0,0.0,0.0,0.0,0.0,0.0,0.0,0.0,0.0,0.0,0.0,48.22763443453082,96.4552688690621,144.68290330359284,241.13817217265407,482.27634434531,868.0974198215577,1639.7395707740552,3327.7067759826386,6993.006993006999,9307.933445864473,25319.508078128747,43019.04991560162,79093.32047263085,118447.07017120815,197685.0735471425,286086.3274656377,419725.10248372314,523414.5165179648,668820.8343380757,780516.0356884494,884398.3602604292,935133.8316855557,974101.7603086568,990595.6112852665,997106.3419339281,998697.8538702676,999276.585483482,999373.040752351,999469.4960212201,999517.7236556546,999662.4065589582,999662.4065589582,999807.0894622619,999855.3170966964,999903.5447311308,999951.7723655654,999951.7723655654,1000000.0,1000000.0,1000000.0,1000000.0,1000000.0,0.0,0.0,0.0,0.0,0.0,0.0,0.0,0.0,0.0,0.0,0.0,0.0,0.0,0.0,0.0,0.0,0.0,0.0,0.0,0.0,0.0,0.0,0.0,0.0,0.0,0.0,0.0,0.0,0.0,0.0,0.0,0.0,0.0,0.0,0.0,0.0,0.0,0.0,0.0,0.0,0.0,0.0,0.0,0.0,0.0,48.22763443453082,48.22763443453082,192.91053773812425,434.04870991077877,771.6421509524955,2073.7882806848356,3520.617313720762,9693.754521340716,20014.468290330373,53146.85314685312,96358.81360019294,192572.9442970823,304268.145647456,479045.09283819626,587026.7663371111,736628.8883530262,833904.0270074754,924041.4757656137,1000000.0,48.22763443453082,48.22763443453082,48.22763443453082,48.22763443453082,48.22763443453082,48.22763443453082,48.22763443453082,48.22763443453082,48.22763443453082,48.22763443453082,48.22763443453082,48.22763443453082,48.22763443453082,48.22763443453082,48.22763443453082,48.22763443453082,48.22763443453082,48.22763443453082,48.22763443453082,48.22763443453082,48.22763443453082,48.22763443453082,48.22763443453082,48.22763443453082,48.22763443453082,48.22763443453082,48.22763443453082,48.22763443453082,48.22763443453082,48.22763443453082,48.22763443453082,48.22763443453082,48.22763443453082,48.22763443453082,48.22763443453082,48.22763443453082,48.22763443453082,48.22763443453082,48.22763443453082,48.22763443453082,48.22763443453082,48.22763443453082,48.22763443453082,48.22763443453082,48.22763443453082,48.22763443453082,48.22763443453082,48.22763443453082,48.22763443453082,48.22763443453082,48.22763443453082,48.22763443453082,48.22763443453082,48.22763443453082,48.22763443453082,48.22763443453082,48.22763443453082,48.22763443453082,48.22763443453082,48.22763443453082,48.22763443453082,48.22763443453082,96.4552688690621,1000000.0
FLINT,MAGNUM03,F,na,na,na,na,2025_03_11-15_02_56,na,5,11,Yes,1,na,0.0,0.0,1000000.0,15.5,0.0,52.23529411764706,,,,0.0,0.0,1000000.0,15.5,0.0,52.23529411764706,39.0,22.0,2.0,36.0,16.0,0.0,32.0,9.0,0.0,27.0,7.0,0.0,22.0,3.0,0.0,15.0,-7.0,0.0,19.0,2.0,0.0,0.0,39.0,39.0,61.0,61.0,63.0,0.0,36.0,42.0,58.0,63.0,63.0,0.0,32.0,46.0,55.0,63.0,63.0,3.0,30.0,47.0,54.0,63.0,63.0,5.0,27.0,49.0,52.0,63.0,63.0,8.0,23.0,57.0,50.0,63.0,63.0,6.0,25.0,49.0,51.0,63.0,63.0,11.0,0.0,62.0,20.0,63.0,0.0,63.0,0.0,0.4036083921636983,3.436713496505705,2.247469066786295,0.4374894505865458,30.0,160.0,984181.3359054738,988377.140101278,992428.2613937786,994936.0983843743,998022.6669881842,999083.6749457439,999807.0894622619,999807.0894622619,999951.7723655654,999951.7723655654,1000000.0,1000000.0,1000000.0,1000000.0,1000000.0,1000000.0,1000000.0,1000000.0,1000000.0,1000000.0,1000000.0,1000000.0,1000000.0,1000000.0,1000000.0,1000000.0,1000000.0,1000000.0,1000000.0,1000000.0,1000000.0,1000000.0,1000000.0,1000000.0,1000000.0,1000000.0,1000000.0,1000000.0,1000000.0,1000000.0,1000000.0,1000000.0,1000000.0,1000000.0,1000000.0,1000000.0,1000000.0,1000000.0,1000000.0,1000000.0,1000000.0,1000000.0,1000000.0,1000000.0,1000000.0,1000000.0,1000000.0,1000000.0,1000000.0,1000000.0,1000000.0,1000000.0,1000000.0,1000000.0,0.0,0.0,0.0,0.0,0.0,0.0,0.0,0.0,0.0,0.0,0.0,0.0,0.0,0.0,0.0,0.0,0.0,0.0,0.0,0.0,48.22763443453082,48.22763443453082,144.68290330359284,289.36580660718624,530.5039787798403,819.8697853870253,1350.373764166866,2025.5606462503029,3568.844948155295,5835.543766578246,10272.48613455508,14902.339040270084,34193.39281408243,55654.690137448815,94140.3424162044,136291.29491198456,214034.24162044848,294863.7569327224,419821.5577525922,512129.2500602845,642392.0906679527,742753.7979262116,849288.6423920906,902676.6337111164,953170.9669640703,977043.6460091631,991801.3021461297,995948.8787074994,998697.8538702676,999565.9512900892,999807.0894622619,999807.0894622619,999807.0894622619,999807.0894622619,999807.0894622619,999807.0894622619,999855.3170966964,999951.7723655654,1000000.0,1000000.0,1000000.0,1000000.0,1000000.0,1000000.0,48.22763443453082,48.22763443453082,48.22763443453082,48.22763443453082,48.22763443453082,48.22763443453082,48.22763443453082,48.22763443453082,48.22763443453082,48.22763443453082,48.22763443453082,48.22763443453082,48.22763443453082,48.22763443453082,48.22763443453082,48.22763443453082,48.22763443453082,48.22763443453082,48.22763443453082,48.22763443453082,48.22763443453082,48.22763443453082,48.22763443453082,48.22763443453082,48.22763443453082,48.22763443453082,48.22763443453082,48.22763443453082,48.22763443453082,48.22763443453082,48.22763443453082,48.22763443453082,48.22763443453082,48.22763443453082,48.22763443453082,48.22763443453082,48.22763443453082,48.22763443453082,48.22763443453082,48.22763443453082,48.22763443453082,48.22763443453082,48.22763443453082,48.22763443453082,48.22763443453082,48.22763443453082,48.22763443453082,48.22763443453082,96.4552688690621,192.91053773812425,385.82107547624787,675.1868820834334,1929.1053773812387,5353.267422232942,12298.046780805396,24403.18302387266,55413.55196527605,104846.87726067027,218857.00506390154,322691.1020014468,499445.3822040029,636218.9534603327,795032.5536532432,1000000.0,48.22763443453082,48.22763443453082,48.22763443453082,48.22763443453082,48.22763443453082,48.22763443453082,48.22763443453082,48.22763443453082,48.22763443453082,48.22763443453082,48.22763443453082,48.22763443453082,48.22763443453082,48.22763443453082,48.22763443453082,48.22763443453082,48.22763443453082,48.22763443453082,48.22763443453082,48.22763443453082,48.22763443453082,48.22763443453082,48.22763443453082,48.22763443453082,48.22763443453082,48.22763443453082,48.22763443453082,48.22763443453082,48.22763443453082,48.22763443453082,48.22763443453082,48.22763443453082,48.22763443453082,48.22763443453082,48.22763443453082,48.22763443453082,48.22763443453082,48.22763443453082,48.22763443453082,48.22763443453082,48.22763443453082,48.22763443453082,48.22763443453082,48.22763443453082,48.22763443453082,48.22763443453082,48.22763443453082,48.22763443453082,48.22763443453082,48.22763443453082,48.22763443453082,48.22763443453082,48.22763443453082,48.22763443453082,48.22763443453082,48.22763443453082,48.22763443453082,48.22763443453082,48.22763443453082,48.22763443453082,48.22763443453082,48.22763443453082,48.22763443453082,1000000.0
FLINT,MAGNUM03,F,na,na,na,na,2025_03_11-15_02_56,na,5,12,Yes,1,na,0.0,289.36580660718624,0.0,12.5,49.0,0.0,,,,0.0,530.503978779936,0.0,12.5,49.0,0.0,39.0,21.0,3.0,35.0,15.0,1.0,32.0,9.0,0.0,25.0,7.0,0.0,21.0,3.0,0.0,14.0,-1.0,0.0,18.0,2.0,0.0,0.0,39.0,39.0,60.0,60.0,63.0,0.0,35.0,42.0,57.0,62.0,63.0,0.0,32.0,45.0,54.0,63.0,63.0,4.0,29.0,46.0,53.0,63.0,63.0,5.0,26.0,48.0,51.0,63.0,63.0,8.0,22.0,49.0,48.0,63.0,63.0,6.0,24.0,48.0,50.0,63.0,63.0,10.0,0.0,50.0,15.0,63.0,42.0,63.0,0.0,0.44366913872248814,3.3121208358769767,2.3040042199585846,0.4374894505865458,30.0,160.0,980564.263322884,985724.6202073788,990884.9770918736,993537.4969857727,997443.9353749697,998890.7644080058,999710.6341933928,999807.0894622619,1000000.0,1000000.0,1000000.0,1000000.0,1000000.0,1000000.0,1000000.0,1000000.0,1000000.0,1000000.0,1000000.0,1000000.0,1000000.0,1000000.0,1000000.0,1000000.0,1000000.0,1000000.0,1000000.0,1000000.0,1000000.0,1000000.0,1000000.0,1000000.0,1000000.0,1000000.0,1000000.0,1000000.0,1000000.0,1000000.0,1000000.0,1000000.0,1000000.0,1000000.0,1000000.0,1000000.0,1000000.0,1000000.0,1000000.0,1000000.0,1000000.0,1000000.0,1000000.0,1000000.0,1000000.0,1000000.0,1000000.0,1000000.0,1000000.0,1000000.0,1000000.0,1000000.0,1000000.0,1000000.0,1000000.0,1000000.0,0.0,0.0,0.0,0.0,0.0,0.0,0.0,0.0,0.0,0.0,0.0,0.0,0.0,0.0,0.0,48.22763443453082,48.22763443453082,96.4552688690621,96.4552688690621,96.4552688690621,144.68290330359284,192.91053773812425,337.59344104171646,434.04870991077877,626.959247648901,1012.7803231251486,2025.5606462503029,2459.609356161082,4051.121292500604,6993.006993006999,13214.371835061467,16542.078611044137,45382.20400289366,70267.6633711116,122015.91511936343,167060.5256812153,257680.25078369904,355582.34868579695,493754.5213407282,587605.4979503255,723076.923076923,814612.9732336629,904412.8285507596,943091.3913672534,975548.5893416927,989679.2862310103,996816.9761273209,998649.626235833,999758.8618278273,999903.5447311308,1000000.0,1000000.0,1000000.0,1000000.0,1000000.0,1000000.0,1000000.0,1000000.0,1000000.0,1000000.0,1000000.0,1000000.0,1000000.0,1000000.0,0.0,0.0,0.0,0.0,0.0,0.0,0.0,0.0,0.0,0.0,0.0,0.0,0.0,0.0,0.0,0.0,0.0,0.0,0.0,0.0,0.0,0.0,0.0,0.0,0.0,0.0,0.0,0.0,0.0,0.0,0.0,0.0,0.0,0.0,0.0,0.0,0.0,0.0,0.0,0.0,0.0,0.0,48.22763443453082,48.22763443453082,48.22763443453082,48.22763443453082,48.22763443453082,96.4552688690621,241.13817217265407,337.59344104171646,675.1868820834334,1736.1948396431121,4292.259464673261,8825.657101519182,23920.90667952736,44224.7407764649,97902.09790209786,180757.1738606222,341114.05835543765,465830.7210031348,648468.7726067037,772413.7931034482,894719.0740294189,1000000.0,48.22763443453082,48.22763443453082,48.22763443453082,48.22763443453082,48.22763443453082,48.22763443453082,48.22763443453082,48.22763443453082,48.22763443453082,48.22763443453082,48.22763443453082,48.22763443453082,48.22763443453082,48.22763443453082,48.22763443453082,48.22763443453082,48.22763443453082,48.22763443453082,48.22763443453082,48.22763443453082,48.22763443453082,48.22763443453082,48.22763443453082,48.22763443453082,48.22763443453082,48.22763443453082,48.22763443453082,48.22763443453082,48.22763443453082,48.22763443453082,48.22763443453082,48.22763443453082,48.22763443453082,48.22763443453082,48.22763443453082,48.22763443453082,48.22763443453082,48.22763443453082,48.22763443453082,48.22763443453082,48.22763443453082,48.22763443453082,48.22763443453082,48.22763443453082,48.22763443453082,48.22763443453082,48.22763443453082,48.22763443453082,48.22763443453082,48.22763443453082,48.22763443453082,48.22763443453082,48.22763443453082,48.22763443453082,48.22763443453082,48.22763443453082,48.22763443453082,48.22763443453082,48.22763443453082,48.22763443453082,48.22763443453082,48.22763443453082,48.22763443453082,1000000.0
FLINT,MAGNUM03,F,na,na,na,na,2025_03_11-15_02_56,na,5,13,Yes,1,na,0.0,1157.4632264288473,0.0,11.5,49.0,0.0,,,,0.0,1977.3330118158726,0.0,11.5,49.0,0.0,39.0,21.0,3.0,35.0,16.0,0.0,31.0,9.0,0.0,25.0,6.0,0.0,20.0,2.0,0.0,10.0,-3.0,0.0,17.0,-1.0,0.0,0.0,39.0,39.0,60.0,60.0,63.0,0.0,35.0,42.0,58.0,63.0,63.0,0.0,31.0,45.0,54.0,63.0,63.0,3.0,28.0,47.0,53.0,63.0,63.0,5.0,25.0,48.0,50.0,63.0,63.0,8.0,18.0,51.0,48.0,63.0,63.0,6.0,23.0,50.0,49.0,63.0,63.0,11.0,0.0,61.0,12.0,63.0,45.0,63.0,0.0,0.4123362115058077,3.6619958224437767,2.4493115876807283,0.4374894505865458,30.0,160.0,984470.701712081,987894.8637569327,992524.7166626477,994791.4154810706,997926.211719315,998890.7644080058,999614.1789245236,999807.0894622619,999951.7723655654,999951.7723655654,1000000.0,1000000.0,1000000.0,1000000.0,1000000.0,1000000.0,1000000.0,1000000.0,1000000.0,1000000.0,1000000.0,1000000.0,1000000.0,1000000.0,1000000.0,1000000.0,1000000.0,1000000.0,1000000.0,1000000.0,1000000.0,1000000.0,1000000.0,1000000.0,1000000.0,1000000.0,1000000.0,1000000.0,1000000.0,1000000.0,1000000.0,1000000.0,1000000.0,1000000.0,1000000.0,1000000.0,1000000.0,1000000.0,1000000.0,1000000.0,1000000.0,1000000.0,1000000.0,1000000.0,1000000.0,1000000.0,1000000.0,1000000.0,1000000.0,1000000.0,1000000.0,1000000.0,1000000.0,1000000.0,0.0,0.0,0.0,0.0,0.0,0.0,0.0,0.0,0.0,0.0,0.0,0.0,48.22763443453082,48.22763443453082,48.22763443453082,48.22763443453082,96.4552688690621,144.68290330359284,241.13817217265407,241.13817217265407,385.82107547624787,434.04870991077877,530.5039787798403,675.1868820834334,1350.373764166866,2073.7882806848356,3424.1620448516924,5063.901615625751,8488.063660477448,12732.095490716194,21123.70388232458,27730.889799855308,58114.29949360983,87099.10778876295,138799.1319025802,183023.87267904513,274125.8741258741,362912.9491198457,489510.48951048945,573040.7523510972,700168.7967205208,786110.441282855,880057.8731613214,921823.0045816253,962864.7214854112,980419.5804195803,993055.2206414274,996238.2445141064,998842.5367735712,999469.4960212201,999855.3170966964,999903.5447311308,999951.7723655654,999951.7723655654,999951.7723655654,999951.7723655654,1000000.0,1000000.0,1000000.0,1000000.0,1000000.0,1000000.0,1000000.0,1000000.0,0.0,0.0,0.0,0.0,0.0,0.0,0.0,0.0,0.0,0.0,0.0,0.0,0.0,0.0,0.0,0.0,0.0,0.0,0.0,0.0,0.0,0.0,0.0,0.0,0.0,0.0,0.0,0.0,0.0,0.0,0.0,0.0,0.0,0.0,0.0,0.0,0.0,0.0,0.0,0.0,0.0,0.0,0.0,0.0,0.0,48.22763443453082,144.68290330359284,192.91053773812425,434.04870991077877,868.0974198215577,1832.650108512174,2604.2922594646707,5980.226669881832,10802.990113334929,25608.87388473595,42536.77357125628,89703.40004822763,149457.43911261155,266554.13551965274,358620.68965517235,530455.7511454063,657197.9744393537,808439.8360260428,1000000.0,48.22763443453082,48.22763443453082,48.22763443453082,48.22763443453082,48.22763443453082,48.22763443453082,48.22763443453082,48.22763443453082,48.22763443453082,48.22763443453082,48.22763443453082,48.22763443453082,48.22763443453082,48.22763443453082,48.22763443453082,48.22763443453082,48.22763443453082,48.22763443453082,48.22763443453082,48.22763443453082,48.22763443453082,48.22763443453082,48.22763443453082,48.22763443453082,48.22763443453082,48.22763443453082,48.22763443453082,48.22763443453082,48.22763443453082,48.22763443453082,48.22763443453082,48.22763443453082,48.22763443453082,48.22763443453082,48.22763443453082,48.22763443453082,48.22763443453082,48.22763443453082,48.22763443453082,48.22763443453082,48.22763443453082,48.22763443453082,48.22763443453082,48.22763443453082,48.22763443453082,48.22763443453082,48.22763443453082,48.22763443453082,48.22763443453082,48.22763443453082,48.22763443453082,48.22763443453082,48.22763443453082,48.22763443453082,48.22763443453082,48.22763443453082,48.22763443453082,48.22763443453082,48.22763443453082,48.22763443453082,48.22763443453082,48.22763443453082,48.22763443453082,1000000.0
FLINT,MAGNUM03,F,na,na,na,na,2025_03_11-15_02_56,na,5,14,Yes,1,na,0.0,434.04870991077877,239353.74969857736,15.5,49.0,61.0,,,,0.0,434.04870991077877,239353.74969857736,15.5,49.0,61.0,38.0,21.0,4.0,35.0,16.0,2.0,30.0,10.0,0.0,25.0,8.0,0.0,21.0,4.0,0.0,18.0,-5.0,0.0,20.0,2.0,0.0,0.0,38.0,38.0,59.0,59.0,63.0,0.0,35.0,41.0,57.0,61.0,63.0,2.0,32.0,44.0,54.0,63.0,63.0,4.0,29.0,45.0,53.0,63.0,63.0,6.0,27.0,47.0,51.0,63.0,63.0,7.0,25.0,54.0,49.0,63.0,63.0,6.0,26.0,48.0,50.0,63.0,63.0,8.0,0.0,63.0,23.0,63.0,38.0,63.0,61.0,0.5593860558063439,3.2123513545048086,2.2787641608794513,0.013888553986874474,30.0,160.0,958813.6001929105,971690.3785869303,984760.0675186882,990499.1560163974,996575.8379551483,998697.8538702676,999662.4065589582,999903.5447311308,1000000.0,1000000.0,1000000.0,1000000.0,1000000.0,1000000.0,1000000.0,1000000.0,1000000.0,1000000.0,1000000.0,1000000.0,1000000.0,1000000.0,1000000.0,1000000.0,1000000.0,1000000.0,1000000.0,1000000.0,1000000.0,1000000.0,1000000.0,1000000.0,1000000.0,1000000.0,1000000.0,1000000.0,1000000.0,1000000.0,1000000.0,1000000.0,1000000.0,1000000.0,1000000.0,1000000.0,1000000.0,1000000.0,1000000.0,1000000.0,1000000.0,1000000.0,1000000.0,1000000.0,1000000.0,1000000.0,1000000.0,1000000.0,1000000.0,1000000.0,1000000.0,1000000.0,1000000.0,1000000.0,1000000.0,1000000.0,0.0,0.0,0.0,0.0,0.0,0.0,0.0,0.0,0.0,0.0,0.0,0.0,0.0,0.0,0.0,0.0,0.0,0.0,0.0,0.0,0.0,0.0,0.0,48.22763443453082,96.4552688690621,337.59344104171646,916.3250542560885,1495.056667470457,3424.1620448516924,6751.868820834333,12539.18495297808,17554.858934169293,46346.7566915843,77164.21509524953,130889.79985531706,184663.61224981918,281842.29563539906,389293.4651555341,525825.8982396913,629274.1741017603,754858.9341692788,845960.935616108,925198.9389920424,959922.8357849047,984856.5227875572,994116.2285989872,998408.4880636605,998938.9920424403,999565.9512900892,999565.9512900892,999614.1789245236,999710.6341933928,999758.8618278273,999807.0894622619,999903.5447311308,999903.5447311308,999903.5447311308,999903.5447311308,999903.5447311308,1000000.0,1000000.0,1000000.0,1000000.0,1000000.0,0.0,0.0,0.0,0.0,0.0,0.0,0.0,0.0,0.0,0.0,0.0,0.0,0.0,0.0,0.0,0.0,0.0,0.0,0.0,0.0,0.0,0.0,0.0,0.0,0.0,0.0,0.0,0.0,0.0,0.0,0.0,0.0,0.0,0.0,0.0,0.0,0.0,0.0,48.22763443453082,48.22763443453082,48.22763443453082,48.22763443453082,48.22763443453082,48.22763443453082,48.22763443453082,48.22763443453082,48.22763443453082,48.22763443453082,144.68290330359284,482.27634434531,1157.4632264287443,1929.1053773812387,5449.72269110199,11960.453339763686,35350.85604051118,68772.6067036412,152978.05642633222,267036.41186399804,457439.1126115264,584856.5227875573,760646.2503014227,865589.5828309621,955148.2999758861,1000000.0,0.0,0.0,0.0,0.0,0.0,0.0,0.0,0.0,0.0,0.0,0.0,0.0,0.0,0.0,0.0,0.0,0.0,0.0,0.0,0.0,0.0,0.0,0.0,0.0,0.0,0.0,0.0,0.0,0.0,0.0,0.0,0.0,0.0,0.0,0.0,0.0,0.0,0.0,0.0,0.0,0.0,0.0,0.0,0.0,0.0,0.0,0.0,0.0,0.0,0.0,0.0,0.0,0.0,0.0,0.0,0.0,0.0,0.0,0.0,0.0,0.0,48.22763443453082,48.22763443453082,1000000.0
FLINT,MAGNUM03,F,na,na,na,na,2025_03_11-15_02_56,na,5,15,Yes,1,na,0.0,3424.1620448516924,283867.85628164944,14.0,49.0,62.0,,,,0.0,5931.999035447341,283867.85628164944,14.0,49.0,62.0,38.0,22.0,3.0,34.0,15.0,1.0,26.0,7.0,0.0,19.0,3.0,0.0,13.0,-2.0,0.0,8.0,-7.0,0.0,10.0,-5.0,0.0,0.0,38.0,38.0,60.0,60.0,63.0,0.0,34.0,42.0,57.0,62.0,63.0,2.0,28.0,46.0,53.0,63.0,63.0,5.0,24.0,48.0,51.0,63.0,63.0,7.0,20.0,50.0,48.0,63.0,63.0,9.0,17.0,51.0,44.0,63.0,63.0,8.0,18.0,50.0,45.0,63.0,63.0,13.0,0.0,53.0,15.0,63.0,38.0,63.0,63.0,0.7163980738491771,4.191088274556519,2.822848835623762,0.0,30.0,160.0,963877.5018085362,970581.142994936,980226.6698818422,983409.6937545212,992621.1719315166,994839.6431155051,997829.756450446,998746.0815047021,999662.4065589582,999903.5447311308,999951.7723655654,999951.7723655654,1000000.0,1000000.0,1000000.0,1000000.0,1000000.0,1000000.0,1000000.0,1000000.0,1000000.0,1000000.0,1000000.0,1000000.0,1000000.0,1000000.0,1000000.0,1000000.0,1000000.0,1000000.0,1000000.0,1000000.0,1000000.0,1000000.0,1000000.0,1000000.0,1000000.0,1000000.0,1000000.0,1000000.0,1000000.0,1000000.0,1000000.0,1000000.0,1000000.0,1000000.0,1000000.0,1000000.0,1000000.0,1000000.0,1000000.0,1000000.0,1000000.0,1000000.0,1000000.0,1000000.0,1000000.0,1000000.0,1000000.0,1000000.0,1000000.0,1000000.0,1000000.0,1000000.0,0.0,0.0,0.0,0.0,0.0,0.0,0.0,0.0,0.0,0.0,0.0,0.0,0.0,0.0,0.0,48.22763443453082,144.68290330359284,241.13817217265407,578.7316132143711,723.414516517964,1495.056667470457,1880.8777429467057,2941.8857005063924,3713.527851458888,6655.413551965274,8922.112370388226,12442.729684109,15529.298287918953,23679.768507354696,31203.279479141525,45623.342175066275,49867.374005305,102387.26790450925,134506.87243790695,196093.56161080304,239594.8878707499,342126.8386785628,417506.6312997347,540245.960935616,613696.6481794068,737738.1239450205,808054.0149505666,887243.7906920665,917144.9240414758,959247.6489028212,975403.9064383891,989245.2375210995,993633.9522546419,997492.1630094043,998504.9433325295,999710.6341933928,999951.7723655654,1000000.0,1000000.0,1000000.0,1000000.0,1000000.0,1000000.0,1000000.0,1000000.0,1000000.0,1000000.0,1000000.0,1000000.0,0.0,0.0,0.0,0.0,0.0,0.0,0.0,0.0,0.0,0.0,0.0,0.0,0.0,0.0,0.0,0.0,0.0,0.0,0.0,0.0,0.0,0.0,0.0,0.0,0.0,0.0,0.0,0.0,0.0,0.0,0.0,0.0,0.0,0.0,0.0,0.0,0.0,0.0,48.22763443453082,48.22763443453082,96.4552688690621,96.4552688690621,144.68290330359284,144.68290330359284,385.82107547624787,578.7316132143711,819.8697853870253,1205.690860863273,1929.1053773812387,3472.38967928623,6173.137207619962,8680.97419821557,18808.777429467067,30238.72679045093,60139.86013986011,85796.96165903055,153894.38148058843,221123.7038823245,356353.99083674944,439739.5707740535,610561.8519411623,716132.1437183506,847841.8133590546,1000000.0,0.0,0.0,0.0,0.0,0.0,0.0,0.0,0.0,0.0,0.0,0.0,0.0,0.0,0.0,0.0,0.0,0.0,0.0,0.0,0.0,0.0,0.0,0.0,0.0,0.0,0.0,0.0,0.0,0.0,0.0,0.0,0.0,0.0,0.0,0.0,0.0,0.0,0.0,0.0,0.0,0.0,0.0,0.0,0.0,0.0,0.0,0.0,0.0,0.0,0.0,0.0,0.0,0.0,0.0,0.0,0.0,0.0,0.0,0.0,0.0,0.0,0.0,0.0,1000000.0
FLINT,MAGNUM03,F,na,na,na,na,2025_03_11-15_02_56,na,5,16,Yes,1,na,0.0,289.36580660718624,88015.43284301915,13.0,49.0,62.0,,,,0.0,530.503978779936,88015.43284301915,13.0,49.0,62.0,38.0,20.0,5.0,34.0,15.0,2.0,31.0,10.0,0.0,25.0,7.0,0.0,21.0,4.0,0.0,13.0,-1.0,0.0,18.0,3.0,0.0,0.0,38.0,38.0,58.0,58.0,63.0,0.0,34.0,41.0,56.0,61.0,63.0,0.0,31.0,44.0,54.0,63.0,63.0,4.0,29.0,45.0,52.0,63.0,63.0,5.0,26.0,46.0,50.0,63.0,63.0,7.0,20.0,50.0,49.0,63.0,63.0,6.0,24.0,47.0,50.0,63.0,63.0,10.0,0.0,60.0,16.0,63.0,47.0,63.0,62.0,0.4447290898326835,3.1966427097287076,2.346562201568376,0.006944276993437237,30.0,160.0,978394.0197733301,983602.6042922594,990981.4323607427,993296.3588136001,997781.5288160116,999131.9025801783,999807.0894622619,999903.5447311308,1000000.0,1000000.0,1000000.0,1000000.0,1000000.0,1000000.0,1000000.0,1000000.0,1000000.0,1000000.0,1000000.0,1000000.0,1000000.0,1000000.0,1000000.0,1000000.0,1000000.0,1000000.0,1000000.0,1000000.0,1000000.0,1000000.0,1000000.0,1000000.0,1000000.0,1000000.0,1000000.0,1000000.0,1000000.0,1000000.0,1000000.0,1000000.0,1000000.0,1000000.0,1000000.0,1000000.0,1000000.0,1000000.0,1000000.0,1000000.0,1000000.0,1000000.0,1000000.0,1000000.0,1000000.0,1000000.0,1000000.0,1000000.0,1000000.0,1000000.0,1000000.0,1000000.0,1000000.0,1000000.0,1000000.0,1000000.0,0.0,0.0,0.0,0.0,0.0,0.0,0.0,0.0,0.0,0.0,0.0,0.0,0.0,0.0,0.0,0.0,96.4552688690621,96.4552688690621,144.68290330359284,192.91053773812425,241.13817217265407,241.13817217265407,337.59344104171646,530.5039787798403,771.6421509524955,916.3250542560885,1446.829033035929,2411.3817217265464,5546.177959971061,10031.347962382453,19821.557752592234,25319.508078128747,65444.899927658524,99204.24403183015,169616.5903062455,227923.80033759345,355100.07234145165,459898.7219676874,611188.8111888112,696069.4477935857,826091.1502290813,894429.7082228118,954666.0236315408,974728.7195563057,992090.6679527368,996720.5208584518,999276.585483482,999565.9512900892,999758.8618278273,999855.3170966964,999951.7723655654,999951.7723655654,999951.7723655654,999951.7723655654,999951.7723655654,999951.7723655654,999951.7723655654,999951.7723655654,1000000.0,1000000.0,1000000.0,1000000.0,1000000.0,1000000.0,0.0,0.0,0.0,0.0,0.0,0.0,0.0,0.0,0.0,0.0,0.0,0.0,0.0,0.0,0.0,0.0,0.0,0.0,0.0,0.0,0.0,0.0,0.0,0.0,0.0,0.0,0.0,0.0,0.0,0.0,0.0,0.0,0.0,0.0,0.0,0.0,0.0,0.0,0.0,0.0,0.0,0.0,0.0,0.0,0.0,0.0,0.0,48.22763443453082,192.91053773812425,337.59344104171646,1543.2843019049903,3231.251507113574,10610.079575596808,22136.48420544968,63564.02218471185,112370.3882324572,230962.14130696884,361755.48589341686,565661.9242826139,678080.5401495056,832553.6532433083,911984.5671569809,971835.0614902338,1000000.0,0.0,0.0,0.0,0.0,0.0,0.0,0.0,0.0,0.0,0.0,0.0,0.0,0.0,0.0,0.0,0.0,0.0,0.0,0.0,0.0,0.0,0.0,0.0,0.0,0.0,0.0,0.0,0.0,0.0,0.0,0.0,0.0,0.0,0.0,0.0,0.0,0.0,0.0,0.0,0.0,0.0,0.0,0.0,0.0,0.0,0.0,0.0,0.0,0.0,0.0,0.0,0.0,0.0,0.0,0.0,0.0,0.0,0.0,0.0,0.0,0.0,0.0,48.22763443453082,1000000.0
FLINT,MAGNUM03,F,na,na,na,na,2025_03_11-15_02_56,na,5,17,Yes,1,na,0.0,1543.2843019049903,161900.16879672054,12.5,49.0,62.0,,,,0.0,2073.78828068484,161900.16879672054,12.5,49.0,62.0,38.0,21.0,4.0,34.0,15.0,1.0,30.0,9.0,0.0,25.0,5.0,0.0,18.0,1.0,0.0,12.0,-5.0,0.0,15.0,-1.0,0.0,0.0,38.0,38.0,59.0,59.0,63.0,0.0,34.0,41.0,56.0,62.0,63.0,0.0,30.0,44.0,53.0,63.0,63.0,2.0,27.0,46.0,51.0,63.0,63.0,5.0,23.0,48.0,49.0,63.0,63.0,7.0,19.0,52.0,47.0,63.0,63.0,6.0,21.0,49.0,48.0,63.0,63.0,9.0,0.0,58.0,16.0,63.0,43.0,63.0,63.0,0.37676311187164646,3.6328121859881204,2.6072404266210962,0.0,30.0,160.0,984229.5635399083,988666.5059078851,993923.318061249,995804.1958041957,998215.5775259222,999131.9025801783,999758.8618278273,999903.5447311308,1000000.0,1000000.0,1000000.0,1000000.0,1000000.0,1000000.0,1000000.0,1000000.0,1000000.0,1000000.0,1000000.0,1000000.0,1000000.0,1000000.0,1000000.0,1000000.0,1000000.0,1000000.0,1000000.0,1000000.0,1000000.0,1000000.0,1000000.0,1000000.0,1000000.0,1000000.0,1000000.0,1000000.0,1000000.0,1000000.0,1000000.0,1000000.0,1000000.0,1000000.0,1000000.0,1000000.0,1000000.0,1000000.0,1000000.0,1000000.0,1000000.0,1000000.0,1000000.0,1000000.0,1000000.0,1000000.0,1000000.0,1000000.0,1000000.0,1000000.0,1000000.0,1000000.0,1000000.0,1000000.0,1000000.0,1000000.0,0.0,0.0,0.0,0.0,0.0,0.0,0.0,0.0,0.0,0.0,0.0,0.0,0.0,0.0,0.0,0.0,48.22763443453082,48.22763443453082,144.68290330359284,241.13817217265407,482.27634434531,578.7316132143711,964.5526886906189,1398.601398601398,2411.3817217265464,3520.617313720762,5739.088497709187,7716.421509524954,13744.875813841316,21654.207861104413,37617.55485893416,49336.870026525175,96503.49650349648,136677.11598746074,208680.97419821558,270219.43573667714,389100.554617796,485941.6445623342,619483.9643115505,700265.2519893899,811526.4046298529,878225.2230528091,942223.2939474318,963925.7294429707,984952.9780564263,993248.1311791657,997443.9353749697,998360.2604292259,999469.4960212201,999662.4065589582,999807.0894622619,999807.0894622619,999903.5447311308,999903.5447311308,999951.7723655654,1000000.0,1000000.0,1000000.0,1000000.0,1000000.0,1000000.0,1000000.0,1000000.0,1000000.0,0.0,0.0,0.0,0.0,0.0,0.0,0.0,0.0,0.0,0.0,0.0,0.0,0.0,0.0,0.0,0.0,0.0,0.0,0.0,0.0,0.0,0.0,0.0,0.0,0.0,0.0,0.0,0.0,0.0,0.0,0.0,0.0,0.0,0.0,0.0,0.0,0.0,0.0,0.0,0.0,0.0,0.0,0.0,48.22763443453082,48.22763443453082,48.22763443453082,144.68290330359284,241.13817217265407,868.0974198215577,1591.5119363395213,4002.8936580660734,6366.047745358085,15577.525922353496,29659.99517723655,64432.11960453342,102917.771883289,194936.0983843742,296214.1306968893,466747.04605739086,577525.9223535085,741596.3346997829,838099.8312032794,931468.5314685313,1000000.0,0.0,0.0,0.0,0.0,0.0,0.0,0.0,0.0,0.0,0.0,0.0,0.0,0.0,0.0,0.0,0.0,0.0,0.0,0.0,0.0,0.0,0.0,0.0,0.0,0.0,0.0,0.0,0.0,0.0,0.0,0.0,0.0,0.0,0.0,0.0,0.0,0.0,0.0,0.0,0.0,0.0,0.0,0.0,0.0,0.0,0.0,0.0,0.0,0.0,0.0,0.0,0.0,0.0,0.0,0.0,0.0,0.0,0.0,0.0,0.0,0.0,0.0,0.0,1000000.0
FLINT,MAGNUM03,F,na,na,na,na,2025_03_11-15_02_56,na,5,18,Yes,1,na,0.0,0.0,1000000.0,13.0,0.0,50.857142857142854,,,,0.0,0.0,1000000.0,13.0,0.0,50.857142857142854,38.0,21.0,4.0,34.0,15.0,1.0,30.0,10.0,0.0,25.0,6.0,0.0,21.0,2.0,0.0,14.0,-4.0,0.0,16.0,1.0,0.0,0.0,38.0,38.0,59.0,59.0,63.0,0.0,34.0,41.0,56.0,62.0,63.0,0.0,30.0,44.0,54.0,63.0,63.0,3.0,28.0,46.0,52.0,63.0,63.0,5.0,26.0,48.0,50.0,63.0,63.0,7.0,21.0,50.0,46.0,63.0,63.0,6.0,22.0,48.0,49.0,63.0,63.0,8.0,0.0,56.0,18.0,63.0,0.0,63.0,0.0,0.41503947698528887,3.4870097440434566,2.534539234244048,0.4374894505865458,30.0,160.0,981625.2712804436,986399.8070894622,991608.3916083915,994116.2285989872,997974.4393537496,999228.3578490474,999855.3170966964,999951.7723655654,1000000.0,1000000.0,1000000.0,1000000.0,1000000.0,1000000.0,1000000.0,1000000.0,1000000.0,1000000.0,1000000.0,1000000.0,1000000.0,1000000.0,1000000.0,1000000.0,1000000.0,1000000.0,1000000.0,1000000.0,1000000.0,1000000.0,1000000.0,1000000.0,1000000.0,1000000.0,1000000.0,1000000.0,1000000.0,1000000.0,1000000.0,1000000.0,1000000.0,1000000.0,1000000.0,1000000.0,1000000.0,1000000.0,1000000.0,1000000.0,1000000.0,1000000.0,1000000.0,1000000.0,1000000.0,1000000.0,1000000.0,1000000.0,1000000.0,1000000.0,1000000.0,1000000.0,1000000.0,1000000.0,1000000.0,1000000.0,0.0,0.0,0.0,0.0,0.0,0.0,0.0,0.0,0.0,0.0,0.0,0.0,0.0,0.0,0.0,0.0,0.0,0.0,48.22763443453082,48.22763443453082,144.68290330359284,337.59344104171646,626.959247648901,819.8697853870253,1205.690860863273,1350.373764166866,2797.202797202796,4195.804195804195,8536.291294911978,14709.428502531931,25415.96334699782,33855.79937304074,80877.74294670846,118639.98070894615,190065.10730648664,252905.7149746804,364600.91632505425,466939.956595129,598794.3091391367,683289.124668435,797492.1630094044,870122.980467808,935616.108029901,961996.6240655895,984374.2464432119,992717.6272003858,997443.9353749697,998697.8538702676,999710.6341933928,999855.3170966964,999903.5447311308,999903.5447311308,1000000.0,1000000.0,1000000.0,1000000.0,1000000.0,1000000.0,1000000.0,1000000.0,1000000.0,1000000.0,1000000.0,1000000.0,48.22763443453082,48.22763443453082,48.22763443453082,48.22763443453082,48.22763443453082,48.22763443453082,48.22763443453082,48.22763443453082,48.22763443453082,48.22763443453082,48.22763443453082,48.22763443453082,48.22763443453082,48.22763443453082,48.22763443453082,48.22763443453082,48.22763443453082,48.22763443453082,48.22763443453082,48.22763443453082,48.22763443453082,48.22763443453082,48.22763443453082,48.22763443453082,48.22763443453082,48.22763443453082,48.22763443453082,48.22763443453082,48.22763443453082,48.22763443453082,48.22763443453082,48.22763443453082,48.22763443453082,48.22763443453082,48.22763443453082,48.22763443453082,48.22763443453082,48.22763443453082,48.22763443453082,48.22763443453082,48.22763443453082,48.22763443453082,48.22763443453082,96.4552688690621,144.68290330359284,144.68290330359284,241.13817217265407,337.59344104171646,530.5039787798403,1109.2355919942117,2990.1133349409165,5305.039787798405,11719.315167591023,22715.215818664117,51458.88594164456,85218.23004581625,171063.41933928136,268772.6067036411,447166.6264769713,560839.1608391609,735423.197492163,838437.4246443212,930359.2958765372,1000000.0,48.22763443453082,48.22763443453082,48.22763443453082,48.22763443453082,48.22763443453082,48.22763443453082,48.22763443453082,48.22763443453082,48.22763443453082,48.22763443453082,48.22763443453082,48.22763443453082,48.22763443453082,48.22763443453082,48.22763443453082,48.22763443453082,48.22763443453082,48.22763443453082,48.22763443453082,48.22763443453082,48.22763443453082,48.22763443453082,48.22763443453082,48.22763443453082,48.22763443453082,48.22763443453082,48.22763443453082,48.22763443453082,48.22763443453082,48.22763443453082,48.22763443453082,48.22763443453082,48.22763443453082,48.22763443453082,48.22763443453082,48.22763443453082,48.22763443453082,48.22763443453082,48.22763443453082,48.22763443453082,48.22763443453082,48.22763443453082,48.22763443453082,48.22763443453082,48.22763443453082,48.22763443453082,48.22763443453082,48.22763443453082,48.22763443453082,48.22763443453082,48.22763443453082,48.22763443453082,48.22763443453082,48.22763443453082,48.22763443453082,48.22763443453082,48.22763443453082,48.22763443453082,48.22763443453082,48.22763443453082,48.22763443453082,48.22763443453082,48.22763443453082,1000000.0
FLINT,MAGNUM03,F,na,na,na,na,2025_03_11-15_02_56,na,5,19,Yes,1,na,0.0,434.0487099108167,53002.17024354962,15.0,47.0,62.0,,,,0.0,723.414516518003,53002.17024354962,15.0,47.0,62.0,37.0,21.0,5.0,34.0,16.0,3.0,28.0,10.0,1.0,24.0,8.0,0.0,21.0,4.0,0.0,15.0,-2.0,0.0,18.0,2.0,0.0,0.0,37.0,37.0,58.0,58.0,63.0,0.0,34.0,40.0,56.0,60.0,63.0,2.0,30.0,43.0,53.0,62.0,63.0,4.0,28.0,44.0,52.0,63.0,63.0,5.0,26.0,46.0,50.0,63.0,63.0,8.0,23.0,49.0,47.0,63.0,63.0,6.0,24.0,46.0,48.0,63.0,63.0,11.0,0.0,61.0,19.0,63.0,45.0,63.0,63.0,0.5695657115670668,3.1942979272237633,2.3370062105430938,0.0,30.0,160.0,955727.0315891006,970532.9153605016,984181.3359054738,990209.7902097901,996431.1550518447,998938.9920424403,999807.0894622619,999855.3170966964,999951.7723655654,1000000.0,1000000.0,1000000.0,1000000.0,1000000.0,1000000.0,1000000.0,1000000.0,1000000.0,1000000.0,1000000.0,1000000.0,1000000.0,1000000.0,1000000.0,1000000.0,1000000.0,1000000.0,1000000.0,1000000.0,1000000.0,1000000.0,1000000.0,1000000.0,1000000.0,1000000.0,1000000.0,1000000.0,1000000.0,1000000.0,1000000.0,1000000.0,1000000.0,1000000.0,1000000.0,1000000.0,1000000.0,1000000.0,1000000.0,1000000.0,1000000.0,1000000.0,1000000.0,1000000.0,1000000.0,1000000.0,1000000.0,1000000.0,1000000.0,1000000.0,1000000.0,1000000.0,1000000.0,1000000.0,1000000.0,0.0,0.0,0.0,0.0,0.0,0.0,0.0,0.0,0.0,0.0,0.0,0.0,0.0,0.0,0.0,0.0,0.0,0.0,0.0,48.22763443453082,48.22763443453082,48.22763443453082,144.68290330359284,289.36580660718624,771.6421509524955,1205.690860863273,2122.0159151193625,3617.07258258982,7137.689896310589,12056.90860863274,22956.35399083672,31444.417651314172,80829.51531227394,127755.00361707271,204967.44634675668,282517.4825174825,400385.82107547624,519411.6228598987,657680.2507836991,752640.4629852906,856763.9257294429,919266.939956595,966047.7453580903,984181.3359054738,994839.6431155051,998360.2604292259,999565.9512900892,999758.8618278273,999855.3170966964,999903.5447311308,999903.5447311308,999903.5447311308,999903.5447311308,999951.7723655654,999951.7723655654,1000000.0,1000000.0,1000000.0,1000000.0,1000000.0,1000000.0,1000000.0,1000000.0,1000000.0,0.0,0.0,0.0,0.0,0.0,0.0,0.0,0.0,0.0,0.0,0.0,0.0,0.0,0.0,0.0,0.0,0.0,0.0,0.0,0.0,0.0,0.0,0.0,0.0,0.0,0.0,0.0,0.0,0.0,0.0,0.0,0.0,0.0,0.0,0.0,0.0,0.0,0.0,0.0,0.0,0.0,0.0,0.0,0.0,0.0,48.22763443453082,144.68290330359284,337.59344104171646,626.959247648901,1157.4632264287443,2459.609356161082,5449.72269110199,14709.428502531931,33807.571738606224,89462.26187605505,156450.44610561847,298866.65059078846,454352.5440077164,644996.3829274173,754617.7959971064,885555.823486858,946997.8297564504,986013.9860139859,1000000.0,0.0,0.0,0.0,0.0,0.0,0.0,0.0,0.0,0.0,0.0,0.0,0.0,0.0,0.0,0.0,0.0,0.0,0.0,0.0,0.0,0.0,0.0,0.0,0.0,0.0,0.0,0.0,0.0,0.0,0.0,0.0,0.0,0.0,0.0,0.0,0.0,0.0,0.0,0.0,0.0,0.0,0.0,0.0,0.0,0.0,0.0,0.0,0.0,0.0,0.0,0.0,0.0,0.0,0.0,0.0,0.0,0.0,0.0,0.0,0.0,0.0,0.0,0.0,1000000.0
FLINT,MAGNUM03,F,na,na,na,na,2025_03_11-15_02_56,na,5,20,Yes,1,na,48.22763443453082,4822.763443453095,0.0,12.0,48.0,0.0,,,,48.22763443453082,8054.014950566771,0.0,12.0,48.0,0.0,37.0,21.0,5.0,33.0,14.0,2.0,27.0,6.0,0.0,20.0,3.0,0.0,13.0,-2.0,0.0,5.0,-8.0,0.0,9.0,-5.0,0.0,0.0,37.0,37.0,58.0,58.0,63.0,0.0,33.0,41.0,55.0,61.0,63.0,1.0,28.0,45.0,51.0,63.0,63.0,4.0,24.0,46.0,49.0,63.0,63.0,6.0,19.0,48.0,46.0,63.0,63.0,9.0,14.0,52.0,44.0,63.0,63.0,8.0,17.0,50.0,45.0,63.0,63.0,16.0,0.0,54.0,9.0,63.0,40.0,63.0,0.0,0.5415303696568742,4.236780043630449,3.0282610185021372,0.4374894505865458,30.0,160.0,975982.6380516036,981673.4989148782,988521.8230045816,991029.6599951772,996045.3339763684,998022.6669881842,999083.6749457439,999324.8131179166,999614.1789245236,999951.7723655654,1000000.0,1000000.0,1000000.0,1000000.0,1000000.0,1000000.0,1000000.0,1000000.0,1000000.0,1000000.0,1000000.0,1000000.0,1000000.0,1000000.0,1000000.0,1000000.0,1000000.0,1000000.0,1000000.0,1000000.0,1000000.0,1000000.0,1000000.0,1000000.0,1000000.0,1000000.0,1000000.0,1000000.0,1000000.0,1000000.0,1000000.0,1000000.0,1000000.0,1000000.0,1000000.0,1000000.0,1000000.0,1000000.0,1000000.0,1000000.0,1000000.0,1000000.0,1000000.0,1000000.0,1000000.0,1000000.0,1000000.0,1000000.0,1000000.0,1000000.0,1000000.0,1000000.0,1000000.0,1000000.0,0.0,0.0,0.0,0.0,0.0,0.0,0.0,0.0,0.0,48.22763443453082,48.22763443453082,48.22763443453082,96.4552688690621,144.68290330359284,241.13817217265407,289.36580660718624,482.27634434531,675.1868820834334,1012.7803231251486,1446.829033035929,1929.1053773812387,2652.5198938992025,4292.259464673261,5594.405594405593,8343.380757173849,11381.721726549311,17265.49312756211,22618.760549795024,33904.027007475284,46202.07378828068,69399.56595129009,79141.54810706542,149795.03255365323,198312.03279479136,277742.94670846395,341306.9688931757,446057.39088497707,536532.4330841572,652905.7149746804,724716.662647697,817265.493127562,876199.6624065589,928864.2392090668,952640.4629852904,976850.7354714251,987364.3597781529,994357.3667711598,996768.7484928863,999035.4473113093,999469.4960212201,999565.9512900892,999758.8618278273,999951.7723655654,1000000.0,1000000.0,1000000.0,1000000.0,1000000.0,1000000.0,1000000.0,1000000.0,1000000.0,1000000.0,1000000.0,0.0,0.0,0.0,0.0,0.0,0.0,0.0,0.0,0.0,0.0,0.0,0.0,0.0,0.0,0.0,0.0,0.0,0.0,0.0,0.0,0.0,0.0,0.0,0.0,0.0,0.0,0.0,0.0,0.0,0.0,0.0,0.0,0.0,0.0,0.0,0.0,0.0,0.0,0.0,0.0,144.68290330359284,144.68290330359284,192.91053773812425,192.91053773812425,434.04870991077877,771.6421509524955,1736.1948396431121,2604.2922594646707,4870.991077887631,8343.380757173849,14709.428502531931,24354.95538943816,41958.04195804194,66216.54207861106,116614.42006269595,167735.71256329885,265251.9893899203,361562.5753556787,516952.01350373763,624451.4106583073,761273.2095490717,852037.6175548588,933687.0026525198,1000000.0,48.22763443453082,48.22763443453082,48.22763443453082,48.22763443453082,48.22763443453082,48.22763443453082,48.22763443453082,48.22763443453082,48.22763443453082,48.22763443453082,48.22763443453082,48.22763443453082,48.22763443453082,48.22763443453082,48.22763443453082,48.22763443453082,48.22763443453082,48.22763443453082,48.22763443453082,48.22763443453082,48.22763443453082,48.22763443453082,48.22763443453082,48.22763443453082,48.22763443453082,48.22763443453082,48.22763443453082,48.22763443453082,48.22763443453082,48.22763443453082,48.22763443453082,48.22763443453082,48.22763443453082,48.22763443453082,48.22763443453082,48.22763443453082,48.22763443453082,48.22763443453082,48.22763443453082,48.22763443453082,48.22763443453082,48.22763443453082,48.22763443453082,48.22763443453082,48.22763443453082,48.22763443453082,48.22763443453082,48.22763443453082,48.22763443453082,48.22763443453082,48.22763443453082,48.22763443453082,48.22763443453082,48.22763443453082,48.22763443453082,48.22763443453082,48.22763443453082,48.22763443453082,48.22763443453082,48.22763443453082,48.22763443453082,48.22763443453082,48.22763443453082,1000000.0
FLINT,MAGNUM03,F,na,na,na,na,2025_03_11-15_02_56,na,5,21,Yes,1,na,48.22763443453082,1253.9184952978064,96165.90306245488,12.0,48.0,62.0,,,,48.22763443453082,1977.3330118158353,96165.90306245488,12.0,48.0,62.0,37.0,21.0,5.0,33.0,16.0,2.0,28.0,8.0,0.0,22.0,6.0,0.0,17.0,2.0,0.0,8.0,-3.0,0.0,13.0,-1.0,0.0,0.0,37.0,37.0,58.0,58.0,63.0,0.0,33.0,40.0,56.0,61.0,63.0,1.0,29.0,44.0,52.0,63.0,63.0,4.0,26.0,45.0,51.0,63.0,63.0,5.0,22.0,47.0,49.0,63.0,63.0,8.0,16.0,49.0,46.0,63.0,63.0,6.0,19.0,48.0,47.0,63.0,63.0,11.0,0.0,50.0,8.0,63.0,42.0,63.0,63.0,0.48049439880957406,3.5993922622530063,2.6294815463103625,0.0,30.0,160.0,973957.0774053532,981432.3607427055,989100.5546177959,993296.3588136001,997395.7077405354,998987.2196768748,999565.9512900892,999758.8618278273,999903.5447311308,999951.7723655654,1000000.0,1000000.0,1000000.0,1000000.0,1000000.0,1000000.0,1000000.0,1000000.0,1000000.0,1000000.0,1000000.0,1000000.0,1000000.0,1000000.0,1000000.0,1000000.0,1000000.0,1000000.0,1000000.0,1000000.0,1000000.0,1000000.0,1000000.0,1000000.0,1000000.0,1000000.0,1000000.0,1000000.0,1000000.0,1000000.0,1000000.0,1000000.0,1000000.0,1000000.0,1000000.0,1000000.0,1000000.0,1000000.0,1000000.0,1000000.0,1000000.0,1000000.0,1000000.0,1000000.0,1000000.0,1000000.0,1000000.0,1000000.0,1000000.0,1000000.0,1000000.0,1000000.0,1000000.0,1000000.0,0.0,0.0,0.0,0.0,0.0,0.0,0.0,0.0,48.22763443453082,48.22763443453082,48.22763443453082,48.22763443453082,48.22763443453082,96.4552688690621,144.68290330359284,144.68290330359284,241.13817217265407,337.59344104171646,482.27634434531,819.8697853870253,1253.9184952978064,1350.373764166866,1639.7395707740552,2073.7882806848356,3038.3409693754506,4147.576561369663,6800.096455268857,10272.48613455508,16445.623342175077,25657.101519170483,42102.72486134549,48661.68314444173,116035.68844948165,167735.71256329885,249963.82927417403,331323.84856522776,442536.7735712563,548396.4311550518,677067.7598263804,761755.4858934169,853773.8123945019,909573.1854352542,956016.3973957077,976657.8249336869,989631.0585965757,995563.0576320231,998504.9433325295,999276.585483482,999614.1789245236,1000000.0,1000000.0,1000000.0,1000000.0,1000000.0,1000000.0,1000000.0,1000000.0,1000000.0,1000000.0,1000000.0,1000000.0,1000000.0,1000000.0,1000000.0,0.0,0.0,0.0,0.0,0.0,0.0,0.0,0.0,0.0,0.0,0.0,0.0,0.0,0.0,0.0,0.0,0.0,0.0,0.0,0.0,0.0,0.0,0.0,0.0,0.0,0.0,0.0,0.0,0.0,0.0,0.0,0.0,0.0,0.0,0.0,0.0,0.0,0.0,0.0,0.0,0.0,0.0,96.4552688690621,96.4552688690621,192.91053773812425,192.91053773812425,482.27634434531,868.0974198215577,1302.1461297323344,2845.4304316373314,6221.364842054485,11671.08753315649,24162.044851699997,45044.61056185197,93609.83843742465,155823.4868579697,279141.54810706526,403954.6660236315,574391.126115264,698529.0571497468,824596.0935616108,903834.0969375451,964118.639980709,1000000.0,0.0,0.0,0.0,0.0,0.0,0.0,0.0,0.0,0.0,0.0,0.0,0.0,0.0,0.0,0.0,0.0,0.0,0.0,0.0,0.0,0.0,0.0,0.0,0.0,0.0,0.0,0.0,0.0,0.0,0.0,0.0,0.0,0.0,0.0,0.0,0.0,0.0,0.0,0.0,0.0,0.0,0.0,0.0,0.0,0.0,0.0,0.0,0.0,0.0,0.0,0.0,0.0,0.0,0.0,0.0,0.0,0.0,0.0,0.0,0.0,0.0,0.0,0.0,1000000.0
FLINT,MAGNUM03,F,na,na,na,na,2025_03_11-15_02_56,na,5,22,Yes,1,na,0.0,1253.9184952978064,39112.61152640461,8.5,47.0,62.0,,,,0.0,1687.967205208623,39112.61152640461,8.5,47.0,62.0,36.0,21.0,6.0,33.0,14.0,3.0,27.0,10.0,1.0,22.0,6.0,0.0,17.0,2.0,0.0,12.0,-2.0,0.0,14.0,0.0,0.0,0.0,36.0,36.0,57.0,57.0,63.0,0.0,33.0,40.0,54.0,60.0,63.0,2.0,29.0,42.0,52.0,62.0,63.0,4.0,26.0,44.0,50.0,63.0,63.0,5.0,22.0,46.0,48.0,63.0,63.0,6.0,18.0,48.0,46.0,63.0,63.0,6.0,20.0,46.0,46.0,63.0,63.0,8.0,0.0,51.0,9.0,63.0,45.0,63.0,63.0,0.5168802528581964,3.504444694375058,2.5962049055924123,0.0,30.0,160.0,964745.5992283578,976079.0933204726,987219.6768748492,991463.7087050879,997058.1142994935,998890.7644080058,999903.5447311308,999951.7723655654,1000000.0,1000000.0,1000000.0,1000000.0,1000000.0,1000000.0,1000000.0,1000000.0,1000000.0,1000000.0,1000000.0,1000000.0,1000000.0,1000000.0,1000000.0,1000000.0,1000000.0,1000000.0,1000000.0,1000000.0,1000000.0,1000000.0,1000000.0,1000000.0,1000000.0,1000000.0,1000000.0,1000000.0,1000000.0,1000000.0,1000000.0,1000000.0,1000000.0,1000000.0,1000000.0,1000000.0,1000000.0,1000000.0,1000000.0,1000000.0,1000000.0,1000000.0,1000000.0,1000000.0,1000000.0,1000000.0,1000000.0,1000000.0,1000000.0,1000000.0,1000000.0,1000000.0,1000000.0,1000000.0,1000000.0,1000000.0,0.0,0.0,0.0,0.0,0.0,0.0,0.0,0.0,0.0,48.22763443453082,48.22763443453082,48.22763443453082,96.4552688690621,96.4552688690621,96.4552688690621,96.4552688690621,144.68290330359284,192.91053773812425,337.59344104171646,482.27634434531,868.0974198215577,1253.9184952978064,1495.056667470457,2170.2435495538875,3713.527851458888,5642.633228840121,9597.299252471657,14950.566674704614,22232.939474318777,35543.76657824937,57728.478418133614,67856.2816493851,153026.2840607668,218664.09452616354,328526.645768025,409549.0716180371,531564.9867374005,651024.8372317337,771352.7851458886,832312.5150711357,907258.2589823968,948348.2035206172,978635.1579455027,988473.595370147,995466.602363154,998312.0327947914,999565.9512900892,999758.8618278273,999951.7723655654,1000000.0,1000000.0,1000000.0,1000000.0,1000000.0,1000000.0,1000000.0,1000000.0,1000000.0,1000000.0,1000000.0,1000000.0,1000000.0,1000000.0,1000000.0,0.0,0.0,0.0,0.0,0.0,0.0,0.0,0.0,0.0,0.0,0.0,0.0,0.0,0.0,0.0,0.0,0.0,0.0,0.0,0.0,0.0,0.0,0.0,0.0,0.0,0.0,0.0,0.0,0.0,0.0,0.0,0.0,0.0,0.0,0.0,0.0,0.0,0.0,0.0,0.0,0.0,0.0,0.0,0.0,0.0,144.68290330359284,675.1868820834334,1302.1461297323344,2893.6580660718573,5256.812153363875,11622.859898721968,18760.549795032555,39353.74969857731,78852.1823004581,163636.3636363637,253436.21895346025,394019.7733301181,530311.0682421027,711839.8842536773,815143.4772124428,911695.2013503737,960887.3884735954,989438.1480588376,1000000.0,0.0,0.0,0.0,0.0,0.0,0.0,0.0,0.0,0.0,0.0,0.0,0.0,0.0,0.0,0.0,0.0,0.0,0.0,0.0,0.0,0.0,0.0,0.0,0.0,0.0,0.0,0.0,0.0,0.0,0.0,0.0,0.0,0.0,0.0,0.0,0.0,0.0,0.0,0.0,0.0,0.0,0.0,0.0,0.0,0.0,0.0,0.0,0.0,0.0,0.0,0.0,0.0,0.0,0.0,0.0,0.0,0.0,0.0,0.0,0.0,0.0,0.0,0.0,1000000.0
FLINT,MAGNUM03,F,na,na,na,na,2025_03_11-15_02_56,na,5,23,Yes,1,na,0.0,0.0,42777.911743428995,10.5,0.0,62.0,,,,0.0,0.0,42777.911743428995,10.5,0.0,62.0,36.0,21.0,6.0,33.0,14.0,3.0,27.0,9.0,1.0,22.0,6.0,0.0,17.0,1.0,0.0,13.0,-2.0,0.0,14.0,-1.0,0.0,0.0,36.0,36.0,57.0,57.0,63.0,0.0,33.0,40.0,54.0,60.0,63.0,1.0,28.0,43.0,52.0,62.0,63.0,4.0,26.0,44.0,50.0,63.0,63.0,5.0,22.0,46.0,47.0,63.0,63.0,6.0,19.0,47.0,45.0,63.0,63.0,6.0,20.0,47.0,46.0,63.0,63.0,7.0,0.0,48.0,14.0,63.0,0.0,63.0,63.0,0.43764379113011265,3.5523282227200377,2.6540502457781483,0.0,30.0,160.0,975741.4998794309,983265.0108512177,990547.3836508319,993537.4969857727,998215.5775259222,999228.3578490474,999903.5447311308,1000000.0,1000000.0,1000000.0,1000000.0,1000000.0,1000000.0,1000000.0,1000000.0,1000000.0,1000000.0,1000000.0,1000000.0,1000000.0,1000000.0,1000000.0,1000000.0,1000000.0,1000000.0,1000000.0,1000000.0,1000000.0,1000000.0,1000000.0,1000000.0,1000000.0,1000000.0,1000000.0,1000000.0,1000000.0,1000000.0,1000000.0,1000000.0,1000000.0,1000000.0,1000000.0,1000000.0,1000000.0,1000000.0,1000000.0,1000000.0,1000000.0,1000000.0,1000000.0,1000000.0,1000000.0,1000000.0,1000000.0,1000000.0,1000000.0,1000000.0,1000000.0,1000000.0,1000000.0,1000000.0,1000000.0,1000000.0,1000000.0,0.0,0.0,0.0,0.0,0.0,0.0,0.0,0.0,0.0,0.0,0.0,0.0,0.0,0.0,96.4552688690621,144.68290330359284,144.68290330359284,144.68290330359284,192.91053773812425,385.82107547624787,771.6421509524955,1157.4632264287443,1687.967205208584,2363.1540872920177,4485.170002411382,6124.909573185426,9597.299252471657,14178.924523752106,23727.99614178922,36218.95346033274,57487.3402459609,66505.90788521817,147576.56136966473,207089.46226187612,307258.2589823969,390016.87967205205,517000.2411381721,621123.7038823245,745116.9520135036,817844.2247407765,900168.796720521,941210.5136243067,974776.9471907403,987316.1321437183,994936.0983843743,997926.211719315,999517.7236556546,1000000.0,1000000.0,1000000.0,1000000.0,1000000.0,1000000.0,1000000.0,1000000.0,1000000.0,1000000.0,1000000.0,1000000.0,1000000.0,1000000.0,1000000.0,1000000.0,1000000.0,48.22763443453082,48.22763443453082,48.22763443453082,48.22763443453082,48.22763443453082,48.22763443453082,48.22763443453082,48.22763443453082,48.22763443453082,48.22763443453082,48.22763443453082,48.22763443453082,48.22763443453082,48.22763443453082,48.22763443453082,48.22763443453082,48.22763443453082,48.22763443453082,48.22763443453082,48.22763443453082,48.22763443453082,48.22763443453082,48.22763443453082,48.22763443453082,48.22763443453082,48.22763443453082,48.22763443453082,48.22763443453082,48.22763443453082,48.22763443453082,48.22763443453082,48.22763443453082,48.22763443453082,48.22763443453082,48.22763443453082,48.22763443453082,48.22763443453082,48.22763443453082,48.22763443453082,48.22763443453082,48.22763443453082,48.22763443453082,48.22763443453082,96.4552688690621,144.68290330359284,241.13817217265407,723.414516517964,1446.829033035929,2314.926452857486,4919.218712322153,11285.266457680242,20207.378828068486,42295.63539908366,78176.99541837469,162189.53460332775,246009.16325054257,395370.14709428506,532143.7183506149,704605.7390884977,802845.4304316372,908994.45382204,957222.088256571,986882.0834338076,1000000.0,0.0,0.0,0.0,0.0,0.0,0.0,0.0,0.0,0.0,0.0,0.0,0.0,0.0,0.0,0.0,0.0,0.0,0.0,0.0,0.0,0.0,0.0,0.0,0.0,0.0,0.0,0.0,0.0,0.0,0.0,0.0,0.0,0.0,0.0,0.0,0.0,0.0,0.0,0.0,0.0,0.0,0.0,0.0,0.0,0.0,0.0,0.0,0.0,0.0,0.0,0.0,0.0,0.0,0.0,0.0,0.0,0.0,0.0,0.0,0.0,0.0,0.0,0.0,1000000.0
FLINT,MAGNUM03,F,na,na,na,na,2025_03_11-15_02_56,na,5,24,Yes,1,na,0.0,1157.4632264288473,48.22763443453082,11.5,47.0,0.0,,,,0.0,2314.9264528575914,48.22763443453082,11.5,47.0,0.0,36.0,22.0,5.0,33.0,15.0,3.0,28.0,9.0,0.0,23.0,5.0,0.0,17.0,2.0,0.0,10.0,-6.0,0.0,15.0,-2.0,0.0,0.0,36.0,36.0,58.0,58.0,63.0,0.0,33.0,40.0,55.0,60.0,63.0,0.0,28.0,43.0,52.0,63.0,63.0,3.0,26.0,45.0,50.0,63.0,63.0,5.0,22.0,46.0,48.0,63.0,63.0,8.0,18.0,50.0,44.0,63.0,63.0,6.0,21.0,48.0,46.0,63.0,63.0,9.0,0.0,60.0,14.0,63.0,42.0,63.0,0.0,0.43117719598663434,3.673006447050261,2.673436448717225,0.6186885949313036,30.0,160.0,977863.5157945502,984133.1082710393,990692.0665541354,995177.2365565469,998263.8051603568,998938.9920424403,999565.9512900892,999855.3170966964,1000000.0,1000000.0,1000000.0,1000000.0,1000000.0,1000000.0,1000000.0,1000000.0,1000000.0,1000000.0,1000000.0,1000000.0,1000000.0,1000000.0,1000000.0,1000000.0,1000000.0,1000000.0,1000000.0,1000000.0,1000000.0,1000000.0,1000000.0,1000000.0,1000000.0,1000000.0,1000000.0,1000000.0,1000000.0,1000000.0,1000000.0,1000000.0,1000000.0,1000000.0,1000000.0,1000000.0,1000000.0,1000000.0,1000000.0,1000000.0,1000000.0,1000000.0,1000000.0,1000000.0,1000000.0,1000000.0,1000000.0,1000000.0,1000000.0,1000000.0,1000000.0,1000000.0,1000000.0,1000000.0,1000000.0,1000000.0,0.0,0.0,0.0,0.0,0.0,0.0,0.0,0.0,0.0,0.0,0.0,0.0,0.0,0.0,48.22763443453082,48.22763443453082,48.22763443453082,144.68290330359284,241.13817217265407,385.82107547624787,530.5039787798403,819.8697853870253,1543.2843019049903,2218.471183988428,3617.07258258982,6028.454304316367,10127.80323125151,15288.160115746312,23727.99614178922,36122.49819146372,56378.10465396668,68869.06197251029,147190.74029418855,208246.9254883048,299686.52037617547,392524.71666264767,500217.0243549554,602073.7882806849,713865.4448999276,799131.9025801785,878948.6375693271,930696.8893175789,965661.9242826139,981962.8647214853,992476.4890282131,997009.886665059,998842.5367735712,999324.8131179166,999614.1789245236,999807.0894622619,1000000.0,1000000.0,1000000.0,1000000.0,1000000.0,1000000.0,1000000.0,1000000.0,1000000.0,1000000.0,1000000.0,1000000.0,1000000.0,1000000.0,0.0,0.0,0.0,0.0,0.0,0.0,0.0,0.0,0.0,0.0,0.0,0.0,0.0,0.0,0.0,0.0,0.0,0.0,0.0,0.0,0.0,0.0,0.0,0.0,0.0,0.0,0.0,0.0,0.0,0.0,0.0,0.0,0.0,0.0,0.0,0.0,0.0,0.0,0.0,0.0,0.0,0.0,96.4552688690621,144.68290330359284,241.13817217265407,337.59344104171646,626.959247648901,1205.690860863273,2556.0646250301406,4195.804195804195,9115.022908126357,16831.444417651295,34434.530986255086,63949.8432601881,126549.31275620934,206028.45430431637,329250.060284543,462503.0142271521,630576.3202314925,750180.8536291295,867374.0053050396,932191.9459850494,977284.7841813358,1000000.0,96.4552688690621,96.4552688690621,96.4552688690621,96.4552688690621,96.4552688690621,96.4552688690621,96.4552688690621,96.4552688690621,96.4552688690621,96.4552688690621,96.4552688690621,96.4552688690621,96.4552688690621,96.4552688690621,96.4552688690621,96.4552688690621,96.4552688690621,96.4552688690621,96.4552688690621,96.4552688690621,96.4552688690621,96.4552688690621,96.4552688690621,96.4552688690621,96.4552688690621,96.4552688690621,96.4552688690621,96.4552688690621,96.4552688690621,96.4552688690621,96.4552688690621,96.4552688690621,96.4552688690621,96.4552688690621,96.4552688690621,96.4552688690621,96.4552688690621,96.4552688690621,96.4552688690621,96.4552688690621,96.4552688690621,96.4552688690621,96.4552688690621,96.4552688690621,96.4552688690621,96.4552688690621,96.4552688690621,96.4552688690621,96.4552688690621,96.4552688690621,96.4552688690621,96.4552688690621,96.4552688690621,96.4552688690621,96.4552688690621,96.4552688690621,96.4552688690621,96.4552688690621,96.4552688690621,96.4552688690621,96.4552688690621,96.4552688690621,96.4552688690621,1000000.0
FLINT,MAGNUM03,F,na,na,na,na,2025_03_11-15_02_56,na,5,25,Yes,1,na,0.0,2604.2922594646766,48.22763443453082,8.5,47.0,0.0,,,,0.0,4774.535809018564,48.22763443453082,8.5,47.0,0.0,37.0,21.0,5.0,32.0,15.0,2.0,28.0,8.0,0.0,22.0,4.0,0.0,16.0,-2.0,0.0,7.0,-6.0,0.0,12.0,-3.0,0.0,0.0,37.0,37.0,58.0,58.0,63.0,0.0,32.0,40.0,55.0,61.0,63.0,0.0,28.0,44.0,52.0,63.0,63.0,3.0,25.0,46.0,50.0,63.0,63.0,5.0,21.0,48.0,46.0,63.0,63.0,7.0,14.0,49.0,43.0,63.0,63.0,6.0,18.0,48.0,45.0,63.0,63.0,7.0,0.0,52.0,10.0,63.0,41.0,63.0,0.0,0.40652184620277776,3.921062958381513,2.844868167258031,0.6186885949313036,30.0,160.0,979937.304075235,985772.8478418133,991801.3021461297,994743.187846636,998263.8051603568,999324.8131179166,999855.3170966964,1000000.0,1000000.0,1000000.0,1000000.0,1000000.0,1000000.0,1000000.0,1000000.0,1000000.0,1000000.0,1000000.0,1000000.0,1000000.0,1000000.0,1000000.0,1000000.0,1000000.0,1000000.0,1000000.0,1000000.0,1000000.0,1000000.0,1000000.0,1000000.0,1000000.0,1000000.0,1000000.0,1000000.0,1000000.0,1000000.0,1000000.0,1000000.0,1000000.0,1000000.0,1000000.0,1000000.0,1000000.0,1000000.0,1000000.0,1000000.0,1000000.0,1000000.0,1000000.0,1000000.0,1000000.0,1000000.0,1000000.0,1000000.0,1000000.0,1000000.0,1000000.0,1000000.0,1000000.0,1000000.0,1000000.0,1000000.0,1000000.0,0.0,0.0,0.0,0.0,0.0,0.0,0.0,0.0,0.0,0.0,48.22763443453082,48.22763443453082,48.22763443453082,192.91053773812425,241.13817217265407,241.13817217265407,289.36580660718624,289.36580660718624,626.959247648901,916.3250542560885,1109.2355919942117,1736.1948396431121,2748.975162768264,3713.527851458888,5739.088497709187,8680.97419821557,13648.420544972252,20496.74463467567,31203.279479141525,46153.84615384609,68435.01326259949,80491.92187123222,158717.14492404138,212973.2336628888,300168.79672052077,376850.7354714251,492741.741017603,591319.0258017844,704653.9667229322,779020.979020979,864190.9814323607,917530.7451169519,956836.2671810947,975018.0853629129,988087.7742946708,993585.7246202073,997395.7077405354,998649.626235833,999565.9512900892,999903.5447311308,1000000.0,1000000.0,1000000.0,1000000.0,1000000.0,1000000.0,1000000.0,1000000.0,1000000.0,1000000.0,1000000.0,1000000.0,1000000.0,1000000.0,0.0,0.0,0.0,0.0,0.0,0.0,0.0,0.0,0.0,0.0,0.0,0.0,0.0,0.0,0.0,0.0,0.0,0.0,0.0,0.0,0.0,0.0,0.0,0.0,0.0,0.0,0.0,0.0,0.0,0.0,0.0,0.0,0.0,0.0,0.0,0.0,0.0,0.0,0.0,0.0,0.0,48.22763443453082,144.68290330359284,434.04870991077877,530.5039787798403,868.0974198215577,1687.967205208584,2218.471183988428,4051.121292500604,6124.909573185426,12828.550759585236,20014.468290330373,38582.1075476248,65059.078852182334,125150.7113576078,189968.65203761755,312466.8435013263,430335.18205932,594984.3260188088,700843.9836026044,830913.9136725343,904702.1943573668,962044.8517000242,1000000.0,96.4552688690621,96.4552688690621,96.4552688690621,96.4552688690621,96.4552688690621,96.4552688690621,96.4552688690621,96.4552688690621,96.4552688690621,96.4552688690621,96.4552688690621,96.4552688690621,96.4552688690621,96.4552688690621,96.4552688690621,96.4552688690621,96.4552688690621,96.4552688690621,96.4552688690621,96.4552688690621,96.4552688690621,96.4552688690621,96.4552688690621,96.4552688690621,96.4552688690621,96.4552688690621,96.4552688690621,96.4552688690621,96.4552688690621,96.4552688690621,96.4552688690621,96.4552688690621,96.4552688690621,96.4552688690621,96.4552688690621,96.4552688690621,96.4552688690621,96.4552688690621,96.4552688690621,96.4552688690621,96.4552688690621,96.4552688690621,96.4552688690621,96.4552688690621,96.4552688690621,96.4552688690621,96.4552688690621,96.4552688690621,96.4552688690621,96.4552688690621,96.4552688690621,96.4552688690621,96.4552688690621,96.4552688690621,96.4552688690621,96.4552688690621,96.4552688690621,96.4552688690621,96.4552688690621,96.4552688690621,96.4552688690621,96.4552688690621,96.4552688690621,1000000.0
FLINT,MAGNUM03,F,na,na,na,na,2025_03_11-15_02_56,na,5,26,Yes,1,na,0.0,675.1868820834334,0.0,11.0,47.0,0.0,,,,0.0,819.8697853870385,0.0,11.0,47.0,0.0,37.0,19.0,7.0,34.0,14.0,4.0,30.0,9.0,2.0,26.0,7.0,1.0,21.0,3.0,0.0,17.0,-1.0,0.0,18.0,1.0,0.0,0.0,37.0,37.0,56.0,56.0,63.0,0.0,34.0,40.0,54.0,59.0,63.0,0.0,30.0,42.0,51.0,61.0,63.0,2.0,28.0,43.0,50.0,62.0,63.0,4.0,25.0,45.0,48.0,63.0,63.0,5.0,22.0,47.0,46.0,63.0,63.0,5.0,23.0,46.0,47.0,63.0,63.0,6.0,0.0,55.0,16.0,63.0,44.0,63.0,0.0,0.3292207427370659,3.0086012360595924,2.5113581676431695,0.4374894505865458,30.0,160.0,979503.2553653242,987316.1321437183,994502.0496744635,997685.0735471424,999373.040752351,999951.7723655654,1000000.0,1000000.0,1000000.0,1000000.0,1000000.0,1000000.0,1000000.0,1000000.0,1000000.0,1000000.0,1000000.0,1000000.0,1000000.0,1000000.0,1000000.0,1000000.0,1000000.0,1000000.0,1000000.0,1000000.0,1000000.0,1000000.0,1000000.0,1000000.0,1000000.0,1000000.0,1000000.0,1000000.0,1000000.0,1000000.0,1000000.0,1000000.0,1000000.0,1000000.0,1000000.0,1000000.0,1000000.0,1000000.0,1000000.0,1000000.0,1000000.0,1000000.0,1000000.0,1000000.0,1000000.0,1000000.0,1000000.0,1000000.0,1000000.0,1000000.0,1000000.0,1000000.0,1000000.0,1000000.0,1000000.0,1000000.0,1000000.0,1000000.0,0.0,0.0,0.0,0.0,0.0,0.0,0.0,0.0,0.0,0.0,0.0,0.0,0.0,0.0,0.0,0.0,48.22763443453082,48.22763443453082,96.4552688690621,96.4552688690621,192.91053773812425,192.91053773812425,241.13817217265407,626.959247648901,916.3250542560885,1446.829033035929,2941.8857005063924,4388.714733542319,8391.608391608395,14661.200868097394,27007.475283337364,35688.44948155294,96262.35833132385,148878.70749939713,246346.75669158425,337207.6199662406,471714.4924041475,596190.016879672,744104.1716903786,827489.7516276826,916759.1029659995,959295.8765372558,986448.0347238968,995273.6918254159,998360.2604292259,999276.585483482,999855.3170966964,999951.7723655654,1000000.0,1000000.0,1000000.0,1000000.0,1000000.0,1000000.0,1000000.0,1000000.0,1000000.0,1000000.0,1000000.0,1000000.0,1000000.0,1000000.0,1000000.0,1000000.0,0.0,0.0,0.0,0.0,0.0,0.0,0.0,0.0,0.0,0.0,0.0,0.0,0.0,0.0,0.0,0.0,0.0,0.0,0.0,0.0,0.0,0.0,0.0,0.0,0.0,0.0,0.0,0.0,0.0,0.0,0.0,0.0,0.0,0.0,0.0,0.0,0.0,0.0,0.0,0.0,0.0,0.0,0.0,0.0,96.4552688690621,96.4552688690621,482.27634434531,723.414516517964,1687.967205208584,4340.487099107789,13503.73764166868,27055.70291777187,63660.477453580876,125584.76006751867,250204.96744634668,361273.2095490716,543814.8058837714,671569.809500844,817072.582589824,889992.7658548348,959102.9659995177,984711.8398842536,996865.2037617555,1000000.0,48.22763443453082,48.22763443453082,48.22763443453082,48.22763443453082,48.22763443453082,48.22763443453082,48.22763443453082,48.22763443453082,48.22763443453082,48.22763443453082,48.22763443453082,48.22763443453082,48.22763443453082,48.22763443453082,48.22763443453082,48.22763443453082,48.22763443453082,48.22763443453082,48.22763443453082,48.22763443453082,48.22763443453082,48.22763443453082,48.22763443453082,48.22763443453082,48.22763443453082,48.22763443453082,48.22763443453082,48.22763443453082,48.22763443453082,48.22763443453082,48.22763443453082,48.22763443453082,48.22763443453082,48.22763443453082,48.22763443453082,48.22763443453082,48.22763443453082,48.22763443453082,48.22763443453082,48.22763443453082,48.22763443453082,48.22763443453082,48.22763443453082,48.22763443453082,48.22763443453082,48.22763443453082,48.22763443453082,48.22763443453082,48.22763443453082,48.22763443453082,48.22763443453082,48.22763443453082,48.22763443453082,48.22763443453082,48.22763443453082,48.22763443453082,48.22763443453082,48.22763443453082,48.22763443453082,48.22763443453082,48.22763443453082,48.22763443453082,48.22763443453082,1000000.0
FLINT,MAGNUM03,F,na,na,na,na,2025_03_11-15_02_56,na,5,27,Yes,1,na,0.0,385.82107547624787,13503.73764166868,12.0,47.0,62.0,,,,0.0,482.2763443453922,13503.73764166868,12.0,47.0,62.0,36.0,20.0,7.0,33.0,15.0,4.0,27.0,10.0,2.0,24.0,7.0,1.0,21.0,5.0,0.0,16.0,1.0,0.0,17.0,3.0,0.0,0.0,36.0,36.0,56.0,56.0,63.0,0.0,33.0,39.0,54.0,59.0,63.0,2.0,29.0,42.0,52.0,61.0,63.0,3.0,27.0,43.0,50.0,62.0,63.0,4.0,25.0,44.0,49.0,63.0,63.0,5.0,21.0,46.0,47.0,63.0,63.0,5.0,22.0,45.0,48.0,63.0,63.0,6.0,0.0,49.0,18.0,63.0,44.0,63.0,63.0,0.473335054984884,3.1341521796145506,2.3161361969271255,0.0,30.0,160.0,955582.348685797,972606.7036411864,987219.6768748492,995418.3747287195,999180.1302146129,999951.7723655654,1000000.0,1000000.0,1000000.0,1000000.0,1000000.0,1000000.0,1000000.0,1000000.0,1000000.0,1000000.0,1000000.0,1000000.0,1000000.0,1000000.0,1000000.0,1000000.0,1000000.0,1000000.0,1000000.0,1000000.0,1000000.0,1000000.0,1000000.0,1000000.0,1000000.0,1000000.0,1000000.0,1000000.0,1000000.0,1000000.0,1000000.0,1000000.0,1000000.0,1000000.0,1000000.0,1000000.0,1000000.0,1000000.0,1000000.0,1000000.0,1000000.0,1000000.0,1000000.0,1000000.0,1000000.0,1000000.0,1000000.0,1000000.0,1000000.0,1000000.0,1000000.0,1000000.0,1000000.0,1000000.0,1000000.0,1000000.0,1000000.0,1000000.0,0.0,0.0,0.0,0.0,0.0,0.0,0.0,0.0,0.0,0.0,0.0,0.0,0.0,0.0,0.0,0.0,0.0,0.0,48.22763443453082,96.4552688690621,192.91053773812425,434.04870991077877,723.414516517964,868.0974198215577,1350.373764166866,2218.471183988428,4292.259464673261,7812.876778394019,14564.745599228345,24162.044851699997,44128.285507595865,54256.088738847335,149409.2114781771,221268.3867856281,331613.21437183506,437279.9614178924,572269.1102001447,680588.3771401013,804581.6252712805,870460.5739088496,937400.5305039788,969520.1350373763,989920.4244031829,996479.3826862792,998938.9920424403,999614.1789245236,999903.5447311308,999951.7723655654,1000000.0,1000000.0,1000000.0,1000000.0,1000000.0,1000000.0,1000000.0,1000000.0,1000000.0,1000000.0,1000000.0,1000000.0,1000000.0,1000000.0,1000000.0,1000000.0,0.0,0.0,0.0,0.0,0.0,0.0,0.0,0.0,0.0,0.0,0.0,0.0,0.0,0.0,0.0,0.0,0.0,0.0,0.0,0.0,0.0,0.0,0.0,0.0,0.0,0.0,0.0,0.0,0.0,0.0,0.0,0.0,0.0,0.0,0.0,0.0,0.0,0.0,0.0,0.0,0.0,0.0,0.0,0.0,48.22763443453082,48.22763443453082,192.91053773812425,434.04870991077877,868.0974198215577,2025.5606462503029,7041.234627441522,14854.111405835532,40704.12346274415,88353.02628406072,201012.78032312513,309717.86833855795,503158.91005546175,649047.5042199179,813696.6481794068,895201.3503737642,962430.6727755003,986496.2623583314,997202.7972027971,1000000.0,0.0,0.0,0.0,0.0,0.0,0.0,0.0,0.0,0.0,0.0,0.0,0.0,0.0,0.0,0.0,0.0,0.0,0.0,0.0,0.0,0.0,0.0,0.0,0.0,0.0,0.0,0.0,0.0,0.0,0.0,0.0,0.0,0.0,0.0,0.0,0.0,0.0,0.0,0.0,0.0,0.0,0.0,0.0,0.0,0.0,0.0,0.0,0.0,0.0,0.0,0.0,0.0,0.0,0.0,0.0,0.0,0.0,0.0,0.0,0.0,0.0,0.0,0.0,1000000.0
FLINT,MAGNUM03,F,na,na,na,na,2025_03_11-15_02_56,na,5,28,Yes,1,na,0.0,1398.6013986014846,0.0,9.5,46.0,0.0,,,,0.0,2025.560646250412,0.0,9.5,46.0,0.0,36.0,21.0,6.0,32.0,15.0,4.0,28.0,9.0,1.0,23.0,5.0,1.0,17.0,1.0,0.0,9.0,-4.0,0.0,13.0,-1.0,0.0,0.0,36.0,36.0,57.0,57.0,63.0,0.0,32.0,39.0,54.0,59.0,63.0,0.0,28.0,42.0,51.0,62.0,63.0,2.0,25.0,44.0,49.0,62.0,63.0,5.0,22.0,46.0,47.0,63.0,63.0,6.0,15.0,48.0,44.0,63.0,63.0,6.0,19.0,46.0,45.0,63.0,63.0,9.0,0.0,51.0,10.0,63.0,39.0,63.0,0.0,0.32128145080428483,3.5631029608521674,2.642293204282827,0.4374894505865458,30.0,160.0,989389.9204244032,991608.3916083915,995418.3747287195,996865.2037617555,998697.8538702676,999469.4960212201,999903.5447311308,999951.7723655654,1000000.0,1000000.0,1000000.0,1000000.0,1000000.0,1000000.0,1000000.0,1000000.0,1000000.0,1000000.0,1000000.0,1000000.0,1000000.0,1000000.0,1000000.0,1000000.0,1000000.0,1000000.0,1000000.0,1000000.0,1000000.0,1000000.0,1000000.0,1000000.0,1000000.0,1000000.0,1000000.0,1000000.0,1000000.0,1000000.0,1000000.0,1000000.0,1000000.0,1000000.0,1000000.0,1000000.0,1000000.0,1000000.0,1000000.0,1000000.0,1000000.0,1000000.0,1000000.0,1000000.0,1000000.0,1000000.0,1000000.0,1000000.0,1000000.0,1000000.0,1000000.0,1000000.0,1000000.0,1000000.0,1000000.0,1000000.0,0.0,0.0,0.0,0.0,0.0,0.0,0.0,0.0,0.0,0.0,48.22763443453082,96.4552688690621,96.4552688690621,144.68290330359284,192.91053773812425,241.13817217265407,289.36580660718624,385.82107547624787,530.5039787798403,626.959247648901,771.6421509524955,1109.2355919942117,2122.0159151193625,2941.8857005063924,4629.85290571497,7619.966240655894,13117.916566192442,19146.37087050881,29901.13334940919,46057.39088497706,75283.33735230277,89799.85531709666,187026.76633711113,256329.8770195322,376079.09332047263,460236.3154087292,582493.3687002653,689172.8960694477,805546.177959971,860188.0877742947,924571.9797443936,959199.4212683868,984374.2464432119,992765.8548348203,997058.1142994935,998601.3986013986,999614.1789245236,999855.3170966964,1000000.0,1000000.0,1000000.0,1000000.0,1000000.0,1000000.0,1000000.0,1000000.0,1000000.0,1000000.0,1000000.0,1000000.0,1000000.0,1000000.0,1000000.0,1000000.0,0.0,0.0,0.0,0.0,0.0,0.0,0.0,0.0,0.0,0.0,0.0,0.0,0.0,0.0,0.0,0.0,0.0,0.0,0.0,0.0,0.0,0.0,0.0,0.0,0.0,0.0,0.0,0.0,0.0,0.0,0.0,0.0,0.0,0.0,0.0,0.0,0.0,0.0,0.0,48.22763443453082,48.22763443453082,48.22763443453082,144.68290330359284,144.68290330359284,337.59344104171646,578.7316132143711,1061.0079575596806,1687.967205208584,3858.2107547624714,7330.600434048703,16927.89968652038,27489.751627682657,59464.673257776754,107354.71425126592,210995.900651073,305811.42994936096,463853.387991319,598553.170966964,768507.3547142511,851700.0241138171,936098.3843742465,974439.3537496985,994116.2285989872,1000000.0,48.22763443453082,48.22763443453082,48.22763443453082,48.22763443453082,48.22763443453082,48.22763443453082,48.22763443453082,48.22763443453082,48.22763443453082,48.22763443453082,48.22763443453082,48.22763443453082,48.22763443453082,48.22763443453082,48.22763443453082,48.22763443453082,48.22763443453082,48.22763443453082,48.22763443453082,48.22763443453082,48.22763443453082,48.22763443453082,48.22763443453082,48.22763443453082,48.22763443453082,48.22763443453082,48.22763443453082,48.22763443453082,48.22763443453082,48.22763443453082,48.22763443453082,48.22763443453082,48.22763443453082,48.22763443453082,48.22763443453082,48.22763443453082,48.22763443453082,48.22763443453082,48.22763443453082,48.22763443453082,48.22763443453082,48.22763443453082,48.22763443453082,48.22763443453082,48.22763443453082,48.22763443453082,48.22763443453082,48.22763443453082,48.22763443453082,48.22763443453082,48.22763443453082,48.22763443453082,48.22763443453082,48.22763443453082,48.22763443453082,48.22763443453082,48.22763443453082,48.22763443453082,48.22763443453082,48.22763443453082,48.22763443453082,48.22763443453082,48.22763443453082,1000000.0
FLINT,MAGNUM03,F,na,na,na,na,2025_03_11-15_02_56,na,5,29,Yes,1,na,96.4552688690621,2845.4304316373314,48.22763443453082,10.0,46.0,0.0,,,,144.68290330363408,4099.34892693521,48.22763443453082,10.0,46.0,0.0,35.0,21.0,7.0,32.0,14.0,4.0,25.0,8.0,2.0,20.0,4.0,1.0,14.0,1.0,0.0,4.0,-4.0,0.0,10.0,-2.0,0.0,0.0,35.0,35.0,56.0,56.0,63.0,0.0,32.0,39.0,53.0,59.0,63.0,2.0,27.0,42.0,50.0,61.0,63.0,4.0,24.0,44.0,48.0,62.0,63.0,6.0,20.0,45.0,46.0,63.0,63.0,8.0,12.0,47.0,43.0,63.0,63.0,7.0,17.0,46.0,44.0,63.0,63.0,13.0,0.0,48.0,1.0,63.0,40.0,63.0,0.0,0.5405512159728343,3.7555228102677183,2.7766830380229055,0.6186885949313036,30.0,160.0,964311.550518447,975210.995900651,986303.3518205931,991849.5297805641,996768.7484928863,998649.626235833,999517.7236556546,999710.6341933928,999951.7723655654,999951.7723655654,1000000.0,1000000.0,1000000.0,1000000.0,1000000.0,1000000.0,1000000.0,1000000.0,1000000.0,1000000.0,1000000.0,1000000.0,1000000.0,1000000.0,1000000.0,1000000.0,1000000.0,1000000.0,1000000.0,1000000.0,1000000.0,1000000.0,1000000.0,1000000.0,1000000.0,1000000.0,1000000.0,1000000.0,1000000.0,1000000.0,1000000.0,1000000.0,1000000.0,1000000.0,1000000.0,1000000.0,1000000.0,1000000.0,1000000.0,1000000.0,1000000.0,1000000.0,1000000.0,1000000.0,1000000.0,1000000.0,1000000.0,1000000.0,1000000.0,1000000.0,1000000.0,1000000.0,1000000.0,1000000.0,0.0,48.22763443453082,48.22763443453082,48.22763443453082,48.22763443453082,48.22763443453082,48.22763443453082,48.22763443453082,96.4552688690621,96.4552688690621,144.68290330359284,144.68290330359284,241.13817217265407,241.13817217265407,337.59344104171646,337.59344104171646,385.82107547624787,626.959247648901,819.8697853870253,1157.4632264287443,1977.3330118157653,2748.975162768264,4099.348926935128,5883.771401012779,8680.97419821557,12828.550759585236,20786.110441282854,28454.30431637329,44369.4236797685,65637.81046539666,104461.05618519413,121823.00458162521,238051.6035688449,315698.0950084398,433904.02700747526,521388.9558717144,644899.9276585483,735712.5632987702,835399.0836749458,882951.5312273932,937882.806848324,963925.7294429707,984422.4740776465,992572.9442970823,996816.9761273209,998746.0815047021,999807.0894622619,1000000.0,1000000.0,1000000.0,1000000.0,1000000.0,1000000.0,1000000.0,1000000.0,1000000.0,1000000.0,1000000.0,1000000.0,1000000.0,1000000.0,1000000.0,1000000.0,1000000.0,0.0,0.0,0.0,0.0,0.0,0.0,0.0,0.0,0.0,0.0,0.0,0.0,0.0,0.0,0.0,0.0,0.0,0.0,0.0,0.0,0.0,0.0,0.0,0.0,0.0,0.0,0.0,0.0,0.0,0.0,0.0,0.0,0.0,0.0,0.0,0.0,0.0,0.0,0.0,0.0,48.22763443453082,48.22763443453082,192.91053773812425,337.59344104171646,675.1868820834334,1253.9184952978064,2893.6580660718573,4581.625271280436,8729.201832650102,15818.664094526175,33904.027007475284,55268.86906197253,105714.9746804919,174005.30503978778,297516.2768266216,396382.92741741013,566337.1111646973,697178.68338558,837858.6930311068,900168.796720521,961273.2095490716,984518.9293465156,996768.7484928863,1000000.0,96.4552688690621,96.4552688690621,96.4552688690621,96.4552688690621,96.4552688690621,96.4552688690621,96.4552688690621,96.4552688690621,96.4552688690621,96.4552688690621,96.4552688690621,96.4552688690621,96.4552688690621,96.4552688690621,96.4552688690621,96.4552688690621,96.4552688690621,96.4552688690621,96.4552688690621,96.4552688690621,96.4552688690621,96.4552688690621,96.4552688690621,96.4552688690621,96.4552688690621,96.4552688690621,96.4552688690621,96.4552688690621,96.4552688690621,96.4552688690621,96.4552688690621,96.4552688690621,96.4552688690621,96.4552688690621,96.4552688690621,96.4552688690621,96.4552688690621,96.4552688690621,96.4552688690621,96.4552688690621,96.4552688690621,96.4552688690621,96.4552688690621,96.4552688690621,96.4552688690621,96.4552688690621,96.4552688690621,96.4552688690621,96.4552688690621,96.4552688690621,96.4552688690621,96.4552688690621,96.4552688690621,96.4552688690621,96.4552688690621,96.4552688690621,96.4552688690621,96.4552688690621,96.4552688690621,96.4552688690621,96.4552688690621,96.4552688690621,96.4552688690621,1000000.0
FLINT,MAGNUM03,F,na,na,na,na,2025_03_11-15_02_56,na,5,30,Yes,1,na,48.22763443453082,578.7316132144223,6462.503014227236,10.5,45.0,62.0,,,,48.22763443453082,1061.0079575597324,6462.503014227236,10.5,45.0,62.0,35.0,21.0,7.0,32.0,15.0,5.0,26.0,9.0,3.0,21.0,6.0,1.0,17.0,3.0,1.0,8.0,-4.0,0.0,14.0,1.0,0.0,0.0,35.0,35.0,56.0,56.0,63.0,0.0,32.0,38.0,53.0,58.0,63.0,2.0,28.0,41.0,50.0,60.0,63.0,4.0,25.0,43.0,49.0,62.0,63.0,5.0,22.0,44.0,47.0,62.0,63.0,8.0,16.0,46.0,42.0,63.0,63.0,6.0,20.0,45.0,46.0,63.0,63.0,10.0,0.0,47.0,2.0,63.0,38.0,63.0,63.0,0.5533343564221693,3.334884666296858,2.4663855770394987,0.0,30.0,160.0,958427.7791174343,971979.7443935374,985194.116228599,990933.2047263081,996913.43139619,998938.9920424403,999565.9512900892,999807.0894622619,1000000.0,1000000.0,1000000.0,1000000.0,1000000.0,1000000.0,1000000.0,1000000.0,1000000.0,1000000.0,1000000.0,1000000.0,1000000.0,1000000.0,1000000.0,1000000.0,1000000.0,1000000.0,1000000.0,1000000.0,1000000.0,1000000.0,1000000.0,1000000.0,1000000.0,1000000.0,1000000.0,1000000.0,1000000.0,1000000.0,1000000.0,1000000.0,1000000.0,1000000.0,1000000.0,1000000.0,1000000.0,1000000.0,1000000.0,1000000.0,1000000.0,1000000.0,1000000.0,1000000.0,1000000.0,1000000.0,1000000.0,1000000.0,1000000.0,1000000.0,1000000.0,1000000.0,1000000.0,1000000.0,1000000.0,1000000.0,0.0,0.0,48.22763443453082,48.22763443453082,48.22763443453082,48.22763443453082,48.22763443453082,48.22763443453082,48.22763443453082,48.22763443453082,48.22763443453082,96.4552688690621,96.4552688690621,96.4552688690621,192.91053773812425,192.91053773812425,289.36580660718624,289.36580660718624,337.59344104171646,434.04870991077877,675.1868820834334,1109.2355919942117,1591.5119363395213,2314.926452857486,3665.3002170243526,7137.689896310589,13262.599469496023,19532.191945985043,32843.01904991558,50446.105618519425,86906.19725102489,100313.47962382453,230431.6373281891,314106.58307210024,444996.3829274174,547431.8784663612,670171.2081022426,765758.379551483,866216.542078611,913576.0790933204,962189.5346033276,981625.2712804436,993730.407523511,997492.1630094043,999421.2683867855,999710.6341933928,999951.7723655654,1000000.0,1000000.0,1000000.0,1000000.0,1000000.0,1000000.0,1000000.0,1000000.0,1000000.0,1000000.0,1000000.0,1000000.0,1000000.0,1000000.0,1000000.0,1000000.0,1000000.0,0.0,0.0,0.0,0.0,0.0,0.0,0.0,0.0,0.0,0.0,0.0,0.0,0.0,0.0,0.0,0.0,0.0,0.0,0.0,0.0,0.0,0.0,0.0,0.0,0.0,0.0,0.0,0.0,0.0,0.0,0.0,0.0,0.0,0.0,0.0,0.0,0.0,0.0,48.22763443453082,48.22763443453082,96.4552688690621,96.4552688690621,241.13817217265407,241.13817217265407,337.59344104171646,530.5039787798403,1109.2355919942117,1832.650108512174,4436.942367976849,9018.567639257291,24210.272486134556,49433.325295394265,104316.37328189053,183795.51482999756,339908.36749457434,467663.37111164693,652085.8451892935,773908.8497709187,895297.8056426331,948975.1627682662,982879.1897757414,993537.4969857727,999083.6749457439,1000000.0,0.0,0.0,0.0,0.0,0.0,0.0,0.0,0.0,0.0,0.0,0.0,0.0,0.0,0.0,0.0,0.0,0.0,0.0,0.0,0.0,0.0,0.0,0.0,0.0,0.0,0.0,0.0,0.0,0.0,0.0,0.0,0.0,0.0,0.0,0.0,0.0,0.0,0.0,0.0,0.0,0.0,0.0,0.0,0.0,0.0,0.0,0.0,0.0,0.0,0.0,0.0,0.0,0.0,0.0,0.0,0.0,0.0,0.0,0.0,0.0,0.0,0.0,0.0,1000000.0
FLINT,MAGNUM03,F,na,na,na,na,2025_03_11-15_02_56,na,5,31,Yes,1,na,96.4552688690621,4822.763443453113,0.0,9.0,45.0,0.0,,,,96.4552688690621,9307.933445864495,0.0,9.0,45.0,0.0,35.0,21.0,7.0,32.0,14.0,4.0,25.0,7.0,1.0,17.0,2.0,0.0,11.0,-3.0,0.0,2.0,-8.0,0.0,7.0,-6.0,0.0,0.0,35.0,35.0,56.0,56.0,63.0,0.0,32.0,39.0,53.0,59.0,63.0,0.0,25.0,42.0,49.0,62.0,63.0,3.0,20.0,44.0,46.0,63.0,63.0,5.0,16.0,46.0,43.0,63.0,63.0,8.0,10.0,49.0,41.0,63.0,63.0,6.0,13.0,48.0,42.0,63.0,63.0,9.0,0.0,51.0,0.0,63.0,33.0,63.0,0.0,0.3989189339782451,4.248219111958581,3.1929181415698933,0.4374894505865458,30.0,160.0,984663.6122498191,987701.9532191945,992669.3995659512,995321.9194598505,998263.8051603568,999035.4473113093,999565.9512900892,999758.8618278273,1000000.0,1000000.0,1000000.0,1000000.0,1000000.0,1000000.0,1000000.0,1000000.0,1000000.0,1000000.0,1000000.0,1000000.0,1000000.0,1000000.0,1000000.0,1000000.0,1000000.0,1000000.0,1000000.0,1000000.0,1000000.0,1000000.0,1000000.0,1000000.0,1000000.0,1000000.0,1000000.0,1000000.0,1000000.0,1000000.0,1000000.0,1000000.0,1000000.0,1000000.0,1000000.0,1000000.0,1000000.0,1000000.0,1000000.0,1000000.0,1000000.0,1000000.0,1000000.0,1000000.0,1000000.0,1000000.0,1000000.0,1000000.0,1000000.0,1000000.0,1000000.0,1000000.0,1000000.0,1000000.0,1000000.0,1000000.0,48.22763443453082,48.22763443453082,48.22763443453082,48.22763443453082,96.4552688690621,96.4552688690621,96.4552688690621,96.4552688690621,96.4552688690621,144.68290330359284,337.59344104171646,337.59344104171646,482.27634434531,771.6421509524955,1109.2355919942117,1253.9184952978064,1687.967205208584,2411.3817217265464,3375.934410417169,4629.85290571497,6462.5030142271535,7668.193875090419,10513.624306727752,13262.599469496023,18037.1352785146,25223.052809259698,37087.05088015431,49288.642392090645,73788.28068483245,99638.29274174113,140776.464914396,157993.73040752352,282758.6206896552,356209.30793344585,468193.8750904268,558620.6896551724,660284.5430431638,740390.6438389196,831637.3281890522,877984.0848806364,932867.1328671329,960598.0226669881,981384.133108271,990306.2454786592,995177.2365565469,997636.845912708,998842.5367735712,999421.2683867855,999807.0894622619,999951.7723655654,1000000.0,1000000.0,1000000.0,1000000.0,1000000.0,1000000.0,1000000.0,1000000.0,1000000.0,1000000.0,1000000.0,1000000.0,1000000.0,1000000.0,0.0,0.0,0.0,0.0,0.0,0.0,0.0,0.0,0.0,0.0,0.0,0.0,0.0,0.0,0.0,0.0,0.0,0.0,0.0,0.0,0.0,0.0,0.0,0.0,0.0,0.0,0.0,0.0,0.0,0.0,0.0,0.0,0.0,48.22763443453082,48.22763443453082,48.22763443453082,48.22763443453082,48.22763443453082,48.22763443453082,48.22763443453082,192.91053773812425,530.5039787798403,916.3250542560885,1784.4224740776426,2797.202797202796,4533.397636845913,7571.738606221362,11188.811188811189,19291.053773812408,32023.149264528558,58017.8442247408,90426.8145647455,143718.35061490236,207764.64914395948,322546.41909814323,420207.37882806844,568989.6310585965,680636.6047745358,810851.2177477694,886616.8314444176,945406.3178201108,972317.3378345792,991319.0258017844,1000000.0,48.22763443453082,48.22763443453082,48.22763443453082,48.22763443453082,48.22763443453082,48.22763443453082,48.22763443453082,48.22763443453082,48.22763443453082,48.22763443453082,48.22763443453082,48.22763443453082,48.22763443453082,48.22763443453082,48.22763443453082,48.22763443453082,48.22763443453082,48.22763443453082,48.22763443453082,48.22763443453082,48.22763443453082,48.22763443453082,48.22763443453082,48.22763443453082,48.22763443453082,48.22763443453082,48.22763443453082,48.22763443453082,48.22763443453082,48.22763443453082,48.22763443453082,48.22763443453082,48.22763443453082,48.22763443453082,48.22763443453082,48.22763443453082,48.22763443453082,48.22763443453082,48.22763443453082,48.22763443453082,48.22763443453082,48.22763443453082,48.22763443453082,48.22763443453082,48.22763443453082,48.22763443453082,48.22763443453082,48.22763443453082,48.22763443453082,48.22763443453082,48.22763443453082,48.22763443453082,48.22763443453082,48.22763443453082,48.22763443453082,48.22763443453082,48.22763443453082,48.22763443453082,48.22763443453082,48.22763443453082,48.22763443453082,48.22763443453082,48.22763443453082,1000000.0
FLINT,MAGNUM03,F,na,na,na,na,2025_03_11-15_02_56,na,5,32,Yes,1,na,0.0,964.552688690668,0.0,10.0,45.0,0.0,,,,0.0,1543.2843019050392,0.0,10.0,45.0,0.0,35.0,21.0,7.0,32.0,15.0,5.0,26.0,9.0,3.0,21.0,6.0,1.0,16.0,3.0,0.0,10.0,-3.0,0.0,14.0,0.0,0.0,0.0,35.0,35.0,56.0,56.0,63.0,0.0,32.0,38.0,53.0,58.0,63.0,2.0,28.0,41.0,50.0,60.0,63.0,4.0,25.0,43.0,49.0,62.0,63.0,6.0,22.0,44.0,47.0,63.0,63.0,8.0,18.0,46.0,43.0,63.0,63.0,6.0,20.0,45.0,45.0,63.0,63.0,8.0,0.0,47.0,12.0,63.0,40.0,63.0,0.0,0.6578417374550292,3.3364014869618877,2.499864918972818,0.4374894505865458,30.0,160.0,942078.6110441283,959440.5594405594,978683.3855799373,987412.5874125873,994984.3260188088,998119.1222570533,999565.9512900892,999758.8618278273,1000000.0,1000000.0,1000000.0,1000000.0,1000000.0,1000000.0,1000000.0,1000000.0,1000000.0,1000000.0,1000000.0,1000000.0,1000000.0,1000000.0,1000000.0,1000000.0,1000000.0,1000000.0,1000000.0,1000000.0,1000000.0,1000000.0,1000000.0,1000000.0,1000000.0,1000000.0,1000000.0,1000000.0,1000000.0,1000000.0,1000000.0,1000000.0,1000000.0,1000000.0,1000000.0,1000000.0,1000000.0,1000000.0,1000000.0,1000000.0,1000000.0,1000000.0,1000000.0,1000000.0,1000000.0,1000000.0,1000000.0,1000000.0,1000000.0,1000000.0,1000000.0,1000000.0,1000000.0,1000000.0,1000000.0,1000000.0,0.0,0.0,0.0,0.0,0.0,0.0,0.0,0.0,0.0,0.0,0.0,0.0,48.22763443453082,48.22763443453082,48.22763443453082,48.22763443453082,96.4552688690621,192.91053773812425,241.13817217265407,337.59344104171646,675.1868820834334,1012.7803231251486,1929.1053773812387,2700.747528333735,4726.3081745840345,7571.738606221362,13262.599469496023,22136.48420544968,34482.75862068963,53580.9018567639,86375.69327224503,97371.59392331807,232119.6045333976,321388.95587171445,446394.9843260188,560163.9739570774,674125.8741258743,773523.0286954425,867856.2816493851,916228.5989872196,961610.8029901133,981577.043646009,993199.9035447311,997106.3419339281,999035.4473113093,999758.8618278273,1000000.0,1000000.0,1000000.0,1000000.0,1000000.0,1000000.0,1000000.0,1000000.0,1000000.0,1000000.0,1000000.0,1000000.0,1000000.0,1000000.0,1000000.0,1000000.0,1000000.0,1000000.0,0.0,0.0,0.0,0.0,0.0,0.0,0.0,0.0,0.0,0.0,0.0,0.0,0.0,0.0,0.0,0.0,0.0,0.0,0.0,0.0,0.0,0.0,0.0,0.0,0.0,0.0,0.0,0.0,0.0,0.0,0.0,0.0,0.0,0.0,0.0,0.0,0.0,0.0,0.0,0.0,48.22763443453082,144.68290330359284,144.68290330359284,241.13817217265407,385.82107547624787,626.959247648901,1350.373764166866,2218.471183988428,5449.72269110199,10465.39667229322,24596.093561610804,49770.918736435924,99011.33349409202,173233.6628888353,323752.1099590065,445671.5698095008,633469.9782975644,758765.3725584759,882613.9377863515,943959.4887870749,980805.4014950566,992717.6272003858,998553.1709669641,1000000.0,48.22763443453082,48.22763443453082,48.22763443453082,48.22763443453082,48.22763443453082,48.22763443453082,48.22763443453082,48.22763443453082,48.22763443453082,48.22763443453082,48.22763443453082,48.22763443453082,48.22763443453082,48.22763443453082,48.22763443453082,48.22763443453082,48.22763443453082,48.22763443453082,48.22763443453082,48.22763443453082,48.22763443453082,48.22763443453082,48.22763443453082,48.22763443453082,48.22763443453082,48.22763443453082,48.22763443453082,48.22763443453082,48.22763443453082,48.22763443453082,48.22763443453082,48.22763443453082,48.22763443453082,48.22763443453082,48.22763443453082,48.22763443453082,48.22763443453082,48.22763443453082,48.22763443453082,48.22763443453082,48.22763443453082,48.22763443453082,48.22763443453082,48.22763443453082,48.22763443453082,48.22763443453082,48.22763443453082,48.22763443453082,48.22763443453082,48.22763443453082,48.22763443453082,48.22763443453082,48.22763443453082,48.22763443453082,48.22763443453082,48.22763443453082,48.22763443453082,48.22763443453082,48.22763443453082,48.22763443453082,48.22763443453082,48.22763443453082,48.22763443453082,1000000.0
FLINT,MAGNUM03,F,na,na,na,na,2025_03_11-15_02_56,na,5,33,Yes,1,na,0.0,3183.023872679041,18615.866891729012,9.5,45.0,62.0,,,,0.0,6124.909573185501,18615.866891729012,9.5,45.0,62.0,35.0,21.0,7.0,32.0,15.0,4.0,25.0,7.0,2.0,19.0,3.0,1.0,12.0,-2.0,0.0,5.0,-8.0,0.0,10.0,-4.0,0.0,0.0,35.0,35.0,56.0,56.0,63.0,0.0,32.0,38.0,53.0,59.0,63.0,1.0,26.0,42.0,49.0,61.0,63.0,3.0,22.0,44.0,47.0,62.0,63.0,5.0,17.0,46.0,44.0,63.0,63.0,8.0,13.0,48.0,40.0,63.0,63.0,6.0,16.0,46.0,42.0,63.0,63.0,8.0,0.0,50.0,11.0,63.0,36.0,63.0,63.0,0.4607709341597258,4.020169493102058,3.0102257150720693,0.0,30.0,160.0,973523.0286954424,981769.9541837473,989486.3756932722,994212.6838678562,997347.4801061008,999083.6749457439,999758.8618278273,999855.3170966964,1000000.0,1000000.0,1000000.0,1000000.0,1000000.0,1000000.0,1000000.0,1000000.0,1000000.0,1000000.0,1000000.0,1000000.0,1000000.0,1000000.0,1000000.0,1000000.0,1000000.0,1000000.0,1000000.0,1000000.0,1000000.0,1000000.0,1000000.0,1000000.0,1000000.0,1000000.0,1000000.0,1000000.0,1000000.0,1000000.0,1000000.0,1000000.0,1000000.0,1000000.0,1000000.0,1000000.0,1000000.0,1000000.0,1000000.0,1000000.0,1000000.0,1000000.0,1000000.0,1000000.0,1000000.0,1000000.0,1000000.0,1000000.0,1000000.0,1000000.0,1000000.0,1000000.0,1000000.0,1000000.0,1000000.0,1000000.0,0.0,0.0,0.0,0.0,0.0,0.0,0.0,0.0,0.0,0.0,0.0,48.22763443453082,144.68290330359284,289.36580660718624,482.27634434531,482.27634434531,964.5526886906189,1543.2843019049903,2025.5606462503029,3038.3409693754506,4051.121292500604,5401.495056667472,8825.657101519182,12056.90860863274,16734.989148782235,22522.305280925957,33614.66120086806,47166.626476971294,65878.9486375693,91536.05015673982,134410.41716903786,148878.70749939713,289751.62768266216,375162.7682662165,482613.93778635154,580612.4909573185,674849.288642392,762478.9004099348,848902.8213166143,897034.0004822764,944827.5862068966,968941.4034241621,985869.3031106823,993103.448275862,997058.1142994935,998649.626235833,999565.9512900892,999807.0894622619,999903.5447311308,1000000.0,1000000.0,1000000.0,1000000.0,1000000.0,1000000.0,1000000.0,1000000.0,1000000.0,1000000.0,1000000.0,1000000.0,1000000.0,1000000.0,1000000.0,0.0,0.0,0.0,0.0,0.0,0.0,0.0,0.0,0.0,0.0,0.0,0.0,0.0,0.0,0.0,0.0,0.0,0.0,0.0,0.0,0.0,0.0,0.0,0.0,0.0,0.0,0.0,0.0,0.0,0.0,0.0,0.0,0.0,0.0,0.0,0.0,48.22763443453082,96.4552688690621,144.68290330359284,144.68290330359284,289.36580660718624,385.82107547624787,675.1868820834334,1157.4632264287443,1929.1053773812387,3231.251507113574,6076.6819387508895,8777.42946708464,16445.623342175077,26959.2476489028,48758.13841331082,81118.88111888111,130938.02748975159,203954.66602363155,325295.39426091145,433807.5717386062,582396.9134313962,702194.3573667713,831347.9623824451,909235.5919942128,956691.5842777911,981384.133108271,994791.4154810706,1000000.0,0.0,0.0,0.0,0.0,0.0,0.0,0.0,0.0,0.0,0.0,0.0,0.0,0.0,0.0,0.0,0.0,0.0,0.0,0.0,0.0,0.0,0.0,0.0,0.0,0.0,0.0,0.0,0.0,0.0,0.0,0.0,0.0,0.0,0.0,0.0,0.0,0.0,0.0,0.0,0.0,0.0,0.0,0.0,0.0,0.0,0.0,0.0,0.0,0.0,0.0,0.0,0.0,0.0,0.0,0.0,0.0,0.0,0.0,0.0,0.0,0.0,0.0,0.0,1000000.0
FLINT,MAGNUM03,F,na,na,na,na,2025_03_11-15_02_56,na,5,34,Yes,1,na,0.0,916.3250542560885,2748.975162768285,12.5,45.0,62.0,,,,0.0,1639.7395707741175,2748.975162768285,12.5,45.0,62.0,34.0,21.0,8.0,32.0,15.0,5.0,26.0,9.0,3.0,20.0,6.0,2.0,16.0,2.0,1.0,11.0,-4.0,0.0,15.0,-1.0,1.0,0.0,34.0,34.0,55.0,55.0,63.0,0.0,32.0,38.0,53.0,58.0,63.0,1.0,27.0,41.0,50.0,60.0,63.0,4.0,24.0,42.0,48.0,61.0,63.0,5.0,21.0,44.0,46.0,62.0,63.0,7.0,18.0,46.0,42.0,63.0,63.0,6.0,21.0,45.0,44.0,62.0,63.0,13.0,0.0,48.0,12.0,63.0,41.0,63.0,63.0,0.49719805809120904,3.339743078716747,2.4674150998634468,0.0,30.0,160.0,967349.8914878225,977718.8328912467,988811.1888111888,992669.3995659512,997492.1630094043,999035.4473113093,999710.6341933928,999903.5447311308,1000000.0,1000000.0,1000000.0,1000000.0,1000000.0,1000000.0,1000000.0,1000000.0,1000000.0,1000000.0,1000000.0,1000000.0,1000000.0,1000000.0,1000000.0,1000000.0,1000000.0,1000000.0,1000000.0,1000000.0,1000000.0,1000000.0,1000000.0,1000000.0,1000000.0,1000000.0,1000000.0,1000000.0,1000000.0,1000000.0,1000000.0,1000000.0,1000000.0,1000000.0,1000000.0,1000000.0,1000000.0,1000000.0,1000000.0,1000000.0,1000000.0,1000000.0,1000000.0,1000000.0,1000000.0,1000000.0,1000000.0,1000000.0,1000000.0,1000000.0,1000000.0,1000000.0,1000000.0,1000000.0,1000000.0,1000000.0,0.0,0.0,0.0,0.0,0.0,0.0,0.0,0.0,0.0,0.0,0.0,0.0,48.22763443453082,48.22763443453082,96.4552688690621,96.4552688690621,144.68290330359284,192.91053773812425,289.36580660718624,337.59344104171646,530.5039787798403,1495.056667470457,2797.202797202796,4147.576561369663,6510.730648661682,10272.48613455508,17940.68000964554,26380.516035688444,42585.001205690816,68435.01326259949,110248.37231733775,123607.42705570282,283626.71810947673,373281.89052326983,509283.81962864724,604244.0318302386,723848.5652278757,813600.1929105376,903641.1863998071,939136.7253436218,975307.4511695202,988280.6848324089,996045.3339763684,998215.5775259222,999276.585483482,999807.0894622619,999951.7723655654,1000000.0,1000000.0,1000000.0,1000000.0,1000000.0,1000000.0,1000000.0,1000000.0,1000000.0,1000000.0,1000000.0,1000000.0,1000000.0,1000000.0,1000000.0,1000000.0,1000000.0,0.0,0.0,0.0,0.0,0.0,0.0,0.0,0.0,0.0,0.0,0.0,0.0,0.0,0.0,0.0,0.0,0.0,0.0,0.0,0.0,0.0,0.0,0.0,0.0,0.0,0.0,0.0,0.0,0.0,0.0,0.0,0.0,0.0,0.0,0.0,0.0,0.0,0.0,0.0,0.0,0.0,96.4552688690621,289.36580660718624,337.59344104171646,578.7316132143711,964.5526886906189,1736.1948396431121,2845.4304316373314,6751.868820834333,14130.696889317576,36267.1810947673,62840.60766819384,140053.05039787802,235399.08367494566,413986.013986014,536870.0265251988,714637.0870508802,823149.2645285749,927272.7272727273,966674.704605739,990884.9770918736,997251.0248372317,999807.0894622619,1000000.0,0.0,0.0,0.0,0.0,0.0,0.0,0.0,0.0,0.0,0.0,0.0,0.0,0.0,0.0,0.0,0.0,0.0,0.0,0.0,0.0,0.0,0.0,0.0,0.0,0.0,0.0,0.0,0.0,0.0,0.0,0.0,0.0,0.0,0.0,0.0,0.0,0.0,0.0,0.0,0.0,0.0,0.0,0.0,0.0,0.0,0.0,0.0,0.0,0.0,0.0,0.0,0.0,0.0,0.0,0.0,0.0,0.0,0.0,0.0,0.0,0.0,0.0,0.0,1000000.0
FLINT,MAGNUM03,F,na,na,na,na,2025_03_11-15_02_56,na,5,35,Yes,1,na,144.68290330359284,4195.804195804195,48.22763443453082,11.0,45.0,0.0,,,,144.68290330359284,6414.275379792626,48.22763443453082,11.0,45.0,0.0,34.0,21.0,8.0,31.0,14.0,5.0,25.0,7.0,2.0,19.0,3.0,1.0,11.0,-2.0,0.0,2.0,-7.0,0.0,8.0,-4.0,0.0,0.0,34.0,34.0,55.0,55.0,63.0,0.0,31.0,38.0,52.0,58.0,63.0,0.0,25.0,42.0,49.0,61.0,63.0,3.0,22.0,43.0,46.0,62.0,63.0,5.0,16.0,45.0,43.0,63.0,63.0,10.0,12.0,47.0,40.0,63.0,63.0,6.0,14.0,46.0,42.0,63.0,63.0,14.0,0.0,49.0,2.0,63.0,33.0,63.0,0.0,0.4297762421827882,4.004129698731168,3.020636348004592,0.6186885949313036,30.0,160.0,981866.4094526162,986544.4899927658,992524.7166626477,995321.9194598505,998070.8946226187,999131.9025801783,999565.9512900892,999614.1789245236,999807.0894622619,999855.3170966964,999951.7723655654,999951.7723655654,999951.7723655654,999951.7723655654,1000000.0,1000000.0,1000000.0,1000000.0,1000000.0,1000000.0,1000000.0,1000000.0,1000000.0,1000000.0,1000000.0,1000000.0,1000000.0,1000000.0,1000000.0,1000000.0,1000000.0,1000000.0,1000000.0,1000000.0,1000000.0,1000000.0,1000000.0,1000000.0,1000000.0,1000000.0,1000000.0,1000000.0,1000000.0,1000000.0,1000000.0,1000000.0,1000000.0,1000000.0,1000000.0,1000000.0,1000000.0,1000000.0,1000000.0,1000000.0,1000000.0,1000000.0,1000000.0,1000000.0,1000000.0,1000000.0,1000000.0,1000000.0,1000000.0,1000000.0,0.0,0.0,48.22763443453082,48.22763443453082,96.4552688690621,96.4552688690621,144.68290330359284,144.68290330359284,144.68290330359284,144.68290330359284,144.68290330359284,192.91053773812425,289.36580660718624,530.5039787798403,771.6421509524955,868.0974198215577,1543.2843019049903,1832.650108512174,2363.1540872920177,2845.4304316373314,4002.8936580660734,5690.860863274664,9066.795273691821,11960.453339763686,17795.997106341903,24789.004099348924,38919.70098866653,52037.61755485898,75379.7926211719,103978.77984084874,153074.51169520136,170291.77718832888,310055.46177959966,388570.05063901615,514058.35543766577,600482.2763443453,710875.3315649867,790258.0178442247,876247.8900409935,913865.4448999276,956739.8119122257,975066.3129973474,989341.6927899687,994791.4154810706,997781.5288160116,999035.4473113093,999807.0894622619,1000000.0,1000000.0,1000000.0,1000000.0,1000000.0,1000000.0,1000000.0,1000000.0,1000000.0,1000000.0,1000000.0,1000000.0,1000000.0,1000000.0,1000000.0,1000000.0,1000000.0,0.0,0.0,0.0,0.0,0.0,0.0,0.0,0.0,0.0,0.0,0.0,0.0,0.0,0.0,0.0,0.0,0.0,0.0,0.0,0.0,0.0,0.0,0.0,0.0,0.0,0.0,0.0,0.0,0.0,0.0,0.0,0.0,0.0,48.22763443453082,48.22763443453082,48.22763443453082,48.22763443453082,48.22763443453082,96.4552688690621,96.4552688690621,241.13817217265407,241.13817217265407,771.6421509524955,1446.829033035929,2845.4304316373314,4244.031830238725,8150.470219435744,13021.46129732335,22329.394743187844,35495.5389438148,71087.53315649867,104171.69037858692,173908.84977091875,254641.90981432368,404919.2187123221,505763.2023149264,660429.2259464673,767205.2085845189,885941.644562334,936098.3843742465,975018.0853629129,988907.6440800579,997154.5695683626,1000000.0,96.4552688690621,96.4552688690621,96.4552688690621,96.4552688690621,96.4552688690621,96.4552688690621,96.4552688690621,96.4552688690621,96.4552688690621,96.4552688690621,96.4552688690621,96.4552688690621,96.4552688690621,96.4552688690621,96.4552688690621,96.4552688690621,96.4552688690621,96.4552688690621,96.4552688690621,96.4552688690621,96.4552688690621,96.4552688690621,96.4552688690621,96.4552688690621,96.4552688690621,96.4552688690621,96.4552688690621,96.4552688690621,96.4552688690621,96.4552688690621,96.4552688690621,96.4552688690621,96.4552688690621,96.4552688690621,96.4552688690621,96.4552688690621,96.4552688690621,96.4552688690621,96.4552688690621,96.4552688690621,96.4552688690621,96.4552688690621,96.4552688690621,96.4552688690621,96.4552688690621,96.4552688690621,96.4552688690621,96.4552688690621,96.4552688690621,96.4552688690621,96.4552688690621,96.4552688690621,96.4552688690621,96.4552688690621,96.4552688690621,96.4552688690621,96.4552688690621,96.4552688690621,96.4552688690621,96.4552688690621,96.4552688690621,96.4552688690621,96.4552688690621,1000000.0
FLINT,MAGNUM03,F,na,na,na,na,2025_03_11-15_02_56,na,5,36,Yes,1,na,48.22763443453082,1157.4632264287443,5256.812153363933,9.0,45.0,62.0,,,,48.22763443453082,2170.2435495539826,5256.812153363933,9.0,45.0,62.0,34.0,21.0,8.0,32.0,15.0,5.0,26.0,9.0,3.0,21.0,6.0,2.0,15.0,2.0,1.0,7.0,-3.0,0.0,12.0,-1.0,0.0,0.0,34.0,34.0,55.0,55.0,63.0,0.0,32.0,38.0,53.0,58.0,63.0,0.0,26.0,41.0,50.0,60.0,63.0,3.0,24.0,42.0,48.0,61.0,63.0,5.0,20.0,44.0,46.0,62.0,63.0,7.0,14.0,46.0,43.0,63.0,63.0,6.0,18.0,45.0,44.0,63.0,63.0,8.0,0.0,49.0,4.0,63.0,34.0,63.0,63.0,0.41637220962575766,3.545342742412882,2.602606206409232,0.0,30.0,160.0,978731.6132143717,985676.3925729443,992138.8955871714,994743.187846636,997540.3906438388,999276.585483482,999855.3170966964,999951.7723655654,1000000.0,1000000.0,1000000.0,1000000.0,1000000.0,1000000.0,1000000.0,1000000.0,1000000.0,1000000.0,1000000.0,1000000.0,1000000.0,1000000.0,1000000.0,1000000.0,1000000.0,1000000.0,1000000.0,1000000.0,1000000.0,1000000.0,1000000.0,1000000.0,1000000.0,1000000.0,1000000.0,1000000.0,1000000.0,1000000.0,1000000.0,1000000.0,1000000.0,1000000.0,1000000.0,1000000.0,1000000.0,1000000.0,1000000.0,1000000.0,1000000.0,1000000.0,1000000.0,1000000.0,1000000.0,1000000.0,1000000.0,1000000.0,1000000.0,1000000.0,1000000.0,1000000.0,1000000.0,1000000.0,1000000.0,1000000.0,0.0,0.0,0.0,0.0,48.22763443453082,48.22763443453082,48.22763443453082,48.22763443453082,48.22763443453082,96.4552688690621,96.4552688690621,96.4552688690621,144.68290330359284,144.68290330359284,289.36580660718624,337.59344104171646,482.27634434531,530.5039787798403,771.6421509524955,916.3250542560885,1639.7395707740552,2652.5198938992025,4099.348926935128,5883.771401012779,9790.2097902098,14178.924523752106,25078.369905956108,36556.54690137447,56233.42175066313,85411.14058355431,133879.91319025794,156450.44610561847,309862.5512418616,399324.8131179166,531709.669640704,632119.6045333976,740631.7820110924,820979.0209790209,902531.9508078129,939667.2293224017,970291.7771883288,985917.5307451169,994887.8707499397,997636.845912708,998987.2196768748,999565.9512900892,999903.5447311308,999951.7723655654,1000000.0,1000000.0,1000000.0,1000000.0,1000000.0,1000000.0,1000000.0,1000000.0,1000000.0,1000000.0,1000000.0,1000000.0,1000000.0,1000000.0,1000000.0,1000000.0,0.0,0.0,0.0,0.0,0.0,0.0,0.0,0.0,0.0,0.0,0.0,0.0,0.0,0.0,0.0,0.0,0.0,0.0,0.0,0.0,0.0,0.0,0.0,0.0,0.0,0.0,0.0,0.0,0.0,0.0,0.0,0.0,0.0,0.0,48.22763443453082,48.22763443453082,48.22763443453082,48.22763443453082,48.22763443453082,48.22763443453082,96.4552688690621,96.4552688690621,96.4552688690621,241.13817217265407,675.1868820834334,1205.690860863273,2845.4304316373314,4388.714733542319,9356.161080299,18857.005063901615,43115.505184470705,77260.67036411862,145454.54545454556,235109.7178683385,403858.21075476246,526163.491680733,700168.7967205208,808150.4702194358,913576.0790933204,959537.0147094284,986640.9452616348,994743.187846636,999131.9025801783,1000000.0,0.0,0.0,0.0,0.0,0.0,0.0,0.0,0.0,0.0,0.0,0.0,0.0,0.0,0.0,0.0,0.0,0.0,0.0,0.0,0.0,0.0,0.0,0.0,0.0,0.0,0.0,0.0,0.0,0.0,0.0,0.0,0.0,0.0,0.0,0.0,0.0,0.0,0.0,0.0,0.0,0.0,0.0,0.0,0.0,0.0,0.0,0.0,0.0,0.0,0.0,0.0,0.0,0.0,0.0,0.0,0.0,0.0,0.0,0.0,0.0,0.0,0.0,0.0,1000000.0
FLINT,MAGNUM03,F,na,na,na,na,2025_03_11-15_02_56,na,5,37,Yes,1,na,96.4552688690621,4678.080540149494,48.22763443453082,8.5,45.0,0.0,,,,96.4552688690621,7619.966240655955,48.22763443453082,8.5,45.0,0.0,34.0,21.0,8.0,30.0,14.0,5.0,25.0,6.0,2.0,19.0,3.0,1.0,12.0,-3.0,0.0,7.0,-10.0,0.0,9.0,-6.0,0.0,0.0,34.0,34.0,55.0,55.0,63.0,0.0,30.0,38.0,52.0,58.0,63.0,0.0,25.0,42.0,48.0,61.0,63.0,3.0,22.0,43.0,46.0,62.0,63.0,5.0,17.0,45.0,42.0,63.0,63.0,6.0,13.0,49.0,39.0,63.0,63.0,6.0,15.0,46.0,40.0,63.0,63.0,8.0,0.0,50.0,2.0,63.0,36.0,63.0,0.0,0.3633901871415907,4.044675395444276,3.1078906916567344,0.6186885949313036,30.0,160.0,983072.1003134795,988714.7335423196,993730.407523511,996093.561610803,998456.7156980949,999517.7236556546,999903.5447311308,999951.7723655654,1000000.0,1000000.0,1000000.0,1000000.0,1000000.0,1000000.0,1000000.0,1000000.0,1000000.0,1000000.0,1000000.0,1000000.0,1000000.0,1000000.0,1000000.0,1000000.0,1000000.0,1000000.0,1000000.0,1000000.0,1000000.0,1000000.0,1000000.0,1000000.0,1000000.0,1000000.0,1000000.0,1000000.0,1000000.0,1000000.0,1000000.0,1000000.0,1000000.0,1000000.0,1000000.0,1000000.0,1000000.0,1000000.0,1000000.0,1000000.0,1000000.0,1000000.0,1000000.0,1000000.0,1000000.0,1000000.0,1000000.0,1000000.0,1000000.0,1000000.0,1000000.0,1000000.0,1000000.0,1000000.0,1000000.0,1000000.0,0.0,0.0,48.22763443453082,48.22763443453082,48.22763443453082,48.22763443453082,48.22763443453082,48.22763443453082,48.22763443453082,144.68290330359284,192.91053773812425,192.91053773812425,192.91053773812425,241.13817217265407,482.27634434531,723.414516517964,1109.2355919942117,1446.829033035929,2122.0159151193625,2700.747528333735,3761.755485893413,5401.495056667472,8825.657101519182,12587.412587412591,19098.143236074284,27296.841089944523,41475.765613696625,56426.33228840126,80925.97058114297,109766.09597299247,160549.7950325536,181191.22257053282,330552.20641427534,416879.6720520858,533783.4579213889,620593.1999035446,721774.7769471908,796672.2932240174,874077.6464914394,915987.460815047,956546.9013744876,975355.6788039546,988762.9611767542,993875.0904268145,997058.1142994935,998746.0815047021,999565.9512900892,999710.6341933928,999855.3170966964,999951.7723655654,1000000.0,1000000.0,1000000.0,1000000.0,1000000.0,1000000.0,1000000.0,1000000.0,1000000.0,1000000.0,1000000.0,1000000.0,1000000.0,1000000.0,0.0,0.0,0.0,0.0,0.0,0.0,0.0,0.0,0.0,0.0,0.0,0.0,0.0,0.0,0.0,0.0,0.0,0.0,0.0,0.0,0.0,0.0,0.0,0.0,0.0,0.0,0.0,0.0,0.0,0.0,0.0,0.0,0.0,0.0,0.0,0.0,96.4552688690621,144.68290330359284,192.91053773812425,289.36580660718624,578.7316132143711,675.1868820834334,1446.829033035929,1929.1053773812387,3134.7962382445157,4726.3081745840345,8970.34000482275,13455.510007234145,25608.87388473595,42054.49722691106,75910.29659995173,112804.43694236797,186833.855799373,269785.3870267663,412539.18495297804,509862.55124186154,665589.5828309621,769713.0455751145,880829.5153122741,933590.5473836508,972076.1996624066,987219.6768748492,996816.9761273209,1000000.0,96.4552688690621,96.4552688690621,96.4552688690621,96.4552688690621,96.4552688690621,96.4552688690621,96.4552688690621,96.4552688690621,96.4552688690621,96.4552688690621,96.4552688690621,96.4552688690621,96.4552688690621,96.4552688690621,96.4552688690621,96.4552688690621,96.4552688690621,96.4552688690621,96.4552688690621,96.4552688690621,96.4552688690621,96.4552688690621,96.4552688690621,96.4552688690621,96.4552688690621,96.4552688690621,96.4552688690621,96.4552688690621,96.4552688690621,96.4552688690621,96.4552688690621,96.4552688690621,96.4552688690621,96.4552688690621,96.4552688690621,96.4552688690621,96.4552688690621,96.4552688690621,96.4552688690621,96.4552688690621,96.4552688690621,96.4552688690621,96.4552688690621,96.4552688690621,96.4552688690621,96.4552688690621,96.4552688690621,96.4552688690621,96.4552688690621,96.4552688690621,96.4552688690621,96.4552688690621,96.4552688690621,96.4552688690621,96.4552688690621,96.4552688690621,96.4552688690621,96.4552688690621,96.4552688690621,96.4552688690621,96.4552688690621,96.4552688690621,96.4552688690621,1000000.0
FLINT,MAGNUM03,F,na,na,na,na,2025_03_11-15_02_56,na,5,38,Yes,1,na,96.4552688690621,2459.609356161082,1495.0566674705178,8.0,44.0,62.0,,,,144.68290330359284,4051.121292500632,1495.0566674705178,8.0,44.0,62.0,34.0,20.0,9.0,30.0,15.0,6.0,22.0,8.0,4.0,17.0,4.0,3.0,12.0,-1.0,1.0,3.0,-7.0,1.0,8.0,-3.0,1.0,0.0,34.0,34.0,54.0,54.0,63.0,0.0,30.0,37.0,52.0,57.0,63.0,2.0,24.0,40.0,48.0,59.0,63.0,4.0,21.0,42.0,46.0,60.0,63.0,5.0,17.0,44.0,43.0,62.0,63.0,7.0,10.0,46.0,39.0,62.0,63.0,6.0,14.0,44.0,41.0,62.0,63.0,8.0,0.0,48.0,4.0,63.0,36.0,63.0,63.0,0.5227952815485345,3.822179812804735,2.787345917826002,0.0,30.0,160.0,961851.9411622859,973523.0286954424,986255.1241861585,991994.2126838678,997588.6182782734,998987.2196768748,999807.0894622619,999951.7723655654,1000000.0,1000000.0,1000000.0,1000000.0,1000000.0,1000000.0,1000000.0,1000000.0,1000000.0,1000000.0,1000000.0,1000000.0,1000000.0,1000000.0,1000000.0,1000000.0,1000000.0,1000000.0,1000000.0,1000000.0,1000000.0,1000000.0,1000000.0,1000000.0,1000000.0,1000000.0,1000000.0,1000000.0,1000000.0,1000000.0,1000000.0,1000000.0,1000000.0,1000000.0,1000000.0,1000000.0,1000000.0,1000000.0,1000000.0,1000000.0,1000000.0,1000000.0,1000000.0,1000000.0,1000000.0,1000000.0,1000000.0,1000000.0,1000000.0,1000000.0,1000000.0,1000000.0,1000000.0,1000000.0,1000000.0,1000000.0,0.0,0.0,0.0,0.0,48.22763443453082,48.22763443453082,48.22763443453082,48.22763443453082,144.68290330359284,192.91053773812425,241.13817217265407,289.36580660718624,337.59344104171646,434.04870991077877,626.959247648901,723.414516517964,1205.690860863273,1591.5119363395213,2411.3817217265464,2941.8857005063924,4629.85290571497,6703.6411863998055,10368.941403424169,14564.745599228345,22956.35399083672,32216.05980226669,49674.46346756688,67808.05401495053,98963.10585965756,132288.4012539185,192814.08246925485,211237.03882324573,394791.4154810705,487629.6117675428,613648.4205449723,700072.3414516518,801929.1053773812,866650.5907885218,932336.628888353,958234.868579696,981962.8647214853,991222.5705329153,997058.1142994935,998408.4880636605,999614.1789245236,999807.0894622619,999951.7723655654,999951.7723655654,1000000.0,1000000.0,1000000.0,1000000.0,1000000.0,1000000.0,1000000.0,1000000.0,1000000.0,1000000.0,1000000.0,1000000.0,1000000.0,1000000.0,1000000.0,1000000.0,0.0,0.0,0.0,0.0,0.0,0.0,0.0,0.0,0.0,0.0,0.0,0.0,0.0,0.0,0.0,0.0,0.0,0.0,0.0,0.0,0.0,0.0,0.0,0.0,0.0,0.0,0.0,0.0,0.0,0.0,0.0,0.0,0.0,0.0,0.0,0.0,48.22763443453082,144.68290330359284,192.91053773812425,337.59344104171646,530.5039787798403,771.6421509524955,1205.690860863273,1591.5119363395213,2507.836990595609,4292.259464673261,9307.933445864473,13889.55871714491,28309.621413069694,48131.17916566189,97130.45575114537,153412.10513624316,263129.973474801,369713.04557511455,544345.3098625513,652953.942609115,804292.2594646732,888642.3920906679,960356.8844948155,982011.0923559199,995707.7405353268,998504.9433325295,999903.5447311308,1000000.0,0.0,0.0,0.0,0.0,0.0,0.0,0.0,0.0,0.0,0.0,0.0,0.0,0.0,0.0,0.0,0.0,0.0,0.0,0.0,0.0,0.0,0.0,0.0,0.0,0.0,0.0,0.0,0.0,0.0,0.0,0.0,0.0,0.0,0.0,0.0,0.0,0.0,0.0,0.0,0.0,0.0,0.0,0.0,0.0,0.0,0.0,0.0,0.0,0.0,0.0,0.0,0.0,0.0,0.0,0.0,0.0,0.0,0.0,0.0,0.0,0.0,0.0,0.0,1000000.0
FLINT,MAGNUM03,F,na,na,na,na,2025_03_11-15_02_56,na,5,39,Yes,1,na,96.4552688690621,3858.2107547624714,0.0,9.0,44.0,0.0,,,,96.4552688690621,7668.193875090457,0.0,9.0,44.0,0.0,34.0,21.0,8.0,30.0,14.0,5.0,24.0,7.0,3.0,18.0,4.0,2.0,11.0,-2.0,0.0,3.0,-6.0,0.0,7.0,-5.0,0.0,0.0,34.0,34.0,55.0,55.0,63.0,0.0,30.0,38.0,52.0,58.0,63.0,0.0,24.0,41.0,48.0,60.0,63.0,2.0,20.0,42.0,46.0,61.0,63.0,5.0,16.0,45.0,43.0,63.0,63.0,8.0,11.0,46.0,40.0,63.0,63.0,6.0,13.0,46.0,41.0,63.0,63.0,12.0,0.0,48.0,0.0,63.0,34.0,63.0,0.0,0.3646237357381863,4.114453173811865,3.082763537387422,0.4374894505865458,30.0,160.0,987750.1808536291,990836.7494574391,994212.6838678562,995804.1958041957,998408.4880636605,999131.9025801783,999758.8618278273,999855.3170966964,1000000.0,1000000.0,1000000.0,1000000.0,1000000.0,1000000.0,1000000.0,1000000.0,1000000.0,1000000.0,1000000.0,1000000.0,1000000.0,1000000.0,1000000.0,1000000.0,1000000.0,1000000.0,1000000.0,1000000.0,1000000.0,1000000.0,1000000.0,1000000.0,1000000.0,1000000.0,1000000.0,1000000.0,1000000.0,1000000.0,1000000.0,1000000.0,1000000.0,1000000.0,1000000.0,1000000.0,1000000.0,1000000.0,1000000.0,1000000.0,1000000.0,1000000.0,1000000.0,1000000.0,1000000.0,1000000.0,1000000.0,1000000.0,1000000.0,1000000.0,1000000.0,1000000.0,1000000.0,1000000.0,1000000.0,1000000.0,48.22763443453082,48.22763443453082,48.22763443453082,48.22763443453082,48.22763443453082,48.22763443453082,96.4552688690621,96.4552688690621,96.4552688690621,144.68290330359284,192.91053773812425,337.59344104171646,385.82107547624787,578.7316132143711,868.0974198215577,964.5526886906189,1639.7395707740552,2314.926452857486,3858.2107547624714,4629.85290571497,6944.779358572451,9838.437424644324,13889.55871714491,17506.63129973476,26718.109476730133,36749.4574391126,55944.05594405593,71859.17530745117,105232.69833614663,140390.64383891964,202893.65806607186,231974.9216300941,382396.9134313961,467036.41186399804,588762.9611767542,661972.5102483723,775018.085362913,840125.3918495297,912563.2987701952,942657.3426573426,972027.972027972,983795.5148299976,993923.318061249,996190.0168796721,998360.2604292259,999517.7236556546,999903.5447311308,999951.7723655654,1000000.0,1000000.0,1000000.0,1000000.0,1000000.0,1000000.0,1000000.0,1000000.0,1000000.0,1000000.0,1000000.0,1000000.0,1000000.0,1000000.0,1000000.0,1000000.0,0.0,0.0,0.0,0.0,0.0,0.0,0.0,0.0,0.0,0.0,0.0,0.0,0.0,0.0,0.0,0.0,0.0,0.0,0.0,0.0,0.0,0.0,0.0,0.0,0.0,0.0,0.0,0.0,0.0,0.0,0.0,0.0,0.0,0.0,48.22763443453082,96.4552688690621,96.4552688690621,144.68290330359284,144.68290330359284,192.91053773812425,434.04870991077877,771.6421509524955,1350.373764166866,1832.650108512174,3906.438389197008,6221.364842054485,13021.46129732335,19966.24065589584,36026.04292259466,55172.413793103486,102676.63371111646,142850.25319508082,240704.12346274417,334892.69351338316,491343.13961900165,592042.4403183024,744682.9033035929,834530.9862551242,923559.1994212683,957511.4540631782,985531.7096696406,993923.318061249,998553.1709669641,1000000.0,48.22763443453082,48.22763443453082,48.22763443453082,48.22763443453082,48.22763443453082,48.22763443453082,48.22763443453082,48.22763443453082,48.22763443453082,48.22763443453082,48.22763443453082,48.22763443453082,48.22763443453082,48.22763443453082,48.22763443453082,48.22763443453082,48.22763443453082,48.22763443453082,48.22763443453082,48.22763443453082,48.22763443453082,48.22763443453082,48.22763443453082,48.22763443453082,48.22763443453082,48.22763443453082,48.22763443453082,48.22763443453082,48.22763443453082,48.22763443453082,48.22763443453082,48.22763443453082,48.22763443453082,48.22763443453082,48.22763443453082,48.22763443453082,48.22763443453082,48.22763443453082,48.22763443453082,48.22763443453082,48.22763443453082,48.22763443453082,48.22763443453082,48.22763443453082,48.22763443453082,48.22763443453082,48.22763443453082,48.22763443453082,48.22763443453082,48.22763443453082,48.22763443453082,48.22763443453082,48.22763443453082,48.22763443453082,48.22763443453082,48.22763443453082,48.22763443453082,48.22763443453082,48.22763443453082,48.22763443453082,48.22763443453082,48.22763443453082,48.22763443453082,1000000.0
FLINT,MAGNUM03,F,na,na,na,na,2025_03_11-15_02_56,na,5,40,Yes,1,na,0.0,1398.6013986014846,2266.698818423008,9.5,44.0,62.0,,,,0.0,2652.5198938992908,2266.698818423008,9.5,44.0,62.0,34.0,20.0,9.0,30.0,15.0,6.0,23.0,8.0,4.0,18.0,4.0,3.0,14.0,1.0,1.0,9.0,-3.0,0.0,11.0,0.0,1.0,0.0,34.0,34.0,54.0,54.0,63.0,0.0,30.0,37.0,52.0,57.0,63.0,2.0,25.0,40.0,48.0,59.0,63.0,4.0,22.0,42.0,46.0,60.0,63.0,5.0,19.0,44.0,45.0,62.0,63.0,7.0,16.0,45.0,42.0,63.0,63.0,6.0,17.0,44.0,44.0,62.0,63.0,8.0,0.0,46.0,11.0,63.0,38.0,63.0,63.0,0.5207445822731388,3.6466261091691137,2.7170724365561125,0.0,30.0,160.0,963202.3149264528,973957.0774053532,986255.1241861585,992331.8061249095,997058.1142994935,999180.1302146129,999758.8618278273,1000000.0,1000000.0,1000000.0,1000000.0,1000000.0,1000000.0,1000000.0,1000000.0,1000000.0,1000000.0,1000000.0,1000000.0,1000000.0,1000000.0,1000000.0,1000000.0,1000000.0,1000000.0,1000000.0,1000000.0,1000000.0,1000000.0,1000000.0,1000000.0,1000000.0,1000000.0,1000000.0,1000000.0,1000000.0,1000000.0,1000000.0,1000000.0,1000000.0,1000000.0,1000000.0,1000000.0,1000000.0,1000000.0,1000000.0,1000000.0,1000000.0,1000000.0,1000000.0,1000000.0,1000000.0,1000000.0,1000000.0,1000000.0,1000000.0,1000000.0,1000000.0,1000000.0,1000000.0,1000000.0,1000000.0,1000000.0,1000000.0,0.0,0.0,0.0,0.0,0.0,0.0,0.0,0.0,0.0,0.0,0.0,48.22763443453082,48.22763443453082,48.22763443453082,48.22763443453082,96.4552688690621,241.13817217265407,578.7316132143711,1302.1461297323344,1736.1948396431121,2990.1133349409165,4533.397636845913,7041.234627441522,10224.25850012056,16783.21678321678,23727.99614178922,39546.66023631541,55847.60067518689,84977.09187364366,119652.76103207134,178152.8816011575,199951.7723655655,377381.23945020494,476730.16638533876,605883.7714010128,692163.0094043887,795321.9194598504,864239.2090667951,928333.735230287,957463.2264287436,981239.4502049674,991656.6192428261,997251.0248372317,998601.3986013986,999710.6341933928,1000000.0,1000000.0,1000000.0,1000000.0,1000000.0,1000000.0,1000000.0,1000000.0,1000000.0,1000000.0,1000000.0,1000000.0,1000000.0,1000000.0,1000000.0,1000000.0,1000000.0,1000000.0,1000000.0,0.0,0.0,0.0,0.0,0.0,0.0,0.0,0.0,0.0,0.0,0.0,0.0,0.0,0.0,0.0,0.0,0.0,0.0,0.0,0.0,0.0,0.0,0.0,0.0,0.0,0.0,0.0,0.0,0.0,0.0,0.0,0.0,0.0,0.0,0.0,0.0,0.0,0.0,96.4552688690621,96.4552688690621,144.68290330359284,144.68290330359284,289.36580660718624,434.04870991077877,1302.1461297323344,2941.8857005063924,6655.413551965274,10899.44538220399,24885.459368218024,44031.83023872678,91246.68435013261,141789.2452375212,256426.33228840123,368700.26525198936,542223.2939474318,656185.1941162286,806896.5517241379,888787.0749939715,958283.0962141306,980419.5804195803,995080.7812876777,997733.301181577,999614.1789245236,1000000.0,0.0,0.0,0.0,0.0,0.0,0.0,0.0,0.0,0.0,0.0,0.0,0.0,0.0,0.0,0.0,0.0,0.0,0.0,0.0,0.0,0.0,0.0,0.0,0.0,0.0,0.0,0.0,0.0,0.0,0.0,0.0,0.0,0.0,0.0,0.0,0.0,0.0,0.0,0.0,0.0,0.0,0.0,0.0,0.0,0.0,0.0,0.0,0.0,0.0,0.0,0.0,0.0,0.0,0.0,0.0,0.0,0.0,0.0,0.0,0.0,0.0,0.0,0.0,1000000.0
FLINT,MAGNUM03,F,na,na,na,na,2025_03_11-15_02_56,na,5,41,Yes,1,na,289.36580660718624,4919.218712322153,0.0,7.0,44.0,0.0,,,,337.59344104171646,9163.250542560952,0.0,7.0,44.0,0.0,34.0,20.0,9.0,30.0,14.0,6.0,23.0,7.0,3.0,16.0,2.0,2.0,10.0,-3.0,1.0,-1.0,-8.0,0.0,5.0,-6.0,0.0,0.0,34.0,34.0,54.0,54.0,63.0,0.0,30.0,37.0,51.0,57.0,63.0,1.0,24.0,41.0,48.0,60.0,63.0,4.0,20.0,43.0,45.0,61.0,63.0,5.0,15.0,45.0,42.0,62.0,63.0,6.0,5.0,46.0,38.0,63.0,63.0,6.0,11.0,46.0,40.0,63.0,63.0,10.0,0.0,50.0,0.0,63.0,36.0,63.0,0.0,0.4545392395238219,4.162008864161616,3.1224068792676327,0.4374894505865458,30.0,160.0,973667.711598746,981914.6370870508,990209.7902097901,993826.8627923799,997443.9353749697,999131.9025801783,999951.7723655654,1000000.0,1000000.0,1000000.0,1000000.0,1000000.0,1000000.0,1000000.0,1000000.0,1000000.0,1000000.0,1000000.0,1000000.0,1000000.0,1000000.0,1000000.0,1000000.0,1000000.0,1000000.0,1000000.0,1000000.0,1000000.0,1000000.0,1000000.0,1000000.0,1000000.0,1000000.0,1000000.0,1000000.0,1000000.0,1000000.0,1000000.0,1000000.0,1000000.0,1000000.0,1000000.0,1000000.0,1000000.0,1000000.0,1000000.0,1000000.0,1000000.0,1000000.0,1000000.0,1000000.0,1000000.0,1000000.0,1000000.0,1000000.0,1000000.0,1000000.0,1000000.0,1000000.0,1000000.0,1000000.0,1000000.0,1000000.0,1000000.0,144.68290330359284,144.68290330359284,144.68290330359284,144.68290330359284,144.68290330359284,241.13817217265407,241.13817217265407,337.59344104171646,385.82107547624787,530.5039787798403,530.5039787798403,578.7316132143711,675.1868820834334,916.3250542560885,1157.4632264287443,1446.829033035929,1929.1053773812387,2845.4304316373314,3809.9831203279427,5063.901615625751,6896.551724137931,10127.80323125151,14323.607427055684,18712.322160598032,27586.206896551706,38148.05883771403,56812.153363877514,73161.32143718349,106438.38919700982,146708.46394984316,209018.5676392573,228261.3937786352,392814.08246925485,482999.7588618278,601302.1461297324,678321.6783216783,780950.0843983602,848179.4068000964,911502.2908126356,940776.4649143959,969278.9968652037,982204.002893658,991511.9363395225,995755.9681697612,998360.2604292259,999180.1302146129,999903.5447311308,999951.7723655654,1000000.0,1000000.0,1000000.0,1000000.0,1000000.0,1000000.0,1000000.0,1000000.0,1000000.0,1000000.0,1000000.0,1000000.0,1000000.0,1000000.0,1000000.0,1000000.0,0.0,0.0,0.0,0.0,0.0,0.0,0.0,0.0,0.0,0.0,0.0,0.0,0.0,0.0,0.0,0.0,0.0,0.0,0.0,0.0,0.0,0.0,0.0,0.0,0.0,0.0,0.0,0.0,0.0,0.0,0.0,0.0,0.0,0.0,0.0,0.0,192.91053773812425,192.91053773812425,289.36580660718624,385.82107547624787,578.7316132143711,964.5526886906189,1832.650108512174,2700.747528333735,4967.446346756688,7619.966240655894,14371.835061490223,21991.801302146112,41523.99324813111,65878.9486375693,115939.23318061238,162093.07933445866,262213.6484205449,364504.4610561852,519604.5333976368,620110.9235591994,762189.5346033276,849867.3740053049,931275.6209307932,963588.1360019291,988280.6848324089,995514.8299975885,998890.7644080058,1000000.0,48.22763443453082,48.22763443453082,48.22763443453082,48.22763443453082,48.22763443453082,48.22763443453082,48.22763443453082,48.22763443453082,48.22763443453082,48.22763443453082,48.22763443453082,48.22763443453082,48.22763443453082,48.22763443453082,48.22763443453082,48.22763443453082,48.22763443453082,48.22763443453082,48.22763443453082,48.22763443453082,48.22763443453082,48.22763443453082,48.22763443453082,48.22763443453082,48.22763443453082,48.22763443453082,48.22763443453082,48.22763443453082,48.22763443453082,48.22763443453082,48.22763443453082,48.22763443453082,48.22763443453082,48.22763443453082,48.22763443453082,48.22763443453082,48.22763443453082,48.22763443453082,48.22763443453082,48.22763443453082,48.22763443453082,48.22763443453082,48.22763443453082,48.22763443453082,48.22763443453082,48.22763443453082,48.22763443453082,48.22763443453082,48.22763443453082,48.22763443453082,48.22763443453082,48.22763443453082,48.22763443453082,48.22763443453082,48.22763443453082,48.22763443453082,48.22763443453082,48.22763443453082,48.22763443453082,48.22763443453082,48.22763443453082,48.22763443453082,48.22763443453082,1000000.0
FLINT,MAGNUM03,F,na,na,na,na,2025_03_11-15_02_56,na,5,42,Yes,1,na,96.4552688690621,4485.170002411382,0.0,8.0,44.0,0.0,,,,96.4552688690621,6800.096455268963,0.0,8.0,44.0,0.0,33.0,21.0,9.0,30.0,14.0,6.0,23.0,8.0,3.0,17.0,3.0,2.0,12.0,-2.0,1.0,5.0,-6.0,0.0,8.0,-4.0,0.0,0.0,33.0,33.0,54.0,54.0,63.0,0.0,30.0,37.0,51.0,57.0,63.0,1.0,24.0,40.0,48.0,60.0,63.0,3.0,20.0,42.0,45.0,61.0,63.0,5.0,17.0,44.0,42.0,62.0,63.0,7.0,12.0,46.0,40.0,63.0,63.0,6.0,14.0,45.0,41.0,63.0,63.0,12.0,0.0,50.0,5.0,63.0,38.0,63.0,0.0,0.4572599742008866,3.9573448448992434,3.0060423116902975,0.4374894505865458,30.0,160.0,970147.0942850253,980467.8080540149,989968.6520376175,994212.6838678562,998119.1222570533,999469.4960212201,999855.3170966964,999903.5447311308,999903.5447311308,1000000.0,1000000.0,1000000.0,1000000.0,1000000.0,1000000.0,1000000.0,1000000.0,1000000.0,1000000.0,1000000.0,1000000.0,1000000.0,1000000.0,1000000.0,1000000.0,1000000.0,1000000.0,1000000.0,1000000.0,1000000.0,1000000.0,1000000.0,1000000.0,1000000.0,1000000.0,1000000.0,1000000.0,1000000.0,1000000.0,1000000.0,1000000.0,1000000.0,1000000.0,1000000.0,1000000.0,1000000.0,1000000.0,1000000.0,1000000.0,1000000.0,1000000.0,1000000.0,1000000.0,1000000.0,1000000.0,1000000.0,1000000.0,1000000.0,1000000.0,1000000.0,1000000.0,1000000.0,1000000.0,1000000.0,0.0,0.0,0.0,0.0,0.0,48.22763443453082,48.22763443453082,96.4552688690621,144.68290330359284,144.68290330359284,144.68290330359284,192.91053773812425,337.59344104171646,385.82107547624787,578.7316132143711,675.1868820834334,1061.0079575596806,1687.967205208584,2893.6580660718573,4051.121292500604,6558.958283096219,9404.388714733534,13166.144200626935,18133.590547383632,27055.70291777187,38967.92862310102,58596.57583795512,78032.31251507111,112322.16059802263,158234.86857969617,228309.62141306966,248999.2765854835,435929.5876537256,535519.6527610321,652953.942609115,729008.9221123704,817699.5418374728,880974.1982155774,933928.1408246924,958476.0067518688,978249.3368700264,989486.3756932722,995080.7812876777,997685.0735471424,999324.8131179166,999662.4065589582,999903.5447311308,999951.7723655654,999951.7723655654,999951.7723655654,1000000.0,1000000.0,1000000.0,1000000.0,1000000.0,1000000.0,1000000.0,1000000.0,1000000.0,1000000.0,1000000.0,1000000.0,1000000.0,1000000.0,0.0,0.0,0.0,0.0,0.0,0.0,0.0,0.0,0.0,0.0,0.0,0.0,0.0,0.0,0.0,0.0,0.0,0.0,0.0,0.0,0.0,0.0,0.0,0.0,0.0,0.0,0.0,0.0,0.0,0.0,0.0,0.0,0.0,0.0,0.0,0.0,0.0,0.0,96.4552688690621,96.4552688690621,434.04870991077877,1012.7803231251486,1832.650108512174,2556.0646250301406,4533.397636845913,7282.372799614172,12925.006028454296,20544.972269110207,37810.465396672276,61972.510248372244,112659.75403906441,162382.4451410658,262792.38003375934,375741.49987943086,533928.1408246926,649578.0081986978,776030.865686038,866843.5013262599,943959.4887870749,972413.7931034482,992090.6679527368,997492.1630094043,999469.4960212201,1000000.0,48.22763443453082,48.22763443453082,48.22763443453082,48.22763443453082,48.22763443453082,48.22763443453082,48.22763443453082,48.22763443453082,48.22763443453082,48.22763443453082,48.22763443453082,48.22763443453082,48.22763443453082,48.22763443453082,48.22763443453082,48.22763443453082,48.22763443453082,48.22763443453082,48.22763443453082,48.22763443453082,48.22763443453082,48.22763443453082,48.22763443453082,48.22763443453082,48.22763443453082,48.22763443453082,48.22763443453082,48.22763443453082,48.22763443453082,48.22763443453082,48.22763443453082,48.22763443453082,48.22763443453082,48.22763443453082,48.22763443453082,48.22763443453082,48.22763443453082,48.22763443453082,48.22763443453082,48.22763443453082,48.22763443453082,48.22763443453082,48.22763443453082,48.22763443453082,48.22763443453082,48.22763443453082,48.22763443453082,48.22763443453082,48.22763443453082,48.22763443453082,48.22763443453082,48.22763443453082,48.22763443453082,48.22763443453082,48.22763443453082,48.22763443453082,48.22763443453082,48.22763443453082,48.22763443453082,48.22763443453082,48.22763443453082,48.22763443453082,48.22763443453082,1000000.0
FLINT,MAGNUM03,F,na,na,na,na,2025_03_11-15_02_56,na,5,43,Yes,1,na,96.4552688690621,4919.218712322267,0.0,7.0,43.0,0.0,,,,96.4552688690621,7619.966240655968,0.0,7.0,43.0,0.0,33.0,21.0,9.0,30.0,14.0,6.0,24.0,6.0,3.0,18.0,3.0,2.0,13.0,-2.0,1.0,6.0,-7.0,0.0,7.0,-6.0,0.0,0.0,33.0,33.0,54.0,54.0,63.0,0.0,30.0,37.0,51.0,57.0,63.0,0.0,24.0,41.0,47.0,60.0,63.0,2.0,20.0,42.0,45.0,61.0,63.0,4.0,17.0,44.0,42.0,62.0,63.0,6.0,12.0,46.0,39.0,63.0,63.0,6.0,13.0,46.0,40.0,63.0,63.0,7.0,0.0,49.0,2.0,63.0,34.0,63.0,0.0,0.301191357198418,3.9710207872487495,3.1035314968894507,0.4374894505865458,30.0,160.0,989486.3756932722,992524.7166626477,996045.3339763684,997202.7972027971,998842.5367735712,999421.2683867855,1000000.0,1000000.0,1000000.0,1000000.0,1000000.0,1000000.0,1000000.0,1000000.0,1000000.0,1000000.0,1000000.0,1000000.0,1000000.0,1000000.0,1000000.0,1000000.0,1000000.0,1000000.0,1000000.0,1000000.0,1000000.0,1000000.0,1000000.0,1000000.0,1000000.0,1000000.0,1000000.0,1000000.0,1000000.0,1000000.0,1000000.0,1000000.0,1000000.0,1000000.0,1000000.0,1000000.0,1000000.0,1000000.0,1000000.0,1000000.0,1000000.0,1000000.0,1000000.0,1000000.0,1000000.0,1000000.0,1000000.0,1000000.0,1000000.0,1000000.0,1000000.0,1000000.0,1000000.0,1000000.0,1000000.0,1000000.0,1000000.0,1000000.0,0.0,0.0,48.22763443453082,48.22763443453082,48.22763443453082,96.4552688690621,96.4552688690621,144.68290330359284,144.68290330359284,144.68290330359284,144.68290330359284,144.68290330359284,241.13817217265407,626.959247648901,723.414516517964,771.6421509524955,1205.690860863273,1639.7395707740552,2604.2922594646707,3761.755485893413,6462.5030142271535,9115.022908126357,13696.648179406795,17361.948396431144,26091.150229081253,35977.8152881601,55075.958524234404,74077.6464914396,109621.41306968892,150229.0812635641,214805.883771401,236942.3679768508,421123.70388232457,516228.5989872196,635640.2218471183,716276.8266216541,806221.3648420544,869158.4277791174,927996.1417892452,953605.0156739812,977188.3289124668,988184.22956354,995080.7812876777,997443.9353749697,998890.7644080058,999421.2683867855,999951.7723655654,999951.7723655654,1000000.0,1000000.0,1000000.0,1000000.0,1000000.0,1000000.0,1000000.0,1000000.0,1000000.0,1000000.0,1000000.0,1000000.0,1000000.0,1000000.0,1000000.0,1000000.0,0.0,0.0,0.0,0.0,0.0,0.0,0.0,0.0,0.0,0.0,0.0,0.0,0.0,0.0,0.0,0.0,0.0,0.0,0.0,0.0,0.0,0.0,0.0,0.0,0.0,0.0,0.0,0.0,0.0,0.0,0.0,0.0,0.0,0.0,96.4552688690621,144.68290330359284,144.68290330359284,144.68290330359284,192.91053773812425,337.59344104171646,675.1868820834334,1205.690860863273,2266.6988184229576,3279.479141548107,5112.12925006028,8536.291294911978,16011.574632264283,22811.671087533156,41234.627441524026,63805.160356884495,116035.68844948165,173860.6221364842,272244.9963829274,375452.1340728237,532529.5394260911,636749.4574391126,777140.1012780323,861683.144441765,938123.9450204967,967639.2572944297,988328.9124668434,995852.4234386302,998987.2196768748,1000000.0,48.22763443453082,48.22763443453082,48.22763443453082,48.22763443453082,48.22763443453082,48.22763443453082,48.22763443453082,48.22763443453082,48.22763443453082,48.22763443453082,48.22763443453082,48.22763443453082,48.22763443453082,48.22763443453082,48.22763443453082,48.22763443453082,48.22763443453082,48.22763443453082,48.22763443453082,48.22763443453082,48.22763443453082,48.22763443453082,48.22763443453082,48.22763443453082,48.22763443453082,48.22763443453082,48.22763443453082,48.22763443453082,48.22763443453082,48.22763443453082,48.22763443453082,48.22763443453082,48.22763443453082,48.22763443453082,48.22763443453082,48.22763443453082,48.22763443453082,48.22763443453082,48.22763443453082,48.22763443453082,48.22763443453082,48.22763443453082,48.22763443453082,48.22763443453082,48.22763443453082,48.22763443453082,48.22763443453082,48.22763443453082,48.22763443453082,48.22763443453082,48.22763443453082,48.22763443453082,48.22763443453082,48.22763443453082,48.22763443453082,48.22763443453082,48.22763443453082,48.22763443453082,48.22763443453082,48.22763443453082,48.22763443453082,48.22763443453082,48.22763443453082,1000000.0
FLINT,MAGNUM03,F,na,na,na,na,2025_03_11-15_02_56,na,5,44,Yes,1,na,48.22763443453082,1784.4224740776426,48.22763443453082,9.0,44.0,0.0,,,,48.22763443453082,2652.519893899267,48.22763443453082,9.0,44.0,0.0,34.0,20.0,9.0,30.0,15.0,6.0,25.0,8.0,4.0,20.0,4.0,3.0,14.0,1.0,1.0,4.0,-3.0,0.0,9.0,-1.0,1.0,0.0,34.0,34.0,54.0,54.0,63.0,0.0,30.0,37.0,52.0,57.0,63.0,1.0,26.0,40.0,48.0,59.0,63.0,3.0,23.0,42.0,46.0,60.0,63.0,5.0,19.0,43.0,44.0,62.0,63.0,6.0,10.0,45.0,42.0,63.0,63.0,6.0,15.0,44.0,43.0,62.0,63.0,9.0,0.0,47.0,5.0,63.0,36.0,63.0,0.0,0.41034291403213474,3.571230436933923,2.758820664964917,0.6186885949313036,30.0,160.0,976175.5485893417,983554.3766578248,991849.5297805641,995129.0089221123,998553.1709669641,999517.7236556546,999903.5447311308,1000000.0,1000000.0,1000000.0,1000000.0,1000000.0,1000000.0,1000000.0,1000000.0,1000000.0,1000000.0,1000000.0,1000000.0,1000000.0,1000000.0,1000000.0,1000000.0,1000000.0,1000000.0,1000000.0,1000000.0,1000000.0,1000000.0,1000000.0,1000000.0,1000000.0,1000000.0,1000000.0,1000000.0,1000000.0,1000000.0,1000000.0,1000000.0,1000000.0,1000000.0,1000000.0,1000000.0,1000000.0,1000000.0,1000000.0,1000000.0,1000000.0,1000000.0,1000000.0,1000000.0,1000000.0,1000000.0,1000000.0,1000000.0,1000000.0,1000000.0,1000000.0,1000000.0,1000000.0,1000000.0,1000000.0,1000000.0,1000000.0,0.0,0.0,0.0,0.0,0.0,48.22763443453082,48.22763443453082,48.22763443453082,48.22763443453082,96.4552688690621,241.13817217265407,241.13817217265407,241.13817217265407,385.82107547624787,530.5039787798403,578.7316132143711,723.414516517964,819.8697853870253,1302.1461297323344,1639.7395707740552,2797.202797202796,4051.121292500604,6124.909573185426,8970.34000482275,15095.249578008212,22425.850012056908,38003.37593441041,54448.99927658542,83771.4010127803,120761.99662406556,183940.19773330117,207427.0557029178,385338.7991319026,485845.18929346517,621123.7038823245,706149.0233904027,810995.900651073,880684.8324089702,938557.9937304074,962285.9898721967,985869.3031106823,993730.407523511,997974.4393537496,999083.6749457439,999710.6341933928,999951.7723655654,1000000.0,1000000.0,1000000.0,1000000.0,1000000.0,1000000.0,1000000.0,1000000.0,1000000.0,1000000.0,1000000.0,1000000.0,1000000.0,1000000.0,1000000.0,1000000.0,1000000.0,1000000.0,0.0,0.0,0.0,0.0,0.0,0.0,0.0,0.0,0.0,0.0,0.0,0.0,0.0,0.0,0.0,0.0,0.0,0.0,0.0,0.0,0.0,0.0,0.0,0.0,0.0,0.0,0.0,0.0,0.0,0.0,0.0,0.0,0.0,0.0,0.0,0.0,48.22763443453082,48.22763443453082,96.4552688690621,96.4552688690621,96.4552688690621,96.4552688690621,289.36580660718624,675.1868820834334,1832.650108512174,3327.7067759826386,7089.462261876058,11815.770436460101,23920.90667952736,43742.46443211957,93175.78972751384,146612.00868097425,255992.28357849046,374101.76030865684,545116.9520135038,656040.511212925,794743.1878466362,882035.2061731372,953894.3814805883,978201.1092355918,994550.2773088979,998312.0327947914,999855.3170966964,1000000.0,96.4552688690621,96.4552688690621,96.4552688690621,96.4552688690621,96.4552688690621,96.4552688690621,96.4552688690621,96.4552688690621,96.4552688690621,96.4552688690621,96.4552688690621,96.4552688690621,96.4552688690621,96.4552688690621,96.4552688690621,96.4552688690621,96.4552688690621,96.4552688690621,96.4552688690621,96.4552688690621,96.4552688690621,96.4552688690621,96.4552688690621,96.4552688690621,96.4552688690621,96.4552688690621,96.4552688690621,96.4552688690621,96.4552688690621,96.4552688690621,96.4552688690621,96.4552688690621,96.4552688690621,96.4552688690621,96.4552688690621,96.4552688690621,96.4552688690621,96.4552688690621,96.4552688690621,96.4552688690621,96.4552688690621,96.4552688690621,96.4552688690621,96.4552688690621,96.4552688690621,96.4552688690621,96.4552688690621,96.4552688690621,96.4552688690621,96.4552688690621,96.4552688690621,96.4552688690621,96.4552688690621,96.4552688690621,96.4552688690621,96.4552688690621,96.4552688690621,96.4552688690621,96.4552688690621,96.4552688690621,96.4552688690621,96.4552688690621,96.4552688690621,1000000.0
FLINT,MAGNUM03,F,na,na,na,na,2025_03_11-15_02_56,na,5,45,Yes,1,na,434.04870991077877,8729.201832650146,0.0,8.0,43.0,0.0,,,,675.186882083473,13889.558717144953,0.0,8.0,43.0,0.0,33.0,21.0,9.0,30.0,14.0,6.0,24.0,5.0,3.0,16.0,1.0,1.0,8.0,-5.0,0.0,-2.0,-10.0,0.0,2.0,-8.0,0.0,0.0,33.0,33.0,54.0,54.0,63.0,0.0,30.0,37.0,51.0,57.0,63.0,0.0,24.0,41.0,46.0,60.0,63.0,3.0,19.0,43.0,44.0,62.0,63.0,6.0,14.0,46.0,41.0,63.0,63.0,9.0,7.0,47.0,37.0,63.0,63.0,7.0,9.0,46.0,38.0,63.0,63.0,11.0,0.0,50.0,2.0,63.0,31.0,63.0,0.0,0.44138649683409115,4.290264916537825,3.3865010582028545,0.4374894505865458,30.0,160.0,984470.701712081,987509.0426814564,992283.578490475,993875.0904268145,997443.9353749697,998263.8051603568,999517.7236556546,999662.4065589582,999855.3170966964,999951.7723655654,1000000.0,1000000.0,1000000.0,1000000.0,1000000.0,1000000.0,1000000.0,1000000.0,1000000.0,1000000.0,1000000.0,1000000.0,1000000.0,1000000.0,1000000.0,1000000.0,1000000.0,1000000.0,1000000.0,1000000.0,1000000.0,1000000.0,1000000.0,1000000.0,1000000.0,1000000.0,1000000.0,1000000.0,1000000.0,1000000.0,1000000.0,1000000.0,1000000.0,1000000.0,1000000.0,1000000.0,1000000.0,1000000.0,1000000.0,1000000.0,1000000.0,1000000.0,1000000.0,1000000.0,1000000.0,1000000.0,1000000.0,1000000.0,1000000.0,1000000.0,1000000.0,1000000.0,1000000.0,1000000.0,0.0,0.0,96.4552688690621,96.4552688690621,144.68290330359284,192.91053773812425,192.91053773812425,241.13817217265407,482.27634434531,626.959247648901,675.1868820834334,868.0974198215577,964.5526886906189,1205.690860863273,1639.7395707740552,2025.5606462503029,3086.56860380998,3858.2107547624714,5160.356884494808,6800.096455268857,9404.388714733534,11912.225705329136,17169.037858693027,20786.110441282854,30962.141306968904,41813.35905473833,63998.0708946226,80636.60477453576,118929.34651555336,157897.27513865454,226428.743670123,266843.50132625987,417169.03785869305,501615.6257535568,625801.784422474,689365.8066071859,795080.7812876777,853677.357125633,914540.631782011,937304.0752351097,968748.4928864238,980708.9462261875,991270.7981673499,994598.5049433325,997926.211719315,998697.8538702676,999614.1789245236,999903.5447311308,999951.7723655654,1000000.0,1000000.0,1000000.0,1000000.0,1000000.0,1000000.0,1000000.0,1000000.0,1000000.0,1000000.0,1000000.0,1000000.0,1000000.0,1000000.0,1000000.0,0.0,0.0,0.0,0.0,0.0,0.0,0.0,0.0,0.0,0.0,0.0,0.0,0.0,0.0,0.0,0.0,0.0,0.0,0.0,0.0,0.0,0.0,0.0,0.0,0.0,0.0,0.0,0.0,0.0,0.0,0.0,48.22763443453082,48.22763443453082,48.22763443453082,144.68290330359284,144.68290330359284,192.91053773812425,337.59344104171646,578.7316132143711,964.5526886906189,1350.373764166866,1880.8777429467057,3568.844948155295,5208.58451892934,10031.347962382453,14130.696889317576,25078.369905956108,35157.9455027731,59368.21798890764,86038.0998312033,148107.0653484447,192621.1719315168,306727.755003617,398119.12225705327,552881.6011574632,635157.945502773,775500.3617072583,851989.3899204244,930214.6129732336,958186.6409452616,986062.2136484205,993296.3588136001,998215.5775259222,1000000.0,48.22763443453082,48.22763443453082,48.22763443453082,48.22763443453082,48.22763443453082,48.22763443453082,48.22763443453082,48.22763443453082,48.22763443453082,48.22763443453082,48.22763443453082,48.22763443453082,48.22763443453082,48.22763443453082,48.22763443453082,48.22763443453082,48.22763443453082,48.22763443453082,48.22763443453082,48.22763443453082,48.22763443453082,48.22763443453082,48.22763443453082,48.22763443453082,48.22763443453082,48.22763443453082,48.22763443453082,48.22763443453082,48.22763443453082,48.22763443453082,48.22763443453082,48.22763443453082,48.22763443453082,48.22763443453082,48.22763443453082,48.22763443453082,48.22763443453082,48.22763443453082,48.22763443453082,48.22763443453082,48.22763443453082,48.22763443453082,48.22763443453082,48.22763443453082,48.22763443453082,48.22763443453082,48.22763443453082,48.22763443453082,48.22763443453082,48.22763443453082,48.22763443453082,48.22763443453082,48.22763443453082,48.22763443453082,48.22763443453082,48.22763443453082,48.22763443453082,48.22763443453082,48.22763443453082,48.22763443453082,48.22763443453082,48.22763443453082,48.22763443453082,1000000.0
FLINT,MAGNUM03,F,na,na,na,na,2025_03_11-15_02_56,na,5,46,Yes,1,na,578.7316132143711,7909.332047263181,0.0,7.0,43.0,0.0,,,,868.0974198216113,14468.2903303594,0.0,7.0,43.0,0.0,33.0,21.0,9.0,29.0,13.0,6.0,22.0,5.0,3.0,15.0,0.0,2.0,6.0,-5.0,0.0,-7.0,-13.0,0.0,1.0,-9.0,0.0,0.0,33.0,33.0,54.0,54.0,63.0,0.0,29.0,37.0,50.0,57.0,63.0,0.0,22.0,41.0,46.0,60.0,63.0,3.0,18.0,43.0,43.0,61.0,63.0,5.0,11.0,45.0,40.0,63.0,63.0,8.0,1.0,47.0,34.0,63.0,63.0,6.0,7.0,46.0,37.0,63.0,63.0,8.0,0.0,48.0,0.0,63.0,27.0,63.0,0.0,0.4194364191253931,4.521890052933096,3.439764917809556,0.4374894505865458,30.0,160.0,983409.6937545212,987026.766337111,991994.2126838678,994019.7733301182,997877.9840848806,999083.6749457439,999565.9512900892,999807.0894622619,1000000.0,1000000.0,1000000.0,1000000.0,1000000.0,1000000.0,1000000.0,1000000.0,1000000.0,1000000.0,1000000.0,1000000.0,1000000.0,1000000.0,1000000.0,1000000.0,1000000.0,1000000.0,1000000.0,1000000.0,1000000.0,1000000.0,1000000.0,1000000.0,1000000.0,1000000.0,1000000.0,1000000.0,1000000.0,1000000.0,1000000.0,1000000.0,1000000.0,1000000.0,1000000.0,1000000.0,1000000.0,1000000.0,1000000.0,1000000.0,1000000.0,1000000.0,1000000.0,1000000.0,1000000.0,1000000.0,1000000.0,1000000.0,1000000.0,1000000.0,1000000.0,1000000.0,1000000.0,1000000.0,1000000.0,1000000.0,192.91053773812425,241.13817217265407,241.13817217265407,241.13817217265407,385.82107547624787,434.04870991077877,482.27634434531,626.959247648901,723.414516517964,964.5526886906189,1205.690860863273,1398.601398601398,1832.650108512174,2411.3817217265464,2797.202797202796,3279.479141548107,4002.8936580660734,5256.812153363875,7234.145165179647,9066.795273691821,12490.957318543524,16927.89968652038,23631.540872920184,28791.897757414958,40462.98529057147,53484.44658789487,74318.78466361224,94960.21220159151,133494.09211478182,175018.08536291297,237858.69303110684,251507.11357607902,431444.4176513142,512322.16059802263,622522.3052809259,689896.3105859656,786978.5387026767,848275.8620689654,910778.8762961178,937834.5792138894,968893.1757897275,981287.677839402,992090.6679527368,995273.6918254159,998312.0327947914,999228.3578490474,999807.0894622619,999903.5447311308,1000000.0,1000000.0,1000000.0,1000000.0,1000000.0,1000000.0,1000000.0,1000000.0,1000000.0,1000000.0,1000000.0,1000000.0,1000000.0,1000000.0,1000000.0,1000000.0,0.0,0.0,0.0,0.0,0.0,0.0,0.0,0.0,0.0,0.0,0.0,0.0,0.0,0.0,0.0,0.0,0.0,0.0,0.0,0.0,0.0,0.0,0.0,0.0,0.0,0.0,0.0,48.22763443453082,48.22763443453082,48.22763443453082,96.4552688690621,96.4552688690621,96.4552688690621,96.4552688690621,241.13817217265407,482.27634434531,530.5039787798403,771.6421509524955,964.5526886906189,1253.9184952978064,1977.3330118157653,2797.202797202796,4678.080540149494,6607.1859175307445,11574.632264287418,17506.63129973476,29322.401736194817,40270.07475283335,67566.91584277792,97709.18736435974,160212.201591512,212876.7783940197,324089.70340004825,423101.0368941403,568362.6718109477,662406.558958283,791560.163973957,867277.5500361708,938413.310827104,963346.9978297565,987653.7255847601,994260.9115022907,998601.3986013986,1000000.0,48.22763443453082,48.22763443453082,48.22763443453082,48.22763443453082,48.22763443453082,48.22763443453082,48.22763443453082,48.22763443453082,48.22763443453082,48.22763443453082,48.22763443453082,48.22763443453082,48.22763443453082,48.22763443453082,48.22763443453082,48.22763443453082,48.22763443453082,48.22763443453082,48.22763443453082,48.22763443453082,48.22763443453082,48.22763443453082,48.22763443453082,48.22763443453082,48.22763443453082,48.22763443453082,48.22763443453082,48.22763443453082,48.22763443453082,48.22763443453082,48.22763443453082,48.22763443453082,48.22763443453082,48.22763443453082,48.22763443453082,48.22763443453082,48.22763443453082,48.22763443453082,48.22763443453082,48.22763443453082,48.22763443453082,48.22763443453082,48.22763443453082,48.22763443453082,48.22763443453082,48.22763443453082,48.22763443453082,48.22763443453082,48.22763443453082,48.22763443453082,48.22763443453082,48.22763443453082,48.22763443453082,48.22763443453082,48.22763443453082,48.22763443453082,48.22763443453082,48.22763443453082,48.22763443453082,48.22763443453082,48.22763443453082,48.22763443453082,48.22763443453082,1000000.0
FLINT,MAGNUM03,F,na,na,na,na,2025_03_11-15_02_56,na,5,47,Yes,1,na,0.0,1977.3330118157653,771.6421509525992,9.0,44.0,62.0,,,,0.0,2652.519893899267,771.6421509525992,9.0,44.0,62.0,33.0,21.0,9.0,30.0,15.0,7.0,22.0,8.0,4.0,18.0,5.0,3.0,13.0,1.0,2.0,6.0,-2.0,0.0,10.0,-1.0,1.0,0.0,33.0,33.0,54.0,54.0,63.0,0.0,30.0,36.0,51.0,56.0,63.0,3.0,25.0,40.0,48.0,59.0,63.0,4.0,22.0,41.0,46.0,60.0,63.0,6.0,19.0,43.0,44.0,61.0,63.0,7.0,13.0,45.0,43.0,63.0,63.0,6.0,16.0,44.0,43.0,62.0,63.0,8.0,0.0,46.0,10.0,63.0,42.0,63.0,63.0,0.6961305980090444,3.506981830796318,2.6618138803565836,0.0,30.0,160.0,936291.2949119845,955534.1210513624,975452.1340728237,984133.1082710393,994405.5944055944,998263.8051603568,999614.1789245236,999951.7723655654,1000000.0,1000000.0,1000000.0,1000000.0,1000000.0,1000000.0,1000000.0,1000000.0,1000000.0,1000000.0,1000000.0,1000000.0,1000000.0,1000000.0,1000000.0,1000000.0,1000000.0,1000000.0,1000000.0,1000000.0,1000000.0,1000000.0,1000000.0,1000000.0,1000000.0,1000000.0,1000000.0,1000000.0,1000000.0,1000000.0,1000000.0,1000000.0,1000000.0,1000000.0,1000000.0,1000000.0,1000000.0,1000000.0,1000000.0,1000000.0,1000000.0,1000000.0,1000000.0,1000000.0,1000000.0,1000000.0,1000000.0,1000000.0,1000000.0,1000000.0,1000000.0,1000000.0,1000000.0,1000000.0,1000000.0,1000000.0,0.0,0.0,0.0,0.0,0.0,0.0,0.0,0.0,0.0,0.0,48.22763443453082,48.22763443453082,144.68290330359284,241.13817217265407,337.59344104171646,385.82107547624787,578.7316132143711,771.6421509524955,1157.4632264287443,1736.1948396431121,2941.8857005063924,4244.031830238725,6993.006993006999,10031.347962382453,18230.045816252703,26525.198938992027,43308.41572220885,59946.949602121975,93658.06607185923,135230.2869544249,204002.89365806605,226091.15022908122,435977.8152881601,540053.0503978779,670701.7120810223,756305.763202315,846539.6672293224,904750.4219918012,952206.4142753797,973474.8010610079,989534.6033277067,995080.7812876777,997974.4393537496,999131.9025801783,999855.3170966964,999951.7723655654,1000000.0,1000000.0,1000000.0,1000000.0,1000000.0,1000000.0,1000000.0,1000000.0,1000000.0,1000000.0,1000000.0,1000000.0,1000000.0,1000000.0,1000000.0,1000000.0,1000000.0,1000000.0,0.0,0.0,0.0,0.0,0.0,0.0,0.0,0.0,0.0,0.0,0.0,0.0,0.0,0.0,0.0,0.0,0.0,0.0,0.0,0.0,0.0,0.0,0.0,0.0,0.0,0.0,0.0,0.0,0.0,0.0,0.0,0.0,0.0,0.0,0.0,0.0,0.0,0.0,0.0,0.0,0.0,0.0,144.68290330359284,675.1868820834334,2025.5606462503029,3906.438389197008,7571.738606221362,13889.55871714491,29033.035929587655,53725.584760067526,108897.99855317106,176561.36966481793,301712.08102242585,427345.06872437906,607330.6004340487,720038.5821075476,850590.7885218229,922980.467808054,973764.1668676152,989775.7414998794,997154.5695683626,999228.3578490474,999807.0894622619,1000000.0,0.0,0.0,0.0,0.0,0.0,0.0,0.0,0.0,0.0,0.0,0.0,0.0,0.0,0.0,0.0,0.0,0.0,0.0,0.0,0.0,0.0,0.0,0.0,0.0,0.0,0.0,0.0,0.0,0.0,0.0,0.0,0.0,0.0,0.0,0.0,0.0,0.0,0.0,0.0,0.0,0.0,0.0,0.0,0.0,0.0,0.0,0.0,0.0,0.0,0.0,0.0,0.0,0.0,0.0,0.0,0.0,0.0,0.0,0.0,0.0,0.0,0.0,0.0,1000000.0
FLINT,MAGNUM03,F,na,na,na,na,2025_03_11-15_02_56,na,5,48,Yes,1,na,0.0,1495.056667470457,626.9592476489951,9.0,44.0,62.0,,,,0.0,2314.9264528575177,626.9592476489951,9.0,44.0,62.0,33.0,21.0,9.0,30.0,14.0,7.0,25.0,8.0,4.0,19.0,5.0,3.0,14.0,1.0,2.0,8.0,-4.0,1.0,11.0,-1.0,1.0,0.0,33.0,33.0,54.0,54.0,63.0,0.0,30.0,37.0,51.0,56.0,63.0,0.0,25.0,40.0,48.0,59.0,63.0,3.0,22.0,41.0,46.0,60.0,63.0,5.0,19.0,43.0,44.0,61.0,63.0,7.0,15.0,45.0,41.0,62.0,63.0,6.0,17.0,44.0,43.0,62.0,63.0,8.0,0.0,46.0,10.0,63.0,38.0,63.0,63.0,0.41932902804528965,3.5606699264782455,2.6770188405885436,0.0,30.0,160.0,978683.3855799373,984615.3846153845,991849.5297805641,994453.8220400289,997974.4393537496,999228.3578490474,999855.3170966964,1000000.0,1000000.0,1000000.0,1000000.0,1000000.0,1000000.0,1000000.0,1000000.0,1000000.0,1000000.0,1000000.0,1000000.0,1000000.0,1000000.0,1000000.0,1000000.0,1000000.0,1000000.0,1000000.0,1000000.0,1000000.0,1000000.0,1000000.0,1000000.0,1000000.0,1000000.0,1000000.0,1000000.0,1000000.0,1000000.0,1000000.0,1000000.0,1000000.0,1000000.0,1000000.0,1000000.0,1000000.0,1000000.0,1000000.0,1000000.0,1000000.0,1000000.0,1000000.0,1000000.0,1000000.0,1000000.0,1000000.0,1000000.0,1000000.0,1000000.0,1000000.0,1000000.0,1000000.0,1000000.0,1000000.0,1000000.0,1000000.0,0.0,0.0,0.0,0.0,0.0,0.0,0.0,0.0,0.0,0.0,48.22763443453082,48.22763443453082,48.22763443453082,48.22763443453082,192.91053773812425,241.13817217265407,385.82107547624787,723.414516517964,1302.1461297323344,1639.7395707740552,2941.8857005063924,4581.625271280436,7619.966240655894,10851.217747769464,17361.948396431144,26380.516035688444,43790.69206655412,58837.71401012778,93850.97660959735,134989.14878225222,209018.5676392573,243887.14733542316,417410.17603086564,522787.5572703159,655944.0559440559,729877.0195321919,839016.1562575356,899156.0163973956,951820.5931999035,971111.6469737159,988473.595370147,994550.2773088979,998167.3498914879,999180.1302146129,999710.6341933928,1000000.0,1000000.0,1000000.0,1000000.0,1000000.0,1000000.0,1000000.0,1000000.0,1000000.0,1000000.0,1000000.0,1000000.0,1000000.0,1000000.0,1000000.0,1000000.0,1000000.0,1000000.0,1000000.0,0.0,0.0,0.0,0.0,0.0,0.0,0.0,0.0,0.0,0.0,0.0,0.0,0.0,0.0,0.0,0.0,0.0,0.0,0.0,0.0,0.0,0.0,0.0,0.0,0.0,0.0,0.0,0.0,0.0,0.0,0.0,0.0,0.0,0.0,0.0,0.0,0.0,0.0,144.68290330359284,144.68290330359284,192.91053773812425,289.36580660718624,434.04870991077877,771.6421509524955,1543.2843019049903,3231.251507113574,7185.917530745107,13359.054738365065,29804.678080540147,55075.958524234404,121003.1347962382,179358.5724620207,314106.58307210024,438919.7009886665,615336.3877501809,719604.5333976368,856522.7875572701,923848.5652278756,975500.3617072582,988570.0506390162,997926.211719315,999373.040752351,999951.7723655654,1000000.0,0.0,0.0,0.0,0.0,0.0,0.0,0.0,0.0,0.0,0.0,0.0,0.0,0.0,0.0,0.0,0.0,0.0,0.0,0.0,0.0,0.0,0.0,0.0,0.0,0.0,0.0,0.0,0.0,0.0,0.0,0.0,0.0,0.0,0.0,0.0,0.0,0.0,0.0,0.0,0.0,0.0,0.0,0.0,0.0,0.0,0.0,0.0,0.0,0.0,0.0,0.0,0.0,0.0,0.0,0.0,0.0,0.0,0.0,0.0,0.0,0.0,0.0,0.0,1000000.0
FLINT,MAGNUM03,F,na,na,na,na,2025_03_11-15_02_56,na,5,49,Yes,1,na,48.22763443453082,5787.316132143714,1495.0566674705178,9.5,43.0,62.0,,,,48.22763443453082,8439.836026042964,1495.0566674705178,9.5,43.0,62.0,33.0,20.0,10.0,30.0,13.0,7.0,24.0,6.0,4.0,18.0,2.0,3.0,12.0,-2.0,1.0,8.0,-8.0,0.0,10.0,-6.0,1.0,0.0,33.0,33.0,53.0,53.0,63.0,0.0,30.0,37.0,50.0,56.0,63.0,0.0,24.0,40.0,46.0,59.0,63.0,3.0,21.0,42.0,44.0,60.0,63.0,5.0,17.0,43.0,41.0,62.0,63.0,6.0,14.0,45.0,37.0,63.0,63.0,5.0,15.0,45.0,39.0,62.0,63.0,8.0,0.0,49.0,4.0,63.0,34.0,63.0,63.0,0.3598397126579097,3.7890619779734274,3.167055264017087,0.0,30.0,160.0,981577.043646009,988280.6848324089,993730.407523511,996527.6103207137,998504.9433325295,999614.1789245236,999903.5447311308,1000000.0,1000000.0,1000000.0,1000000.0,1000000.0,1000000.0,1000000.0,1000000.0,1000000.0,1000000.0,1000000.0,1000000.0,1000000.0,1000000.0,1000000.0,1000000.0,1000000.0,1000000.0,1000000.0,1000000.0,1000000.0,1000000.0,1000000.0,1000000.0,1000000.0,1000000.0,1000000.0,1000000.0,1000000.0,1000000.0,1000000.0,1000000.0,1000000.0,1000000.0,1000000.0,1000000.0,1000000.0,1000000.0,1000000.0,1000000.0,1000000.0,1000000.0,1000000.0,1000000.0,1000000.0,1000000.0,1000000.0,1000000.0,1000000.0,1000000.0,1000000.0,1000000.0,1000000.0,1000000.0,1000000.0,1000000.0,1000000.0,0.0,0.0,0.0,0.0,48.22763443453082,48.22763443453082,48.22763443453082,48.22763443453082,48.22763443453082,48.22763443453082,48.22763443453082,96.4552688690621,192.91053773812425,192.91053773812425,530.5039787798403,626.959247648901,1061.0079575596806,1639.7395707740552,2170.2435495538875,3183.023872679041,4485.170002411382,6800.096455268857,10079.575596816969,15432.843019049933,23342.17506631299,34916.807330600415,54931.27562093078,74511.69520135042,110827.10393055223,155727.03158910057,224885.4593682179,265927.1762720038,439450.2049674463,541885.7005063902,659368.2179889077,744875.813841331,834145.1651796479,894236.7976850733,943863.0335182059,967494.574391126,984615.3846153845,992524.7166626477,997347.4801061008,998746.0815047021,999517.7236556546,999951.7723655654,1000000.0,1000000.0,1000000.0,1000000.0,1000000.0,1000000.0,1000000.0,1000000.0,1000000.0,1000000.0,1000000.0,1000000.0,1000000.0,1000000.0,1000000.0,1000000.0,1000000.0,1000000.0,0.0,0.0,0.0,0.0,0.0,0.0,0.0,0.0,0.0,0.0,0.0,0.0,0.0,0.0,0.0,0.0,0.0,0.0,0.0,0.0,0.0,0.0,0.0,0.0,0.0,0.0,0.0,0.0,0.0,0.0,0.0,0.0,0.0,0.0,48.22763443453082,96.4552688690621,144.68290330359284,289.36580660718624,385.82107547624787,626.959247648901,1061.0079575596806,1784.4224740776426,3279.479141548107,5835.543766578246,9500.843983602605,15529.298287918953,29804.678080540147,43838.91970098867,76826.62165420779,118254.15963346991,196527.61032071375,269206.65541355195,394164.45623342175,514203.03834096936,666891.7289606945,762527.1280443694,870315.8910055462,931179.1656619243,972269.1102001446,986303.3518205931,995611.2852664576,998504.9433325295,999565.9512900892,1000000.0,0.0,0.0,0.0,0.0,0.0,0.0,0.0,0.0,0.0,0.0,0.0,0.0,0.0,0.0,0.0,0.0,0.0,0.0,0.0,0.0,0.0,0.0,0.0,0.0,0.0,0.0,0.0,0.0,0.0,0.0,0.0,0.0,0.0,0.0,0.0,0.0,0.0,0.0,0.0,0.0,0.0,0.0,0.0,0.0,0.0,0.0,0.0,0.0,0.0,0.0,0.0,0.0,0.0,0.0,0.0,0.0,0.0,0.0,0.0,0.0,0.0,0.0,0.0,1000000.0
FLINT,MAGNUM03,F,na,na,na,na,2025_03_11-15_02_56,na,5,50,Yes,1,na,578.7316132144223,12201.591511936347,0.0,7.0,42.0,0.0,,,,1012.7803231251628,17506.631299734814,0.0,7.0,42.0,0.0,32.0,21.0,10.0,28.0,13.0,7.0,22.0,5.0,4.0,13.0,0.0,2.0,5.0,-7.0,1.0,-6.0,-15.0,0.0,0.0,-10.0,0.0,0.0,32.0,32.0,53.0,53.0,63.0,0.0,28.0,36.0,49.0,56.0,63.0,0.0,22.0,40.0,45.0,59.0,63.0,4.0,17.0,42.0,42.0,61.0,63.0,6.0,11.0,45.0,38.0,62.0,63.0,9.0,3.0,48.0,33.0,63.0,63.0,7.0,7.0,46.0,36.0,63.0,63.0,10.0,0.0,51.0,0.0,63.0,26.0,63.0,0.0,0.4644294400957171,4.588539136241226,3.5754511816811143,0.4374894505865458,30.0,160.0,979647.9382686279,985097.6609597298,991126.1152640462,993633.9522546419,997202.7972027971,998408.4880636605,999421.2683867855,999565.9512900892,999855.3170966964,999951.7723655654,1000000.0,1000000.0,1000000.0,1000000.0,1000000.0,1000000.0,1000000.0,1000000.0,1000000.0,1000000.0,1000000.0,1000000.0,1000000.0,1000000.0,1000000.0,1000000.0,1000000.0,1000000.0,1000000.0,1000000.0,1000000.0,1000000.0,1000000.0,1000000.0,1000000.0,1000000.0,1000000.0,1000000.0,1000000.0,1000000.0,1000000.0,1000000.0,1000000.0,1000000.0,1000000.0,1000000.0,1000000.0,1000000.0,1000000.0,1000000.0,1000000.0,1000000.0,1000000.0,1000000.0,1000000.0,1000000.0,1000000.0,1000000.0,1000000.0,1000000.0,1000000.0,1000000.0,1000000.0,1000000.0,192.91053773812425,192.91053773812425,192.91053773812425,241.13817217265407,241.13817217265407,434.04870991077877,530.5039787798403,626.959247648901,771.6421509524955,916.3250542560885,1302.1461297323344,1591.5119363395213,2266.6988184229576,2556.0646250301406,3617.07258258982,4195.804195804195,5642.633228840121,6848.3240897033975,9549.071618037116,12056.90860863274,17024.354955389445,22281.167108753332,31251.507113576063,39257.29442970819,55847.60067518689,72871.95563057627,103303.5929587654,130600.4340487098,178683.38557993728,233373.5230286954,310778.87629611767,338654.44899927656,517434.28984808293,603568.8449481552,710875.3315649867,772317.3378345792,849433.325295394,895538.9438148058,939956.5951290089,959874.6081504702,979310.3448275862,987798.4084880636,994839.6431155051,996527.6103207137,998408.4880636605,999035.4473113093,999710.6341933928,999807.0894622619,999951.7723655654,999951.7723655654,1000000.0,1000000.0,1000000.0,1000000.0,1000000.0,1000000.0,1000000.0,1000000.0,1000000.0,1000000.0,1000000.0,1000000.0,1000000.0,1000000.0,0.0,0.0,0.0,0.0,0.0,0.0,0.0,0.0,0.0,0.0,0.0,0.0,0.0,0.0,0.0,0.0,0.0,0.0,0.0,0.0,0.0,0.0,0.0,0.0,0.0,0.0,48.22763443453082,48.22763443453082,48.22763443453082,48.22763443453082,48.22763443453082,48.22763443453082,144.68290330359284,241.13817217265407,337.59344104171646,530.5039787798403,771.6421509524955,1205.690860863273,1880.8777429467057,2266.6988184229576,3761.755485893413,5497.950325536535,8970.34000482275,12394.502049674455,21123.70388232458,31444.417651314172,53870.26766337109,72437.9069206655,114347.72124427295,161707.25825898236,250735.4714251266,316083.91608391603,449578.0081986978,557945.502773089,699348.9269351339,775982.6380516035,873788.2806848324,923993.2481311791,967156.9809500844,979647.9382686279,993199.9035447311,996913.43139619,998938.9920424403,1000000.0,48.22763443453082,48.22763443453082,48.22763443453082,48.22763443453082,48.22763443453082,48.22763443453082,48.22763443453082,48.22763443453082,48.22763443453082,48.22763443453082,48.22763443453082,48.22763443453082,48.22763443453082,48.22763443453082,48.22763443453082,48.22763443453082,48.22763443453082,48.22763443453082,48.22763443453082,48.22763443453082,48.22763443453082,48.22763443453082,48.22763443453082,48.22763443453082,48.22763443453082,48.22763443453082,48.22763443453082,48.22763443453082,48.22763443453082,48.22763443453082,48.22763443453082,48.22763443453082,48.22763443453082,48.22763443453082,48.22763443453082,48.22763443453082,48.22763443453082,48.22763443453082,48.22763443453082,48.22763443453082,48.22763443453082,48.22763443453082,48.22763443453082,48.22763443453082,48.22763443453082,48.22763443453082,48.22763443453082,48.22763443453082,48.22763443453082,48.22763443453082,48.22763443453082,48.22763443453082,48.22763443453082,48.22763443453082,48.22763443453082,48.22763443453082,48.22763443453082,48.22763443453082,48.22763443453082,48.22763443453082,48.22763443453082,48.22763443453082,48.22763443453082,1000000.0
FLINT,MAGNUM03,F,na,na,na,na,2025_03_11-15_02_56,na,5,51,Yes,1,na,192.91053773812425,3665.3002170243526,96.4552688690621,9.0,43.0,0.0,,,,192.91053773812425,6221.36484205457,96.4552688690621,9.0,43.0,0.0,33.0,20.0,10.0,29.0,14.0,7.0,22.0,6.0,5.0,16.0,2.0,3.0,11.0,-2.0,2.0,1.0,-6.0,1.0,7.0,-3.0,1.0,0.0,33.0,33.0,53.0,53.0,63.0,0.0,29.0,36.0,50.0,56.0,63.0,1.0,23.0,40.0,46.0,58.0,63.0,4.0,20.0,42.0,44.0,60.0,63.0,5.0,16.0,44.0,42.0,61.0,63.0,8.0,9.0,45.0,39.0,62.0,63.0,6.0,13.0,44.0,41.0,62.0,63.0,9.0,0.0,47.0,0.0,63.0,37.0,63.0,0.0,0.47905581474795494,3.9566091424561627,3.020561557943829,0.7577174106292265,30.0,160.0,972944.2970822281,980516.0356884495,989293.4651555341,993103.448275862,997251.0248372317,999180.1302146129,999565.9512900892,999758.8618278273,1000000.0,1000000.0,1000000.0,1000000.0,1000000.0,1000000.0,1000000.0,1000000.0,1000000.0,1000000.0,1000000.0,1000000.0,1000000.0,1000000.0,1000000.0,1000000.0,1000000.0,1000000.0,1000000.0,1000000.0,1000000.0,1000000.0,1000000.0,1000000.0,1000000.0,1000000.0,1000000.0,1000000.0,1000000.0,1000000.0,1000000.0,1000000.0,1000000.0,1000000.0,1000000.0,1000000.0,1000000.0,1000000.0,1000000.0,1000000.0,1000000.0,1000000.0,1000000.0,1000000.0,1000000.0,1000000.0,1000000.0,1000000.0,1000000.0,1000000.0,1000000.0,1000000.0,1000000.0,1000000.0,1000000.0,1000000.0,96.4552688690621,96.4552688690621,96.4552688690621,96.4552688690621,96.4552688690621,96.4552688690621,96.4552688690621,144.68290330359284,144.68290330359284,241.13817217265407,241.13817217265407,385.82107547624787,530.5039787798403,675.1868820834334,916.3250542560885,1157.4632264287443,1832.650108512174,2411.3817217265464,3665.3002170243526,5353.267422232942,7668.193875090419,11092.355919942114,17313.720761996614,22859.898721967693,33711.116469737135,46394.9843260188,70942.85025319504,95249.57800819878,141596.334699783,192862.31010368938,266554.13551965274,296792.86231010366,486809.74198215577,584181.3359054738,702387.2679045092,773523.0286954425,863660.4774535807,913142.0303834097,954376.6578249336,972365.5654690136,987364.3597781529,993296.3588136001,997443.9353749697,998649.626235833,999758.8618278273,999903.5447311308,1000000.0,1000000.0,1000000.0,1000000.0,1000000.0,1000000.0,1000000.0,1000000.0,1000000.0,1000000.0,1000000.0,1000000.0,1000000.0,1000000.0,1000000.0,1000000.0,1000000.0,1000000.0,0.0,0.0,0.0,0.0,0.0,0.0,0.0,0.0,0.0,0.0,0.0,0.0,0.0,0.0,0.0,0.0,0.0,0.0,0.0,0.0,0.0,0.0,0.0,0.0,0.0,0.0,0.0,0.0,0.0,0.0,0.0,0.0,0.0,0.0,0.0,0.0,0.0,48.22763443453082,96.4552688690621,241.13817217265407,482.27634434531,868.0974198215577,2122.0159151193625,3713.527851458888,7861.104412828547,13214.371835061467,25994.694960212186,38871.47335423198,68386.78562816493,108271.039305522,191511.9363395225,264576.802507837,403665.30021702434,526018.8087774295,682855.0759585242,775982.6380516035,883289.1246684348,938123.9450204967,979069.2066554135,989920.4244031829,997154.5695683626,998794.3091391367,999903.5447311308,1000000.0,144.68290330359284,144.68290330359284,144.68290330359284,144.68290330359284,144.68290330359284,144.68290330359284,144.68290330359284,144.68290330359284,144.68290330359284,144.68290330359284,144.68290330359284,144.68290330359284,144.68290330359284,144.68290330359284,144.68290330359284,144.68290330359284,144.68290330359284,144.68290330359284,144.68290330359284,144.68290330359284,144.68290330359284,144.68290330359284,144.68290330359284,144.68290330359284,144.68290330359284,144.68290330359284,144.68290330359284,144.68290330359284,144.68290330359284,144.68290330359284,144.68290330359284,144.68290330359284,144.68290330359284,144.68290330359284,144.68290330359284,144.68290330359284,144.68290330359284,144.68290330359284,144.68290330359284,144.68290330359284,144.68290330359284,144.68290330359284,144.68290330359284,144.68290330359284,144.68290330359284,144.68290330359284,144.68290330359284,144.68290330359284,144.68290330359284,144.68290330359284,144.68290330359284,144.68290330359284,144.68290330359284,144.68290330359284,144.68290330359284,144.68290330359284,144.68290330359284,144.68290330359284,144.68290330359284,144.68290330359284,144.68290330359284,144.68290330359284,144.68290330359284,1000000.0
FLINT,MAGNUM03,F,na,na,na,na,2025_03_11-15_02_56,na,5,52,Yes,1,na,0.0,1253.9184952978064,192.91053773817794,9.0,43.0,62.0,,,,0.0,2073.7882806848675,192.91053773817794,9.0,43.0,62.0,32.0,21.0,10.0,29.0,14.0,7.0,23.0,8.0,5.0,18.0,6.0,4.0,14.0,2.0,3.0,7.0,-4.0,1.0,10.0,-2.0,2.0,0.0,32.0,32.0,53.0,53.0,63.0,0.0,29.0,36.0,50.0,56.0,63.0,2.0,25.0,39.0,47.0,58.0,63.0,4.0,22.0,40.0,46.0,59.0,63.0,5.0,19.0,42.0,44.0,60.0,63.0,7.0,14.0,45.0,41.0,62.0,63.0,6.0,16.0,44.0,42.0,61.0,63.0,8.0,0.0,63.0,10.0,63.0,37.0,63.0,63.0,0.6149849812729854,3.5157922455598807,2.6586843711416446,0.0,30.0,160.0,946901.3744875814,964359.7781528815,980564.263322884,988087.7742946708,996190.0168796721,998842.5367735712,999855.3170966964,999903.5447311308,1000000.0,1000000.0,1000000.0,1000000.0,1000000.0,1000000.0,1000000.0,1000000.0,1000000.0,1000000.0,1000000.0,1000000.0,1000000.0,1000000.0,1000000.0,1000000.0,1000000.0,1000000.0,1000000.0,1000000.0,1000000.0,1000000.0,1000000.0,1000000.0,1000000.0,1000000.0,1000000.0,1000000.0,1000000.0,1000000.0,1000000.0,1000000.0,1000000.0,1000000.0,1000000.0,1000000.0,1000000.0,1000000.0,1000000.0,1000000.0,1000000.0,1000000.0,1000000.0,1000000.0,1000000.0,1000000.0,1000000.0,1000000.0,1000000.0,1000000.0,1000000.0,1000000.0,1000000.0,1000000.0,1000000.0,1000000.0,0.0,0.0,0.0,0.0,0.0,0.0,0.0,0.0,0.0,0.0,48.22763443453082,96.4552688690621,96.4552688690621,192.91053773812425,337.59344104171646,385.82107547624787,578.7316132143711,819.8697853870253,1350.373764166866,2073.7882806848356,3327.7067759826386,5931.999035447306,9645.526886906195,12876.778394019768,21798.89076440802,33035.929587653714,57632.023149264525,84350.13262599467,127947.91415481071,184374.2464432119,267952.7369182542,302001.446829033,512225.70532915357,621654.2078611044,742416.20448517,812008.6809741982,891343.1396190017,939184.9529780563,973040.7523510971,984952.9780564263,993971.5456956836,997202.7972027971,999180.1302146129,999469.4960212201,999807.0894622619,999951.7723655654,999951.7723655654,1000000.0,1000000.0,1000000.0,1000000.0,1000000.0,1000000.0,1000000.0,1000000.0,1000000.0,1000000.0,1000000.0,1000000.0,1000000.0,1000000.0,1000000.0,1000000.0,1000000.0,0.0,0.0,0.0,0.0,0.0,0.0,0.0,0.0,0.0,0.0,0.0,0.0,0.0,0.0,0.0,0.0,0.0,0.0,0.0,0.0,0.0,0.0,0.0,0.0,0.0,0.0,0.0,0.0,0.0,0.0,0.0,0.0,0.0,0.0,0.0,0.0,0.0,48.22763443453082,48.22763443453082,96.4552688690621,192.91053773812425,241.13817217265407,675.1868820834334,1302.1461297323344,3086.56860380998,5931.999035447306,14227.15215818664,25946.467325777645,54883.04798649622,102676.63371111646,198504.94333252954,283337.3523028695,436411.8639980709,580901.8567639258,745599.228357849,834868.5796961659,926935.1338316854,968989.6310585964,992331.8061249095,996961.6590306245,999324.8131179166,999807.0894622619,1000000.0,1000000.0,0.0,0.0,0.0,0.0,0.0,0.0,0.0,0.0,0.0,0.0,0.0,0.0,0.0,0.0,0.0,0.0,0.0,0.0,0.0,0.0,0.0,0.0,0.0,0.0,0.0,0.0,0.0,0.0,0.0,0.0,0.0,0.0,0.0,0.0,0.0,0.0,0.0,0.0,0.0,0.0,0.0,0.0,0.0,0.0,0.0,0.0,0.0,0.0,0.0,0.0,0.0,0.0,0.0,0.0,0.0,0.0,0.0,0.0,0.0,0.0,0.0,0.0,0.0,1000000.0
FLINT,MAGNUM03,F,na,na,na,na,2025_03_11-15_02_56,na,5,53,Yes,1,na,0.0,2411.3817217265464,578.7316132144223,8.0,43.0,62.0,,,,0.0,4051.121292500669,578.7316132144223,8.0,43.0,62.0,33.0,20.0,10.0,29.0,14.0,7.0,22.0,8.0,5.0,17.0,4.0,3.0,12.0,-1.0,2.0,7.0,-7.0,0.0,10.0,-4.0,1.0,0.0,33.0,33.0,53.0,53.0,63.0,0.0,29.0,36.0,50.0,56.0,63.0,2.0,24.0,39.0,47.0,58.0,63.0,4.0,21.0,41.0,45.0,60.0,63.0,6.0,18.0,43.0,42.0,61.0,63.0,7.0,14.0,45.0,38.0,63.0,63.0,6.0,16.0,44.0,40.0,62.0,63.0,8.0,0.0,48.0,8.0,63.0,34.0,63.0,63.0,0.5110180329411007,3.624325152405155,2.8623454917453643,0.0,30.0,160.0,967687.4849288642,977188.3289124668,988039.5466602363,991945.9850494333,996768.7484928863,998601.3986013986,999758.8618278273,1000000.0,1000000.0,1000000.0,1000000.0,1000000.0,1000000.0,1000000.0,1000000.0,1000000.0,1000000.0,1000000.0,1000000.0,1000000.0,1000000.0,1000000.0,1000000.0,1000000.0,1000000.0,1000000.0,1000000.0,1000000.0,1000000.0,1000000.0,1000000.0,1000000.0,1000000.0,1000000.0,1000000.0,1000000.0,1000000.0,1000000.0,1000000.0,1000000.0,1000000.0,1000000.0,1000000.0,1000000.0,1000000.0,1000000.0,1000000.0,1000000.0,1000000.0,1000000.0,1000000.0,1000000.0,1000000.0,1000000.0,1000000.0,1000000.0,1000000.0,1000000.0,1000000.0,1000000.0,1000000.0,1000000.0,1000000.0,1000000.0,0.0,0.0,0.0,0.0,0.0,0.0,0.0,0.0,48.22763443453082,48.22763443453082,96.4552688690621,96.4552688690621,96.4552688690621,144.68290330359284,434.04870991077877,530.5039787798403,1061.0079575596806,1302.1461297323344,2025.5606462503029,2748.975162768264,4388.714733542319,6558.958283096219,11140.583554376653,15770.436460091643,24740.776464914372,35495.5389438148,56329.87701953218,77357.12563298768,121388.9558717145,170822.28116710868,253098.62551241857,283867.85628164926,495153.1227393296,599662.4065589583,720858.4518929346,791897.7574149988,876103.2071376898,922160.5980226669,963250.5425608874,978104.6539667229,991029.6599951772,995900.6510730648,998360.2604292259,999373.040752351,999855.3170966964,999903.5447311308,1000000.0,1000000.0,1000000.0,1000000.0,1000000.0,1000000.0,1000000.0,1000000.0,1000000.0,1000000.0,1000000.0,1000000.0,1000000.0,1000000.0,1000000.0,1000000.0,1000000.0,1000000.0,0.0,0.0,0.0,0.0,0.0,0.0,0.0,0.0,0.0,0.0,0.0,0.0,0.0,0.0,0.0,0.0,0.0,0.0,0.0,0.0,0.0,0.0,0.0,0.0,0.0,0.0,0.0,0.0,0.0,0.0,0.0,0.0,0.0,0.0,48.22763443453082,48.22763443453082,144.68290330359284,144.68290330359284,241.13817217265407,289.36580660718624,675.1868820834334,916.3250542560885,1687.967205208584,2459.609356161082,5063.901615625751,10031.347962382453,20159.151193633927,30865.686038099826,61104.41282855078,100988.66650590782,188859.41644562333,260863.27465637805,412828.5507595852,539956.5951290089,700409.9348926935,792428.2613937786,900458.162527128,952206.4142753797,984711.8398842536,993537.4969857727,998697.8538702676,999421.2683867855,999855.3170966964,1000000.0,0.0,0.0,0.0,0.0,0.0,0.0,0.0,0.0,0.0,0.0,0.0,0.0,0.0,0.0,0.0,0.0,0.0,0.0,0.0,0.0,0.0,0.0,0.0,0.0,0.0,0.0,0.0,0.0,0.0,0.0,0.0,0.0,0.0,0.0,0.0,0.0,0.0,0.0,0.0,0.0,0.0,0.0,0.0,0.0,0.0,0.0,0.0,0.0,0.0,0.0,0.0,0.0,0.0,0.0,0.0,0.0,0.0,0.0,0.0,0.0,0.0,0.0,0.0,1000000.0
FLINT,MAGNUM03,F,na,na,na,na,2025_03_11-15_02_56,na,5,54,Yes,1,na,771.6421509524955,8295.153122739423,48.22763443453082,8.5,42.0,0.0,,,,916.3250542561007,14516.517964793857,48.22763443453082,8.5,42.0,0.0,32.0,21.0,10.0,28.0,13.0,7.0,22.0,5.0,5.0,14.0,0.0,3.0,6.0,-5.0,2.0,-4.0,-11.0,0.0,2.0,-8.0,1.0,0.0,32.0,32.0,53.0,53.0,63.0,0.0,28.0,36.0,49.0,56.0,63.0,0.0,22.0,40.0,45.0,58.0,63.0,4.0,18.0,42.0,42.0,60.0,63.0,6.0,12.0,44.0,39.0,61.0,63.0,9.0,5.0,46.0,35.0,63.0,63.0,7.0,9.0,45.0,37.0,62.0,63.0,12.0,0.0,52.0,0.0,63.0,33.0,63.0,0.0,0.500168722901943,4.298150504600626,3.4204307167354093,0.6186885949313036,30.0,160.0,979551.4829997588,983506.1490233904,989534.6033277067,992669.3995659512,996238.2445141064,998070.8946226187,999228.3578490474,999662.4065589582,999855.3170966964,999951.7723655654,1000000.0,1000000.0,1000000.0,1000000.0,1000000.0,1000000.0,1000000.0,1000000.0,1000000.0,1000000.0,1000000.0,1000000.0,1000000.0,1000000.0,1000000.0,1000000.0,1000000.0,1000000.0,1000000.0,1000000.0,1000000.0,1000000.0,1000000.0,1000000.0,1000000.0,1000000.0,1000000.0,1000000.0,1000000.0,1000000.0,1000000.0,1000000.0,1000000.0,1000000.0,1000000.0,1000000.0,1000000.0,1000000.0,1000000.0,1000000.0,1000000.0,1000000.0,1000000.0,1000000.0,1000000.0,1000000.0,1000000.0,1000000.0,1000000.0,1000000.0,1000000.0,1000000.0,1000000.0,1000000.0,96.4552688690621,96.4552688690621,144.68290330359284,144.68290330359284,192.91053773812425,241.13817217265407,241.13817217265407,530.5039787798403,530.5039787798403,819.8697853870253,1012.7803231251486,1253.9184952978064,1495.056667470457,1736.1948396431121,2218.471183988428,2748.975162768264,3954.6660236315374,5112.12925006028,7523.510971786837,9741.98215577526,14564.745599228345,18760.549795032555,27103.930552206417,35109.71786833856,48372.31733783457,65251.98938992041,95201.35037376414,120520.85845189293,172654.93127562094,228020.2556064625,315264.0462985291,350614.90233904024,534748.0106100796,625705.329153605,734940.9211478176,797733.301181577,870267.6633711117,915649.8673740053,954231.97492163,970774.0535326742,985628.1649385097,991704.8468772606,996575.8379551483,997829.756450446,999276.585483482,999565.9512900892,999903.5447311308,999903.5447311308,1000000.0,1000000.0,1000000.0,1000000.0,1000000.0,1000000.0,1000000.0,1000000.0,1000000.0,1000000.0,1000000.0,1000000.0,1000000.0,1000000.0,1000000.0,1000000.0,0.0,0.0,0.0,0.0,0.0,0.0,0.0,0.0,0.0,0.0,0.0,0.0,0.0,0.0,0.0,0.0,0.0,0.0,0.0,0.0,0.0,0.0,0.0,0.0,0.0,0.0,0.0,0.0,0.0,0.0,0.0,0.0,0.0,96.4552688690621,192.91053773812425,241.13817217265407,482.27634434531,675.1868820834334,1205.690860863273,1543.2843019049903,2748.975162768264,4485.170002411382,7427.055702917767,11140.583554376653,20303.83409693753,30383.40969375452,50639.01615625752,72293.22401736195,118543.52544007712,170966.96407041233,268531.46853146853,349650.3496503496,475669.1584277791,585724.6202073788,728333.7352302868,810465.3966722932,895297.8056426331,943187.8466361224,977670.6052568122,988473.595370147,996238.2445141064,998794.3091391367,999758.8618278273,1000000.0,96.4552688690621,96.4552688690621,96.4552688690621,96.4552688690621,96.4552688690621,96.4552688690621,96.4552688690621,96.4552688690621,96.4552688690621,96.4552688690621,96.4552688690621,96.4552688690621,96.4552688690621,96.4552688690621,96.4552688690621,96.4552688690621,96.4552688690621,96.4552688690621,96.4552688690621,96.4552688690621,96.4552688690621,96.4552688690621,96.4552688690621,96.4552688690621,96.4552688690621,96.4552688690621,96.4552688690621,96.4552688690621,96.4552688690621,96.4552688690621,96.4552688690621,96.4552688690621,96.4552688690621,96.4552688690621,96.4552688690621,96.4552688690621,96.4552688690621,96.4552688690621,96.4552688690621,96.4552688690621,96.4552688690621,96.4552688690621,96.4552688690621,96.4552688690621,96.4552688690621,96.4552688690621,96.4552688690621,96.4552688690621,96.4552688690621,96.4552688690621,96.4552688690621,96.4552688690621,96.4552688690621,96.4552688690621,96.4552688690621,96.4552688690621,96.4552688690621,96.4552688690621,96.4552688690621,96.4552688690621,96.4552688690621,96.4552688690621,96.4552688690621,1000000.0
FLINT,MAGNUM03,F,na,na,na,na,2025_03_11-15_02_56,na,5,55,Yes,1,na,0.0,2314.9264528575814,48.22763443453082,9.0,42.0,0.0,,,,0.0,3183.0238726790785,48.22763443453082,9.0,42.0,0.0,32.0,21.0,10.0,29.0,14.0,7.0,23.0,8.0,5.0,19.0,4.0,4.0,13.0,1.0,3.0,8.0,-5.0,2.0,11.0,-3.0,2.0,0.0,32.0,32.0,53.0,53.0,63.0,0.0,29.0,36.0,50.0,56.0,63.0,1.0,24.0,39.0,47.0,58.0,63.0,3.0,22.0,41.0,45.0,59.0,63.0,5.0,18.0,42.0,43.0,60.0,63.0,6.0,14.0,45.0,40.0,61.0,63.0,5.0,16.0,44.0,41.0,61.0,63.0,7.0,0.0,46.0,11.0,62.0,36.0,63.0,0.0,0.4083006058826469,3.530171032623233,2.7448035611324735,0.6186885949313036,30.0,160.0,976898.9631058596,983843.742464432,991270.7981673499,994936.0983843743,998504.9433325295,999758.8618278273,999951.7723655654,1000000.0,1000000.0,1000000.0,1000000.0,1000000.0,1000000.0,1000000.0,1000000.0,1000000.0,1000000.0,1000000.0,1000000.0,1000000.0,1000000.0,1000000.0,1000000.0,1000000.0,1000000.0,1000000.0,1000000.0,1000000.0,1000000.0,1000000.0,1000000.0,1000000.0,1000000.0,1000000.0,1000000.0,1000000.0,1000000.0,1000000.0,1000000.0,1000000.0,1000000.0,1000000.0,1000000.0,1000000.0,1000000.0,1000000.0,1000000.0,1000000.0,1000000.0,1000000.0,1000000.0,1000000.0,1000000.0,1000000.0,1000000.0,1000000.0,1000000.0,1000000.0,1000000.0,1000000.0,1000000.0,1000000.0,1000000.0,1000000.0,0.0,0.0,0.0,0.0,0.0,0.0,0.0,0.0,0.0,0.0,0.0,96.4552688690621,144.68290330359284,144.68290330359284,241.13817217265407,337.59344104171646,578.7316132143711,1012.7803231251486,1736.1948396431121,2411.3817217265464,3858.2107547624714,5594.405594405593,9693.754521340716,14082.469254883039,23004.581625271243,36122.49819146372,60043.40487099111,85362.9129491198,131999.03544731124,186399.80708946218,275042.19918013015,314540.63178201107,519315.1675910296,625126.5975403906,747287.1955630576,818326.5010851218,897564.5044610562,940004.8227634435,971449.2404147575,984181.3359054738,993537.4969857727,997685.0735471424,999180.1302146129,999517.7236556546,999758.8618278273,999903.5447311308,1000000.0,1000000.0,1000000.0,1000000.0,1000000.0,1000000.0,1000000.0,1000000.0,1000000.0,1000000.0,1000000.0,1000000.0,1000000.0,1000000.0,1000000.0,1000000.0,1000000.0,1000000.0,0.0,0.0,0.0,0.0,0.0,0.0,0.0,0.0,0.0,0.0,0.0,0.0,0.0,0.0,0.0,0.0,0.0,0.0,0.0,0.0,0.0,0.0,0.0,0.0,0.0,0.0,0.0,0.0,0.0,0.0,0.0,0.0,0.0,0.0,0.0,0.0,48.22763443453082,48.22763443453082,48.22763443453082,192.91053773812425,241.13817217265407,626.959247648901,1253.9184952978064,2411.3817217265464,4870.991077887631,8680.97419821557,17603.08656860379,30817.458403665252,64673.257776706014,109139.13672534359,205353.26742223292,291439.5948878708,451844.7070171208,583988.4253677357,742657.3426573427,835399.0836749458,926308.1745840366,966867.6151434772,989631.0585965757,995997.1063419338,999469.4960212201,999903.5447311308,1000000.0,1000000.0,96.4552688690621,96.4552688690621,96.4552688690621,96.4552688690621,96.4552688690621,96.4552688690621,96.4552688690621,96.4552688690621,96.4552688690621,96.4552688690621,96.4552688690621,96.4552688690621,96.4552688690621,96.4552688690621,96.4552688690621,96.4552688690621,96.4552688690621,96.4552688690621,96.4552688690621,96.4552688690621,96.4552688690621,96.4552688690621,96.4552688690621,96.4552688690621,96.4552688690621,96.4552688690621,96.4552688690621,96.4552688690621,96.4552688690621,96.4552688690621,96.4552688690621,96.4552688690621,96.4552688690621,96.4552688690621,96.4552688690621,96.4552688690621,96.4552688690621,96.4552688690621,96.4552688690621,96.4552688690621,96.4552688690621,96.4552688690621,96.4552688690621,96.4552688690621,96.4552688690621,96.4552688690621,96.4552688690621,96.4552688690621,96.4552688690621,96.4552688690621,96.4552688690621,96.4552688690621,96.4552688690621,96.4552688690621,96.4552688690621,96.4552688690621,96.4552688690621,96.4552688690621,96.4552688690621,96.4552688690621,96.4552688690621,96.4552688690621,96.4552688690621,1000000.0
FLINT,MAGNUM03,F,na,na,na,na,2025_03_11-15_02_56,na,5,56,Yes,1,na,0.0,723.4145165180289,144.68290330359284,10.0,42.0,0.0,,,,0.0,1302.1461297324,144.68290330359284,10.0,42.0,0.0,32.0,21.0,10.0,29.0,14.0,8.0,25.0,9.0,5.0,20.0,5.0,4.0,15.0,3.0,3.0,9.0,-2.0,-2.0,12.0,0.0,2.0,0.0,32.0,32.0,53.0,53.0,63.0,0.0,29.0,36.0,50.0,55.0,63.0,0.0,25.0,38.0,47.0,58.0,63.0,2.0,22.0,40.0,45.0,59.0,63.0,4.0,19.0,41.0,44.0,60.0,63.0,6.0,15.0,43.0,41.0,62.0,60.0,5.0,17.0,42.0,42.0,61.0,63.0,7.0,0.0,46.0,13.0,63.0,39.0,63.0,0.0,0.3138843342433612,3.293764612604966,2.6380660519968395,0.8751615853144965,30.0,160.0,987894.8637569327,991897.7574149987,995032.5536532432,996286.472148541,999083.6749457439,999855.3170966964,1000000.0,1000000.0,1000000.0,1000000.0,1000000.0,1000000.0,1000000.0,1000000.0,1000000.0,1000000.0,1000000.0,1000000.0,1000000.0,1000000.0,1000000.0,1000000.0,1000000.0,1000000.0,1000000.0,1000000.0,1000000.0,1000000.0,1000000.0,1000000.0,1000000.0,1000000.0,1000000.0,1000000.0,1000000.0,1000000.0,1000000.0,1000000.0,1000000.0,1000000.0,1000000.0,1000000.0,1000000.0,1000000.0,1000000.0,1000000.0,1000000.0,1000000.0,1000000.0,1000000.0,1000000.0,1000000.0,1000000.0,1000000.0,1000000.0,1000000.0,1000000.0,1000000.0,1000000.0,1000000.0,1000000.0,1000000.0,1000000.0,1000000.0,0.0,0.0,0.0,0.0,0.0,0.0,0.0,0.0,0.0,0.0,0.0,0.0,0.0,48.22763443453082,192.91053773812425,241.13817217265407,434.04870991077877,771.6421509524955,1157.4632264287443,1543.2843019049903,2652.5198938992025,3858.2107547624714,7378.82806848324,10995.900651073063,19580.419580419588,29901.13334940919,52519.893899204224,73981.19122257055,121967.68748492881,179840.8488063661,275379.7926211719,339956.59512900887,538268.6279238003,647455.9922835784,769664.81794068,838437.4246443212,915842.7779117433,953267.4222329395,982782.7345068724,992380.033759344,998167.3498914879,999276.585483482,999758.8618278273,999951.7723655654,1000000.0,1000000.0,1000000.0,1000000.0,1000000.0,1000000.0,1000000.0,1000000.0,1000000.0,1000000.0,1000000.0,1000000.0,1000000.0,1000000.0,1000000.0,1000000.0,1000000.0,1000000.0,1000000.0,1000000.0,0.0,0.0,0.0,0.0,0.0,0.0,0.0,0.0,0.0,0.0,0.0,0.0,0.0,0.0,0.0,0.0,0.0,0.0,0.0,0.0,0.0,0.0,0.0,0.0,0.0,0.0,0.0,0.0,0.0,0.0,0.0,0.0,0.0,0.0,0.0,0.0,0.0,0.0,0.0,96.4552688690621,192.91053773812425,241.13817217265407,626.959247648901,1109.2355919942117,3038.3409693754506,6366.047745358085,15191.704846877255,26718.109476730133,56571.0151917049,99011.33349409202,199903.54473113085,288931.75789727503,456233.42175066314,588618.2782734507,754135.519652761,842150.9524957801,933494.0921147817,969616.5903062455,993199.9035447311,997347.4801061008,999517.7236556546,999855.3170966964,999903.5447311308,1000000.0,192.91053773812425,192.91053773812425,192.91053773812425,192.91053773812425,192.91053773812425,192.91053773812425,192.91053773812425,192.91053773812425,192.91053773812425,192.91053773812425,192.91053773812425,192.91053773812425,192.91053773812425,192.91053773812425,192.91053773812425,192.91053773812425,192.91053773812425,192.91053773812425,192.91053773812425,192.91053773812425,192.91053773812425,192.91053773812425,192.91053773812425,192.91053773812425,192.91053773812425,192.91053773812425,192.91053773812425,192.91053773812425,192.91053773812425,192.91053773812425,192.91053773812425,192.91053773812425,192.91053773812425,192.91053773812425,192.91053773812425,192.91053773812425,192.91053773812425,192.91053773812425,192.91053773812425,192.91053773812425,192.91053773812425,192.91053773812425,192.91053773812425,192.91053773812425,192.91053773812425,192.91053773812425,192.91053773812425,192.91053773812425,192.91053773812425,192.91053773812425,192.91053773812425,192.91053773812425,192.91053773812425,192.91053773812425,192.91053773812425,192.91053773812425,192.91053773812425,192.91053773812425,192.91053773812425,192.91053773812425,241.13817217265407,241.13817217265407,241.13817217265407,1000000.0
FLINT,MAGNUM03,F,na,na,na,na,2025_03_11-15_02_56,na,5,57,Yes,1,na,0.0,482.27634434538857,48.22763443453082,9.5,42.0,62.0,,,,0.0,916.3250542561673,48.22763443453082,9.5,42.0,62.0,32.0,20.0,11.0,29.0,15.0,8.0,25.0,9.0,6.0,20.0,7.0,5.0,15.0,3.0,4.0,11.0,0.0,2.0,14.0,1.0,3.0,0.0,32.0,32.0,52.0,52.0,63.0,0.0,29.0,35.0,50.0,55.0,63.0,0.0,25.0,38.0,47.0,57.0,63.0,2.0,22.0,39.0,46.0,58.0,63.0,4.0,19.0,41.0,44.0,59.0,63.0,5.0,16.0,42.0,42.0,61.0,63.0,4.0,18.0,42.0,43.0,60.0,63.0,6.0,0.0,46.0,13.0,63.0,40.0,63.0,61.0,0.3190378816748979,3.257914494424322,2.5529192475905718,0.015527575859944588,30.0,160.0,980033.7593441041,988039.5466602363,994839.6431155051,997636.845912708,999614.1789245236,1000000.0,1000000.0,1000000.0,1000000.0,1000000.0,1000000.0,1000000.0,1000000.0,1000000.0,1000000.0,1000000.0,1000000.0,1000000.0,1000000.0,1000000.0,1000000.0,1000000.0,1000000.0,1000000.0,1000000.0,1000000.0,1000000.0,1000000.0,1000000.0,1000000.0,1000000.0,1000000.0,1000000.0,1000000.0,1000000.0,1000000.0,1000000.0,1000000.0,1000000.0,1000000.0,1000000.0,1000000.0,1000000.0,1000000.0,1000000.0,1000000.0,1000000.0,1000000.0,1000000.0,1000000.0,1000000.0,1000000.0,1000000.0,1000000.0,1000000.0,1000000.0,1000000.0,1000000.0,1000000.0,1000000.0,1000000.0,1000000.0,1000000.0,1000000.0,0.0,0.0,0.0,0.0,0.0,0.0,0.0,0.0,0.0,0.0,0.0,0.0,0.0,48.22763443453082,96.4552688690621,144.68290330359284,385.82107547624787,530.5039787798403,916.3250542560885,1398.601398601398,2845.4304316373314,4436.942367976849,7716.421509524954,11912.225705329136,20882.56571015191,33373.52302869545,56426.33228840126,83530.26284060771,133252.9539426091,198312.03279479136,296841.08994453825,345116.9520135037,561176.7542802026,673450.6872437906,793489.2693513383,860043.404870991,929153.6050156739,966095.9729925247,986785.6281649384,995032.5536532432,998553.1709669641,999517.7236556546,999951.7723655654,1000000.0,1000000.0,1000000.0,1000000.0,1000000.0,1000000.0,1000000.0,1000000.0,1000000.0,1000000.0,1000000.0,1000000.0,1000000.0,1000000.0,1000000.0,1000000.0,1000000.0,1000000.0,1000000.0,1000000.0,1000000.0,0.0,0.0,0.0,0.0,0.0,0.0,0.0,0.0,0.0,0.0,0.0,0.0,0.0,0.0,0.0,0.0,0.0,0.0,0.0,0.0,0.0,0.0,0.0,0.0,0.0,0.0,0.0,0.0,0.0,0.0,0.0,0.0,0.0,0.0,0.0,0.0,0.0,0.0,0.0,0.0,144.68290330359284,192.91053773812425,482.27634434531,1302.1461297323344,2990.1133349409165,5835.543766578246,16783.21678321678,30286.954424885465,67325.77767060528,124571.9797443936,242150.95249578002,348637.5693272245,517675.4280202556,657583.7955148299,813986.013986014,890619.7251024836,957366.7711598745,983168.5555823486,996286.472148541,998987.2196768748,999807.0894622619,999903.5447311308,999903.5447311308,1000000.0,0.0,0.0,0.0,0.0,0.0,0.0,0.0,0.0,0.0,0.0,0.0,0.0,0.0,0.0,0.0,0.0,0.0,0.0,0.0,0.0,0.0,0.0,0.0,0.0,0.0,0.0,0.0,0.0,0.0,0.0,0.0,0.0,0.0,0.0,0.0,0.0,0.0,0.0,0.0,0.0,0.0,0.0,0.0,0.0,0.0,0.0,0.0,0.0,0.0,0.0,0.0,0.0,0.0,0.0,0.0,0.0,0.0,0.0,0.0,0.0,0.0,48.22763443453082,96.4552688690621,1000000.0
FLINT,MAGNUM03,F,na,na,na,na,2025_03_11-15_02_56,na,5,58,Yes,1,na,0.0,626.959247648901,48.22763443453082,10.5,42.0,62.0,,,,0.0,916.3250542561123,48.22763443453082,10.5,42.0,62.0,32.0,20.0,11.0,29.0,15.0,9.0,24.0,9.0,6.0,20.0,6.0,5.0,15.0,3.0,5.0,12.0,-1.0,3.0,14.0,1.0,4.0,0.0,32.0,32.0,52.0,52.0,63.0,0.0,29.0,35.0,50.0,54.0,63.0,1.0,25.0,38.0,47.0,57.0,63.0,2.0,22.0,39.0,45.0,58.0,63.0,4.0,19.0,40.0,43.0,58.0,63.0,5.0,17.0,42.0,41.0,60.0,63.0,4.0,18.0,41.0,42.0,59.0,63.0,6.0,0.0,53.0,15.0,63.0,36.0,63.0,60.0,0.3267531650518956,3.194390967706325,2.4831100507851676,0.02195941428029117,30.0,160.0,975693.2722449964,986351.5794550277,995129.0089221123,997685.0735471424,999855.3170966964,1000000.0,1000000.0,1000000.0,1000000.0,1000000.0,1000000.0,1000000.0,1000000.0,1000000.0,1000000.0,1000000.0,1000000.0,1000000.0,1000000.0,1000000.0,1000000.0,1000000.0,1000000.0,1000000.0,1000000.0,1000000.0,1000000.0,1000000.0,1000000.0,1000000.0,1000000.0,1000000.0,1000000.0,1000000.0,1000000.0,1000000.0,1000000.0,1000000.0,1000000.0,1000000.0,1000000.0,1000000.0,1000000.0,1000000.0,1000000.0,1000000.0,1000000.0,1000000.0,1000000.0,1000000.0,1000000.0,1000000.0,1000000.0,1000000.0,1000000.0,1000000.0,1000000.0,1000000.0,1000000.0,1000000.0,1000000.0,1000000.0,1000000.0,1000000.0,0.0,0.0,0.0,0.0,0.0,0.0,0.0,0.0,0.0,0.0,0.0,0.0,0.0,0.0,0.0,96.4552688690621,144.68290330359284,337.59344104171646,819.8697853870253,1495.056667470457,2652.5198938992025,4002.8936580660734,7571.738606221362,11381.721726549311,20834.33807571737,34241.620448517,61924.282613937714,88979.98553170967,145020.49674463473,213648.42054497218,322546.41909814323,377863.51579455024,601543.284301905,707354.714251266,822040.0289365805,883144.4417651314,944827.5862068966,972703.1589100554,990354.4731130938,995563.0576320231,998794.3091391367,999710.6341933928,1000000.0,1000000.0,1000000.0,1000000.0,1000000.0,1000000.0,1000000.0,1000000.0,1000000.0,1000000.0,1000000.0,1000000.0,1000000.0,1000000.0,1000000.0,1000000.0,1000000.0,1000000.0,1000000.0,1000000.0,1000000.0,1000000.0,0.0,0.0,0.0,0.0,0.0,0.0,0.0,0.0,0.0,0.0,0.0,0.0,0.0,0.0,0.0,0.0,0.0,0.0,0.0,0.0,0.0,0.0,0.0,0.0,0.0,0.0,0.0,0.0,0.0,0.0,0.0,0.0,0.0,0.0,0.0,0.0,48.22763443453082,48.22763443453082,96.4552688690621,192.91053773812425,192.91053773812425,337.59344104171646,675.1868820834334,1398.601398601398,3327.7067759826386,7185.917530745107,18857.005063901615,33084.15722208825,78273.45068724378,145743.91126115253,282179.88907644077,394839.64311550517,579213.8895587171,709717.868338558,854931.2756209307,918013.0214612973,974728.7195563057,991319.0258017844,998794.3091391367,999662.4065589582,999951.7723655654,1000000.0,1000000.0,1000000.0,0.0,0.0,0.0,0.0,0.0,0.0,0.0,0.0,0.0,0.0,0.0,0.0,0.0,0.0,0.0,0.0,0.0,0.0,0.0,0.0,0.0,0.0,0.0,0.0,0.0,0.0,0.0,0.0,0.0,0.0,0.0,0.0,0.0,0.0,0.0,0.0,0.0,0.0,0.0,0.0,0.0,0.0,0.0,0.0,0.0,0.0,0.0,0.0,0.0,0.0,0.0,0.0,0.0,0.0,0.0,0.0,0.0,0.0,0.0,0.0,48.22763443453082,48.22763443453082,96.4552688690621,1000000.0
FLINT,MAGNUM03,F,na,na,na,na,2025_03_11-15_02_56,na,5,59,Yes,1,na,0.0,530.5039787798496,48.22763443457198,11.5,42.0,62.0,,,,0.0,819.8697853870358,96.45526886910281,11.5,42.0,62.0,32.0,20.0,11.0,29.0,15.0,9.0,24.0,9.0,6.0,20.0,6.0,5.0,14.0,3.0,4.0,9.0,-6.0,3.0,11.0,1.0,3.0,0.0,32.0,32.0,52.0,52.0,63.0,0.0,29.0,35.0,50.0,54.0,63.0,0.0,24.0,38.0,47.0,57.0,63.0,2.0,22.0,39.0,45.0,58.0,63.0,5.0,19.0,41.0,44.0,59.0,63.0,7.0,16.0,48.0,42.0,60.0,63.0,6.0,17.0,42.0,43.0,60.0,63.0,8.0,0.0,56.0,15.0,63.0,40.0,63.0,60.0,0.3611229064116302,3.250545803164744,2.525383278702754,0.02195941428029117,30.0,160.0,983602.6042922594,989100.5546177959,994068.0009645526,996045.3339763684,998649.626235833,999421.2683867855,999807.0894622619,999903.5447311308,1000000.0,1000000.0,1000000.0,1000000.0,1000000.0,1000000.0,1000000.0,1000000.0,1000000.0,1000000.0,1000000.0,1000000.0,1000000.0,1000000.0,1000000.0,1000000.0,1000000.0,1000000.0,1000000.0,1000000.0,1000000.0,1000000.0,1000000.0,1000000.0,1000000.0,1000000.0,1000000.0,1000000.0,1000000.0,1000000.0,1000000.0,1000000.0,1000000.0,1000000.0,1000000.0,1000000.0,1000000.0,1000000.0,1000000.0,1000000.0,1000000.0,1000000.0,1000000.0,1000000.0,1000000.0,1000000.0,1000000.0,1000000.0,1000000.0,1000000.0,1000000.0,1000000.0,1000000.0,1000000.0,1000000.0,1000000.0,0.0,0.0,0.0,0.0,0.0,0.0,0.0,0.0,0.0,0.0,0.0,0.0,0.0,0.0,0.0,96.4552688690621,434.04870991077877,771.6421509524955,1253.9184952978064,1736.1948396431121,2797.202797202796,4678.080540149494,8246.925488304796,11719.315167591023,23679.768507354696,36845.91270798169,63178.20110923557,88208.34338075711,150518.4470701712,215625.75355678803,328960.69447793585,376513.1420303834,597251.0248372317,705039.7877984085,820207.3788280685,881311.7916566193,943718.3506149023,970774.0535326742,989582.8309621413,994936.0983843743,998215.5775259222,999469.4960212201,999710.6341933928,999758.8618278273,999807.0894622619,999855.3170966964,999855.3170966964,999855.3170966964,999951.7723655654,999951.7723655654,999951.7723655654,1000000.0,1000000.0,1000000.0,1000000.0,1000000.0,1000000.0,1000000.0,1000000.0,1000000.0,1000000.0,1000000.0,1000000.0,1000000.0,0.0,0.0,0.0,0.0,0.0,0.0,0.0,0.0,0.0,0.0,0.0,0.0,0.0,0.0,0.0,0.0,0.0,0.0,0.0,0.0,0.0,0.0,0.0,0.0,0.0,0.0,0.0,0.0,0.0,0.0,0.0,0.0,0.0,0.0,0.0,0.0,0.0,0.0,0.0,0.0,48.22763443453082,192.91053773812425,337.59344104171646,1012.7803231251486,3086.56860380998,7089.462261876058,18953.460332770668,35495.5389438148,83964.31155051853,152109.95900651076,284060.76681938744,387509.0426814565,574294.670846395,704364.6009163251,849336.8700265251,910923.5591994213,972124.427296841,989727.5138654449,998119.1222570533,999324.8131179166,999951.7723655654,999951.7723655654,1000000.0,1000000.0,0.0,0.0,0.0,0.0,0.0,0.0,0.0,0.0,0.0,0.0,0.0,0.0,0.0,0.0,0.0,0.0,0.0,0.0,0.0,0.0,0.0,0.0,0.0,0.0,0.0,0.0,0.0,0.0,0.0,0.0,0.0,0.0,0.0,0.0,0.0,0.0,0.0,0.0,0.0,0.0,0.0,0.0,0.0,0.0,0.0,0.0,0.0,0.0,0.0,0.0,0.0,0.0,0.0,0.0,0.0,0.0,0.0,0.0,0.0,0.0,48.22763443453082,48.22763443453082,96.4552688690621,1000000.0
FLINT,MAGNUM03,F,na,na,na,na,2025_03_11-15_02_56,na,5,60,Yes,1,na,0.0,1157.4632264288473,0.0,10.0,42.0,0.0,,,,0.0,1929.1053773813428,0.0,10.0,42.0,0.0,32.0,20.0,11.0,29.0,15.0,8.0,23.0,8.0,5.0,17.0,5.0,5.0,13.0,2.0,3.0,6.0,-4.0,1.0,10.0,0.0,2.0,0.0,32.0,32.0,52.0,52.0,63.0,0.0,29.0,35.0,50.0,55.0,63.0,1.0,24.0,38.0,46.0,58.0,63.0,4.0,21.0,40.0,45.0,58.0,63.0,5.0,18.0,41.0,43.0,60.0,63.0,7.0,13.0,44.0,40.0,62.0,63.0,6.0,16.0,42.0,42.0,61.0,63.0,9.0,0.0,48.0,11.0,63.0,39.0,63.0,0.0,0.4911335136684948,3.4673620378520975,2.778122324565287,0.4374894505865458,30.0,160.0,967639.2572944297,979165.6619242826,987991.3190258017,992380.033759344,997685.0735471424,999131.9025801783,999758.8618278273,999903.5447311308,1000000.0,1000000.0,1000000.0,1000000.0,1000000.0,1000000.0,1000000.0,1000000.0,1000000.0,1000000.0,1000000.0,1000000.0,1000000.0,1000000.0,1000000.0,1000000.0,1000000.0,1000000.0,1000000.0,1000000.0,1000000.0,1000000.0,1000000.0,1000000.0,1000000.0,1000000.0,1000000.0,1000000.0,1000000.0,1000000.0,1000000.0,1000000.0,1000000.0,1000000.0,1000000.0,1000000.0,1000000.0,1000000.0,1000000.0,1000000.0,1000000.0,1000000.0,1000000.0,1000000.0,1000000.0,1000000.0,1000000.0,1000000.0,1000000.0,1000000.0,1000000.0,1000000.0,1000000.0,1000000.0,1000000.0,1000000.0,0.0,0.0,0.0,0.0,0.0,0.0,0.0,0.0,0.0,0.0,0.0,48.22763443453082,48.22763443453082,289.36580660718624,337.59344104171646,434.04870991077877,868.0974198215577,1253.9184952978064,2025.5606462503029,2748.975162768264,4533.397636845913,6462.5030142271535,10368.941403424169,14178.924523752106,24499.63829274172,39691.34313961899,69013.74487581376,97757.41499879437,157752.59223535086,222136.48420544973,323703.8823245719,370870.50880154327,573957.0774053533,673932.9635881359,792187.123221606,851700.0241138171,923703.882324572,959633.4699782975,983795.5148299976,991753.0745116952,996961.6590306245,998842.5367735712,999565.9512900892,999807.0894622619,999951.7723655654,1000000.0,1000000.0,1000000.0,1000000.0,1000000.0,1000000.0,1000000.0,1000000.0,1000000.0,1000000.0,1000000.0,1000000.0,1000000.0,1000000.0,1000000.0,1000000.0,1000000.0,1000000.0,1000000.0,0.0,0.0,0.0,0.0,0.0,0.0,0.0,0.0,0.0,0.0,0.0,0.0,0.0,0.0,0.0,0.0,0.0,0.0,0.0,0.0,0.0,0.0,0.0,0.0,0.0,0.0,0.0,0.0,0.0,0.0,0.0,0.0,0.0,0.0,0.0,0.0,0.0,0.0,0.0,96.4552688690621,241.13817217265407,385.82107547624787,819.8697853870253,1639.7395707740552,5015.673981191222,10706.534844465874,26911.02001446829,42777.911743428944,90475.04219918013,157511.45406317824,285604.0511212925,379455.0277308898,554666.0236315408,674849.288642392,808922.112370388,872727.2727272726,946515.5534121052,976754.280202556,994019.7733301182,997685.0735471424,999517.7236556546,999807.0894622619,999903.5447311308,1000000.0,48.22763443453082,48.22763443453082,48.22763443453082,48.22763443453082,48.22763443453082,48.22763443453082,48.22763443453082,48.22763443453082,48.22763443453082,48.22763443453082,48.22763443453082,48.22763443453082,48.22763443453082,48.22763443453082,48.22763443453082,48.22763443453082,48.22763443453082,48.22763443453082,48.22763443453082,48.22763443453082,48.22763443453082,48.22763443453082,48.22763443453082,48.22763443453082,48.22763443453082,48.22763443453082,48.22763443453082,48.22763443453082,48.22763443453082,48.22763443453082,48.22763443453082,48.22763443453082,48.22763443453082,48.22763443453082,48.22763443453082,48.22763443453082,48.22763443453082,48.22763443453082,48.22763443453082,48.22763443453082,48.22763443453082,48.22763443453082,48.22763443453082,48.22763443453082,48.22763443453082,48.22763443453082,48.22763443453082,48.22763443453082,48.22763443453082,48.22763443453082,48.22763443453082,48.22763443453082,48.22763443453082,48.22763443453082,48.22763443453082,48.22763443453082,48.22763443453082,48.22763443453082,48.22763443453082,48.22763443453082,48.22763443453082,48.22763443453082,48.22763443453082,1000000.0
FLINT,MAGNUM03,F,na,na,na,na,2025_03_11-15_02_56,na,5,61,Yes,1,na,964.5526886906189,12683.867856281719,0.0,7.0,41.0,0.0,,,,1495.0566674705422,23293.94743187853,0.0,7.0,41.0,0.0,32.0,20.0,11.0,27.0,12.0,8.0,20.0,3.0,5.0,12.0,-2.0,3.0,3.0,-8.0,1.0,-5.0,-16.0,0.0,-2.0,-12.0,0.0,0.0,32.0,32.0,52.0,52.0,63.0,0.0,27.0,36.0,48.0,55.0,63.0,0.0,20.0,40.0,43.0,58.0,63.0,4.0,16.0,42.0,40.0,60.0,63.0,6.0,9.0,44.0,36.0,62.0,63.0,8.0,3.0,48.0,32.0,63.0,63.0,7.0,5.0,46.0,34.0,63.0,63.0,14.0,0.0,56.0,1.0,63.0,26.0,63.0,0.0,0.4745529942489179,4.6277112330211185,3.712661932181585,0.4374894505865458,30.0,160.0,980853.6291294912,984808.2951531227,991126.1152640462,993344.5864480347,996913.43139619,998263.8051603568,999324.8131179166,999662.4065589582,999903.5447311308,999951.7723655654,1000000.0,1000000.0,1000000.0,1000000.0,1000000.0,1000000.0,1000000.0,1000000.0,1000000.0,1000000.0,1000000.0,1000000.0,1000000.0,1000000.0,1000000.0,1000000.0,1000000.0,1000000.0,1000000.0,1000000.0,1000000.0,1000000.0,1000000.0,1000000.0,1000000.0,1000000.0,1000000.0,1000000.0,1000000.0,1000000.0,1000000.0,1000000.0,1000000.0,1000000.0,1000000.0,1000000.0,1000000.0,1000000.0,1000000.0,1000000.0,1000000.0,1000000.0,1000000.0,1000000.0,1000000.0,1000000.0,1000000.0,1000000.0,1000000.0,1000000.0,1000000.0,1000000.0,1000000.0,1000000.0,0.0,144.68290330359284,192.91053773812425,337.59344104171646,530.5039787798403,723.414516517964,868.0974198215577,1012.7803231251486,1350.373764166866,1446.829033035929,1832.650108512174,2025.5606462503029,2748.975162768264,3617.07258258982,4581.625271280436,5208.58451892934,7378.82806848324,9693.754521340716,13600.192910537737,16445.623342175077,23969.134313961884,30383.40969375452,43404.87099107788,54497.22691102003,76971.30455751152,99782.97564504463,137448.75813841334,170484.68772606712,236170.72582589826,295876.5372558475,388136.0019291054,442681.4564745599,617313.7207619967,695442.4885459368,790113.334940921,839884.253677357,902435.4955389438,936243.06727755,963588.1360019291,975645.0446105618,987316.1321437183,992621.1719315166,996382.9274174101,997636.845912708,998938.9920424403,999373.040752351,999710.6341933928,999758.8618278273,999903.5447311308,999903.5447311308,999951.7723655654,999951.7723655654,999951.7723655654,1000000.0,1000000.0,1000000.0,1000000.0,1000000.0,1000000.0,1000000.0,1000000.0,1000000.0,1000000.0,1000000.0,0.0,0.0,0.0,0.0,0.0,0.0,0.0,0.0,0.0,0.0,0.0,0.0,0.0,0.0,0.0,0.0,0.0,0.0,0.0,0.0,0.0,0.0,0.0,0.0,0.0,0.0,48.22763443453082,48.22763443453082,96.4552688690621,144.68290330359284,144.68290330359284,144.68290330359284,241.13817217265407,337.59344104171646,771.6421509524955,1157.4632264287443,1543.2843019049903,2122.0159151193625,3134.7962382445157,4099.348926935128,7330.600434048703,10658.30721003135,17410.17603086568,23679.768507354696,40800.578731613175,58548.34820352058,93368.7002652519,125198.93899204243,195032.5536532433,264721.4854111405,380805.40149505663,457873.16132143716,599083.6749457439,690812.6356402218,808439.8360260428,865444.8999276585,932674.2223293947,960646.2503014227,985194.116228599,991560.1639739571,996624.0655895828,998119.1222570533,999373.040752351,1000000.0,48.22763443453082,48.22763443453082,48.22763443453082,48.22763443453082,48.22763443453082,48.22763443453082,48.22763443453082,48.22763443453082,48.22763443453082,48.22763443453082,48.22763443453082,48.22763443453082,48.22763443453082,48.22763443453082,48.22763443453082,48.22763443453082,48.22763443453082,48.22763443453082,48.22763443453082,48.22763443453082,48.22763443453082,48.22763443453082,48.22763443453082,48.22763443453082,48.22763443453082,48.22763443453082,48.22763443453082,48.22763443453082,48.22763443453082,48.22763443453082,48.22763443453082,48.22763443453082,48.22763443453082,48.22763443453082,48.22763443453082,48.22763443453082,48.22763443453082,48.22763443453082,48.22763443453082,48.22763443453082,48.22763443453082,48.22763443453082,48.22763443453082,48.22763443453082,48.22763443453082,48.22763443453082,48.22763443453082,48.22763443453082,48.22763443453082,48.22763443453082,48.22763443453082,48.22763443453082,48.22763443453082,48.22763443453082,48.22763443453082,48.22763443453082,48.22763443453082,48.22763443453082,48.22763443453082,48.22763443453082,48.22763443453082,48.22763443453082,48.22763443453082,1000000.0
FLINT,MAGNUM03,F,na,na,na,na,2025_03_11-15_02_56,na,5,62,Yes,1,na,241.13817217265407,3954.6660236315925,192.91053773817794,8.0,41.0,62.0,,,,337.59344104179837,5739.088497709188,192.91053773817794,8.0,41.0,62.0,32.0,20.0,11.0,28.0,14.0,8.0,23.0,7.0,6.0,18.0,3.0,5.0,12.0,-2.0,3.0,1.0,-9.0,1.0,5.0,-5.0,2.0,0.0,32.0,32.0,52.0,52.0,63.0,0.0,28.0,35.0,49.0,55.0,63.0,0.0,23.0,38.0,45.0,57.0,63.0,2.0,20.0,40.0,43.0,58.0,63.0,4.0,16.0,42.0,40.0,60.0,63.0,7.0,8.0,45.0,36.0,62.0,63.0,6.0,11.0,43.0,38.0,61.0,63.0,10.0,0.0,46.0,0.0,63.0,34.0,63.0,63.0,0.3553425966129391,3.7397683043854615,2.9467026470142708,0.0,30.0,160.0,987316.1321437183,990065.1073064866,994116.2285989872,995852.4234386302,998890.7644080058,999421.2683867855,999758.8618278273,999903.5447311308,999951.7723655654,1000000.0,1000000.0,1000000.0,1000000.0,1000000.0,1000000.0,1000000.0,1000000.0,1000000.0,1000000.0,1000000.0,1000000.0,1000000.0,1000000.0,1000000.0,1000000.0,1000000.0,1000000.0,1000000.0,1000000.0,1000000.0,1000000.0,1000000.0,1000000.0,1000000.0,1000000.0,1000000.0,1000000.0,1000000.0,1000000.0,1000000.0,1000000.0,1000000.0,1000000.0,1000000.0,1000000.0,1000000.0,1000000.0,1000000.0,1000000.0,1000000.0,1000000.0,1000000.0,1000000.0,1000000.0,1000000.0,1000000.0,1000000.0,1000000.0,1000000.0,1000000.0,1000000.0,1000000.0,1000000.0,1000000.0,48.22763443453082,48.22763443453082,48.22763443453082,48.22763443453082,48.22763443453082,96.4552688690621,144.68290330359284,192.91053773812425,289.36580660718624,385.82107547624787,434.04870991077877,578.7316132143711,626.959247648901,868.0974198215577,1157.4632264287443,1350.373764166866,1880.8777429467057,2652.5198938992025,4002.8936580660734,5015.673981191222,8584.518929346517,12925.006028454296,20062.69592476488,27489.751627682657,44176.51314203044,63081.74584036649,97660.95972992528,124716.66264769716,193151.67591029653,258210.7547624789,364504.4610561852,417169.03785869305,619098.1432360742,714058.3554376657,821991.801302146,873113.093802749,933542.3197492162,963539.9083674945,983795.5148299976,990354.4731130938,996045.3339763684,998312.0327947914,999228.3578490474,999565.9512900892,999855.3170966964,999951.7723655654,1000000.0,1000000.0,1000000.0,1000000.0,1000000.0,1000000.0,1000000.0,1000000.0,1000000.0,1000000.0,1000000.0,1000000.0,1000000.0,1000000.0,1000000.0,1000000.0,1000000.0,1000000.0,0.0,0.0,0.0,0.0,0.0,0.0,0.0,0.0,0.0,0.0,0.0,0.0,0.0,0.0,0.0,0.0,0.0,0.0,0.0,0.0,0.0,0.0,0.0,0.0,0.0,0.0,0.0,0.0,0.0,0.0,0.0,0.0,0.0,0.0,48.22763443453082,96.4552688690621,289.36580660718624,530.5039787798403,626.959247648901,723.414516517964,1446.829033035929,2266.6988184229576,4099.348926935128,6510.730648661682,13407.2823727996,23052.809259705788,46394.9843260188,70653.48444658794,128719.55630576321,200626.95924764895,328285.5075958524,424740.7764649144,589775.7414998794,707692.3076923076,838196.2864721485,900747.5283337352,960598.0226669881,983216.7832167832,995563.0576320231,997733.301181577,999517.7236556546,999807.0894622619,1000000.0,1000000.0,0.0,0.0,0.0,0.0,0.0,0.0,0.0,0.0,0.0,0.0,0.0,0.0,0.0,0.0,0.0,0.0,0.0,0.0,0.0,0.0,0.0,0.0,0.0,0.0,0.0,0.0,0.0,0.0,0.0,0.0,0.0,0.0,0.0,0.0,0.0,0.0,0.0,0.0,0.0,0.0,0.0,0.0,0.0,0.0,0.0,0.0,0.0,0.0,0.0,0.0,0.0,0.0,0.0,0.0,0.0,0.0,0.0,0.0,0.0,0.0,0.0,0.0,0.0,1000000.0
FLINT,MAGNUM03,F,na,na,na,na,2025_03_11-15_02_56,na,5,63,Yes,1,na,96.4552688690621,4726.308174584083,36556.54690137447,12.0,41.0,57.0,,,,144.68290330359284,9018.567639257344,68965.51724137939,12.0,41.0,57.0,32.0,19.0,12.0,28.0,14.0,6.0,23.0,6.0,0.0,17.0,2.0,-5.0,12.0,-20.0,-11.0,4.0,-24.0,-13.0,10.0,-24.0,-11.0,0.0,32.0,32.0,51.0,51.0,63.0,0.0,28.0,34.0,48.0,54.0,60.0,1.0,24.0,38.0,44.0,57.0,57.0,4.0,21.0,40.0,42.0,60.0,55.0,6.0,18.0,60.0,40.0,63.0,52.0,10.0,14.0,63.0,39.0,63.0,50.0,7.0,17.0,63.0,39.0,63.0,52.0,57.0,0.0,63.0,8.0,63.0,38.0,63.0,49.0,0.6646036829905979,3.7329803421019614,3.289745956732592,1.835815387861439,30.0,160.0,970966.9640704123,979310.3448275862,986930.3110682421,991511.9363395225,996286.472148541,998360.2604292259,999276.585483482,999565.9512900892,999855.3170966964,999855.3170966964,999903.5447311308,999951.7723655654,1000000.0,1000000.0,1000000.0,1000000.0,1000000.0,1000000.0,1000000.0,1000000.0,1000000.0,1000000.0,1000000.0,1000000.0,1000000.0,1000000.0,1000000.0,1000000.0,1000000.0,1000000.0,1000000.0,1000000.0,1000000.0,1000000.0,1000000.0,1000000.0,1000000.0,1000000.0,1000000.0,1000000.0,1000000.0,1000000.0,1000000.0,1000000.0,1000000.0,1000000.0,1000000.0,1000000.0,1000000.0,1000000.0,1000000.0,1000000.0,1000000.0,1000000.0,1000000.0,1000000.0,1000000.0,1000000.0,1000000.0,1000000.0,1000000.0,1000000.0,1000000.0,1000000.0,0.0,0.0,0.0,0.0,0.0,0.0,0.0,0.0,48.22763443453082,48.22763443453082,48.22763443453082,96.4552688690621,144.68290330359284,192.91053773812425,241.13817217265407,289.36580660718624,530.5039787798403,819.8697853870253,1495.056667470457,2700.747528333735,5112.12925006028,7427.055702917767,12732.095490716194,20737.882806848294,36170.72582589825,57632.023149264525,94911.98456715693,134313.96190016886,206124.90957318546,289992.7658548348,402170.2435495539,457294.42970822274,667759.826380516,760356.8844948155,851796.4793826861,903207.1376898963,948299.9758861827,970532.9153605016,986255.1241861585,991994.2126838678,995273.6918254159,996575.8379551483,997202.7972027971,997251.0248372317,997347.4801061008,997443.9353749697,997540.3906438388,997588.6182782734,997636.845912708,997733.301181577,997781.5288160116,997829.756450446,998022.6669881842,998022.6669881842,998070.8946226187,998167.3498914879,998263.8051603568,998312.0327947914,998553.1709669641,998601.3986013986,998746.0815047021,998794.3091391367,998842.5367735712,1000000.0,0.0,0.0,0.0,0.0,0.0,0.0,0.0,0.0,0.0,0.0,0.0,0.0,0.0,0.0,0.0,0.0,0.0,0.0,0.0,0.0,0.0,0.0,0.0,0.0,0.0,0.0,0.0,0.0,0.0,0.0,0.0,0.0,0.0,0.0,0.0,0.0,0.0,0.0,144.68290330359284,771.6421509524955,2218.471183988428,4340.487099107789,9066.795273691821,15047.021943573669,29370.629370629358,49481.55292982876,96744.63467566913,140776.464914396,226476.9713045574,321919.4598504943,464432.1196045334,567976.8507354715,703014.2271521582,796624.0655895828,885411.1405835543,930359.2958765372,967591.0296599951,983072.1003134795,990499.1560163974,992717.6272003858,994019.7733301182,994260.9115022907,994743.187846636,1000000.0,0.0,0.0,0.0,0.0,0.0,0.0,0.0,0.0,0.0,0.0,0.0,0.0,0.0,0.0,0.0,0.0,0.0,0.0,0.0,0.0,0.0,0.0,0.0,0.0,0.0,0.0,0.0,0.0,0.0,0.0,0.0,0.0,0.0,0.0,0.0,0.0,0.0,0.0,0.0,0.0,0.0,0.0,0.0,0.0,0.0,0.0,0.0,0.0,0.0,96.4552688690621,337.59344104171646,530.5039787798403,1543.2843019049903,3134.7962382445157,6124.909573185426,10561.851941162287,20689.655172413797,36604.774535809054,72871.95563057627,111020.01446829025,190933.20472630815,280733.06004340487,415770.4364600916,1000000.0
FLINT,MAGNUM03,F,na,na,na,na,2025_03_11-15_02_56,na,5,64,Yes,1,na,0.0,1687.967205208584,0.0,9.0,42.0,62.5,,,,0.0,2122.0159151194007,0.0,9.0,42.0,62.5,32.0,20.0,11.0,28.0,15.0,9.0,24.0,8.0,6.0,19.0,5.0,5.0,13.0,1.0,4.0,8.0,-3.0,3.0,10.0,0.0,3.0,0.0,32.0,32.0,52.0,52.0,63.0,0.0,28.0,34.0,49.0,54.0,63.0,0.0,24.0,38.0,46.0,57.0,63.0,2.0,21.0,39.0,44.0,58.0,63.0,5.0,18.0,41.0,42.0,59.0,63.0,6.0,14.0,43.0,40.0,60.0,63.0,6.0,16.0,41.0,41.0,60.0,63.0,8.0,0.0,59.0,10.0,62.0,39.0,63.0,63.0,0.36185317491410746,3.401016072432701,2.707429503694468,0.0,30.0,160.0,984663.6122498191,988859.4164456233,993875.0904268145,996045.3339763684,998408.4880636605,999517.7236556546,999903.5447311308,999903.5447311308,1000000.0,1000000.0,1000000.0,1000000.0,1000000.0,1000000.0,1000000.0,1000000.0,1000000.0,1000000.0,1000000.0,1000000.0,1000000.0,1000000.0,1000000.0,1000000.0,1000000.0,1000000.0,1000000.0,1000000.0,1000000.0,1000000.0,1000000.0,1000000.0,1000000.0,1000000.0,1000000.0,1000000.0,1000000.0,1000000.0,1000000.0,1000000.0,1000000.0,1000000.0,1000000.0,1000000.0,1000000.0,1000000.0,1000000.0,1000000.0,1000000.0,1000000.0,1000000.0,1000000.0,1000000.0,1000000.0,1000000.0,1000000.0,1000000.0,1000000.0,1000000.0,1000000.0,1000000.0,1000000.0,1000000.0,1000000.0,0.0,0.0,0.0,0.0,0.0,0.0,0.0,0.0,0.0,0.0,48.22763443453082,48.22763443453082,192.91053773812425,192.91053773812425,385.82107547624787,482.27634434531,868.0974198215577,1061.0079575596806,1736.1948396431121,2990.1133349409165,4726.3081745840345,7089.462261876058,12876.778394019768,19435.736677115998,32360.742705570286,50976.60959729927,85507.59585242346,119604.53339763683,183602.60429225944,259802.26669881833,372027.972027972,441234.62744152395,648902.8213166144,745309.8625512419,850590.7885218229,897709.1873643599,949312.756209308,974439.3537496985,989582.8309621413,994694.9602122015,998167.3498914879,999565.9512900892,999807.0894622619,999903.5447311308,999903.5447311308,999951.7723655654,1000000.0,1000000.0,1000000.0,1000000.0,1000000.0,1000000.0,1000000.0,1000000.0,1000000.0,1000000.0,1000000.0,1000000.0,1000000.0,1000000.0,1000000.0,1000000.0,1000000.0,1000000.0,0.0,0.0,0.0,0.0,0.0,0.0,0.0,0.0,0.0,0.0,0.0,0.0,0.0,0.0,0.0,0.0,0.0,0.0,0.0,0.0,0.0,0.0,0.0,0.0,0.0,0.0,0.0,0.0,0.0,0.0,0.0,0.0,0.0,0.0,0.0,0.0,0.0,0.0,0.0,96.4552688690621,337.59344104171646,626.959247648901,1736.1948396431121,3279.479141548107,7234.145165179647,15239.932481311793,32843.01904991558,52712.80443694237,107547.6247890041,178635.15794550284,315698.0950084398,419049.9156016397,591608.3916083917,722691.1020014468,853822.0400289365,910441.2828550759,967494.574391126,987219.6768748492,997299.2524716662,998746.0815047021,999951.7723655654,1000000.0,1000000.0,1000000.0,0.0,0.0,0.0,0.0,0.0,0.0,0.0,0.0,0.0,0.0,0.0,0.0,0.0,0.0,0.0,0.0,0.0,0.0,0.0,0.0,0.0,0.0,0.0,0.0,0.0,0.0,0.0,0.0,0.0,0.0,0.0,0.0,0.0,0.0,0.0,0.0,0.0,0.0,0.0,0.0,0.0,0.0,0.0,0.0,0.0,0.0,0.0,0.0,0.0,0.0,0.0,0.0,0.0,0.0,0.0,0.0,0.0,0.0,0.0,0.0,0.0,0.0,0.0,1000000.0
FLINT,MAGNUM03,F,na,na,na,na,2025_03_11-15_02_56,na,5,65,Yes,1,na,530.5039787798496,9066.795273691821,626.9592476489951,8.0,41.0,62.0,,,,916.3250542561832,17651.314203038353,626.9592476489951,8.0,41.0,62.0,32.0,20.0,11.0,28.0,13.0,9.0,21.0,4.0,5.0,14.0,0.0,4.0,6.0,-6.0,2.0,-6.0,-14.0,0.0,0.0,-9.0,1.0,0.0,32.0,32.0,52.0,52.0,63.0,0.0,28.0,35.0,48.0,54.0,63.0,1.0,22.0,39.0,43.0,58.0,63.0,4.0,18.0,41.0,41.0,59.0,63.0,6.0,12.0,44.0,38.0,61.0,63.0,10.0,4.0,47.0,33.0,63.0,63.0,8.0,8.0,45.0,36.0,62.0,63.0,12.0,0.0,56.0,0.0,63.0,28.0,63.0,63.0,0.5416628797301541,4.203069297562388,3.512162082399994,0.0,30.0,160.0,973281.8905232698,980033.7593441041,987653.7255847601,990933.2047263081,996238.2445141064,998022.6669881842,999228.3578490474,999469.4960212201,999758.8618278273,999855.3170966964,1000000.0,1000000.0,1000000.0,1000000.0,1000000.0,1000000.0,1000000.0,1000000.0,1000000.0,1000000.0,1000000.0,1000000.0,1000000.0,1000000.0,1000000.0,1000000.0,1000000.0,1000000.0,1000000.0,1000000.0,1000000.0,1000000.0,1000000.0,1000000.0,1000000.0,1000000.0,1000000.0,1000000.0,1000000.0,1000000.0,1000000.0,1000000.0,1000000.0,1000000.0,1000000.0,1000000.0,1000000.0,1000000.0,1000000.0,1000000.0,1000000.0,1000000.0,1000000.0,1000000.0,1000000.0,1000000.0,1000000.0,1000000.0,1000000.0,1000000.0,1000000.0,1000000.0,1000000.0,1000000.0,48.22763443453082,96.4552688690621,96.4552688690621,144.68290330359284,241.13817217265407,337.59344104171646,434.04870991077877,482.27634434531,578.7316132143711,723.414516517964,916.3250542560885,1205.690860863273,1495.056667470457,1736.1948396431121,2459.609356161082,2797.202797202796,4195.804195804195,5931.999035447306,8488.063660477448,10561.851941162287,15625.753556788046,21605.980226669853,30913.913672534345,39160.839160839154,57294.42970822282,76778.39401977329,113720.76199662412,143959.48878707504,203038.3409693754,267422.2329394743,364118.63998070895,400578.73161321436,606124.9095731855,695876.5372558475,796913.4313961901,848131.1791656618,910103.6894140341,944441.7651314203,970484.687726067,980612.4909573185,991415.4810706534,995032.5536532432,997540.3906438388,998504.9433325295,999517.7236556546,999710.6341933928,999855.3170966964,999903.5447311308,1000000.0,1000000.0,1000000.0,1000000.0,1000000.0,1000000.0,1000000.0,1000000.0,1000000.0,1000000.0,1000000.0,1000000.0,1000000.0,1000000.0,1000000.0,1000000.0,0.0,0.0,0.0,0.0,0.0,0.0,0.0,0.0,0.0,0.0,0.0,0.0,0.0,0.0,0.0,0.0,0.0,0.0,0.0,0.0,0.0,0.0,0.0,0.0,0.0,0.0,0.0,0.0,48.22763443453082,48.22763443453082,48.22763443453082,96.4552688690621,144.68290330359284,241.13817217265407,289.36580660718624,434.04870991077877,771.6421509524955,964.5526886906189,1639.7395707740552,2797.202797202796,5497.950325536535,9115.022908126357,16445.623342175077,23052.809259705788,39160.839160839154,57390.88497709182,97516.27682662162,131564.98673740047,213214.37183506147,291439.5948878708,418712.322160598,498914.878225223,645623.3421750662,742319.7492163009,850060.2845430431,897564.5044610562,951868.820834338,974969.8577284784,991126.1152640462,995659.5129008922,998167.3498914879,999373.040752351,999855.3170966964,1000000.0,0.0,0.0,0.0,0.0,0.0,0.0,0.0,0.0,0.0,0.0,0.0,0.0,0.0,0.0,0.0,0.0,0.0,0.0,0.0,0.0,0.0,0.0,0.0,0.0,0.0,0.0,0.0,0.0,0.0,0.0,0.0,0.0,0.0,0.0,0.0,0.0,0.0,0.0,0.0,0.0,0.0,0.0,0.0,0.0,0.0,0.0,0.0,0.0,0.0,0.0,0.0,0.0,0.0,0.0,0.0,0.0,0.0,0.0,0.0,0.0,0.0,0.0,0.0,1000000.0
FLINT,MAGNUM03,F,na,na,na,na,2025_03_11-15_02_56,na,5,66,Yes,1,na,144.68290330359284,2845.430431637428,0.0,10.0,41.0,31.0,,,,144.68290330359284,5112.129250060366,0.0,10.0,41.0,31.0,32.0,20.0,11.0,28.0,15.0,9.0,23.0,7.0,6.0,17.0,3.0,5.0,11.0,0.0,4.0,5.0,-7.0,2.0,8.0,-3.0,3.0,0.0,32.0,32.0,52.0,52.0,63.0,0.0,28.0,34.0,49.0,54.0,63.0,0.0,23.0,38.0,45.0,57.0,63.0,3.0,20.0,40.0,43.0,58.0,63.0,5.0,16.0,41.0,41.0,59.0,63.0,7.0,12.0,44.0,37.0,61.0,63.0,6.0,14.0,42.0,39.0,60.0,63.0,10.0,0.0,48.0,5.0,62.0,20.0,63.0,0.0,0.37852339055966255,3.678260277844356,2.92082946283061,0.4374894505865458,30.0,160.0,984374.2464432119,989245.2375210995,993633.9522546419,995563.0576320231,998360.2604292259,999324.8131179166,999758.8618278273,999903.5447311308,999903.5447311308,999951.7723655654,1000000.0,1000000.0,1000000.0,1000000.0,1000000.0,1000000.0,1000000.0,1000000.0,1000000.0,1000000.0,1000000.0,1000000.0,1000000.0,1000000.0,1000000.0,1000000.0,1000000.0,1000000.0,1000000.0,1000000.0,1000000.0,1000000.0,1000000.0,1000000.0,1000000.0,1000000.0,1000000.0,1000000.0,1000000.0,1000000.0,1000000.0,1000000.0,1000000.0,1000000.0,1000000.0,1000000.0,1000000.0,1000000.0,1000000.0,1000000.0,1000000.0,1000000.0,1000000.0,1000000.0,1000000.0,1000000.0,1000000.0,1000000.0,1000000.0,1000000.0,1000000.0,1000000.0,1000000.0,1000000.0,0.0,0.0,0.0,0.0,0.0,48.22763443453082,48.22763443453082,48.22763443453082,48.22763443453082,48.22763443453082,48.22763443453082,192.91053773812425,241.13817217265407,337.59344104171646,578.7316132143711,723.414516517964,1543.2843019049903,2700.747528333735,3568.844948155295,5015.673981191222,8054.014950566682,12056.90860863274,20303.83409693753,29418.857005063877,45333.97636845912,67615.14347721238,110634.19339281417,150036.17072582585,215336.38775018076,295249.5780081987,407619.96624065586,467277.5500361707,652037.6175548589,746419.098143236,846202.0737882805,896792.8623101036,947190.7402941885,971593.9233180612,987509.0426814564,993248.1311791657,997154.5695683626,998987.2196768748,999662.4065589582,999855.3170966964,999903.5447311308,1000000.0,1000000.0,1000000.0,1000000.0,1000000.0,1000000.0,1000000.0,1000000.0,1000000.0,1000000.0,1000000.0,1000000.0,1000000.0,1000000.0,1000000.0,1000000.0,1000000.0,1000000.0,1000000.0,0.0,0.0,0.0,0.0,0.0,0.0,0.0,0.0,0.0,0.0,0.0,0.0,0.0,0.0,0.0,0.0,0.0,0.0,0.0,0.0,48.22763443453082,48.22763443453082,48.22763443453082,48.22763443453082,48.22763443453082,48.22763443453082,48.22763443453082,48.22763443453082,48.22763443453082,48.22763443453082,48.22763443453082,48.22763443453082,48.22763443453082,48.22763443453082,48.22763443453082,48.22763443453082,144.68290330359284,241.13817217265407,482.27634434531,819.8697853870253,1253.9184952978064,2363.1540872920177,4147.576561369663,6703.6411863998055,13551.965276103192,25946.467325777645,55895.82830962143,85411.14058355431,150036.17072582585,231058.59657583787,370002.4113817217,469496.0212201591,628936.5806607186,746226.1876054979,866602.3631540872,923366.2888835303,972365.5654690136,988714.7335423196,997781.5288160116,998890.7644080058,999855.3170966964,1000000.0,1000000.0,1000000.0,48.22763443453082,48.22763443453082,48.22763443453082,48.22763443453082,48.22763443453082,48.22763443453082,48.22763443453082,48.22763443453082,48.22763443453082,48.22763443453082,48.22763443453082,48.22763443453082,48.22763443453082,48.22763443453082,48.22763443453082,48.22763443453082,48.22763443453082,48.22763443453082,48.22763443453082,48.22763443453082,48.22763443453082,48.22763443453082,48.22763443453082,48.22763443453082,48.22763443453082,48.22763443453082,48.22763443453082,48.22763443453082,48.22763443453082,48.22763443453082,48.22763443453082,48.22763443453082,48.22763443453082,48.22763443453082,48.22763443453082,48.22763443453082,48.22763443453082,48.22763443453082,48.22763443453082,48.22763443453082,48.22763443453082,48.22763443453082,48.22763443453082,48.22763443453082,48.22763443453082,48.22763443453082,48.22763443453082,48.22763443453082,48.22763443453082,48.22763443453082,48.22763443453082,48.22763443453082,48.22763443453082,48.22763443453082,48.22763443453082,48.22763443453082,48.22763443453082,48.22763443453082,48.22763443453082,48.22763443453082,48.22763443453082,48.22763443453082,48.22763443453082,1000000.0
FLINT,MAGNUM03,F,na,na,na,na,2025_03_11-15_02_56,na,5,67,Yes,1,na,96.4552688690621,4340.4870991078305,96.4552688690621,9.666666666666666,41.0,0.0,,,,96.4552688690621,8536.291294912025,96.4552688690621,9.666666666666666,41.0,0.0,32.0,20.0,11.0,27.0,13.0,9.0,21.0,6.0,6.0,15.0,2.0,5.0,11.0,-2.0,3.0,5.0,-9.0,1.0,8.0,-6.0,2.0,0.0,32.0,32.0,52.0,52.0,63.0,0.0,27.0,35.0,48.0,54.0,63.0,1.0,22.0,38.0,44.0,57.0,63.0,4.0,19.0,40.0,42.0,58.0,63.0,5.0,16.0,42.0,40.0,60.0,63.0,7.0,12.0,46.0,37.0,62.0,63.0,6.0,14.0,44.0,38.0,61.0,63.0,10.0,0.0,56.0,2.0,63.0,34.0,63.0,0.0,0.4466397940278702,3.931750127885706,3.195297507525876,0.7577174106292265,30.0,160.0,976320.2314926452,983940.1977333011,990740.29418857,993585.7246202073,997443.9353749697,999131.9025801783,999855.3170966964,999951.7723655654,1000000.0,1000000.0,1000000.0,1000000.0,1000000.0,1000000.0,1000000.0,1000000.0,1000000.0,1000000.0,1000000.0,1000000.0,1000000.0,1000000.0,1000000.0,1000000.0,1000000.0,1000000.0,1000000.0,1000000.0,1000000.0,1000000.0,1000000.0,1000000.0,1000000.0,1000000.0,1000000.0,1000000.0,1000000.0,1000000.0,1000000.0,1000000.0,1000000.0,1000000.0,1000000.0,1000000.0,1000000.0,1000000.0,1000000.0,1000000.0,1000000.0,1000000.0,1000000.0,1000000.0,1000000.0,1000000.0,1000000.0,1000000.0,1000000.0,1000000.0,1000000.0,1000000.0,1000000.0,1000000.0,1000000.0,1000000.0,0.0,0.0,96.4552688690621,96.4552688690621,96.4552688690621,96.4552688690621,96.4552688690621,96.4552688690621,96.4552688690621,96.4552688690621,96.4552688690621,144.68290330359284,241.13817217265407,530.5039787798403,1061.0079575596806,1302.1461297323344,2266.6988184229576,3761.755485893413,5353.267422232942,8005.7873161321395,11912.225705329136,17506.63129973476,26814.56474559922,37762.23776223773,56329.87701953218,80057.87316132146,122932.24017361959,164600.91632505425,233855.79937304073,317482.51748251746,417506.6312997347,466554.13551965274,659802.2666988183,748444.6587894863,838485.6522787557,887774.2946708463,935133.8316855557,963443.4530986254,981528.8160115746,989775.7414998794,995659.5129008922,997685.0735471424,998938.9920424403,999324.8131179166,999710.6341933928,999855.3170966964,999951.7723655654,1000000.0,1000000.0,1000000.0,1000000.0,1000000.0,1000000.0,1000000.0,1000000.0,1000000.0,1000000.0,1000000.0,1000000.0,1000000.0,1000000.0,1000000.0,1000000.0,1000000.0,0.0,0.0,0.0,0.0,0.0,0.0,0.0,0.0,0.0,0.0,0.0,0.0,0.0,0.0,0.0,0.0,0.0,0.0,0.0,0.0,0.0,0.0,0.0,0.0,0.0,0.0,0.0,0.0,0.0,0.0,0.0,0.0,0.0,0.0,48.22763443453082,96.4552688690621,144.68290330359284,289.36580660718624,771.6421509524955,1253.9184952978064,2122.0159151193625,4244.031830238725,8729.201832650102,13793.103448275855,25512.418615866904,42536.77357125628,74801.06100795757,112129.25006028457,177525.9223535085,258596.57583795514,387750.18085362914,485893.41692789964,629997.5886182783,740101.2780323125,853050.3978779841,911550.5184470701,964793.8268627924,984663.6122498191,994936.0983843743,998312.0327947914,999469.4960212201,999710.6341933928,999951.7723655654,1000000.0,144.68290330359284,144.68290330359284,144.68290330359284,144.68290330359284,144.68290330359284,144.68290330359284,144.68290330359284,144.68290330359284,144.68290330359284,144.68290330359284,144.68290330359284,144.68290330359284,144.68290330359284,144.68290330359284,144.68290330359284,144.68290330359284,144.68290330359284,144.68290330359284,144.68290330359284,144.68290330359284,144.68290330359284,144.68290330359284,144.68290330359284,144.68290330359284,144.68290330359284,144.68290330359284,144.68290330359284,144.68290330359284,144.68290330359284,144.68290330359284,144.68290330359284,144.68290330359284,144.68290330359284,144.68290330359284,144.68290330359284,144.68290330359284,144.68290330359284,144.68290330359284,144.68290330359284,144.68290330359284,144.68290330359284,144.68290330359284,144.68290330359284,144.68290330359284,144.68290330359284,144.68290330359284,144.68290330359284,144.68290330359284,144.68290330359284,144.68290330359284,144.68290330359284,144.68290330359284,144.68290330359284,144.68290330359284,144.68290330359284,144.68290330359284,144.68290330359284,144.68290330359284,144.68290330359284,144.68290330359284,144.68290330359284,144.68290330359284,144.68290330359284,1000000.0
FLINT,MAGNUM03,F,na,na,na,na,2025_03_11-15_02_56,na,5,68,Yes,1,na,48.22763443453082,1350.373764166866,48.22763443453082,9.0,41.0,0.0,,,,48.22763443453082,2218.4711839885003,48.22763443453082,9.0,41.0,0.0,32.0,19.0,12.0,28.0,14.0,9.0,23.0,8.0,7.0,18.0,5.0,6.0,12.0,1.0,5.0,5.0,-5.0,3.0,9.0,-2.0,4.0,0.0,32.0,32.0,51.0,51.0,63.0,0.0,28.0,34.0,48.0,54.0,63.0,0.0,23.0,37.0,45.0,56.0,63.0,2.0,20.0,39.0,44.0,57.0,63.0,5.0,17.0,40.0,41.0,58.0,63.0,7.0,12.0,43.0,38.0,60.0,63.0,6.0,15.0,42.0,40.0,59.0,63.0,8.0,0.0,55.0,2.0,60.0,36.0,63.0,0.0,0.34771997929938225,3.471908159450477,2.7297849456951875,0.6186885949313036,30.0,160.0,988232.4571979743,990981.4323607427,994502.0496744635,995804.1958041957,998504.9433325295,999469.4960212201,999807.0894622619,999903.5447311308,1000000.0,1000000.0,1000000.0,1000000.0,1000000.0,1000000.0,1000000.0,1000000.0,1000000.0,1000000.0,1000000.0,1000000.0,1000000.0,1000000.0,1000000.0,1000000.0,1000000.0,1000000.0,1000000.0,1000000.0,1000000.0,1000000.0,1000000.0,1000000.0,1000000.0,1000000.0,1000000.0,1000000.0,1000000.0,1000000.0,1000000.0,1000000.0,1000000.0,1000000.0,1000000.0,1000000.0,1000000.0,1000000.0,1000000.0,1000000.0,1000000.0,1000000.0,1000000.0,1000000.0,1000000.0,1000000.0,1000000.0,1000000.0,1000000.0,1000000.0,1000000.0,1000000.0,1000000.0,1000000.0,1000000.0,1000000.0,0.0,0.0,48.22763443453082,48.22763443453082,48.22763443453082,48.22763443453082,48.22763443453082,48.22763443453082,48.22763443453082,96.4552688690621,96.4552688690621,96.4552688690621,241.13817217265407,385.82107547624787,482.27634434531,578.7316132143711,1012.7803231251486,1446.829033035929,2700.747528333735,3568.844948155295,6944.779358572451,10995.900651073063,19242.826139377863,26525.198938992027,44755.24475524475,67181.09476730163,113334.94092114782,147673.01663853382,226284.06076681934,310923.55919942126,429515.3122739329,479816.73498914874,700361.707258259,785483.4820352062,883337.3523028695,921099.5900651073,965951.2900892211,983795.5148299976,993778.6351579454,996479.3826862792,999131.9025801783,999517.7236556546,999807.0894622619,999951.7723655654,999951.7723655654,1000000.0,1000000.0,1000000.0,1000000.0,1000000.0,1000000.0,1000000.0,1000000.0,1000000.0,1000000.0,1000000.0,1000000.0,1000000.0,1000000.0,1000000.0,1000000.0,1000000.0,1000000.0,1000000.0,0.0,0.0,0.0,0.0,0.0,0.0,0.0,0.0,0.0,0.0,0.0,0.0,0.0,0.0,0.0,0.0,0.0,0.0,0.0,0.0,0.0,0.0,0.0,0.0,0.0,0.0,0.0,0.0,0.0,0.0,0.0,0.0,0.0,0.0,0.0,0.0,96.4552688690621,96.4552688690621,241.13817217265407,241.13817217265407,626.959247648901,1398.601398601398,3472.38967928623,5642.633228840121,12925.006028454296,24354.95538943816,55992.28357849047,89172.89606944779,169809.5008439836,263708.70508801535,422715.21581866406,522112.37038823246,694622.6187605498,804822.763443453,915071.1357607908,954328.430190499,985387.0267663371,994309.1391367252,999131.9025801783,999758.8618278273,1000000.0,1000000.0,1000000.0,1000000.0,96.4552688690621,96.4552688690621,96.4552688690621,96.4552688690621,96.4552688690621,96.4552688690621,96.4552688690621,96.4552688690621,96.4552688690621,96.4552688690621,96.4552688690621,96.4552688690621,96.4552688690621,96.4552688690621,96.4552688690621,96.4552688690621,96.4552688690621,96.4552688690621,96.4552688690621,96.4552688690621,96.4552688690621,96.4552688690621,96.4552688690621,96.4552688690621,96.4552688690621,96.4552688690621,96.4552688690621,96.4552688690621,96.4552688690621,96.4552688690621,96.4552688690621,96.4552688690621,96.4552688690621,96.4552688690621,96.4552688690621,96.4552688690621,96.4552688690621,96.4552688690621,96.4552688690621,96.4552688690621,96.4552688690621,96.4552688690621,96.4552688690621,96.4552688690621,96.4552688690621,96.4552688690621,96.4552688690621,96.4552688690621,96.4552688690621,96.4552688690621,96.4552688690621,96.4552688690621,96.4552688690621,96.4552688690621,96.4552688690621,96.4552688690621,96.4552688690621,96.4552688690621,96.4552688690621,96.4552688690621,96.4552688690621,96.4552688690621,96.4552688690621,1000000.0
FLINT,MAGNUM03,F,na,na,na,na,2025_03_11-15_02_56,na,5,69,Yes,1,na,96.4552688691443,4244.031830238799,0.0,8.0,40.0,62.0,,,,144.68290330360517,6462.503014227199,0.0,8.0,40.0,62.0,31.0,20.0,12.0,27.0,14.0,9.0,21.0,7.0,7.0,16.0,3.0,5.0,11.0,-2.0,4.0,3.0,-6.0,2.0,8.0,-4.0,3.0,0.0,31.0,31.0,51.0,51.0,63.0,0.0,27.0,34.0,48.0,54.0,63.0,1.0,22.0,37.0,44.0,56.0,63.0,3.0,19.0,39.0,42.0,58.0,63.0,5.0,16.0,41.0,39.0,59.0,63.0,7.0,10.0,43.0,37.0,61.0,63.0,6.0,14.0,42.0,38.0,60.0,63.0,8.0,0.0,58.0,7.0,62.0,35.0,63.0,0.0,0.4336533771834534,3.7535434364706086,2.986824928199956,0.6186885949313036,30.0,160.0,975693.2722449964,983168.5555823486,991077.8876296117,994116.2285989872,998215.5775259222,999228.3578490474,999855.3170966964,999903.5447311308,1000000.0,1000000.0,1000000.0,1000000.0,1000000.0,1000000.0,1000000.0,1000000.0,1000000.0,1000000.0,1000000.0,1000000.0,1000000.0,1000000.0,1000000.0,1000000.0,1000000.0,1000000.0,1000000.0,1000000.0,1000000.0,1000000.0,1000000.0,1000000.0,1000000.0,1000000.0,1000000.0,1000000.0,1000000.0,1000000.0,1000000.0,1000000.0,1000000.0,1000000.0,1000000.0,1000000.0,1000000.0,1000000.0,1000000.0,1000000.0,1000000.0,1000000.0,1000000.0,1000000.0,1000000.0,1000000.0,1000000.0,1000000.0,1000000.0,1000000.0,1000000.0,1000000.0,1000000.0,1000000.0,1000000.0,1000000.0,0.0,0.0,0.0,0.0,0.0,0.0,0.0,48.22763443453082,96.4552688690621,96.4552688690621,241.13817217265407,241.13817217265407,385.82107547624787,530.5039787798403,819.8697853870253,1061.0079575596806,2170.2435495538875,3713.527851458888,5642.633228840121,7812.876778394019,12105.136243067265,17699.54183747286,27779.117434289838,42006.26959247647,65155.53412105128,92548.83047986506,141306.96889317594,187412.58741258737,268049.1921871232,355292.9828791898,469978.29756450444,515312.27393296355,722691.1020014468,806028.4543043163,885411.1405835543,926838.6785628165,962864.7214854112,980564.263322884,991704.8468772606,995755.9681697612,998119.1222570533,999083.6749457439,999807.0894622619,999951.7723655654,1000000.0,1000000.0,1000000.0,1000000.0,1000000.0,1000000.0,1000000.0,1000000.0,1000000.0,1000000.0,1000000.0,1000000.0,1000000.0,1000000.0,1000000.0,1000000.0,1000000.0,1000000.0,1000000.0,1000000.0,0.0,0.0,0.0,0.0,0.0,0.0,0.0,0.0,0.0,0.0,0.0,0.0,0.0,0.0,0.0,0.0,0.0,0.0,0.0,0.0,0.0,0.0,0.0,0.0,0.0,0.0,0.0,0.0,0.0,0.0,0.0,0.0,0.0,0.0,0.0,48.22763443453082,192.91053773812425,434.04870991077877,771.6421509524955,1398.601398601398,2700.747528333735,4629.85290571497,8873.884735953696,14371.835061490223,26091.150229081253,43935.374969857716,85411.14058355431,124186.15866891736,209500.84398360254,306968.8931757897,455413.55196527607,564745.5992283578,712900.892211237,817458.4036653001,913190.2580178442,956884.4948155293,984084.8806366047,993537.4969857727,998408.4880636605,999469.4960212201,999807.0894622619,1000000.0,1000000.0,1000000.0,96.4552688690621,96.4552688690621,96.4552688690621,96.4552688690621,96.4552688690621,96.4552688690621,96.4552688690621,96.4552688690621,96.4552688690621,96.4552688690621,96.4552688690621,96.4552688690621,96.4552688690621,96.4552688690621,96.4552688690621,96.4552688690621,96.4552688690621,96.4552688690621,96.4552688690621,96.4552688690621,96.4552688690621,96.4552688690621,96.4552688690621,96.4552688690621,96.4552688690621,96.4552688690621,96.4552688690621,96.4552688690621,96.4552688690621,96.4552688690621,96.4552688690621,96.4552688690621,96.4552688690621,96.4552688690621,96.4552688690621,96.4552688690621,96.4552688690621,96.4552688690621,96.4552688690621,96.4552688690621,96.4552688690621,96.4552688690621,96.4552688690621,96.4552688690621,96.4552688690621,96.4552688690621,96.4552688690621,96.4552688690621,96.4552688690621,96.4552688690621,96.4552688690621,96.4552688690621,96.4552688690621,96.4552688690621,96.4552688690621,96.4552688690621,96.4552688690621,96.4552688690621,96.4552688690621,96.4552688690621,96.4552688690621,96.4552688690621,96.4552688690621,1000000.0
FLINT,MAGNUM03,F,na,na,na,na,2025_03_11-15_02_56,na,5,70,Yes,1,na,144.68290330360517,5787.316132143714,289.36580660721114,8.0,41.0,62.0,,,,241.13817217266728,8632.746563781142,289.36580660721114,8.0,41.0,62.0,31.0,20.0,12.0,27.0,14.0,9.0,22.0,6.0,7.0,16.0,2.0,5.0,9.0,-3.0,4.0,1.0,-10.0,0.0,7.0,-6.0,2.0,0.0,31.0,31.0,51.0,51.0,63.0,0.0,27.0,34.0,48.0,54.0,63.0,0.0,22.0,38.0,44.0,56.0,63.0,3.0,19.0,40.0,42.0,58.0,63.0,5.0,14.0,42.0,39.0,59.0,63.0,8.0,9.0,44.0,34.0,63.0,63.0,6.0,13.0,43.0,37.0,61.0,63.0,10.0,0.0,57.0,2.0,63.0,29.0,63.0,63.0,0.38765781392315163,3.8587426596118215,3.1407994838487117,0.0,30.0,160.0,986255.1241861585,989534.6033277067,993006.993006993,994984.3260188088,998215.5775259222,999180.1302146129,999710.6341933928,999855.3170966964,999951.7723655654,1000000.0,1000000.0,1000000.0,1000000.0,1000000.0,1000000.0,1000000.0,1000000.0,1000000.0,1000000.0,1000000.0,1000000.0,1000000.0,1000000.0,1000000.0,1000000.0,1000000.0,1000000.0,1000000.0,1000000.0,1000000.0,1000000.0,1000000.0,1000000.0,1000000.0,1000000.0,1000000.0,1000000.0,1000000.0,1000000.0,1000000.0,1000000.0,1000000.0,1000000.0,1000000.0,1000000.0,1000000.0,1000000.0,1000000.0,1000000.0,1000000.0,1000000.0,1000000.0,1000000.0,1000000.0,1000000.0,1000000.0,1000000.0,1000000.0,1000000.0,1000000.0,1000000.0,1000000.0,1000000.0,1000000.0,0.0,0.0,48.22763443453082,48.22763443453082,48.22763443453082,48.22763443453082,48.22763443453082,48.22763443453082,144.68290330359284,241.13817217265407,337.59344104171646,385.82107547624787,530.5039787798403,916.3250542560885,1736.1948396431121,1929.1053773812387,2748.975162768264,3665.3002170243526,6221.364842054485,7861.104412828547,12394.502049674455,17024.354955389445,29322.401736194817,39546.66023631541,65541.35519652763,90282.131661442,139522.5464190981,178345.79213889557,266505.9078852182,342464.43211960455,462647.69713045575,513913.6725343622,702580.1784422474,782782.7345068722,869206.6554135518,910682.4210272486,955582.348685797,974969.8577284784,988955.8717144924,993441.0417169037,997154.5695683626,998360.2604292259,999373.040752351,999758.8618278273,999903.5447311308,999951.7723655654,999951.7723655654,999951.7723655654,999951.7723655654,1000000.0,1000000.0,1000000.0,1000000.0,1000000.0,1000000.0,1000000.0,1000000.0,1000000.0,1000000.0,1000000.0,1000000.0,1000000.0,1000000.0,1000000.0,0.0,0.0,0.0,0.0,0.0,0.0,0.0,0.0,0.0,0.0,0.0,0.0,0.0,0.0,0.0,0.0,0.0,0.0,0.0,0.0,0.0,0.0,0.0,0.0,0.0,0.0,0.0,0.0,0.0,48.22763443453082,48.22763443453082,48.22763443453082,96.4552688690621,144.68290330359284,241.13817217265407,289.36580660718624,337.59344104171646,675.1868820834334,1157.4632264287443,1929.1053773812387,4051.121292500604,5835.543766578246,11188.811188811189,16927.89968652038,31396.190016879682,50397.87798408488,92838.19628647211,130841.57222088255,223824.4514106583,314251.2659754039,459368.21798890765,556595.129008922,709959.0065107306,805690.8608632744,904219.9180130212,943043.1637328187,978924.52375211,990643.8389197009,997251.0248372317,998746.0815047021,999517.7236556546,999710.6341933928,999855.3170966964,1000000.0,0.0,0.0,0.0,0.0,0.0,0.0,0.0,0.0,0.0,0.0,0.0,0.0,0.0,0.0,0.0,0.0,0.0,0.0,0.0,0.0,0.0,0.0,0.0,0.0,0.0,0.0,0.0,0.0,0.0,0.0,0.0,0.0,0.0,0.0,0.0,0.0,0.0,0.0,0.0,0.0,0.0,0.0,0.0,0.0,0.0,0.0,0.0,0.0,0.0,0.0,0.0,0.0,0.0,0.0,0.0,0.0,0.0,0.0,0.0,0.0,0.0,0.0,0.0,1000000.0
FLINT,MAGNUM03,F,na,na,na,na,2025_03_11-15_02_56,na,5,71,Yes,1,na,0.0,3231.251507113677,0.0,8.0,40.0,62.0,,,,0.0,4244.031830238775,0.0,8.0,40.0,62.0,31.0,20.0,12.0,27.0,14.0,9.0,22.0,7.0,7.0,16.0,4.0,6.0,11.0,0.0,5.0,4.0,-6.0,3.0,8.0,-3.0,4.0,0.0,31.0,31.0,51.0,51.0,63.0,0.0,27.0,34.0,48.0,54.0,63.0,0.0,22.0,37.0,44.0,56.0,63.0,3.0,19.0,39.0,43.0,57.0,63.0,5.0,16.0,40.0,40.0,58.0,63.0,7.0,11.0,43.0,37.0,60.0,63.0,6.0,14.0,41.0,38.0,59.0,63.0,10.0,0.0,53.0,8.0,62.0,35.0,63.0,0.0,0.4319098246209213,3.600012846402471,2.900080361826238,0.6186885949313036,30.0,160.0,977670.6052568122,984615.3846153845,990836.7494574391,994984.3260188088,997877.9840848806,998938.9920424403,999758.8618278273,999951.7723655654,999951.7723655654,1000000.0,1000000.0,1000000.0,1000000.0,1000000.0,1000000.0,1000000.0,1000000.0,1000000.0,1000000.0,1000000.0,1000000.0,1000000.0,1000000.0,1000000.0,1000000.0,1000000.0,1000000.0,1000000.0,1000000.0,1000000.0,1000000.0,1000000.0,1000000.0,1000000.0,1000000.0,1000000.0,1000000.0,1000000.0,1000000.0,1000000.0,1000000.0,1000000.0,1000000.0,1000000.0,1000000.0,1000000.0,1000000.0,1000000.0,1000000.0,1000000.0,1000000.0,1000000.0,1000000.0,1000000.0,1000000.0,1000000.0,1000000.0,1000000.0,1000000.0,1000000.0,1000000.0,1000000.0,1000000.0,1000000.0,0.0,0.0,0.0,0.0,0.0,0.0,0.0,0.0,48.22763443453082,96.4552688690621,144.68290330359284,289.36580660718624,289.36580660718624,530.5039787798403,868.0974198215577,1157.4632264287443,1929.1053773812387,2700.747528333735,4244.031830238725,6269.592476489024,9983.120327947918,14950.566674704614,23583.31323848561,32698.336146611982,54304.31637328187,81070.6534844466,130262.84060766819,177284.78418133585,258885.94164456223,344345.30986255116,463564.0221847118,524427.29684109,727610.320713769,810127.8032312514,888545.9368217989,930745.1169520135,966819.3875090426,982927.417410176,992862.3101036893,996768.7484928863,999035.4473113093,999614.1789245236,999807.0894622619,999903.5447311308,999903.5447311308,999903.5447311308,999951.7723655654,999951.7723655654,1000000.0,1000000.0,1000000.0,1000000.0,1000000.0,1000000.0,1000000.0,1000000.0,1000000.0,1000000.0,1000000.0,1000000.0,1000000.0,1000000.0,1000000.0,1000000.0,0.0,0.0,0.0,0.0,0.0,0.0,0.0,0.0,0.0,0.0,0.0,0.0,0.0,0.0,0.0,0.0,0.0,0.0,0.0,0.0,0.0,0.0,0.0,0.0,0.0,0.0,0.0,0.0,0.0,0.0,0.0,0.0,0.0,0.0,0.0,48.22763443453082,192.91053773812425,385.82107547624787,723.414516517964,916.3250542560885,1880.8777429467057,3327.7067759826386,5883.771401012779,10320.71376898964,23535.085604051124,40125.39184952976,77019.532191946,117627.20038582108,209066.79527369177,310055.46177959966,460622.13648420543,572027.972027972,722739.3296358812,826862.7923800335,916421.5095249577,956643.3566433567,985917.5307451169,994936.0983843743,998746.0815047021,999710.6341933928,999951.7723655654,1000000.0,1000000.0,1000000.0,96.4552688690621,96.4552688690621,96.4552688690621,96.4552688690621,96.4552688690621,96.4552688690621,96.4552688690621,96.4552688690621,96.4552688690621,96.4552688690621,96.4552688690621,96.4552688690621,96.4552688690621,96.4552688690621,96.4552688690621,96.4552688690621,96.4552688690621,96.4552688690621,96.4552688690621,96.4552688690621,96.4552688690621,96.4552688690621,96.4552688690621,96.4552688690621,96.4552688690621,96.4552688690621,96.4552688690621,96.4552688690621,96.4552688690621,96.4552688690621,96.4552688690621,96.4552688690621,96.4552688690621,96.4552688690621,96.4552688690621,96.4552688690621,96.4552688690621,96.4552688690621,96.4552688690621,96.4552688690621,96.4552688690621,96.4552688690621,96.4552688690621,96.4552688690621,96.4552688690621,96.4552688690621,96.4552688690621,96.4552688690621,96.4552688690621,96.4552688690621,96.4552688690621,96.4552688690621,96.4552688690621,96.4552688690621,96.4552688690621,96.4552688690621,96.4552688690621,96.4552688690621,96.4552688690621,96.4552688690621,96.4552688690621,96.4552688690621,96.4552688690621,1000000.0
FLINT,MAGNUM03,F,na,na,na,na,2025_03_11-15_02_56,na,5,72,Yes,1,na,192.91053773817794,4051.121292500618,241.13817217274982,9.0,40.0,62.0,,,,289.36580660724,7861.104412828624,241.13817217274982,9.0,40.0,62.0,30.0,20.0,13.0,26.0,14.0,10.0,22.0,7.0,7.0,15.0,2.0,6.0,10.0,-1.0,4.0,1.0,-9.0,0.0,5.0,-5.0,3.0,0.0,30.0,30.0,50.0,50.0,63.0,0.0,26.0,34.0,48.0,53.0,63.0,0.0,22.0,37.0,44.0,56.0,63.0,3.0,18.0,39.0,41.0,57.0,63.0,5.0,15.0,40.0,39.0,59.0,63.0,9.0,10.0,44.0,35.0,63.0,63.0,6.0,11.0,42.0,37.0,60.0,63.0,12.0,0.0,57.0,8.0,63.0,33.0,63.0,63.0,0.4229987495089877,3.806604604462533,3.0907751323693824,0.0,30.0,160.0,983023.872679045,987123.2216059802,992862.3101036893,994743.187846636,998022.6669881842,998890.7644080058,999565.9512900892,999710.6341933928,999807.0894622619,999903.5447311308,999951.7723655654,1000000.0,1000000.0,1000000.0,1000000.0,1000000.0,1000000.0,1000000.0,1000000.0,1000000.0,1000000.0,1000000.0,1000000.0,1000000.0,1000000.0,1000000.0,1000000.0,1000000.0,1000000.0,1000000.0,1000000.0,1000000.0,1000000.0,1000000.0,1000000.0,1000000.0,1000000.0,1000000.0,1000000.0,1000000.0,1000000.0,1000000.0,1000000.0,1000000.0,1000000.0,1000000.0,1000000.0,1000000.0,1000000.0,1000000.0,1000000.0,1000000.0,1000000.0,1000000.0,1000000.0,1000000.0,1000000.0,1000000.0,1000000.0,1000000.0,1000000.0,1000000.0,1000000.0,1000000.0,0.0,0.0,0.0,0.0,0.0,0.0,0.0,0.0,96.4552688690621,144.68290330359284,337.59344104171646,578.7316132143711,675.1868820834334,771.6421509524955,1350.373764166866,2073.7882806848356,3279.479141548107,4485.170002411382,6993.006993006999,9356.161080299,14420.062695924775,21123.70388232458,32457.197974439336,45092.83819628649,73498.91487822525,103110.68242102722,158861.82782734503,205401.49505666748,300024.1138172173,386255.12418615865,509187.36435977806,551724.1379310344,747914.1548107064,825946.4673257776,899927.6585483482,934169.2789968651,967542.8020255606,982107.547624789,992958.7653725585,995948.8787074994,998746.0815047021,999324.8131179166,999758.8618278273,999807.0894622619,999903.5447311308,999903.5447311308,1000000.0,1000000.0,1000000.0,1000000.0,1000000.0,1000000.0,1000000.0,1000000.0,1000000.0,1000000.0,1000000.0,1000000.0,1000000.0,1000000.0,1000000.0,1000000.0,1000000.0,1000000.0,0.0,0.0,0.0,0.0,0.0,0.0,0.0,0.0,0.0,0.0,0.0,0.0,0.0,0.0,0.0,0.0,0.0,0.0,0.0,0.0,0.0,0.0,0.0,0.0,0.0,0.0,0.0,0.0,0.0,0.0,0.0,0.0,0.0,48.22763443453082,144.68290330359284,289.36580660718624,482.27634434531,819.8697853870253,1302.1461297323344,1929.1053773812387,4002.8936580660734,6655.413551965274,12490.957318543524,19773.330118157683,37279.96141789247,58114.29949360983,104991.56016397393,151193.63395225455,250494.3332529539,353508.5604051121,504171.6903785869,602941.8857005063,754762.4789004099,842295.6353990836,925488.3047986495,958476.0067518688,987171.4492404147,995080.7812876777,998263.8051603568,999035.4473113093,999662.4065589582,999758.8618278273,999855.3170966964,1000000.0,0.0,0.0,0.0,0.0,0.0,0.0,0.0,0.0,0.0,0.0,0.0,0.0,0.0,0.0,0.0,0.0,0.0,0.0,0.0,0.0,0.0,0.0,0.0,0.0,0.0,0.0,0.0,0.0,0.0,0.0,0.0,0.0,0.0,0.0,0.0,0.0,0.0,0.0,0.0,0.0,0.0,0.0,0.0,0.0,0.0,0.0,0.0,0.0,0.0,0.0,0.0,0.0,0.0,0.0,0.0,0.0,0.0,0.0,0.0,0.0,0.0,0.0,0.0,1000000.0
FLINT,MAGNUM03,F,na,na,na,na,2025_03_11-15_02_56,na,5,73,Yes,1,na,289.36580660718624,4726.308174584083,0.0,8.0,40.0,62.5,,,,482.27634434531,8536.291294912036,0.0,8.0,40.0,62.5,30.0,20.0,13.0,26.0,13.0,10.0,22.0,7.0,7.0,15.0,2.0,6.0,8.0,-2.0,5.0,-2.0,-7.0,3.0,4.0,-4.0,4.0,0.0,30.0,30.0,50.0,50.0,63.0,0.0,26.0,34.0,47.0,53.0,63.0,0.0,22.0,37.0,44.0,56.0,63.0,3.0,18.0,39.0,41.0,57.0,63.0,5.0,13.0,41.0,39.0,58.0,63.0,8.0,6.0,43.0,36.0,60.0,63.0,6.0,10.0,42.0,38.0,59.0,63.0,12.0,0.0,47.0,0.0,62.0,34.0,63.0,63.0,0.42569408157441035,3.8960370414919097,3.118534048145494,0.0,30.0,160.0,980178.4422474077,985724.6202073788,992042.4403183024,994453.8220400289,997926.211719315,999180.1302146129,999662.4065589582,999758.8618278273,1000000.0,1000000.0,1000000.0,1000000.0,1000000.0,1000000.0,1000000.0,1000000.0,1000000.0,1000000.0,1000000.0,1000000.0,1000000.0,1000000.0,1000000.0,1000000.0,1000000.0,1000000.0,1000000.0,1000000.0,1000000.0,1000000.0,1000000.0,1000000.0,1000000.0,1000000.0,1000000.0,1000000.0,1000000.0,1000000.0,1000000.0,1000000.0,1000000.0,1000000.0,1000000.0,1000000.0,1000000.0,1000000.0,1000000.0,1000000.0,1000000.0,1000000.0,1000000.0,1000000.0,1000000.0,1000000.0,1000000.0,1000000.0,1000000.0,1000000.0,1000000.0,1000000.0,1000000.0,1000000.0,1000000.0,1000000.0,48.22763443453082,48.22763443453082,48.22763443453082,48.22763443453082,96.4552688690621,192.91053773812425,289.36580660718624,289.36580660718624,337.59344104171646,530.5039787798403,819.8697853870253,1061.0079575596806,1302.1461297323344,1784.4224740776426,2363.1540872920177,2700.747528333735,3761.755485893413,5256.812153363875,7668.193875090419,9307.933445864473,14227.15215818664,21654.207861104413,34434.530986255086,47986.49626235834,72244.99638292743,104268.14564745601,160839.1608391608,213262.599469496,298143.2360742705,394212.6838678562,509669.6407041235,540438.8714733543,740680.0096455269,817603.0865686038,894477.9358572462,929153.6050156739,963732.8189052327,981721.7265493127,991753.0745116952,995273.6918254159,998119.1222570533,999228.3578490474,999855.3170966964,999951.7723655654,999951.7723655654,1000000.0,1000000.0,1000000.0,1000000.0,1000000.0,1000000.0,1000000.0,1000000.0,1000000.0,1000000.0,1000000.0,1000000.0,1000000.0,1000000.0,1000000.0,1000000.0,1000000.0,1000000.0,1000000.0,0.0,0.0,0.0,0.0,0.0,0.0,0.0,0.0,0.0,0.0,0.0,0.0,0.0,0.0,0.0,0.0,0.0,0.0,0.0,0.0,0.0,0.0,0.0,0.0,0.0,0.0,0.0,0.0,0.0,0.0,0.0,0.0,0.0,0.0,48.22763443453082,192.91053773812425,289.36580660718624,385.82107547624787,1157.4632264287443,1832.650108512174,4147.576561369663,6703.6411863998055,13359.054738365065,21364.842054497214,38775.018085362906,66071.8591753075,117916.56619242819,170243.54955389444,264480.34723896784,368844.9481552929,525488.3047986496,623727.9961417892,759151.1936339523,848420.5449722691,930696.8893175789,963154.0872920182,986351.5794550277,994550.2773088979,998890.7644080058,999614.1789245236,999903.5447311308,1000000.0,1000000.0,1000000.0,0.0,0.0,0.0,0.0,0.0,0.0,0.0,0.0,0.0,0.0,0.0,0.0,0.0,0.0,0.0,0.0,0.0,0.0,0.0,0.0,0.0,0.0,0.0,0.0,0.0,0.0,0.0,0.0,0.0,0.0,0.0,0.0,0.0,0.0,0.0,0.0,0.0,0.0,0.0,0.0,0.0,0.0,0.0,0.0,0.0,0.0,0.0,0.0,0.0,0.0,0.0,0.0,0.0,0.0,0.0,0.0,0.0,0.0,0.0,0.0,0.0,0.0,0.0,1000000.0
FLINT,MAGNUM03,F,na,na,na,na,2025_03_11-15_02_56,na,5,74,Yes,1,na,96.4552688690621,2459.609356161182,0.0,9.666666666666666,40.0,62.5,,,,96.4552688690621,3761.7554858934636,0.0,9.666666666666666,40.0,62.5,30.0,20.0,13.0,27.0,15.0,10.0,22.0,7.0,7.0,18.0,4.0,6.0,12.0,0.0,5.0,6.0,-8.0,2.0,9.0,-3.0,4.0,0.0,30.0,30.0,50.0,50.0,63.0,0.0,27.0,33.0,48.0,53.0,63.0,0.0,22.0,37.0,44.0,56.0,63.0,2.0,20.0,38.0,42.0,57.0,63.0,4.0,16.0,40.0,40.0,58.0,63.0,7.0,13.0,46.0,38.0,61.0,63.0,6.0,15.0,42.0,39.0,59.0,63.0,9.0,0.0,63.0,6.0,62.0,36.0,63.0,63.0,0.3527158721247008,3.539760660149425,2.8237774691442774,0.0,30.0,160.0,986978.5387026767,990016.879672052,993923.318061249,995900.6510730648,998746.0815047021,999469.4960212201,999855.3170966964,999951.7723655654,1000000.0,1000000.0,1000000.0,1000000.0,1000000.0,1000000.0,1000000.0,1000000.0,1000000.0,1000000.0,1000000.0,1000000.0,1000000.0,1000000.0,1000000.0,1000000.0,1000000.0,1000000.0,1000000.0,1000000.0,1000000.0,1000000.0,1000000.0,1000000.0,1000000.0,1000000.0,1000000.0,1000000.0,1000000.0,1000000.0,1000000.0,1000000.0,1000000.0,1000000.0,1000000.0,1000000.0,1000000.0,1000000.0,1000000.0,1000000.0,1000000.0,1000000.0,1000000.0,1000000.0,1000000.0,1000000.0,1000000.0,1000000.0,1000000.0,1000000.0,1000000.0,1000000.0,1000000.0,1000000.0,1000000.0,1000000.0,0.0,0.0,0.0,0.0,0.0,0.0,48.22763443453082,48.22763443453082,48.22763443453082,48.22763443453082,48.22763443453082,48.22763443453082,144.68290330359284,337.59344104171646,482.27634434531,771.6421509524955,1880.8777429467057,2748.975162768264,4967.446346756688,6173.137207619962,9307.933445864473,15143.477212442745,25753.55678803953,36894.14034241622,59754.03906438391,89703.40004822763,146515.55341210516,195563.05763202315,283771.4010127803,384711.8398842537,514106.58307210036,570340.0048227634,764938.5097660959,841765.1314203038,916469.7371593923,947480.1061007957,974969.8577284784,988280.6848324089,995032.5536532432,997540.3906438388,999035.4473113093,999421.2683867855,999662.4065589582,999758.8618278273,999758.8618278273,999758.8618278273,999903.5447311308,999903.5447311308,999951.7723655654,999951.7723655654,999951.7723655654,999951.7723655654,1000000.0,1000000.0,1000000.0,1000000.0,1000000.0,1000000.0,1000000.0,1000000.0,1000000.0,1000000.0,1000000.0,1000000.0,0.0,0.0,0.0,0.0,0.0,0.0,0.0,0.0,0.0,0.0,0.0,0.0,0.0,0.0,0.0,0.0,0.0,0.0,0.0,0.0,0.0,0.0,0.0,0.0,0.0,0.0,0.0,0.0,0.0,0.0,0.0,0.0,0.0,0.0,0.0,0.0,96.4552688690621,192.91053773812425,385.82107547624787,675.1868820834334,1736.1948396431121,2845.4304316373314,6703.6411863998055,11622.859898721968,23535.085604051124,42006.26959247647,89317.57897275133,133156.49867374002,229901.1333494092,338268.6279238003,504123.4627441523,604244.0318302386,759585.242343863,858934.1692789968,940969.375452134,971304.5575114541,991704.8468772606,997443.9353749697,999180.1302146129,999565.9512900892,999855.3170966964,1000000.0,1000000.0,1000000.0,0.0,0.0,0.0,0.0,0.0,0.0,0.0,0.0,0.0,0.0,0.0,0.0,0.0,0.0,0.0,0.0,0.0,0.0,0.0,0.0,0.0,0.0,0.0,0.0,0.0,0.0,0.0,0.0,0.0,0.0,0.0,0.0,0.0,0.0,0.0,0.0,0.0,0.0,0.0,0.0,0.0,0.0,0.0,0.0,0.0,0.0,0.0,0.0,0.0,0.0,0.0,0.0,0.0,0.0,0.0,0.0,0.0,0.0,0.0,0.0,0.0,0.0,0.0,1000000.0
FLINT,MAGNUM03,F,na,na,na,na,2025_03_11-15_02_56,na,5,75,Yes,1,na,0.0,1929.1053773812387,48.22763443453082,10.0,40.0,0.0,,,,0.0,3424.1620448517565,48.22763443453082,10.0,40.0,0.0,30.0,20.0,13.0,27.0,15.0,10.0,22.0,8.0,8.0,16.0,4.0,6.0,11.0,0.0,5.0,6.0,-3.0,3.0,8.0,-2.0,4.0,0.0,30.0,30.0,50.0,50.0,63.0,0.0,27.0,33.0,48.0,53.0,63.0,0.0,22.0,36.0,44.0,55.0,63.0,3.0,19.0,38.0,42.0,57.0,63.0,5.0,16.0,40.0,40.0,58.0,63.0,7.0,13.0,41.0,38.0,60.0,63.0,6.0,14.0,41.0,39.0,59.0,63.0,10.0,0.0,44.0,10.0,63.0,34.0,63.0,0.0,0.4210216493161167,3.5417290109879445,2.8303186815897585,0.6186885949313036,30.0,160.0,978972.7513865444,985290.571497468,991656.6192428261,994791.4154810706,997685.0735471424,999228.3578490474,999855.3170966964,999951.7723655654,1000000.0,1000000.0,1000000.0,1000000.0,1000000.0,1000000.0,1000000.0,1000000.0,1000000.0,1000000.0,1000000.0,1000000.0,1000000.0,1000000.0,1000000.0,1000000.0,1000000.0,1000000.0,1000000.0,1000000.0,1000000.0,1000000.0,1000000.0,1000000.0,1000000.0,1000000.0,1000000.0,1000000.0,1000000.0,1000000.0,1000000.0,1000000.0,1000000.0,1000000.0,1000000.0,1000000.0,1000000.0,1000000.0,1000000.0,1000000.0,1000000.0,1000000.0,1000000.0,1000000.0,1000000.0,1000000.0,1000000.0,1000000.0,1000000.0,1000000.0,1000000.0,1000000.0,1000000.0,1000000.0,1000000.0,1000000.0,0.0,0.0,0.0,0.0,0.0,0.0,0.0,0.0,0.0,0.0,48.22763443453082,144.68290330359284,192.91053773812425,385.82107547624787,723.414516517964,916.3250542560885,1880.8777429467057,2990.1133349409165,5594.405594405593,7571.738606221362,11526.404629852897,17361.948396431144,27682.662165420767,40607.6681938751,66457.68025078368,99348.92693513376,154858.93416927903,210706.53484446587,304895.1048951048,403858.21075476246,529250.060284543,596672.2932240174,778828.0684832408,855702.9177718831,924089.7034000482,952978.0564263322,979599.7106341934,990643.8389197009,996575.8379551483,998504.9433325295,999276.585483482,999903.5447311308,999951.7723655654,999951.7723655654,1000000.0,1000000.0,1000000.0,1000000.0,1000000.0,1000000.0,1000000.0,1000000.0,1000000.0,1000000.0,1000000.0,1000000.0,1000000.0,1000000.0,1000000.0,1000000.0,1000000.0,1000000.0,1000000.0,1000000.0,0.0,0.0,0.0,0.0,0.0,0.0,0.0,0.0,0.0,0.0,0.0,0.0,0.0,0.0,0.0,0.0,0.0,0.0,0.0,0.0,0.0,0.0,0.0,0.0,0.0,0.0,0.0,0.0,0.0,0.0,0.0,0.0,0.0,0.0,48.22763443453082,144.68290330359284,144.68290330359284,192.91053773812425,530.5039787798403,868.0974198215577,1977.3330118157653,4147.576561369663,8295.15312273932,12973.233662888826,28261.393778635178,49867.374005305,98673.74005305047,155871.71449240416,252134.0728237279,368844.9481552929,530552.2064142753,642343.8630335182,787509.0426814564,880250.7836990594,949939.7154569568,977911.7434289848,993344.5864480347,998022.6669881842,999469.4960212201,999807.0894622619,999951.7723655654,999951.7723655654,999951.7723655654,1000000.0,96.4552688690621,96.4552688690621,96.4552688690621,96.4552688690621,96.4552688690621,96.4552688690621,96.4552688690621,96.4552688690621,96.4552688690621,96.4552688690621,96.4552688690621,96.4552688690621,96.4552688690621,96.4552688690621,96.4552688690621,96.4552688690621,96.4552688690621,96.4552688690621,96.4552688690621,96.4552688690621,96.4552688690621,96.4552688690621,96.4552688690621,96.4552688690621,96.4552688690621,96.4552688690621,96.4552688690621,96.4552688690621,96.4552688690621,96.4552688690621,96.4552688690621,96.4552688690621,96.4552688690621,96.4552688690621,96.4552688690621,96.4552688690621,96.4552688690621,96.4552688690621,96.4552688690621,96.4552688690621,96.4552688690621,96.4552688690621,96.4552688690621,96.4552688690621,96.4552688690621,96.4552688690621,96.4552688690621,96.4552688690621,96.4552688690621,96.4552688690621,96.4552688690621,96.4552688690621,96.4552688690621,96.4552688690621,96.4552688690621,96.4552688690621,96.4552688690621,96.4552688690621,96.4552688690621,96.4552688690621,96.4552688690621,96.4552688690621,96.4552688690621,1000000.0
FLINT,MAGNUM03,F,na,na,na,na,2025_03_11-15_02_56,na,5,76,Yes,1,na,289.36580660718624,3231.251507113677,0.0,8.0,40.0,61.5,,,,385.8210754763305,4774.535809018569,0.0,8.0,40.0,61.5,31.0,20.0,12.0,27.0,14.0,9.0,22.0,7.0,7.0,16.0,3.0,5.0,11.0,-1.0,4.0,2.0,-7.0,3.0,7.0,-3.0,3.0,0.0,31.0,31.0,51.0,51.0,63.0,0.0,27.0,34.0,48.0,54.0,63.0,0.0,22.0,37.0,44.0,56.0,63.0,3.0,19.0,39.0,42.0,58.0,63.0,5.0,16.0,41.0,40.0,59.0,63.0,6.0,8.0,44.0,37.0,60.0,63.0,5.0,12.0,42.0,39.0,60.0,63.0,8.0,0.0,54.0,0.0,61.0,34.0,63.0,62.0,0.39242711009866765,3.7508481780175162,3.1149533041800432,0.006944276993437237,30.0,160.0,978104.6539667229,985001.2056908607,992958.7653725585,995321.9194598505,998697.8538702676,999614.1789245236,999903.5447311308,999903.5447311308,1000000.0,1000000.0,1000000.0,1000000.0,1000000.0,1000000.0,1000000.0,1000000.0,1000000.0,1000000.0,1000000.0,1000000.0,1000000.0,1000000.0,1000000.0,1000000.0,1000000.0,1000000.0,1000000.0,1000000.0,1000000.0,1000000.0,1000000.0,1000000.0,1000000.0,1000000.0,1000000.0,1000000.0,1000000.0,1000000.0,1000000.0,1000000.0,1000000.0,1000000.0,1000000.0,1000000.0,1000000.0,1000000.0,1000000.0,1000000.0,1000000.0,1000000.0,1000000.0,1000000.0,1000000.0,1000000.0,1000000.0,1000000.0,1000000.0,1000000.0,1000000.0,1000000.0,1000000.0,1000000.0,1000000.0,1000000.0,48.22763443453082,48.22763443453082,48.22763443453082,96.4552688690621,96.4552688690621,96.4552688690621,144.68290330359284,144.68290330359284,337.59344104171646,337.59344104171646,337.59344104171646,337.59344104171646,578.7316132143711,675.1868820834334,819.8697853870253,1205.690860863273,1977.3330118157653,2604.2922594646707,4099.348926935128,6269.592476489024,10465.39667229322,16783.21678321678,27875.572703158876,42922.5946467326,65155.53412105128,96117.67542802019,148975.16276826622,201687.96720520855,280636.6047745358,372076.19966240646,488642.3920906679,524089.70340004825,728381.9628647214,811622.8598987219,891102.001446829,929008.9221123703,963057.6320231492,981769.9541837473,992765.8548348203,996768.7484928863,998697.8538702676,999517.7236556546,999758.8618278273,999855.3170966964,999903.5447311308,999951.7723655654,1000000.0,1000000.0,1000000.0,1000000.0,1000000.0,1000000.0,1000000.0,1000000.0,1000000.0,1000000.0,1000000.0,1000000.0,1000000.0,1000000.0,1000000.0,1000000.0,1000000.0,1000000.0,0.0,0.0,0.0,0.0,0.0,0.0,0.0,0.0,0.0,0.0,0.0,0.0,0.0,0.0,0.0,0.0,0.0,0.0,0.0,0.0,0.0,0.0,0.0,0.0,0.0,0.0,0.0,0.0,0.0,0.0,0.0,0.0,0.0,0.0,48.22763443453082,48.22763443453082,192.91053773812425,241.13817217265407,530.5039787798403,819.8697853870253,1736.1948396431121,3520.617313720762,8777.42946708464,14902.339040270084,29418.857005063877,51507.11357607905,98963.10585965756,149939.71545695688,238630.3351820593,342319.7492163009,487147.3354231975,583747.287195563,715939.2331806124,814661.2008680974,904075.2351097177,949071.6180371352,979406.8000964551,991849.5297805641,997492.1630094043,999180.1302146129,999903.5447311308,1000000.0,1000000.0,1000000.0,0.0,0.0,0.0,0.0,0.0,0.0,0.0,0.0,0.0,0.0,0.0,0.0,0.0,0.0,0.0,0.0,0.0,0.0,0.0,0.0,0.0,0.0,0.0,0.0,0.0,0.0,0.0,0.0,0.0,0.0,0.0,0.0,0.0,0.0,0.0,0.0,0.0,0.0,0.0,0.0,0.0,0.0,0.0,0.0,0.0,0.0,0.0,0.0,0.0,0.0,0.0,0.0,0.0,0.0,0.0,0.0,0.0,0.0,0.0,0.0,0.0,0.0,48.22763443453082,1000000.0
FLINT,MAGNUM03,F,na,na,na,na,2025_03_11-15_02_56,na,5,77,Yes,1,na,1000000.0,1000000.0,1000000.0,0.0,0.0,0.0,,,,1000000.0,1000000.0,1000000.0,0.0,0.0,0.0,0.0,0.0,0.0,0.0,0.0,0.0,0.0,0.0,0.0,0.0,0.0,0.0,0.0,0.0,0.0,0.0,0.0,0.0,0.0,0.0,0.0,0.0,0.0,0.0,0.0,0.0,0.0,0.0,0.0,0.0,0.0,0.0,0.0,0.0,0.0,0.0,0.0,0.0,0.0,0.0,0.0,0.0,0.0,0.0,0.0,0.0,0.0,0.0,0.0,0.0,0.0,0.0,0.0,0.0,0.0,0.0,0.0,0.0,0.0,0.0,0.0,0.0,0.0,0.0,0.0,0.0,0.0,0.0,0.0,0.0,0.0,0.0,0.0,0.0,0.0,30.0,160.0,1000000.0,1000000.0,1000000.0,1000000.0,1000000.0,1000000.0,1000000.0,1000000.0,1000000.0,1000000.0,1000000.0,1000000.0,1000000.0,1000000.0,1000000.0,1000000.0,1000000.0,1000000.0,1000000.0,1000000.0,1000000.0,1000000.0,1000000.0,1000000.0,1000000.0,1000000.0,1000000.0,1000000.0,1000000.0,1000000.0,1000000.0,1000000.0,1000000.0,1000000.0,1000000.0,1000000.0,1000000.0,1000000.0,1000000.0,1000000.0,1000000.0,1000000.0,1000000.0,1000000.0,1000000.0,1000000.0,1000000.0,1000000.0,1000000.0,1000000.0,1000000.0,1000000.0,1000000.0,1000000.0,1000000.0,1000000.0,1000000.0,1000000.0,1000000.0,1000000.0,1000000.0,1000000.0,1000000.0,1000000.0,1000000.0,1000000.0,1000000.0,1000000.0,1000000.0,1000000.0,1000000.0,1000000.0,1000000.0,1000000.0,1000000.0,1000000.0,1000000.0,1000000.0,1000000.0,1000000.0,1000000.0,1000000.0,1000000.0,1000000.0,1000000.0,1000000.0,1000000.0,1000000.0,1000000.0,1000000.0,1000000.0,1000000.0,1000000.0,1000000.0,1000000.0,1000000.0,1000000.0,1000000.0,1000000.0,1000000.0,1000000.0,1000000.0,1000000.0,1000000.0,1000000.0,1000000.0,1000000.0,1000000.0,1000000.0,1000000.0,1000000.0,1000000.0,1000000.0,1000000.0,1000000.0,1000000.0,1000000.0,1000000.0,1000000.0,1000000.0,1000000.0,1000000.0,1000000.0,1000000.0,1000000.0,1000000.0,1000000.0,1000000.0,1000000.0,1000000.0,1000000.0,1000000.0,1000000.0,1000000.0,1000000.0,1000000.0,1000000.0,1000000.0,1000000.0,1000000.0,1000000.0,1000000.0,1000000.0,1000000.0,1000000.0,1000000.0,1000000.0,1000000.0,1000000.0,1000000.0,1000000.0,1000000.0,1000000.0,1000000.0,1000000.0,1000000.0,1000000.0,1000000.0,1000000.0,1000000.0,1000000.0,1000000.0,1000000.0,1000000.0,1000000.0,1000000.0,1000000.0,1000000.0,1000000.0,1000000.0,1000000.0,1000000.0,1000000.0,1000000.0,1000000.0,1000000.0,1000000.0,1000000.0,1000000.0,1000000.0,1000000.0,1000000.0,1000000.0,1000000.0,1000000.0,1000000.0,1000000.0,1000000.0,1000000.0,1000000.0,1000000.0,1000000.0,1000000.0,1000000.0,1000000.0,1000000.0,1000000.0,1000000.0,1000000.0,1000000.0,1000000.0,1000000.0,1000000.0,1000000.0,1000000.0,1000000.0,1000000.0,1000000.0,1000000.0,1000000.0,1000000.0,1000000.0,1000000.0,1000000.0,1000000.0,1000000.0,1000000.0,1000000.0,1000000.0,1000000.0,1000000.0,1000000.0,1000000.0,1000000.0,1000000.0,1000000.0,1000000.0,1000000.0,1000000.0,1000000.0,1000000.0,1000000.0,1000000.0,1000000.0,1000000.0,1000000.0,1000000.0,1000000.0,1000000.0,1000000.0,1000000.0,1000000.0,1000000.0,1000000.0,1000000.0,1000000.0,1000000.0,1000000.0,1000000.0,1000000.0,1000000.0,1000000.0,1000000.0,1000000.0,1000000.0,1000000.0
