STEPPING,TESTER,SOCKET,BASE_REV,RUN_NAME,CURRENT_COMMIT,CURRENT_COMMIT_DATE,TEST_START_DATETIME,DIE_ID,MACRO,IO,ADC_CAL,TEST_SEQUENCE,TEST_NAME,LEVEL_01_XPOINT_PPM,LEVEL_12_XPOINT_PPM,LEVEL_23_XPOINT_PPM,LEVEL_01_XPOINT_ADC,LEVEL_12_XPOINT_ADC,LEVEL_23_XPOINT_ADC,LEVEL_01_XPOINT_EXT_PPM,LEVEL_12_XPOINT_EXT_PPM,LEVEL_23_XPOINT_EXT_PPM,LEVEL_01_XPOINT_SUM_PPM,LEVEL_12_XPOINT_SUM_PPM,LEVEL_23_XPOINT_SUM_PPM,LEVEL_01_XPOINT_SUM_ADC,LEVEL_12_XPOINT_SUM_ADC,LEVEL_23_XPOINT_SUM_ADC,LEVEL_01_0SIGMA_ADCRWB,LEVEL_12_0SIGMA_ADCRWB,LEVEL_23_0SIGMA_ADCRWB,LEVEL_01_M1SIGMA_ADCRWB,LEVEL_12_M1SIGMA_ADCRWB,LEVEL_23_M1SIGMA_ADCRWB,LEVEL_01_M2SIGMA_ADCRWB,LEVEL_12_M2SIGMA_ADCRWB,LEVEL_23_M2SIGMA_ADCRWB,LEVEL_01_M2P5SIGMA_ADCRWB,LEVEL_12_M2P5SIGMA_ADCRWB,LEVEL_23_M2P5SIGMA_ADCRWB,LEVEL_01_M3SIGMA_ADCRWB,LEVEL_12_M3SIGMA_ADCRWB,LEVEL_23_M3SIGMA_ADCRWB,LEVEL_01_170PPM_ADCRWB,LEVEL_12_170PPM_ADCRWB,LEVEL_23_170PPM_ADCRWB,LEVEL_01_500PPM_ADCRWB,LEVEL_12_500PPM_ADCRWB,LEVEL_23_500PPM_ADCRWB,LEVEL_01_0_0SIGMA_ADC,LEVEL_01_1_0SIGMA_ADC,LEVEL_12_1_0SIGMA_ADC,LEVEL_12_2_0SIGMA_ADC,LEVEL_23_2_0SIGMA_ADC,LEVEL_23_3_0SIGMA_ADC,LEVEL_01_0_M1SIGMA_ADC,LEVEL_01_1_M1SIGMA_ADC,LEVEL_12_1_M1SIGMA_ADC,LEVEL_12_2_M1SIGMA_ADC,LEVEL_23_2_M1SIGMA_ADC,LEVEL_23_3_M1SIGMA_ADC,LEVEL_01_0_M2SIGMA_ADC,LEVEL_01_1_M2SIGMA_ADC,LEVEL_12_1_M2SIGMA_ADC,LEVEL_12_2_M2SIGMA_ADC,LEVEL_23_2_M2SIGMA_ADC,LEVEL_23_3_M2SIGMA_ADC,LEVEL_01_0_M2P5SIGMA_ADC,LEVEL_01_1_M2P5SIGMA_ADC,LEVEL_12_1_M2P5SIGMA_ADC,LEVEL_12_2_M2P5SIGMA_ADC,LEVEL_23_2_M2P5SIGMA_ADC,LEVEL_23_3_M2P5SIGMA_ADC,LEVEL_01_0_M3SIGMA_ADC,LEVEL_01_1_M3SIGMA_ADC,LEVEL_12_1_M3SIGMA_ADC,LEVEL_12_2_M3SIGMA_ADC,LEVEL_23_2_M3SIGMA_ADC,LEVEL_23_3_M3SIGMA_ADC,LEVEL_01_0_170PPM_ADC,LEVEL_01_1_170PPM_ADC,LEVEL_12_1_170PPM_ADC,LEVEL_12_2_170PPM_ADC,LEVEL_23_2_170PPM_ADC,LEVEL_23_3_170PPM_ADC,LEVEL_01_0_500PPM_ADC,LEVEL_01_1_500PPM_ADC,LEVEL_12_1_500PPM_ADC,LEVEL_12_2_500PPM_ADC,LEVEL_23_2_500PPM_ADC,LEVEL_23_3_500PPM_ADC,LEVEL_0_MAXADC,LEVEL_0_MINADC,LEVEL_1_MAXADC,LEVEL_1_MINADC,LEVEL_2_MAXADC,LEVEL_2_MINADC,LEVEL_3_MAXADC,LEVEL_3_MINADC,LEVEL_0_DISTSIGMA,LEVEL_1_DISTSIGMA,LEVEL_2_DISTSIGMA,LEVEL_3_DISTSIGMA,ADC_0_COND_US,ADC_63_COND_US,LEVEL_0_0ADC_PPM,LEVEL_0_1ADC_PPM,LEVEL_0_2ADC_PPM,LEVEL_0_3ADC_PPM,LEVEL_0_4ADC_PPM,LEVEL_0_5ADC_PPM,LEVEL_0_6ADC_PPM,LEVEL_0_7ADC_PPM,LEVEL_0_8ADC_PPM,LEVEL_0_9ADC_PPM,LEVEL_0_10ADC_PPM,LEVEL_0_11ADC_PPM,LEVEL_0_12ADC_PPM,LEVEL_0_13ADC_PPM,LEVEL_0_14ADC_PPM,LEVEL_0_15ADC_PPM,LEVEL_0_16ADC_PPM,LEVEL_0_17ADC_PPM,LEVEL_0_18ADC_PPM,LEVEL_0_19ADC_PPM,LEVEL_0_20ADC_PPM,LEVEL_0_21ADC_PPM,LEVEL_0_22ADC_PPM,LEVEL_0_23ADC_PPM,LEVEL_0_24ADC_PPM,LEVEL_0_25ADC_PPM,LEVEL_0_26ADC_PPM,LEVEL_0_27ADC_PPM,LEVEL_0_28ADC_PPM,LEVEL_0_29ADC_PPM,LEVEL_0_30ADC_PPM,LEVEL_0_31ADC_PPM,LEVEL_0_32ADC_PPM,LEVEL_0_33ADC_PPM,LEVEL_0_34ADC_PPM,LEVEL_0_35ADC_PPM,LEVEL_0_36ADC_PPM,LEVEL_0_37ADC_PPM,LEVEL_0_38ADC_PPM,LEVEL_0_39ADC_PPM,LEVEL_0_40ADC_PPM,LEVEL_0_41ADC_PPM,LEVEL_0_42ADC_PPM,LEVEL_0_43ADC_PPM,LEVEL_0_44ADC_PPM,LEVEL_0_45ADC_PPM,LEVEL_0_46ADC_PPM,LEVEL_0_47ADC_PPM,LEVEL_0_48ADC_PPM,LEVEL_0_49ADC_PPM,LEVEL_0_50ADC_PPM,LEVEL_0_51ADC_PPM,LEVEL_0_52ADC_PPM,LEVEL_0_53ADC_PPM,LEVEL_0_54ADC_PPM,LEVEL_0_55ADC_PPM,LEVEL_0_56ADC_PPM,LEVEL_0_57ADC_PPM,LEVEL_0_58ADC_PPM,LEVEL_0_59ADC_PPM,LEVEL_0_60ADC_PPM,LEVEL_0_61ADC_PPM,LEVEL_0_62ADC_PPM,LEVEL_0_63ADC_PPM,LEVEL_1_0ADC_PPM,LEVEL_1_1ADC_PPM,LEVEL_1_2ADC_PPM,LEVEL_1_3ADC_PPM,LEVEL_1_4ADC_PPM,LEVEL_1_5ADC_PPM,LEVEL_1_6ADC_PPM,LEVEL_1_7ADC_PPM,LEVEL_1_8ADC_PPM,LEVEL_1_9ADC_PPM,LEVEL_1_10ADC_PPM,LEVEL_1_11ADC_PPM,LEVEL_1_12ADC_PPM,LEVEL_1_13ADC_PPM,LEVEL_1_14ADC_PPM,LEVEL_1_15ADC_PPM,LEVEL_1_16ADC_PPM,LEVEL_1_17ADC_PPM,LEVEL_1_18ADC_PPM,LEVEL_1_19ADC_PPM,LEVEL_1_20ADC_PPM,LEVEL_1_21ADC_PPM,LEVEL_1_22ADC_PPM,LEVEL_1_23ADC_PPM,LEVEL_1_24ADC_PPM,LEVEL_1_25ADC_PPM,LEVEL_1_26ADC_PPM,LEVEL_1_27ADC_PPM,LEVEL_1_28ADC_PPM,LEVEL_1_29ADC_PPM,LEVEL_1_30ADC_PPM,LEVEL_1_31ADC_PPM,LEVEL_1_32ADC_PPM,LEVEL_1_33ADC_PPM,LEVEL_1_34ADC_PPM,LEVEL_1_35ADC_PPM,LEVEL_1_36ADC_PPM,LEVEL_1_37ADC_PPM,LEVEL_1_38ADC_PPM,LEVEL_1_39ADC_PPM,LEVEL_1_40ADC_PPM,LEVEL_1_41ADC_PPM,LEVEL_1_42ADC_PPM,LEVEL_1_43ADC_PPM,LEVEL_1_44ADC_PPM,LEVEL_1_45ADC_PPM,LEVEL_1_46ADC_PPM,LEVEL_1_47ADC_PPM,LEVEL_1_48ADC_PPM,LEVEL_1_49ADC_PPM,LEVEL_1_50ADC_PPM,LEVEL_1_51ADC_PPM,LEVEL_1_52ADC_PPM,LEVEL_1_53ADC_PPM,LEVEL_1_54ADC_PPM,LEVEL_1_55ADC_PPM,LEVEL_1_56ADC_PPM,LEVEL_1_57ADC_PPM,LEVEL_1_58ADC_PPM,LEVEL_1_59ADC_PPM,LEVEL_1_60ADC_PPM,LEVEL_1_61ADC_PPM,LEVEL_1_62ADC_PPM,LEVEL_1_63ADC_PPM,LEVEL_2_0ADC_PPM,LEVEL_2_1ADC_PPM,LEVEL_2_2ADC_PPM,LEVEL_2_3ADC_PPM,LEVEL_2_4ADC_PPM,LEVEL_2_5ADC_PPM,LEVEL_2_6ADC_PPM,LEVEL_2_7ADC_PPM,LEVEL_2_8ADC_PPM,LEVEL_2_9ADC_PPM,LEVEL_2_10ADC_PPM,LEVEL_2_11ADC_PPM,LEVEL_2_12ADC_PPM,LEVEL_2_13ADC_PPM,LEVEL_2_14ADC_PPM,LEVEL_2_15ADC_PPM,LEVEL_2_16ADC_PPM,LEVEL_2_17ADC_PPM,LEVEL_2_18ADC_PPM,LEVEL_2_19ADC_PPM,LEVEL_2_20ADC_PPM,LEVEL_2_21ADC_PPM,LEVEL_2_22ADC_PPM,LEVEL_2_23ADC_PPM,LEVEL_2_24ADC_PPM,LEVEL_2_25ADC_PPM,LEVEL_2_26ADC_PPM,LEVEL_2_27ADC_PPM,LEVEL_2_28ADC_PPM,LEVEL_2_29ADC_PPM,LEVEL_2_30ADC_PPM,LEVEL_2_31ADC_PPM,LEVEL_2_32ADC_PPM,LEVEL_2_33ADC_PPM,LEVEL_2_34ADC_PPM,LEVEL_2_35ADC_PPM,LEVEL_2_36ADC_PPM,LEVEL_2_37ADC_PPM,LEVEL_2_38ADC_PPM,LEVEL_2_39ADC_PPM,LEVEL_2_40ADC_PPM,LEVEL_2_41ADC_PPM,LEVEL_2_42ADC_PPM,LEVEL_2_43ADC_PPM,LEVEL_2_44ADC_PPM,LEVEL_2_45ADC_PPM,LEVEL_2_46ADC_PPM,LEVEL_2_47ADC_PPM,LEVEL_2_48ADC_PPM,LEVEL_2_49ADC_PPM,LEVEL_2_50ADC_PPM,LEVEL_2_51ADC_PPM,LEVEL_2_52ADC_PPM,LEVEL_2_53ADC_PPM,LEVEL_2_54ADC_PPM,LEVEL_2_55ADC_PPM,LEVEL_2_56ADC_PPM,LEVEL_2_57ADC_PPM,LEVEL_2_58ADC_PPM,LEVEL_2_59ADC_PPM,LEVEL_2_60ADC_PPM,LEVEL_2_61ADC_PPM,LEVEL_2_62ADC_PPM,LEVEL_2_63ADC_PPM,LEVEL_3_0ADC_PPM,LEVEL_3_1ADC_PPM,LEVEL_3_2ADC_PPM,LEVEL_3_3ADC_PPM,LEVEL_3_4ADC_PPM,LEVEL_3_5ADC_PPM,LEVEL_3_6ADC_PPM,LEVEL_3_7ADC_PPM,LEVEL_3_8ADC_PPM,LEVEL_3_9ADC_PPM,LEVEL_3_10ADC_PPM,LEVEL_3_11ADC_PPM,LEVEL_3_12ADC_PPM,LEVEL_3_13ADC_PPM,LEVEL_3_14ADC_PPM,LEVEL_3_15ADC_PPM,LEVEL_3_16ADC_PPM,LEVEL_3_17ADC_PPM,LEVEL_3_18ADC_PPM,LEVEL_3_19ADC_PPM,LEVEL_3_20ADC_PPM,LEVEL_3_21ADC_PPM,LEVEL_3_22ADC_PPM,LEVEL_3_23ADC_PPM,LEVEL_3_24ADC_PPM,LEVEL_3_25ADC_PPM,LEVEL_3_26ADC_PPM,LEVEL_3_27ADC_PPM,LEVEL_3_28ADC_PPM,LEVEL_3_29ADC_PPM,LEVEL_3_30ADC_PPM,LEVEL_3_31ADC_PPM,LEVEL_3_32ADC_PPM,LEVEL_3_33ADC_PPM,LEVEL_3_34ADC_PPM,LEVEL_3_35ADC_PPM,LEVEL_3_36ADC_PPM,LEVEL_3_37ADC_PPM,LEVEL_3_38ADC_PPM,LEVEL_3_39ADC_PPM,LEVEL_3_40ADC_PPM,LEVEL_3_41ADC_PPM,LEVEL_3_42ADC_PPM,LEVEL_3_43ADC_PPM,LEVEL_3_44ADC_PPM,LEVEL_3_45ADC_PPM,LEVEL_3_46ADC_PPM,LEVEL_3_47ADC_PPM,LEVEL_3_48ADC_PPM,LEVEL_3_49ADC_PPM,LEVEL_3_50ADC_PPM,LEVEL_3_51ADC_PPM,LEVEL_3_52ADC_PPM,LEVEL_3_53ADC_PPM,LEVEL_3_54ADC_PPM,LEVEL_3_55ADC_PPM,LEVEL_3_56ADC_PPM,LEVEL_3_57ADC_PPM,LEVEL_3_58ADC_PPM,LEVEL_3_59ADC_PPM,LEVEL_3_60ADC_PPM,LEVEL_3_61ADC_PPM,LEVEL_3_62ADC_PPM,LEVEL_3_63ADC_PPM
FLINT,MAGNUM03,F,na,na,na,na,2025_03_11-15_02_56,na,0,0,Yes,1,na,675.1868820834334,4581.625271280471,1784.4224740777295,15.0,45.0,62.0,,,,675.1868820834334,5642.633228840162,2025.5606462503233,15.0,45.0,62.0,32.0,21.0,10.0,29.0,16.0,9.0,25.0,11.0,7.0,18.0,6.0,6.0,-12.0,-19.0,0.0,-48.0,-22.0,-1.0,-39.0,-21.0,-1.0,0.0,32.0,32.0,53.0,53.0,63.0,0.0,29.0,34.0,50.0,54.0,63.0,0.0,25.0,37.0,48.0,56.0,63.0,4.0,22.0,40.0,46.0,57.0,63.0,29.0,17.0,63.0,44.0,63.0,63.0,56.0,8.0,63.0,41.0,63.0,62.0,53.0,14.0,63.0,42.0,63.0,62.0,63.0,0.0,63.0,1.0,63.0,36.0,63.0,61.0,1.904428684907931,3.429206336099514,2.0155387012034773,0.032560762731790024,30.0,160.0,987509.0426814564,989872.1967687485,992524.7166626477,993441.0417169037,995900.6510730648,996913.43139619,997395.7077405354,997540.3906438388,997685.0735471424,997733.301181577,997926.211719315,998022.6669881842,998167.3498914879,998215.5775259222,998263.8051603568,998263.8051603568,998312.0327947914,998312.0327947914,998360.2604292259,998408.4880636605,998456.7156980949,998456.7156980949,998504.9433325295,998553.1709669641,998553.1709669641,998601.3986013986,998601.3986013986,998649.626235833,998697.8538702676,998746.0815047021,998794.3091391367,998842.5367735712,998842.5367735712,998842.5367735712,998842.5367735712,998890.7644080058,998890.7644080058,998890.7644080058,998987.2196768748,999035.4473113093,999035.4473113093,999035.4473113093,999035.4473113093,999035.4473113093,999083.6749457439,999131.9025801783,999180.1302146129,999180.1302146129,999276.585483482,999324.8131179166,999324.8131179166,999373.040752351,999517.7236556546,999662.4065589582,999662.4065589582,999807.0894622619,999903.5447311308,999951.7723655654,999951.7723655654,999951.7723655654,999951.7723655654,999951.7723655654,1000000.0,1000000.0,0.0,96.4552688690621,96.4552688690621,96.4552688690621,144.68290330359284,144.68290330359284,144.68290330359284,192.91053773812425,241.13817217265407,241.13817217265407,337.59344104171646,337.59344104171646,434.04870991077877,482.27634434531,675.1868820834334,723.414516517964,1157.4632264287443,1736.1948396431121,2700.747528333735,3134.7962382445157,4629.85290571497,5739.088497709187,9066.795273691821,11960.453339763686,19918.0130214613,27827.345068724364,46105.61851941157,66216.54207861106,118254.15963346991,185290.57149746807,303592.9587653725,384374.2464432119,630286.9544248855,753460.3327706776,879045.0928381962,931757.8972751385,971786.8338557993,984711.8398842536,990933.2047263081,993344.5864480347,994694.9602122015,994887.8707499397,995129.0089221123,995321.9194598505,995418.3747287195,995466.602363154,995514.8299975885,995707.7405353268,995948.8787074994,995948.8787074994,996045.3339763684,996141.7892452375,996334.6997829756,996431.1550518447,996479.3826862792,996527.6103207137,996768.7484928863,996961.6590306245,997202.7972027971,997395.7077405354,997540.3906438388,997636.845912708,997926.211719315,1000000.0,0.0,0.0,0.0,0.0,0.0,0.0,0.0,0.0,0.0,0.0,0.0,0.0,0.0,0.0,0.0,0.0,0.0,0.0,0.0,0.0,0.0,0.0,0.0,0.0,0.0,0.0,0.0,0.0,0.0,0.0,0.0,0.0,0.0,0.0,0.0,0.0,48.22763443453082,96.4552688690621,96.4552688690621,144.68290330359284,192.91053773812425,385.82107547624787,578.7316132143711,964.5526886906189,1687.967205208584,3183.023872679041,7378.82806848324,14275.379792621161,36845.91270798169,75186.8820834338,174584.03665300214,272003.8582107547,496117.6754280202,694960.2122015915,903496.5034965035,961851.9411622859,992572.9442970823,996141.7892452375,997540.3906438388,997781.5288160116,998022.6669881842,998215.5775259222,998456.7156980949,1000000.0,0.0,0.0,0.0,0.0,0.0,0.0,0.0,0.0,0.0,0.0,0.0,0.0,0.0,0.0,0.0,0.0,0.0,0.0,0.0,0.0,0.0,0.0,0.0,0.0,0.0,0.0,0.0,0.0,0.0,0.0,0.0,0.0,0.0,0.0,0.0,0.0,0.0,0.0,0.0,0.0,0.0,0.0,0.0,0.0,0.0,0.0,0.0,0.0,0.0,0.0,0.0,0.0,0.0,0.0,0.0,0.0,0.0,0.0,0.0,0.0,0.0,96.4552688690621,771.6421509524955,1000000.0
FLINT,MAGNUM03,F,na,na,na,na,2025_03_11-15_02_56,na,0,1,Yes,1,na,48.22763443453082,578.7316132143711,385.8210754763569,11.0,42.0,62.0,,,,48.22763443453082,916.3250542560885,385.8210754763569,11.0,42.0,62.0,32.0,20.0,11.0,29.0,16.0,9.0,25.0,11.0,7.0,22.0,8.0,6.0,15.0,4.0,4.0,-11.0,-7.0,0.0,3.0,0.0,2.0,0.0,32.0,32.0,52.0,52.0,63.0,0.0,29.0,34.0,50.0,54.0,63.0,0.0,25.0,37.0,48.0,56.0,63.0,0.0,22.0,38.0,46.0,57.0,63.0,4.0,19.0,40.0,44.0,59.0,63.0,26.0,15.0,47.0,40.0,63.0,63.0,14.0,17.0,42.0,42.0,61.0,63.0,63.0,0.0,63.0,4.0,63.0,34.0,63.0,62.0,0.8874137317486597,2.801716224583687,2.071263240299762,0.006944276993437237,30.0,160.0,996286.472148541,996865.2037617555,997733.301181577,998167.3498914879,998794.3091391367,999035.4473113093,999131.9025801783,999228.3578490474,999324.8131179166,999421.2683867855,999421.2683867855,999421.2683867855,999517.7236556546,999517.7236556546,999565.9512900892,999565.9512900892,999614.1789245236,999662.4065589582,999710.6341933928,999710.6341933928,999710.6341933928,999710.6341933928,999855.3170966964,999855.3170966964,999855.3170966964,999855.3170966964,999903.5447311308,999903.5447311308,999903.5447311308,999903.5447311308,999903.5447311308,999903.5447311308,999903.5447311308,999903.5447311308,999903.5447311308,999903.5447311308,999903.5447311308,999903.5447311308,999903.5447311308,999903.5447311308,999903.5447311308,999903.5447311308,999903.5447311308,999903.5447311308,999903.5447311308,999903.5447311308,999903.5447311308,999903.5447311308,999903.5447311308,999903.5447311308,999903.5447311308,999903.5447311308,999903.5447311308,999903.5447311308,999903.5447311308,999903.5447311308,999903.5447311308,999903.5447311308,999903.5447311308,999903.5447311308,999903.5447311308,999903.5447311308,999903.5447311308,1000000.0,0.0,0.0,0.0,0.0,48.22763443453082,48.22763443453082,48.22763443453082,48.22763443453082,48.22763443453082,48.22763443453082,48.22763443453082,96.4552688690621,96.4552688690621,96.4552688690621,192.91053773812425,289.36580660718624,482.27634434531,771.6421509524955,1205.690860863273,1543.2843019049903,2507.836990595609,3713.527851458888,6848.3240897033975,9307.933445864473,16590.30624547866,23969.134313961884,43694.23679768507,64817.94068000965,114154.81070653483,184711.83988425366,300506.39016156254,340004.82276344346,619146.3708705087,753701.4709428502,881601.1574632264,933879.913190258,973137.2076199661,988184.22956354,995225.4641909814,997781.5288160116,999228.3578490474,999469.4960212201,999807.0894622619,999807.0894622619,999807.0894622619,999855.3170966964,999855.3170966964,999903.5447311308,999903.5447311308,999903.5447311308,999903.5447311308,999903.5447311308,1000000.0,1000000.0,1000000.0,1000000.0,1000000.0,1000000.0,1000000.0,1000000.0,1000000.0,1000000.0,1000000.0,1000000.0,0.0,0.0,0.0,0.0,0.0,0.0,0.0,0.0,0.0,0.0,0.0,0.0,0.0,0.0,0.0,0.0,0.0,0.0,0.0,0.0,0.0,0.0,0.0,0.0,0.0,0.0,0.0,0.0,0.0,0.0,0.0,0.0,0.0,0.0,48.22763443453082,48.22763443453082,48.22763443453082,48.22763443453082,144.68290330359284,192.91053773812425,289.36580660718624,289.36580660718624,626.959247648901,964.5526886906189,1832.650108512174,3617.07258258982,9259.705811429942,16252.71280443696,42922.5946467326,86423.9209066795,191126.11526404633,293127.5620930793,500602.84543043165,698818.422956354,892211.2370388231,957897.2751386545,990643.8389197009,996720.5208584518,998649.626235833,999131.9025801783,999517.7236556546,999614.1789245236,999710.6341933928,1000000.0,0.0,0.0,0.0,0.0,0.0,0.0,0.0,0.0,0.0,0.0,0.0,0.0,0.0,0.0,0.0,0.0,0.0,0.0,0.0,0.0,0.0,0.0,0.0,0.0,0.0,0.0,0.0,0.0,0.0,0.0,0.0,0.0,0.0,0.0,0.0,0.0,0.0,0.0,0.0,0.0,0.0,0.0,0.0,0.0,0.0,0.0,0.0,0.0,0.0,0.0,0.0,0.0,0.0,0.0,0.0,0.0,0.0,0.0,0.0,0.0,0.0,0.0,48.22763443453082,1000000.0
FLINT,MAGNUM03,F,na,na,na,na,2025_03_11-15_02_56,na,0,2,Yes,1,na,192.91053773812425,1543.2843019049903,434.0487099108167,10.0,42.0,62.0,,,,192.91053773812425,2990.113334940934,434.0487099108167,10.0,42.0,62.0,32.0,20.0,11.0,29.0,16.0,9.0,24.0,10.0,7.0,21.0,6.0,6.0,14.0,0.0,4.0,-20.0,-25.0,0.0,4.0,-14.0,2.0,0.0,32.0,32.0,52.0,52.0,63.0,0.0,29.0,34.0,50.0,54.0,63.0,0.0,24.0,37.0,47.0,56.0,63.0,0.0,21.0,39.0,45.0,57.0,63.0,4.0,18.0,42.0,42.0,59.0,63.0,30.0,10.0,63.0,38.0,63.0,63.0,11.0,15.0,54.0,40.0,61.0,63.0,63.0,0.0,63.0,0.0,63.0,36.0,63.0,62.0,0.8917291211784812,3.1788336670596324,2.286604822729495,0.006944276993437237,30.0,160.0,995852.4234386302,996575.8379551483,997540.3906438388,998167.3498914879,998794.3091391367,998938.9920424403,999228.3578490474,999276.585483482,999421.2683867855,999469.4960212201,999469.4960212201,999565.9512900892,999565.9512900892,999565.9512900892,999565.9512900892,999662.4065589582,999662.4065589582,999662.4065589582,999662.4065589582,999710.6341933928,999758.8618278273,999758.8618278273,999807.0894622619,999807.0894622619,999807.0894622619,999807.0894622619,999807.0894622619,999855.3170966964,999855.3170966964,999855.3170966964,999903.5447311308,999903.5447311308,999903.5447311308,999903.5447311308,999903.5447311308,999903.5447311308,999903.5447311308,999903.5447311308,999903.5447311308,999903.5447311308,999903.5447311308,999903.5447311308,999903.5447311308,999903.5447311308,999903.5447311308,999903.5447311308,999903.5447311308,999903.5447311308,999903.5447311308,999903.5447311308,999903.5447311308,999903.5447311308,999903.5447311308,999903.5447311308,999903.5447311308,999903.5447311308,999903.5447311308,999903.5447311308,999903.5447311308,999903.5447311308,999903.5447311308,999903.5447311308,999903.5447311308,1000000.0,48.22763443453082,48.22763443453082,48.22763443453082,48.22763443453082,48.22763443453082,48.22763443453082,48.22763443453082,48.22763443453082,48.22763443453082,96.4552688690621,241.13817217265407,289.36580660718624,289.36580660718624,337.59344104171646,434.04870991077877,578.7316132143711,1012.7803231251486,1302.1461297323344,1977.3330118157653,2941.8857005063924,4822.763443453095,7378.82806848324,12153.363877501795,16108.029901133345,25271.280443694228,35688.44948155294,58500.12056908608,82228.11671087531,141451.65179647927,206317.82011092358,321292.5006028454,399131.90258017846,628164.938509766,749312.7562093079,866023.631540873,921099.5900651073,965710.1519170486,980371.3527851459,991174.3428984808,994936.0983843743,997588.6182782734,998553.1709669641,999131.9025801783,999180.1302146129,999324.8131179166,999421.2683867855,999421.2683867855,999421.2683867855,999469.4960212201,999469.4960212201,999469.4960212201,999469.4960212201,999469.4960212201,999517.7236556546,999565.9512900892,999614.1789245236,999614.1789245236,999614.1789245236,999614.1789245236,999614.1789245236,999614.1789245236,999662.4065589582,999662.4065589582,1000000.0,0.0,0.0,0.0,0.0,0.0,0.0,0.0,0.0,0.0,0.0,0.0,0.0,0.0,0.0,0.0,0.0,0.0,0.0,0.0,0.0,0.0,0.0,0.0,0.0,0.0,0.0,0.0,0.0,0.0,0.0,0.0,0.0,0.0,0.0,0.0,0.0,48.22763443453082,96.4552688690621,241.13817217265407,337.59344104171646,626.959247648901,1061.0079575596806,1591.5119363395213,2314.926452857486,4822.763443453095,7571.738606221362,16590.30624547866,27007.475283337364,61007.957559681716,117482.51748251748,233904.02700747526,339474.3187846636,541692.789968652,712756.2093079333,889076.4408005787,947865.9271762719,987219.6768748492,995611.2852664576,998697.8538702676,999035.4473113093,999517.7236556546,999565.9512900892,999614.1789245236,1000000.0,0.0,0.0,0.0,0.0,0.0,0.0,0.0,0.0,0.0,0.0,0.0,0.0,0.0,0.0,0.0,0.0,0.0,0.0,0.0,0.0,0.0,0.0,0.0,0.0,0.0,0.0,0.0,0.0,0.0,0.0,0.0,0.0,0.0,0.0,0.0,0.0,0.0,0.0,0.0,0.0,0.0,0.0,0.0,0.0,0.0,0.0,0.0,0.0,0.0,0.0,0.0,0.0,0.0,0.0,0.0,0.0,0.0,0.0,0.0,0.0,0.0,0.0,48.22763443453082,1000000.0
FLINT,MAGNUM03,F,na,na,na,na,2025_03_11-15_02_56,na,0,3,Yes,1,na,144.68290330359284,916.3250542560967,626.9592476489951,10.0,42.0,62.0,,,,144.68290330359284,1784.4224740776494,626.9592476489951,10.0,42.0,62.0,32.0,20.0,11.0,29.0,16.0,9.0,25.0,10.0,7.0,22.0,8.0,6.0,9.0,2.0,3.0,-22.0,-19.0,0.0,-9.0,-2.0,1.0,0.0,32.0,32.0,52.0,52.0,63.0,0.0,29.0,34.0,50.0,54.0,63.0,0.0,25.0,37.0,47.0,56.0,63.0,0.0,22.0,38.0,46.0,57.0,63.0,8.0,17.0,41.0,43.0,60.0,63.0,35.0,13.0,59.0,40.0,63.0,63.0,24.0,15.0,44.0,42.0,62.0,63.0,63.0,0.0,63.0,1.0,63.0,36.0,63.0,63.0,1.0053915931610422,2.9710535048437374,2.2258311407941105,0.0,30.0,160.0,996045.3339763684,996624.0655895828,997347.4801061008,997685.0735471424,998119.1222570533,998312.0327947914,998601.3986013986,998697.8538702676,998890.7644080058,998938.9920424403,998938.9920424403,998987.2196768748,999083.6749457439,999083.6749457439,999083.6749457439,999131.9025801783,999228.3578490474,999276.585483482,999324.8131179166,999324.8131179166,999421.2683867855,999421.2683867855,999469.4960212201,999517.7236556546,999565.9512900892,999565.9512900892,999565.9512900892,999565.9512900892,999662.4065589582,999710.6341933928,999758.8618278273,999807.0894622619,999807.0894622619,999807.0894622619,999855.3170966964,999951.7723655654,999951.7723655654,999951.7723655654,999951.7723655654,999951.7723655654,999951.7723655654,999951.7723655654,999951.7723655654,999951.7723655654,999951.7723655654,999951.7723655654,999951.7723655654,999951.7723655654,999951.7723655654,999951.7723655654,999951.7723655654,999951.7723655654,999951.7723655654,999951.7723655654,999951.7723655654,999951.7723655654,999951.7723655654,999951.7723655654,999951.7723655654,999951.7723655654,999951.7723655654,999951.7723655654,999951.7723655654,1000000.0,0.0,48.22763443453082,96.4552688690621,96.4552688690621,96.4552688690621,96.4552688690621,96.4552688690621,96.4552688690621,96.4552688690621,144.68290330359284,192.91053773812425,192.91053773812425,192.91053773812425,289.36580660718624,482.27634434531,578.7316132143711,1109.2355919942117,1543.2843019049903,2314.926452857486,2748.975162768264,3954.6660236315374,5594.405594405593,9115.022908126357,12780.323125150719,21557.752592235323,32264.28743670122,54979.5032553653,80443.69423679764,141403.42416204495,214130.69688931757,340824.6925488304,392572.9442970822,666361.2249819146,781721.7265493127,892886.4239209066,938750.9042681456,974921.6300940439,988666.5059078851,995032.5536532432,996816.9761273209,998697.8538702676,999083.6749457439,999421.2683867855,999517.7236556546,999614.1789245236,999662.4065589582,999710.6341933928,999758.8618278273,999758.8618278273,999807.0894622619,999855.3170966964,999855.3170966964,999855.3170966964,999855.3170966964,999855.3170966964,999855.3170966964,999855.3170966964,999855.3170966964,999855.3170966964,999903.5447311308,999903.5447311308,999903.5447311308,999903.5447311308,1000000.0,0.0,0.0,0.0,0.0,0.0,0.0,0.0,0.0,0.0,0.0,0.0,0.0,0.0,0.0,0.0,0.0,0.0,0.0,0.0,0.0,0.0,0.0,0.0,0.0,0.0,0.0,0.0,0.0,0.0,0.0,0.0,0.0,0.0,0.0,0.0,0.0,48.22763443453082,96.4552688690621,96.4552688690621,192.91053773812425,337.59344104171646,530.5039787798403,964.5526886906189,1687.967205208584,3520.617313720762,5787.316132143714,13503.73764166868,23535.085604051124,57053.29153605014,111405.83554376655,234289.84808295144,335374.96985772846,548734.0245960936,717627.200385821,895201.3503737642,951965.2761032071,987701.9532191945,995707.7405353268,997974.4393537496,998456.7156980949,999083.6749457439,999373.040752351,999565.9512900892,1000000.0,0.0,0.0,0.0,0.0,0.0,0.0,0.0,0.0,0.0,0.0,0.0,0.0,0.0,0.0,0.0,0.0,0.0,0.0,0.0,0.0,0.0,0.0,0.0,0.0,0.0,0.0,0.0,0.0,0.0,0.0,0.0,0.0,0.0,0.0,0.0,0.0,0.0,0.0,0.0,0.0,0.0,0.0,0.0,0.0,0.0,0.0,0.0,0.0,0.0,0.0,0.0,0.0,0.0,0.0,0.0,0.0,0.0,0.0,0.0,0.0,0.0,0.0,0.0,1000000.0
FLINT,MAGNUM03,F,na,na,na,na,2025_03_11-15_02_56,na,0,4,Yes,1,na,2363.1540872920177,9500.843983602605,17169.03785869306,13.0,41.0,62.0,,,,4292.259464673261,14612.973233662926,17169.03785869306,13.0,41.0,62.0,32.0,19.0,12.0,28.0,14.0,9.0,21.0,6.0,5.0,13.0,0.0,0.0,-12.0,-8.0,0.0,-43.0,-31.0,0.0,-28.0,-19.0,0.0,0.0,32.0,32.0,51.0,51.0,63.0,0.0,28.0,34.0,48.0,54.0,63.0,0.0,21.0,38.0,44.0,58.0,63.0,4.0,17.0,40.0,40.0,63.0,63.0,23.0,11.0,44.0,36.0,63.0,63.0,48.0,5.0,63.0,32.0,63.0,63.0,35.0,7.0,54.0,35.0,63.0,63.0,63.0,0.0,63.0,0.0,63.0,26.0,63.0,62.0,1.53836032717479,4.0195682217565585,3.4724882439327365,0.006944276993437237,30.0,160.0,983072.1003134795,986930.3110682421,990836.7494574391,992476.4890282131,994164.4562334217,995370.147094285,995804.1958041957,995948.8787074994,996527.6103207137,996865.2037617555,997299.2524716662,997443.9353749697,997685.0735471424,997733.301181577,997974.4393537496,997974.4393537496,998167.3498914879,998167.3498914879,998167.3498914879,998167.3498914879,998312.0327947914,998456.7156980949,998697.8538702676,998794.3091391367,998842.5367735712,998890.7644080058,998938.9920424403,998938.9920424403,999035.4473113093,999083.6749457439,999228.3578490474,999276.585483482,999469.4960212201,999517.7236556546,999517.7236556546,999614.1789245236,999662.4065589582,999662.4065589582,999710.6341933928,999710.6341933928,999758.8618278273,999758.8618278273,999855.3170966964,999855.3170966964,999855.3170966964,999855.3170966964,999855.3170966964,999855.3170966964,999903.5447311308,999951.7723655654,999951.7723655654,999951.7723655654,999951.7723655654,999951.7723655654,999951.7723655654,999951.7723655654,999951.7723655654,999951.7723655654,1000000.0,1000000.0,1000000.0,1000000.0,1000000.0,1000000.0,96.4552688690621,144.68290330359284,144.68290330359284,192.91053773812425,192.91053773812425,289.36580660718624,482.27634434531,675.1868820834334,819.8697853870253,1061.0079575596806,1205.690860863273,1639.7395707740552,1977.3330118157653,2411.3817217265464,3568.844948155295,4340.487099107789,5883.771401012779,7185.917530745107,10127.80323125151,12876.778394019768,18181.818181818162,24210.272486134556,34241.620448517,43067.27755003614,60525.68121533637,81311.79165661933,119122.25705329154,155196.52761032083,217361.94839643114,293320.4726308175,407523.5109717868,448275.86206896545,676247.8900409935,772317.3378345792,869496.0212201591,912852.6645768026,954810.7065348445,972896.0694477935,985965.7583795515,990402.7007475282,994887.8707499397,997058.1142994935,998215.5775259222,998649.626235833,999131.9025801783,999373.040752351,999373.040752351,999421.2683867855,999421.2683867855,999421.2683867855,999469.4960212201,999469.4960212201,999469.4960212201,999469.4960212201,999565.9512900892,999565.9512900892,999614.1789245236,999614.1789245236,999614.1789245236,999614.1789245236,999710.6341933928,999758.8618278273,999807.0894622619,1000000.0,0.0,0.0,0.0,0.0,0.0,0.0,0.0,0.0,0.0,0.0,0.0,0.0,0.0,0.0,0.0,0.0,0.0,0.0,0.0,0.0,0.0,0.0,0.0,0.0,0.0,0.0,48.22763443453082,48.22763443453082,96.4552688690621,96.4552688690621,96.4552688690621,96.4552688690621,241.13817217265407,241.13817217265407,530.5039787798403,916.3250542560885,1591.5119363395213,2025.5606462503029,2893.6580660718573,3761.755485893413,6317.820110923553,9549.071618037116,16542.078611044137,22763.44345309863,36556.54690137447,51603.56884494814,84687.72606703635,116614.42006269595,189197.00988666504,275524.47552447545,423438.630335182,531709.669640704,693995.6595129009,807861.1044128287,907402.9418857006,940680.0096455268,965710.1519170486,974246.4432119604,979406.8000964551,980998.3120327947,981962.8647214853,982830.962141307,983554.3766578248,1000000.0,0.0,0.0,0.0,0.0,0.0,0.0,0.0,0.0,0.0,0.0,0.0,0.0,0.0,0.0,0.0,0.0,0.0,0.0,0.0,0.0,0.0,0.0,0.0,0.0,0.0,0.0,0.0,0.0,0.0,0.0,0.0,0.0,0.0,0.0,0.0,0.0,0.0,0.0,0.0,0.0,0.0,0.0,0.0,0.0,0.0,0.0,0.0,0.0,0.0,0.0,0.0,0.0,0.0,0.0,0.0,0.0,0.0,0.0,0.0,0.0,0.0,0.0,48.22763443453082,1000000.0
FLINT,MAGNUM03,F,na,na,na,na,2025_03_11-15_02_56,na,0,5,Yes,1,na,289.36580660718624,1977.3330118157926,1398.6013986014846,11.0,42.0,61.0,,,,289.36580660718624,3568.844948155314,1398.6013986014846,11.0,42.0,61.0,32.0,21.0,10.0,29.0,15.0,8.0,24.0,9.0,6.0,21.0,5.0,5.0,12.0,0.0,2.0,-21.0,-24.0,0.0,0.0,-11.0,0.0,0.0,32.0,32.0,53.0,53.0,63.0,0.0,29.0,35.0,50.0,55.0,63.0,0.0,24.0,38.0,47.0,57.0,63.0,0.0,21.0,40.0,45.0,58.0,63.0,4.0,16.0,42.0,42.0,61.0,63.0,30.0,9.0,63.0,39.0,63.0,63.0,13.0,13.0,52.0,41.0,63.0,63.0,33.0,0.0,63.0,0.0,63.0,35.0,63.0,63.0,0.5817552466069205,3.396319616605844,2.5661136078116527,0.0,30.0,160.0,996720.5208584518,997395.7077405354,998215.5775259222,998504.9433325295,998890.7644080058,998987.2196768748,999180.1302146129,999276.585483482,999373.040752351,999421.2683867855,999469.4960212201,999469.4960212201,999469.4960212201,999614.1789245236,999710.6341933928,999710.6341933928,999710.6341933928,999710.6341933928,999710.6341933928,999758.8618278273,999855.3170966964,999855.3170966964,999855.3170966964,999855.3170966964,999855.3170966964,999855.3170966964,999855.3170966964,999855.3170966964,999855.3170966964,999855.3170966964,999903.5447311308,999903.5447311308,999951.7723655654,1000000.0,1000000.0,1000000.0,1000000.0,1000000.0,1000000.0,1000000.0,1000000.0,1000000.0,1000000.0,1000000.0,1000000.0,1000000.0,1000000.0,1000000.0,1000000.0,1000000.0,1000000.0,1000000.0,1000000.0,1000000.0,1000000.0,1000000.0,1000000.0,1000000.0,1000000.0,1000000.0,1000000.0,1000000.0,1000000.0,1000000.0,48.22763443453082,48.22763443453082,48.22763443453082,48.22763443453082,48.22763443453082,96.4552688690621,144.68290330359284,192.91053773812425,192.91053773812425,241.13817217265407,289.36580660718624,337.59344104171646,434.04870991077877,626.959247648901,1012.7803231251486,1109.2355919942117,1446.829033035929,2122.0159151193625,2990.1133349409165,4147.576561369663,6173.137207619962,9452.616349168073,14805.883771401013,20014.468290330373,30286.954424885465,42295.63539908366,66891.72896069448,90764.40800578728,146226.1876054981,213551.96527610315,326597.5403906438,393730.407523511,601012.7803231251,714154.8107065349,840704.1234627442,898480.8295153123,953026.2840607667,974776.9471907403,988762.9611767542,993151.6759102965,997058.1142994935,998022.6669881842,998987.2196768748,999180.1302146129,999276.585483482,999373.040752351,999373.040752351,999421.2683867855,999421.2683867855,999517.7236556546,999517.7236556546,999517.7236556546,999662.4065589582,999662.4065589582,999662.4065589582,999710.6341933928,999758.8618278273,999758.8618278273,999758.8618278273,999758.8618278273,999807.0894622619,999807.0894622619,999807.0894622619,1000000.0,0.0,0.0,0.0,0.0,0.0,0.0,0.0,0.0,0.0,0.0,0.0,0.0,0.0,0.0,0.0,0.0,0.0,0.0,0.0,0.0,0.0,0.0,0.0,0.0,0.0,0.0,0.0,0.0,0.0,0.0,0.0,0.0,0.0,0.0,0.0,48.22763443453082,48.22763443453082,96.4552688690621,96.4552688690621,241.13817217265407,434.04870991077877,771.6421509524955,1639.7395707740552,2990.1133349409165,5160.356884494808,8439.836026042916,17024.354955389445,29322.401736194817,63419.339281408276,110971.78683385583,209452.616349168,289221.12370388233,450446.10561851936,595997.106341934,790258.0178442247,882662.165420786,963925.7294429707,986544.4899927658,995466.602363154,997299.2524716662,998601.3986013986,999083.6749457439,999083.6749457439,1000000.0,0.0,0.0,0.0,0.0,0.0,0.0,0.0,0.0,0.0,0.0,0.0,0.0,0.0,0.0,0.0,0.0,0.0,0.0,0.0,0.0,0.0,0.0,0.0,0.0,0.0,0.0,0.0,0.0,0.0,0.0,0.0,0.0,0.0,0.0,0.0,0.0,0.0,0.0,0.0,0.0,0.0,0.0,0.0,0.0,0.0,0.0,0.0,0.0,0.0,0.0,0.0,0.0,0.0,0.0,0.0,0.0,0.0,0.0,0.0,0.0,0.0,0.0,0.0,1000000.0
FLINT,MAGNUM03,F,na,na,na,na,2025_03_11-15_02_56,na,0,6,Yes,1,na,964.552688690668,2990.1133349409224,434.0487099108167,12.0,41.0,62.0,,,,1061.0079575596806,4533.3976368459125,434.0487099108167,12.0,41.0,62.0,32.0,20.0,11.0,28.0,15.0,9.0,23.0,9.0,7.0,19.0,5.0,6.0,7.0,-1.0,4.0,-25.0,-26.0,0.0,-9.0,-7.0,2.0,0.0,32.0,32.0,52.0,52.0,63.0,0.0,28.0,34.0,49.0,54.0,63.0,0.0,23.0,37.0,46.0,56.0,63.0,0.0,19.0,39.0,44.0,57.0,63.0,7.0,14.0,42.0,41.0,59.0,63.0,34.0,9.0,63.0,37.0,63.0,63.0,20.0,11.0,46.0,39.0,61.0,63.0,47.0,0.0,63.0,6.0,63.0,24.0,63.0,63.0,0.8294339459971282,3.41845993684974,2.5221406459338,0.0,30.0,160.0,996045.3339763684,996575.8379551483,997299.2524716662,997685.0735471424,998263.8051603568,998504.9433325295,998601.3986013986,998746.0815047021,998794.3091391367,998890.7644080058,998938.9920424403,999035.4473113093,999131.9025801783,999131.9025801783,999131.9025801783,999180.1302146129,999324.8131179166,999421.2683867855,999421.2683867855,999469.4960212201,999565.9512900892,999662.4065589582,999758.8618278273,999758.8618278273,999807.0894622619,999807.0894622619,999807.0894622619,999807.0894622619,999807.0894622619,999807.0894622619,999807.0894622619,999807.0894622619,999855.3170966964,999855.3170966964,999903.5447311308,999903.5447311308,999903.5447311308,999903.5447311308,999951.7723655654,999951.7723655654,999951.7723655654,999951.7723655654,1000000.0,1000000.0,1000000.0,1000000.0,1000000.0,1000000.0,1000000.0,1000000.0,1000000.0,1000000.0,1000000.0,1000000.0,1000000.0,1000000.0,1000000.0,1000000.0,1000000.0,1000000.0,1000000.0,1000000.0,1000000.0,1000000.0,0.0,0.0,0.0,0.0,0.0,0.0,48.22763443453082,144.68290330359284,144.68290330359284,385.82107547624787,482.27634434531,626.959247648901,723.414516517964,1109.2355919942117,1543.2843019049903,1784.4224740776426,2411.3817217265464,3375.934410417169,5160.356884494808,6944.779358572451,9307.933445864473,12876.778394019768,18567.639257294406,24403.18302387266,36797.68507354718,52664.5768025078,79575.59681697618,109139.13672534359,169230.7692307692,243838.9197009886,359826.38051603566,400289.3658066072,657197.9744393537,774873.4024596093,878707.4993971547,926067.036411864,965227.8755727031,981528.8160115746,991077.8876296117,994164.4562334217,997009.886665059,998408.4880636605,999131.9025801783,999324.8131179166,999373.040752351,999517.7236556546,999662.4065589582,999710.6341933928,999758.8618278273,999758.8618278273,999807.0894622619,999807.0894622619,999807.0894622619,999807.0894622619,999807.0894622619,999807.0894622619,999807.0894622619,999807.0894622619,999855.3170966964,999855.3170966964,999855.3170966964,999855.3170966964,999855.3170966964,1000000.0,0.0,0.0,0.0,0.0,0.0,0.0,0.0,0.0,0.0,0.0,0.0,0.0,0.0,0.0,0.0,0.0,0.0,0.0,0.0,0.0,0.0,0.0,0.0,0.0,48.22763443453082,48.22763443453082,48.22763443453082,48.22763443453082,96.4552688690621,96.4552688690621,96.4552688690621,96.4552688690621,144.68290330359284,144.68290330359284,192.91053773812425,192.91053773812425,192.91053773812425,337.59344104171646,385.82107547624787,626.959247648901,1012.7803231251486,1591.5119363395213,3183.023872679041,4485.170002411382,8970.34000482275,15336.387750180844,28116.71087533155,46732.57776706052,97371.59392331807,164890.2821316614,291391.3672534362,398842.5367735712,593826.8627923799,746612.0086809741,898287.9189775741,952109.9590065107,984374.2464432119,994502.0496744635,997974.4393537496,998794.3091391367,999469.4960212201,999565.9512900892,999710.6341933928,1000000.0,0.0,0.0,0.0,0.0,0.0,0.0,0.0,0.0,0.0,0.0,0.0,0.0,0.0,0.0,0.0,0.0,0.0,0.0,0.0,0.0,0.0,0.0,0.0,0.0,0.0,0.0,0.0,0.0,0.0,0.0,0.0,0.0,0.0,0.0,0.0,0.0,0.0,0.0,0.0,0.0,0.0,0.0,0.0,0.0,0.0,0.0,0.0,0.0,0.0,0.0,0.0,0.0,0.0,0.0,0.0,0.0,0.0,0.0,0.0,0.0,0.0,0.0,0.0,1000000.0
FLINT,MAGNUM03,F,na,na,na,na,2025_03_11-15_02_56,na,0,7,Yes,1,na,192.91053773817794,1591.5119363395213,385.8210754763569,10.0,42.0,62.0,,,,289.36580660718624,3134.7962382446094,385.8210754763569,10.0,42.0,62.0,32.0,20.0,11.0,29.0,16.0,9.0,24.0,9.0,7.0,20.0,5.0,6.0,13.0,0.0,4.0,-4.0,-25.0,0.0,7.0,-7.0,2.0,0.0,32.0,32.0,52.0,52.0,63.0,0.0,29.0,34.0,50.0,54.0,63.0,0.0,24.0,37.0,46.0,56.0,63.0,0.0,20.0,39.0,44.0,57.0,63.0,3.0,16.0,42.0,42.0,59.0,63.0,14.0,10.0,63.0,38.0,63.0,63.0,6.0,13.0,47.0,40.0,61.0,63.0,19.0,0.0,63.0,5.0,63.0,37.0,63.0,63.0,0.29181473372622296,3.304462588342151,2.3969128225735425,0.0,30.0,160.0,997829.756450446,998215.5775259222,998649.626235833,998938.9920424403,999324.8131179166,999421.2683867855,999565.9512900892,999710.6341933928,999807.0894622619,999807.0894622619,999855.3170966964,999855.3170966964,999855.3170966964,999855.3170966964,999951.7723655654,999951.7723655654,1000000.0,1000000.0,1000000.0,1000000.0,1000000.0,1000000.0,1000000.0,1000000.0,1000000.0,1000000.0,1000000.0,1000000.0,1000000.0,1000000.0,1000000.0,1000000.0,1000000.0,1000000.0,1000000.0,1000000.0,1000000.0,1000000.0,1000000.0,1000000.0,1000000.0,1000000.0,1000000.0,1000000.0,1000000.0,1000000.0,1000000.0,1000000.0,1000000.0,1000000.0,1000000.0,1000000.0,1000000.0,1000000.0,1000000.0,1000000.0,1000000.0,1000000.0,1000000.0,1000000.0,1000000.0,1000000.0,1000000.0,1000000.0,0.0,0.0,0.0,0.0,0.0,48.22763443453082,96.4552688690621,96.4552688690621,192.91053773812425,192.91053773812425,241.13817217265407,337.59344104171646,434.04870991077877,626.959247648901,819.8697853870253,1253.9184952978064,1880.8777429467057,2700.747528333735,4147.576561369663,5497.950325536535,8102.242585001196,10176.030865686038,15818.664094526175,20062.69592476488,29756.45044610562,42440.318302387284,68193.87509042685,93802.74897516267,147528.3337352303,220062.6959247649,331082.7103930552,409500.8439836026,637665.7824933687,758331.3238485651,868820.8343380757,919604.5333976368,963057.6320231492,980516.0356884495,989872.1967687485,994116.2285989872,997251.0248372317,998456.7156980949,998890.7644080058,999180.1302146129,999469.4960212201,999469.4960212201,999469.4960212201,999565.9512900892,999614.1789245236,999614.1789245236,999710.6341933928,999710.6341933928,999758.8618278273,999758.8618278273,999758.8618278273,999758.8618278273,999758.8618278273,999758.8618278273,999807.0894622619,999807.0894622619,999807.0894622619,999807.0894622619,999807.0894622619,1000000.0,0.0,0.0,0.0,0.0,0.0,0.0,0.0,0.0,0.0,0.0,0.0,0.0,0.0,0.0,0.0,0.0,0.0,0.0,0.0,0.0,0.0,0.0,0.0,0.0,0.0,0.0,0.0,0.0,0.0,0.0,0.0,0.0,0.0,0.0,0.0,0.0,0.0,144.68290330359284,289.36580660718624,385.82107547624787,578.7316132143711,868.0974198215577,1639.7395707740552,2990.1133349409165,6366.047745358085,12153.363877501795,26525.198938992027,43356.6433566433,90571.49746804922,156788.03954666026,289124.66843501315,400289.3658066072,598697.8538702676,763491.6807330601,909332.0472630818,959295.8765372558,989148.7822522304,995900.6510730648,998697.8538702676,999228.3578490474,999517.7236556546,999614.1789245236,999662.4065589582,1000000.0,0.0,0.0,0.0,0.0,0.0,0.0,0.0,0.0,0.0,0.0,0.0,0.0,0.0,0.0,0.0,0.0,0.0,0.0,0.0,0.0,0.0,0.0,0.0,0.0,0.0,0.0,0.0,0.0,0.0,0.0,0.0,0.0,0.0,0.0,0.0,0.0,0.0,0.0,0.0,0.0,0.0,0.0,0.0,0.0,0.0,0.0,0.0,0.0,0.0,0.0,0.0,0.0,0.0,0.0,0.0,0.0,0.0,0.0,0.0,0.0,0.0,0.0,0.0,1000000.0
FLINT,MAGNUM03,F,na,na,na,na,2025_03_11-15_02_56,na,0,8,Yes,1,na,0.0,482.27634434538857,385.8210754763569,12.5,42.0,61.0,,,,0.0,868.0974198216245,434.0487099108167,12.5,42.0,61.0,32.0,21.0,10.0,29.0,17.0,9.0,25.0,11.0,7.0,22.0,8.0,6.0,18.0,5.0,5.0,11.0,-18.0,-2.0,15.0,1.0,3.0,0.0,32.0,32.0,53.0,53.0,63.0,0.0,29.0,34.0,51.0,54.0,63.0,0.0,25.0,37.0,48.0,56.0,63.0,0.0,22.0,38.0,46.0,57.0,63.0,1.0,19.0,40.0,45.0,58.0,63.0,3.0,14.0,57.0,39.0,63.0,61.0,2.0,17.0,42.0,43.0,59.0,62.0,16.0,0.0,63.0,9.0,63.0,36.0,63.0,60.0,0.13849771302207728,2.770214104089515,1.946847104082852,0.04956452140653196,30.0,160.0,998649.626235833,999180.1302146129,999614.1789245236,999903.5447311308,999951.7723655654,1000000.0,1000000.0,1000000.0,1000000.0,1000000.0,1000000.0,1000000.0,1000000.0,1000000.0,1000000.0,1000000.0,1000000.0,1000000.0,1000000.0,1000000.0,1000000.0,1000000.0,1000000.0,1000000.0,1000000.0,1000000.0,1000000.0,1000000.0,1000000.0,1000000.0,1000000.0,1000000.0,1000000.0,1000000.0,1000000.0,1000000.0,1000000.0,1000000.0,1000000.0,1000000.0,1000000.0,1000000.0,1000000.0,1000000.0,1000000.0,1000000.0,1000000.0,1000000.0,1000000.0,1000000.0,1000000.0,1000000.0,1000000.0,1000000.0,1000000.0,1000000.0,1000000.0,1000000.0,1000000.0,1000000.0,1000000.0,1000000.0,1000000.0,1000000.0,0.0,0.0,0.0,0.0,0.0,0.0,0.0,0.0,0.0,48.22763443453082,48.22763443453082,144.68290330359284,144.68290330359284,144.68290330359284,289.36580660718624,385.82107547624787,385.82107547624787,578.7316132143711,1253.9184952978064,1832.650108512174,2604.2922594646707,3858.2107547624714,6510.730648661682,9356.161080299,14998.794309139143,23342.17506631299,39160.839160839154,59368.21798890764,105425.60887388469,168459.12707981674,285314.6853146852,347865.927176272,605208.5845189294,741162.2859898721,876874.8492886423,934362.1895346033,974776.9471907403,989823.9691343139,996382.9274174101,997877.9840848806,999083.6749457439,999517.7236556546,999662.4065589582,999758.8618278273,999807.0894622619,999807.0894622619,999807.0894622619,999855.3170966964,999855.3170966964,999855.3170966964,999855.3170966964,999855.3170966964,999855.3170966964,999855.3170966964,999855.3170966964,999855.3170966964,999855.3170966964,999903.5447311308,999903.5447311308,999903.5447311308,999903.5447311308,999903.5447311308,999903.5447311308,1000000.0,0.0,0.0,0.0,0.0,0.0,0.0,0.0,0.0,0.0,0.0,0.0,0.0,0.0,0.0,0.0,0.0,0.0,0.0,0.0,0.0,0.0,0.0,0.0,0.0,0.0,0.0,0.0,0.0,0.0,0.0,0.0,0.0,0.0,0.0,0.0,0.0,48.22763443453082,96.4552688690621,96.4552688690621,241.13817217265407,241.13817217265407,289.36580660718624,482.27634434531,578.7316132143711,1205.690860863273,2266.6988184229576,6993.006993006999,12008.680974198212,30238.72679045093,63467.566915842755,148685.796961659,236508.31926693994,441379.3103448276,653918.4952978056,877405.3532674222,957222.088256571,992717.6272003858,997926.211719315,999276.585483482,999565.9512900892,999614.1789245236,999710.6341933928,999710.6341933928,1000000.0,0.0,0.0,0.0,0.0,0.0,0.0,0.0,0.0,0.0,0.0,0.0,0.0,0.0,0.0,0.0,0.0,0.0,0.0,0.0,0.0,0.0,0.0,0.0,0.0,0.0,0.0,0.0,0.0,0.0,0.0,0.0,0.0,0.0,0.0,0.0,0.0,0.0,0.0,0.0,0.0,0.0,0.0,0.0,0.0,0.0,0.0,0.0,0.0,0.0,0.0,0.0,0.0,0.0,0.0,0.0,0.0,0.0,0.0,0.0,0.0,48.22763443453082,289.36580660718624,1350.373764166866,1000000.0
FLINT,MAGNUM03,F,na,na,na,na,2025_03_11-15_02_56,na,0,9,Yes,1,na,530.5039787798403,3665.300217024381,0.0,10.0,41.0,0.0,,,,530.5039787798403,6173.13720761999,0.0,10.0,41.0,0.0,32.0,20.0,11.0,28.0,15.0,9.0,22.0,9.0,7.0,19.0,3.0,6.0,10.0,-3.0,4.0,-17.0,-27.0,0.0,-1.0,-8.0,0.0,0.0,32.0,32.0,52.0,52.0,63.0,0.0,28.0,34.0,49.0,54.0,63.0,0.0,22.0,37.0,46.0,56.0,63.0,0.0,19.0,40.0,43.0,57.0,63.0,4.0,14.0,43.0,40.0,59.0,63.0,22.0,5.0,63.0,36.0,63.0,63.0,11.0,10.0,46.0,38.0,63.0,63.0,63.0,0.0,63.0,0.0,63.0,25.0,63.0,0.0,0.6866159081057702,3.573428236660822,2.5820495340474907,0.4374894505865458,30.0,160.0,994887.8707499397,996334.6997829756,997829.756450446,998408.4880636605,998890.7644080058,999131.9025801783,999228.3578490474,999276.585483482,999373.040752351,999517.7236556546,999517.7236556546,999614.1789245236,999614.1789245236,999614.1789245236,999614.1789245236,999614.1789245236,999662.4065589582,999710.6341933928,999710.6341933928,999710.6341933928,999807.0894622619,999855.3170966964,999903.5447311308,999903.5447311308,999903.5447311308,999903.5447311308,999903.5447311308,999903.5447311308,999903.5447311308,999903.5447311308,999951.7723655654,999951.7723655654,999951.7723655654,999951.7723655654,999951.7723655654,999951.7723655654,999951.7723655654,1000000.0,1000000.0,1000000.0,1000000.0,1000000.0,1000000.0,1000000.0,1000000.0,1000000.0,1000000.0,1000000.0,1000000.0,1000000.0,1000000.0,1000000.0,1000000.0,1000000.0,1000000.0,1000000.0,1000000.0,1000000.0,1000000.0,1000000.0,1000000.0,1000000.0,1000000.0,1000000.0,48.22763443453082,48.22763443453082,96.4552688690621,192.91053773812425,192.91053773812425,241.13817217265407,241.13817217265407,289.36580660718624,289.36580660718624,337.59344104171646,578.7316132143711,675.1868820834334,1109.2355919942117,1253.9184952978064,1784.4224740776426,2218.471183988428,3231.251507113574,4244.031830238725,5883.771401012779,8295.15312273932,11719.315167591023,15915.11936339523,23004.581625271243,30190.499156016413,44080.05787316135,61683.14444176514,92018.3265010851,126115.26404629847,196672.29322401737,281167.10875331564,406076.6819387509,448468.77260670357,693224.0173619484,795129.0089221124,886616.8314444176,930021.7024354956,965517.2413793103,980853.6291294912,990692.0665541354,993826.8627923799,996334.6997829756,997636.845912708,998649.626235833,998890.7644080058,999469.4960212201,999517.7236556546,999565.9512900892,999614.1789245236,999614.1789245236,999614.1789245236,999614.1789245236,999662.4065589582,999662.4065589582,999710.6341933928,999710.6341933928,999710.6341933928,999710.6341933928,999758.8618278273,999758.8618278273,999758.8618278273,999758.8618278273,999807.0894622619,999855.3170966964,1000000.0,0.0,0.0,0.0,0.0,0.0,0.0,0.0,0.0,0.0,0.0,0.0,0.0,0.0,0.0,0.0,0.0,0.0,0.0,0.0,0.0,0.0,0.0,0.0,0.0,0.0,48.22763443453082,48.22763443453082,48.22763443453082,48.22763443453082,48.22763443453082,48.22763443453082,48.22763443453082,96.4552688690621,96.4552688690621,144.68290330359284,192.91053773812425,337.59344104171646,482.27634434531,723.414516517964,1253.9184952978064,1929.1053773812387,2556.0646250301406,4629.85290571497,6414.2753797926125,11237.038823245704,19146.37087050881,38340.96937545212,62937.06293706294,124571.9797443936,205063.9016156257,355244.75524475524,471762.7200385821,663853.387991319,801012.7803231251,922546.4190981431,963539.9083674945,988280.6848324089,995563.0576320231,997877.9840848806,998746.0815047021,999035.4473113093,999228.3578490474,999373.040752351,1000000.0,48.22763443453082,48.22763443453082,48.22763443453082,48.22763443453082,48.22763443453082,48.22763443453082,48.22763443453082,48.22763443453082,48.22763443453082,48.22763443453082,48.22763443453082,48.22763443453082,48.22763443453082,48.22763443453082,48.22763443453082,48.22763443453082,48.22763443453082,48.22763443453082,48.22763443453082,48.22763443453082,48.22763443453082,48.22763443453082,48.22763443453082,48.22763443453082,48.22763443453082,48.22763443453082,48.22763443453082,48.22763443453082,48.22763443453082,48.22763443453082,48.22763443453082,48.22763443453082,48.22763443453082,48.22763443453082,48.22763443453082,48.22763443453082,48.22763443453082,48.22763443453082,48.22763443453082,48.22763443453082,48.22763443453082,48.22763443453082,48.22763443453082,48.22763443453082,48.22763443453082,48.22763443453082,48.22763443453082,48.22763443453082,48.22763443453082,48.22763443453082,48.22763443453082,48.22763443453082,48.22763443453082,48.22763443453082,48.22763443453082,48.22763443453082,48.22763443453082,48.22763443453082,48.22763443453082,48.22763443453082,48.22763443453082,48.22763443453082,48.22763443453082,1000000.0
FLINT,MAGNUM03,F,na,na,na,na,2025_03_11-15_02_56,na,0,10,Yes,1,na,144.68290330359284,1977.3330118157653,0.0,9.0,42.0,0.0,,,,144.68290330359284,3038.340969375473,0.0,9.0,42.0,0.0,32.0,20.0,11.0,29.0,16.0,9.0,24.0,9.0,7.0,18.0,6.0,6.0,12.0,0.0,5.0,0.0,-17.0,0.0,8.0,-3.0,1.0,0.0,32.0,32.0,52.0,52.0,63.0,0.0,29.0,34.0,50.0,54.0,63.0,0.0,24.0,37.0,46.0,56.0,63.0,2.0,20.0,39.0,45.0,57.0,63.0,4.0,16.0,42.0,42.0,58.0,63.0,10.0,10.0,57.0,40.0,63.0,63.0,5.0,13.0,44.0,41.0,62.0,63.0,13.0,0.0,63.0,0.0,63.0,34.0,63.0,0.0,0.3625446655811085,3.152533791103831,2.3452180009091252,0.43754422556097095,30.0,160.0,986882.0834338076,990258.0178442247,994405.5944055944,996334.6997829756,998938.9920424403,999662.4065589582,999758.8618278273,999758.8618278273,999855.3170966964,999855.3170966964,999951.7723655654,999951.7723655654,999951.7723655654,1000000.0,1000000.0,1000000.0,1000000.0,1000000.0,1000000.0,1000000.0,1000000.0,1000000.0,1000000.0,1000000.0,1000000.0,1000000.0,1000000.0,1000000.0,1000000.0,1000000.0,1000000.0,1000000.0,1000000.0,1000000.0,1000000.0,1000000.0,1000000.0,1000000.0,1000000.0,1000000.0,1000000.0,1000000.0,1000000.0,1000000.0,1000000.0,1000000.0,1000000.0,1000000.0,1000000.0,1000000.0,1000000.0,1000000.0,1000000.0,1000000.0,1000000.0,1000000.0,1000000.0,1000000.0,1000000.0,1000000.0,1000000.0,1000000.0,1000000.0,1000000.0,48.22763443453082,48.22763443453082,48.22763443453082,48.22763443453082,48.22763443453082,48.22763443453082,48.22763443453082,48.22763443453082,48.22763443453082,192.91053773812425,337.59344104171646,337.59344104171646,434.04870991077877,578.7316132143711,819.8697853870253,1012.7803231251486,1495.056667470457,2266.6988184229576,3134.7962382445157,4533.397636845913,6414.2753797926125,8632.74656378105,12876.778394019768,17024.354955389445,26718.109476730133,37231.7337834579,60477.45358090182,83240.89703400045,132867.13286713298,201157.4632264287,320906.67952736915,390981.43236074265,639160.8391608391,760501.567398119,874945.7439112611,924234.3863033517,965276.1032071377,981287.677839402,991415.4810706534,995225.4641909814,998022.6669881842,998456.7156980949,999131.9025801783,999421.2683867855,999614.1789245236,999758.8618278273,999807.0894622619,999807.0894622619,999807.0894622619,999807.0894622619,999807.0894622619,999807.0894622619,999807.0894622619,999807.0894622619,999807.0894622619,999807.0894622619,999855.3170966964,999903.5447311308,999903.5447311308,999903.5447311308,999903.5447311308,999903.5447311308,999903.5447311308,1000000.0,0.0,0.0,0.0,0.0,0.0,0.0,0.0,0.0,0.0,0.0,0.0,0.0,0.0,0.0,0.0,0.0,0.0,0.0,0.0,0.0,0.0,0.0,0.0,0.0,0.0,0.0,0.0,0.0,0.0,0.0,0.0,0.0,0.0,0.0,48.22763443453082,48.22763443453082,96.4552688690621,96.4552688690621,96.4552688690621,192.91053773812425,530.5039787798403,1109.2355919942117,2025.5606462503029,3086.56860380998,6028.454304316367,10658.30721003135,24258.500120569093,40655.89582830962,86906.19725102489,156691.58427779117,295876.5372558475,416059.8022666988,619725.1024837232,773233.6628888352,919363.3952254642,963877.5018085362,991560.1639739571,996624.0655895828,998746.0815047021,999131.9025801783,999421.2683867855,999517.7236556546,999565.9512900892,1000000.0,48.22763443453082,48.22763443453082,48.22763443453082,48.22763443453082,48.22763443453082,48.22763443453082,48.22763443453082,48.22763443453082,48.22763443453082,48.22763443453082,48.22763443453082,48.22763443453082,48.22763443453082,48.22763443453082,48.22763443453082,48.22763443453082,48.22763443453082,48.22763443453082,48.22763443453082,48.22763443453082,48.22763443453082,48.22763443453082,48.22763443453082,48.22763443453082,48.22763443453082,48.22763443453082,48.22763443453082,48.22763443453082,48.22763443453082,48.22763443453082,48.22763443453082,48.22763443453082,48.22763443453082,48.22763443453082,48.22763443453082,48.22763443453082,48.22763443453082,48.22763443453082,48.22763443453082,48.22763443453082,48.22763443453082,48.22763443453082,48.22763443453082,48.22763443453082,48.22763443453082,48.22763443453082,48.22763443453082,48.22763443453082,48.22763443453082,48.22763443453082,48.22763443453082,48.22763443453082,48.22763443453082,48.22763443453082,48.22763443453082,48.22763443453082,48.22763443453082,48.22763443453082,48.22763443453082,48.22763443453082,48.22763443453082,48.22763443453082,96.4552688690621,1000000.0
FLINT,MAGNUM03,F,na,na,na,na,2025_03_11-15_02_56,na,0,11,Yes,1,na,192.91053773812425,1495.056667470457,0.0,10.0,42.0,0.0,,,,289.36580660724,2556.064625030157,0.0,10.0,42.0,0.0,32.0,20.0,11.0,29.0,16.0,9.0,24.0,10.0,7.0,18.0,6.0,6.0,11.0,1.0,5.0,0.0,-24.0,0.0,6.0,-5.0,3.0,0.0,32.0,32.0,52.0,52.0,63.0,0.0,29.0,34.0,50.0,54.0,63.0,0.0,24.0,37.0,47.0,56.0,63.0,2.0,20.0,39.0,45.0,57.0,63.0,5.0,16.0,41.0,42.0,58.0,63.0,10.0,10.0,63.0,39.0,63.0,63.0,6.0,12.0,46.0,41.0,60.0,63.0,20.0,0.0,63.0,0.0,63.0,32.0,63.0,0.0,0.3873500229883363,3.209760200080215,2.308042320303621,0.43759898836448535,30.0,160.0,987412.5874125873,990306.2454786592,994791.4154810706,996382.9274174101,998408.4880636605,999469.4960212201,999758.8618278273,999758.8618278273,999807.0894622619,999855.3170966964,999951.7723655654,999951.7723655654,999951.7723655654,999951.7723655654,999951.7723655654,1000000.0,1000000.0,1000000.0,1000000.0,1000000.0,1000000.0,1000000.0,1000000.0,1000000.0,1000000.0,1000000.0,1000000.0,1000000.0,1000000.0,1000000.0,1000000.0,1000000.0,1000000.0,1000000.0,1000000.0,1000000.0,1000000.0,1000000.0,1000000.0,1000000.0,1000000.0,1000000.0,1000000.0,1000000.0,1000000.0,1000000.0,1000000.0,1000000.0,1000000.0,1000000.0,1000000.0,1000000.0,1000000.0,1000000.0,1000000.0,1000000.0,1000000.0,1000000.0,1000000.0,1000000.0,1000000.0,1000000.0,1000000.0,1000000.0,48.22763443453082,96.4552688690621,96.4552688690621,96.4552688690621,96.4552688690621,96.4552688690621,96.4552688690621,96.4552688690621,96.4552688690621,144.68290330359284,241.13817217265407,241.13817217265407,626.959247648901,868.0974198215577,1061.0079575596806,1205.690860863273,1736.1948396431121,2025.5606462503029,3375.934410417169,4822.763443453095,6944.779358572451,10272.48613455508,14998.794309139143,19869.785387026743,28164.938509766103,40028.93658066073,66602.36315408729,95442.48854593684,149312.75620930784,230528.09259705813,344682.9033035929,386399.80708946224,658741.2587412586,776609.5972992524,887243.7906920665,931806.1249095731,969954.1837472871,985194.116228599,993585.7246202073,996045.3339763684,998119.1222570533,998938.9920424403,999324.8131179166,999421.2683867855,999517.7236556546,999517.7236556546,999662.4065589582,999662.4065589582,999662.4065589582,999662.4065589582,999662.4065589582,999662.4065589582,999662.4065589582,999710.6341933928,999710.6341933928,999758.8618278273,999758.8618278273,999758.8618278273,999758.8618278273,999807.0894622619,999807.0894622619,999807.0894622619,999807.0894622619,1000000.0,0.0,0.0,0.0,0.0,0.0,0.0,0.0,0.0,0.0,0.0,0.0,0.0,0.0,0.0,0.0,0.0,0.0,0.0,0.0,0.0,0.0,0.0,0.0,0.0,0.0,0.0,0.0,0.0,0.0,0.0,0.0,0.0,48.22763443453082,48.22763443453082,48.22763443453082,144.68290330359284,144.68290330359284,192.91053773812425,192.91053773812425,337.59344104171646,482.27634434531,771.6421509524955,1543.2843019049903,2748.975162768264,4581.625271280436,8922.112370388226,18664.09452616349,30769.230769230744,67277.55003617072,123703.88232457185,243983.60260429225,352447.55244755244,548203.5206173137,722064.1427537979,887918.97757415,954087.2920183266,988521.8230045816,996286.472148541,998890.7644080058,999517.7236556546,999710.6341933928,999807.0894622619,999807.0894622619,1000000.0,48.22763443453082,48.22763443453082,48.22763443453082,48.22763443453082,48.22763443453082,48.22763443453082,48.22763443453082,48.22763443453082,48.22763443453082,48.22763443453082,48.22763443453082,48.22763443453082,48.22763443453082,48.22763443453082,48.22763443453082,48.22763443453082,48.22763443453082,48.22763443453082,48.22763443453082,48.22763443453082,48.22763443453082,48.22763443453082,48.22763443453082,48.22763443453082,48.22763443453082,48.22763443453082,48.22763443453082,48.22763443453082,48.22763443453082,48.22763443453082,48.22763443453082,48.22763443453082,48.22763443453082,48.22763443453082,48.22763443453082,48.22763443453082,48.22763443453082,48.22763443453082,48.22763443453082,48.22763443453082,48.22763443453082,48.22763443453082,48.22763443453082,48.22763443453082,48.22763443453082,48.22763443453082,48.22763443453082,48.22763443453082,48.22763443453082,48.22763443453082,48.22763443453082,48.22763443453082,48.22763443453082,48.22763443453082,48.22763443453082,48.22763443453082,48.22763443453082,48.22763443453082,48.22763443453082,48.22763443453082,48.22763443453082,48.22763443453082,144.68290330359284,1000000.0
FLINT,MAGNUM03,F,na,na,na,na,2025_03_11-15_02_56,na,0,12,Yes,1,na,0.0,192.91053773812425,0.0,9.0,43.0,0.0,,,,0.0,192.91053773812425,0.0,9.0,43.0,0.0,32.0,21.0,10.0,30.0,17.0,9.0,26.0,12.0,7.0,23.0,9.0,7.0,18.0,5.0,5.0,8.0,-20.0,2.0,14.0,2.0,3.0,0.0,32.0,32.0,53.0,53.0,63.0,0.0,30.0,34.0,51.0,54.0,63.0,0.0,26.0,36.0,48.0,56.0,63.0,0.0,23.0,38.0,47.0,56.0,63.0,2.0,20.0,40.0,45.0,57.0,62.0,6.0,14.0,63.0,43.0,59.0,61.0,4.0,18.0,42.0,44.0,58.0,61.0,63.0,0.0,63.0,9.0,63.0,41.0,63.0,0.0,0.46644557355487704,2.654214531918308,1.8675689364584522,0.44508313569921465,30.0,160.0,995080.7812876777,997058.1142994935,998890.7644080058,999469.4960212201,999807.0894622619,999855.3170966964,1000000.0,1000000.0,1000000.0,1000000.0,1000000.0,1000000.0,1000000.0,1000000.0,1000000.0,1000000.0,1000000.0,1000000.0,1000000.0,1000000.0,1000000.0,1000000.0,1000000.0,1000000.0,1000000.0,1000000.0,1000000.0,1000000.0,1000000.0,1000000.0,1000000.0,1000000.0,1000000.0,1000000.0,1000000.0,1000000.0,1000000.0,1000000.0,1000000.0,1000000.0,1000000.0,1000000.0,1000000.0,1000000.0,1000000.0,1000000.0,1000000.0,1000000.0,1000000.0,1000000.0,1000000.0,1000000.0,1000000.0,1000000.0,1000000.0,1000000.0,1000000.0,1000000.0,1000000.0,1000000.0,1000000.0,1000000.0,1000000.0,1000000.0,0.0,0.0,0.0,0.0,0.0,0.0,0.0,0.0,0.0,48.22763443453082,48.22763443453082,48.22763443453082,48.22763443453082,48.22763443453082,289.36580660718624,337.59344104171646,385.82107547624787,482.27634434531,868.0974198215577,1302.1461297323344,1832.650108512174,2990.1133349409165,5208.58451892934,7282.372799614172,11526.404629852897,18857.005063901615,34193.39281408243,51844.70701712074,94574.39112611527,155003.6170725826,267615.14347721246,317386.0622136484,602990.1133349409,744441.7651314202,880395.4666023633,940631.7820110923,978972.7513865444,990836.7494574391,997299.2524716662,998601.3986013986,999373.040752351,999517.7236556546,999662.4065589582,999662.4065589582,999662.4065589582,999662.4065589582,999662.4065589582,999662.4065589582,999758.8618278273,999758.8618278273,999758.8618278273,999758.8618278273,999758.8618278273,999758.8618278273,999758.8618278273,999758.8618278273,999758.8618278273,999807.0894622619,999807.0894622619,999807.0894622619,999807.0894622619,999807.0894622619,999807.0894622619,1000000.0,0.0,0.0,0.0,0.0,0.0,0.0,0.0,0.0,0.0,0.0,0.0,0.0,0.0,0.0,0.0,0.0,0.0,0.0,0.0,0.0,0.0,0.0,0.0,0.0,0.0,0.0,0.0,0.0,0.0,0.0,0.0,0.0,0.0,0.0,0.0,0.0,0.0,0.0,0.0,0.0,0.0,96.4552688690621,96.4552688690621,241.13817217265407,868.0974198215577,2122.0159151193625,5401.495056667472,10754.762478900398,28984.80829515312,61683.14444176514,145888.59416445627,238582.10754762476,450928.3819628647,662937.0629370629,895731.854352544,966722.9322401736,994984.3260188088,999035.4473113093,999807.0894622619,999903.5447311308,999951.7723655654,999951.7723655654,999951.7723655654,1000000.0,48.22763443453082,48.22763443453082,48.22763443453082,48.22763443453082,48.22763443453082,48.22763443453082,48.22763443453082,48.22763443453082,48.22763443453082,48.22763443453082,48.22763443453082,48.22763443453082,48.22763443453082,48.22763443453082,48.22763443453082,48.22763443453082,48.22763443453082,48.22763443453082,48.22763443453082,48.22763443453082,48.22763443453082,48.22763443453082,48.22763443453082,48.22763443453082,48.22763443453082,48.22763443453082,48.22763443453082,48.22763443453082,48.22763443453082,48.22763443453082,48.22763443453082,48.22763443453082,48.22763443453082,48.22763443453082,48.22763443453082,48.22763443453082,48.22763443453082,48.22763443453082,48.22763443453082,48.22763443453082,48.22763443453082,48.22763443453082,48.22763443453082,48.22763443453082,48.22763443453082,48.22763443453082,48.22763443453082,48.22763443453082,48.22763443453082,48.22763443453082,48.22763443453082,48.22763443453082,48.22763443453082,48.22763443453082,48.22763443453082,48.22763443453082,48.22763443453082,48.22763443453082,48.22763443453082,48.22763443453082,192.91053773812425,819.8697853870253,3761.755485893413,1000000.0
FLINT,MAGNUM03,F,na,na,na,na,2025_03_11-15_02_56,na,0,13,Yes,1,na,530.5039787798496,2507.836990595649,723.4145165180289,11.0,41.0,62.0,,,,964.5526886906284,4436.942367976888,723.4145165180289,11.0,41.0,62.0,32.0,20.0,11.0,28.0,15.0,9.0,23.0,9.0,7.0,14.0,5.0,6.0,7.0,-2.0,3.0,-12.0,-21.0,0.0,0.0,-6.0,0.0,0.0,32.0,32.0,52.0,52.0,63.0,0.0,28.0,34.0,49.0,54.0,63.0,0.0,23.0,37.0,46.0,56.0,63.0,4.0,18.0,39.0,44.0,57.0,63.0,6.0,13.0,42.0,40.0,60.0,63.0,21.0,9.0,58.0,37.0,63.0,63.0,12.0,12.0,44.0,38.0,63.0,63.0,32.0,0.0,63.0,0.0,63.0,31.0,63.0,62.0,0.621210443610471,3.5125155543676367,2.5667439716805696,0.006944276993437237,30.0,160.0,980950.0843983602,985435.2544007716,991222.5705329153,993730.407523511,997299.2524716662,998601.3986013986,999083.6749457439,999131.9025801783,999228.3578490474,999373.040752351,999469.4960212201,999517.7236556546,999565.9512900892,999662.4065589582,999662.4065589582,999710.6341933928,999807.0894622619,999855.3170966964,999855.3170966964,999855.3170966964,999855.3170966964,999903.5447311308,999903.5447311308,999951.7723655654,1000000.0,1000000.0,1000000.0,1000000.0,1000000.0,1000000.0,1000000.0,1000000.0,1000000.0,1000000.0,1000000.0,1000000.0,1000000.0,1000000.0,1000000.0,1000000.0,1000000.0,1000000.0,1000000.0,1000000.0,1000000.0,1000000.0,1000000.0,1000000.0,1000000.0,1000000.0,1000000.0,1000000.0,1000000.0,1000000.0,1000000.0,1000000.0,1000000.0,1000000.0,1000000.0,1000000.0,1000000.0,1000000.0,1000000.0,1000000.0,48.22763443453082,96.4552688690621,96.4552688690621,96.4552688690621,96.4552688690621,144.68290330359284,144.68290330359284,144.68290330359284,192.91053773812425,337.59344104171646,385.82107547624787,482.27634434531,723.414516517964,1446.829033035929,1687.967205208584,2122.0159151193625,3134.7962382445157,4485.170002411382,6510.730648661682,7957.559681697602,10465.39667229322,14227.15215818664,21895.346033277066,28261.393778635178,40270.07475283335,57632.023149264525,90764.40800578728,126742.22329394735,184036.65300217015,272486.13455510006,392042.44031830237,436411.8639980709,676585.4834820352,783747.287195563,887870.7499397154,928767.7839401977,963973.9570774053,981094.7673016638,992042.4403183024,994839.6431155051,997492.1630094043,998553.1709669641,999035.4473113093,999324.8131179166,999565.9512900892,999614.1789245236,999710.6341933928,999710.6341933928,999710.6341933928,999758.8618278273,999758.8618278273,999758.8618278273,999758.8618278273,999807.0894622619,999855.3170966964,999855.3170966964,999855.3170966964,999855.3170966964,999903.5447311308,999903.5447311308,999903.5447311308,999903.5447311308,999951.7723655654,1000000.0,0.0,0.0,0.0,0.0,0.0,0.0,0.0,0.0,0.0,0.0,0.0,0.0,0.0,0.0,0.0,0.0,0.0,0.0,0.0,0.0,0.0,0.0,0.0,0.0,0.0,0.0,0.0,0.0,0.0,0.0,0.0,48.22763443453082,48.22763443453082,48.22763443453082,96.4552688690621,144.68290330359284,192.91053773812425,337.59344104171646,626.959247648901,819.8697853870253,1398.601398601398,1977.3330118157653,3761.755485893413,5642.633228840121,9163.250542560887,17169.037858693027,34289.84808295149,57246.20207378825,107836.99059561125,185242.34386303357,327706.77598263795,435736.67711598746,620882.5657101519,772462.0207378827,909283.8196286471,957270.3158910056,985531.7096696406,994260.9115022907,997829.756450446,998553.1709669641,999131.9025801783,999276.585483482,999324.8131179166,1000000.0,0.0,0.0,0.0,0.0,0.0,0.0,0.0,0.0,0.0,0.0,0.0,0.0,0.0,0.0,0.0,0.0,0.0,0.0,0.0,0.0,0.0,0.0,0.0,0.0,0.0,0.0,0.0,0.0,0.0,0.0,0.0,0.0,0.0,0.0,0.0,0.0,0.0,0.0,0.0,0.0,0.0,0.0,0.0,0.0,0.0,0.0,0.0,0.0,0.0,0.0,0.0,0.0,0.0,0.0,0.0,0.0,0.0,0.0,0.0,0.0,0.0,0.0,48.22763443453082,1000000.0
FLINT,MAGNUM03,F,na,na,na,na,2025_03_11-15_02_56,na,0,14,Yes,1,na,916.3250542560967,3761.755485893524,530.5039787798496,10.0,41.0,62.0,,,,1446.829033035978,6221.364842054606,530.5039787798496,10.0,41.0,62.0,32.0,20.0,11.0,28.0,15.0,9.0,22.0,9.0,7.0,14.0,3.0,5.0,5.0,-2.0,4.0,-15.0,-24.0,0.0,-4.0,-7.0,0.0,0.0,32.0,32.0,52.0,52.0,63.0,0.0,28.0,34.0,49.0,54.0,63.0,0.0,22.0,37.0,46.0,56.0,63.0,4.0,18.0,40.0,43.0,58.0,63.0,8.0,13.0,42.0,40.0,59.0,63.0,21.0,6.0,58.0,34.0,63.0,63.0,14.0,10.0,45.0,38.0,63.0,63.0,63.0,0.0,63.0,0.0,63.0,30.0,63.0,63.0,0.8827570599660156,3.7016541107301464,2.6663627080623593,0.0,30.0,160.0,978972.7513865444,983699.0595611285,990306.2454786592,992669.3995659512,996720.5208584518,997877.9840848806,998553.1709669641,998697.8538702676,999035.4473113093,999083.6749457439,999228.3578490474,999276.585483482,999324.8131179166,999421.2683867855,999565.9512900892,999614.1789245236,999710.6341933928,999710.6341933928,999710.6341933928,999710.6341933928,999855.3170966964,999903.5447311308,999903.5447311308,999903.5447311308,999903.5447311308,999903.5447311308,999903.5447311308,999903.5447311308,999903.5447311308,999903.5447311308,999903.5447311308,999903.5447311308,999903.5447311308,999951.7723655654,999951.7723655654,999951.7723655654,999951.7723655654,999951.7723655654,999951.7723655654,999951.7723655654,999951.7723655654,999951.7723655654,999951.7723655654,999951.7723655654,999951.7723655654,999951.7723655654,999951.7723655654,999951.7723655654,999951.7723655654,999951.7723655654,999951.7723655654,999951.7723655654,999951.7723655654,999951.7723655654,999951.7723655654,999951.7723655654,1000000.0,1000000.0,1000000.0,1000000.0,1000000.0,1000000.0,1000000.0,1000000.0,48.22763443453082,96.4552688690621,96.4552688690621,96.4552688690621,96.4552688690621,192.91053773812425,289.36580660718624,289.36580660718624,482.27634434531,530.5039787798403,626.959247648901,1109.2355919942117,1350.373764166866,1880.8777429467057,2893.6580660718573,3086.56860380998,4099.348926935128,5546.177959971061,7668.193875090419,9645.526886906195,14178.924523752106,19049.915601639714,27152.158186640943,34868.5796961659,51314.20303834093,68820.83433807574,102001.44682903306,131661.4420062695,199469.49602122017,277984.0848806366,400916.325054256,473209.549071618,685941.6445623342,782541.5963346998,883771.4010127804,922691.1020014468,963443.4530986254,979599.7106341934,989004.0993489268,993392.8140824692,996238.2445141064,997636.845912708,998842.5367735712,999083.6749457439,999469.4960212201,999565.9512900892,999614.1789245236,999710.6341933928,999758.8618278273,999758.8618278273,999758.8618278273,999758.8618278273,999758.8618278273,999758.8618278273,999807.0894622619,999807.0894622619,999855.3170966964,999855.3170966964,999903.5447311308,999903.5447311308,999903.5447311308,999903.5447311308,999903.5447311308,1000000.0,0.0,0.0,0.0,0.0,0.0,0.0,0.0,0.0,0.0,0.0,0.0,0.0,0.0,0.0,0.0,0.0,0.0,0.0,0.0,0.0,0.0,0.0,0.0,0.0,0.0,0.0,0.0,0.0,0.0,0.0,48.22763443453082,48.22763443453082,144.68290330359284,192.91053773812425,241.13817217265407,241.13817217265407,289.36580660718624,337.59344104171646,626.959247648901,868.0974198215577,1495.056667470457,2507.836990595609,4870.991077887631,6993.006993006999,12442.729684109,20834.33807571737,42054.49722691106,65444.899927658524,125247.16662647706,198504.94333252954,344152.3993248131,452278.75572703156,644272.9684108994,772847.8418133591,907210.0313479623,949698.5772847842,985194.116228599,993682.1798890764,998070.8946226187,998794.3091391367,999373.040752351,999469.4960212201,999517.7236556546,1000000.0,0.0,0.0,0.0,0.0,0.0,0.0,0.0,0.0,0.0,0.0,0.0,0.0,0.0,0.0,0.0,0.0,0.0,0.0,0.0,0.0,0.0,0.0,0.0,0.0,0.0,0.0,0.0,0.0,0.0,0.0,0.0,0.0,0.0,0.0,0.0,0.0,0.0,0.0,0.0,0.0,0.0,0.0,0.0,0.0,0.0,0.0,0.0,0.0,0.0,0.0,0.0,0.0,0.0,0.0,0.0,0.0,0.0,0.0,0.0,0.0,0.0,0.0,0.0,1000000.0
FLINT,MAGNUM03,F,na,na,na,na,2025_03_11-15_02_56,na,0,15,Yes,1,na,0.0,530.5039787798496,48.22763443453082,9.0,42.0,61.0,,,,0.0,1012.7803231251596,48.22763443453082,9.0,42.0,61.0,32.0,21.0,10.0,29.0,16.0,9.0,25.0,12.0,7.0,22.0,8.0,7.0,16.0,4.0,5.0,11.0,-6.0,3.0,13.0,1.0,4.0,0.0,32.0,32.0,53.0,53.0,63.0,0.0,29.0,34.0,50.0,54.0,63.0,0.0,25.0,36.0,48.0,56.0,63.0,0.0,22.0,38.0,46.0,56.0,63.0,2.0,18.0,40.0,44.0,57.0,62.0,4.0,15.0,46.0,40.0,59.0,62.0,3.0,16.0,42.0,43.0,58.0,62.0,6.0,0.0,63.0,12.0,63.0,32.0,63.0,61.0,0.12805183485036276,2.781913060347685,2.007411937700691,0.04221141733944077,30.0,160.0,996334.6997829756,997926.211719315,999373.040752351,999758.8618278273,1000000.0,1000000.0,1000000.0,1000000.0,1000000.0,1000000.0,1000000.0,1000000.0,1000000.0,1000000.0,1000000.0,1000000.0,1000000.0,1000000.0,1000000.0,1000000.0,1000000.0,1000000.0,1000000.0,1000000.0,1000000.0,1000000.0,1000000.0,1000000.0,1000000.0,1000000.0,1000000.0,1000000.0,1000000.0,1000000.0,1000000.0,1000000.0,1000000.0,1000000.0,1000000.0,1000000.0,1000000.0,1000000.0,1000000.0,1000000.0,1000000.0,1000000.0,1000000.0,1000000.0,1000000.0,1000000.0,1000000.0,1000000.0,1000000.0,1000000.0,1000000.0,1000000.0,1000000.0,1000000.0,1000000.0,1000000.0,1000000.0,1000000.0,1000000.0,1000000.0,0.0,0.0,0.0,0.0,0.0,0.0,0.0,0.0,0.0,0.0,0.0,0.0,48.22763443453082,48.22763443453082,144.68290330359284,241.13817217265407,578.7316132143711,916.3250542560885,1495.056667470457,2025.5606462503029,3134.7962382445157,4774.535809018565,7475.283337352298,10513.624306727752,18085.362912949113,28164.938509766103,47311.30938027491,70364.11863998072,119990.35447311318,185194.11622859898,305136.24306727754,361128.526645768,635013.2625994694,772317.3378345792,898046.7808054015,948734.0245960935,981142.9949360983,991463.7087050879,997009.886665059,998360.2604292259,999276.585483482,999469.4960212201,999662.4065589582,999758.8618278273,999807.0894622619,999855.3170966964,999903.5447311308,999903.5447311308,999903.5447311308,999903.5447311308,999903.5447311308,999903.5447311308,999903.5447311308,999903.5447311308,999903.5447311308,999903.5447311308,999903.5447311308,999903.5447311308,999903.5447311308,999903.5447311308,999903.5447311308,999903.5447311308,999903.5447311308,1000000.0,0.0,0.0,0.0,0.0,0.0,0.0,0.0,0.0,0.0,0.0,0.0,0.0,0.0,0.0,0.0,0.0,0.0,0.0,0.0,0.0,0.0,0.0,0.0,0.0,0.0,0.0,0.0,0.0,0.0,0.0,0.0,0.0,48.22763443453082,48.22763443453082,48.22763443453082,48.22763443453082,48.22763443453082,48.22763443453082,96.4552688690621,144.68290330359284,289.36580660718624,337.59344104171646,530.5039787798403,819.8697853870253,1446.829033035929,3183.023872679041,8343.380757173849,16059.802266698814,40945.261634916824,86616.83144441762,180901.85676392578,284350.13262599474,491584.2777911743,695153.1227393296,900072.3414516518,965034.965034965,994453.8220400289,998794.3091391367,999855.3170966964,999903.5447311308,1000000.0,1000000.0,1000000.0,1000000.0,0.0,0.0,0.0,0.0,0.0,0.0,0.0,0.0,0.0,0.0,0.0,0.0,0.0,0.0,0.0,0.0,0.0,0.0,0.0,0.0,0.0,0.0,0.0,0.0,0.0,0.0,0.0,0.0,0.0,0.0,0.0,0.0,0.0,0.0,0.0,0.0,0.0,0.0,0.0,0.0,0.0,0.0,0.0,0.0,0.0,0.0,0.0,0.0,0.0,0.0,0.0,0.0,0.0,0.0,0.0,0.0,0.0,0.0,0.0,0.0,0.0,96.4552688690621,1495.056667470457,1000000.0
FLINT,MAGNUM03,F,na,na,na,na,2025_03_11-15_02_56,na,0,16,Yes,1,na,48.22763443453082,48.22763443453082,96.4552688690621,9.0,0.0,60.0,,,,48.22763443453082,48.22763443453082,96.4552688690621,9.0,0.0,60.0,32.0,21.0,10.0,29.0,17.0,9.0,26.0,12.0,7.0,23.0,9.0,7.0,18.0,6.0,5.0,13.0,-1.0,3.0,16.0,4.0,3.0,0.0,32.0,32.0,53.0,53.0,63.0,0.0,29.0,34.0,51.0,54.0,63.0,0.0,26.0,36.0,48.0,56.0,63.0,0.0,23.0,38.0,47.0,56.0,63.0,2.0,20.0,39.0,45.0,57.0,62.0,4.0,17.0,42.0,41.0,58.0,61.0,3.0,19.0,40.0,44.0,58.0,61.0,5.0,0.0,48.0,2.0,60.0,0.0,63.0,0.0,0.14620939339296476,2.5625654644575664,1.8984134839727032,0.44556276884881785,30.0,160.0,994936.0983843743,997492.1630094043,999180.1302146129,999614.1789245236,999903.5447311308,1000000.0,1000000.0,1000000.0,1000000.0,1000000.0,1000000.0,1000000.0,1000000.0,1000000.0,1000000.0,1000000.0,1000000.0,1000000.0,1000000.0,1000000.0,1000000.0,1000000.0,1000000.0,1000000.0,1000000.0,1000000.0,1000000.0,1000000.0,1000000.0,1000000.0,1000000.0,1000000.0,1000000.0,1000000.0,1000000.0,1000000.0,1000000.0,1000000.0,1000000.0,1000000.0,1000000.0,1000000.0,1000000.0,1000000.0,1000000.0,1000000.0,1000000.0,1000000.0,1000000.0,1000000.0,1000000.0,1000000.0,1000000.0,1000000.0,1000000.0,1000000.0,1000000.0,1000000.0,1000000.0,1000000.0,1000000.0,1000000.0,1000000.0,1000000.0,0.0,0.0,48.22763443453082,48.22763443453082,48.22763443453082,48.22763443453082,48.22763443453082,48.22763443453082,48.22763443453082,96.4552688690621,96.4552688690621,96.4552688690621,96.4552688690621,144.68290330359284,144.68290330359284,144.68290330359284,192.91053773812425,241.13817217265407,482.27634434531,916.3250542560885,1495.056667470457,2507.836990595609,4485.170002411382,6366.047745358085,11285.266457680242,18519.411622859883,33277.06775982637,52905.71497468051,98480.82951531229,158910.05546177962,277357.1256329877,335616.10802990105,612298.0467808053,753122.7393296357,895056.6674704605,949168.0733060043,983313.2384856523,992717.6272003858,997636.845912708,998938.9920424403,999662.4065589582,999710.6341933928,999903.5447311308,999903.5447311308,999903.5447311308,999903.5447311308,1000000.0,1000000.0,1000000.0,1000000.0,1000000.0,1000000.0,1000000.0,1000000.0,1000000.0,1000000.0,1000000.0,1000000.0,1000000.0,1000000.0,1000000.0,1000000.0,1000000.0,1000000.0,96.4552688690621,96.4552688690621,96.4552688690621,96.4552688690621,96.4552688690621,96.4552688690621,96.4552688690621,96.4552688690621,96.4552688690621,96.4552688690621,96.4552688690621,96.4552688690621,96.4552688690621,96.4552688690621,96.4552688690621,96.4552688690621,96.4552688690621,96.4552688690621,96.4552688690621,96.4552688690621,96.4552688690621,96.4552688690621,96.4552688690621,96.4552688690621,96.4552688690621,96.4552688690621,96.4552688690621,96.4552688690621,96.4552688690621,96.4552688690621,96.4552688690621,96.4552688690621,96.4552688690621,96.4552688690621,96.4552688690621,96.4552688690621,96.4552688690621,96.4552688690621,96.4552688690621,96.4552688690621,192.91053773812425,241.13817217265407,289.36580660718624,337.59344104171646,1061.0079575596806,1736.1948396431121,5256.812153363875,10127.80323125151,26525.198938992027,59368.21798890764,145695.6836267182,239739.57077405346,457921.3889558717,676296.1176754279,907065.3484446587,969713.0455751145,995900.6510730648,999228.3578490474,999903.5447311308,1000000.0,1000000.0,1000000.0,1000000.0,1000000.0,48.22763443453082,48.22763443453082,48.22763443453082,48.22763443453082,48.22763443453082,48.22763443453082,48.22763443453082,48.22763443453082,48.22763443453082,48.22763443453082,48.22763443453082,48.22763443453082,48.22763443453082,48.22763443453082,48.22763443453082,48.22763443453082,48.22763443453082,48.22763443453082,48.22763443453082,48.22763443453082,48.22763443453082,48.22763443453082,48.22763443453082,48.22763443453082,48.22763443453082,48.22763443453082,48.22763443453082,48.22763443453082,48.22763443453082,48.22763443453082,48.22763443453082,48.22763443453082,48.22763443453082,48.22763443453082,48.22763443453082,48.22763443453082,48.22763443453082,48.22763443453082,48.22763443453082,48.22763443453082,48.22763443453082,48.22763443453082,48.22763443453082,48.22763443453082,48.22763443453082,48.22763443453082,48.22763443453082,48.22763443453082,48.22763443453082,48.22763443453082,48.22763443453082,48.22763443453082,48.22763443453082,48.22763443453082,48.22763443453082,48.22763443453082,48.22763443453082,48.22763443453082,48.22763443453082,48.22763443453082,144.68290330359284,916.3250542560885,4147.576561369663,1000000.0
FLINT,MAGNUM03,F,na,na,na,na,2025_03_11-15_02_56,na,0,17,Yes,1,na,0.0,530.5039787798496,0.0,9.0,41.0,61.5,,,,0.0,868.0974198215691,0.0,9.0,41.0,61.5,32.0,20.0,11.0,28.0,16.0,9.0,24.0,11.0,7.0,22.0,7.0,7.0,17.0,4.0,6.0,11.0,-1.0,5.0,13.0,1.0,5.0,0.0,32.0,32.0,52.0,52.0,63.0,0.0,28.0,34.0,50.0,54.0,63.0,0.0,24.0,36.0,47.0,56.0,63.0,0.0,22.0,38.0,45.0,56.0,63.0,2.0,19.0,40.0,44.0,57.0,63.0,4.0,15.0,42.0,41.0,58.0,63.0,4.0,17.0,41.0,42.0,58.0,63.0,5.0,0.0,43.0,13.0,60.0,34.0,63.0,63.0,0.13993378350269287,2.932269563316899,2.2066493671445526,0.0,30.0,160.0,997154.5695683626,997829.756450446,999083.6749457439,999421.2683867855,999951.7723655654,1000000.0,1000000.0,1000000.0,1000000.0,1000000.0,1000000.0,1000000.0,1000000.0,1000000.0,1000000.0,1000000.0,1000000.0,1000000.0,1000000.0,1000000.0,1000000.0,1000000.0,1000000.0,1000000.0,1000000.0,1000000.0,1000000.0,1000000.0,1000000.0,1000000.0,1000000.0,1000000.0,1000000.0,1000000.0,1000000.0,1000000.0,1000000.0,1000000.0,1000000.0,1000000.0,1000000.0,1000000.0,1000000.0,1000000.0,1000000.0,1000000.0,1000000.0,1000000.0,1000000.0,1000000.0,1000000.0,1000000.0,1000000.0,1000000.0,1000000.0,1000000.0,1000000.0,1000000.0,1000000.0,1000000.0,1000000.0,1000000.0,1000000.0,1000000.0,0.0,0.0,0.0,0.0,0.0,0.0,0.0,0.0,0.0,0.0,0.0,0.0,0.0,96.4552688690621,144.68290330359284,241.13817217265407,434.04870991077877,723.414516517964,1350.373764166866,2073.7882806848356,3520.617313720762,5256.812153363875,8632.74656378105,13889.55871714491,23824.451410658283,35833.1323848565,63467.566915842755,94381.48058837719,160598.0226669882,243742.4644321195,371545.6956836267,424644.3211960453,688160.1157463227,800144.6829033035,903207.1376898963,945743.9112611526,978056.4263322884,989438.1480588376,996286.472148541,998312.0327947914,999469.4960212201,999855.3170966964,999951.7723655654,1000000.0,1000000.0,1000000.0,1000000.0,1000000.0,1000000.0,1000000.0,1000000.0,1000000.0,1000000.0,1000000.0,1000000.0,1000000.0,1000000.0,1000000.0,1000000.0,1000000.0,1000000.0,1000000.0,1000000.0,1000000.0,0.0,0.0,0.0,0.0,0.0,0.0,0.0,0.0,0.0,0.0,0.0,0.0,0.0,0.0,0.0,0.0,0.0,0.0,0.0,0.0,0.0,0.0,0.0,0.0,0.0,0.0,0.0,0.0,0.0,0.0,0.0,0.0,0.0,0.0,48.22763443453082,48.22763443453082,48.22763443453082,48.22763443453082,48.22763443453082,48.22763443453082,192.91053773812425,434.04870991077877,771.6421509524955,1205.690860863273,2990.1133349409165,6751.868820834333,18471.183988425386,33614.66120086806,81552.92982879186,150084.39836026044,295104.895104895,418808.77742946707,625223.0528092597,787364.3597781529,927369.1825415962,971063.4193392813,994164.4562334217,998938.9920424403,999903.5447311308,1000000.0,1000000.0,1000000.0,1000000.0,1000000.0,0.0,0.0,0.0,0.0,0.0,0.0,0.0,0.0,0.0,0.0,0.0,0.0,0.0,0.0,0.0,0.0,0.0,0.0,0.0,0.0,0.0,0.0,0.0,0.0,0.0,0.0,0.0,0.0,0.0,0.0,0.0,0.0,0.0,0.0,0.0,0.0,0.0,0.0,0.0,0.0,0.0,0.0,0.0,0.0,0.0,0.0,0.0,0.0,0.0,0.0,0.0,0.0,0.0,0.0,0.0,0.0,0.0,0.0,0.0,0.0,0.0,0.0,0.0,1000000.0
FLINT,MAGNUM03,F,na,na,na,na,2025_03_11-15_02_56,na,0,18,Yes,1,na,48.22763443453082,1061.0079575596806,0.0,8.0,42.0,0.0,,,,48.22763443453082,1446.829033035948,0.0,8.0,42.0,0.0,32.0,20.0,11.0,28.0,16.0,9.0,24.0,11.0,7.0,17.0,7.0,6.0,11.0,3.0,5.0,-1.0,-3.0,3.0,8.0,0.0,5.0,0.0,32.0,32.0,52.0,52.0,63.0,0.0,28.0,34.0,50.0,54.0,63.0,0.0,24.0,36.0,47.0,56.0,63.0,3.0,20.0,38.0,45.0,57.0,63.0,5.0,16.0,40.0,43.0,58.0,63.0,13.0,12.0,43.0,40.0,59.0,62.0,6.0,14.0,42.0,42.0,58.0,63.0,16.0,0.0,46.0,4.0,62.0,38.0,63.0,0.0,0.42341572445328507,3.1008070806265104,2.24682182897868,0.4381482410547255,30.0,160.0,982734.5068724379,987798.4084880636,992283.578490475,995466.602363154,998649.626235833,999469.4960212201,999710.6341933928,999807.0894622619,999807.0894622619,999855.3170966964,999855.3170966964,999855.3170966964,999855.3170966964,999951.7723655654,999951.7723655654,999951.7723655654,1000000.0,1000000.0,1000000.0,1000000.0,1000000.0,1000000.0,1000000.0,1000000.0,1000000.0,1000000.0,1000000.0,1000000.0,1000000.0,1000000.0,1000000.0,1000000.0,1000000.0,1000000.0,1000000.0,1000000.0,1000000.0,1000000.0,1000000.0,1000000.0,1000000.0,1000000.0,1000000.0,1000000.0,1000000.0,1000000.0,1000000.0,1000000.0,1000000.0,1000000.0,1000000.0,1000000.0,1000000.0,1000000.0,1000000.0,1000000.0,1000000.0,1000000.0,1000000.0,1000000.0,1000000.0,1000000.0,1000000.0,1000000.0,0.0,0.0,0.0,0.0,48.22763443453082,48.22763443453082,48.22763443453082,48.22763443453082,96.4552688690621,96.4552688690621,192.91053773812425,192.91053773812425,337.59344104171646,385.82107547624787,626.959247648901,1109.2355919942117,1591.5119363395213,2314.926452857486,3617.07258258982,4581.625271280436,6655.413551965274,9259.705811429942,14323.607427055684,20400.28936580663,30142.271521581883,44755.24475524475,74029.41885700503,105811.42994936105,171063.41933928136,252519.89389920415,382975.64504461054,442777.91174342897,687870.7499397154,804967.4463467567,905859.6575837955,950856.0405112129,978490.4750421991,990933.2047263081,996624.0655895828,998022.6669881842,998938.9920424403,999517.7236556546,999855.3170966964,999903.5447311308,999951.7723655654,999951.7723655654,1000000.0,1000000.0,1000000.0,1000000.0,1000000.0,1000000.0,1000000.0,1000000.0,1000000.0,1000000.0,1000000.0,1000000.0,1000000.0,1000000.0,1000000.0,1000000.0,1000000.0,1000000.0,0.0,0.0,0.0,0.0,0.0,0.0,0.0,0.0,0.0,0.0,0.0,0.0,0.0,0.0,0.0,0.0,0.0,0.0,0.0,0.0,0.0,0.0,0.0,0.0,0.0,0.0,0.0,0.0,0.0,0.0,0.0,0.0,0.0,0.0,0.0,0.0,0.0,0.0,48.22763443453082,144.68290330359284,241.13817217265407,434.04870991077877,1109.2355919942117,1880.8777429467057,4388.714733542319,8970.34000482275,20207.378828068486,33952.254641909814,76778.39401977329,145502.77308897997,274801.06100795756,392669.39956595126,601880.8777429466,763636.3636363636,920858.4518929345,968459.1270798167,992476.4890282131,997685.0735471424,999807.0894622619,999903.5447311308,1000000.0,1000000.0,1000000.0,1000000.0,48.22763443453082,48.22763443453082,48.22763443453082,48.22763443453082,48.22763443453082,48.22763443453082,48.22763443453082,48.22763443453082,48.22763443453082,48.22763443453082,48.22763443453082,48.22763443453082,48.22763443453082,48.22763443453082,48.22763443453082,48.22763443453082,48.22763443453082,48.22763443453082,48.22763443453082,48.22763443453082,48.22763443453082,48.22763443453082,48.22763443453082,48.22763443453082,48.22763443453082,48.22763443453082,48.22763443453082,48.22763443453082,48.22763443453082,48.22763443453082,48.22763443453082,48.22763443453082,48.22763443453082,48.22763443453082,48.22763443453082,48.22763443453082,48.22763443453082,48.22763443453082,48.22763443453082,48.22763443453082,48.22763443453082,48.22763443453082,48.22763443453082,48.22763443453082,48.22763443453082,48.22763443453082,48.22763443453082,48.22763443453082,48.22763443453082,48.22763443453082,48.22763443453082,48.22763443453082,48.22763443453082,48.22763443453082,48.22763443453082,48.22763443453082,48.22763443453082,48.22763443453082,48.22763443453082,48.22763443453082,96.4552688690621,96.4552688690621,241.13817217265407,1000000.0
FLINT,MAGNUM03,F,na,na,na,na,2025_03_11-15_02_56,na,0,19,Yes,1,na,0.0,48.22763443453082,96.4552688691443,9.0,0.0,62.0,,,,0.0,48.22763443453082,144.68290330367512,9.0,0.0,62.0,32.0,20.0,11.0,28.0,16.0,9.0,24.0,10.0,7.0,17.0,7.0,6.0,11.0,3.0,5.0,5.0,-5.0,3.0,6.0,0.0,5.0,0.0,32.0,32.0,52.0,52.0,63.0,0.0,28.0,34.0,50.0,54.0,63.0,0.0,24.0,37.0,47.0,56.0,63.0,3.0,20.0,38.0,45.0,57.0,63.0,5.0,16.0,40.0,43.0,58.0,63.0,6.0,11.0,43.0,38.0,60.0,63.0,6.0,12.0,42.0,42.0,58.0,63.0,9.0,0.0,47.0,7.0,63.0,0.0,63.0,58.0,0.3985345925315723,3.1381861524070165,2.3337307097681186,0.03540867549340398,30.0,160.0,981962.8647214853,986013.9860139859,992428.2613937786,995418.3747287195,998215.5775259222,999228.3578490474,999903.5447311308,999903.5447311308,1000000.0,1000000.0,1000000.0,1000000.0,1000000.0,1000000.0,1000000.0,1000000.0,1000000.0,1000000.0,1000000.0,1000000.0,1000000.0,1000000.0,1000000.0,1000000.0,1000000.0,1000000.0,1000000.0,1000000.0,1000000.0,1000000.0,1000000.0,1000000.0,1000000.0,1000000.0,1000000.0,1000000.0,1000000.0,1000000.0,1000000.0,1000000.0,1000000.0,1000000.0,1000000.0,1000000.0,1000000.0,1000000.0,1000000.0,1000000.0,1000000.0,1000000.0,1000000.0,1000000.0,1000000.0,1000000.0,1000000.0,1000000.0,1000000.0,1000000.0,1000000.0,1000000.0,1000000.0,1000000.0,1000000.0,1000000.0,0.0,0.0,0.0,0.0,0.0,0.0,0.0,96.4552688690621,96.4552688690621,96.4552688690621,192.91053773812425,241.13817217265407,626.959247648901,675.1868820834334,868.0974198215577,1012.7803231251486,1687.967205208584,2363.1540872920177,3134.7962382445157,4340.487099107789,6751.868820834333,9500.843983602605,15047.021943573669,20062.69592476488,30528.092597058127,42922.5946467326,69303.11068242099,97226.91102001446,159971.0634193393,230576.32023149266,353412.105136243,436315.4087292018,665686.0380998312,782059.3199903544,893272.244996383,938606.2213648419,973957.0774053532,987074.9939715456,994019.7733301182,997058.1142994935,998842.5367735712,999469.4960212201,999807.0894622619,999903.5447311308,999951.7723655654,1000000.0,1000000.0,1000000.0,1000000.0,1000000.0,1000000.0,1000000.0,1000000.0,1000000.0,1000000.0,1000000.0,1000000.0,1000000.0,1000000.0,1000000.0,1000000.0,1000000.0,1000000.0,1000000.0,96.4552688690621,96.4552688690621,96.4552688690621,96.4552688690621,96.4552688690621,96.4552688690621,96.4552688690621,96.4552688690621,96.4552688690621,96.4552688690621,96.4552688690621,96.4552688690621,96.4552688690621,96.4552688690621,96.4552688690621,96.4552688690621,96.4552688690621,96.4552688690621,96.4552688690621,96.4552688690621,96.4552688690621,96.4552688690621,96.4552688690621,96.4552688690621,96.4552688690621,96.4552688690621,96.4552688690621,96.4552688690621,96.4552688690621,96.4552688690621,96.4552688690621,96.4552688690621,96.4552688690621,96.4552688690621,96.4552688690621,96.4552688690621,144.68290330359284,144.68290330359284,241.13817217265407,241.13817217265407,385.82107547624787,482.27634434531,916.3250542560885,1784.4224740776426,4051.121292500604,7234.145165179647,19291.053773812408,33469.978297564514,74897.51627682653,135133.8316855557,268097.41982155765,378924.52375210996,588955.8717144923,739715.4569568363,904171.6903785869,958283.0962141306,991463.7087050879,997829.756450446,999614.1789245236,999758.8618278273,999903.5447311308,999903.5447311308,999951.7723655654,1000000.0,0.0,0.0,0.0,0.0,0.0,0.0,0.0,0.0,0.0,0.0,0.0,0.0,0.0,0.0,0.0,0.0,0.0,0.0,0.0,0.0,0.0,0.0,0.0,0.0,0.0,0.0,0.0,0.0,0.0,0.0,0.0,0.0,0.0,0.0,0.0,0.0,0.0,0.0,0.0,0.0,0.0,0.0,0.0,0.0,0.0,0.0,0.0,0.0,0.0,0.0,0.0,0.0,0.0,0.0,0.0,0.0,0.0,0.0,48.22763443453082,48.22763443453082,48.22763443453082,48.22763443453082,96.4552688690621,1000000.0
FLINT,MAGNUM03,F,na,na,na,na,2025_03_11-15_02_56,na,0,20,Yes,1,na,868.0974198215577,2314.9264528575814,144.68290330360517,11.0,41.0,62.0,,,,1446.829033035978,4485.170002411469,144.68290330360517,11.0,41.0,62.0,32.0,20.0,11.0,28.0,15.0,9.0,21.0,9.0,7.0,14.0,5.0,6.0,7.0,-2.0,5.0,-20.0,-10.0,1.0,-3.0,-6.0,3.0,0.0,32.0,32.0,52.0,52.0,63.0,0.0,28.0,34.0,49.0,54.0,63.0,1.0,22.0,37.0,46.0,56.0,63.0,4.0,18.0,39.0,44.0,57.0,63.0,6.0,13.0,42.0,40.0,58.0,63.0,23.0,3.0,46.0,36.0,62.0,63.0,13.0,10.0,44.0,38.0,60.0,63.0,38.0,0.0,63.0,0.0,63.0,34.0,63.0,63.0,0.7655545345267697,3.6557155273728204,2.6036807884172286,0.0,30.0,160.0,973474.8010610079,980033.7593441041,987991.3190258017,991849.5297805641,996431.1550518447,998022.6669881842,998746.0815047021,998890.7644080058,999035.4473113093,999083.6749457439,999276.585483482,999324.8131179166,999517.7236556546,999565.9512900892,999565.9512900892,999662.4065589582,999758.8618278273,999758.8618278273,999758.8618278273,999758.8618278273,999807.0894622619,999807.0894622619,999855.3170966964,999903.5447311308,999903.5447311308,999903.5447311308,999903.5447311308,999903.5447311308,999903.5447311308,999903.5447311308,999903.5447311308,999903.5447311308,999951.7723655654,999951.7723655654,999951.7723655654,999951.7723655654,999951.7723655654,1000000.0,1000000.0,1000000.0,1000000.0,1000000.0,1000000.0,1000000.0,1000000.0,1000000.0,1000000.0,1000000.0,1000000.0,1000000.0,1000000.0,1000000.0,1000000.0,1000000.0,1000000.0,1000000.0,1000000.0,1000000.0,1000000.0,1000000.0,1000000.0,1000000.0,1000000.0,1000000.0,192.91053773812425,192.91053773812425,192.91053773812425,241.13817217265407,241.13817217265407,337.59344104171646,337.59344104171646,385.82107547624787,434.04870991077877,530.5039787798403,771.6421509524955,916.3250542560885,1157.4632264287443,1398.601398601398,2025.5606462503029,2700.747528333735,3906.438389197008,5160.356884494808,7137.689896310589,9645.526886906195,13262.599469496023,18567.639257294406,26235.833132384843,34289.84808295149,50783.69905956114,68965.51724137929,100265.25198939002,136821.7988907645,198746.08150470213,273740.05305039784,390547.38365083194,429852.9057149746,677887.6296117675,783457.9213889559,880733.0600434047,928719.5563057632,963636.3636363636,980178.4422474077,989968.6520376175,994116.2285989872,997685.0735471424,998408.4880636605,999228.3578490474,999517.7236556546,999758.8618278273,999855.3170966964,999951.7723655654,1000000.0,1000000.0,1000000.0,1000000.0,1000000.0,1000000.0,1000000.0,1000000.0,1000000.0,1000000.0,1000000.0,1000000.0,1000000.0,1000000.0,1000000.0,1000000.0,1000000.0,0.0,0.0,0.0,0.0,0.0,0.0,0.0,0.0,0.0,0.0,0.0,0.0,0.0,0.0,0.0,0.0,0.0,0.0,0.0,0.0,0.0,0.0,0.0,0.0,0.0,0.0,0.0,0.0,0.0,0.0,0.0,0.0,0.0,0.0,96.4552688690621,192.91053773812425,289.36580660718624,385.82107547624787,578.7316132143711,868.0974198215577,1398.601398601398,2218.471183988428,3954.6660236315374,6124.909573185426,10561.851941162287,18085.362912949113,36942.367976850735,58789.48637569328,112949.11984567158,188666.5059078852,331372.07619966235,453918.4952978056,626235.8331323848,760405.11212925,900458.162527128,953363.8775018085,985821.0754762478,994791.4154810706,998794.3091391367,999324.8131179166,999662.4065589582,999855.3170966964,1000000.0,1000000.0,0.0,0.0,0.0,0.0,0.0,0.0,0.0,0.0,0.0,0.0,0.0,0.0,0.0,0.0,0.0,0.0,0.0,0.0,0.0,0.0,0.0,0.0,0.0,0.0,0.0,0.0,0.0,0.0,0.0,0.0,0.0,0.0,0.0,0.0,0.0,0.0,0.0,0.0,0.0,0.0,0.0,0.0,0.0,0.0,0.0,0.0,0.0,0.0,0.0,0.0,0.0,0.0,0.0,0.0,0.0,0.0,0.0,0.0,0.0,0.0,0.0,0.0,0.0,1000000.0
FLINT,MAGNUM03,F,na,na,na,na,2025_03_11-15_02_56,na,0,21,Yes,1,na,96.4552688690621,578.7316132143711,48.22763443457198,12.0,43.0,62.0,,,,96.4552688690621,916.3250542561552,48.22763443457198,12.0,43.0,62.0,32.0,22.0,9.0,30.0,16.0,7.0,25.0,10.0,6.0,19.0,8.0,5.0,13.0,4.0,4.0,4.0,-1.0,2.0,10.0,1.0,3.0,0.0,32.0,32.0,54.0,54.0,63.0,0.0,30.0,35.0,51.0,56.0,63.0,0.0,25.0,38.0,48.0,57.0,63.0,3.0,22.0,39.0,47.0,58.0,63.0,5.0,18.0,41.0,45.0,59.0,63.0,10.0,14.0,43.0,42.0,61.0,63.0,6.0,16.0,42.0,43.0,60.0,63.0,14.0,0.0,46.0,6.0,63.0,41.0,63.0,62.0,0.4555658424229635,3.0146272342116,2.2563463337532936,0.006944276993437237,30.0,160.0,979889.0764408004,984422.4740776465,991029.6599951772,994405.5944055944,997877.9840848806,998938.9920424403,999614.1789245236,999710.6341933928,999758.8618278273,999855.3170966964,999951.7723655654,999951.7723655654,999951.7723655654,1000000.0,1000000.0,1000000.0,1000000.0,1000000.0,1000000.0,1000000.0,1000000.0,1000000.0,1000000.0,1000000.0,1000000.0,1000000.0,1000000.0,1000000.0,1000000.0,1000000.0,1000000.0,1000000.0,1000000.0,1000000.0,1000000.0,1000000.0,1000000.0,1000000.0,1000000.0,1000000.0,1000000.0,1000000.0,1000000.0,1000000.0,1000000.0,1000000.0,1000000.0,1000000.0,1000000.0,1000000.0,1000000.0,1000000.0,1000000.0,1000000.0,1000000.0,1000000.0,1000000.0,1000000.0,1000000.0,1000000.0,1000000.0,1000000.0,1000000.0,1000000.0,0.0,0.0,0.0,0.0,0.0,0.0,48.22763443453082,48.22763443453082,48.22763443453082,96.4552688690621,96.4552688690621,96.4552688690621,144.68290330359284,192.91053773812425,385.82107547624787,385.82107547624787,675.1868820834334,1109.2355919942117,1591.5119363395213,1977.3330118157653,3279.479141548107,5063.901615625751,8246.925488304796,11574.632264287418,17506.63129973476,26573.42657342655,41813.35905473833,62165.42078611044,100409.9348926935,156546.90137448753,246105.6185194116,303641.1863998071,530069.93006993,657583.7955148299,803761.7554858933,886375.6932722449,945647.4559922835,976320.2314926452,991849.5297805641,996093.561610803,998553.1709669641,999276.585483482,999662.4065589582,999903.5447311308,1000000.0,1000000.0,1000000.0,1000000.0,1000000.0,1000000.0,1000000.0,1000000.0,1000000.0,1000000.0,1000000.0,1000000.0,1000000.0,1000000.0,1000000.0,1000000.0,1000000.0,1000000.0,1000000.0,1000000.0,0.0,0.0,0.0,0.0,0.0,0.0,0.0,0.0,0.0,0.0,0.0,0.0,0.0,0.0,0.0,0.0,0.0,0.0,0.0,0.0,0.0,0.0,0.0,0.0,0.0,0.0,0.0,0.0,0.0,0.0,0.0,0.0,0.0,0.0,0.0,0.0,0.0,0.0,0.0,0.0,0.0,48.22763443453082,337.59344104171646,626.959247648901,1205.690860863273,2363.1540872920177,5980.226669881832,11188.811188811189,26139.377863515776,51121.292500602874,108608.63274656363,176754.28020255608,299011.33349409205,449095.7318543525,673595.3701470942,816783.2167832168,942030.3834096937,983023.872679045,997009.886665059,999180.1302146129,999758.8618278273,999951.7723655654,1000000.0,1000000.0,0.0,0.0,0.0,0.0,0.0,0.0,0.0,0.0,0.0,0.0,0.0,0.0,0.0,0.0,0.0,0.0,0.0,0.0,0.0,0.0,0.0,0.0,0.0,0.0,0.0,0.0,0.0,0.0,0.0,0.0,0.0,0.0,0.0,0.0,0.0,0.0,0.0,0.0,0.0,0.0,0.0,0.0,0.0,0.0,0.0,0.0,0.0,0.0,0.0,0.0,0.0,0.0,0.0,0.0,0.0,0.0,0.0,0.0,0.0,0.0,0.0,0.0,48.22763443453082,1000000.0
FLINT,MAGNUM03,F,na,na,na,na,2025_03_11-15_02_56,na,0,22,Yes,1,na,144.68290330359284,578.7316132143711,48.22763443453082,10.0,42.0,62.0,,,,192.91053773812425,819.8697853870764,48.22763443453082,10.0,42.0,62.0,32.0,20.0,11.0,29.0,16.0,9.0,24.0,12.0,7.0,18.0,8.0,7.0,13.0,4.0,5.0,3.0,-1.0,4.0,8.0,1.0,5.0,0.0,32.0,32.0,52.0,52.0,63.0,0.0,29.0,34.0,50.0,54.0,63.0,0.0,24.0,36.0,48.0,56.0,63.0,3.0,21.0,38.0,46.0,56.0,63.0,4.0,17.0,40.0,44.0,58.0,63.0,8.0,11.0,42.0,41.0,59.0,63.0,6.0,14.0,41.0,42.0,58.0,63.0,24.0,0.0,43.0,6.0,63.0,38.0,63.0,62.0,0.42293801337183157,2.9280110547291294,2.0771830276611394,0.009820453887798475,30.0,160.0,982493.3687002652,986978.5387026767,992042.4403183024,995514.8299975885,998746.0815047021,999469.4960212201,999710.6341933928,999807.0894622619,999951.7723655654,999951.7723655654,1000000.0,1000000.0,1000000.0,1000000.0,1000000.0,1000000.0,1000000.0,1000000.0,1000000.0,1000000.0,1000000.0,1000000.0,1000000.0,1000000.0,1000000.0,1000000.0,1000000.0,1000000.0,1000000.0,1000000.0,1000000.0,1000000.0,1000000.0,1000000.0,1000000.0,1000000.0,1000000.0,1000000.0,1000000.0,1000000.0,1000000.0,1000000.0,1000000.0,1000000.0,1000000.0,1000000.0,1000000.0,1000000.0,1000000.0,1000000.0,1000000.0,1000000.0,1000000.0,1000000.0,1000000.0,1000000.0,1000000.0,1000000.0,1000000.0,1000000.0,1000000.0,1000000.0,1000000.0,1000000.0,0.0,0.0,0.0,0.0,0.0,0.0,96.4552688690621,96.4552688690621,144.68290330359284,144.68290330359284,192.91053773812425,241.13817217265407,337.59344104171646,434.04870991077877,626.959247648901,723.414516517964,1253.9184952978064,1639.7395707740552,2700.747528333735,3231.251507113574,4870.991077887631,7185.917530745107,11044.128285507591,14709.428502531931,25223.052809259698,36797.68507354718,58451.89293465154,89365.80660718596,144779.3585724621,216638.5338799131,337352.3028695442,386206.8965517241,670412.3462744151,790209.7902097902,907210.0313479623,952978.0564263322,981528.8160115746,991415.4810706534,997058.1142994935,998504.9433325295,999421.2683867855,999662.4065589582,1000000.0,1000000.0,1000000.0,1000000.0,1000000.0,1000000.0,1000000.0,1000000.0,1000000.0,1000000.0,1000000.0,1000000.0,1000000.0,1000000.0,1000000.0,1000000.0,1000000.0,1000000.0,1000000.0,1000000.0,1000000.0,1000000.0,0.0,0.0,0.0,0.0,0.0,0.0,0.0,0.0,0.0,0.0,0.0,0.0,0.0,0.0,0.0,0.0,0.0,0.0,0.0,0.0,0.0,0.0,0.0,0.0,0.0,0.0,0.0,0.0,0.0,0.0,0.0,0.0,0.0,0.0,0.0,0.0,0.0,0.0,48.22763443453082,48.22763443453082,96.4552688690621,289.36580660718624,626.959247648901,1061.0079575596806,1832.650108512174,4870.991077887631,11815.770436460101,21798.89076440802,51892.93465155528,101953.21919459854,214709.42850253193,332625.9946949601,535278.5145888593,725102.4837231733,912032.7947914155,968652.0376175548,994984.3260188088,998360.2604292259,999807.0894622619,999903.5447311308,999951.7723655654,1000000.0,1000000.0,1000000.0,0.0,0.0,0.0,0.0,0.0,0.0,0.0,0.0,0.0,0.0,0.0,0.0,0.0,0.0,0.0,0.0,0.0,0.0,0.0,0.0,0.0,0.0,0.0,0.0,0.0,0.0,0.0,0.0,0.0,0.0,0.0,0.0,0.0,0.0,0.0,0.0,0.0,0.0,0.0,0.0,0.0,0.0,0.0,0.0,0.0,0.0,0.0,0.0,0.0,0.0,0.0,0.0,0.0,0.0,0.0,0.0,0.0,0.0,0.0,0.0,0.0,0.0,96.4552688690621,1000000.0
FLINT,MAGNUM03,F,na,na,na,na,2025_03_11-15_02_56,na,0,23,Yes,1,na,192.91053773812425,0.0,0.0,13.0,45.0,0.0,,,,192.91053773812425,0.0,0.0,13.0,45.0,0.0,32.0,31.0,0.0,29.0,29.0,0.0,25.0,27.0,0.0,23.0,25.0,0.0,14.0,13.0,0.0,-5.0,8.0,0.0,6.0,11.0,0.0,0.0,32.0,32.0,63.0,63.0,63.0,0.0,29.0,34.0,63.0,63.0,63.0,0.0,25.0,36.0,63.0,63.0,63.0,0.0,23.0,38.0,63.0,63.0,63.0,5.0,19.0,39.0,52.0,63.0,63.0,18.0,13.0,42.0,50.0,63.0,63.0,10.0,16.0,40.0,51.0,63.0,63.0,37.0,0.0,44.0,5.0,63.0,46.0,63.0,0.0,0.49982496423854317,2.707516810988565,0.6515271948537135,0.4374894505865458,30.0,160.0,996238.2445141064,996865.2037617555,997443.9353749697,998119.1222570533,998697.8538702676,999131.9025801783,999324.8131179166,999373.040752351,999469.4960212201,999517.7236556546,999565.9512900892,999614.1789245236,999758.8618278273,999758.8618278273,999807.0894622619,999807.0894622619,999807.0894622619,999855.3170966964,999903.5447311308,999903.5447311308,999903.5447311308,999903.5447311308,999903.5447311308,999903.5447311308,999903.5447311308,999903.5447311308,1000000.0,1000000.0,1000000.0,1000000.0,1000000.0,1000000.0,1000000.0,1000000.0,1000000.0,1000000.0,1000000.0,1000000.0,1000000.0,1000000.0,1000000.0,1000000.0,1000000.0,1000000.0,1000000.0,1000000.0,1000000.0,1000000.0,1000000.0,1000000.0,1000000.0,1000000.0,1000000.0,1000000.0,1000000.0,1000000.0,1000000.0,1000000.0,1000000.0,1000000.0,1000000.0,1000000.0,1000000.0,1000000.0,0.0,0.0,0.0,0.0,0.0,48.22763443453082,48.22763443453082,96.4552688690621,96.4552688690621,96.4552688690621,96.4552688690621,96.4552688690621,144.68290330359284,241.13817217265407,385.82107547624787,434.04870991077877,626.959247648901,868.0974198215577,1061.0079575596806,1687.967205208584,2604.2922594646707,3809.9831203279427,6173.137207619962,9934.892693513388,16542.078611044137,24789.004099348924,46394.9843260188,71618.03713527854,125054.25608873888,198987.21967687478,324620.2073788281,405739.0884977092,665010.8512177477,793006.993006993,907065.3484446587,955100.0723414515,983506.1490233904,992524.7166626477,997395.7077405354,998890.7644080058,999807.0894622619,999855.3170966964,999951.7723655654,1000000.0,1000000.0,1000000.0,1000000.0,1000000.0,1000000.0,1000000.0,1000000.0,1000000.0,1000000.0,1000000.0,1000000.0,1000000.0,1000000.0,1000000.0,1000000.0,1000000.0,1000000.0,1000000.0,1000000.0,1000000.0,0.0,0.0,0.0,0.0,0.0,0.0,0.0,0.0,0.0,0.0,0.0,0.0,0.0,0.0,0.0,0.0,0.0,0.0,0.0,0.0,0.0,0.0,0.0,0.0,0.0,0.0,0.0,0.0,0.0,0.0,0.0,0.0,0.0,0.0,0.0,0.0,0.0,0.0,0.0,0.0,0.0,0.0,0.0,0.0,0.0,0.0,48.22763443453082,96.4552688690621,144.68290330359284,144.68290330359284,482.27634434531,819.8697853870253,1880.8777429467057,2748.975162768264,3231.251507113574,3424.1620448516924,3665.3002170243526,3713.527851458888,3809.9831203279427,3809.9831203279427,3858.2107547624714,3906.438389197008,4002.8936580660734,1000000.0,48.22763443453082,48.22763443453082,48.22763443453082,48.22763443453082,48.22763443453082,48.22763443453082,48.22763443453082,48.22763443453082,48.22763443453082,48.22763443453082,48.22763443453082,48.22763443453082,48.22763443453082,48.22763443453082,48.22763443453082,48.22763443453082,48.22763443453082,48.22763443453082,48.22763443453082,48.22763443453082,48.22763443453082,48.22763443453082,48.22763443453082,48.22763443453082,48.22763443453082,48.22763443453082,48.22763443453082,48.22763443453082,48.22763443453082,48.22763443453082,48.22763443453082,48.22763443453082,48.22763443453082,48.22763443453082,48.22763443453082,48.22763443453082,48.22763443453082,48.22763443453082,48.22763443453082,48.22763443453082,48.22763443453082,48.22763443453082,48.22763443453082,48.22763443453082,48.22763443453082,48.22763443453082,48.22763443453082,48.22763443453082,48.22763443453082,48.22763443453082,48.22763443453082,48.22763443453082,48.22763443453082,48.22763443453082,48.22763443453082,48.22763443453082,48.22763443453082,48.22763443453082,48.22763443453082,48.22763443453082,48.22763443453082,48.22763443453082,48.22763443453082,1000000.0
FLINT,MAGNUM03,F,na,na,na,na,2025_03_11-15_02_56,na,0,24,Yes,1,na,4967.446346756719,8680.97419821557,3520.617313720772,12.0,41.0,62.0,,,,8198.697853870257,15336.387750180867,3520.617313720772,12.0,41.0,62.0,31.0,20.0,12.0,27.0,14.0,9.0,17.0,6.0,7.0,6.0,0.0,5.0,-25.0,-27.0,0.0,-50.0,-35.0,0.0,-35.0,-30.0,0.0,0.0,31.0,31.0,51.0,51.0,63.0,0.0,27.0,34.0,48.0,54.0,63.0,2.0,19.0,38.0,44.0,56.0,63.0,8.0,14.0,41.0,41.0,58.0,63.0,32.0,7.0,63.0,36.0,63.0,63.0,50.0,0.0,63.0,28.0,63.0,63.0,39.0,4.0,63.0,33.0,63.0,63.0,63.0,0.0,63.0,0.0,63.0,0.0,63.0,62.0,2.049015423057478,4.612103665089808,3.0900481658287506,0.006944276993437237,30.0,160.0,959054.7383650831,967542.8020255606,979599.7106341934,983795.5148299976,988955.8717144924,991270.7981673499,992524.7166626477,993055.2206414274,993875.0904268145,994550.2773088979,994887.8707499397,995032.5536532432,995418.3747287195,995659.5129008922,995948.8787074994,995948.8787074994,996286.472148541,996382.9274174101,996672.2932240173,996768.7484928863,997106.3419339281,997347.4801061008,997588.6182782734,997636.845912708,997829.756450446,997926.211719315,998215.5775259222,998312.0327947914,998360.2604292259,998504.9433325295,998553.1709669641,998697.8538702676,998890.7644080058,998987.2196768748,999083.6749457439,999180.1302146129,999228.3578490474,999373.040752351,999469.4960212201,999565.9512900892,999662.4065589582,999710.6341933928,999758.8618278273,999758.8618278273,999758.8618278273,999807.0894622619,999807.0894622619,999807.0894622619,999807.0894622619,999855.3170966964,999903.5447311308,999951.7723655654,999951.7723655654,999951.7723655654,999951.7723655654,999951.7723655654,999951.7723655654,999951.7723655654,999951.7723655654,999951.7723655654,999951.7723655654,1000000.0,1000000.0,1000000.0,241.13817217265407,385.82107547624787,482.27634434531,530.5039787798403,819.8697853870253,1012.7803231251486,1350.373764166866,1446.829033035929,2073.7882806848356,2266.6988184229576,2941.8857005063924,3472.38967928623,4629.85290571497,5594.405594405593,7475.283337352298,8246.925488304796,10851.217747769464,13503.73764166868,18374.728719556282,23197.492163009418,31010.36894140342,40704.12346274415,54883.04798649622,67229.32240173627,89992.76585483478,113720.76199662412,157993.73040752352,199276.5854834821,270460.5739088497,350229.081263564,475765.61369664816,543043.1637328189,727513.8654448999,809693.7545213407,893368.7002652519,926742.2232939475,958572.4620207378,974053.5326742223,985097.6609597298,989245.2375210995,993344.5864480347,994984.3260188088,996382.9274174101,996865.2037617555,997443.9353749697,997685.0735471424,997829.756450446,997829.756450446,997877.9840848806,997926.211719315,997926.211719315,997974.4393537496,997974.4393537496,998022.6669881842,998022.6669881842,998022.6669881842,998022.6669881842,998022.6669881842,998022.6669881842,998119.1222570533,998167.3498914879,998167.3498914879,998263.8051603568,1000000.0,48.22763443453082,48.22763443453082,48.22763443453082,48.22763443453082,48.22763443453082,48.22763443453082,48.22763443453082,48.22763443453082,48.22763443453082,48.22763443453082,48.22763443453082,48.22763443453082,48.22763443453082,48.22763443453082,48.22763443453082,48.22763443453082,48.22763443453082,48.22763443453082,48.22763443453082,48.22763443453082,48.22763443453082,48.22763443453082,48.22763443453082,96.4552688690621,96.4552688690621,96.4552688690621,144.68290330359284,192.91053773812425,241.13817217265407,289.36580660718624,337.59344104171646,337.59344104171646,385.82107547624787,578.7316132143711,675.1868820834334,1012.7803231251486,1495.056667470457,1880.8777429467057,2556.0646250301406,3665.3002170243526,6028.454304316367,8729.201832650102,13166.144200626935,18278.273450687222,29515.312273932934,43453.098625512386,75138.65444899924,107740.53532674228,176802.5078369907,262213.6484205449,419821.5577525922,528574.8734024595,699879.4309139135,818760.5497950326,923269.8336146612,960405.1121292501,982879.1897757414,990595.6112852665,994212.6838678562,995321.9194598505,996190.0168796721,996479.3826862792,996624.0655895828,1000000.0,0.0,0.0,0.0,0.0,0.0,0.0,0.0,0.0,0.0,0.0,0.0,0.0,0.0,0.0,0.0,0.0,0.0,0.0,0.0,0.0,0.0,0.0,0.0,0.0,0.0,0.0,0.0,0.0,0.0,0.0,0.0,0.0,0.0,0.0,0.0,0.0,0.0,0.0,0.0,0.0,0.0,0.0,0.0,0.0,0.0,0.0,0.0,0.0,0.0,0.0,0.0,0.0,0.0,0.0,0.0,0.0,0.0,0.0,0.0,0.0,0.0,0.0,48.22763443453082,1000000.0
FLINT,MAGNUM03,F,na,na,na,na,2025_03_11-15_02_56,na,0,25,Yes,1,na,1639.7395707741225,5690.860863274748,2604.2922594646766,9.0,41.0,62.0,,,,3231.251507113644,9934.892693513473,2652.5198938992075,9.0,41.0,62.0,31.0,21.0,11.0,27.0,15.0,9.0,18.0,8.0,7.0,12.0,2.0,6.0,-3.0,-24.0,0.0,-38.0,-32.0,0.0,-24.0,-28.0,0.0,0.0,31.0,31.0,52.0,52.0,63.0,0.0,27.0,34.0,49.0,54.0,63.0,2.0,20.0,37.0,45.0,56.0,63.0,4.0,16.0,40.0,42.0,57.0,63.0,12.0,9.0,63.0,39.0,63.0,63.0,38.0,0.0,63.0,31.0,63.0,63.0,26.0,2.0,63.0,35.0,63.0,63.0,63.0,0.0,63.0,0.0,63.0,0.0,63.0,0.0,1.1795316002351783,4.373997716286085,2.715661024763381,0.43754422556097095,30.0,160.0,966819.3875090426,974535.8090185677,984470.701712081,989486.3756932722,994887.8707499397,996431.1550518447,997347.4801061008,997636.845912708,998360.2604292259,998408.4880636605,998504.9433325295,998601.3986013986,998746.0815047021,998842.5367735712,999035.4473113093,999083.6749457439,999180.1302146129,999228.3578490474,999228.3578490474,999324.8131179166,999324.8131179166,999324.8131179166,999469.4960212201,999469.4960212201,999469.4960212201,999469.4960212201,999565.9512900892,999565.9512900892,999614.1789245236,999662.4065589582,999662.4065589582,999710.6341933928,999710.6341933928,999758.8618278273,999758.8618278273,999758.8618278273,999807.0894622619,999855.3170966964,999903.5447311308,999951.7723655654,999951.7723655654,999951.7723655654,999951.7723655654,999951.7723655654,999951.7723655654,999951.7723655654,999951.7723655654,999951.7723655654,999951.7723655654,999951.7723655654,999951.7723655654,999951.7723655654,999951.7723655654,1000000.0,1000000.0,1000000.0,1000000.0,1000000.0,1000000.0,1000000.0,1000000.0,1000000.0,1000000.0,1000000.0,337.59344104171646,434.04870991077877,626.959247648901,675.1868820834334,675.1868820834334,916.3250542560885,964.5526886906189,1302.1461297323344,1350.373764166866,1639.7395707740552,1977.3330118157653,2459.609356161082,3183.023872679041,4002.8936580660734,4919.218712322153,5546.177959971061,7716.421509524954,9838.437424644324,13262.599469496023,17072.58258982395,22859.898721967693,31058.59657583795,43115.505184470705,53725.584760067526,73113.09380274898,96069.44779358584,134458.64480347242,177381.23945020494,241523.99324813124,322691.1020014468,444272.9684108994,501422.7152158186,719315.1675910297,814227.1521581867,897950.3255365324,938075.7173860623,964408.0057873161,979020.9790209789,988087.7742946708,991463.7087050879,994309.1391367252,995466.602363154,996334.6997829756,996624.0655895828,996816.9761273209,996961.6590306245,997058.1142994935,997058.1142994935,997058.1142994935,997058.1142994935,997058.1142994935,997154.5695683626,997251.0248372317,997299.2524716662,997347.4801061008,997443.9353749697,997443.9353749697,997492.1630094043,997540.3906438388,997540.3906438388,997588.6182782734,997588.6182782734,997733.301181577,1000000.0,48.22763443453082,48.22763443453082,48.22763443453082,48.22763443453082,48.22763443453082,48.22763443453082,48.22763443453082,48.22763443453082,48.22763443453082,48.22763443453082,48.22763443453082,48.22763443453082,48.22763443453082,48.22763443453082,48.22763443453082,48.22763443453082,48.22763443453082,48.22763443453082,48.22763443453082,48.22763443453082,48.22763443453082,48.22763443453082,48.22763443453082,48.22763443453082,48.22763443453082,48.22763443453082,48.22763443453082,48.22763443453082,48.22763443453082,96.4552688690621,96.4552688690621,241.13817217265407,337.59344104171646,385.82107547624787,530.5039787798403,578.7316132143711,723.414516517964,916.3250542560885,1109.2355919942117,1639.7395707740552,2748.975162768264,4292.259464673261,6993.006993006999,10417.169037858685,15191.704846877255,24210.272486134556,45430.43163732821,68820.83433807574,129153.60501567391,210899.44538220396,361128.526645768,489172.89606944774,668869.0619725102,808584.5189293465,926983.36146612,966144.2006269592,988473.595370147,993923.318061249,996575.8379551483,997009.886665059,997347.4801061008,997395.7077405354,997443.9353749697,1000000.0,48.22763443453082,48.22763443453082,48.22763443453082,48.22763443453082,48.22763443453082,48.22763443453082,48.22763443453082,48.22763443453082,48.22763443453082,48.22763443453082,48.22763443453082,48.22763443453082,48.22763443453082,48.22763443453082,48.22763443453082,48.22763443453082,48.22763443453082,48.22763443453082,48.22763443453082,48.22763443453082,48.22763443453082,48.22763443453082,48.22763443453082,48.22763443453082,48.22763443453082,48.22763443453082,48.22763443453082,48.22763443453082,48.22763443453082,48.22763443453082,48.22763443453082,48.22763443453082,48.22763443453082,48.22763443453082,48.22763443453082,48.22763443453082,48.22763443453082,48.22763443453082,48.22763443453082,48.22763443453082,48.22763443453082,48.22763443453082,48.22763443453082,48.22763443453082,48.22763443453082,48.22763443453082,48.22763443453082,48.22763443453082,48.22763443453082,48.22763443453082,48.22763443453082,48.22763443453082,48.22763443453082,48.22763443453082,48.22763443453082,48.22763443453082,48.22763443453082,48.22763443453082,48.22763443453082,48.22763443453082,48.22763443453082,48.22763443453082,96.4552688690621,1000000.0
FLINT,MAGNUM03,F,na,na,na,na,2025_03_11-15_02_56,na,0,26,Yes,1,na,4774.535809018565,12298.046780805396,3472.3896792863147,12.0,41.0,62.0,,,,8632.746563781042,21075.476247890103,3472.3896792863147,12.0,41.0,62.0,32.0,19.0,12.0,27.0,14.0,9.0,16.0,5.0,7.0,6.0,-1.0,5.0,-22.0,-29.0,0.0,-47.0,-35.0,0.0,-36.0,-31.0,0.0,0.0,32.0,32.0,51.0,51.0,63.0,0.0,27.0,34.0,48.0,54.0,63.0,3.0,19.0,38.0,43.0,56.0,63.0,8.0,14.0,41.0,40.0,58.0,63.0,30.0,8.0,63.0,34.0,63.0,63.0,47.0,0.0,63.0,28.0,63.0,63.0,39.0,3.0,63.0,32.0,63.0,63.0,63.0,0.0,63.0,0.0,63.0,0.0,63.0,63.0,1.962058610077277,4.7268052755468695,3.2739641730196904,0.0,30.0,160.0,952109.9590065107,962285.9898721967,975500.3617072582,980853.6291294912,988618.2782734506,991126.1152640462,992524.7166626477,993151.6759102965,994019.7733301182,994453.8220400289,995032.5536532432,995418.3747287195,995852.4234386302,996045.3339763684,996190.0168796721,996286.472148541,996479.3826862792,996768.7484928863,996865.2037617555,997058.1142994935,997395.7077405354,997540.3906438388,997877.9840848806,998022.6669881842,998167.3498914879,998360.2604292259,998456.7156980949,998456.7156980949,998649.626235833,998649.626235833,998842.5367735712,998842.5367735712,999083.6749457439,999083.6749457439,999228.3578490474,999276.585483482,999469.4960212201,999469.4960212201,999517.7236556546,999614.1789245236,999662.4065589582,999662.4065589582,999807.0894622619,999807.0894622619,999807.0894622619,999807.0894622619,999855.3170966964,999903.5447311308,999903.5447311308,999951.7723655654,999951.7723655654,999951.7723655654,999951.7723655654,1000000.0,1000000.0,1000000.0,1000000.0,1000000.0,1000000.0,1000000.0,1000000.0,1000000.0,1000000.0,1000000.0,289.36580660718624,337.59344104171646,385.82107547624787,675.1868820834334,771.6421509524955,868.0974198215577,1061.0079575596806,1253.9184952978064,1977.3330118157653,2700.747528333735,3183.023872679041,3761.755485893413,4822.763443453095,6076.6819387508895,8054.014950566682,9211.4781769954,12008.680974198212,14950.566674704614,20110.923559199407,24596.093561610804,32119.60453339764,41620.44851700022,55847.60067518689,69399.56595129009,90233.90402700753,113093.80274897529,153267.42223293943,193392.8140824692,261007.95755968176,333542.31974921626,446587.8948637569,489944.5382204002,703207.1376898963,789727.5138654449,874608.1504702193,913865.4448999276,949312.756209308,966819.3875090426,979985.5317096696,986110.4412828551,991222.5705329153,994068.0009645526,995563.0576320231,996382.9274174101,997009.886665059,997347.4801061008,997781.5288160116,997877.9840848806,998022.6669881842,998167.3498914879,998215.5775259222,998215.5775259222,998215.5775259222,998360.2604292259,998360.2604292259,998360.2604292259,998360.2604292259,998360.2604292259,998360.2604292259,998360.2604292259,998360.2604292259,998360.2604292259,998408.4880636605,1000000.0,48.22763443453082,48.22763443453082,48.22763443453082,48.22763443453082,48.22763443453082,48.22763443453082,48.22763443453082,48.22763443453082,48.22763443453082,48.22763443453082,48.22763443453082,48.22763443453082,48.22763443453082,48.22763443453082,48.22763443453082,48.22763443453082,48.22763443453082,48.22763443453082,48.22763443453082,48.22763443453082,48.22763443453082,48.22763443453082,48.22763443453082,96.4552688690621,96.4552688690621,96.4552688690621,96.4552688690621,96.4552688690621,241.13817217265407,434.04870991077877,482.27634434531,530.5039787798403,868.0974198215577,1157.4632264287443,1639.7395707740552,1832.650108512174,2314.926452857486,3134.7962382445157,4436.942367976849,5835.543766578246,8777.42946708464,12346.274415239926,18760.549795032555,25657.101519170483,37955.148299975874,54786.592717627216,87050.88015432844,121388.9558717145,194791.4154810706,282228.11671087536,428164.93850976607,539474.3187846636,706052.5681215337,818422.9563539907,922353.5085604051,957222.088256571,981818.1818181818,989968.6520376175,994694.9602122015,995611.2852664576,996238.2445141064,996527.6103207137,996624.0655895828,1000000.0,0.0,0.0,0.0,0.0,0.0,0.0,0.0,0.0,0.0,0.0,0.0,0.0,0.0,0.0,0.0,0.0,0.0,0.0,0.0,0.0,0.0,0.0,0.0,0.0,0.0,0.0,0.0,0.0,0.0,0.0,0.0,0.0,0.0,0.0,0.0,0.0,0.0,0.0,0.0,0.0,0.0,0.0,0.0,0.0,0.0,0.0,0.0,0.0,0.0,0.0,0.0,0.0,0.0,0.0,0.0,0.0,0.0,0.0,0.0,0.0,0.0,0.0,0.0,1000000.0
FLINT,MAGNUM03,F,na,na,na,na,2025_03_11-15_02_56,na,0,27,Yes,1,na,4002.893658066155,13600.192910537737,7475.283337352362,10.0,41.0,62.0,,,,6655.413551965312,26091.15022908135,7619.966240655955,10.0,41.0,62.0,31.0,20.0,12.0,26.0,14.0,9.0,16.0,5.0,6.0,7.0,-9.0,0.0,-17.0,-28.0,0.0,-41.0,-31.0,0.0,-29.0,-31.0,0.0,0.0,31.0,31.0,51.0,51.0,63.0,0.0,26.0,34.0,48.0,54.0,63.0,2.0,18.0,38.0,43.0,57.0,63.0,6.0,13.0,48.0,39.0,63.0,63.0,23.0,6.0,63.0,35.0,63.0,63.0,41.0,0.0,63.0,32.0,63.0,63.0,32.0,3.0,63.0,32.0,63.0,63.0,58.0,0.0,63.0,0.0,63.0,25.0,63.0,60.0,1.5517893744574645,5.309043151741052,3.3760335570626387,0.024054520972356393,30.0,160.0,966578.2493368699,974149.9879430914,981625.2712804436,987074.9939715456,991608.3916083915,993826.8627923799,994887.8707499397,995321.9194598505,995707.7405353268,995997.1063419338,996479.3826862792,996720.5208584518,996913.43139619,997106.3419339281,997251.0248372317,997347.4801061008,997685.0735471424,997781.5288160116,998022.6669881842,998070.8946226187,998167.3498914879,998456.7156980949,998649.626235833,998794.3091391367,998987.2196768748,999131.9025801783,999180.1302146129,999276.585483482,999324.8131179166,999469.4960212201,999517.7236556546,999517.7236556546,999614.1789245236,999662.4065589582,999710.6341933928,999710.6341933928,999710.6341933928,999758.8618278273,999758.8618278273,999855.3170966964,999855.3170966964,999903.5447311308,999903.5447311308,999951.7723655654,999951.7723655654,999951.7723655654,999951.7723655654,999951.7723655654,999951.7723655654,999951.7723655654,1000000.0,1000000.0,1000000.0,1000000.0,1000000.0,1000000.0,1000000.0,1000000.0,1000000.0,1000000.0,1000000.0,1000000.0,1000000.0,1000000.0,337.59344104171646,337.59344104171646,530.5039787798403,868.0974198215577,1109.2355919942117,1205.690860863273,1495.056667470457,1591.5119363395213,2170.2435495538875,2652.5198938992025,3086.56860380998,4340.487099107789,5642.633228840121,7234.145165179647,9741.98215577526,11478.176995418351,15770.436460091643,19966.24065589584,26525.198938992027,32601.88087774292,41765.13142030383,52423.43863033518,69640.70412346277,83482.03520617314,107306.48661683145,137062.9370629371,180950.08439836025,226380.51603568837,290716.1803713527,367591.02965999517,481504.7021943573,531661.4420062695,728430.190499156,810417.1690378585,886279.2380033759,924186.1586689171,952206.4142753797,967446.3467566915,978345.7921388955,983650.8319266939,987171.4492404147,989293.4651555341,991511.9363395225,992476.4890282131,993006.993006993,993151.6759102965,993489.2693513383,993730.407523511,993875.0904268145,994019.7733301182,994116.2285989872,994212.6838678562,994357.3667711598,994357.3667711598,994453.8220400289,994550.2773088979,994550.2773088979,994694.9602122015,994839.6431155051,994887.8707499397,994936.0983843743,995080.7812876777,995177.2365565469,1000000.0,0.0,0.0,0.0,0.0,0.0,0.0,0.0,0.0,0.0,0.0,0.0,0.0,0.0,0.0,0.0,0.0,0.0,0.0,0.0,0.0,0.0,0.0,0.0,0.0,0.0,48.22763443453082,96.4552688690621,96.4552688690621,192.91053773812425,192.91053773812425,192.91053773812425,192.91053773812425,626.959247648901,916.3250542560885,1350.373764166866,1929.1053773812387,2459.609356161082,3424.1620448516924,5208.58451892934,6607.1859175307445,9790.2097902098,13648.420544972252,20110.923559199407,28357.849047504198,41089.94453822035,55220.641427537965,87002.65251989392,118302.38726790455,192476.48902821308,282372.7996141789,432216.0598022667,551386.5444899927,703641.1863998071,814420.0626959247,914299.4936098383,952978.0564263322,976609.5972992524,984808.2951531227,988811.1888111888,990788.5218230045,991994.2126838678,992524.7166626477,992910.5377381239,1000000.0,0.0,0.0,0.0,0.0,0.0,0.0,0.0,0.0,0.0,0.0,0.0,0.0,0.0,0.0,0.0,0.0,0.0,0.0,0.0,0.0,0.0,0.0,0.0,0.0,0.0,0.0,0.0,0.0,0.0,0.0,0.0,0.0,0.0,0.0,0.0,0.0,0.0,0.0,0.0,0.0,0.0,0.0,0.0,0.0,0.0,0.0,0.0,0.0,0.0,0.0,0.0,0.0,0.0,0.0,0.0,0.0,0.0,0.0,0.0,0.0,48.22763443453082,48.22763443453082,192.91053773812425,1000000.0
FLINT,MAGNUM03,F,na,na,na,na,2025_03_11-15_02_56,na,0,28,Yes,1,na,96.4552688690621,48.22763443457198,289.36580660721114,25.0,42.0,58.0,,,,96.4552688690621,48.22763443457198,337.593441041742,25.0,42.0,58.0,32.0,20.0,11.0,30.0,17.0,8.0,26.0,13.0,6.0,24.0,11.0,4.0,21.0,8.0,4.0,15.0,5.0,1.0,20.0,7.0,2.0,0.0,32.0,32.0,52.0,52.0,63.0,0.0,30.0,34.0,51.0,54.0,62.0,0.0,26.0,36.0,49.0,55.0,61.0,0.0,24.0,37.0,48.0,56.0,60.0,0.0,21.0,38.0,46.0,56.0,60.0,1.0,16.0,40.0,45.0,58.0,59.0,0.0,20.0,39.0,46.0,57.0,59.0,56.0,0.0,50.0,0.0,63.0,44.0,63.0,58.0,0.3901769710749647,2.4229445355276926,1.6199416071551074,0.5927487371714725,30.0,160.0,999855.3170966964,999903.5447311308,999951.7723655654,999951.7723655654,1000000.0,1000000.0,1000000.0,1000000.0,1000000.0,1000000.0,1000000.0,1000000.0,1000000.0,1000000.0,1000000.0,1000000.0,1000000.0,1000000.0,1000000.0,1000000.0,1000000.0,1000000.0,1000000.0,1000000.0,1000000.0,1000000.0,1000000.0,1000000.0,1000000.0,1000000.0,1000000.0,1000000.0,1000000.0,1000000.0,1000000.0,1000000.0,1000000.0,1000000.0,1000000.0,1000000.0,1000000.0,1000000.0,1000000.0,1000000.0,1000000.0,1000000.0,1000000.0,1000000.0,1000000.0,1000000.0,1000000.0,1000000.0,1000000.0,1000000.0,1000000.0,1000000.0,1000000.0,1000000.0,1000000.0,1000000.0,1000000.0,1000000.0,1000000.0,1000000.0,48.22763443453082,48.22763443453082,48.22763443453082,48.22763443453082,48.22763443453082,48.22763443453082,48.22763443453082,48.22763443453082,48.22763443453082,48.22763443453082,48.22763443453082,48.22763443453082,48.22763443453082,48.22763443453082,48.22763443453082,144.68290330359284,289.36580660718624,289.36580660718624,289.36580660718624,434.04870991077877,964.5526886906189,1495.056667470457,3424.1620448516924,5353.267422232942,10320.71376898964,16783.21678321678,31106.824210272465,48227.634434530955,93320.4726308175,150711.3576079094,270942.85025319504,344200.62695924763,628502.5319508078,771304.5575114541,911888.1118881119,962527.1280443694,989968.6520376175,995948.8787074994,999083.6749457439,999758.8618278273,999951.7723655654,999951.7723655654,1000000.0,1000000.0,1000000.0,1000000.0,1000000.0,1000000.0,1000000.0,1000000.0,1000000.0,1000000.0,1000000.0,1000000.0,1000000.0,1000000.0,1000000.0,1000000.0,1000000.0,1000000.0,1000000.0,1000000.0,1000000.0,1000000.0,0.0,0.0,0.0,0.0,0.0,0.0,0.0,0.0,0.0,0.0,0.0,0.0,0.0,0.0,0.0,0.0,0.0,0.0,0.0,0.0,0.0,0.0,0.0,0.0,0.0,0.0,0.0,0.0,0.0,0.0,0.0,0.0,0.0,0.0,0.0,0.0,0.0,0.0,0.0,0.0,0.0,0.0,0.0,0.0,144.68290330359284,337.59344104171646,1398.601398601398,4147.576561369663,15384.615384615381,45671.569809500856,157511.45406317824,298866.65059078846,572751.38654449,772269.1102001447,947624.7890040993,985869.3031106823,998746.0815047021,999710.6341933928,999903.5447311308,999903.5447311308,999903.5447311308,999951.7723655654,999951.7723655654,1000000.0,0.0,0.0,0.0,0.0,0.0,0.0,0.0,0.0,0.0,0.0,0.0,0.0,0.0,0.0,0.0,0.0,0.0,0.0,0.0,0.0,0.0,0.0,0.0,0.0,0.0,0.0,0.0,0.0,0.0,0.0,0.0,0.0,0.0,0.0,0.0,0.0,0.0,0.0,0.0,0.0,0.0,0.0,0.0,0.0,0.0,0.0,0.0,0.0,0.0,0.0,0.0,0.0,0.0,0.0,0.0,0.0,0.0,0.0,96.4552688690621,916.3250542560885,8295.15312273932,50301.42271521575,243694.2367976851,1000000.0
FLINT,MAGNUM03,F,na,na,na,na,2025_03_11-15_02_56,na,0,29,Yes,1,na,337.59344104171646,3954.6660236315925,1543.284301905088,7.0,41.0,62.0,,,,337.59344104171646,6800.096455268924,1639.7395707741225,7.0,41.0,62.0,32.0,20.0,11.0,28.0,15.0,9.0,21.0,9.0,7.0,15.0,4.0,6.0,9.0,-23.0,0.0,-1.0,-28.0,-1.0,4.0,-26.0,0.0,0.0,32.0,32.0,52.0,52.0,63.0,0.0,28.0,34.0,49.0,54.0,63.0,0.0,21.0,37.0,46.0,56.0,63.0,2.0,17.0,39.0,43.0,57.0,63.0,4.0,13.0,63.0,40.0,63.0,63.0,6.0,5.0,63.0,35.0,63.0,62.0,5.0,9.0,63.0,37.0,63.0,63.0,8.0,0.0,63.0,0.0,63.0,0.0,63.0,61.0,0.29690404265539844,4.0008155608797615,2.5745679959315697,0.019639723639645043,30.0,160.0,986544.4899927658,990499.1560163974,996190.0168796721,997781.5288160116,999421.2683867855,999614.1789245236,1000000.0,1000000.0,1000000.0,1000000.0,1000000.0,1000000.0,1000000.0,1000000.0,1000000.0,1000000.0,1000000.0,1000000.0,1000000.0,1000000.0,1000000.0,1000000.0,1000000.0,1000000.0,1000000.0,1000000.0,1000000.0,1000000.0,1000000.0,1000000.0,1000000.0,1000000.0,1000000.0,1000000.0,1000000.0,1000000.0,1000000.0,1000000.0,1000000.0,1000000.0,1000000.0,1000000.0,1000000.0,1000000.0,1000000.0,1000000.0,1000000.0,1000000.0,1000000.0,1000000.0,1000000.0,1000000.0,1000000.0,1000000.0,1000000.0,1000000.0,1000000.0,1000000.0,1000000.0,1000000.0,1000000.0,1000000.0,1000000.0,1000000.0,144.68290330359284,144.68290330359284,192.91053773812425,192.91053773812425,192.91053773812425,289.36580660718624,337.59344104171646,385.82107547624787,434.04870991077877,626.959247648901,723.414516517964,1012.7803231251486,1350.373764166866,1784.4224740776426,2604.2922594646707,3472.38967928623,4919.218712322153,6848.3240897033975,10610.079575596808,12925.006028454296,18422.956353990838,24981.91463708706,34338.07571738605,44272.968410899375,59898.72196768748,78321.67832167831,117675.42802025565,153412.10513624316,213841.33108271036,293850.9766095973,419483.9643115505,473498.9148782252,693754.5213407283,794309.1391367255,895876.5372558475,939377.8635157945,968314.4441765131,983409.6937545212,990740.29418857,994309.1391367252,996045.3339763684,997154.5695683626,997588.6182782734,997685.0735471424,997877.9840848806,997926.211719315,997974.4393537496,998022.6669881842,998022.6669881842,998022.6669881842,998070.8946226187,998070.8946226187,998119.1222570533,998167.3498914879,998167.3498914879,998167.3498914879,998215.5775259222,998215.5775259222,998312.0327947914,998408.4880636605,998408.4880636605,998456.7156980949,998456.7156980949,1000000.0,48.22763443453082,48.22763443453082,48.22763443453082,48.22763443453082,48.22763443453082,48.22763443453082,48.22763443453082,48.22763443453082,48.22763443453082,48.22763443453082,48.22763443453082,48.22763443453082,48.22763443453082,48.22763443453082,48.22763443453082,48.22763443453082,48.22763443453082,48.22763443453082,48.22763443453082,48.22763443453082,48.22763443453082,48.22763443453082,48.22763443453082,48.22763443453082,48.22763443453082,48.22763443453082,48.22763443453082,48.22763443453082,48.22763443453082,48.22763443453082,96.4552688690621,96.4552688690621,96.4552688690621,144.68290330359284,192.91053773812425,241.13817217265407,434.04870991077877,626.959247648901,916.3250542560885,1253.9184952978064,2122.0159151193625,2893.6580660718573,4774.535809018565,7378.82806848324,11863.998070894622,18712.322160598032,35784.90475042198,55510.00723414511,101085.12177477697,172027.9720279721,315601.6397395708,438292.74174101755,619387.5090426814,777815.2881601157,919315.1675910295,964842.0544972268,989920.4244031829,995418.3747287195,997492.1630094043,998070.8946226187,998360.2604292259,998456.7156980949,998553.1709669641,1000000.0,0.0,0.0,0.0,0.0,0.0,0.0,0.0,0.0,0.0,0.0,0.0,0.0,0.0,0.0,0.0,0.0,0.0,0.0,0.0,0.0,0.0,0.0,0.0,0.0,0.0,0.0,0.0,0.0,0.0,0.0,0.0,0.0,0.0,0.0,0.0,0.0,0.0,0.0,0.0,0.0,0.0,0.0,0.0,0.0,0.0,0.0,0.0,0.0,0.0,0.0,0.0,0.0,0.0,0.0,0.0,0.0,0.0,0.0,0.0,0.0,0.0,48.22763443453082,241.13817217265407,1000000.0
FLINT,MAGNUM03,F,na,na,na,na,2025_03_11-15_02_56,na,0,30,Yes,1,na,1446.8290330359434,4967.446346756688,0.0,9.0,41.0,62.0,,,,2893.6580660718723,9018.567639257306,0.0,9.0,41.0,62.0,32.0,20.0,11.0,27.0,15.0,9.0,18.0,8.0,7.0,11.0,2.0,5.0,0.0,-8.0,0.0,-28.0,-32.0,0.0,-14.0,-26.0,0.0,0.0,32.0,32.0,52.0,52.0,63.0,0.0,27.0,34.0,49.0,54.0,63.0,2.0,20.0,37.0,45.0,56.0,63.0,4.0,15.0,40.0,42.0,58.0,63.0,9.0,9.0,46.0,38.0,63.0,63.0,32.0,4.0,63.0,31.0,63.0,63.0,21.0,7.0,63.0,37.0,63.0,63.0,51.0,0.0,63.0,0.0,63.0,0.0,63.0,62.0,0.9808083414862693,4.303250892515093,2.8007977472966528,0.006944276993437237,30.0,160.0,967253.4362189535,974439.3537496985,984374.2464432119,988328.9124668434,994936.0983843743,996624.0655895828,997685.0735471424,998022.6669881842,998553.1709669641,998890.7644080058,998987.2196768748,999083.6749457439,999228.3578490474,999276.585483482,999324.8131179166,999324.8131179166,999421.2683867855,999469.4960212201,999469.4960212201,999469.4960212201,999517.7236556546,999614.1789245236,999662.4065589582,999662.4065589582,999710.6341933928,999710.6341933928,999758.8618278273,999807.0894622619,999855.3170966964,999855.3170966964,999855.3170966964,999855.3170966964,999903.5447311308,999903.5447311308,999951.7723655654,999951.7723655654,999951.7723655654,999951.7723655654,999951.7723655654,999951.7723655654,999951.7723655654,1000000.0,1000000.0,1000000.0,1000000.0,1000000.0,1000000.0,1000000.0,1000000.0,1000000.0,1000000.0,1000000.0,1000000.0,1000000.0,1000000.0,1000000.0,1000000.0,1000000.0,1000000.0,1000000.0,1000000.0,1000000.0,1000000.0,1000000.0,96.4552688690621,96.4552688690621,96.4552688690621,96.4552688690621,241.13817217265407,385.82107547624787,530.5039787798403,723.414516517964,1061.0079575596806,1495.056667470457,2170.2435495538875,2700.747528333735,3617.07258258982,4629.85290571497,6076.6819387508895,6800.096455268857,9018.567639257291,11622.859898721968,16108.029901133345,19532.191945985043,27393.29635881359,34772.12442729683,46636.122498191435,57969.61659030622,79816.73498914871,103689.41403424159,143863.033518206,180901.85676392578,245671.56980950083,322401.73619483964,431058.59657583793,452568.12153363874,713093.8027489751,804581.6252712805,898046.7808054015,935133.8316855557,965613.6966481793,979840.848806366,989197.009886665,992331.8061249095,995948.8787074994,997106.3419339281,997926.211719315,998119.1222570533,998408.4880636605,998649.626235833,998746.0815047021,998794.3091391367,998794.3091391367,998794.3091391367,998794.3091391367,998794.3091391367,998842.5367735712,998842.5367735712,998842.5367735712,998842.5367735712,998842.5367735712,998842.5367735712,998842.5367735712,998842.5367735712,998890.7644080058,998890.7644080058,998890.7644080058,1000000.0,48.22763443453082,48.22763443453082,48.22763443453082,48.22763443453082,48.22763443453082,48.22763443453082,48.22763443453082,48.22763443453082,48.22763443453082,48.22763443453082,48.22763443453082,48.22763443453082,48.22763443453082,48.22763443453082,48.22763443453082,48.22763443453082,48.22763443453082,48.22763443453082,48.22763443453082,48.22763443453082,48.22763443453082,48.22763443453082,48.22763443453082,48.22763443453082,48.22763443453082,48.22763443453082,96.4552688690621,96.4552688690621,96.4552688690621,144.68290330359284,192.91053773812425,241.13817217265407,289.36580660718624,289.36580660718624,337.59344104171646,434.04870991077877,530.5039787798403,916.3250542560885,1543.2843019049903,2411.3817217265464,3665.3002170243526,5015.673981191222,7957.559681697602,11671.08753315649,18567.639257294406,28357.849047504198,50446.105618519425,73595.37014709426,131516.75910296594,209259.70581142994,361032.07137689897,485507.5958524234,654979.5032553653,791222.5705329153,920038.5821075476,960839.1608391608,987171.4492404147,993633.9522546419,996624.0655895828,997251.0248372317,997685.0735471424,997733.301181577,997733.301181577,1000000.0,0.0,0.0,0.0,0.0,0.0,0.0,0.0,0.0,0.0,0.0,0.0,0.0,0.0,0.0,0.0,0.0,0.0,0.0,0.0,0.0,0.0,0.0,0.0,0.0,0.0,0.0,0.0,0.0,0.0,0.0,0.0,0.0,0.0,0.0,0.0,0.0,0.0,0.0,0.0,0.0,0.0,0.0,0.0,0.0,0.0,0.0,0.0,0.0,0.0,0.0,0.0,0.0,0.0,0.0,0.0,0.0,0.0,0.0,0.0,0.0,0.0,0.0,48.22763443453082,1000000.0
FLINT,MAGNUM03,F,na,na,na,na,2025_03_11-15_02_56,na,0,31,Yes,1,na,1302.1461297323394,4678.080540149494,48.22763443453082,7.0,41.0,62.0,,,,2314.926452857488,9163.250542560932,48.22763443453082,7.0,41.0,62.0,31.0,20.0,12.0,27.0,15.0,9.0,20.0,8.0,7.0,12.0,2.0,6.0,1.0,-24.0,0.0,-18.0,-31.0,0.0,-7.0,-28.0,0.0,0.0,31.0,31.0,51.0,51.0,63.0,0.0,27.0,34.0,49.0,54.0,63.0,0.0,20.0,37.0,45.0,56.0,63.0,3.0,15.0,40.0,42.0,57.0,63.0,7.0,8.0,63.0,39.0,63.0,63.0,20.0,2.0,63.0,32.0,63.0,63.0,12.0,5.0,63.0,35.0,63.0,63.0,32.0,0.0,63.0,0.0,63.0,0.0,63.0,61.0,0.6344857791241227,4.3178781904615,2.763999281426755,0.015527575859944588,30.0,160.0,982541.5963346998,987026.766337111,992331.8061249095,995273.6918254159,997347.4801061008,998215.5775259222,998697.8538702676,998842.5367735712,999083.6749457439,999228.3578490474,999469.4960212201,999517.7236556546,999565.9512900892,999614.1789245236,999614.1789245236,999614.1789245236,999662.4065589582,999710.6341933928,999855.3170966964,999855.3170966964,999903.5447311308,999903.5447311308,999903.5447311308,999903.5447311308,999903.5447311308,1000000.0,1000000.0,1000000.0,1000000.0,1000000.0,1000000.0,1000000.0,1000000.0,1000000.0,1000000.0,1000000.0,1000000.0,1000000.0,1000000.0,1000000.0,1000000.0,1000000.0,1000000.0,1000000.0,1000000.0,1000000.0,1000000.0,1000000.0,1000000.0,1000000.0,1000000.0,1000000.0,1000000.0,1000000.0,1000000.0,1000000.0,1000000.0,1000000.0,1000000.0,1000000.0,1000000.0,1000000.0,1000000.0,1000000.0,144.68290330359284,192.91053773812425,241.13817217265407,337.59344104171646,482.27634434531,626.959247648901,868.0974198215577,1061.0079575596806,1398.601398601398,1687.967205208584,2266.6988184229576,2604.2922594646707,3472.38967928623,4436.942367976849,5883.771401012779,6510.730648661682,9645.526886906195,12008.680974198212,16349.168073306007,20352.061731372072,26428.743670122974,34241.620448517,45816.252712804395,57005.063901615606,77357.12563298768,104557.51145406322,151097.17868338557,198697.85387026757,264673.257776706,345936.8217988907,470798.16734989145,515939.2331806124,737834.5792138895,825174.8251748251,905618.5194116229,944104.1716903786,968700.2652519894,980516.0356884495,989245.2375210995,992380.033759344,995514.8299975885,996672.2932240173,997540.3906438388,997877.9840848806,998167.3498914879,998167.3498914879,998167.3498914879,998215.5775259222,998312.0327947914,998312.0327947914,998360.2604292259,998360.2604292259,998360.2604292259,998360.2604292259,998408.4880636605,998456.7156980949,998504.9433325295,998601.3986013986,998601.3986013986,998601.3986013986,998601.3986013986,998601.3986013986,998601.3986013986,1000000.0,48.22763443453082,48.22763443453082,48.22763443453082,48.22763443453082,48.22763443453082,48.22763443453082,48.22763443453082,48.22763443453082,48.22763443453082,48.22763443453082,48.22763443453082,48.22763443453082,48.22763443453082,48.22763443453082,48.22763443453082,48.22763443453082,48.22763443453082,48.22763443453082,48.22763443453082,96.4552688690621,96.4552688690621,96.4552688690621,96.4552688690621,96.4552688690621,96.4552688690621,96.4552688690621,96.4552688690621,144.68290330359284,144.68290330359284,144.68290330359284,144.68290330359284,192.91053773812425,337.59344104171646,385.82107547624787,434.04870991077877,626.959247648901,819.8697853870253,1012.7803231251486,1205.690860863273,1784.4224740776426,3183.023872679041,4726.3081745840345,7523.510971786837,10899.44538220399,18085.362912949113,26814.56474559922,50783.69905956114,71859.17530745117,135905.47383650846,214709.42850253193,367349.89148782246,509187.36435977806,669833.6146612008,804919.2187123222,927320.9549071618,963588.1360019291,987750.1808536291,994453.8220400289,996816.9761273209,997492.1630094043,997733.301181577,997926.211719315,997926.211719315,1000000.0,0.0,0.0,0.0,0.0,0.0,0.0,0.0,0.0,0.0,0.0,0.0,0.0,0.0,0.0,0.0,0.0,0.0,0.0,0.0,0.0,0.0,0.0,0.0,0.0,0.0,0.0,0.0,0.0,0.0,0.0,0.0,0.0,0.0,0.0,0.0,0.0,0.0,0.0,0.0,0.0,0.0,0.0,0.0,0.0,0.0,0.0,0.0,0.0,0.0,0.0,0.0,0.0,0.0,0.0,0.0,0.0,0.0,0.0,0.0,0.0,0.0,48.22763443453082,96.4552688690621,1000000.0
FLINT,MAGNUM03,F,na,na,na,na,2025_03_11-15_02_56,na,0,32,Yes,1,na,771.6421509524955,5112.129250060321,1350.373764166911,4.0,40.0,62.0,,,,1109.235591994224,10127.803231251542,1495.0566674704742,4.0,40.0,62.0,32.0,20.0,11.0,27.0,15.0,9.0,19.0,8.0,7.0,14.0,2.0,6.0,6.0,-7.0,0.0,-5.0,-31.0,-1.0,-1.0,-28.0,-1.0,0.0,32.0,32.0,52.0,52.0,63.0,0.0,27.0,34.0,49.0,54.0,63.0,0.0,19.0,36.0,44.0,56.0,63.0,0.0,14.0,39.0,41.0,57.0,63.0,2.0,8.0,44.0,37.0,63.0,63.0,5.0,0.0,63.0,32.0,63.0,62.0,4.0,3.0,63.0,35.0,63.0,62.0,8.0,0.0,63.0,0.0,63.0,28.0,63.0,61.0,0.14812089331825887,4.448266982821243,2.938620856739404,0.03400701597097225,30.0,160.0,996816.9761273209,997974.4393537496,999180.1302146129,999469.4960212201,999855.3170966964,999951.7723655654,1000000.0,1000000.0,1000000.0,1000000.0,1000000.0,1000000.0,1000000.0,1000000.0,1000000.0,1000000.0,1000000.0,1000000.0,1000000.0,1000000.0,1000000.0,1000000.0,1000000.0,1000000.0,1000000.0,1000000.0,1000000.0,1000000.0,1000000.0,1000000.0,1000000.0,1000000.0,1000000.0,1000000.0,1000000.0,1000000.0,1000000.0,1000000.0,1000000.0,1000000.0,1000000.0,1000000.0,1000000.0,1000000.0,1000000.0,1000000.0,1000000.0,1000000.0,1000000.0,1000000.0,1000000.0,1000000.0,1000000.0,1000000.0,1000000.0,1000000.0,1000000.0,1000000.0,1000000.0,1000000.0,1000000.0,1000000.0,1000000.0,1000000.0,434.04870991077877,434.04870991077877,434.04870991077877,578.7316132143711,819.8697853870253,1012.7803231251486,1157.4632264287443,1157.4632264287443,1687.967205208584,2073.7882806848356,2652.5198938992025,3327.7067759826386,4629.85290571497,5931.999035447306,8102.242585001196,9597.299252471657,12587.412587412591,16108.029901133345,21364.842054497214,27248.61345551002,35640.221847118344,43597.78152881599,58451.89293465154,69978.29756450442,92404.14757656128,115553.41210513626,157270.31589100554,197685.0735471425,261393.77863515794,332674.2223293947,446153.8461538461,485555.82348685793,717723.6556546901,814371.8350614902,916566.1924282613,953026.2840607667,977767.0605256812,986544.4899927658,992428.2613937786,994887.8707499397,996720.5208584518,997588.6182782734,998263.8051603568,998504.9433325295,998746.0815047021,998794.3091391367,998842.5367735712,998842.5367735712,998890.7644080058,998890.7644080058,998890.7644080058,998890.7644080058,998890.7644080058,998890.7644080058,998938.9920424403,998938.9920424403,998938.9920424403,998938.9920424403,998938.9920424403,998938.9920424403,999035.4473113093,999035.4473113093,999083.6749457439,1000000.0,0.0,0.0,0.0,0.0,0.0,0.0,0.0,0.0,0.0,0.0,0.0,0.0,0.0,0.0,0.0,0.0,0.0,0.0,0.0,0.0,0.0,0.0,0.0,0.0,0.0,0.0,0.0,0.0,48.22763443453082,96.4552688690621,96.4552688690621,96.4552688690621,241.13817217265407,289.36580660718624,434.04870991077877,578.7316132143711,1012.7803231251486,1784.4224740776426,2411.3817217265464,3086.56860380998,5063.901615625751,7282.372799614172,12249.819146370864,17120.81022425849,27393.29635881359,40945.261634916824,68917.28960694475,95780.08198697852,153460.33277067766,224017.3619483964,360356.8844948155,468483.24089703395,644321.1960453339,780323.1251507114,927079.816734989,967976.8507354714,991270.7981673499,995852.4234386302,997733.301181577,998408.4880636605,998553.1709669641,998649.626235833,998697.8538702676,1000000.0,0.0,0.0,0.0,0.0,0.0,0.0,0.0,0.0,0.0,0.0,0.0,0.0,0.0,0.0,0.0,0.0,0.0,0.0,0.0,0.0,0.0,0.0,0.0,0.0,0.0,0.0,0.0,0.0,0.0,0.0,0.0,0.0,0.0,0.0,0.0,0.0,0.0,0.0,0.0,0.0,0.0,0.0,0.0,0.0,0.0,0.0,0.0,0.0,0.0,0.0,0.0,0.0,0.0,0.0,0.0,0.0,0.0,0.0,0.0,0.0,0.0,96.4552688690621,868.0974198215577,1000000.0
FLINT,MAGNUM03,F,na,na,na,na,2025_03_11-15_02_56,na,0,33,Yes,1,na,1061.0079575597001,7523.510971786837,1398.6013986014846,4.0,40.0,62.0,,,,1880.877742946811,13551.965276103258,1495.0566674705178,4.0,40.0,62.0,32.0,19.0,12.0,26.0,14.0,9.0,18.0,6.0,7.0,12.0,1.0,6.0,3.0,-11.0,1.0,-13.0,-31.0,0.0,-5.0,-30.0,0.0,0.0,32.0,32.0,51.0,51.0,63.0,0.0,26.0,34.0,48.0,54.0,63.0,0.0,18.0,37.0,43.0,56.0,63.0,0.0,12.0,39.0,40.0,57.0,63.0,3.0,6.0,47.0,36.0,62.0,63.0,13.0,0.0,63.0,32.0,63.0,63.0,6.0,1.0,63.0,33.0,63.0,63.0,21.0,0.0,63.0,0.0,63.0,27.0,63.0,62.0,0.30937004211709573,4.7752761008462405,3.133282749064718,0.0138875492323737,30.0,160.0,996527.6103207137,997540.3906438388,998601.3986013986,998938.9920424403,999228.3578490474,999421.2683867855,999565.9512900892,999614.1789245236,999710.6341933928,999807.0894622619,999807.0894622619,999807.0894622619,999807.0894622619,999951.7723655654,999951.7723655654,1000000.0,1000000.0,1000000.0,1000000.0,1000000.0,1000000.0,1000000.0,1000000.0,1000000.0,1000000.0,1000000.0,1000000.0,1000000.0,1000000.0,1000000.0,1000000.0,1000000.0,1000000.0,1000000.0,1000000.0,1000000.0,1000000.0,1000000.0,1000000.0,1000000.0,1000000.0,1000000.0,1000000.0,1000000.0,1000000.0,1000000.0,1000000.0,1000000.0,1000000.0,1000000.0,1000000.0,1000000.0,1000000.0,1000000.0,1000000.0,1000000.0,1000000.0,1000000.0,1000000.0,1000000.0,1000000.0,1000000.0,1000000.0,1000000.0,530.5039787798403,578.7316132143711,723.414516517964,819.8697853870253,1012.7803231251486,1157.4632264287443,1639.7395707740552,1977.3330118157653,2604.2922594646707,3327.7067759826386,4340.487099107789,5497.950325536535,7282.372799614172,9066.795273691821,11478.176995418351,13359.054738365065,17458.403665300208,21413.069688931733,28020.25560646251,34386.30335182058,43404.87099107788,54256.088738847335,71859.17530745117,86616.83144441762,112515.07113576081,140053.05039787802,183120.3279479141,226862.7923800337,288497.70918736426,361659.03062454786,469688.93175789726,487918.97757414996,734844.4658789486,827248.6134555099,918591.7530745115,954280.2025560646,974101.7603086568,983457.9213889558,990692.0665541354,993971.5456956836,996431.1550518447,997299.2524716662,998022.6669881842,998215.5775259222,998504.9433325295,998553.1709669641,998601.3986013986,998746.0815047021,998794.3091391367,998794.3091391367,998794.3091391367,998842.5367735712,998842.5367735712,998842.5367735712,998842.5367735712,998890.7644080058,998890.7644080058,998938.9920424403,998938.9920424403,998987.2196768748,998987.2196768748,998987.2196768748,998987.2196768748,1000000.0,0.0,0.0,0.0,0.0,0.0,0.0,0.0,0.0,0.0,0.0,0.0,0.0,0.0,0.0,0.0,0.0,0.0,0.0,0.0,0.0,0.0,0.0,0.0,0.0,0.0,0.0,0.0,48.22763443453082,48.22763443453082,48.22763443453082,96.4552688690621,192.91053773812425,385.82107547624787,578.7316132143711,916.3250542560885,1061.0079575596806,1543.2843019049903,2700.747528333735,3809.9831203279427,4870.991077887631,7571.738606221362,11478.176995418351,18422.956353990838,26332.288401253903,39450.20496744634,57005.063901615606,92307.69230769225,124523.75210995898,194116.2285989872,274656.3781046539,412973.2336628888,534603.327706776,692452.3752109959,820593.1999035447,940053.0503978779,972317.3378345792,990595.6112852665,995225.4641909814,997395.7077405354,997877.9840848806,998504.9433325295,998601.3986013986,998794.3091391367,1000000.0,0.0,0.0,0.0,0.0,0.0,0.0,0.0,0.0,0.0,0.0,0.0,0.0,0.0,0.0,0.0,0.0,0.0,0.0,0.0,0.0,0.0,0.0,0.0,0.0,0.0,0.0,0.0,0.0,0.0,0.0,0.0,0.0,0.0,0.0,0.0,0.0,0.0,0.0,0.0,0.0,0.0,0.0,0.0,0.0,0.0,0.0,0.0,0.0,0.0,0.0,0.0,0.0,0.0,0.0,0.0,0.0,0.0,0.0,0.0,0.0,0.0,0.0,192.91053773812425,1000000.0
FLINT,MAGNUM03,F,na,na,na,na,2025_03_11-15_02_56,na,0,34,Yes,1,na,2314.926452857486,10754.762478900398,2652.5198938992503,7.0,40.0,62.0,,,,4533.397636845917,21171.931516759112,2748.975162768312,7.0,40.0,62.0,30.0,21.0,12.0,26.0,14.0,10.0,16.0,4.0,7.0,8.0,-2.0,5.0,-4.0,-30.0,0.0,-22.0,-38.0,0.0,-13.0,-34.0,0.0,0.0,30.0,30.0,51.0,51.0,63.0,0.0,26.0,34.0,48.0,53.0,63.0,2.0,18.0,38.0,42.0,56.0,63.0,4.0,12.0,41.0,39.0,58.0,63.0,9.0,5.0,63.0,33.0,63.0,63.0,22.0,0.0,63.0,25.0,63.0,63.0,14.0,1.0,63.0,29.0,63.0,63.0,49.0,0.0,63.0,0.0,63.0,0.0,63.0,55.0,0.8852099356212624,4.9481624383100336,3.391487609066043,0.05641487217331092,30.0,160.0,965324.3308415723,973812.3945020495,984422.4740776465,989823.9691343139,994936.0983843743,996913.43139619,997781.5288160116,998022.6669881842,998697.8538702676,998794.3091391367,999083.6749457439,999131.9025801783,999324.8131179166,999517.7236556546,999565.9512900892,999565.9512900892,999614.1789245236,999662.4065589582,999710.6341933928,999710.6341933928,999758.8618278273,999855.3170966964,999903.5447311308,999903.5447311308,999903.5447311308,999951.7723655654,999951.7723655654,999951.7723655654,999951.7723655654,999951.7723655654,999951.7723655654,999951.7723655654,999951.7723655654,999951.7723655654,999951.7723655654,999951.7723655654,999951.7723655654,999951.7723655654,999951.7723655654,999951.7723655654,999951.7723655654,999951.7723655654,999951.7723655654,999951.7723655654,1000000.0,1000000.0,1000000.0,1000000.0,1000000.0,1000000.0,1000000.0,1000000.0,1000000.0,1000000.0,1000000.0,1000000.0,1000000.0,1000000.0,1000000.0,1000000.0,1000000.0,1000000.0,1000000.0,1000000.0,434.04870991077877,578.7316132143711,723.414516517964,1061.0079575596806,1302.1461297323344,1446.829033035929,1977.3330118157653,2363.1540872920177,2990.1133349409165,3520.617313720762,4629.85290571497,5497.950325536535,6848.3240897033975,9018.567639257291,12056.90860863274,14275.379792621161,18181.818181818162,21702.435495538943,29129.491198456722,36749.4574391126,44417.65131420309,55510.00723414511,71618.03713527854,86809.74198215574,113672.53436218949,141885.70050639016,187653.72558476013,239064.38389196998,307210.0313479624,389245.23752109957,500554.61779599707,536339.5225464191,743477.2124427297,825126.5975403908,897709.1873643599,933060.0434048708,959151.1936339522,973619.4839643115,984856.5227875572,989582.8309621413,993248.1311791657,995225.4641909814,996865.2037617555,997492.1630094043,997829.756450446,998119.1222570533,998215.5775259222,998215.5775259222,998312.0327947914,998408.4880636605,998456.7156980949,998553.1709669641,998553.1709669641,998553.1709669641,998553.1709669641,998601.3986013986,998601.3986013986,998601.3986013986,998649.626235833,998649.626235833,998649.626235833,998697.8538702676,998697.8538702676,1000000.0,96.4552688690621,96.4552688690621,96.4552688690621,96.4552688690621,96.4552688690621,96.4552688690621,96.4552688690621,96.4552688690621,96.4552688690621,96.4552688690621,96.4552688690621,96.4552688690621,96.4552688690621,96.4552688690621,96.4552688690621,96.4552688690621,96.4552688690621,96.4552688690621,96.4552688690621,144.68290330359284,144.68290330359284,144.68290330359284,192.91053773812425,192.91053773812425,192.91053773812425,241.13817217265407,289.36580660718624,434.04870991077877,434.04870991077877,578.7316132143711,964.5526886906189,1012.7803231251486,1302.1461297323344,1543.2843019049903,2073.7882806848356,2507.836990595609,3183.023872679041,4002.8936580660734,5931.999035447306,7475.283337352298,10802.990113334929,14902.339040270084,22908.126356402227,32505.4256088739,47841.81335905473,68000.96455268872,107740.53532674228,144924.04147576555,229515.31227393297,325488.3047986496,476489.0282131661,598553.170966964,745213.4072823727,846925.4883047986,935278.5145888594,964408.0057873161,982975.6450446106,990258.0178442247,994936.0983843743,996334.6997829756,997106.3419339281,997347.4801061008,997685.0735471424,1000000.0,0.0,0.0,0.0,0.0,0.0,0.0,0.0,0.0,0.0,0.0,0.0,0.0,0.0,0.0,0.0,0.0,0.0,0.0,0.0,0.0,0.0,0.0,0.0,0.0,0.0,0.0,0.0,0.0,0.0,0.0,0.0,0.0,0.0,0.0,0.0,0.0,0.0,0.0,0.0,0.0,0.0,0.0,0.0,0.0,0.0,0.0,0.0,0.0,0.0,0.0,0.0,0.0,0.0,0.0,0.0,48.22763443453082,48.22763443453082,48.22763443453082,48.22763443453082,48.22763443453082,48.22763443453082,48.22763443453082,144.68290330359284,1000000.0
FLINT,MAGNUM03,F,na,na,na,na,2025_03_11-15_02_56,na,0,35,Yes,1,na,5449.72269110199,34096.93754521341,2990.1133349409224,4.0,39.0,62.0,,,,8922.112370388248,58162.5271280444,2990.1133349409224,4.0,39.0,62.0,30.0,20.0,13.0,24.0,12.0,9.0,12.0,-1.0,6.0,4.0,-9.0,4.0,-6.0,-23.0,0.0,-20.0,-48.0,0.0,-13.0,-43.0,0.0,0.0,30.0,30.0,50.0,50.0,63.0,0.0,24.0,34.0,46.0,54.0,63.0,0.0,12.0,39.0,38.0,57.0,63.0,2.0,6.0,42.0,33.0,59.0,63.0,6.0,0.0,49.0,26.0,63.0,63.0,20.0,0.0,63.0,15.0,63.0,63.0,13.0,0.0,63.0,20.0,63.0,63.0,29.0,0.0,63.0,0.0,63.0,0.0,63.0,63.0,0.588194580380585,6.326923495629274,4.655304797249341,0.0,30.0,160.0,988087.7742946708,990692.0665541354,994260.9115022907,996093.561610803,997251.0248372317,998070.8946226187,998794.3091391367,998987.2196768748,999180.1302146129,999276.585483482,999373.040752351,999517.7236556546,999517.7236556546,999614.1789245236,999662.4065589582,999662.4065589582,999758.8618278273,999807.0894622619,999807.0894622619,999855.3170966964,999903.5447311308,999903.5447311308,999951.7723655654,999951.7723655654,1000000.0,1000000.0,1000000.0,1000000.0,1000000.0,1000000.0,1000000.0,1000000.0,1000000.0,1000000.0,1000000.0,1000000.0,1000000.0,1000000.0,1000000.0,1000000.0,1000000.0,1000000.0,1000000.0,1000000.0,1000000.0,1000000.0,1000000.0,1000000.0,1000000.0,1000000.0,1000000.0,1000000.0,1000000.0,1000000.0,1000000.0,1000000.0,1000000.0,1000000.0,1000000.0,1000000.0,1000000.0,1000000.0,1000000.0,1000000.0,2941.8857005063924,3327.7067759826386,4051.121292500604,4485.170002411382,5497.950325536535,6221.364842054485,8005.7873161321395,9693.754521340716,11767.542802025564,13841.331082710401,17024.354955389445,20496.74463467567,24451.41065830721,28357.849047504198,34627.44152399321,39498.43260188093,47359.53701470944,55702.917771883294,67132.8671328671,78418.13359054731,93127.56209307938,107595.85242343855,133156.49867374002,152109.95900651076,182541.59633469986,210610.07957559678,256426.33228840123,297950.3255365323,357270.31589100556,418037.1352785145,518302.3872679045,574921.6300940438,734892.6935133832,809790.2097902097,883578.4904750421,922257.053291536,948444.6587894864,962768.266216542,975934.410417169,982493.3687002652,987846.6361224981,991077.8876296117,994164.4562334217,995659.5129008922,996575.8379551483,997492.1630094043,998070.8946226187,998360.2604292259,998649.626235833,998842.5367735712,998938.9920424403,998987.2196768748,998987.2196768748,999035.4473113093,999035.4473113093,999083.6749457439,999083.6749457439,999131.9025801783,999131.9025801783,999131.9025801783,999131.9025801783,999131.9025801783,999131.9025801783,1000000.0,48.22763443453082,48.22763443453082,48.22763443453082,48.22763443453082,48.22763443453082,48.22763443453082,48.22763443453082,48.22763443453082,48.22763443453082,48.22763443453082,96.4552688690621,96.4552688690621,96.4552688690621,96.4552688690621,192.91053773812425,241.13817217265407,289.36580660718624,434.04870991077877,434.04870991077877,482.27634434531,578.7316132143711,771.6421509524955,819.8697853870253,964.5526886906189,1205.690860863273,1350.373764166866,1687.967205208584,1977.3330118157653,2363.1540872920177,2845.4304316373314,3906.438389197008,4533.397636845913,6221.364842054485,7909.3320472630785,10513.624306727752,14034.24162044851,18230.045816252703,21943.57366771158,28406.07668193874,34145.16517964793,44707.017120810226,54931.27562093078,71666.26476971303,88883.53026284058,114540.63178201119,142802.02556064638,192187.12322160602,232553.6532433084,308078.12876778387,388521.8230045816,510875.33156498667,614950.5666747045,732384.8565227875,825560.6462503014,917723.65565469,950180.8536291294,974776.9471907403,984326.0188087773,990981.4323607427,993923.318061249,996141.7892452375,997009.886665059,997685.0735471424,1000000.0,0.0,0.0,0.0,0.0,0.0,0.0,0.0,0.0,0.0,0.0,0.0,0.0,0.0,0.0,0.0,0.0,0.0,0.0,0.0,0.0,0.0,0.0,0.0,0.0,0.0,0.0,0.0,0.0,0.0,0.0,0.0,0.0,0.0,0.0,0.0,0.0,0.0,0.0,0.0,0.0,0.0,0.0,0.0,0.0,0.0,0.0,0.0,0.0,0.0,0.0,0.0,0.0,0.0,0.0,0.0,0.0,0.0,0.0,0.0,0.0,0.0,0.0,0.0,1000000.0
FLINT,MAGNUM03,F,na,na,na,na,2025_03_11-15_02_56,na,0,36,Yes,1,na,2266.6988184229576,9500.843983602637,2073.788280684941,7.0,40.0,62.0,,,,4292.259464673323,17361.9483964312,2073.788280684941,7.0,40.0,62.0,31.0,20.0,12.0,26.0,14.0,9.0,17.0,5.0,7.0,8.0,0.0,5.0,-4.0,-26.0,0.0,-18.0,-36.0,0.0,-12.0,-32.0,0.0,0.0,31.0,31.0,51.0,51.0,63.0,0.0,26.0,34.0,48.0,54.0,63.0,1.0,18.0,38.0,43.0,56.0,63.0,4.0,12.0,40.0,40.0,58.0,63.0,9.0,5.0,60.0,34.0,63.0,63.0,18.0,0.0,63.0,27.0,63.0,63.0,12.0,0.0,63.0,31.0,63.0,63.0,36.0,0.0,63.0,0.0,63.0,0.0,63.0,63.0,0.7402965061290167,4.797694112332781,3.1980667290746903,0.0,30.0,160.0,973040.7523510971,979840.848806366,987605.4979503255,991463.7087050879,995273.6918254159,997106.3419339281,997974.4393537496,998215.5775259222,998504.9433325295,998794.3091391367,999035.4473113093,999421.2683867855,999565.9512900892,999758.8618278273,999807.0894622619,999855.3170966964,999855.3170966964,999855.3170966964,999903.5447311308,999903.5447311308,999951.7723655654,999951.7723655654,999951.7723655654,999951.7723655654,999951.7723655654,999951.7723655654,999951.7723655654,999951.7723655654,999951.7723655654,999951.7723655654,999951.7723655654,999951.7723655654,1000000.0,1000000.0,1000000.0,1000000.0,1000000.0,1000000.0,1000000.0,1000000.0,1000000.0,1000000.0,1000000.0,1000000.0,1000000.0,1000000.0,1000000.0,1000000.0,1000000.0,1000000.0,1000000.0,1000000.0,1000000.0,1000000.0,1000000.0,1000000.0,1000000.0,1000000.0,1000000.0,1000000.0,1000000.0,1000000.0,1000000.0,1000000.0,723.414516517964,771.6421509524955,819.8697853870253,1109.2355919942117,1350.373764166866,1495.056667470457,1977.3330118157653,2314.926452857486,2893.6580660718573,3231.251507113574,4147.576561369663,5401.495056667472,7041.234627441522,8680.97419821557,11092.355919942114,12780.323125150719,16734.989148782235,20496.74463467567,26669.88184229562,32650.108512177485,40028.93658066073,48324.089703400066,63467.566915842755,77984.08488063654,98673.74005305047,123752.10995900648,166337.11116469736,214709.42850253193,283337.3523028695,362093.07933445857,478321.6783216783,531372.0761996624,731034.4827586206,814034.2416204485,893272.244996383,933879.913190258,962237.7622377621,976030.865686038,985531.7096696406,990499.1560163974,994502.0496744635,995659.5129008922,997009.886665059,997588.6182782734,998070.8946226187,998263.8051603568,998360.2604292259,998408.4880636605,998601.3986013986,998601.3986013986,998601.3986013986,998601.3986013986,998649.626235833,998649.626235833,998649.626235833,998649.626235833,998649.626235833,998697.8538702676,998697.8538702676,998697.8538702676,998746.0815047021,998746.0815047021,998842.5367735712,1000000.0,48.22763443453082,48.22763443453082,48.22763443453082,48.22763443453082,48.22763443453082,48.22763443453082,48.22763443453082,48.22763443453082,48.22763443453082,48.22763443453082,48.22763443453082,48.22763443453082,48.22763443453082,48.22763443453082,48.22763443453082,48.22763443453082,48.22763443453082,48.22763443453082,48.22763443453082,96.4552688690621,96.4552688690621,96.4552688690621,96.4552688690621,144.68290330359284,144.68290330359284,144.68290330359284,144.68290330359284,241.13817217265407,241.13817217265407,385.82107547624787,434.04870991077877,578.7316132143711,916.3250542560885,1157.4632264287443,1832.650108512174,2170.2435495538875,2604.2922594646707,3231.251507113574,4436.942367976849,6076.6819387508895,9018.567639257291,11912.225705329136,18230.045816252703,24596.093561610804,36170.72582589825,51796.47938268629,84784.18133590548,117386.06221364839,187460.815047022,277791.1743428985,428213.16614420066,549650.3496503497,705280.9259705811,824017.3619483963,928864.2392090668,963925.7294429707,985965.7583795515,993006.993006993,996045.3339763684,997154.5695683626,997733.301181577,997926.211719315,997974.4393537496,1000000.0,0.0,0.0,0.0,0.0,0.0,0.0,0.0,0.0,0.0,0.0,0.0,0.0,0.0,0.0,0.0,0.0,0.0,0.0,0.0,0.0,0.0,0.0,0.0,0.0,0.0,0.0,0.0,0.0,0.0,0.0,0.0,0.0,0.0,0.0,0.0,0.0,0.0,0.0,0.0,0.0,0.0,0.0,0.0,0.0,0.0,0.0,0.0,0.0,0.0,0.0,0.0,0.0,0.0,0.0,0.0,0.0,0.0,0.0,0.0,0.0,0.0,0.0,0.0,1000000.0
FLINT,MAGNUM03,F,na,na,na,na,2025_03_11-15_02_56,na,0,37,Yes,1,na,2122.0159151194002,9983.120327947918,1591.5119363395504,7.0,41.0,62.0,,,,3954.6660236315743,17313.720761996676,1639.7395707740811,7.0,41.0,62.0,32.0,20.0,11.0,26.0,14.0,9.0,16.0,6.0,6.0,9.0,-1.0,5.0,-2.0,-26.0,0.0,-24.0,-34.0,0.0,-15.0,-31.0,0.0,0.0,32.0,32.0,52.0,52.0,63.0,0.0,26.0,34.0,48.0,54.0,63.0,2.0,18.0,38.0,44.0,57.0,63.0,4.0,13.0,41.0,40.0,58.0,63.0,8.0,6.0,61.0,35.0,63.0,63.0,24.0,0.0,63.0,29.0,63.0,63.0,16.0,1.0,63.0,32.0,63.0,63.0,48.0,0.0,63.0,0.0,63.0,0.0,63.0,33.0,0.8569323129100511,4.865996895580505,3.344557084967455,0.20844368090100857,30.0,160.0,966722.9322401736,975452.1340728237,984760.0675186882,990450.9283819628,995273.6918254159,997058.1142994935,997877.9840848806,998022.6669881842,998746.0815047021,998938.9920424403,999180.1302146129,999180.1302146129,999324.8131179166,999373.040752351,999469.4960212201,999469.4960212201,999662.4065589582,999662.4065589582,999758.8618278273,999758.8618278273,999807.0894622619,999855.3170966964,999855.3170966964,999855.3170966964,999903.5447311308,999903.5447311308,999903.5447311308,999903.5447311308,999903.5447311308,999903.5447311308,999951.7723655654,999951.7723655654,999951.7723655654,1000000.0,1000000.0,1000000.0,1000000.0,1000000.0,1000000.0,1000000.0,1000000.0,1000000.0,1000000.0,1000000.0,1000000.0,1000000.0,1000000.0,1000000.0,1000000.0,1000000.0,1000000.0,1000000.0,1000000.0,1000000.0,1000000.0,1000000.0,1000000.0,1000000.0,1000000.0,1000000.0,1000000.0,1000000.0,1000000.0,1000000.0,530.5039787798403,578.7316132143711,675.1868820834334,723.414516517964,819.8697853870253,1253.9184952978064,1832.650108512174,1880.8777429467057,2314.926452857486,2990.1133349409165,4147.576561369663,5112.12925006028,6076.6819387508895,7716.421509524954,10368.941403424169,11333.494092114755,15095.249578008212,18712.322160598032,25126.59754039064,30238.72679045093,37521.09959006511,47214.85411140584,61007.957559681716,73402.45960935614,96069.44779358584,123703.88232457185,167735.71256329885,208632.74656378105,266939.956595129,340872.920183265,450735.4714251266,481118.88111888105,698336.1466120086,780950.0843983602,869640.7041234628,915939.2331806124,951193.6339522545,969713.0455751145,983072.1003134795,987991.3190258017,992669.3995659512,993971.5456956836,995804.1958041957,996913.43139619,997492.1630094043,997636.845912708,998070.8946226187,998167.3498914879,998312.0327947914,998504.9433325295,998504.9433325295,998504.9433325295,998504.9433325295,998553.1709669641,998601.3986013986,998601.3986013986,998601.3986013986,998649.626235833,998649.626235833,998649.626235833,998649.626235833,998746.0815047021,998746.0815047021,1000000.0,48.22763443453082,48.22763443453082,48.22763443453082,48.22763443453082,48.22763443453082,48.22763443453082,48.22763443453082,48.22763443453082,48.22763443453082,48.22763443453082,48.22763443453082,48.22763443453082,48.22763443453082,48.22763443453082,48.22763443453082,48.22763443453082,48.22763443453082,48.22763443453082,48.22763443453082,48.22763443453082,48.22763443453082,48.22763443453082,96.4552688690621,96.4552688690621,96.4552688690621,96.4552688690621,96.4552688690621,96.4552688690621,192.91053773812425,241.13817217265407,385.82107547624787,385.82107547624787,723.414516517964,771.6421509524955,1061.0079575596806,1398.601398601398,1687.967205208584,2363.1540872920177,3713.527851458888,4870.991077887631,7330.600434048703,10031.347962382453,15577.525922353496,22040.028936580668,31106.824210272465,44851.7000241138,73836.50831926694,99107.78876296117,161273.2095490716,235350.8560405112,362623.5833132384,467663.37111164693,606848.3240897034,720569.0860863274,853243.3084157221,916469.7371593923,968844.948155293,985676.3925729443,994453.8220400289,996527.6103207137,997974.4393537496,998408.4880636605,998553.1709669641,1000000.0,0.0,0.0,0.0,0.0,0.0,0.0,0.0,0.0,0.0,0.0,0.0,0.0,0.0,0.0,0.0,0.0,0.0,0.0,0.0,0.0,0.0,0.0,0.0,0.0,0.0,0.0,0.0,0.0,0.0,0.0,0.0,0.0,0.0,48.22763443453082,48.22763443453082,48.22763443453082,48.22763443453082,48.22763443453082,48.22763443453082,48.22763443453082,48.22763443453082,48.22763443453082,48.22763443453082,48.22763443453082,48.22763443453082,48.22763443453082,48.22763443453082,48.22763443453082,48.22763443453082,48.22763443453082,48.22763443453082,48.22763443453082,48.22763443453082,48.22763443453082,48.22763443453082,48.22763443453082,48.22763443453082,48.22763443453082,48.22763443453082,48.22763443453082,48.22763443453082,48.22763443453082,96.4552688690621,1000000.0
FLINT,MAGNUM03,F,na,na,na,na,2025_03_11-15_02_56,na,0,38,Yes,1,na,1350.373764166866,6317.820110923553,0.0,6.0,41.0,0.0,,,,2073.7882806848793,9934.892693513471,0.0,6.0,41.0,0.0,32.0,19.0,12.0,27.0,15.0,9.0,19.0,7.0,7.0,10.0,1.0,6.0,0.0,-6.0,3.0,-10.0,-31.0,0.0,-4.0,-30.0,0.0,0.0,32.0,32.0,51.0,51.0,63.0,0.0,27.0,34.0,49.0,54.0,63.0,1.0,20.0,37.0,44.0,56.0,63.0,4.0,14.0,40.0,41.0,57.0,63.0,6.0,6.0,42.0,36.0,60.0,63.0,11.0,1.0,63.0,32.0,63.0,63.0,8.0,4.0,63.0,33.0,63.0,63.0,28.0,0.0,63.0,0.0,63.0,29.0,63.0,0.0,0.525831843843724,4.302407605877374,2.84534375568137,0.44105423559304807,30.0,160.0,975307.4511695202,982059.3199903545,990161.5625753556,993778.6351579454,997299.2524716662,998697.8538702676,999421.2683867855,999469.4960212201,999662.4065589582,999710.6341933928,999855.3170966964,999903.5447311308,999951.7723655654,1000000.0,1000000.0,1000000.0,1000000.0,1000000.0,1000000.0,1000000.0,1000000.0,1000000.0,1000000.0,1000000.0,1000000.0,1000000.0,1000000.0,1000000.0,1000000.0,1000000.0,1000000.0,1000000.0,1000000.0,1000000.0,1000000.0,1000000.0,1000000.0,1000000.0,1000000.0,1000000.0,1000000.0,1000000.0,1000000.0,1000000.0,1000000.0,1000000.0,1000000.0,1000000.0,1000000.0,1000000.0,1000000.0,1000000.0,1000000.0,1000000.0,1000000.0,1000000.0,1000000.0,1000000.0,1000000.0,1000000.0,1000000.0,1000000.0,1000000.0,1000000.0,192.91053773812425,289.36580660718624,482.27634434531,530.5039787798403,723.414516517964,1109.2355919942117,1398.601398601398,1543.2843019049903,1880.8777429467057,2411.3817217265464,2941.8857005063924,3568.844948155295,4436.942367976849,5449.72269110199,7137.689896310589,8150.470219435744,10658.30721003135,12925.006028454296,17506.63129973476,21654.207861104413,28164.938509766103,35640.221847118344,48758.13841331082,60091.63250542564,81070.6534844466,103448.275862069,145647.45599228356,188570.05063901606,252953.942609115,330938.0274897516,445864.48034723895,475765.61369664816,719074.029418857,812298.0467808053,902242.5850012057,940921.1478176996,966771.159874608,979696.1659030624,989245.2375210995,993344.5864480347,996382.9274174101,997829.756450446,998794.3091391367,999131.9025801783,999228.3578490474,999276.585483482,999373.040752351,999373.040752351,999373.040752351,999421.2683867855,999421.2683867855,999421.2683867855,999421.2683867855,999421.2683867855,999421.2683867855,999421.2683867855,999469.4960212201,999469.4960212201,999469.4960212201,999469.4960212201,999469.4960212201,999517.7236556546,999517.7236556546,1000000.0,0.0,0.0,0.0,0.0,0.0,0.0,0.0,0.0,0.0,0.0,0.0,0.0,0.0,0.0,0.0,0.0,0.0,0.0,0.0,0.0,0.0,0.0,0.0,0.0,0.0,0.0,0.0,0.0,0.0,48.22763443453082,144.68290330359284,144.68290330359284,434.04870991077877,578.7316132143711,723.414516517964,1061.0079575596806,1543.2843019049903,2025.5606462503029,2700.747528333735,3279.479141548107,4919.218712322153,6366.047745358085,10947.673016638537,15481.070653484428,23293.947431878474,33469.978297564514,58548.34820352058,85459.36821798894,146949.6021220159,228454.30431637325,374776.94719074026,508560.40511212917,675813.8413310827,808922.112370388,930600.4340487098,966481.794068001,989823.9691343139,994309.1391367252,997829.756450446,998408.4880636605,998794.3091391367,998890.7644080058,998890.7644080058,1000000.0,48.22763443453082,48.22763443453082,48.22763443453082,48.22763443453082,48.22763443453082,48.22763443453082,48.22763443453082,48.22763443453082,48.22763443453082,48.22763443453082,48.22763443453082,48.22763443453082,48.22763443453082,48.22763443453082,48.22763443453082,48.22763443453082,48.22763443453082,48.22763443453082,48.22763443453082,48.22763443453082,48.22763443453082,48.22763443453082,48.22763443453082,48.22763443453082,48.22763443453082,48.22763443453082,48.22763443453082,48.22763443453082,48.22763443453082,48.22763443453082,48.22763443453082,48.22763443453082,48.22763443453082,48.22763443453082,48.22763443453082,48.22763443453082,48.22763443453082,48.22763443453082,48.22763443453082,48.22763443453082,48.22763443453082,48.22763443453082,48.22763443453082,48.22763443453082,48.22763443453082,48.22763443453082,48.22763443453082,48.22763443453082,48.22763443453082,48.22763443453082,48.22763443453082,48.22763443453082,48.22763443453082,48.22763443453082,48.22763443453082,96.4552688690621,96.4552688690621,96.4552688690621,96.4552688690621,96.4552688690621,96.4552688690621,96.4552688690621,144.68290330359284,1000000.0
FLINT,MAGNUM03,F,na,na,na,na,2025_03_11-15_02_56,na,0,39,Yes,1,na,1253.9184952978064,9404.388714733579,0.0,4.0,39.0,0.0,,,,1784.4224740777402,15770.4364600917,0.0,4.0,39.0,0.0,31.0,20.0,12.0,26.0,14.0,9.0,18.0,6.0,7.0,12.0,-1.0,6.0,2.0,-10.0,3.0,-7.0,-37.0,0.0,-5.0,-31.0,0.0,0.0,31.0,31.0,51.0,51.0,63.0,0.0,26.0,34.0,48.0,54.0,63.0,0.0,18.0,37.0,43.0,56.0,63.0,0.0,12.0,40.0,39.0,57.0,63.0,3.0,5.0,44.0,34.0,60.0,63.0,7.0,0.0,63.0,26.0,63.0,63.0,5.0,0.0,63.0,32.0,63.0,63.0,19.0,0.0,63.0,0.0,63.0,22.0,63.0,0.0,0.22729037160953408,4.784947425604355,3.235209008463775,0.4626049827240605,30.0,160.0,997202.7972027971,997877.9840848806,998601.3986013986,999083.6749457439,999469.4960212201,999758.8618278273,999855.3170966964,999951.7723655654,999951.7723655654,999951.7723655654,1000000.0,1000000.0,1000000.0,1000000.0,1000000.0,1000000.0,1000000.0,1000000.0,1000000.0,1000000.0,1000000.0,1000000.0,1000000.0,1000000.0,1000000.0,1000000.0,1000000.0,1000000.0,1000000.0,1000000.0,1000000.0,1000000.0,1000000.0,1000000.0,1000000.0,1000000.0,1000000.0,1000000.0,1000000.0,1000000.0,1000000.0,1000000.0,1000000.0,1000000.0,1000000.0,1000000.0,1000000.0,1000000.0,1000000.0,1000000.0,1000000.0,1000000.0,1000000.0,1000000.0,1000000.0,1000000.0,1000000.0,1000000.0,1000000.0,1000000.0,1000000.0,1000000.0,1000000.0,1000000.0,578.7316132143711,723.414516517964,964.5526886906189,1012.7803231251486,1302.1461297323344,1446.829033035929,1591.5119363395213,2170.2435495538875,2893.6580660718573,3954.6660236315374,4919.218712322153,5980.226669881832,7427.055702917767,8873.884735953696,11526.404629852897,13117.916566192442,17699.54183747286,21316.614420062695,28213.166144200633,34530.98625512418,44417.65131420309,54448.99927658542,71521.58186640943,86665.05907885225,113142.03038340976,139667.22932240184,184326.01880877736,223197.4921630094,296262.3583313238,362671.810947673,473788.28068483237,507692.3076923077,736001.9291053773,824596.0935616108,911020.0144682903,942271.5215818663,971931.5167591029,982300.4581625271,990595.6112852665,993682.1798890764,996334.6997829756,997443.9353749697,998119.1222570533,998649.626235833,998987.2196768748,998987.2196768748,999131.9025801783,999131.9025801783,999131.9025801783,999131.9025801783,999180.1302146129,999180.1302146129,999180.1302146129,999180.1302146129,999180.1302146129,999180.1302146129,999180.1302146129,999180.1302146129,999180.1302146129,999228.3578490474,999228.3578490474,999228.3578490474,999276.585483482,1000000.0,0.0,0.0,0.0,0.0,0.0,0.0,0.0,0.0,0.0,0.0,0.0,0.0,0.0,0.0,0.0,0.0,0.0,0.0,0.0,0.0,0.0,0.0,48.22763443453082,48.22763443453082,96.4552688690621,192.91053773812425,289.36580660718624,337.59344104171646,385.82107547624787,434.04870991077877,434.04870991077877,530.5039787798403,916.3250542560885,1302.1461297323344,1832.650108512174,2266.6988184229576,3086.56860380998,3617.07258258982,5353.267422232942,6510.730648661682,9500.843983602605,14227.15215818664,21268.386785628147,27972.027972027947,44369.4236797685,63564.02218471185,97950.32553653233,128816.01157463224,204436.94236797676,288594.16445623344,432650.1085121774,535567.8803954666,712032.7947914155,832650.1085121775,940583.5543766577,971642.1509524958,990836.7494574391,995755.9681697612,997540.3906438388,998312.0327947914,998746.0815047021,998746.0815047021,998890.7644080058,1000000.0,48.22763443453082,48.22763443453082,48.22763443453082,48.22763443453082,48.22763443453082,48.22763443453082,48.22763443453082,48.22763443453082,48.22763443453082,48.22763443453082,48.22763443453082,48.22763443453082,48.22763443453082,48.22763443453082,48.22763443453082,48.22763443453082,48.22763443453082,48.22763443453082,48.22763443453082,48.22763443453082,48.22763443453082,48.22763443453082,48.22763443453082,48.22763443453082,48.22763443453082,48.22763443453082,48.22763443453082,48.22763443453082,48.22763443453082,48.22763443453082,48.22763443453082,48.22763443453082,48.22763443453082,48.22763443453082,48.22763443453082,48.22763443453082,48.22763443453082,48.22763443453082,48.22763443453082,48.22763443453082,48.22763443453082,48.22763443453082,48.22763443453082,48.22763443453082,48.22763443453082,96.4552688690621,96.4552688690621,96.4552688690621,96.4552688690621,96.4552688690621,96.4552688690621,144.68290330359284,144.68290330359284,144.68290330359284,144.68290330359284,144.68290330359284,144.68290330359284,144.68290330359284,144.68290330359284,144.68290330359284,144.68290330359284,144.68290330359284,192.91053773812425,1000000.0
FLINT,MAGNUM03,F,na,na,na,na,2025_03_11-15_02_56,na,0,40,Yes,1,na,0.0,289.36580660718624,48.22763443453082,11.0,42.0,60.0,,,,0.0,385.821075476315,48.22763443453082,11.0,42.0,60.0,32.0,20.0,11.0,28.0,16.0,9.0,24.0,11.0,7.0,21.0,9.0,7.0,16.0,5.0,6.0,9.0,0.0,5.0,12.0,3.0,5.0,0.0,32.0,32.0,52.0,52.0,63.0,0.0,28.0,34.0,50.0,54.0,63.0,0.0,24.0,36.0,47.0,56.0,63.0,0.0,21.0,37.0,46.0,56.0,63.0,2.0,18.0,39.0,44.0,57.0,63.0,5.0,14.0,42.0,42.0,58.0,63.0,4.0,16.0,40.0,43.0,58.0,63.0,10.0,0.0,42.0,12.0,59.0,41.0,63.0,51.0,0.14944826292978053,2.906004570237743,2.088991154942237,0.08476466073527197,30.0,160.0,997202.7972027971,998504.9433325295,999035.4473113093,999469.4960212201,999807.0894622619,1000000.0,1000000.0,1000000.0,1000000.0,1000000.0,1000000.0,1000000.0,1000000.0,1000000.0,1000000.0,1000000.0,1000000.0,1000000.0,1000000.0,1000000.0,1000000.0,1000000.0,1000000.0,1000000.0,1000000.0,1000000.0,1000000.0,1000000.0,1000000.0,1000000.0,1000000.0,1000000.0,1000000.0,1000000.0,1000000.0,1000000.0,1000000.0,1000000.0,1000000.0,1000000.0,1000000.0,1000000.0,1000000.0,1000000.0,1000000.0,1000000.0,1000000.0,1000000.0,1000000.0,1000000.0,1000000.0,1000000.0,1000000.0,1000000.0,1000000.0,1000000.0,1000000.0,1000000.0,1000000.0,1000000.0,1000000.0,1000000.0,1000000.0,1000000.0,0.0,0.0,0.0,0.0,0.0,0.0,0.0,0.0,0.0,0.0,0.0,0.0,96.4552688690621,192.91053773812425,289.36580660718624,337.59344104171646,626.959247648901,819.8697853870253,1977.3330118157653,2459.609356161082,3906.438389197008,6269.592476489024,10417.169037858685,15770.436460091643,26573.42657342655,40318.302387267875,70557.02917771878,100554.61779599711,168459.12707981674,251265.97540390637,379599.7106341933,413166.14420062694,711261.152640463,824017.3619483963,922160.5980226669,957318.54352544,985194.116228599,994116.2285989872,998070.8946226187,998987.2196768748,999662.4065589582,999807.0894622619,1000000.0,1000000.0,1000000.0,1000000.0,1000000.0,1000000.0,1000000.0,1000000.0,1000000.0,1000000.0,1000000.0,1000000.0,1000000.0,1000000.0,1000000.0,1000000.0,1000000.0,1000000.0,1000000.0,1000000.0,1000000.0,1000000.0,0.0,0.0,0.0,0.0,0.0,0.0,0.0,0.0,0.0,0.0,0.0,0.0,0.0,0.0,0.0,0.0,0.0,0.0,0.0,0.0,0.0,0.0,0.0,0.0,0.0,0.0,0.0,0.0,0.0,0.0,0.0,0.0,0.0,0.0,0.0,0.0,0.0,0.0,0.0,0.0,0.0,96.4552688690621,337.59344104171646,578.7316132143711,1543.2843019049903,4436.942367976849,13166.144200626935,26573.42657342655,66939.95659512897,136677.11598746074,284687.7260670364,405305.03978779836,631782.0110923558,792380.033759344,933494.0921147817,975307.4511695202,996238.2445141064,999180.1302146129,1000000.0,1000000.0,1000000.0,1000000.0,1000000.0,1000000.0,0.0,0.0,0.0,0.0,0.0,0.0,0.0,0.0,0.0,0.0,0.0,0.0,0.0,0.0,0.0,0.0,0.0,0.0,0.0,0.0,0.0,0.0,0.0,0.0,0.0,0.0,0.0,0.0,0.0,0.0,0.0,0.0,0.0,0.0,0.0,0.0,0.0,0.0,0.0,0.0,0.0,0.0,0.0,0.0,0.0,0.0,0.0,0.0,0.0,0.0,0.0,48.22763443453082,48.22763443453082,48.22763443453082,48.22763443453082,48.22763443453082,48.22763443453082,48.22763443453082,48.22763443453082,48.22763443453082,48.22763443453082,96.4552688690621,144.68290330359284,1000000.0
FLINT,MAGNUM03,F,na,na,na,na,2025_03_11-15_02_56,na,0,41,Yes,1,na,48.22763443453082,289.36580660718624,48.22763443453082,12.0,41.0,60.0,,,,48.22763443453082,530.503978779936,48.22763443453082,12.0,41.0,60.0,32.0,20.0,11.0,29.0,16.0,9.0,24.0,11.0,8.0,20.0,9.0,7.0,14.0,5.0,6.0,8.0,-2.0,4.0,12.0,2.0,5.0,0.0,32.0,32.0,52.0,52.0,63.0,0.0,29.0,34.0,50.0,54.0,63.0,0.0,24.0,36.0,47.0,55.0,63.0,1.0,21.0,37.0,46.0,56.0,63.0,3.0,17.0,39.0,44.0,57.0,63.0,6.0,14.0,42.0,40.0,58.0,62.0,4.0,16.0,40.0,42.0,58.0,63.0,25.0,0.0,42.0,0.0,63.0,36.0,63.0,60.0,0.27951062725478176,2.835762901966892,2.0526483315724775,0.03540512853690375,30.0,160.0,992862.3101036893,995225.4641909814,997926.211719315,998938.9920424403,999758.8618278273,999855.3170966964,999903.5447311308,999903.5447311308,999903.5447311308,999951.7723655654,1000000.0,1000000.0,1000000.0,1000000.0,1000000.0,1000000.0,1000000.0,1000000.0,1000000.0,1000000.0,1000000.0,1000000.0,1000000.0,1000000.0,1000000.0,1000000.0,1000000.0,1000000.0,1000000.0,1000000.0,1000000.0,1000000.0,1000000.0,1000000.0,1000000.0,1000000.0,1000000.0,1000000.0,1000000.0,1000000.0,1000000.0,1000000.0,1000000.0,1000000.0,1000000.0,1000000.0,1000000.0,1000000.0,1000000.0,1000000.0,1000000.0,1000000.0,1000000.0,1000000.0,1000000.0,1000000.0,1000000.0,1000000.0,1000000.0,1000000.0,1000000.0,1000000.0,1000000.0,1000000.0,48.22763443453082,48.22763443453082,48.22763443453082,48.22763443453082,48.22763443453082,48.22763443453082,48.22763443453082,48.22763443453082,48.22763443453082,48.22763443453082,48.22763443453082,48.22763443453082,96.4552688690621,144.68290330359284,289.36580660718624,530.5039787798403,1012.7803231251486,1977.3330118157653,2556.0646250301406,3231.251507113574,5256.812153363875,6896.551724137931,10899.44538220399,14275.379792621161,24113.81721726547,35543.76657824937,58403.66530021696,83482.03520617314,142319.74921630096,214709.42850253193,344924.0414757656,412249.8191463708,686182.7827345069,810031.3479623824,920327.9479141547,959922.8357849047,986833.855799373,993875.0904268145,997733.301181577,999276.585483482,999758.8618278273,999855.3170966964,1000000.0,1000000.0,1000000.0,1000000.0,1000000.0,1000000.0,1000000.0,1000000.0,1000000.0,1000000.0,1000000.0,1000000.0,1000000.0,1000000.0,1000000.0,1000000.0,1000000.0,1000000.0,1000000.0,1000000.0,1000000.0,1000000.0,0.0,0.0,0.0,0.0,0.0,0.0,0.0,0.0,0.0,0.0,0.0,0.0,0.0,0.0,0.0,0.0,0.0,0.0,0.0,0.0,0.0,0.0,0.0,0.0,0.0,0.0,0.0,0.0,0.0,0.0,0.0,0.0,0.0,0.0,0.0,0.0,48.22763443453082,48.22763443453082,48.22763443453082,96.4552688690621,241.13817217265407,337.59344104171646,675.1868820834334,1302.1461297323344,3134.7962382445157,5594.405594405593,14612.973233662888,26862.792380033734,68965.51724137929,138557.99373040744,291005.54617795994,416059.8022666988,654014.9505666747,814275.3797926211,949987.9430913914,983072.1003134795,997781.5288160116,999228.3578490474,1000000.0,1000000.0,1000000.0,1000000.0,1000000.0,1000000.0,0.0,0.0,0.0,0.0,0.0,0.0,0.0,0.0,0.0,0.0,0.0,0.0,0.0,0.0,0.0,0.0,0.0,0.0,0.0,0.0,0.0,0.0,0.0,0.0,0.0,0.0,0.0,0.0,0.0,0.0,0.0,0.0,0.0,0.0,0.0,0.0,0.0,0.0,0.0,0.0,0.0,0.0,0.0,0.0,0.0,0.0,0.0,0.0,0.0,0.0,0.0,0.0,0.0,0.0,0.0,0.0,0.0,0.0,0.0,0.0,96.4552688690621,144.68290330359284,337.59344104171646,1000000.0
FLINT,MAGNUM03,F,na,na,na,na,2025_03_11-15_02_56,na,0,42,Yes,1,na,48.22763443453082,144.68290330360517,0.0,6.5,41.0,0.0,,,,48.22763443453082,241.13817217266728,0.0,6.5,41.0,0.0,32.0,20.0,11.0,29.0,16.0,9.0,25.0,12.0,8.0,22.0,9.0,7.0,19.0,5.0,5.0,10.0,1.0,3.0,14.0,3.0,4.0,0.0,32.0,32.0,52.0,52.0,63.0,0.0,29.0,34.0,50.0,54.0,63.0,0.0,25.0,36.0,48.0,55.0,63.0,0.0,22.0,37.0,46.0,56.0,63.0,0.0,19.0,39.0,44.0,57.0,62.0,3.0,13.0,41.0,42.0,58.0,61.0,1.0,15.0,40.0,43.0,57.0,61.0,5.0,0.0,42.0,0.0,59.0,35.0,63.0,0.0,0.06210034244198611,2.6904503214853874,1.9738678375252903,0.48120653949181263,30.0,160.0,999469.4960212201,999758.8618278273,999855.3170966964,999903.5447311308,1000000.0,1000000.0,1000000.0,1000000.0,1000000.0,1000000.0,1000000.0,1000000.0,1000000.0,1000000.0,1000000.0,1000000.0,1000000.0,1000000.0,1000000.0,1000000.0,1000000.0,1000000.0,1000000.0,1000000.0,1000000.0,1000000.0,1000000.0,1000000.0,1000000.0,1000000.0,1000000.0,1000000.0,1000000.0,1000000.0,1000000.0,1000000.0,1000000.0,1000000.0,1000000.0,1000000.0,1000000.0,1000000.0,1000000.0,1000000.0,1000000.0,1000000.0,1000000.0,1000000.0,1000000.0,1000000.0,1000000.0,1000000.0,1000000.0,1000000.0,1000000.0,1000000.0,1000000.0,1000000.0,1000000.0,1000000.0,1000000.0,1000000.0,1000000.0,1000000.0,48.22763443453082,48.22763443453082,48.22763443453082,48.22763443453082,48.22763443453082,48.22763443453082,48.22763443453082,48.22763443453082,96.4552688690621,96.4552688690621,144.68290330359284,144.68290330359284,192.91053773812425,241.13817217265407,434.04870991077877,626.959247648901,771.6421509524955,1061.0079575596806,1302.1461297323344,1687.967205208584,2893.6580660718573,4388.714733542319,7812.876778394019,10513.624306727752,17506.63129973476,26042.922594646712,47021.94357366771,68627.92380033756,121147.8176995418,189341.6927899686,312997.3474801061,360598.02266698814,667084.6394984325,789872.1967687485,913479.6238244514,955968.1697612732,986303.3518205931,994502.0496744635,998504.9433325295,999276.585483482,999855.3170966964,999951.7723655654,1000000.0,1000000.0,1000000.0,1000000.0,1000000.0,1000000.0,1000000.0,1000000.0,1000000.0,1000000.0,1000000.0,1000000.0,1000000.0,1000000.0,1000000.0,1000000.0,1000000.0,1000000.0,1000000.0,1000000.0,1000000.0,1000000.0,0.0,0.0,0.0,0.0,0.0,0.0,0.0,0.0,0.0,0.0,0.0,0.0,0.0,0.0,0.0,0.0,0.0,0.0,0.0,0.0,0.0,0.0,0.0,0.0,0.0,0.0,0.0,0.0,0.0,0.0,0.0,0.0,0.0,0.0,0.0,48.22763443453082,48.22763443453082,48.22763443453082,96.4552688690621,96.4552688690621,96.4552688690621,144.68290330359284,337.59344104171646,675.1868820834334,1543.2843019049903,3183.023872679041,9452.616349168073,17651.314203038342,48854.593682179846,110248.37231733775,261345.55100072338,388714.73354231974,621171.9315167591,789968.6520376174,939329.63588136,977622.3776223776,997540.3906438388,999662.4065589582,999903.5447311308,1000000.0,1000000.0,1000000.0,1000000.0,1000000.0,48.22763443453082,48.22763443453082,48.22763443453082,48.22763443453082,48.22763443453082,48.22763443453082,48.22763443453082,48.22763443453082,48.22763443453082,48.22763443453082,48.22763443453082,48.22763443453082,48.22763443453082,48.22763443453082,48.22763443453082,48.22763443453082,48.22763443453082,48.22763443453082,48.22763443453082,48.22763443453082,48.22763443453082,48.22763443453082,48.22763443453082,48.22763443453082,48.22763443453082,48.22763443453082,48.22763443453082,48.22763443453082,48.22763443453082,48.22763443453082,48.22763443453082,48.22763443453082,48.22763443453082,48.22763443453082,48.22763443453082,48.22763443453082,96.4552688690621,96.4552688690621,96.4552688690621,96.4552688690621,96.4552688690621,96.4552688690621,96.4552688690621,96.4552688690621,96.4552688690621,96.4552688690621,96.4552688690621,96.4552688690621,96.4552688690621,96.4552688690621,96.4552688690621,96.4552688690621,96.4552688690621,96.4552688690621,96.4552688690621,96.4552688690621,96.4552688690621,96.4552688690621,96.4552688690621,96.4552688690621,144.68290330359284,626.959247648901,3327.7067759826386,1000000.0
FLINT,MAGNUM03,F,na,na,na,na,2025_03_11-15_02_56,na,0,43,Yes,1,na,1205.690860863306,6269.592476489066,0.0,8.0,40.0,62.5,,,,2218.471183988446,10561.85194116237,0.0,8.0,40.0,62.5,31.0,20.0,12.0,27.0,14.0,9.0,19.0,7.0,7.0,11.0,1.0,6.0,2.0,-4.0,4.0,-17.0,-13.0,2.0,-4.0,-9.0,3.0,0.0,31.0,31.0,51.0,51.0,63.0,0.0,27.0,34.0,48.0,54.0,63.0,1.0,20.0,37.0,44.0,56.0,63.0,4.0,15.0,40.0,41.0,57.0,63.0,7.0,9.0,42.0,38.0,59.0,63.0,18.0,1.0,46.0,33.0,61.0,63.0,10.0,6.0,45.0,36.0,60.0,63.0,54.0,0.0,51.0,0.0,62.0,28.0,63.0,63.0,0.7607629487894876,4.134564799807142,2.940715939374233,0.0,30.0,160.0,970340.0048227634,977429.4670846394,986110.4412828551,990161.5625753556,995997.1063419338,997588.6182782734,998456.7156980949,998794.3091391367,999324.8131179166,999469.4960212201,999565.9512900892,999565.9512900892,999710.6341933928,999710.6341933928,999758.8618278273,999807.0894622619,999855.3170966964,999855.3170966964,999903.5447311308,999903.5447311308,999903.5447311308,999903.5447311308,999903.5447311308,999903.5447311308,999951.7723655654,999951.7723655654,999951.7723655654,1000000.0,1000000.0,1000000.0,1000000.0,1000000.0,1000000.0,1000000.0,1000000.0,1000000.0,1000000.0,1000000.0,1000000.0,1000000.0,1000000.0,1000000.0,1000000.0,1000000.0,1000000.0,1000000.0,1000000.0,1000000.0,1000000.0,1000000.0,1000000.0,1000000.0,1000000.0,1000000.0,1000000.0,1000000.0,1000000.0,1000000.0,1000000.0,1000000.0,1000000.0,1000000.0,1000000.0,1000000.0,144.68290330359284,289.36580660718624,289.36580660718624,337.59344104171646,482.27634434531,530.5039787798403,771.6421509524955,964.5526886906189,1253.9184952978064,1591.5119363395213,2073.7882806848356,2604.2922594646707,3472.38967928623,3954.6660236315374,5305.039787798405,6462.5030142271535,9500.843983602605,12201.591511936347,16445.623342175077,19773.330118157683,25850.012056908607,33132.38485652277,44369.4236797685,55220.641427537965,76778.39401977329,98287.91897757417,139860.13986013984,174825.1748251748,251265.97540390637,324137.9310344827,446250.3014227152,510971.7868338558,722257.053291536,808536.2912949119,892548.8304798648,930552.2064142753,964793.8268627924,979503.2553653242,989872.1967687485,993730.407523511,996382.9274174101,997829.756450446,998890.7644080058,999228.3578490474,999517.7236556546,999807.0894622619,999903.5447311308,999903.5447311308,999951.7723655654,999951.7723655654,1000000.0,1000000.0,1000000.0,1000000.0,1000000.0,1000000.0,1000000.0,1000000.0,1000000.0,1000000.0,1000000.0,1000000.0,1000000.0,1000000.0,0.0,0.0,0.0,0.0,0.0,0.0,0.0,0.0,0.0,0.0,0.0,0.0,0.0,0.0,0.0,0.0,0.0,0.0,0.0,0.0,0.0,0.0,0.0,0.0,0.0,0.0,0.0,0.0,48.22763443453082,48.22763443453082,48.22763443453082,48.22763443453082,96.4552688690621,241.13817217265407,289.36580660718624,289.36580660718624,626.959247648901,1205.690860863273,2122.0159151193625,2845.4304316373314,5063.901615625751,6993.006993006999,11381.721726549311,14805.883771401013,26718.109476730133,41475.765613696625,73788.28068483245,106968.89317578978,177333.01181577044,262937.06293706293,412153.3638775018,519508.0781287678,699686.5203761755,812925.0060284543,923414.5165179647,960501.5673981191,987074.9939715456,994212.6838678562,997974.4393537496,999083.6749457439,999758.8618278273,999951.7723655654,1000000.0,1000000.0,0.0,0.0,0.0,0.0,0.0,0.0,0.0,0.0,0.0,0.0,0.0,0.0,0.0,0.0,0.0,0.0,0.0,0.0,0.0,0.0,0.0,0.0,0.0,0.0,0.0,0.0,0.0,0.0,0.0,0.0,0.0,0.0,0.0,0.0,0.0,0.0,0.0,0.0,0.0,0.0,0.0,0.0,0.0,0.0,0.0,0.0,0.0,0.0,0.0,0.0,0.0,0.0,0.0,0.0,0.0,0.0,0.0,0.0,0.0,0.0,0.0,0.0,0.0,1000000.0
FLINT,MAGNUM03,F,na,na,na,na,2025_03_11-15_02_56,na,0,44,Yes,1,na,964.552688690668,6076.6819387508895,96.4552688691443,7.0,41.0,62.0,,,,1784.422474077656,10272.486134555125,96.4552688691443,7.0,41.0,62.0,32.0,20.0,11.0,27.0,15.0,9.0,20.0,7.0,6.0,12.0,2.0,5.0,4.0,-4.0,4.0,-12.0,-12.0,2.0,-4.0,-9.0,3.0,0.0,32.0,32.0,52.0,52.0,63.0,0.0,27.0,34.0,49.0,54.0,63.0,1.0,21.0,38.0,45.0,57.0,63.0,4.0,16.0,40.0,42.0,58.0,63.0,6.0,10.0,42.0,38.0,59.0,63.0,14.0,2.0,46.0,34.0,61.0,63.0,9.0,5.0,44.0,35.0,60.0,63.0,48.0,0.0,51.0,0.0,63.0,24.0,63.0,63.0,0.6660298732342362,4.065482936010017,3.0287888886949554,0.0,30.0,160.0,972847.8418133591,978876.2961176754,987750.1808536291,990884.9770918736,996190.0168796721,998312.0327947914,999035.4473113093,999228.3578490474,999469.4960212201,999710.6341933928,999807.0894622619,999807.0894622619,999855.3170966964,999855.3170966964,999903.5447311308,999903.5447311308,999903.5447311308,999903.5447311308,999951.7723655654,999951.7723655654,1000000.0,1000000.0,1000000.0,1000000.0,1000000.0,1000000.0,1000000.0,1000000.0,1000000.0,1000000.0,1000000.0,1000000.0,1000000.0,1000000.0,1000000.0,1000000.0,1000000.0,1000000.0,1000000.0,1000000.0,1000000.0,1000000.0,1000000.0,1000000.0,1000000.0,1000000.0,1000000.0,1000000.0,1000000.0,1000000.0,1000000.0,1000000.0,1000000.0,1000000.0,1000000.0,1000000.0,1000000.0,1000000.0,1000000.0,1000000.0,1000000.0,1000000.0,1000000.0,1000000.0,192.91053773812425,192.91053773812425,337.59344104171646,337.59344104171646,337.59344104171646,578.7316132143711,819.8697853870253,868.0974198215577,1157.4632264287443,1302.1461297323344,1784.4224740776426,2122.0159151193625,2845.4304316373314,3424.1620448516924,4195.804195804195,4967.446346756688,6462.5030142271535,8584.518929346517,11622.859898721968,14564.745599228345,20062.69592476488,28020.25560646251,37665.78249336868,47070.171208102285,65686.03809983116,88787.07499397153,129201.83265010854,169278.9968652037,230142.27152158183,307933.44586448034,418278.27345068724,451265.97540390637,680009.6455268869,774246.4432119605,875476.2478900411,918881.1188811188,955871.714492404,974342.8984808294,987219.6768748492,991704.8468772606,995804.1958041957,997829.756450446,998938.9920424403,999517.7236556546,999758.8618278273,999807.0894622619,999951.7723655654,1000000.0,1000000.0,1000000.0,1000000.0,1000000.0,1000000.0,1000000.0,1000000.0,1000000.0,1000000.0,1000000.0,1000000.0,1000000.0,1000000.0,1000000.0,1000000.0,1000000.0,0.0,0.0,0.0,0.0,0.0,0.0,0.0,0.0,0.0,0.0,0.0,0.0,0.0,0.0,0.0,0.0,0.0,0.0,0.0,0.0,0.0,0.0,0.0,0.0,48.22763443453082,48.22763443453082,48.22763443453082,48.22763443453082,48.22763443453082,96.4552688690621,144.68290330359284,144.68290330359284,144.68290330359284,192.91053773812425,337.59344104171646,578.7316132143711,916.3250542560885,1253.9184952978064,2122.0159151193625,2941.8857005063924,4147.576561369663,6124.909573185426,9790.2097902098,14178.924523752106,22377.6223776224,34145.16517964793,58451.89293465154,84494.81552929833,145165.1796479384,220400.2893658066,352495.7800819869,458644.8034723897,609934.8926935133,735857.2462020738,870460.5739088496,931661.4420062696,974680.4919218712,989438.1480588376,997202.7972027971,999035.4473113093,999758.8618278273,999903.5447311308,1000000.0,1000000.0,0.0,0.0,0.0,0.0,0.0,0.0,0.0,0.0,0.0,0.0,0.0,0.0,0.0,0.0,0.0,0.0,0.0,0.0,0.0,0.0,0.0,0.0,0.0,0.0,0.0,0.0,0.0,0.0,0.0,0.0,0.0,0.0,0.0,0.0,0.0,0.0,0.0,0.0,0.0,0.0,0.0,0.0,0.0,0.0,0.0,0.0,0.0,0.0,0.0,0.0,0.0,0.0,0.0,0.0,0.0,0.0,0.0,0.0,0.0,0.0,0.0,0.0,0.0,1000000.0
FLINT,MAGNUM03,F,na,na,na,na,2025_03_11-15_02_56,na,0,45,Yes,1,na,964.5526886906189,4822.763443453113,144.68290330360517,9.0,40.0,62.0,,,,1687.967205208584,7185.917530745173,144.68290330360517,9.0,40.0,62.0,31.0,20.0,12.0,27.0,14.0,9.0,19.0,8.0,7.0,12.0,3.0,6.0,2.0,-3.0,5.0,-10.0,-12.0,1.0,-3.0,-8.0,3.0,0.0,31.0,31.0,51.0,51.0,63.0,0.0,27.0,34.0,48.0,54.0,63.0,2.0,21.0,37.0,45.0,56.0,63.0,4.0,16.0,39.0,42.0,57.0,63.0,8.0,10.0,41.0,38.0,58.0,63.0,16.0,6.0,46.0,34.0,62.0,63.0,10.0,7.0,44.0,36.0,60.0,63.0,57.0,0.0,47.0,1.0,63.0,25.0,63.0,63.0,0.8465978741046875,3.866127783612163,2.751661726835262,0.0,30.0,160.0,963298.7701953219,970822.2811671087,982011.0923559199,987894.8637569327,994694.9602122015,996624.0655895828,998360.2604292259,998697.8538702676,999083.6749457439,999324.8131179166,999565.9512900892,999565.9512900892,999614.1789245236,999710.6341933928,999807.0894622619,999807.0894622619,999903.5447311308,999903.5447311308,999903.5447311308,999903.5447311308,999903.5447311308,999903.5447311308,999903.5447311308,999903.5447311308,999903.5447311308,999903.5447311308,999903.5447311308,999903.5447311308,999951.7723655654,999951.7723655654,999951.7723655654,999951.7723655654,999951.7723655654,999951.7723655654,999951.7723655654,1000000.0,1000000.0,1000000.0,1000000.0,1000000.0,1000000.0,1000000.0,1000000.0,1000000.0,1000000.0,1000000.0,1000000.0,1000000.0,1000000.0,1000000.0,1000000.0,1000000.0,1000000.0,1000000.0,1000000.0,1000000.0,1000000.0,1000000.0,1000000.0,1000000.0,1000000.0,1000000.0,1000000.0,1000000.0,0.0,48.22763443453082,96.4552688690621,96.4552688690621,144.68290330359284,192.91053773812425,289.36580660718624,578.7316132143711,868.0974198215577,1012.7803231251486,1543.2843019049903,1736.1948396431121,2363.1540872920177,2941.8857005063924,3858.2107547624714,4533.397636845913,6558.958283096219,8343.380757173849,11526.404629852897,14612.973233662888,20979.020979020985,27393.29635881359,38919.70098866653,48275.862068965485,68435.01326259949,90233.90402700753,133928.14082469256,167880.39546660238,243597.781528816,326838.67856281647,457149.7468049192,501326.25994694955,735133.8316855557,823872.6790450928,909283.8196286471,941114.0583554376,971593.9233180612,984036.6530021701,991994.2126838678,995177.2365565469,997974.4393537496,998794.3091391367,999373.040752351,999421.2683867855,999662.4065589582,999758.8618278273,1000000.0,1000000.0,1000000.0,1000000.0,1000000.0,1000000.0,1000000.0,1000000.0,1000000.0,1000000.0,1000000.0,1000000.0,1000000.0,1000000.0,1000000.0,1000000.0,1000000.0,1000000.0,0.0,0.0,0.0,0.0,0.0,0.0,0.0,0.0,0.0,0.0,0.0,0.0,0.0,0.0,0.0,0.0,0.0,0.0,0.0,0.0,0.0,0.0,0.0,0.0,0.0,48.22763443453082,48.22763443453082,48.22763443453082,48.22763443453082,48.22763443453082,48.22763443453082,96.4552688690621,96.4552688690621,144.68290330359284,241.13817217265407,241.13817217265407,675.1868820834334,1157.4632264287443,1446.829033035929,2122.0159151193625,3713.527851458888,5208.58451892934,8439.836026042916,11429.94936098385,21123.70388232458,32360.742705570286,59271.762720038605,89124.66843501331,163684.59127079815,254063.17820110923,414082.469254883,520135.0373764166,712466.8435013263,829756.4504461056,937014.7094285025,967542.8020255606,990836.7494574391,996334.6997829756,998746.0815047021,999276.585483482,999807.0894622619,999855.3170966964,999951.7723655654,1000000.0,0.0,0.0,0.0,0.0,0.0,0.0,0.0,0.0,0.0,0.0,0.0,0.0,0.0,0.0,0.0,0.0,0.0,0.0,0.0,0.0,0.0,0.0,0.0,0.0,0.0,0.0,0.0,0.0,0.0,0.0,0.0,0.0,0.0,0.0,0.0,0.0,0.0,0.0,0.0,0.0,0.0,0.0,0.0,0.0,0.0,0.0,0.0,0.0,0.0,0.0,0.0,0.0,0.0,0.0,0.0,0.0,0.0,0.0,0.0,0.0,0.0,0.0,0.0,1000000.0
FLINT,MAGNUM03,F,na,na,na,na,2025_03_11-15_02_56,na,0,46,Yes,1,na,241.13817217265407,1591.5119363395213,0.0,7.0,41.0,0.0,,,,337.59344104179837,2507.836990595618,0.0,7.0,41.0,0.0,32.0,20.0,11.0,28.0,15.0,9.0,22.0,10.0,7.0,15.0,6.0,7.0,8.0,1.0,5.0,1.0,-7.0,4.0,5.0,-4.0,5.0,0.0,32.0,32.0,52.0,52.0,63.0,0.0,28.0,34.0,49.0,54.0,63.0,0.0,22.0,36.0,46.0,56.0,63.0,3.0,18.0,38.0,44.0,56.0,63.0,5.0,13.0,40.0,41.0,58.0,63.0,6.0,7.0,45.0,38.0,59.0,63.0,5.0,10.0,42.0,38.0,58.0,63.0,10.0,0.0,47.0,1.0,59.0,31.0,63.0,0.0,0.40888887228504733,3.460628599571608,2.37953656217045,0.43754422556097095,30.0,160.0,979696.1659030624,984422.4740776465,991415.4810706534,994887.8707499397,998601.3986013986,999565.9512900892,999903.5447311308,999951.7723655654,1000000.0,1000000.0,1000000.0,1000000.0,1000000.0,1000000.0,1000000.0,1000000.0,1000000.0,1000000.0,1000000.0,1000000.0,1000000.0,1000000.0,1000000.0,1000000.0,1000000.0,1000000.0,1000000.0,1000000.0,1000000.0,1000000.0,1000000.0,1000000.0,1000000.0,1000000.0,1000000.0,1000000.0,1000000.0,1000000.0,1000000.0,1000000.0,1000000.0,1000000.0,1000000.0,1000000.0,1000000.0,1000000.0,1000000.0,1000000.0,1000000.0,1000000.0,1000000.0,1000000.0,1000000.0,1000000.0,1000000.0,1000000.0,1000000.0,1000000.0,1000000.0,1000000.0,1000000.0,1000000.0,1000000.0,1000000.0,0.0,48.22763443453082,48.22763443453082,48.22763443453082,48.22763443453082,144.68290330359284,192.91053773812425,289.36580660718624,385.82107547624787,482.27634434531,675.1868820834334,964.5526886906189,1205.690860863273,1687.967205208584,2604.2922594646707,3086.56860380998,4436.942367976849,5642.633228840121,7619.966240655894,9597.299252471657,11912.225705329136,15770.436460091643,24113.81721726547,31830.23872679046,47841.81335905473,65975.40390643835,100554.61779599711,136098.38437424644,210127.8032312514,290330.3592958766,421509.5249578008,468000.9645526887,712756.2093079333,816686.7615143477,914058.3554376658,951338.3168555582,978249.3368700264,988328.9124668434,995321.9194598505,997443.9353749697,999083.6749457439,999421.2683867855,999758.8618278273,999758.8618278273,999855.3170966964,999903.5447311308,1000000.0,1000000.0,1000000.0,1000000.0,1000000.0,1000000.0,1000000.0,1000000.0,1000000.0,1000000.0,1000000.0,1000000.0,1000000.0,1000000.0,1000000.0,1000000.0,1000000.0,1000000.0,0.0,0.0,0.0,0.0,0.0,0.0,0.0,0.0,0.0,0.0,0.0,0.0,0.0,0.0,0.0,0.0,0.0,0.0,0.0,0.0,0.0,0.0,0.0,0.0,0.0,0.0,0.0,0.0,0.0,0.0,0.0,48.22763443453082,48.22763443453082,48.22763443453082,48.22763443453082,48.22763443453082,48.22763443453082,144.68290330359284,578.7316132143711,771.6421509524955,1205.690860863273,1639.7395707740552,3183.023872679041,4967.446346756688,9549.071618037116,15384.615384615381,32601.88087774292,54834.820352061724,117289.60694477924,199469.49602122017,361224.9819146371,483626.71810947673,691777.1883289126,829997.5886182783,943573.6677115987,976754.280202556,994116.2285989872,997926.211719315,999807.0894622619,1000000.0,1000000.0,1000000.0,1000000.0,1000000.0,48.22763443453082,48.22763443453082,48.22763443453082,48.22763443453082,48.22763443453082,48.22763443453082,48.22763443453082,48.22763443453082,48.22763443453082,48.22763443453082,48.22763443453082,48.22763443453082,48.22763443453082,48.22763443453082,48.22763443453082,48.22763443453082,48.22763443453082,48.22763443453082,48.22763443453082,48.22763443453082,48.22763443453082,48.22763443453082,48.22763443453082,48.22763443453082,48.22763443453082,48.22763443453082,48.22763443453082,48.22763443453082,48.22763443453082,48.22763443453082,48.22763443453082,48.22763443453082,48.22763443453082,48.22763443453082,48.22763443453082,48.22763443453082,48.22763443453082,48.22763443453082,48.22763443453082,48.22763443453082,48.22763443453082,48.22763443453082,48.22763443453082,48.22763443453082,48.22763443453082,48.22763443453082,48.22763443453082,48.22763443453082,48.22763443453082,48.22763443453082,48.22763443453082,48.22763443453082,48.22763443453082,48.22763443453082,48.22763443453082,48.22763443453082,48.22763443453082,48.22763443453082,48.22763443453082,48.22763443453082,48.22763443453082,48.22763443453082,96.4552688690621,1000000.0
FLINT,MAGNUM03,F,na,na,na,na,2025_03_11-15_02_56,na,0,47,Yes,1,na,48.22763443457198,771.6421509525992,48.22763443457198,6.0,41.0,62.0,,,,96.4552688690621,1350.3737641669704,48.22763443457198,6.0,41.0,62.0,32.0,20.0,11.0,28.0,15.0,9.0,23.0,11.0,8.0,19.0,7.0,7.0,11.0,3.0,6.0,4.0,-4.0,4.0,8.0,-1.0,5.0,0.0,32.0,32.0,52.0,52.0,63.0,0.0,28.0,34.0,49.0,54.0,63.0,0.0,23.0,36.0,47.0,55.0,63.0,1.0,20.0,38.0,45.0,56.0,63.0,3.0,14.0,40.0,43.0,57.0,63.0,5.0,9.0,42.0,38.0,59.0,63.0,4.0,12.0,41.0,40.0,58.0,63.0,8.0,0.0,46.0,6.0,63.0,34.0,63.0,63.0,0.19199592249786476,3.1862580318602705,2.207681283384196,0.0,30.0,160.0,993633.9522546419,996238.2445141064,998408.4880636605,999131.9025801783,999807.0894622619,999951.7723655654,1000000.0,1000000.0,1000000.0,1000000.0,1000000.0,1000000.0,1000000.0,1000000.0,1000000.0,1000000.0,1000000.0,1000000.0,1000000.0,1000000.0,1000000.0,1000000.0,1000000.0,1000000.0,1000000.0,1000000.0,1000000.0,1000000.0,1000000.0,1000000.0,1000000.0,1000000.0,1000000.0,1000000.0,1000000.0,1000000.0,1000000.0,1000000.0,1000000.0,1000000.0,1000000.0,1000000.0,1000000.0,1000000.0,1000000.0,1000000.0,1000000.0,1000000.0,1000000.0,1000000.0,1000000.0,1000000.0,1000000.0,1000000.0,1000000.0,1000000.0,1000000.0,1000000.0,1000000.0,1000000.0,1000000.0,1000000.0,1000000.0,1000000.0,0.0,0.0,0.0,0.0,0.0,0.0,96.4552688690621,144.68290330359284,144.68290330359284,337.59344104171646,434.04870991077877,530.5039787798403,771.6421509524955,1012.7803231251486,1591.5119363395213,1880.8777429467057,2363.1540872920177,3183.023872679041,4678.080540149494,6028.454304316367,7909.3320472630785,10947.673016638537,16734.989148782235,23438.630335182035,36411.8639980709,51989.38992042434,81986.97853870268,113334.94092114782,178828.0684832409,263660.4774535809,388907.64408005786,425801.7844224741,710296.5999517723,819483.9643115505,913672.5343621897,952688.690619725,980371.3527851459,990788.5218230045,996190.0168796721,998022.6669881842,999228.3578490474,999758.8618278273,999903.5447311308,999951.7723655654,1000000.0,1000000.0,1000000.0,1000000.0,1000000.0,1000000.0,1000000.0,1000000.0,1000000.0,1000000.0,1000000.0,1000000.0,1000000.0,1000000.0,1000000.0,1000000.0,1000000.0,1000000.0,1000000.0,1000000.0,0.0,0.0,0.0,0.0,0.0,0.0,0.0,0.0,0.0,0.0,0.0,0.0,0.0,0.0,0.0,0.0,0.0,0.0,0.0,0.0,0.0,0.0,0.0,0.0,0.0,0.0,0.0,0.0,0.0,0.0,0.0,0.0,0.0,0.0,48.22763443453082,48.22763443453082,96.4552688690621,144.68290330359284,337.59344104171646,385.82107547624787,578.7316132143711,626.959247648901,1302.1461297323344,2266.6988184229576,5256.812153363875,9500.843983602605,21895.346033277066,39160.839160839154,85989.87219676873,167349.89148782252,331902.58017844224,459464.67325777665,672486.1345551001,821123.7038823245,943525.4400771642,979551.4829997588,995659.5129008922,998842.5367735712,999710.6341933928,999951.7723655654,999951.7723655654,999951.7723655654,1000000.0,1000000.0,0.0,0.0,0.0,0.0,0.0,0.0,0.0,0.0,0.0,0.0,0.0,0.0,0.0,0.0,0.0,0.0,0.0,0.0,0.0,0.0,0.0,0.0,0.0,0.0,0.0,0.0,0.0,0.0,0.0,0.0,0.0,0.0,0.0,0.0,0.0,0.0,0.0,0.0,0.0,0.0,0.0,0.0,0.0,0.0,0.0,0.0,0.0,0.0,0.0,0.0,0.0,0.0,0.0,0.0,0.0,0.0,0.0,0.0,0.0,0.0,0.0,0.0,0.0,1000000.0
FLINT,MAGNUM03,F,na,na,na,na,2025_03_11-15_02_56,na,0,48,Yes,1,na,530.5039787798403,2363.1540872920177,0.0,7.0,41.0,61.5,,,,771.6421509525901,4051.1212925006016,0.0,7.0,41.0,61.5,32.0,20.0,11.0,28.0,15.0,9.0,22.0,9.0,7.0,15.0,4.0,6.0,7.0,-1.0,5.0,-7.0,-6.0,3.0,1.0,-4.0,4.0,0.0,32.0,32.0,52.0,52.0,63.0,0.0,28.0,34.0,49.0,54.0,63.0,0.0,22.0,37.0,46.0,56.0,63.0,3.0,18.0,39.0,43.0,57.0,63.0,5.0,12.0,41.0,40.0,58.0,63.0,8.0,1.0,44.0,38.0,60.0,63.0,6.0,7.0,43.0,39.0,59.0,63.0,28.0,0.0,47.0,0.0,60.0,30.0,63.0,63.0,0.44576265476387605,3.6340162966275953,2.5327863373934467,0.0,30.0,160.0,981094.7673016638,985869.3031106823,992958.7653725585,995032.5536532432,998360.2604292259,999131.9025801783,999758.8618278273,999807.0894622619,999951.7723655654,999951.7723655654,1000000.0,1000000.0,1000000.0,1000000.0,1000000.0,1000000.0,1000000.0,1000000.0,1000000.0,1000000.0,1000000.0,1000000.0,1000000.0,1000000.0,1000000.0,1000000.0,1000000.0,1000000.0,1000000.0,1000000.0,1000000.0,1000000.0,1000000.0,1000000.0,1000000.0,1000000.0,1000000.0,1000000.0,1000000.0,1000000.0,1000000.0,1000000.0,1000000.0,1000000.0,1000000.0,1000000.0,1000000.0,1000000.0,1000000.0,1000000.0,1000000.0,1000000.0,1000000.0,1000000.0,1000000.0,1000000.0,1000000.0,1000000.0,1000000.0,1000000.0,1000000.0,1000000.0,1000000.0,1000000.0,144.68290330359284,241.13817217265407,241.13817217265407,289.36580660718624,289.36580660718624,385.82107547624787,530.5039787798403,578.7316132143711,723.414516517964,1012.7803231251486,1205.690860863273,1302.1461297323344,1880.8777429467057,2363.1540872920177,2941.8857005063924,3665.3002170243526,4774.535809018565,6221.364842054485,8825.657101519182,10610.079575596808,14950.566674704614,19676.87484928863,28550.759585242326,36170.72582589825,52134.072823728035,71955.63057632025,105184.47070171205,140680.0096455269,210658.30721003131,291632.50542560883,414950.5666747046,464335.6643356643,709862.5512418615,812298.0467808053,902146.1297323365,940294.1885700505,971449.2404147575,985001.2056908607,993055.2206414274,996141.7892452375,998312.0327947914,999180.1302146129,999324.8131179166,999565.9512900892,999903.5447311308,999951.7723655654,1000000.0,1000000.0,1000000.0,1000000.0,1000000.0,1000000.0,1000000.0,1000000.0,1000000.0,1000000.0,1000000.0,1000000.0,1000000.0,1000000.0,1000000.0,1000000.0,1000000.0,1000000.0,0.0,0.0,0.0,0.0,0.0,0.0,0.0,0.0,0.0,0.0,0.0,0.0,0.0,0.0,0.0,0.0,0.0,0.0,0.0,0.0,0.0,0.0,0.0,0.0,0.0,0.0,0.0,0.0,0.0,0.0,48.22763443453082,48.22763443453082,48.22763443453082,48.22763443453082,48.22763443453082,48.22763443453082,192.91053773812425,192.91053773812425,482.27634434531,868.0974198215577,1687.967205208584,2411.3817217265464,4533.397636845913,6896.551724137931,13407.2823727996,21750.663129973454,43260.188087774266,68820.83433807574,134410.41716903786,217554.8589341692,372365.56546901364,494381.4805883771,689799.8553170967,823438.6303351821,935374.9698577283,971497.4680491921,992428.2613937786,997395.7077405354,999421.2683867855,999758.8618278273,1000000.0,1000000.0,1000000.0,1000000.0,0.0,0.0,0.0,0.0,0.0,0.0,0.0,0.0,0.0,0.0,0.0,0.0,0.0,0.0,0.0,0.0,0.0,0.0,0.0,0.0,0.0,0.0,0.0,0.0,0.0,0.0,0.0,0.0,0.0,0.0,0.0,0.0,0.0,0.0,0.0,0.0,0.0,0.0,0.0,0.0,0.0,0.0,0.0,0.0,0.0,0.0,0.0,0.0,0.0,0.0,0.0,0.0,0.0,0.0,0.0,0.0,0.0,0.0,0.0,0.0,0.0,0.0,0.0,1000000.0
FLINT,MAGNUM03,F,na,na,na,na,2025_03_11-15_02_56,na,0,49,Yes,1,na,192.91053773812425,1109.2355919942718,0.0,10.0,41.0,62.0,,,,337.5934410417294,1832.6501085122711,0.0,10.0,41.0,62.0,32.0,19.0,12.0,29.0,15.0,10.0,24.0,9.0,8.0,18.0,6.0,7.0,11.0,2.0,6.0,0.0,-3.0,4.0,7.0,-1.0,5.0,0.0,32.0,32.0,51.0,51.0,63.0,0.0,29.0,34.0,49.0,53.0,63.0,0.0,24.0,37.0,46.0,55.0,63.0,3.0,21.0,38.0,44.0,56.0,63.0,5.0,16.0,40.0,42.0,57.0,63.0,10.0,10.0,42.0,39.0,59.0,63.0,7.0,14.0,41.0,40.0,58.0,63.0,16.0,0.0,43.0,6.0,61.0,37.0,63.0,63.0,0.4371465637934267,3.0011654228627007,2.2692499736054494,0.0,30.0,160.0,983313.2384856523,987316.1321437183,992524.7166626477,994791.4154810706,997974.4393537496,999035.4473113093,999517.7236556546,999565.9512900892,999710.6341933928,999855.3170966964,999903.5447311308,999951.7723655654,1000000.0,1000000.0,1000000.0,1000000.0,1000000.0,1000000.0,1000000.0,1000000.0,1000000.0,1000000.0,1000000.0,1000000.0,1000000.0,1000000.0,1000000.0,1000000.0,1000000.0,1000000.0,1000000.0,1000000.0,1000000.0,1000000.0,1000000.0,1000000.0,1000000.0,1000000.0,1000000.0,1000000.0,1000000.0,1000000.0,1000000.0,1000000.0,1000000.0,1000000.0,1000000.0,1000000.0,1000000.0,1000000.0,1000000.0,1000000.0,1000000.0,1000000.0,1000000.0,1000000.0,1000000.0,1000000.0,1000000.0,1000000.0,1000000.0,1000000.0,1000000.0,1000000.0,0.0,0.0,0.0,0.0,0.0,0.0,48.22763443453082,96.4552688690621,144.68290330359284,192.91053773812425,241.13817217265407,241.13817217265407,241.13817217265407,434.04870991077877,626.959247648901,819.8697853870253,1398.601398601398,2170.2435495538875,3038.3409693754506,4147.576561369663,5931.999035447306,8150.470219435744,13117.916566192442,16686.761514347712,25512.418615866904,36556.54690137447,58548.34820352058,83482.03520617314,136243.0672775501,205787.31613214375,332529.53942609107,413841.33108271036,650783.6990595611,775886.1827827346,896841.0899445382,942367.9768507354,976416.6867615143,987846.6361224981,994309.1391367252,997009.886665059,998890.7644080058,999758.8618278273,1000000.0,1000000.0,1000000.0,1000000.0,1000000.0,1000000.0,1000000.0,1000000.0,1000000.0,1000000.0,1000000.0,1000000.0,1000000.0,1000000.0,1000000.0,1000000.0,1000000.0,1000000.0,1000000.0,1000000.0,1000000.0,1000000.0,0.0,0.0,0.0,0.0,0.0,0.0,0.0,0.0,0.0,0.0,0.0,0.0,0.0,0.0,0.0,0.0,0.0,0.0,0.0,0.0,0.0,0.0,0.0,0.0,0.0,0.0,0.0,0.0,0.0,0.0,0.0,0.0,0.0,0.0,0.0,0.0,0.0,48.22763443453082,192.91053773812425,289.36580660718624,578.7316132143711,916.3250542560885,1639.7395707740552,2748.975162768264,6414.2753797926125,13696.648179406795,31203.279479141525,52809.25970581137,114492.40414757656,202122.01591511935,376706.0525681215,507692.3076923077,712852.6645768025,849288.6423920906,957029.1777188329,982830.962141307,995804.1958041957,998842.5367735712,999662.4065589582,999903.5447311308,1000000.0,1000000.0,1000000.0,1000000.0,0.0,0.0,0.0,0.0,0.0,0.0,0.0,0.0,0.0,0.0,0.0,0.0,0.0,0.0,0.0,0.0,0.0,0.0,0.0,0.0,0.0,0.0,0.0,0.0,0.0,0.0,0.0,0.0,0.0,0.0,0.0,0.0,0.0,0.0,0.0,0.0,0.0,0.0,0.0,0.0,0.0,0.0,0.0,0.0,0.0,0.0,0.0,0.0,0.0,0.0,0.0,0.0,0.0,0.0,0.0,0.0,0.0,0.0,0.0,0.0,0.0,0.0,0.0,1000000.0
FLINT,MAGNUM03,F,na,na,na,na,2025_03_11-15_02_56,na,0,50,Yes,1,na,48.22763443453082,482.27634434538857,48.22763443453082,8.0,41.0,0.0,,,,48.22763443453082,675.1868820835128,48.22763443453082,8.0,41.0,0.0,32.0,20.0,11.0,28.0,15.0,9.0,24.0,11.0,8.0,20.0,7.0,7.0,14.0,4.0,6.0,6.0,-1.0,4.0,10.0,1.0,5.0,0.0,32.0,32.0,52.0,52.0,63.0,0.0,28.0,34.0,49.0,54.0,63.0,0.0,24.0,36.0,47.0,55.0,63.0,1.0,21.0,38.0,45.0,56.0,63.0,2.0,16.0,40.0,44.0,57.0,63.0,4.0,10.0,42.0,41.0,58.0,62.0,4.0,14.0,41.0,42.0,58.0,63.0,9.0,0.0,60.0,0.0,63.0,40.0,63.0,0.0,0.18356729194510218,2.9941665637639097,2.1165960916527635,0.6188425464008723,30.0,160.0,993585.7246202073,996527.6103207137,998746.0815047021,999083.6749457439,999951.7723655654,1000000.0,1000000.0,1000000.0,1000000.0,1000000.0,1000000.0,1000000.0,1000000.0,1000000.0,1000000.0,1000000.0,1000000.0,1000000.0,1000000.0,1000000.0,1000000.0,1000000.0,1000000.0,1000000.0,1000000.0,1000000.0,1000000.0,1000000.0,1000000.0,1000000.0,1000000.0,1000000.0,1000000.0,1000000.0,1000000.0,1000000.0,1000000.0,1000000.0,1000000.0,1000000.0,1000000.0,1000000.0,1000000.0,1000000.0,1000000.0,1000000.0,1000000.0,1000000.0,1000000.0,1000000.0,1000000.0,1000000.0,1000000.0,1000000.0,1000000.0,1000000.0,1000000.0,1000000.0,1000000.0,1000000.0,1000000.0,1000000.0,1000000.0,1000000.0,48.22763443453082,48.22763443453082,48.22763443453082,48.22763443453082,48.22763443453082,48.22763443453082,48.22763443453082,48.22763443453082,96.4552688690621,144.68290330359284,241.13817217265407,241.13817217265407,337.59344104171646,530.5039787798403,916.3250542560885,1061.0079575596806,1446.829033035929,2073.7882806848356,3424.1620448516924,4388.714733542319,6124.909573185426,8632.74656378105,14564.745599228345,19387.509042681453,29467.08463949845,43356.6433566433,72389.67928623101,101760.3086568603,170822.28116710868,253822.04002893655,395659.5129008922,482035.2061731372,720906.6795273692,827586.2068965517,926211.7193151675,959729.9252471667,985435.2544007716,992669.3995659512,997588.6182782734,998504.9433325295,999517.7236556546,999758.8618278273,999903.5447311308,1000000.0,1000000.0,1000000.0,1000000.0,1000000.0,1000000.0,1000000.0,1000000.0,1000000.0,1000000.0,1000000.0,1000000.0,1000000.0,1000000.0,1000000.0,1000000.0,1000000.0,1000000.0,1000000.0,1000000.0,1000000.0,0.0,0.0,0.0,0.0,0.0,0.0,0.0,0.0,0.0,0.0,0.0,0.0,0.0,0.0,0.0,0.0,0.0,0.0,0.0,0.0,0.0,0.0,0.0,0.0,0.0,0.0,0.0,0.0,0.0,0.0,0.0,0.0,0.0,0.0,0.0,0.0,0.0,0.0,0.0,0.0,144.68290330359284,241.13817217265407,771.6421509524955,1157.4632264287443,3375.934410417169,6366.047745358085,18230.045816252703,33904.027007475284,86906.19725102489,170484.68772606712,355148.2999758861,485362.9129491198,700409.9348926935,838244.5141065831,952833.3735230287,982300.4581625271,997154.5695683626,999228.3578490474,999903.5447311308,1000000.0,1000000.0,1000000.0,1000000.0,1000000.0,96.4552688690621,96.4552688690621,96.4552688690621,96.4552688690621,96.4552688690621,96.4552688690621,96.4552688690621,96.4552688690621,96.4552688690621,96.4552688690621,96.4552688690621,96.4552688690621,96.4552688690621,96.4552688690621,96.4552688690621,96.4552688690621,96.4552688690621,96.4552688690621,96.4552688690621,96.4552688690621,96.4552688690621,96.4552688690621,96.4552688690621,96.4552688690621,96.4552688690621,96.4552688690621,96.4552688690621,96.4552688690621,96.4552688690621,96.4552688690621,96.4552688690621,96.4552688690621,96.4552688690621,96.4552688690621,96.4552688690621,96.4552688690621,96.4552688690621,96.4552688690621,96.4552688690621,96.4552688690621,96.4552688690621,96.4552688690621,96.4552688690621,96.4552688690621,96.4552688690621,96.4552688690621,96.4552688690621,96.4552688690621,96.4552688690621,96.4552688690621,96.4552688690621,96.4552688690621,96.4552688690621,96.4552688690621,96.4552688690621,96.4552688690621,96.4552688690621,96.4552688690621,96.4552688690621,96.4552688690621,96.4552688690621,96.4552688690621,289.36580660718624,1000000.0
FLINT,MAGNUM03,F,na,na,na,na,2025_03_11-15_02_56,na,0,51,Yes,1,na,482.27634434538857,1591.5119363395504,96.4552688691443,8.0,40.0,61.0,,,,578.7316132143711,2748.9751627683463,96.4552688691443,8.0,40.0,61.0,31.0,20.0,12.0,28.0,16.0,10.0,22.0,10.0,8.0,15.0,5.0,7.0,9.0,0.0,5.0,-5.0,-5.0,4.0,1.0,-1.0,5.0,0.0,31.0,31.0,51.0,51.0,63.0,0.0,28.0,33.0,49.0,53.0,63.0,0.0,22.0,36.0,46.0,55.0,63.0,3.0,18.0,38.0,43.0,56.0,63.0,5.0,14.0,40.0,40.0,58.0,63.0,12.0,7.0,43.0,38.0,59.0,63.0,8.0,9.0,41.0,40.0,58.0,63.0,27.0,0.0,44.0,2.0,63.0,31.0,63.0,63.0,0.4982943205004566,3.4016641431572427,2.433765142443554,0.0,30.0,160.0,978249.3368700264,983602.6042922594,991367.253436219,994887.8707499397,997685.0735471424,998794.3091391367,999469.4960212201,999517.7236556546,999710.6341933928,999807.0894622619,999807.0894622619,999855.3170966964,999951.7723655654,999951.7723655654,1000000.0,1000000.0,1000000.0,1000000.0,1000000.0,1000000.0,1000000.0,1000000.0,1000000.0,1000000.0,1000000.0,1000000.0,1000000.0,1000000.0,1000000.0,1000000.0,1000000.0,1000000.0,1000000.0,1000000.0,1000000.0,1000000.0,1000000.0,1000000.0,1000000.0,1000000.0,1000000.0,1000000.0,1000000.0,1000000.0,1000000.0,1000000.0,1000000.0,1000000.0,1000000.0,1000000.0,1000000.0,1000000.0,1000000.0,1000000.0,1000000.0,1000000.0,1000000.0,1000000.0,1000000.0,1000000.0,1000000.0,1000000.0,1000000.0,1000000.0,0.0,0.0,48.22763443453082,48.22763443453082,48.22763443453082,96.4552688690621,192.91053773812425,289.36580660718624,482.27634434531,578.7316132143711,626.959247648901,868.0974198215577,1012.7803231251486,1205.690860863273,1639.7395707740552,2266.6988184229576,3568.844948155295,4774.535809018565,7185.917530745107,9404.388714733534,13648.420544972252,19628.647214854085,26911.02001446829,35109.71786833856,51314.20303834093,71425.12659754041,110971.78683385583,151579.45502773096,229563.53990836747,323028.6954424886,462406.5589582831,527947.9141548107,755582.3486857968,850253.1950807812,932384.8565227875,962478.9004099349,984277.7911743429,992235.3508560404,996913.43139619,998408.4880636605,999517.7236556546,999710.6341933928,999855.3170966964,999903.5447311308,1000000.0,1000000.0,1000000.0,1000000.0,1000000.0,1000000.0,1000000.0,1000000.0,1000000.0,1000000.0,1000000.0,1000000.0,1000000.0,1000000.0,1000000.0,1000000.0,1000000.0,1000000.0,1000000.0,1000000.0,0.0,0.0,0.0,0.0,0.0,0.0,0.0,0.0,0.0,0.0,0.0,0.0,0.0,0.0,0.0,0.0,0.0,0.0,0.0,0.0,0.0,0.0,0.0,0.0,0.0,0.0,0.0,0.0,0.0,0.0,0.0,48.22763443453082,96.4552688690621,96.4552688690621,96.4552688690621,96.4552688690621,144.68290330359284,192.91053773812425,337.59344104171646,482.27634434531,1398.601398601398,2314.926452857486,4388.714733542319,6366.047745358085,12394.502049674455,21413.069688931733,45623.342175066275,79045.09283819627,156016.39739570778,254883.04798649618,431203.2794791415,557173.8606221365,753412.105136243,872003.8582107548,960308.6568603809,984422.4740776465,996238.2445141064,998601.3986013986,999614.1789245236,999903.5447311308,999903.5447311308,999951.7723655654,999951.7723655654,1000000.0,0.0,0.0,0.0,0.0,0.0,0.0,0.0,0.0,0.0,0.0,0.0,0.0,0.0,0.0,0.0,0.0,0.0,0.0,0.0,0.0,0.0,0.0,0.0,0.0,0.0,0.0,0.0,0.0,0.0,0.0,0.0,0.0,0.0,0.0,0.0,0.0,0.0,0.0,0.0,0.0,0.0,0.0,0.0,0.0,0.0,0.0,0.0,0.0,0.0,0.0,0.0,0.0,0.0,0.0,0.0,0.0,0.0,0.0,0.0,0.0,0.0,0.0,0.0,1000000.0
FLINT,MAGNUM03,F,na,na,na,na,2025_03_11-15_02_56,na,0,52,Yes,1,na,434.0487099108167,2556.0646250301406,0.0,7.0,41.0,31.0,,,,771.6421509525331,4388.714733542333,0.0,7.0,41.0,31.0,31.0,20.0,12.0,28.0,16.0,10.0,22.0,9.0,8.0,15.0,5.0,7.0,7.0,-1.0,5.0,-6.0,-10.0,4.0,2.0,-5.0,5.0,0.0,31.0,31.0,51.0,51.0,63.0,0.0,28.0,33.0,49.0,53.0,63.0,0.0,22.0,36.0,45.0,55.0,63.0,3.0,18.0,38.0,43.0,56.0,63.0,5.0,12.0,41.0,40.0,58.0,63.0,10.0,4.0,46.0,36.0,59.0,63.0,6.0,8.0,43.0,38.0,58.0,63.0,18.0,0.0,63.0,2.0,62.0,32.0,63.0,0.0,0.4427702234066479,3.5893676050112004,2.5299342996288785,0.4374894505865458,30.0,160.0,980033.7593441041,985965.7583795515,992090.6679527368,995273.6918254159,998408.4880636605,999180.1302146129,999565.9512900892,999614.1789245236,999758.8618278273,999855.3170966964,999903.5447311308,999903.5447311308,999951.7723655654,999951.7723655654,1000000.0,1000000.0,1000000.0,1000000.0,1000000.0,1000000.0,1000000.0,1000000.0,1000000.0,1000000.0,1000000.0,1000000.0,1000000.0,1000000.0,1000000.0,1000000.0,1000000.0,1000000.0,1000000.0,1000000.0,1000000.0,1000000.0,1000000.0,1000000.0,1000000.0,1000000.0,1000000.0,1000000.0,1000000.0,1000000.0,1000000.0,1000000.0,1000000.0,1000000.0,1000000.0,1000000.0,1000000.0,1000000.0,1000000.0,1000000.0,1000000.0,1000000.0,1000000.0,1000000.0,1000000.0,1000000.0,1000000.0,1000000.0,1000000.0,1000000.0,0.0,0.0,96.4552688690621,192.91053773812425,241.13817217265407,289.36580660718624,337.59344104171646,385.82107547624787,578.7316132143711,626.959247648901,771.6421509524955,964.5526886906189,1446.829033035929,1832.650108512174,2748.975162768264,3327.7067759826386,4870.991077887631,6124.909573185426,8970.34000482275,11526.404629852897,15818.664094526175,21413.069688931733,29949.36098384374,40028.93658066073,57680.2507836991,77984.08488063654,117627.20038582108,155630.57632023148,233904.02700747526,326404.6298529057,460043.4048709911,518254.15963347,757704.3646009163,844996.3829274174,921678.3216783216,952688.690619725,978442.2474077647,987846.6361224981,994116.2285989872,996286.472148541,998167.3498914879,999131.9025801783,999517.7236556546,999710.6341933928,999807.0894622619,999807.0894622619,999903.5447311308,999903.5447311308,1000000.0,1000000.0,1000000.0,1000000.0,1000000.0,1000000.0,1000000.0,1000000.0,1000000.0,1000000.0,1000000.0,1000000.0,1000000.0,1000000.0,1000000.0,1000000.0,0.0,0.0,0.0,0.0,0.0,0.0,0.0,0.0,0.0,0.0,0.0,0.0,0.0,0.0,0.0,0.0,0.0,0.0,0.0,0.0,0.0,0.0,0.0,0.0,0.0,0.0,0.0,0.0,0.0,0.0,0.0,0.0,48.22763443453082,48.22763443453082,48.22763443453082,96.4552688690621,241.13817217265407,530.5039787798403,819.8697853870253,1205.690860863273,1832.650108512174,2604.2922594646707,5256.812153363875,7571.738606221362,14805.883771401013,24306.727755003594,49674.46346756688,79286.23101036903,152399.3248131179,252037.61755485894,423631.54087292013,545502.77308898,733156.49867374,853725.5847600675,949843.2601880877,977911.7434289848,994550.2773088979,998360.2604292259,999565.9512900892,999903.5447311308,999903.5447311308,1000000.0,1000000.0,1000000.0,48.22763443453082,48.22763443453082,48.22763443453082,48.22763443453082,48.22763443453082,48.22763443453082,48.22763443453082,48.22763443453082,48.22763443453082,48.22763443453082,48.22763443453082,48.22763443453082,48.22763443453082,48.22763443453082,48.22763443453082,48.22763443453082,48.22763443453082,48.22763443453082,48.22763443453082,48.22763443453082,48.22763443453082,48.22763443453082,48.22763443453082,48.22763443453082,48.22763443453082,48.22763443453082,48.22763443453082,48.22763443453082,48.22763443453082,48.22763443453082,48.22763443453082,48.22763443453082,48.22763443453082,48.22763443453082,48.22763443453082,48.22763443453082,48.22763443453082,48.22763443453082,48.22763443453082,48.22763443453082,48.22763443453082,48.22763443453082,48.22763443453082,48.22763443453082,48.22763443453082,48.22763443453082,48.22763443453082,48.22763443453082,48.22763443453082,48.22763443453082,48.22763443453082,48.22763443453082,48.22763443453082,48.22763443453082,48.22763443453082,48.22763443453082,48.22763443453082,48.22763443453082,48.22763443453082,48.22763443453082,48.22763443453082,48.22763443453082,48.22763443453082,1000000.0
FLINT,MAGNUM03,F,na,na,na,na,2025_03_11-15_02_56,na,0,53,Yes,1,na,0.0,916.3250542560885,0.0,8.0,41.0,60.5,,,,0.0,1205.6908608632996,0.0,8.0,41.0,60.5,32.0,19.0,12.0,28.0,16.0,10.0,23.0,10.0,8.0,20.0,7.0,7.0,14.0,3.0,6.0,9.0,-1.0,5.0,11.0,0.0,5.0,0.0,32.0,32.0,51.0,51.0,63.0,0.0,28.0,33.0,49.0,53.0,63.0,0.0,23.0,36.0,46.0,55.0,63.0,0.0,20.0,38.0,45.0,56.0,63.0,2.0,16.0,39.0,42.0,57.0,63.0,4.0,13.0,41.0,40.0,58.0,63.0,3.0,14.0,40.0,40.0,58.0,63.0,6.0,0.0,44.0,10.0,60.0,34.0,63.0,61.0,0.13945671145792776,3.102145710906777,2.2005485550488264,0.017009251628615354,30.0,160.0,994502.0496744635,997540.3906438388,999421.2683867855,999710.6341933928,1000000.0,1000000.0,1000000.0,1000000.0,1000000.0,1000000.0,1000000.0,1000000.0,1000000.0,1000000.0,1000000.0,1000000.0,1000000.0,1000000.0,1000000.0,1000000.0,1000000.0,1000000.0,1000000.0,1000000.0,1000000.0,1000000.0,1000000.0,1000000.0,1000000.0,1000000.0,1000000.0,1000000.0,1000000.0,1000000.0,1000000.0,1000000.0,1000000.0,1000000.0,1000000.0,1000000.0,1000000.0,1000000.0,1000000.0,1000000.0,1000000.0,1000000.0,1000000.0,1000000.0,1000000.0,1000000.0,1000000.0,1000000.0,1000000.0,1000000.0,1000000.0,1000000.0,1000000.0,1000000.0,1000000.0,1000000.0,1000000.0,1000000.0,1000000.0,1000000.0,0.0,0.0,0.0,0.0,0.0,0.0,0.0,0.0,0.0,0.0,48.22763443453082,144.68290330359284,144.68290330359284,337.59344104171646,626.959247648901,1109.2355919942117,1784.4224740776426,2941.8857005063924,3858.2107547624714,6173.137207619962,8729.201832650102,12008.680974198212,18230.045816252703,24210.272486134556,37279.96141789247,54690.13744875808,88401.25391849529,123173.37834579217,198360.26042922595,286713.28671328677,428888.353026284,487629.6117675428,745888.5941644562,847793.5857246201,933542.3197492162,963491.68073306,986496.2623583314,993730.407523511,997829.756450446,998794.3091391367,999710.6341933928,999951.7723655654,999951.7723655654,1000000.0,1000000.0,1000000.0,1000000.0,1000000.0,1000000.0,1000000.0,1000000.0,1000000.0,1000000.0,1000000.0,1000000.0,1000000.0,1000000.0,1000000.0,1000000.0,1000000.0,1000000.0,1000000.0,1000000.0,1000000.0,0.0,0.0,0.0,0.0,0.0,0.0,0.0,0.0,0.0,0.0,0.0,0.0,0.0,0.0,0.0,0.0,0.0,0.0,0.0,0.0,0.0,0.0,0.0,0.0,0.0,0.0,0.0,0.0,0.0,0.0,0.0,0.0,0.0,0.0,48.22763443453082,48.22763443453082,48.22763443453082,48.22763443453082,48.22763443453082,192.91053773812425,675.1868820834334,964.5526886906189,1639.7395707740552,2604.2922594646707,5546.177959971061,11285.266457680242,25753.55678803953,50012.05690860864,122208.82565710161,222184.71183988426,410947.67301663855,538992.0424403183,745695.6836267181,873450.6872437906,963781.0465396672,987171.4492404147,997492.1630094043,999373.040752351,999903.5447311308,1000000.0,1000000.0,1000000.0,1000000.0,1000000.0,0.0,0.0,0.0,0.0,0.0,0.0,0.0,0.0,0.0,0.0,0.0,0.0,0.0,0.0,0.0,0.0,0.0,0.0,0.0,0.0,0.0,0.0,0.0,0.0,0.0,0.0,0.0,0.0,0.0,0.0,0.0,0.0,0.0,0.0,0.0,0.0,0.0,0.0,0.0,0.0,0.0,0.0,0.0,0.0,0.0,0.0,0.0,0.0,0.0,0.0,0.0,0.0,0.0,0.0,0.0,0.0,0.0,0.0,0.0,0.0,0.0,48.22763443453082,144.68290330359284,1000000.0
FLINT,MAGNUM03,F,na,na,na,na,2025_03_11-15_02_56,na,0,54,Yes,1,na,337.59344104171646,675.1868820834552,0.0,9.0,41.0,30.0,,,,434.04870991081987,1253.9184952978262,0.0,9.0,41.0,30.0,32.0,20.0,11.0,28.0,15.0,10.0,24.0,10.0,8.0,17.0,7.0,7.0,9.0,3.0,6.0,-1.0,-4.0,5.0,3.0,0.0,5.0,0.0,32.0,32.0,52.0,52.0,63.0,0.0,28.0,34.0,49.0,53.0,63.0,0.0,24.0,36.0,46.0,55.0,63.0,3.0,20.0,38.0,45.0,56.0,63.0,6.0,15.0,40.0,43.0,57.0,63.0,9.0,8.0,44.0,40.0,58.0,63.0,8.0,11.0,41.0,41.0,58.0,63.0,17.0,0.0,63.0,0.0,60.0,38.0,63.0,0.0,0.4715749034104069,3.1374630910905146,2.228359422117908,0.4377639156890563,30.0,160.0,980371.3527851459,985145.8885941644,990740.29418857,994019.7733301182,997636.845912708,998697.8538702676,999228.3578490474,999373.040752351,999807.0894622619,999951.7723655654,1000000.0,1000000.0,1000000.0,1000000.0,1000000.0,1000000.0,1000000.0,1000000.0,1000000.0,1000000.0,1000000.0,1000000.0,1000000.0,1000000.0,1000000.0,1000000.0,1000000.0,1000000.0,1000000.0,1000000.0,1000000.0,1000000.0,1000000.0,1000000.0,1000000.0,1000000.0,1000000.0,1000000.0,1000000.0,1000000.0,1000000.0,1000000.0,1000000.0,1000000.0,1000000.0,1000000.0,1000000.0,1000000.0,1000000.0,1000000.0,1000000.0,1000000.0,1000000.0,1000000.0,1000000.0,1000000.0,1000000.0,1000000.0,1000000.0,1000000.0,1000000.0,1000000.0,1000000.0,1000000.0,96.4552688690621,96.4552688690621,96.4552688690621,96.4552688690621,144.68290330359284,144.68290330359284,144.68290330359284,144.68290330359284,241.13817217265407,385.82107547624787,434.04870991077877,578.7316132143711,723.414516517964,916.3250542560885,1350.373764166866,1446.829033035929,1784.4224740776426,2604.2922594646707,3761.755485893413,5063.901615625751,7475.283337352298,10417.169037858685,15625.753556788046,21895.346033277066,35640.221847118344,52664.5768025078,84398.3602604293,115456.95683626727,188570.05063901606,276874.84928864235,413310.8271039305,466457.6802507837,726211.7193151676,832167.8321678321,923800.337593441,959295.8765372558,984133.1082710393,992476.4890282131,997058.1142994935,998360.2604292259,999324.8131179166,999758.8618278273,999855.3170966964,999855.3170966964,1000000.0,1000000.0,1000000.0,1000000.0,1000000.0,1000000.0,1000000.0,1000000.0,1000000.0,1000000.0,1000000.0,1000000.0,1000000.0,1000000.0,1000000.0,1000000.0,1000000.0,1000000.0,1000000.0,1000000.0,0.0,0.0,0.0,0.0,0.0,0.0,0.0,0.0,0.0,0.0,0.0,0.0,0.0,0.0,0.0,0.0,0.0,0.0,0.0,0.0,0.0,0.0,0.0,0.0,0.0,0.0,0.0,0.0,0.0,0.0,0.0,0.0,0.0,0.0,0.0,0.0,0.0,0.0,48.22763443453082,192.91053773812425,434.04870991077877,626.959247648901,1253.9184952978064,2411.3817217265464,5063.901615625751,9741.98215577526,24740.776464914372,46394.9843260188,107161.80371352784,195273.691825416,365083.19266939955,490426.8145647456,706486.6168314444,841572.2208825657,950711.3576079092,980998.3120327947,996382.9274174101,999324.8131179166,1000000.0,1000000.0,1000000.0,1000000.0,1000000.0,1000000.0,48.22763443453082,48.22763443453082,48.22763443453082,48.22763443453082,48.22763443453082,48.22763443453082,48.22763443453082,48.22763443453082,48.22763443453082,48.22763443453082,48.22763443453082,48.22763443453082,48.22763443453082,48.22763443453082,48.22763443453082,48.22763443453082,48.22763443453082,48.22763443453082,48.22763443453082,48.22763443453082,48.22763443453082,48.22763443453082,48.22763443453082,48.22763443453082,48.22763443453082,48.22763443453082,48.22763443453082,48.22763443453082,48.22763443453082,48.22763443453082,48.22763443453082,48.22763443453082,48.22763443453082,48.22763443453082,48.22763443453082,48.22763443453082,48.22763443453082,48.22763443453082,48.22763443453082,48.22763443453082,48.22763443453082,48.22763443453082,48.22763443453082,48.22763443453082,48.22763443453082,48.22763443453082,48.22763443453082,48.22763443453082,48.22763443453082,48.22763443453082,48.22763443453082,48.22763443453082,48.22763443453082,48.22763443453082,48.22763443453082,48.22763443453082,48.22763443453082,48.22763443453082,48.22763443453082,48.22763443453082,48.22763443453082,96.4552688690621,144.68290330359284,1000000.0
FLINT,MAGNUM03,F,na,na,na,na,2025_03_11-15_02_56,na,0,55,Yes,1,na,241.13817217265407,0.0,0.0,9.0,31.5,62.0,,,,385.82107547624787,0.0,0.0,9.0,31.5,62.0,32.0,19.0,12.0,28.0,16.0,10.0,22.0,10.0,8.0,14.0,6.0,7.0,9.0,1.0,6.0,0.0,-7.0,4.0,4.0,-3.0,5.0,0.0,32.0,32.0,51.0,51.0,63.0,0.0,28.0,33.0,49.0,53.0,63.0,0.0,22.0,36.0,46.0,55.0,63.0,4.0,18.0,38.0,44.0,56.0,63.0,5.0,14.0,40.0,41.0,57.0,63.0,9.0,9.0,44.0,37.0,59.0,63.0,7.0,11.0,42.0,39.0,58.0,63.0,27.0,0.0,63.0,1.0,61.0,0.0,63.0,63.0,0.5184026226435009,3.3836494495936313,2.413861314391997,0.0,30.0,160.0,977670.6052568122,983313.2384856523,989775.7414998794,992958.7653725585,997443.9353749697,998746.0815047021,999373.040752351,999565.9512900892,999807.0894622619,999951.7723655654,999951.7723655654,999951.7723655654,999951.7723655654,999951.7723655654,999951.7723655654,999951.7723655654,999951.7723655654,1000000.0,1000000.0,1000000.0,1000000.0,1000000.0,1000000.0,1000000.0,1000000.0,1000000.0,1000000.0,1000000.0,1000000.0,1000000.0,1000000.0,1000000.0,1000000.0,1000000.0,1000000.0,1000000.0,1000000.0,1000000.0,1000000.0,1000000.0,1000000.0,1000000.0,1000000.0,1000000.0,1000000.0,1000000.0,1000000.0,1000000.0,1000000.0,1000000.0,1000000.0,1000000.0,1000000.0,1000000.0,1000000.0,1000000.0,1000000.0,1000000.0,1000000.0,1000000.0,1000000.0,1000000.0,1000000.0,1000000.0,0.0,48.22763443453082,48.22763443453082,48.22763443453082,48.22763443453082,48.22763443453082,48.22763443453082,96.4552688690621,192.91053773812425,289.36580660718624,434.04870991077877,578.7316132143711,1061.0079575596806,1205.690860863273,1929.1053773812387,2363.1540872920177,3134.7962382445157,4629.85290571497,6558.958283096219,8295.15312273932,12828.550759585236,17458.403665300208,24789.004099348924,32216.05980226669,47890.04099348927,65444.899927658524,102821.31661442007,141548.10706534842,220062.6959247649,309283.8196286472,444562.33421750664,489317.57897275133,749650.3496503496,844176.5131420302,924475.5244755244,957945.5027730889,981577.043646009,990595.6112852665,995321.9194598505,997299.2524716662,998890.7644080058,999469.4960212201,999710.6341933928,999855.3170966964,999951.7723655654,999951.7723655654,1000000.0,1000000.0,1000000.0,1000000.0,1000000.0,1000000.0,1000000.0,1000000.0,1000000.0,1000000.0,1000000.0,1000000.0,1000000.0,1000000.0,1000000.0,1000000.0,1000000.0,1000000.0,48.22763443453082,48.22763443453082,48.22763443453082,48.22763443453082,48.22763443453082,48.22763443453082,48.22763443453082,48.22763443453082,48.22763443453082,48.22763443453082,48.22763443453082,48.22763443453082,48.22763443453082,48.22763443453082,48.22763443453082,48.22763443453082,48.22763443453082,48.22763443453082,48.22763443453082,48.22763443453082,48.22763443453082,48.22763443453082,48.22763443453082,48.22763443453082,48.22763443453082,48.22763443453082,48.22763443453082,48.22763443453082,48.22763443453082,48.22763443453082,48.22763443453082,48.22763443453082,48.22763443453082,96.4552688690621,144.68290330359284,192.91053773812425,192.91053773812425,289.36580660718624,434.04870991077877,675.1868820834334,964.5526886906189,1639.7395707740552,2941.8857005063924,5112.12925006028,10417.169037858685,18374.728719556282,41572.22088256569,68193.87509042685,136291.29491198456,233373.5230286954,409115.02290812635,540776.4649143959,739184.9529780564,858596.575837955,954473.1130938027,981239.4502049674,995707.7405353268,999035.4473113093,999807.0894622619,999951.7723655654,999951.7723655654,1000000.0,1000000.0,1000000.0,0.0,0.0,0.0,0.0,0.0,0.0,0.0,0.0,0.0,0.0,0.0,0.0,0.0,0.0,0.0,0.0,0.0,0.0,0.0,0.0,0.0,0.0,0.0,0.0,0.0,0.0,0.0,0.0,0.0,0.0,0.0,0.0,0.0,0.0,0.0,0.0,0.0,0.0,0.0,0.0,0.0,0.0,0.0,0.0,0.0,0.0,0.0,0.0,0.0,0.0,0.0,0.0,0.0,0.0,0.0,0.0,0.0,0.0,0.0,0.0,0.0,0.0,0.0,1000000.0
FLINT,MAGNUM03,F,na,na,na,na,2025_03_11-15_02_56,na,0,56,Yes,1,na,1302.1461297323344,59464.673257776754,115794.55027730901,1.0,43.0,62.0,,,,2363.1540872920555,95008.43983602607,116903.78586930314,1.0,43.0,62.0,30.0,21.0,12.0,25.0,12.0,8.0,15.0,-23.0,0.0,9.0,-27.0,0.0,2.0,-32.0,-1.0,-4.0,-43.0,-1.0,-2.0,-37.0,-1.0,0.0,30.0,30.0,51.0,51.0,63.0,0.0,25.0,35.0,47.0,55.0,63.0,0.0,15.0,63.0,40.0,63.0,63.0,0.0,9.0,63.0,36.0,63.0,63.0,0.0,2.0,63.0,31.0,63.0,62.0,4.0,0.0,63.0,20.0,63.0,62.0,2.0,0.0,63.0,26.0,63.0,62.0,5.0,0.0,63.0,0.0,63.0,17.0,63.0,60.0,0.09516738957121351,9.341463371718213,5.692694988669984,0.045509950622433036,30.0,160.0,998746.0815047021,999083.6749457439,999565.9512900892,999758.8618278273,1000000.0,1000000.0,1000000.0,1000000.0,1000000.0,1000000.0,1000000.0,1000000.0,1000000.0,1000000.0,1000000.0,1000000.0,1000000.0,1000000.0,1000000.0,1000000.0,1000000.0,1000000.0,1000000.0,1000000.0,1000000.0,1000000.0,1000000.0,1000000.0,1000000.0,1000000.0,1000000.0,1000000.0,1000000.0,1000000.0,1000000.0,1000000.0,1000000.0,1000000.0,1000000.0,1000000.0,1000000.0,1000000.0,1000000.0,1000000.0,1000000.0,1000000.0,1000000.0,1000000.0,1000000.0,1000000.0,1000000.0,1000000.0,1000000.0,1000000.0,1000000.0,1000000.0,1000000.0,1000000.0,1000000.0,1000000.0,1000000.0,1000000.0,1000000.0,1000000.0,964.5526886906189,1350.373764166866,1784.4224740776426,1977.3330118157653,2556.0646250301406,3231.251507113574,4002.8936580660734,4629.85290571497,5980.226669881832,7234.145165179647,8680.97419821557,10368.941403424169,13793.103448275855,16590.30624547866,21027.248613455497,24837.23173378345,31974.921630094064,38099.8312032795,47890.04099348927,56281.649385097655,69881.84229563536,83819.62864721482,105232.69833614663,122064.14275379785,152688.69061972518,182493.36870026522,231926.69399565947,270267.6633711116,338702.67663371115,408150.47021943575,509959.00651073066,551917.0484687726,711550.5184470703,777429.4670846395,838775.018085363,866361.2249819146,895828.309621413,909766.0959729925,922932.2401736195,929008.9221123703,934362.1895346033,937400.5305039788,940535.3267422232,941403.4241620448,942560.8873884735,943284.3019049915,943959.4887870749,944152.399324813,944441.7651314203,944779.358572462,945454.5454545454,945743.9112611526,946226.1876054979,946708.4639498432,947335.4231974921,947480.1061007957,948107.0653484446,948492.8864239209,949071.6180371352,949746.8049192186,950373.7641668676,950614.9023390402,951627.6826621654,1000000.0,0.0,0.0,0.0,0.0,0.0,0.0,0.0,0.0,0.0,0.0,0.0,0.0,0.0,0.0,0.0,0.0,0.0,48.22763443453082,96.4552688690621,144.68290330359284,241.13817217265407,241.13817217265407,241.13817217265407,337.59344104171646,434.04870991077877,482.27634434531,578.7316132143711,675.1868820834334,723.414516517964,1012.7803231251486,1253.9184952978064,1446.829033035929,2459.609356161082,3134.7962382445157,4436.942367976849,5787.316132143714,8391.608391608395,10417.169037858685,14468.290330359305,17988.907644080045,25705.329153604987,32216.05980226669,46346.7566915843,57824.933687002616,82083.43380757183,106438.38919700982,153653.24330841572,191753.07451169522,268965.5172413793,349553.89438148047,474125.8741258741,558668.9172896069,677357.1256329877,749891.4878225223,817795.9971063419,842150.9524957801,863708.7050880154,872052.0858451892,877935.8572462022,879961.4178924522,883192.669399566,884205.449722691,885073.5471425126,1000000.0,0.0,0.0,0.0,0.0,0.0,0.0,0.0,0.0,0.0,0.0,0.0,0.0,0.0,0.0,0.0,0.0,0.0,0.0,0.0,0.0,0.0,0.0,0.0,0.0,0.0,0.0,0.0,0.0,0.0,0.0,0.0,0.0,0.0,0.0,0.0,0.0,0.0,0.0,0.0,0.0,0.0,0.0,0.0,0.0,0.0,0.0,0.0,0.0,0.0,0.0,0.0,0.0,0.0,0.0,0.0,0.0,0.0,0.0,0.0,0.0,48.22763443453082,144.68290330359284,1398.601398601398,1000000.0
FLINT,MAGNUM03,F,na,na,na,na,2025_03_11-15_02_56,na,0,57,Yes,1,na,7427.055702917801,13455.510007234221,13407.282372799653,12.0,41.0,62.0,,,,13310.827103930547,26139.377863515867,14178.924523752126,12.0,41.0,62.0,31.0,20.0,12.0,25.0,14.0,9.0,12.0,5.0,6.0,-1.0,-14.0,0.0,-22.0,-27.0,0.0,-42.0,-33.0,-1.0,-32.0,-30.0,-1.0,0.0,31.0,31.0,51.0,51.0,63.0,1.0,26.0,34.0,48.0,54.0,63.0,6.0,18.0,38.0,43.0,57.0,63.0,13.0,12.0,54.0,40.0,63.0,63.0,29.0,7.0,63.0,36.0,63.0,63.0,42.0,0.0,63.0,30.0,63.0,62.0,36.0,4.0,63.0,33.0,63.0,62.0,46.0,0.0,63.0,0.0,63.0,23.0,63.0,61.0,2.3031453781664606,5.382206886570755,3.480660644633418,0.04106324854979441,30.0,160.0,838967.9286231009,872582.5898239689,916373.2818905233,936773.5712563299,964890.2821316614,975307.4511695202,982445.1410658307,984904.7504219918,988039.5466602363,989438.1480588376,991801.3021461297,992572.9442970823,993730.407523511,994357.3667711598,995177.2365565469,995514.8299975885,996479.3826862792,996816.9761273209,997106.3419339281,997299.2524716662,997588.6182782734,997781.5288160116,997877.9840848806,997877.9840848806,997974.4393537496,998119.1222570533,998408.4880636605,998408.4880636605,998601.3986013986,998746.0815047021,998890.7644080058,998890.7644080058,999180.1302146129,999324.8131179166,999324.8131179166,999421.2683867855,999614.1789245236,999662.4065589582,999758.8618278273,999807.0894622619,999855.3170966964,999855.3170966964,999903.5447311308,999903.5447311308,999903.5447311308,999951.7723655654,1000000.0,1000000.0,1000000.0,1000000.0,1000000.0,1000000.0,1000000.0,1000000.0,1000000.0,1000000.0,1000000.0,1000000.0,1000000.0,1000000.0,1000000.0,1000000.0,1000000.0,1000000.0,241.13817217265407,337.59344104171646,434.04870991077877,434.04870991077877,578.7316132143711,771.6421509524955,1061.0079575596806,1398.601398601398,2025.5606462503029,2748.975162768264,4244.031830238725,5160.356884494808,6462.5030142271535,7716.421509524954,9597.299252471657,11526.404629852897,16156.257535567875,21509.52495780081,28116.71087533155,33904.027007475284,43742.46443211957,54400.77164215098,70171.20810224256,86279.23800337594,114347.72124427295,144345.30986255128,188859.41644562333,231203.27947914155,305136.24306727754,382927.417410176,497950.3255365324,557463.2264287437,743621.8953460333,823535.0856040511,893175.7897275137,925054.2560887389,954231.97492163,967060.5256812152,977959.9710634192,982204.002893658,986544.4899927658,988328.9124668434,990354.4731130938,991029.6599951772,991511.9363395225,991994.2126838678,992187.123221606,992380.033759344,992476.4890282131,992621.1719315166,992814.0824692548,992958.7653725585,993441.0417169037,993633.9522546419,993923.318061249,994068.0009645526,994309.1391367252,994598.5049433325,994743.187846636,995032.5536532432,995273.6918254159,995370.147094285,995707.7405353268,1000000.0,0.0,0.0,0.0,0.0,0.0,0.0,0.0,0.0,0.0,0.0,0.0,0.0,0.0,0.0,0.0,0.0,0.0,0.0,0.0,0.0,0.0,0.0,0.0,48.22763443453082,96.4552688690621,96.4552688690621,96.4552688690621,96.4552688690621,144.68290330359284,144.68290330359284,241.13817217265407,241.13817217265407,482.27634434531,626.959247648901,868.0974198215577,1253.9184952978064,1639.7395707740552,2122.0159151193625,3617.07258258982,5305.039787798405,8777.42946708464,12732.095490716194,19098.143236074284,25319.508078128747,40897.034000482294,61200.8680974198,97853.87026766334,134024.5960935616,208439.83602604282,304750.42199180124,456763.92572944297,566964.0704123462,724427.2968410898,825705.3291536049,914781.7699541837,948637.5693272244,971401.012780323,979455.0277308897,983361.4661200868,984808.2951531227,985965.7583795515,986592.7176272003,987171.4492404147,1000000.0,0.0,0.0,0.0,0.0,0.0,0.0,0.0,0.0,0.0,0.0,0.0,0.0,0.0,0.0,0.0,0.0,0.0,0.0,0.0,0.0,0.0,0.0,0.0,0.0,0.0,0.0,0.0,0.0,0.0,0.0,0.0,0.0,0.0,0.0,0.0,0.0,0.0,0.0,0.0,0.0,0.0,0.0,0.0,0.0,0.0,0.0,0.0,0.0,0.0,0.0,0.0,0.0,0.0,0.0,0.0,0.0,0.0,0.0,0.0,0.0,0.0,192.91053773812425,1109.2355919942117,1000000.0
FLINT,MAGNUM03,F,na,na,na,na,2025_03_11-15_02_56,na,0,58,Yes,1,na,96.4552688690621,2700.747528333735,0.0,5.0,41.0,61.5,,,,144.68290330359284,3665.3002170244026,0.0,5.0,41.0,61.5,31.0,20.0,12.0,28.0,15.0,9.0,22.0,8.0,7.0,18.0,5.0,6.0,13.0,0.0,5.0,4.0,-6.0,4.0,8.0,-2.0,4.0,0.0,31.0,31.0,51.0,51.0,63.0,0.0,28.0,34.0,49.0,54.0,63.0,0.0,22.0,37.0,45.0,56.0,63.0,0.0,18.0,38.0,43.0,57.0,63.0,1.0,14.0,40.0,40.0,58.0,63.0,4.0,8.0,42.0,36.0,59.0,63.0,2.0,10.0,41.0,39.0,59.0,63.0,6.0,0.0,44.0,0.0,60.0,32.0,63.0,63.0,0.10341480882634657,3.547101245136248,2.6364779163194494,0.0,30.0,160.0,998697.8538702676,998987.2196768748,999565.9512900892,999710.6341933928,999951.7723655654,1000000.0,1000000.0,1000000.0,1000000.0,1000000.0,1000000.0,1000000.0,1000000.0,1000000.0,1000000.0,1000000.0,1000000.0,1000000.0,1000000.0,1000000.0,1000000.0,1000000.0,1000000.0,1000000.0,1000000.0,1000000.0,1000000.0,1000000.0,1000000.0,1000000.0,1000000.0,1000000.0,1000000.0,1000000.0,1000000.0,1000000.0,1000000.0,1000000.0,1000000.0,1000000.0,1000000.0,1000000.0,1000000.0,1000000.0,1000000.0,1000000.0,1000000.0,1000000.0,1000000.0,1000000.0,1000000.0,1000000.0,1000000.0,1000000.0,1000000.0,1000000.0,1000000.0,1000000.0,1000000.0,1000000.0,1000000.0,1000000.0,1000000.0,1000000.0,48.22763443453082,96.4552688690621,96.4552688690621,96.4552688690621,96.4552688690621,144.68290330359284,192.91053773812425,192.91053773812425,241.13817217265407,289.36580660718624,626.959247648901,819.8697853870253,916.3250542560885,1205.690860863273,1929.1053773812387,2363.1540872920177,3231.251507113574,4436.942367976849,6558.958283096219,7957.559681697602,12298.046780805396,19291.053773812408,29852.905714974695,38582.1075476248,58307.21003134797,80925.97058114297,122884.01253918507,158138.41331082708,239257.29442970816,328140.8246925488,465251.98938992043,533349.4092114781,745792.1388955872,838244.5141065831,916662.6476971305,946274.4152399324,975114.5406317819,986544.4899927658,994550.2773088979,996865.2037617555,999035.4473113093,999614.1789245236,999951.7723655654,999951.7723655654,1000000.0,1000000.0,1000000.0,1000000.0,1000000.0,1000000.0,1000000.0,1000000.0,1000000.0,1000000.0,1000000.0,1000000.0,1000000.0,1000000.0,1000000.0,1000000.0,1000000.0,1000000.0,1000000.0,1000000.0,0.0,0.0,0.0,0.0,0.0,0.0,0.0,0.0,0.0,0.0,0.0,0.0,0.0,0.0,0.0,0.0,0.0,0.0,0.0,0.0,0.0,0.0,0.0,0.0,0.0,0.0,0.0,0.0,0.0,0.0,0.0,0.0,48.22763443453082,48.22763443453082,192.91053773812425,192.91053773812425,337.59344104171646,385.82107547624787,530.5039787798403,916.3250542560885,1591.5119363395213,2748.975162768264,5401.495056667472,8102.242585001196,15481.070653484428,26525.198938992027,51603.56884494814,81456.47455992283,153219.19459850504,241186.39980708944,404629.85290571494,513576.07909332047,699493.6098384373,820062.6959247648,933060.0434048708,969182.5415963347,992090.6679527368,997492.1630094043,999469.4960212201,999903.5447311308,1000000.0,1000000.0,1000000.0,1000000.0,0.0,0.0,0.0,0.0,0.0,0.0,0.0,0.0,0.0,0.0,0.0,0.0,0.0,0.0,0.0,0.0,0.0,0.0,0.0,0.0,0.0,0.0,0.0,0.0,0.0,0.0,0.0,0.0,0.0,0.0,0.0,0.0,0.0,0.0,0.0,0.0,0.0,0.0,0.0,0.0,0.0,0.0,0.0,0.0,0.0,0.0,0.0,0.0,0.0,0.0,0.0,0.0,0.0,0.0,0.0,0.0,0.0,0.0,0.0,0.0,0.0,0.0,0.0,1000000.0
FLINT,MAGNUM03,F,na,na,na,na,2025_03_11-15_02_56,na,0,59,Yes,1,na,48.22763443453082,530.5039787798403,0.0,9.5,41.0,62.0,,,,48.22763443453082,964.552688690657,0.0,9.5,41.0,62.0,31.0,21.0,11.0,28.0,15.0,10.0,24.0,11.0,8.0,21.0,8.0,7.0,17.0,5.0,6.0,12.0,-3.0,4.0,14.0,1.0,5.0,0.0,31.0,31.0,52.0,52.0,63.0,0.0,28.0,34.0,49.0,53.0,63.0,0.0,24.0,36.0,47.0,55.0,63.0,0.0,21.0,37.0,45.0,56.0,63.0,0.0,17.0,39.0,44.0,57.0,63.0,1.0,13.0,42.0,39.0,59.0,63.0,0.0,14.0,40.0,41.0,58.0,63.0,8.0,0.0,43.0,2.0,63.0,36.0,63.0,62.0,0.06623803636405723,2.9861505883121198,2.201011032380892,0.006944276993437237,30.0,160.0,999565.9512900892,999903.5447311308,999951.7723655654,999951.7723655654,1000000.0,1000000.0,1000000.0,1000000.0,1000000.0,1000000.0,1000000.0,1000000.0,1000000.0,1000000.0,1000000.0,1000000.0,1000000.0,1000000.0,1000000.0,1000000.0,1000000.0,1000000.0,1000000.0,1000000.0,1000000.0,1000000.0,1000000.0,1000000.0,1000000.0,1000000.0,1000000.0,1000000.0,1000000.0,1000000.0,1000000.0,1000000.0,1000000.0,1000000.0,1000000.0,1000000.0,1000000.0,1000000.0,1000000.0,1000000.0,1000000.0,1000000.0,1000000.0,1000000.0,1000000.0,1000000.0,1000000.0,1000000.0,1000000.0,1000000.0,1000000.0,1000000.0,1000000.0,1000000.0,1000000.0,1000000.0,1000000.0,1000000.0,1000000.0,1000000.0,0.0,0.0,48.22763443453082,48.22763443453082,48.22763443453082,48.22763443453082,48.22763443453082,48.22763443453082,48.22763443453082,48.22763443453082,48.22763443453082,96.4552688690621,192.91053773812425,337.59344104171646,626.959247648901,916.3250542560885,1205.690860863273,1639.7395707740552,2122.0159151193625,3086.56860380998,5449.72269110199,9163.250542560887,14468.290330359305,20834.33807571737,33228.840125391835,47600.675186882094,80009.64552688695,113142.03038340976,188618.27827345062,275620.9307933446,421605.98022666987,518543.52544007706,737159.392331806,840993.4892693512,931227.3932963588,964745.5992283578,986737.400530504,994260.9115022907,997926.211719315,999035.4473113093,999565.9512900892,999807.0894622619,1000000.0,1000000.0,1000000.0,1000000.0,1000000.0,1000000.0,1000000.0,1000000.0,1000000.0,1000000.0,1000000.0,1000000.0,1000000.0,1000000.0,1000000.0,1000000.0,1000000.0,1000000.0,1000000.0,1000000.0,1000000.0,1000000.0,0.0,0.0,0.0,0.0,0.0,0.0,0.0,0.0,0.0,0.0,0.0,0.0,0.0,0.0,0.0,0.0,0.0,0.0,0.0,0.0,0.0,0.0,0.0,0.0,0.0,0.0,0.0,0.0,0.0,0.0,0.0,0.0,0.0,0.0,0.0,0.0,48.22763443453082,96.4552688690621,96.4552688690621,289.36580660718624,385.82107547624787,578.7316132143711,964.5526886906189,1302.1461297323344,4292.259464673261,8777.42946708464,21991.801302146112,43308.41572220885,104943.33252953936,198167.34989148777,374873.4024596093,499831.2032794791,706824.2102724861,841523.9932481311,955051.8447070171,982734.5068724379,997058.1142994935,999180.1302146129,999855.3170966964,999903.5447311308,1000000.0,1000000.0,1000000.0,1000000.0,0.0,0.0,0.0,0.0,0.0,0.0,0.0,0.0,0.0,0.0,0.0,0.0,0.0,0.0,0.0,0.0,0.0,0.0,0.0,0.0,0.0,0.0,0.0,0.0,0.0,0.0,0.0,0.0,0.0,0.0,0.0,0.0,0.0,0.0,0.0,0.0,0.0,0.0,0.0,0.0,0.0,0.0,0.0,0.0,0.0,0.0,0.0,0.0,0.0,0.0,0.0,0.0,0.0,0.0,0.0,0.0,0.0,0.0,0.0,0.0,0.0,0.0,48.22763443453082,1000000.0
FLINT,MAGNUM03,F,na,na,na,na,2025_03_11-15_02_56,na,0,60,Yes,1,na,96.4552688690621,578.7316132144223,241.13817217274982,6.5,41.0,60.0,,,,96.4552688690621,964.5526886906702,241.13817217274982,6.5,41.0,60.0,32.0,20.0,11.0,28.0,15.0,9.0,23.0,10.0,7.0,20.0,7.0,6.0,14.0,3.0,5.0,6.0,-1.0,3.0,9.0,1.0,4.0,0.0,32.0,32.0,52.0,52.0,63.0,0.0,28.0,34.0,49.0,54.0,63.0,0.0,23.0,37.0,47.0,56.0,63.0,0.0,20.0,38.0,45.0,57.0,63.0,2.0,16.0,40.0,43.0,58.0,63.0,5.0,11.0,42.0,41.0,60.0,63.0,4.0,13.0,41.0,42.0,59.0,63.0,6.0,0.0,44.0,0.0,63.0,38.0,63.0,63.0,0.16055638614674195,3.234960869553905,2.4626170099875333,0.0,30.0,160.0,996431.1550518447,997685.0735471424,998794.3091391367,999180.1302146129,999855.3170966964,999951.7723655654,1000000.0,1000000.0,1000000.0,1000000.0,1000000.0,1000000.0,1000000.0,1000000.0,1000000.0,1000000.0,1000000.0,1000000.0,1000000.0,1000000.0,1000000.0,1000000.0,1000000.0,1000000.0,1000000.0,1000000.0,1000000.0,1000000.0,1000000.0,1000000.0,1000000.0,1000000.0,1000000.0,1000000.0,1000000.0,1000000.0,1000000.0,1000000.0,1000000.0,1000000.0,1000000.0,1000000.0,1000000.0,1000000.0,1000000.0,1000000.0,1000000.0,1000000.0,1000000.0,1000000.0,1000000.0,1000000.0,1000000.0,1000000.0,1000000.0,1000000.0,1000000.0,1000000.0,1000000.0,1000000.0,1000000.0,1000000.0,1000000.0,1000000.0,48.22763443453082,48.22763443453082,48.22763443453082,48.22763443453082,48.22763443453082,96.4552688690621,96.4552688690621,144.68290330359284,144.68290330359284,192.91053773812425,192.91053773812425,337.59344104171646,482.27634434531,578.7316132143711,723.414516517964,916.3250542560885,1543.2843019049903,2411.3817217265464,3327.7067759826386,4726.3081745840345,7668.193875090419,11574.632264287418,17072.58258982395,23776.22377622378,37135.27851458886,53098.625512418585,84157.2220882566,115842.77791174353,183747.28719556305,268049.1921871232,396961.65903062455,458403.665300217,697226.9110200144,797058.1142994936,894670.8463949844,940776.4649143959,977140.1012780323,989920.4244031829,996575.8379551483,998215.5775259222,999421.2683867855,999807.0894622619,999903.5447311308,999951.7723655654,1000000.0,1000000.0,1000000.0,1000000.0,1000000.0,1000000.0,1000000.0,1000000.0,1000000.0,1000000.0,1000000.0,1000000.0,1000000.0,1000000.0,1000000.0,1000000.0,1000000.0,1000000.0,1000000.0,1000000.0,0.0,0.0,0.0,0.0,0.0,0.0,0.0,0.0,0.0,0.0,0.0,0.0,0.0,0.0,0.0,0.0,0.0,0.0,0.0,0.0,0.0,0.0,0.0,0.0,0.0,0.0,0.0,0.0,0.0,0.0,0.0,0.0,0.0,0.0,0.0,0.0,0.0,0.0,48.22763443453082,48.22763443453082,144.68290330359284,434.04870991077877,1157.4632264287443,2073.7882806848356,4726.3081745840345,8970.34000482275,22715.215818664117,42922.5946467326,104412.82855075962,189389.92042440316,336580.6607185917,458403.665300217,634723.8967928622,763829.2741741018,891487.8225223052,944634.6756691583,987460.8150470218,996479.3826862792,999276.585483482,999758.8618278273,1000000.0,1000000.0,1000000.0,1000000.0,0.0,0.0,0.0,0.0,0.0,0.0,0.0,0.0,0.0,0.0,0.0,0.0,0.0,0.0,0.0,0.0,0.0,0.0,0.0,0.0,0.0,0.0,0.0,0.0,0.0,0.0,0.0,0.0,0.0,0.0,0.0,0.0,0.0,0.0,0.0,0.0,0.0,0.0,0.0,0.0,0.0,0.0,0.0,0.0,0.0,0.0,0.0,0.0,0.0,0.0,0.0,0.0,0.0,0.0,0.0,0.0,0.0,0.0,0.0,0.0,0.0,0.0,0.0,1000000.0
FLINT,MAGNUM03,F,na,na,na,na,2025_03_11-15_02_56,na,0,61,Yes,1,na,0.0,241.13817217265407,0.0,4.5,41.0,59.0,,,,0.0,385.82107547625924,0.0,4.5,41.0,59.0,32.0,19.0,12.0,28.0,15.0,10.0,24.0,11.0,8.0,22.0,8.0,7.0,17.0,5.0,6.0,13.0,0.0,4.0,14.0,2.0,5.0,0.0,32.0,32.0,51.0,51.0,63.0,0.0,28.0,34.0,49.0,53.0,63.0,0.0,24.0,36.0,47.0,55.0,63.0,0.0,22.0,37.0,45.0,56.0,63.0,1.0,18.0,39.0,44.0,57.0,63.0,2.0,15.0,41.0,41.0,58.0,62.0,2.0,16.0,40.0,42.0,58.0,63.0,5.0,0.0,42.0,4.0,58.0,38.0,63.0,60.0,0.07278737711024835,2.8256289715183134,2.1419317250753362,0.035403420616293695,30.0,160.0,998408.4880636605,999324.8131179166,999903.5447311308,1000000.0,1000000.0,1000000.0,1000000.0,1000000.0,1000000.0,1000000.0,1000000.0,1000000.0,1000000.0,1000000.0,1000000.0,1000000.0,1000000.0,1000000.0,1000000.0,1000000.0,1000000.0,1000000.0,1000000.0,1000000.0,1000000.0,1000000.0,1000000.0,1000000.0,1000000.0,1000000.0,1000000.0,1000000.0,1000000.0,1000000.0,1000000.0,1000000.0,1000000.0,1000000.0,1000000.0,1000000.0,1000000.0,1000000.0,1000000.0,1000000.0,1000000.0,1000000.0,1000000.0,1000000.0,1000000.0,1000000.0,1000000.0,1000000.0,1000000.0,1000000.0,1000000.0,1000000.0,1000000.0,1000000.0,1000000.0,1000000.0,1000000.0,1000000.0,1000000.0,1000000.0,0.0,0.0,0.0,0.0,48.22763443453082,48.22763443453082,48.22763443453082,48.22763443453082,48.22763443453082,48.22763443453082,48.22763443453082,96.4552688690621,96.4552688690621,144.68290330359284,144.68290330359284,289.36580660718624,723.414516517964,964.5526886906189,1784.4224740776426,2363.1540872920177,3520.617313720762,5787.316132143714,9983.120327947918,14323.607427055684,24789.004099348924,38533.87991319024,66988.18422956354,94333.25295394257,167205.20858451893,252375.21099590065,388232.45719797444,424692.54883047985,730552.2064142753,838292.7417410176,933060.0434048708,964504.4610561852,987171.4492404147,995032.5536532432,998070.8946226187,998987.2196768748,999855.3170966964,1000000.0,1000000.0,1000000.0,1000000.0,1000000.0,1000000.0,1000000.0,1000000.0,1000000.0,1000000.0,1000000.0,1000000.0,1000000.0,1000000.0,1000000.0,1000000.0,1000000.0,1000000.0,1000000.0,1000000.0,1000000.0,1000000.0,1000000.0,0.0,0.0,0.0,0.0,0.0,0.0,0.0,0.0,0.0,0.0,0.0,0.0,0.0,0.0,0.0,0.0,0.0,0.0,0.0,0.0,0.0,0.0,0.0,0.0,0.0,0.0,0.0,0.0,0.0,0.0,0.0,0.0,0.0,0.0,0.0,0.0,0.0,0.0,144.68290330359284,144.68290330359284,144.68290330359284,289.36580660718624,578.7316132143711,1109.2355919942117,3906.438389197008,7378.82806848324,20448.517000241125,40655.89582830962,111357.60790933197,215239.9324813118,406173.13720761996,537448.7581384133,738123.9450204967,862937.0629370627,962285.9898721967,986833.855799373,997829.756450446,999517.7236556546,1000000.0,1000000.0,1000000.0,1000000.0,1000000.0,1000000.0,0.0,0.0,0.0,0.0,0.0,0.0,0.0,0.0,0.0,0.0,0.0,0.0,0.0,0.0,0.0,0.0,0.0,0.0,0.0,0.0,0.0,0.0,0.0,0.0,0.0,0.0,0.0,0.0,0.0,0.0,0.0,0.0,0.0,0.0,0.0,0.0,0.0,0.0,0.0,0.0,0.0,0.0,0.0,0.0,0.0,0.0,0.0,0.0,0.0,0.0,0.0,0.0,0.0,0.0,0.0,0.0,0.0,0.0,0.0,0.0,96.4552688690621,96.4552688690621,482.27634434531,1000000.0
FLINT,MAGNUM03,F,na,na,na,na,2025_03_11-15_02_56,na,0,62,Yes,1,na,96.4552688690621,1061.0079575596806,0.0,9.5,41.0,61.5,,,,96.4552688690621,1929.1053773813148,0.0,9.5,41.0,61.5,32.0,19.0,12.0,28.0,15.0,9.0,23.0,10.0,8.0,20.0,6.0,7.0,13.0,2.0,5.0,6.0,-3.0,4.0,9.0,-1.0,5.0,0.0,32.0,32.0,51.0,51.0,63.0,0.0,28.0,34.0,49.0,54.0,63.0,0.0,23.0,36.0,46.0,55.0,63.0,0.0,20.0,38.0,44.0,56.0,63.0,2.0,15.0,40.0,42.0,58.0,63.0,5.0,11.0,42.0,39.0,59.0,63.0,4.0,13.0,41.0,40.0,58.0,63.0,10.0,0.0,43.0,3.0,60.0,34.0,63.0,63.0,0.16905212560023578,3.290098283385248,2.3607695845415093,0.0,30.0,160.0,996720.5208584518,997685.0735471424,998987.2196768748,999180.1302146129,999807.0894622619,999903.5447311308,1000000.0,1000000.0,1000000.0,1000000.0,1000000.0,1000000.0,1000000.0,1000000.0,1000000.0,1000000.0,1000000.0,1000000.0,1000000.0,1000000.0,1000000.0,1000000.0,1000000.0,1000000.0,1000000.0,1000000.0,1000000.0,1000000.0,1000000.0,1000000.0,1000000.0,1000000.0,1000000.0,1000000.0,1000000.0,1000000.0,1000000.0,1000000.0,1000000.0,1000000.0,1000000.0,1000000.0,1000000.0,1000000.0,1000000.0,1000000.0,1000000.0,1000000.0,1000000.0,1000000.0,1000000.0,1000000.0,1000000.0,1000000.0,1000000.0,1000000.0,1000000.0,1000000.0,1000000.0,1000000.0,1000000.0,1000000.0,1000000.0,1000000.0,0.0,0.0,0.0,48.22763443453082,48.22763443453082,48.22763443453082,48.22763443453082,48.22763443453082,48.22763443453082,144.68290330359284,144.68290330359284,241.13817217265407,385.82107547624787,819.8697853870253,1350.373764166866,1591.5119363395213,2218.471183988428,2990.1133349409165,4870.991077887631,5980.226669881832,9066.795273691821,13262.599469496023,20014.468290330373,27972.027972027947,44128.285507595865,64046.298529057116,100843.98360260432,138509.766095973,212635.6402218471,302242.5850012057,442199.1801302146,490089.2211237039,736677.1159874608,835784.904750422,917916.5661924282,954183.7472871954,980564.263322884,990499.1560163974,996286.472148541,998215.5775259222,999131.9025801783,999565.9512900892,999951.7723655654,1000000.0,1000000.0,1000000.0,1000000.0,1000000.0,1000000.0,1000000.0,1000000.0,1000000.0,1000000.0,1000000.0,1000000.0,1000000.0,1000000.0,1000000.0,1000000.0,1000000.0,1000000.0,1000000.0,1000000.0,1000000.0,0.0,0.0,0.0,0.0,0.0,0.0,0.0,0.0,0.0,0.0,0.0,0.0,0.0,0.0,0.0,0.0,0.0,0.0,0.0,0.0,0.0,0.0,0.0,0.0,0.0,0.0,0.0,0.0,0.0,0.0,0.0,0.0,0.0,0.0,48.22763443453082,48.22763443453082,48.22763443453082,48.22763443453082,144.68290330359284,289.36580660718624,626.959247648901,1109.2355919942117,2170.2435495538875,3665.3002170243526,7571.738606221362,14564.745599228345,33373.52302869545,59078.85218230043,125343.62189534603,218133.59054738362,391849.5297805642,520424.40318302385,708946.2261876056,837135.2785145887,946997.8297564504,979165.6619242826,994936.0983843743,998408.4880636605,999758.8618278273,999951.7723655654,1000000.0,1000000.0,1000000.0,1000000.0,0.0,0.0,0.0,0.0,0.0,0.0,0.0,0.0,0.0,0.0,0.0,0.0,0.0,0.0,0.0,0.0,0.0,0.0,0.0,0.0,0.0,0.0,0.0,0.0,0.0,0.0,0.0,0.0,0.0,0.0,0.0,0.0,0.0,0.0,0.0,0.0,0.0,0.0,0.0,0.0,0.0,0.0,0.0,0.0,0.0,0.0,0.0,0.0,0.0,0.0,0.0,0.0,0.0,0.0,0.0,0.0,0.0,0.0,0.0,0.0,0.0,0.0,0.0,1000000.0
FLINT,MAGNUM03,F,na,na,na,na,2025_03_11-15_02_56,na,0,63,Yes,1,na,0.0,241.13817217265407,0.0,5.5,41.0,60.0,,,,0.0,289.36580660722603,0.0,5.5,41.0,60.0,32.0,19.0,12.0,29.0,15.0,10.0,26.0,11.0,8.0,24.0,8.0,7.0,21.0,6.0,6.0,15.0,1.0,3.0,19.0,3.0,5.0,0.0,32.0,32.0,51.0,51.0,63.0,0.0,29.0,34.0,49.0,53.0,63.0,0.0,26.0,36.0,47.0,55.0,63.0,0.0,24.0,37.0,45.0,56.0,63.0,0.0,21.0,38.0,44.0,57.0,63.0,2.0,17.0,40.0,41.0,58.0,61.0,0.0,19.0,39.0,42.0,57.0,62.0,3.0,0.0,41.0,8.0,63.0,38.0,63.0,60.0,0.03607714034183933,2.4637781692811234,2.0831193219758646,0.045516286913520415,30.0,160.0,999565.9512900892,999855.3170966964,1000000.0,1000000.0,1000000.0,1000000.0,1000000.0,1000000.0,1000000.0,1000000.0,1000000.0,1000000.0,1000000.0,1000000.0,1000000.0,1000000.0,1000000.0,1000000.0,1000000.0,1000000.0,1000000.0,1000000.0,1000000.0,1000000.0,1000000.0,1000000.0,1000000.0,1000000.0,1000000.0,1000000.0,1000000.0,1000000.0,1000000.0,1000000.0,1000000.0,1000000.0,1000000.0,1000000.0,1000000.0,1000000.0,1000000.0,1000000.0,1000000.0,1000000.0,1000000.0,1000000.0,1000000.0,1000000.0,1000000.0,1000000.0,1000000.0,1000000.0,1000000.0,1000000.0,1000000.0,1000000.0,1000000.0,1000000.0,1000000.0,1000000.0,1000000.0,1000000.0,1000000.0,1000000.0,0.0,0.0,0.0,0.0,0.0,0.0,0.0,0.0,48.22763443453082,48.22763443453082,48.22763443453082,48.22763443453082,48.22763443453082,48.22763443453082,48.22763443453082,96.4552688690621,192.91053773812425,241.13817217265407,385.82107547624787,723.414516517964,1061.0079575596806,1639.7395707740552,3327.7067759826386,5112.12925006028,10417.169037858685,17024.354955389445,34627.44152399321,57005.063901615606,111550.51844707015,192138.89558717134,335230.2869544249,430094.04388714733,680202.556064625,804919.2187123222,925150.7113576079,964408.0057873161,990402.7007475282,996479.3826862792,999421.2683867855,999758.8618278273,999951.7723655654,1000000.0,1000000.0,1000000.0,1000000.0,1000000.0,1000000.0,1000000.0,1000000.0,1000000.0,1000000.0,1000000.0,1000000.0,1000000.0,1000000.0,1000000.0,1000000.0,1000000.0,1000000.0,1000000.0,1000000.0,1000000.0,1000000.0,1000000.0,0.0,0.0,0.0,0.0,0.0,0.0,0.0,0.0,0.0,0.0,0.0,0.0,0.0,0.0,0.0,0.0,0.0,0.0,0.0,0.0,0.0,0.0,0.0,0.0,0.0,0.0,0.0,0.0,0.0,0.0,0.0,0.0,0.0,0.0,0.0,0.0,0.0,0.0,48.22763443453082,48.22763443453082,48.22763443453082,289.36580660718624,675.1868820834334,1302.1461297323344,2941.8857005063924,6655.413551965274,20737.882806848294,39498.43260188093,107113.57607909339,216734.9891487822,431058.59657583793,566192.4282613937,761466.1200868096,875379.7926211719,969616.5903062455,989775.7414998794,998553.1709669641,999758.8618278273,999903.5447311308,999951.7723655654,999951.7723655654,999951.7723655654,999951.7723655654,1000000.0,0.0,0.0,0.0,0.0,0.0,0.0,0.0,0.0,0.0,0.0,0.0,0.0,0.0,0.0,0.0,0.0,0.0,0.0,0.0,0.0,0.0,0.0,0.0,0.0,0.0,0.0,0.0,0.0,0.0,0.0,0.0,0.0,0.0,0.0,0.0,0.0,0.0,0.0,0.0,0.0,0.0,0.0,0.0,0.0,0.0,0.0,0.0,0.0,0.0,0.0,0.0,0.0,0.0,0.0,0.0,0.0,0.0,0.0,0.0,0.0,48.22763443453082,241.13817217265407,1109.2355919942117,1000000.0
FLINT,MAGNUM03,F,na,na,na,na,2025_03_11-15_02_56,na,0,64,Yes,1,na,48.22763443453082,1543.284301905088,337.59344104178416,7.5,40.0,62.0,,,,48.22763443453082,2266.6988184230504,482.27634434538857,7.5,40.0,62.0,32.0,19.0,12.0,28.0,16.0,10.0,23.0,10.0,8.0,20.0,6.0,7.0,15.0,1.0,6.0,7.0,-4.0,-1.0,11.0,-1.0,3.0,0.0,32.0,32.0,51.0,51.0,63.0,0.0,28.0,33.0,49.0,53.0,63.0,0.0,23.0,36.0,46.0,55.0,63.0,0.0,20.0,38.0,44.0,56.0,63.0,2.0,17.0,40.0,41.0,57.0,63.0,4.0,11.0,42.0,38.0,63.0,62.0,3.0,14.0,41.0,40.0,60.0,63.0,6.0,0.0,44.0,4.0,63.0,33.0,63.0,62.0,0.12313536256531878,3.1291373503363884,2.42399618776353,0.015526377594276016,30.0,160.0,997636.845912708,998360.2604292259,999324.8131179166,999662.4065589582,999951.7723655654,1000000.0,1000000.0,1000000.0,1000000.0,1000000.0,1000000.0,1000000.0,1000000.0,1000000.0,1000000.0,1000000.0,1000000.0,1000000.0,1000000.0,1000000.0,1000000.0,1000000.0,1000000.0,1000000.0,1000000.0,1000000.0,1000000.0,1000000.0,1000000.0,1000000.0,1000000.0,1000000.0,1000000.0,1000000.0,1000000.0,1000000.0,1000000.0,1000000.0,1000000.0,1000000.0,1000000.0,1000000.0,1000000.0,1000000.0,1000000.0,1000000.0,1000000.0,1000000.0,1000000.0,1000000.0,1000000.0,1000000.0,1000000.0,1000000.0,1000000.0,1000000.0,1000000.0,1000000.0,1000000.0,1000000.0,1000000.0,1000000.0,1000000.0,1000000.0,0.0,0.0,0.0,0.0,48.22763443453082,48.22763443453082,48.22763443453082,48.22763443453082,48.22763443453082,96.4552688690621,96.4552688690621,241.13817217265407,241.13817217265407,337.59344104171646,578.7316132143711,1012.7803231251486,1253.9184952978064,1639.7395707740552,2797.202797202796,3906.438389197008,6462.5030142271535,10272.48613455508,16349.168073306007,23679.768507354696,37955.148299975874,55895.82830962143,91825.41596334698,130021.70243549565,204244.0318302387,305232.69833614654,443404.87099107786,487436.70122980466,742994.9360983843,841909.8143236074,927706.775982638,958620.6896551723,983602.6042922594,992428.2613937786,996961.6590306245,998456.7156980949,999373.040752351,999710.6341933928,999903.5447311308,999951.7723655654,1000000.0,1000000.0,1000000.0,1000000.0,1000000.0,1000000.0,1000000.0,1000000.0,1000000.0,1000000.0,1000000.0,1000000.0,1000000.0,1000000.0,1000000.0,1000000.0,1000000.0,1000000.0,1000000.0,1000000.0,0.0,0.0,0.0,0.0,0.0,0.0,0.0,0.0,0.0,0.0,0.0,0.0,0.0,0.0,0.0,0.0,0.0,0.0,0.0,0.0,0.0,0.0,0.0,0.0,0.0,0.0,0.0,0.0,0.0,0.0,0.0,0.0,0.0,48.22763443453082,48.22763443453082,48.22763443453082,96.4552688690621,192.91053773812425,241.13817217265407,482.27634434531,819.8697853870253,1687.967205208584,2893.6580660718573,4870.991077887631,9597.299252471657,17892.452375210985,42392.09066795271,71135.76079093323,139667.22932240184,239691.34313961887,412442.729684109,530214.6129732336,721726.5493127562,851507.113576079,952881.6011574632,982155.7752592235,995900.6510730648,998746.0815047021,999324.8131179166,999517.7236556546,999662.4065589582,999662.4065589582,999710.6341933928,1000000.0,0.0,0.0,0.0,0.0,0.0,0.0,0.0,0.0,0.0,0.0,0.0,0.0,0.0,0.0,0.0,0.0,0.0,0.0,0.0,0.0,0.0,0.0,0.0,0.0,0.0,0.0,0.0,0.0,0.0,0.0,0.0,0.0,0.0,0.0,0.0,0.0,0.0,0.0,0.0,0.0,0.0,0.0,0.0,0.0,0.0,0.0,0.0,0.0,0.0,0.0,0.0,0.0,0.0,0.0,0.0,0.0,0.0,0.0,0.0,0.0,0.0,0.0,241.13817217265407,1000000.0
FLINT,MAGNUM03,F,na,na,na,na,2025_03_11-15_02_56,na,0,65,Yes,1,na,0.0,0.0,0.0,11.5,40.5,29.0,,,,0.0,0.0,0.0,11.5,40.5,29.0,32.0,19.0,12.0,30.0,15.0,10.0,27.0,11.0,9.0,26.0,10.0,7.0,24.0,8.0,5.0,21.0,5.0,3.0,23.0,7.0,4.0,0.0,32.0,32.0,51.0,51.0,63.0,0.0,30.0,34.0,49.0,53.0,63.0,0.0,27.0,36.0,47.0,54.0,63.0,0.0,26.0,36.0,46.0,55.0,62.0,0.0,24.0,37.0,45.0,56.0,61.0,1.0,22.0,39.0,44.0,57.0,60.0,0.0,23.0,38.0,45.0,56.0,60.0,3.0,0.0,39.0,20.0,58.0,42.0,63.0,0.0,0.03181902063473756,2.084884947372141,1.8832376251358036,0.4554603805756581,30.0,160.0,999710.6341933928,999903.5447311308,1000000.0,1000000.0,1000000.0,1000000.0,1000000.0,1000000.0,1000000.0,1000000.0,1000000.0,1000000.0,1000000.0,1000000.0,1000000.0,1000000.0,1000000.0,1000000.0,1000000.0,1000000.0,1000000.0,1000000.0,1000000.0,1000000.0,1000000.0,1000000.0,1000000.0,1000000.0,1000000.0,1000000.0,1000000.0,1000000.0,1000000.0,1000000.0,1000000.0,1000000.0,1000000.0,1000000.0,1000000.0,1000000.0,1000000.0,1000000.0,1000000.0,1000000.0,1000000.0,1000000.0,1000000.0,1000000.0,1000000.0,1000000.0,1000000.0,1000000.0,1000000.0,1000000.0,1000000.0,1000000.0,1000000.0,1000000.0,1000000.0,1000000.0,1000000.0,1000000.0,1000000.0,1000000.0,0.0,0.0,0.0,0.0,0.0,0.0,0.0,0.0,0.0,0.0,0.0,0.0,0.0,0.0,0.0,0.0,0.0,0.0,0.0,0.0,48.22763443453082,144.68290330359284,241.13817217265407,675.1868820834334,2122.0159151193625,4919.218712322153,13117.916566192442,28116.71087533155,72968.41089944534,144634.67566915843,279430.91391367256,398601.39860139857,662068.9655172414,816059.8022666987,932770.6775982637,975162.7682662165,994357.3667711598,998890.7644080058,999807.0894622619,1000000.0,1000000.0,1000000.0,1000000.0,1000000.0,1000000.0,1000000.0,1000000.0,1000000.0,1000000.0,1000000.0,1000000.0,1000000.0,1000000.0,1000000.0,1000000.0,1000000.0,1000000.0,1000000.0,1000000.0,1000000.0,1000000.0,1000000.0,1000000.0,1000000.0,0.0,0.0,0.0,0.0,0.0,0.0,0.0,0.0,0.0,0.0,0.0,0.0,0.0,0.0,0.0,0.0,0.0,0.0,0.0,0.0,0.0,0.0,0.0,0.0,0.0,0.0,0.0,0.0,0.0,0.0,0.0,0.0,0.0,0.0,0.0,0.0,0.0,0.0,0.0,0.0,0.0,0.0,48.22763443453082,144.68290330359284,434.04870991077877,1977.3330118157653,10127.80323125151,28791.897757414958,105714.9746804919,238099.83120327955,464866.16831444413,616831.4444176513,807282.3727996141,915022.9081263563,982879.1897757414,996382.9274174101,999710.6341933928,1000000.0,1000000.0,1000000.0,1000000.0,1000000.0,1000000.0,1000000.0,48.22763443453082,48.22763443453082,48.22763443453082,48.22763443453082,48.22763443453082,48.22763443453082,48.22763443453082,48.22763443453082,48.22763443453082,48.22763443453082,48.22763443453082,48.22763443453082,48.22763443453082,48.22763443453082,48.22763443453082,48.22763443453082,48.22763443453082,48.22763443453082,48.22763443453082,48.22763443453082,48.22763443453082,48.22763443453082,48.22763443453082,48.22763443453082,48.22763443453082,48.22763443453082,48.22763443453082,48.22763443453082,48.22763443453082,48.22763443453082,48.22763443453082,48.22763443453082,48.22763443453082,48.22763443453082,48.22763443453082,48.22763443453082,48.22763443453082,48.22763443453082,48.22763443453082,48.22763443453082,48.22763443453082,48.22763443453082,48.22763443453082,48.22763443453082,48.22763443453082,48.22763443453082,48.22763443453082,48.22763443453082,48.22763443453082,48.22763443453082,48.22763443453082,48.22763443453082,48.22763443453082,48.22763443453082,48.22763443453082,48.22763443453082,48.22763443453082,48.22763443453082,48.22763443453082,96.4552688690621,626.959247648901,1929.1053773812387,7378.82806848324,1000000.0
FLINT,MAGNUM03,F,na,na,na,na,2025_03_11-15_02_56,na,0,66,Yes,1,na,48.22763443453082,3086.56860380998,289.36580660721114,9.0,40.0,62.0,,,,48.22763443453082,4678.08054014953,337.59344104178416,9.0,40.0,62.0,31.0,20.0,12.0,28.0,14.0,10.0,23.0,8.0,7.0,20.0,4.0,6.0,13.0,-1.0,5.0,6.0,-5.0,0.0,10.0,-3.0,3.0,0.0,31.0,31.0,51.0,51.0,63.0,0.0,28.0,34.0,48.0,53.0,63.0,0.0,23.0,36.0,44.0,56.0,63.0,0.0,20.0,38.0,42.0,57.0,63.0,3.0,16.0,40.0,39.0,58.0,63.0,6.0,12.0,41.0,36.0,63.0,63.0,4.0,14.0,40.0,37.0,60.0,63.0,11.0,0.0,42.0,7.0,63.0,29.0,63.0,62.0,0.19456998467876319,3.2889226035374723,2.758647706694879,0.0138875492323737,30.0,160.0,996431.1550518447,997395.7077405354,998504.9433325295,999083.6749457439,999565.9512900892,999855.3170966964,999951.7723655654,999951.7723655654,1000000.0,1000000.0,1000000.0,1000000.0,1000000.0,1000000.0,1000000.0,1000000.0,1000000.0,1000000.0,1000000.0,1000000.0,1000000.0,1000000.0,1000000.0,1000000.0,1000000.0,1000000.0,1000000.0,1000000.0,1000000.0,1000000.0,1000000.0,1000000.0,1000000.0,1000000.0,1000000.0,1000000.0,1000000.0,1000000.0,1000000.0,1000000.0,1000000.0,1000000.0,1000000.0,1000000.0,1000000.0,1000000.0,1000000.0,1000000.0,1000000.0,1000000.0,1000000.0,1000000.0,1000000.0,1000000.0,1000000.0,1000000.0,1000000.0,1000000.0,1000000.0,1000000.0,1000000.0,1000000.0,1000000.0,1000000.0,0.0,0.0,0.0,0.0,0.0,0.0,0.0,96.4552688690621,144.68290330359284,144.68290330359284,192.91053773812425,192.91053773812425,241.13817217265407,530.5039787798403,868.0974198215577,1109.2355919942117,1784.4224740776426,2556.0646250301406,3472.38967928623,4726.3081745840345,8536.291294911978,13166.144200626935,20689.655172413797,28743.670122980442,43838.91970098867,65010.851217747775,105570.29177718823,147817.6995418375,227972.02797202792,323125.1507113576,454593.68217988906,523221.6059802266,747865.927176272,840414.757656137,918013.0214612973,952399.3248131179,979213.8895587171,989679.2862310103,996382.9274174101,998408.4880636605,999662.4065589582,999903.5447311308,1000000.0,1000000.0,1000000.0,1000000.0,1000000.0,1000000.0,1000000.0,1000000.0,1000000.0,1000000.0,1000000.0,1000000.0,1000000.0,1000000.0,1000000.0,1000000.0,1000000.0,1000000.0,1000000.0,1000000.0,1000000.0,1000000.0,0.0,0.0,0.0,0.0,0.0,0.0,0.0,0.0,0.0,0.0,0.0,0.0,0.0,0.0,0.0,0.0,0.0,0.0,0.0,0.0,0.0,0.0,0.0,0.0,0.0,0.0,0.0,0.0,0.0,48.22763443453082,48.22763443453082,48.22763443453082,48.22763443453082,48.22763443453082,144.68290330359284,192.91053773812425,482.27634434531,578.7316132143711,964.5526886906189,1687.967205208584,3134.7962382445157,5160.356884494808,8729.201832650102,13214.371835061467,23293.947431878474,38051.60356884497,70364.11863998072,108512.1774776947,189438.14805883775,295924.76489028207,464287.4367012298,582493.3687002653,749795.0325536533,858066.0718591752,945116.9520135036,974391.126115264,991656.6192428261,996913.43139619,998987.2196768748,999324.8131179166,999662.4065589582,999710.6341933928,999758.8618278273,1000000.0,0.0,0.0,0.0,0.0,0.0,0.0,0.0,0.0,0.0,0.0,0.0,0.0,0.0,0.0,0.0,0.0,0.0,0.0,0.0,0.0,0.0,0.0,0.0,0.0,0.0,0.0,0.0,0.0,0.0,0.0,0.0,0.0,0.0,0.0,0.0,0.0,0.0,0.0,0.0,0.0,0.0,0.0,0.0,0.0,0.0,0.0,0.0,0.0,0.0,0.0,0.0,0.0,0.0,0.0,0.0,0.0,0.0,0.0,0.0,0.0,0.0,0.0,192.91053773812425,1000000.0
FLINT,MAGNUM03,F,na,na,na,na,2025_03_11-15_02_56,na,0,67,Yes,1,na,0.0,0.0,0.0,12.0,41.5,59.0,,,,0.0,0.0,0.0,12.0,41.5,59.0,32.0,19.0,12.0,29.0,15.0,10.0,26.0,11.0,8.0,24.0,9.0,7.0,21.0,7.0,6.0,14.0,3.0,5.0,17.0,5.0,5.0,0.0,32.0,32.0,51.0,51.0,63.0,0.0,29.0,34.0,49.0,53.0,63.0,0.0,26.0,36.0,47.0,55.0,63.0,0.0,24.0,37.0,46.0,56.0,63.0,1.0,22.0,38.0,45.0,57.0,63.0,4.0,18.0,40.0,43.0,57.0,62.0,3.0,20.0,39.0,44.0,57.0,62.0,10.0,0.0,41.0,14.0,58.0,42.0,63.0,60.0,0.12551356226995677,2.3992064038347904,2.0162858585402126,0.04552425712383142,30.0,160.0,998601.3986013986,998890.7644080058,999469.4960212201,999614.1789245236,999903.5447311308,1000000.0,1000000.0,1000000.0,1000000.0,1000000.0,1000000.0,1000000.0,1000000.0,1000000.0,1000000.0,1000000.0,1000000.0,1000000.0,1000000.0,1000000.0,1000000.0,1000000.0,1000000.0,1000000.0,1000000.0,1000000.0,1000000.0,1000000.0,1000000.0,1000000.0,1000000.0,1000000.0,1000000.0,1000000.0,1000000.0,1000000.0,1000000.0,1000000.0,1000000.0,1000000.0,1000000.0,1000000.0,1000000.0,1000000.0,1000000.0,1000000.0,1000000.0,1000000.0,1000000.0,1000000.0,1000000.0,1000000.0,1000000.0,1000000.0,1000000.0,1000000.0,1000000.0,1000000.0,1000000.0,1000000.0,1000000.0,1000000.0,1000000.0,1000000.0,0.0,0.0,0.0,0.0,0.0,0.0,0.0,0.0,0.0,0.0,0.0,0.0,0.0,0.0,48.22763443453082,48.22763443453082,96.4552688690621,144.68290330359284,241.13817217265407,434.04870991077877,578.7316132143711,916.3250542560885,1929.1053773812387,3568.844948155295,8295.15312273932,15770.436460091643,35929.587653725575,60863.27465637806,126935.13383168558,216349.16807330595,365613.6966481794,446973.71593923314,725102.4837231733,839643.1155051844,936628.8883530262,972558.4760067519,992283.578490475,997829.756450446,999469.4960212201,999855.3170966964,1000000.0,1000000.0,1000000.0,1000000.0,1000000.0,1000000.0,1000000.0,1000000.0,1000000.0,1000000.0,1000000.0,1000000.0,1000000.0,1000000.0,1000000.0,1000000.0,1000000.0,1000000.0,1000000.0,1000000.0,1000000.0,1000000.0,1000000.0,1000000.0,0.0,0.0,0.0,0.0,0.0,0.0,0.0,0.0,0.0,0.0,0.0,0.0,0.0,0.0,0.0,0.0,0.0,0.0,0.0,0.0,0.0,0.0,0.0,0.0,0.0,0.0,0.0,0.0,0.0,0.0,0.0,0.0,0.0,0.0,0.0,0.0,0.0,0.0,0.0,0.0,0.0,0.0,48.22763443453082,241.13817217265407,1109.2355919942117,3327.7067759826386,12828.550759585236,30383.40969375452,91391.36725343627,197685.0735471425,407475.2833373523,554231.97492163,746660.2363154087,867566.9158427779,964311.550518447,988232.4571979743,998504.9433325295,999951.7723655654,1000000.0,1000000.0,1000000.0,1000000.0,1000000.0,1000000.0,0.0,0.0,0.0,0.0,0.0,0.0,0.0,0.0,0.0,0.0,0.0,0.0,0.0,0.0,0.0,0.0,0.0,0.0,0.0,0.0,0.0,0.0,0.0,0.0,0.0,0.0,0.0,0.0,0.0,0.0,0.0,0.0,0.0,0.0,0.0,0.0,0.0,0.0,0.0,0.0,0.0,0.0,0.0,0.0,0.0,0.0,0.0,0.0,0.0,0.0,0.0,0.0,0.0,0.0,0.0,0.0,0.0,0.0,0.0,0.0,144.68290330359284,192.91053773812425,771.6421509524955,1000000.0
FLINT,MAGNUM03,F,na,na,na,na,2025_03_11-15_02_56,na,0,68,Yes,1,na,0.0,96.4552688691443,48.22763443453082,9.5,41.0,0.0,,,,0.0,96.4552688691443,48.22763443453082,9.5,41.0,0.0,31.0,20.0,12.0,28.0,16.0,10.0,25.0,12.0,9.0,23.0,10.0,8.0,19.0,6.0,7.0,12.0,2.0,5.0,15.0,5.0,6.0,0.0,31.0,31.0,51.0,51.0,63.0,0.0,28.0,33.0,49.0,53.0,63.0,0.0,25.0,35.0,47.0,54.0,63.0,0.0,23.0,36.0,46.0,55.0,63.0,2.0,21.0,38.0,44.0,56.0,63.0,5.0,17.0,40.0,42.0,57.0,62.0,4.0,19.0,38.0,43.0,57.0,63.0,6.0,0.0,42.0,13.0,58.0,41.0,63.0,0.0,0.12814486326504984,2.5009757687935585,2.028150718327341,0.6190743034315607,30.0,160.0,998215.5775259222,998504.9433325295,999421.2683867855,999517.7236556546,999758.8618278273,1000000.0,1000000.0,1000000.0,1000000.0,1000000.0,1000000.0,1000000.0,1000000.0,1000000.0,1000000.0,1000000.0,1000000.0,1000000.0,1000000.0,1000000.0,1000000.0,1000000.0,1000000.0,1000000.0,1000000.0,1000000.0,1000000.0,1000000.0,1000000.0,1000000.0,1000000.0,1000000.0,1000000.0,1000000.0,1000000.0,1000000.0,1000000.0,1000000.0,1000000.0,1000000.0,1000000.0,1000000.0,1000000.0,1000000.0,1000000.0,1000000.0,1000000.0,1000000.0,1000000.0,1000000.0,1000000.0,1000000.0,1000000.0,1000000.0,1000000.0,1000000.0,1000000.0,1000000.0,1000000.0,1000000.0,1000000.0,1000000.0,1000000.0,1000000.0,0.0,0.0,0.0,0.0,0.0,0.0,0.0,0.0,0.0,0.0,0.0,0.0,0.0,48.22763443453082,48.22763443453082,96.4552688690621,96.4552688690621,241.13817217265407,385.82107547624787,626.959247648901,1061.0079575596806,1880.8777429467057,4099.348926935128,7378.82806848324,13889.55871714491,24451.41065830721,51169.520135037375,85555.82348685792,167108.75331565,275138.65444899927,440125.39184952975,515360.5015673981,776416.6867615143,875862.0689655172,951675.9102966,978731.6132143717,995225.4641909814,998553.1709669641,999614.1789245236,999855.3170966964,999903.5447311308,999951.7723655654,1000000.0,1000000.0,1000000.0,1000000.0,1000000.0,1000000.0,1000000.0,1000000.0,1000000.0,1000000.0,1000000.0,1000000.0,1000000.0,1000000.0,1000000.0,1000000.0,1000000.0,1000000.0,1000000.0,1000000.0,1000000.0,1000000.0,0.0,0.0,0.0,0.0,0.0,0.0,0.0,0.0,0.0,0.0,0.0,0.0,0.0,0.0,0.0,0.0,0.0,0.0,0.0,0.0,0.0,0.0,0.0,0.0,0.0,0.0,0.0,0.0,0.0,0.0,0.0,0.0,0.0,0.0,0.0,0.0,0.0,0.0,0.0,0.0,0.0,48.22763443453082,241.13817217265407,675.1868820834334,2122.0159151193625,5739.088497709187,20641.427537979234,48324.089703400066,138123.94502049673,278080.54014950566,499348.9269351338,637135.2785145888,815047.0219435736,912032.7947914155,978828.0684832409,994116.2285989872,999421.2683867855,999951.7723655654,1000000.0,1000000.0,1000000.0,1000000.0,1000000.0,1000000.0,96.4552688690621,96.4552688690621,96.4552688690621,96.4552688690621,96.4552688690621,96.4552688690621,96.4552688690621,96.4552688690621,96.4552688690621,96.4552688690621,96.4552688690621,96.4552688690621,96.4552688690621,96.4552688690621,96.4552688690621,96.4552688690621,96.4552688690621,96.4552688690621,96.4552688690621,96.4552688690621,96.4552688690621,96.4552688690621,96.4552688690621,96.4552688690621,96.4552688690621,96.4552688690621,96.4552688690621,96.4552688690621,96.4552688690621,96.4552688690621,96.4552688690621,96.4552688690621,96.4552688690621,96.4552688690621,96.4552688690621,96.4552688690621,96.4552688690621,96.4552688690621,96.4552688690621,96.4552688690621,96.4552688690621,96.4552688690621,96.4552688690621,96.4552688690621,96.4552688690621,96.4552688690621,96.4552688690621,96.4552688690621,96.4552688690621,96.4552688690621,96.4552688690621,96.4552688690621,96.4552688690621,96.4552688690621,96.4552688690621,96.4552688690621,96.4552688690621,96.4552688690621,96.4552688690621,96.4552688690621,96.4552688690621,144.68290330359284,434.04870991077877,1000000.0
FLINT,MAGNUM03,F,na,na,na,na,2025_03_11-15_02_56,na,0,69,Yes,1,na,0.0,434.0487099108167,0.0,7.5,40.0,0.0,,,,0.0,626.959247648941,0.0,7.5,40.0,0.0,31.0,20.0,12.0,28.0,16.0,10.0,24.0,10.0,8.0,22.0,7.0,7.0,17.0,4.0,6.0,11.0,0.0,3.0,13.0,2.0,5.0,0.0,31.0,31.0,51.0,51.0,63.0,0.0,28.0,33.0,49.0,53.0,63.0,0.0,24.0,36.0,46.0,55.0,63.0,0.0,22.0,37.0,44.0,56.0,63.0,2.0,19.0,38.0,42.0,57.0,63.0,4.0,15.0,40.0,40.0,59.0,62.0,4.0,17.0,39.0,41.0,58.0,63.0,5.0,0.0,42.0,10.0,63.0,35.0,63.0,0.0,0.1277446007339785,2.768729213551298,2.2806752039175513,0.43820290183705657,30.0,160.0,997781.5288160116,998408.4880636605,999180.1302146129,999421.2683867855,1000000.0,1000000.0,1000000.0,1000000.0,1000000.0,1000000.0,1000000.0,1000000.0,1000000.0,1000000.0,1000000.0,1000000.0,1000000.0,1000000.0,1000000.0,1000000.0,1000000.0,1000000.0,1000000.0,1000000.0,1000000.0,1000000.0,1000000.0,1000000.0,1000000.0,1000000.0,1000000.0,1000000.0,1000000.0,1000000.0,1000000.0,1000000.0,1000000.0,1000000.0,1000000.0,1000000.0,1000000.0,1000000.0,1000000.0,1000000.0,1000000.0,1000000.0,1000000.0,1000000.0,1000000.0,1000000.0,1000000.0,1000000.0,1000000.0,1000000.0,1000000.0,1000000.0,1000000.0,1000000.0,1000000.0,1000000.0,1000000.0,1000000.0,1000000.0,1000000.0,0.0,0.0,0.0,0.0,0.0,0.0,0.0,0.0,0.0,0.0,48.22763443453082,48.22763443453082,48.22763443453082,96.4552688690621,192.91053773812425,241.13817217265407,530.5039787798403,675.1868820834334,1157.4632264287443,1832.650108512174,3472.38967928623,5546.177959971061,8777.42946708464,12828.550759585236,24451.41065830721,39739.57077405354,71762.72003858209,108512.1774776947,192958.76537255853,289317.57897275133,444369.4236797685,520183.2650108512,767301.6638533879,867663.371111647,945454.5454545454,971642.1509524958,990933.2047263081,996238.2445141064,999228.3578490474,999565.9512900892,999951.7723655654,1000000.0,1000000.0,1000000.0,1000000.0,1000000.0,1000000.0,1000000.0,1000000.0,1000000.0,1000000.0,1000000.0,1000000.0,1000000.0,1000000.0,1000000.0,1000000.0,1000000.0,1000000.0,1000000.0,1000000.0,1000000.0,1000000.0,1000000.0,0.0,0.0,0.0,0.0,0.0,0.0,0.0,0.0,0.0,0.0,0.0,0.0,0.0,0.0,0.0,0.0,0.0,0.0,0.0,0.0,0.0,0.0,0.0,0.0,0.0,0.0,0.0,0.0,0.0,0.0,0.0,0.0,0.0,0.0,0.0,48.22763443453082,48.22763443453082,48.22763443453082,48.22763443453082,48.22763443453082,241.13817217265407,626.959247648901,1446.829033035929,2652.5198938992025,6269.592476489024,13407.2823727996,37135.27851458886,62985.290571497404,151724.13793103452,260766.81938750902,451217.7477694719,576850.7354714251,767976.8507354714,880202.5560646249,965276.1032071377,986930.3110682421,996624.0655895828,998842.5367735712,999758.8618278273,999951.7723655654,999951.7723655654,1000000.0,1000000.0,1000000.0,48.22763443453082,48.22763443453082,48.22763443453082,48.22763443453082,48.22763443453082,48.22763443453082,48.22763443453082,48.22763443453082,48.22763443453082,48.22763443453082,48.22763443453082,48.22763443453082,48.22763443453082,48.22763443453082,48.22763443453082,48.22763443453082,48.22763443453082,48.22763443453082,48.22763443453082,48.22763443453082,48.22763443453082,48.22763443453082,48.22763443453082,48.22763443453082,48.22763443453082,48.22763443453082,48.22763443453082,48.22763443453082,48.22763443453082,48.22763443453082,48.22763443453082,48.22763443453082,48.22763443453082,48.22763443453082,48.22763443453082,48.22763443453082,48.22763443453082,48.22763443453082,48.22763443453082,48.22763443453082,48.22763443453082,48.22763443453082,48.22763443453082,48.22763443453082,48.22763443453082,48.22763443453082,48.22763443453082,48.22763443453082,48.22763443453082,48.22763443453082,48.22763443453082,48.22763443453082,48.22763443453082,48.22763443453082,48.22763443453082,48.22763443453082,48.22763443453082,48.22763443453082,48.22763443453082,48.22763443453082,96.4552688690621,96.4552688690621,289.36580660718624,1000000.0
FLINT,MAGNUM03,F,na,na,na,na,2025_03_11-15_02_56,na,0,70,Yes,1,na,0.0,48.22763443453082,192.91053773817794,10.0,41.0,58.0,,,,0.0,48.22763443453082,192.91053773817794,10.0,41.0,58.0,32.0,19.0,12.0,29.0,15.0,10.0,26.0,11.0,8.0,24.0,9.0,7.0,21.0,6.0,5.0,15.0,2.0,2.0,18.0,5.0,4.0,0.0,32.0,32.0,51.0,51.0,63.0,0.0,29.0,34.0,49.0,53.0,63.0,0.0,26.0,36.0,47.0,55.0,63.0,0.0,24.0,37.0,46.0,56.0,63.0,1.0,22.0,38.0,44.0,57.0,62.0,3.0,18.0,40.0,42.0,58.0,60.0,2.0,20.0,39.0,44.0,57.0,61.0,6.0,0.0,41.0,14.0,60.0,40.0,63.0,60.0,0.09387305006905552,2.41184856953368,2.0653433130514274,0.08770856616534049,30.0,160.0,998022.6669881842,999083.6749457439,999662.4065589582,999903.5447311308,1000000.0,1000000.0,1000000.0,1000000.0,1000000.0,1000000.0,1000000.0,1000000.0,1000000.0,1000000.0,1000000.0,1000000.0,1000000.0,1000000.0,1000000.0,1000000.0,1000000.0,1000000.0,1000000.0,1000000.0,1000000.0,1000000.0,1000000.0,1000000.0,1000000.0,1000000.0,1000000.0,1000000.0,1000000.0,1000000.0,1000000.0,1000000.0,1000000.0,1000000.0,1000000.0,1000000.0,1000000.0,1000000.0,1000000.0,1000000.0,1000000.0,1000000.0,1000000.0,1000000.0,1000000.0,1000000.0,1000000.0,1000000.0,1000000.0,1000000.0,1000000.0,1000000.0,1000000.0,1000000.0,1000000.0,1000000.0,1000000.0,1000000.0,1000000.0,1000000.0,0.0,0.0,0.0,0.0,0.0,0.0,0.0,0.0,0.0,0.0,0.0,0.0,0.0,0.0,48.22763443453082,48.22763443453082,96.4552688690621,192.91053773812425,385.82107547624787,434.04870991077877,771.6421509524955,1302.1461297323344,2314.926452857486,3858.2107547624714,7909.3320472630785,15529.298287918953,35206.173137207625,58114.29949360983,115939.23318061238,199228.35784904746,344441.7651314203,401543.28430190496,712129.2500602845,826669.8818422956,928478.4181335905,966192.4282613937,991511.9363395225,997154.5695683626,999228.3578490474,999855.3170966964,1000000.0,1000000.0,1000000.0,1000000.0,1000000.0,1000000.0,1000000.0,1000000.0,1000000.0,1000000.0,1000000.0,1000000.0,1000000.0,1000000.0,1000000.0,1000000.0,1000000.0,1000000.0,1000000.0,1000000.0,1000000.0,1000000.0,1000000.0,1000000.0,0.0,0.0,0.0,0.0,0.0,0.0,0.0,0.0,0.0,0.0,0.0,0.0,0.0,0.0,0.0,0.0,0.0,0.0,0.0,0.0,0.0,0.0,0.0,0.0,0.0,0.0,0.0,0.0,0.0,0.0,0.0,0.0,0.0,0.0,0.0,0.0,0.0,0.0,0.0,0.0,48.22763443453082,96.4552688690621,241.13817217265407,482.27634434531,1784.4224740776426,4485.170002411382,15191.704846877255,33855.79937304074,98625.51241861578,205015.67398119124,410947.67301663855,551579.4550277309,754135.519652761,867759.8263805159,957656.1369664818,985869.3031106823,997974.4393537496,999807.0894622619,1000000.0,1000000.0,1000000.0,1000000.0,1000000.0,1000000.0,0.0,0.0,0.0,0.0,0.0,0.0,0.0,0.0,0.0,0.0,0.0,0.0,0.0,0.0,0.0,0.0,0.0,0.0,0.0,0.0,0.0,0.0,0.0,0.0,0.0,0.0,0.0,0.0,0.0,0.0,0.0,0.0,0.0,0.0,0.0,0.0,0.0,0.0,0.0,0.0,0.0,0.0,0.0,0.0,0.0,0.0,0.0,0.0,0.0,0.0,0.0,0.0,0.0,0.0,0.0,0.0,0.0,0.0,0.0,0.0,289.36580660718624,868.0974198215577,3665.3002170243526,1000000.0
FLINT,MAGNUM03,F,na,na,na,na,2025_03_11-15_02_56,na,0,71,Yes,1,na,0.0,1012.7803231251486,0.0,6.5,41.0,61.0,,,,0.0,1591.5119363395709,0.0,6.5,41.0,61.0,31.0,20.0,12.0,28.0,15.0,10.0,23.0,10.0,8.0,20.0,7.0,7.0,16.0,3.0,6.0,7.0,-4.0,5.0,12.0,-1.0,5.0,0.0,31.0,31.0,51.0,51.0,63.0,0.0,28.0,33.0,48.0,53.0,63.0,0.0,23.0,36.0,46.0,55.0,63.0,0.0,20.0,37.0,44.0,56.0,63.0,0.0,16.0,39.0,42.0,57.0,63.0,3.0,10.0,42.0,38.0,58.0,63.0,1.0,13.0,41.0,40.0,58.0,63.0,5.0,0.0,44.0,8.0,59.0,37.0,63.0,63.0,0.06438163594136777,3.1067424779471366,2.276799301524088,0.0,30.0,160.0,999276.585483482,999614.1789245236,999855.3170966964,999951.7723655654,1000000.0,1000000.0,1000000.0,1000000.0,1000000.0,1000000.0,1000000.0,1000000.0,1000000.0,1000000.0,1000000.0,1000000.0,1000000.0,1000000.0,1000000.0,1000000.0,1000000.0,1000000.0,1000000.0,1000000.0,1000000.0,1000000.0,1000000.0,1000000.0,1000000.0,1000000.0,1000000.0,1000000.0,1000000.0,1000000.0,1000000.0,1000000.0,1000000.0,1000000.0,1000000.0,1000000.0,1000000.0,1000000.0,1000000.0,1000000.0,1000000.0,1000000.0,1000000.0,1000000.0,1000000.0,1000000.0,1000000.0,1000000.0,1000000.0,1000000.0,1000000.0,1000000.0,1000000.0,1000000.0,1000000.0,1000000.0,1000000.0,1000000.0,1000000.0,1000000.0,0.0,0.0,0.0,0.0,0.0,0.0,0.0,0.0,48.22763443453082,48.22763443453082,241.13817217265407,385.82107547624787,530.5039787798403,578.7316132143711,675.1868820834334,868.0974198215577,1543.2843019049903,2025.5606462503029,3327.7067759826386,4340.487099107789,7330.600434048703,10947.673016638537,17795.997106341903,26573.42657342655,42102.72486134549,61634.91680733058,101519.17048468767,142994.9360983845,228840.12539184943,324668.4350132626,481215.33638775017,545454.5454545454,783072.1003134797,868917.2896069448,941355.1965276102,968989.6310585964,987701.9532191945,993875.0904268145,997781.5288160116,998842.5367735712,999421.2683867855,999710.6341933928,999951.7723655654,999951.7723655654,1000000.0,1000000.0,1000000.0,1000000.0,1000000.0,1000000.0,1000000.0,1000000.0,1000000.0,1000000.0,1000000.0,1000000.0,1000000.0,1000000.0,1000000.0,1000000.0,1000000.0,1000000.0,1000000.0,1000000.0,0.0,0.0,0.0,0.0,0.0,0.0,0.0,0.0,0.0,0.0,0.0,0.0,0.0,0.0,0.0,0.0,0.0,0.0,0.0,0.0,0.0,0.0,0.0,0.0,0.0,0.0,0.0,0.0,0.0,0.0,0.0,0.0,0.0,0.0,0.0,0.0,0.0,144.68290330359284,289.36580660718624,289.36580660718624,626.959247648901,1061.0079575596806,2363.1540872920177,4099.348926935128,8295.15312273932,15529.298287918953,36797.68507354718,69930.0699300699,163057.6320231492,280057.8731613214,482758.62068965513,609404.3887147334,792187.123221606,895490.7161803712,967880.3954666023,989004.0993489268,997877.9840848806,999469.4960212201,1000000.0,1000000.0,1000000.0,1000000.0,1000000.0,1000000.0,0.0,0.0,0.0,0.0,0.0,0.0,0.0,0.0,0.0,0.0,0.0,0.0,0.0,0.0,0.0,0.0,0.0,0.0,0.0,0.0,0.0,0.0,0.0,0.0,0.0,0.0,0.0,0.0,0.0,0.0,0.0,0.0,0.0,0.0,0.0,0.0,0.0,0.0,0.0,0.0,0.0,0.0,0.0,0.0,0.0,0.0,0.0,0.0,0.0,0.0,0.0,0.0,0.0,0.0,0.0,0.0,0.0,0.0,0.0,0.0,0.0,0.0,0.0,1000000.0
FLINT,MAGNUM03,F,na,na,na,na,2025_03_11-15_02_56,na,0,72,Yes,1,na,0.0,192.91053773812425,0.0,9.0,41.0,59.5,,,,0.0,337.5934410417294,0.0,9.0,41.0,59.5,32.0,19.0,12.0,28.0,16.0,10.0,25.0,11.0,8.0,22.0,9.0,7.0,19.0,6.0,6.0,12.0,0.0,3.0,16.0,4.0,5.0,0.0,32.0,32.0,51.0,51.0,63.0,0.0,28.0,33.0,49.0,53.0,63.0,0.0,25.0,36.0,47.0,55.0,63.0,0.0,22.0,37.0,46.0,56.0,63.0,0.0,19.0,38.0,44.0,56.0,62.0,3.0,15.0,41.0,41.0,58.0,61.0,1.0,17.0,39.0,43.0,57.0,62.0,5.0,0.0,42.0,13.0,58.0,38.0,63.0,61.0,0.07214551303334779,2.712252602360445,2.0659733023382714,0.07137704101360756,30.0,160.0,999131.9025801783,999565.9512900892,999855.3170966964,999903.5447311308,999951.7723655654,1000000.0,1000000.0,1000000.0,1000000.0,1000000.0,1000000.0,1000000.0,1000000.0,1000000.0,1000000.0,1000000.0,1000000.0,1000000.0,1000000.0,1000000.0,1000000.0,1000000.0,1000000.0,1000000.0,1000000.0,1000000.0,1000000.0,1000000.0,1000000.0,1000000.0,1000000.0,1000000.0,1000000.0,1000000.0,1000000.0,1000000.0,1000000.0,1000000.0,1000000.0,1000000.0,1000000.0,1000000.0,1000000.0,1000000.0,1000000.0,1000000.0,1000000.0,1000000.0,1000000.0,1000000.0,1000000.0,1000000.0,1000000.0,1000000.0,1000000.0,1000000.0,1000000.0,1000000.0,1000000.0,1000000.0,1000000.0,1000000.0,1000000.0,1000000.0,0.0,0.0,0.0,0.0,0.0,0.0,0.0,0.0,0.0,0.0,0.0,0.0,0.0,96.4552688690621,96.4552688690621,241.13817217265407,385.82107547624787,723.414516517964,1302.1461297323344,1639.7395707740552,2845.4304316373314,4629.85290571497,7089.462261876058,10851.217747769464,20979.020979020985,32939.474318784654,60236.315408729286,95346.03327706765,172172.65493127552,268579.696165903,414805.88377140096,457487.3402459609,746467.3257776706,853050.3978779841,941114.0583554376,970291.7771883288,991656.6192428261,996575.8379551483,998842.5367735712,999565.9512900892,999855.3170966964,1000000.0,1000000.0,1000000.0,1000000.0,1000000.0,1000000.0,1000000.0,1000000.0,1000000.0,1000000.0,1000000.0,1000000.0,1000000.0,1000000.0,1000000.0,1000000.0,1000000.0,1000000.0,1000000.0,1000000.0,1000000.0,1000000.0,1000000.0,0.0,0.0,0.0,0.0,0.0,0.0,0.0,0.0,0.0,0.0,0.0,0.0,0.0,0.0,0.0,0.0,0.0,0.0,0.0,0.0,0.0,0.0,0.0,0.0,0.0,0.0,0.0,0.0,0.0,0.0,0.0,0.0,0.0,0.0,0.0,0.0,0.0,0.0,48.22763443453082,48.22763443453082,144.68290330359284,241.13817217265407,530.5039787798403,771.6421509524955,2266.6988184229576,6221.364842054485,18760.549795032555,41089.94453822035,121967.68748492881,244899.92765854835,464432.1196045334,607378.8280684832,781432.3607427056,888497.7091873643,970629.3706293706,992621.1719315166,998890.7644080058,999855.3170966964,1000000.0,1000000.0,1000000.0,1000000.0,1000000.0,1000000.0,0.0,0.0,0.0,0.0,0.0,0.0,0.0,0.0,0.0,0.0,0.0,0.0,0.0,0.0,0.0,0.0,0.0,0.0,0.0,0.0,0.0,0.0,0.0,0.0,0.0,0.0,0.0,0.0,0.0,0.0,0.0,0.0,0.0,0.0,0.0,0.0,0.0,0.0,0.0,0.0,0.0,0.0,0.0,0.0,0.0,0.0,0.0,0.0,0.0,0.0,0.0,0.0,0.0,0.0,0.0,0.0,0.0,0.0,0.0,0.0,0.0,482.27634434531,3665.3002170243526,1000000.0
FLINT,MAGNUM03,F,na,na,na,na,2025_03_11-15_02_56,na,0,73,Yes,1,na,48.22763443453082,3617.072582589918,48.22763443453082,3.0,40.0,61.0,,,,48.22763443453082,7234.145165179738,48.22763443453082,3.0,40.0,61.0,30.0,20.0,13.0,27.0,15.0,10.0,22.0,7.0,8.0,18.0,3.0,6.0,13.0,-2.0,5.0,6.0,-8.0,0.0,10.0,-5.0,3.0,0.0,30.0,30.0,50.0,50.0,63.0,0.0,27.0,33.0,48.0,53.0,63.0,0.0,22.0,37.0,44.0,55.0,63.0,0.0,18.0,38.0,41.0,57.0,63.0,0.0,13.0,41.0,39.0,58.0,63.0,2.0,8.0,44.0,36.0,63.0,63.0,1.0,11.0,42.0,37.0,60.0,63.0,8.0,0.0,49.0,0.0,63.0,32.0,63.0,61.0,0.07731652578362977,3.6458110778595776,2.8441943892048656,0.021958355173500196,30.0,160.0,999421.2683867855,999758.8618278273,999903.5447311308,999903.5447311308,999951.7723655654,1000000.0,1000000.0,1000000.0,1000000.0,1000000.0,1000000.0,1000000.0,1000000.0,1000000.0,1000000.0,1000000.0,1000000.0,1000000.0,1000000.0,1000000.0,1000000.0,1000000.0,1000000.0,1000000.0,1000000.0,1000000.0,1000000.0,1000000.0,1000000.0,1000000.0,1000000.0,1000000.0,1000000.0,1000000.0,1000000.0,1000000.0,1000000.0,1000000.0,1000000.0,1000000.0,1000000.0,1000000.0,1000000.0,1000000.0,1000000.0,1000000.0,1000000.0,1000000.0,1000000.0,1000000.0,1000000.0,1000000.0,1000000.0,1000000.0,1000000.0,1000000.0,1000000.0,1000000.0,1000000.0,1000000.0,1000000.0,1000000.0,1000000.0,1000000.0,48.22763443453082,48.22763443453082,48.22763443453082,96.4552688690621,144.68290330359284,144.68290330359284,144.68290330359284,144.68290330359284,289.36580660718624,482.27634434531,530.5039787798403,771.6421509524955,1350.373764166866,1832.650108512174,2556.0646250301406,3231.251507113574,4581.625271280436,6173.137207619962,8680.97419821557,11092.355919942114,15529.298287918953,21413.069688931733,33132.38485652277,42826.139377863445,65830.72100313475,91728.96069447795,140149.50566674717,182204.00289365806,269447.79358572455,367446.3467566916,506824.21027248615,563154.0872920183,773908.8497709187,857101.5191704845,925681.2153363877,951965.2761032071,976079.0933204726,986833.855799373,994068.0009645526,996382.9274174101,998504.9433325295,999324.8131179166,999710.6341933928,999855.3170966964,999951.7723655654,999951.7723655654,1000000.0,1000000.0,1000000.0,1000000.0,1000000.0,1000000.0,1000000.0,1000000.0,1000000.0,1000000.0,1000000.0,1000000.0,1000000.0,1000000.0,1000000.0,1000000.0,1000000.0,1000000.0,0.0,0.0,0.0,0.0,0.0,0.0,0.0,0.0,0.0,0.0,0.0,0.0,0.0,0.0,0.0,0.0,0.0,0.0,0.0,0.0,0.0,0.0,0.0,0.0,0.0,0.0,0.0,0.0,0.0,0.0,0.0,0.0,48.22763443453082,96.4552688690621,144.68290330359284,192.91053773812425,482.27634434531,675.1868820834334,1253.9184952978064,1687.967205208584,3665.3002170243526,6414.2753797926125,12346.274415239926,18374.728719556282,33855.79937304074,54834.820352061724,99975.88618278269,143428.98480829512,245382.20400289368,361996.62406558957,537882.806848324,647600.675186882,803375.9344104171,891102.001446829,958861.827827345,980226.6698818422,993344.5864480347,997347.4801061008,998938.9920424403,999469.4960212201,999614.1789245236,999614.1789245236,999662.4065589582,1000000.0,0.0,0.0,0.0,0.0,0.0,0.0,0.0,0.0,0.0,0.0,0.0,0.0,0.0,0.0,0.0,0.0,0.0,0.0,0.0,0.0,0.0,0.0,0.0,0.0,0.0,0.0,0.0,0.0,0.0,0.0,0.0,0.0,0.0,0.0,0.0,0.0,0.0,0.0,0.0,0.0,0.0,0.0,0.0,0.0,0.0,0.0,0.0,0.0,0.0,0.0,0.0,0.0,0.0,0.0,0.0,0.0,0.0,0.0,0.0,0.0,0.0,96.4552688690621,192.91053773812425,1000000.0
FLINT,MAGNUM03,F,na,na,na,na,2025_03_11-15_02_56,na,0,74,Yes,1,na,0.0,0.0,0.0,12.5,40.5,58.0,,,,0.0,0.0,0.0,12.5,40.5,58.0,32.0,18.0,13.0,29.0,16.0,10.0,26.0,12.0,9.0,24.0,10.0,8.0,21.0,8.0,5.0,17.0,5.0,3.0,19.0,6.0,5.0,0.0,32.0,32.0,50.0,50.0,63.0,0.0,29.0,33.0,49.0,53.0,63.0,0.0,26.0,35.0,47.0,54.0,63.0,0.0,24.0,36.0,46.0,55.0,63.0,2.0,23.0,37.0,45.0,56.0,61.0,4.0,21.0,38.0,43.0,57.0,60.0,3.0,22.0,38.0,44.0,56.0,61.0,5.0,0.0,39.0,20.0,57.0,42.0,63.0,59.0,0.13492416660575346,2.338009886174978,1.9537146529322265,0.10737080952642226,30.0,160.0,995129.0089221123,997299.2524716662,999517.7236556546,999758.8618278273,1000000.0,1000000.0,1000000.0,1000000.0,1000000.0,1000000.0,1000000.0,1000000.0,1000000.0,1000000.0,1000000.0,1000000.0,1000000.0,1000000.0,1000000.0,1000000.0,1000000.0,1000000.0,1000000.0,1000000.0,1000000.0,1000000.0,1000000.0,1000000.0,1000000.0,1000000.0,1000000.0,1000000.0,1000000.0,1000000.0,1000000.0,1000000.0,1000000.0,1000000.0,1000000.0,1000000.0,1000000.0,1000000.0,1000000.0,1000000.0,1000000.0,1000000.0,1000000.0,1000000.0,1000000.0,1000000.0,1000000.0,1000000.0,1000000.0,1000000.0,1000000.0,1000000.0,1000000.0,1000000.0,1000000.0,1000000.0,1000000.0,1000000.0,1000000.0,1000000.0,0.0,0.0,0.0,0.0,0.0,0.0,0.0,0.0,0.0,0.0,0.0,0.0,0.0,0.0,0.0,0.0,0.0,0.0,0.0,0.0,144.68290330359284,482.27634434531,1253.9184952978064,2797.202797202796,6655.413551965274,14998.794309139143,39401.97733301178,69592.47648902818,142512.6597540391,254738.3650831926,417603.0865686038,483916.08391608385,763636.3636363636,870219.4357366768,955968.1697612732,981818.1818181818,995852.4234386302,999324.8131179166,1000000.0,1000000.0,1000000.0,1000000.0,1000000.0,1000000.0,1000000.0,1000000.0,1000000.0,1000000.0,1000000.0,1000000.0,1000000.0,1000000.0,1000000.0,1000000.0,1000000.0,1000000.0,1000000.0,1000000.0,1000000.0,1000000.0,1000000.0,1000000.0,1000000.0,1000000.0,0.0,0.0,0.0,0.0,0.0,0.0,0.0,0.0,0.0,0.0,0.0,0.0,0.0,0.0,0.0,0.0,0.0,0.0,0.0,0.0,0.0,0.0,0.0,0.0,0.0,0.0,0.0,0.0,0.0,0.0,0.0,0.0,0.0,0.0,0.0,0.0,0.0,0.0,0.0,0.0,0.0,0.0,96.4552688690621,241.13817217265407,819.8697853870253,3086.56860380998,15384.615384615381,43742.46443211957,138654.44899927665,286279.2380033759,528333.735230287,663853.387991319,827827.3450687245,921388.9558717144,982589.8239691342,995948.8787074994,999758.8618278273,1000000.0,1000000.0,1000000.0,1000000.0,1000000.0,1000000.0,1000000.0,0.0,0.0,0.0,0.0,0.0,0.0,0.0,0.0,0.0,0.0,0.0,0.0,0.0,0.0,0.0,0.0,0.0,0.0,0.0,0.0,0.0,0.0,0.0,0.0,0.0,0.0,0.0,0.0,0.0,0.0,0.0,0.0,0.0,0.0,0.0,0.0,0.0,0.0,0.0,0.0,0.0,0.0,0.0,0.0,0.0,0.0,0.0,0.0,0.0,0.0,0.0,0.0,0.0,0.0,0.0,0.0,0.0,0.0,0.0,48.22763443453082,434.04870991077877,1398.601398601398,4870.991077887631,1000000.0
FLINT,MAGNUM03,F,na,na,na,na,2025_03_11-15_02_56,na,0,75,Yes,1,na,0.0,48.22763443457198,0.0,11.0,40.0,59.0,,,,0.0,48.22763443457198,0.0,11.0,40.0,59.0,32.0,18.0,13.0,29.0,16.0,10.0,26.0,11.0,9.0,24.0,10.0,8.0,20.0,7.0,6.0,16.0,4.0,3.0,18.0,6.0,5.0,0.0,32.0,32.0,50.0,50.0,63.0,0.0,29.0,33.0,49.0,53.0,63.0,0.0,26.0,36.0,47.0,54.0,63.0,0.0,24.0,36.0,46.0,55.0,63.0,1.0,21.0,38.0,45.0,56.0,62.0,3.0,19.0,39.0,43.0,57.0,60.0,2.0,20.0,38.0,44.0,56.0,61.0,4.0,0.0,41.0,18.0,58.0,40.0,63.0,60.0,0.08719173144995418,2.430214800726694,1.9822647907370625,0.09380613442169917,30.0,160.0,997202.7972027971,999083.6749457439,999807.0894622619,999951.7723655654,1000000.0,1000000.0,1000000.0,1000000.0,1000000.0,1000000.0,1000000.0,1000000.0,1000000.0,1000000.0,1000000.0,1000000.0,1000000.0,1000000.0,1000000.0,1000000.0,1000000.0,1000000.0,1000000.0,1000000.0,1000000.0,1000000.0,1000000.0,1000000.0,1000000.0,1000000.0,1000000.0,1000000.0,1000000.0,1000000.0,1000000.0,1000000.0,1000000.0,1000000.0,1000000.0,1000000.0,1000000.0,1000000.0,1000000.0,1000000.0,1000000.0,1000000.0,1000000.0,1000000.0,1000000.0,1000000.0,1000000.0,1000000.0,1000000.0,1000000.0,1000000.0,1000000.0,1000000.0,1000000.0,1000000.0,1000000.0,1000000.0,1000000.0,1000000.0,1000000.0,0.0,0.0,0.0,0.0,0.0,0.0,0.0,0.0,0.0,0.0,0.0,0.0,0.0,0.0,0.0,0.0,0.0,0.0,48.22763443453082,337.59344104171646,675.1868820834334,1398.601398601398,2411.3817217265464,3954.6660236315374,9500.843983602605,18808.777429467067,42729.684108994436,72727.2727272727,152544.0077164215,250928.38196286472,410995.900651073,477260.67036411865,757559.6816976126,860863.274656378,948348.2035206172,976368.4591270798,994550.2773088979,998649.626235833,999807.0894622619,999951.7723655654,1000000.0,1000000.0,1000000.0,1000000.0,1000000.0,1000000.0,1000000.0,1000000.0,1000000.0,1000000.0,1000000.0,1000000.0,1000000.0,1000000.0,1000000.0,1000000.0,1000000.0,1000000.0,1000000.0,1000000.0,1000000.0,1000000.0,1000000.0,1000000.0,0.0,0.0,0.0,0.0,0.0,0.0,0.0,0.0,0.0,0.0,0.0,0.0,0.0,0.0,0.0,0.0,0.0,0.0,0.0,0.0,0.0,0.0,0.0,0.0,0.0,0.0,0.0,0.0,0.0,0.0,0.0,0.0,0.0,0.0,0.0,0.0,0.0,0.0,0.0,0.0,48.22763443453082,48.22763443453082,48.22763443453082,241.13817217265407,1205.690860863273,4147.576561369663,18760.549795032555,46298.52905714971,144731.13093802743,294960.2122015915,534651.5553412104,664432.1196045334,830479.8649626235,920183.265010851,981866.4094526162,995563.0576320231,999614.1789245236,1000000.0,1000000.0,1000000.0,1000000.0,1000000.0,1000000.0,1000000.0,0.0,0.0,0.0,0.0,0.0,0.0,0.0,0.0,0.0,0.0,0.0,0.0,0.0,0.0,0.0,0.0,0.0,0.0,0.0,0.0,0.0,0.0,0.0,0.0,0.0,0.0,0.0,0.0,0.0,0.0,0.0,0.0,0.0,0.0,0.0,0.0,0.0,0.0,0.0,0.0,0.0,0.0,0.0,0.0,0.0,0.0,0.0,0.0,0.0,0.0,0.0,0.0,0.0,0.0,0.0,0.0,0.0,0.0,0.0,0.0,385.82107547624787,1109.2355919942117,3568.844948155295,1000000.0
FLINT,MAGNUM03,F,na,na,na,na,2025_03_11-15_02_56,na,0,76,Yes,1,na,0.0,144.68290330360517,0.0,6.0,41.0,61.5,,,,0.0,241.13817217266728,0.0,6.0,41.0,61.5,32.0,19.0,12.0,28.0,15.0,9.0,25.0,11.0,7.0,22.0,8.0,6.0,19.0,5.0,5.0,13.0,1.0,2.0,17.0,3.0,3.0,0.0,32.0,32.0,51.0,51.0,63.0,0.0,28.0,34.0,49.0,54.0,63.0,0.0,25.0,36.0,47.0,56.0,63.0,0.0,22.0,38.0,46.0,57.0,63.0,0.0,19.0,39.0,44.0,58.0,63.0,2.0,15.0,41.0,42.0,60.0,62.0,0.0,17.0,40.0,43.0,59.0,62.0,2.0,0.0,44.0,10.0,61.0,40.0,63.0,62.0,0.031817266405129156,2.9238532868085327,2.39788543732882,0.025030700596650475,30.0,160.0,999614.1789245236,999855.3170966964,1000000.0,1000000.0,1000000.0,1000000.0,1000000.0,1000000.0,1000000.0,1000000.0,1000000.0,1000000.0,1000000.0,1000000.0,1000000.0,1000000.0,1000000.0,1000000.0,1000000.0,1000000.0,1000000.0,1000000.0,1000000.0,1000000.0,1000000.0,1000000.0,1000000.0,1000000.0,1000000.0,1000000.0,1000000.0,1000000.0,1000000.0,1000000.0,1000000.0,1000000.0,1000000.0,1000000.0,1000000.0,1000000.0,1000000.0,1000000.0,1000000.0,1000000.0,1000000.0,1000000.0,1000000.0,1000000.0,1000000.0,1000000.0,1000000.0,1000000.0,1000000.0,1000000.0,1000000.0,1000000.0,1000000.0,1000000.0,1000000.0,1000000.0,1000000.0,1000000.0,1000000.0,1000000.0,0.0,0.0,0.0,0.0,0.0,0.0,0.0,0.0,0.0,0.0,48.22763443453082,48.22763443453082,48.22763443453082,144.68290330359284,144.68290330359284,241.13817217265407,241.13817217265407,578.7316132143711,1253.9184952978064,1495.056667470457,2845.4304316373314,4340.487099107789,8391.608391608395,11815.770436460101,21654.207861104413,35061.49023390402,62503.01422715218,89076.4408005787,163057.6320231492,243356.64335664327,382927.417410176,440318.3023872679,690860.8632746564,790016.8796720519,894381.4805883772,937111.1646973715,978635.1579455027,991126.1152640462,997251.0248372317,999276.585483482,999855.3170966964,999951.7723655654,1000000.0,1000000.0,1000000.0,1000000.0,1000000.0,1000000.0,1000000.0,1000000.0,1000000.0,1000000.0,1000000.0,1000000.0,1000000.0,1000000.0,1000000.0,1000000.0,1000000.0,1000000.0,1000000.0,1000000.0,1000000.0,1000000.0,0.0,0.0,0.0,0.0,0.0,0.0,0.0,0.0,0.0,0.0,0.0,0.0,0.0,0.0,0.0,0.0,0.0,0.0,0.0,0.0,0.0,0.0,0.0,0.0,0.0,0.0,0.0,0.0,0.0,0.0,0.0,0.0,0.0,0.0,0.0,0.0,0.0,0.0,0.0,0.0,48.22763443453082,144.68290330359284,241.13817217265407,578.7316132143711,2411.3817217265464,5690.860863274664,18519.411622859883,38775.018085362906,112949.11984567158,220496.74463467562,418471.18398842536,531516.7591029659,703978.7798408488,803375.9344104171,905570.2917771883,948975.1627682662,987653.7255847601,997202.7972027971,999421.2683867855,999758.8618278273,1000000.0,1000000.0,1000000.0,1000000.0,0.0,0.0,0.0,0.0,0.0,0.0,0.0,0.0,0.0,0.0,0.0,0.0,0.0,0.0,0.0,0.0,0.0,0.0,0.0,0.0,0.0,0.0,0.0,0.0,0.0,0.0,0.0,0.0,0.0,0.0,0.0,0.0,0.0,0.0,0.0,0.0,0.0,0.0,0.0,0.0,0.0,0.0,0.0,0.0,0.0,0.0,0.0,0.0,0.0,0.0,0.0,0.0,0.0,0.0,0.0,0.0,0.0,0.0,0.0,0.0,0.0,0.0,626.959247648901,1000000.0
FLINT,MAGNUM03,F,na,na,na,na,2025_03_11-15_02_56,na,0,77,Yes,1,na,0.0,0.0,48.22763443453082,10.5,41.5,60.0,,,,0.0,0.0,48.22763443453082,10.5,41.5,60.0,31.0,20.0,12.0,29.0,16.0,10.0,26.0,11.0,8.0,24.0,9.0,7.0,21.0,7.0,6.0,14.0,4.0,2.0,18.0,6.0,4.0,0.0,31.0,31.0,51.0,51.0,63.0,0.0,29.0,33.0,49.0,53.0,63.0,0.0,26.0,36.0,47.0,55.0,63.0,0.0,24.0,37.0,46.0,56.0,63.0,0.0,21.0,38.0,45.0,56.0,62.0,4.0,18.0,39.0,43.0,59.0,61.0,2.0,20.0,38.0,44.0,57.0,61.0,5.0,0.0,41.0,16.0,63.0,42.0,63.0,60.0,0.08862923530086958,2.471626072867805,2.049943140046915,0.07107224392538791,30.0,160.0,999131.9025801783,999373.040752351,999710.6341933928,999710.6341933928,999951.7723655654,1000000.0,1000000.0,1000000.0,1000000.0,1000000.0,1000000.0,1000000.0,1000000.0,1000000.0,1000000.0,1000000.0,1000000.0,1000000.0,1000000.0,1000000.0,1000000.0,1000000.0,1000000.0,1000000.0,1000000.0,1000000.0,1000000.0,1000000.0,1000000.0,1000000.0,1000000.0,1000000.0,1000000.0,1000000.0,1000000.0,1000000.0,1000000.0,1000000.0,1000000.0,1000000.0,1000000.0,1000000.0,1000000.0,1000000.0,1000000.0,1000000.0,1000000.0,1000000.0,1000000.0,1000000.0,1000000.0,1000000.0,1000000.0,1000000.0,1000000.0,1000000.0,1000000.0,1000000.0,1000000.0,1000000.0,1000000.0,1000000.0,1000000.0,1000000.0,0.0,0.0,0.0,0.0,0.0,0.0,0.0,0.0,0.0,0.0,0.0,0.0,0.0,0.0,0.0,0.0,48.22763443453082,96.4552688690621,289.36580660718624,337.59344104171646,675.1868820834334,1495.056667470457,3617.07258258982,6173.137207619962,12298.046780805396,21171.93151675908,46298.52905714971,77308.89799855312,154473.1130938029,253773.81239450202,413889.5587171449,501663.85338799126,753990.8367494574,861827.8273450686,948830.4798649626,976416.6867615143,993778.6351579454,998360.2604292259,999855.3170966964,999903.5447311308,1000000.0,1000000.0,1000000.0,1000000.0,1000000.0,1000000.0,1000000.0,1000000.0,1000000.0,1000000.0,1000000.0,1000000.0,1000000.0,1000000.0,1000000.0,1000000.0,1000000.0,1000000.0,1000000.0,1000000.0,1000000.0,1000000.0,1000000.0,1000000.0,0.0,0.0,0.0,0.0,0.0,0.0,0.0,0.0,0.0,0.0,0.0,0.0,0.0,0.0,0.0,0.0,0.0,0.0,0.0,0.0,0.0,0.0,0.0,0.0,0.0,0.0,0.0,0.0,0.0,0.0,0.0,0.0,0.0,0.0,0.0,0.0,0.0,0.0,0.0,0.0,0.0,0.0,96.4552688690621,241.13817217265407,1253.9184952978064,4678.080540149494,19242.826139377863,48902.821316614405,132336.628888353,267711.59874608146,494043.8871473354,633807.5717386061,804244.0318302386,899541.8374728719,974728.7195563057,992621.1719315166,999083.6749457439,999710.6341933928,999855.3170966964,999903.5447311308,999903.5447311308,999903.5447311308,999951.7723655654,1000000.0,0.0,0.0,0.0,0.0,0.0,0.0,0.0,0.0,0.0,0.0,0.0,0.0,0.0,0.0,0.0,0.0,0.0,0.0,0.0,0.0,0.0,0.0,0.0,0.0,0.0,0.0,0.0,0.0,0.0,0.0,0.0,0.0,0.0,0.0,0.0,0.0,0.0,0.0,0.0,0.0,0.0,0.0,0.0,0.0,0.0,0.0,0.0,0.0,0.0,0.0,0.0,0.0,0.0,0.0,0.0,0.0,0.0,0.0,0.0,0.0,96.4552688690621,578.7316132143711,2845.4304316373314,1000000.0
