STEPPING,TESTER,SOCKET,BASE_REV,RUN_NAME,CURRENT_COMMIT,CURRENT_COMMIT_DATE,TEST_START_DATETIME,DIE_ID,MACRO,IO,ADC_CAL,TEST_SEQUENCE,TEST_NAME,LEVEL_01_XPOINT_PPM,LEVEL_12_XPOINT_PPM,LEVEL_23_XPOINT_PPM,LEVEL_01_XPOINT_ADC,LEVEL_12_XPOINT_ADC,LEVEL_23_XPOINT_ADC,LEVEL_01_XPOINT_EXT_PPM,LEVEL_12_XPOINT_EXT_PPM,LEVEL_23_XPOINT_EXT_PPM,LEVEL_01_XPOINT_SUM_PPM,LEVEL_12_XPOINT_SUM_PPM,LEVEL_23_XPOINT_SUM_PPM,LEVEL_01_XPOINT_SUM_ADC,LEVEL_12_XPOINT_SUM_ADC,LEVEL_23_XPOINT_SUM_ADC,LEVEL_01_0SIGMA_ADCRWB,LEVEL_12_0SIGMA_ADCRWB,LEVEL_23_0SIGMA_ADCRWB,LEVEL_01_M1SIGMA_ADCRWB,LEVEL_12_M1SIGMA_ADCRWB,LEVEL_23_M1SIGMA_ADCRWB,LEVEL_01_M2SIGMA_ADCRWB,LEVEL_12_M2SIGMA_ADCRWB,LEVEL_23_M2SIGMA_ADCRWB,LEVEL_01_M2P5SIGMA_ADCRWB,LEVEL_12_M2P5SIGMA_ADCRWB,LEVEL_23_M2P5SIGMA_ADCRWB,LEVEL_01_M3SIGMA_ADCRWB,LEVEL_12_M3SIGMA_ADCRWB,LEVEL_23_M3SIGMA_ADCRWB,LEVEL_01_170PPM_ADCRWB,LEVEL_12_170PPM_ADCRWB,LEVEL_23_170PPM_ADCRWB,LEVEL_01_500PPM_ADCRWB,LEVEL_12_500PPM_ADCRWB,LEVEL_23_500PPM_ADCRWB,LEVEL_01_0_0SIGMA_ADC,LEVEL_01_1_0SIGMA_ADC,LEVEL_12_1_0SIGMA_ADC,LEVEL_12_2_0SIGMA_ADC,LEVEL_23_2_0SIGMA_ADC,LEVEL_23_3_0SIGMA_ADC,LEVEL_01_0_M1SIGMA_ADC,LEVEL_01_1_M1SIGMA_ADC,LEVEL_12_1_M1SIGMA_ADC,LEVEL_12_2_M1SIGMA_ADC,LEVEL_23_2_M1SIGMA_ADC,LEVEL_23_3_M1SIGMA_ADC,LEVEL_01_0_M2SIGMA_ADC,LEVEL_01_1_M2SIGMA_ADC,LEVEL_12_1_M2SIGMA_ADC,LEVEL_12_2_M2SIGMA_ADC,LEVEL_23_2_M2SIGMA_ADC,LEVEL_23_3_M2SIGMA_ADC,LEVEL_01_0_M2P5SIGMA_ADC,LEVEL_01_1_M2P5SIGMA_ADC,LEVEL_12_1_M2P5SIGMA_ADC,LEVEL_12_2_M2P5SIGMA_ADC,LEVEL_23_2_M2P5SIGMA_ADC,LEVEL_23_3_M2P5SIGMA_ADC,LEVEL_01_0_M3SIGMA_ADC,LEVEL_01_1_M3SIGMA_ADC,LEVEL_12_1_M3SIGMA_ADC,LEVEL_12_2_M3SIGMA_ADC,LEVEL_23_2_M3SIGMA_ADC,LEVEL_23_3_M3SIGMA_ADC,LEVEL_01_0_170PPM_ADC,LEVEL_01_1_170PPM_ADC,LEVEL_12_1_170PPM_ADC,LEVEL_12_2_170PPM_ADC,LEVEL_23_2_170PPM_ADC,LEVEL_23_3_170PPM_ADC,LEVEL_01_0_500PPM_ADC,LEVEL_01_1_500PPM_ADC,LEVEL_12_1_500PPM_ADC,LEVEL_12_2_500PPM_ADC,LEVEL_23_2_500PPM_ADC,LEVEL_23_3_500PPM_ADC,LEVEL_0_MAXADC,LEVEL_0_MINADC,LEVEL_1_MAXADC,LEVEL_1_MINADC,LEVEL_2_MAXADC,LEVEL_2_MINADC,LEVEL_3_MAXADC,LEVEL_3_MINADC,LEVEL_0_DISTSIGMA,LEVEL_1_DISTSIGMA,LEVEL_2_DISTSIGMA,LEVEL_3_DISTSIGMA,ADC_0_COND_US,ADC_63_COND_US,LEVEL_0_0ADC_PPM,LEVEL_0_1ADC_PPM,LEVEL_0_2ADC_PPM,LEVEL_0_3ADC_PPM,LEVEL_0_4ADC_PPM,LEVEL_0_5ADC_PPM,LEVEL_0_6ADC_PPM,LEVEL_0_7ADC_PPM,LEVEL_0_8ADC_PPM,LEVEL_0_9ADC_PPM,LEVEL_0_10ADC_PPM,LEVEL_0_11ADC_PPM,LEVEL_0_12ADC_PPM,LEVEL_0_13ADC_PPM,LEVEL_0_14ADC_PPM,LEVEL_0_15ADC_PPM,LEVEL_0_16ADC_PPM,LEVEL_0_17ADC_PPM,LEVEL_0_18ADC_PPM,LEVEL_0_19ADC_PPM,LEVEL_0_20ADC_PPM,LEVEL_0_21ADC_PPM,LEVEL_0_22ADC_PPM,LEVEL_0_23ADC_PPM,LEVEL_0_24ADC_PPM,LEVEL_0_25ADC_PPM,LEVEL_0_26ADC_PPM,LEVEL_0_27ADC_PPM,LEVEL_0_28ADC_PPM,LEVEL_0_29ADC_PPM,LEVEL_0_30ADC_PPM,LEVEL_0_31ADC_PPM,LEVEL_0_32ADC_PPM,LEVEL_0_33ADC_PPM,LEVEL_0_34ADC_PPM,LEVEL_0_35ADC_PPM,LEVEL_0_36ADC_PPM,LEVEL_0_37ADC_PPM,LEVEL_0_38ADC_PPM,LEVEL_0_39ADC_PPM,LEVEL_0_40ADC_PPM,LEVEL_0_41ADC_PPM,LEVEL_0_42ADC_PPM,LEVEL_0_43ADC_PPM,LEVEL_0_44ADC_PPM,LEVEL_0_45ADC_PPM,LEVEL_0_46ADC_PPM,LEVEL_0_47ADC_PPM,LEVEL_0_48ADC_PPM,LEVEL_0_49ADC_PPM,LEVEL_0_50ADC_PPM,LEVEL_0_51ADC_PPM,LEVEL_0_52ADC_PPM,LEVEL_0_53ADC_PPM,LEVEL_0_54ADC_PPM,LEVEL_0_55ADC_PPM,LEVEL_0_56ADC_PPM,LEVEL_0_57ADC_PPM,LEVEL_0_58ADC_PPM,LEVEL_0_59ADC_PPM,LEVEL_0_60ADC_PPM,LEVEL_0_61ADC_PPM,LEVEL_0_62ADC_PPM,LEVEL_0_63ADC_PPM,LEVEL_1_0ADC_PPM,LEVEL_1_1ADC_PPM,LEVEL_1_2ADC_PPM,LEVEL_1_3ADC_PPM,LEVEL_1_4ADC_PPM,LEVEL_1_5ADC_PPM,LEVEL_1_6ADC_PPM,LEVEL_1_7ADC_PPM,LEVEL_1_8ADC_PPM,LEVEL_1_9ADC_PPM,LEVEL_1_10ADC_PPM,LEVEL_1_11ADC_PPM,LEVEL_1_12ADC_PPM,LEVEL_1_13ADC_PPM,LEVEL_1_14ADC_PPM,LEVEL_1_15ADC_PPM,LEVEL_1_16ADC_PPM,LEVEL_1_17ADC_PPM,LEVEL_1_18ADC_PPM,LEVEL_1_19ADC_PPM,LEVEL_1_20ADC_PPM,LEVEL_1_21ADC_PPM,LEVEL_1_22ADC_PPM,LEVEL_1_23ADC_PPM,LEVEL_1_24ADC_PPM,LEVEL_1_25ADC_PPM,LEVEL_1_26ADC_PPM,LEVEL_1_27ADC_PPM,LEVEL_1_28ADC_PPM,LEVEL_1_29ADC_PPM,LEVEL_1_30ADC_PPM,LEVEL_1_31ADC_PPM,LEVEL_1_32ADC_PPM,LEVEL_1_33ADC_PPM,LEVEL_1_34ADC_PPM,LEVEL_1_35ADC_PPM,LEVEL_1_36ADC_PPM,LEVEL_1_37ADC_PPM,LEVEL_1_38ADC_PPM,LEVEL_1_39ADC_PPM,LEVEL_1_40ADC_PPM,LEVEL_1_41ADC_PPM,LEVEL_1_42ADC_PPM,LEVEL_1_43ADC_PPM,LEVEL_1_44ADC_PPM,LEVEL_1_45ADC_PPM,LEVEL_1_46ADC_PPM,LEVEL_1_47ADC_PPM,LEVEL_1_48ADC_PPM,LEVEL_1_49ADC_PPM,LEVEL_1_50ADC_PPM,LEVEL_1_51ADC_PPM,LEVEL_1_52ADC_PPM,LEVEL_1_53ADC_PPM,LEVEL_1_54ADC_PPM,LEVEL_1_55ADC_PPM,LEVEL_1_56ADC_PPM,LEVEL_1_57ADC_PPM,LEVEL_1_58ADC_PPM,LEVEL_1_59ADC_PPM,LEVEL_1_60ADC_PPM,LEVEL_1_61ADC_PPM,LEVEL_1_62ADC_PPM,LEVEL_1_63ADC_PPM,LEVEL_2_0ADC_PPM,LEVEL_2_1ADC_PPM,LEVEL_2_2ADC_PPM,LEVEL_2_3ADC_PPM,LEVEL_2_4ADC_PPM,LEVEL_2_5ADC_PPM,LEVEL_2_6ADC_PPM,LEVEL_2_7ADC_PPM,LEVEL_2_8ADC_PPM,LEVEL_2_9ADC_PPM,LEVEL_2_10ADC_PPM,LEVEL_2_11ADC_PPM,LEVEL_2_12ADC_PPM,LEVEL_2_13ADC_PPM,LEVEL_2_14ADC_PPM,LEVEL_2_15ADC_PPM,LEVEL_2_16ADC_PPM,LEVEL_2_17ADC_PPM,LEVEL_2_18ADC_PPM,LEVEL_2_19ADC_PPM,LEVEL_2_20ADC_PPM,LEVEL_2_21ADC_PPM,LEVEL_2_22ADC_PPM,LEVEL_2_23ADC_PPM,LEVEL_2_24ADC_PPM,LEVEL_2_25ADC_PPM,LEVEL_2_26ADC_PPM,LEVEL_2_27ADC_PPM,LEVEL_2_28ADC_PPM,LEVEL_2_29ADC_PPM,LEVEL_2_30ADC_PPM,LEVEL_2_31ADC_PPM,LEVEL_2_32ADC_PPM,LEVEL_2_33ADC_PPM,LEVEL_2_34ADC_PPM,LEVEL_2_35ADC_PPM,LEVEL_2_36ADC_PPM,LEVEL_2_37ADC_PPM,LEVEL_2_38ADC_PPM,LEVEL_2_39ADC_PPM,LEVEL_2_40ADC_PPM,LEVEL_2_41ADC_PPM,LEVEL_2_42ADC_PPM,LEVEL_2_43ADC_PPM,LEVEL_2_44ADC_PPM,LEVEL_2_45ADC_PPM,LEVEL_2_46ADC_PPM,LEVEL_2_47ADC_PPM,LEVEL_2_48ADC_PPM,LEVEL_2_49ADC_PPM,LEVEL_2_50ADC_PPM,LEVEL_2_51ADC_PPM,LEVEL_2_52ADC_PPM,LEVEL_2_53ADC_PPM,LEVEL_2_54ADC_PPM,LEVEL_2_55ADC_PPM,LEVEL_2_56ADC_PPM,LEVEL_2_57ADC_PPM,LEVEL_2_58ADC_PPM,LEVEL_2_59ADC_PPM,LEVEL_2_60ADC_PPM,LEVEL_2_61ADC_PPM,LEVEL_2_62ADC_PPM,LEVEL_2_63ADC_PPM,LEVEL_3_0ADC_PPM,LEVEL_3_1ADC_PPM,LEVEL_3_2ADC_PPM,LEVEL_3_3ADC_PPM,LEVEL_3_4ADC_PPM,LEVEL_3_5ADC_PPM,LEVEL_3_6ADC_PPM,LEVEL_3_7ADC_PPM,LEVEL_3_8ADC_PPM,LEVEL_3_9ADC_PPM,LEVEL_3_10ADC_PPM,LEVEL_3_11ADC_PPM,LEVEL_3_12ADC_PPM,LEVEL_3_13ADC_PPM,LEVEL_3_14ADC_PPM,LEVEL_3_15ADC_PPM,LEVEL_3_16ADC_PPM,LEVEL_3_17ADC_PPM,LEVEL_3_18ADC_PPM,LEVEL_3_19ADC_PPM,LEVEL_3_20ADC_PPM,LEVEL_3_21ADC_PPM,LEVEL_3_22ADC_PPM,LEVEL_3_23ADC_PPM,LEVEL_3_24ADC_PPM,LEVEL_3_25ADC_PPM,LEVEL_3_26ADC_PPM,LEVEL_3_27ADC_PPM,LEVEL_3_28ADC_PPM,LEVEL_3_29ADC_PPM,LEVEL_3_30ADC_PPM,LEVEL_3_31ADC_PPM,LEVEL_3_32ADC_PPM,LEVEL_3_33ADC_PPM,LEVEL_3_34ADC_PPM,LEVEL_3_35ADC_PPM,LEVEL_3_36ADC_PPM,LEVEL_3_37ADC_PPM,LEVEL_3_38ADC_PPM,LEVEL_3_39ADC_PPM,LEVEL_3_40ADC_PPM,LEVEL_3_41ADC_PPM,LEVEL_3_42ADC_PPM,LEVEL_3_43ADC_PPM,LEVEL_3_44ADC_PPM,LEVEL_3_45ADC_PPM,LEVEL_3_46ADC_PPM,LEVEL_3_47ADC_PPM,LEVEL_3_48ADC_PPM,LEVEL_3_49ADC_PPM,LEVEL_3_50ADC_PPM,LEVEL_3_51ADC_PPM,LEVEL_3_52ADC_PPM,LEVEL_3_53ADC_PPM,LEVEL_3_54ADC_PPM,LEVEL_3_55ADC_PPM,LEVEL_3_56ADC_PPM,LEVEL_3_57ADC_PPM,LEVEL_3_58ADC_PPM,LEVEL_3_59ADC_PPM,LEVEL_3_60ADC_PPM,LEVEL_3_61ADC_PPM,LEVEL_3_62ADC_PPM,LEVEL_3_63ADC_PPM
FLINT,MAGNUM03,F,na,na,na,na,2025_03_11-15_02_56,na,3,0,Yes,1,na,0.0,48.22763443457198,0.0,8.5,43.0,0.0,,,,0.0,96.45526886910281,0.0,8.5,43.0,0.0,32.0,22.0,9.0,29.0,18.0,8.0,25.0,13.0,5.0,22.0,10.0,2.0,20.0,6.0,0.0,12.0,2.0,0.0,16.0,4.0,0.0,0.0,32.0,32.0,54.0,54.0,63.0,0.0,29.0,34.0,52.0,55.0,63.0,0.0,25.0,37.0,50.0,58.0,63.0,0.0,22.0,38.0,48.0,61.0,63.0,0.0,20.0,40.0,46.0,63.0,63.0,4.0,16.0,42.0,44.0,63.0,63.0,2.0,18.0,41.0,45.0,63.0,63.0,5.0,0.0,44.0,12.0,63.0,42.0,63.0,0.0,0.0838725606020471,2.924416739188443,1.9196991907794996,0.4374894505865458,30.0,160.0,998794.3091391367,999469.4960212201,999662.4065589582,999807.0894622619,1000000.0,1000000.0,1000000.0,1000000.0,1000000.0,1000000.0,1000000.0,1000000.0,1000000.0,1000000.0,1000000.0,1000000.0,1000000.0,1000000.0,1000000.0,1000000.0,1000000.0,1000000.0,1000000.0,1000000.0,1000000.0,1000000.0,1000000.0,1000000.0,1000000.0,1000000.0,1000000.0,1000000.0,1000000.0,1000000.0,1000000.0,1000000.0,1000000.0,1000000.0,1000000.0,1000000.0,1000000.0,1000000.0,1000000.0,1000000.0,1000000.0,1000000.0,1000000.0,1000000.0,1000000.0,1000000.0,1000000.0,1000000.0,1000000.0,1000000.0,1000000.0,1000000.0,1000000.0,1000000.0,1000000.0,1000000.0,1000000.0,1000000.0,1000000.0,1000000.0,0.0,0.0,0.0,0.0,0.0,0.0,0.0,0.0,0.0,0.0,0.0,0.0,96.4552688690621,96.4552688690621,144.68290330359284,192.91053773812425,289.36580660718624,337.59344104171646,819.8697853870253,1012.7803231251486,1880.8777429467057,3231.251507113574,6510.730648661682,9693.754521340716,17554.858934169293,28116.71087533155,49626.235833132334,70219.4357366771,117964.79382686276,175066.31299734747,278803.9546660236,340342.4162044851,572220.8825657101,702339.0402700747,842150.9524957801,906438.3891970098,963105.8596575838,984711.8398842536,994839.6431155051,997733.301181577,999373.040752351,999855.3170966964,999951.7723655654,1000000.0,1000000.0,1000000.0,1000000.0,1000000.0,1000000.0,1000000.0,1000000.0,1000000.0,1000000.0,1000000.0,1000000.0,1000000.0,1000000.0,1000000.0,1000000.0,1000000.0,1000000.0,1000000.0,1000000.0,1000000.0,0.0,0.0,0.0,0.0,0.0,0.0,0.0,0.0,0.0,0.0,0.0,0.0,0.0,0.0,0.0,0.0,0.0,0.0,0.0,0.0,0.0,0.0,0.0,0.0,0.0,0.0,0.0,0.0,0.0,0.0,0.0,0.0,0.0,0.0,0.0,0.0,0.0,0.0,0.0,0.0,0.0,0.0,48.22763443453082,96.4552688690621,289.36580660718624,626.959247648901,1543.2843019049903,3231.251507113574,8343.380757173849,18422.956353990838,46443.21196045331,83144.44176513141,207378.82806848318,384181.3359054738,687195.563057632,842874.367012298,955582.348685797,975452.1340728237,984663.6122498191,988762.9611767542,993055.2206414274,996045.3339763684,998022.6669881842,1000000.0,48.22763443453082,48.22763443453082,48.22763443453082,48.22763443453082,48.22763443453082,48.22763443453082,48.22763443453082,48.22763443453082,48.22763443453082,48.22763443453082,48.22763443453082,48.22763443453082,48.22763443453082,48.22763443453082,48.22763443453082,48.22763443453082,48.22763443453082,48.22763443453082,48.22763443453082,48.22763443453082,48.22763443453082,48.22763443453082,48.22763443453082,48.22763443453082,48.22763443453082,48.22763443453082,48.22763443453082,48.22763443453082,48.22763443453082,48.22763443453082,48.22763443453082,48.22763443453082,48.22763443453082,48.22763443453082,48.22763443453082,48.22763443453082,48.22763443453082,48.22763443453082,48.22763443453082,48.22763443453082,48.22763443453082,48.22763443453082,48.22763443453082,48.22763443453082,48.22763443453082,48.22763443453082,48.22763443453082,48.22763443453082,48.22763443453082,48.22763443453082,48.22763443453082,48.22763443453082,48.22763443453082,48.22763443453082,48.22763443453082,48.22763443453082,48.22763443453082,48.22763443453082,48.22763443453082,48.22763443453082,48.22763443453082,48.22763443453082,48.22763443453082,1000000.0
FLINT,MAGNUM03,F,na,na,na,na,2025_03_11-15_02_56,na,3,1,Yes,1,na,0.0,1398.6013986014846,9018.567639257331,7.0,41.0,62.0,,,,0.0,2218.47118398851,9018.567639257331,7.0,41.0,62.0,32.0,20.0,11.0,29.0,15.0,9.0,25.0,9.0,6.0,21.0,5.0,0.0,16.0,1.0,0.0,8.0,-8.0,0.0,13.0,-1.0,0.0,0.0,32.0,32.0,52.0,52.0,63.0,0.0,29.0,34.0,49.0,54.0,63.0,0.0,25.0,37.0,46.0,57.0,63.0,1.0,22.0,39.0,44.0,63.0,63.0,3.0,19.0,41.0,42.0,63.0,63.0,4.0,12.0,46.0,38.0,63.0,63.0,4.0,17.0,42.0,41.0,63.0,63.0,6.0,0.0,58.0,8.0,63.0,34.0,63.0,63.0,0.19865156079409235,3.0506900313656655,2.8358537166579634,0.0,30.0,160.0,991126.1152640462,994936.0983843743,998504.9433325295,999276.585483482,999903.5447311308,999951.7723655654,1000000.0,1000000.0,1000000.0,1000000.0,1000000.0,1000000.0,1000000.0,1000000.0,1000000.0,1000000.0,1000000.0,1000000.0,1000000.0,1000000.0,1000000.0,1000000.0,1000000.0,1000000.0,1000000.0,1000000.0,1000000.0,1000000.0,1000000.0,1000000.0,1000000.0,1000000.0,1000000.0,1000000.0,1000000.0,1000000.0,1000000.0,1000000.0,1000000.0,1000000.0,1000000.0,1000000.0,1000000.0,1000000.0,1000000.0,1000000.0,1000000.0,1000000.0,1000000.0,1000000.0,1000000.0,1000000.0,1000000.0,1000000.0,1000000.0,1000000.0,1000000.0,1000000.0,1000000.0,1000000.0,1000000.0,1000000.0,1000000.0,1000000.0,0.0,0.0,0.0,0.0,0.0,0.0,0.0,0.0,48.22763443453082,48.22763443453082,48.22763443453082,96.4552688690621,289.36580660718624,434.04870991077877,434.04870991077877,434.04870991077877,530.5039787798403,771.6421509524955,1302.1461297323344,2073.7882806848356,3761.755485893413,5401.495056667472,9452.616349168073,13600.192910537737,22763.44345309863,35833.1323848565,60670.36411864006,86761.51434772117,143284.3019049916,216252.71280443692,326404.6298529057,376995.4183747287,633759.3441041717,755582.3486857968,872293.2240173619,925440.077164215,966481.794068001,983265.0108512177,992428.2613937786,996720.5208584518,998601.3986013986,999324.8131179166,999710.6341933928,999758.8618278273,999758.8618278273,999855.3170966964,999903.5447311308,999903.5447311308,999951.7723655654,1000000.0,1000000.0,1000000.0,1000000.0,1000000.0,1000000.0,1000000.0,1000000.0,1000000.0,1000000.0,1000000.0,1000000.0,1000000.0,1000000.0,1000000.0,0.0,0.0,0.0,0.0,0.0,0.0,0.0,0.0,0.0,0.0,0.0,0.0,0.0,0.0,0.0,0.0,0.0,0.0,0.0,0.0,0.0,0.0,0.0,0.0,0.0,0.0,0.0,0.0,0.0,0.0,0.0,0.0,0.0,0.0,48.22763443453082,48.22763443453082,96.4552688690621,96.4552688690621,337.59344104171646,385.82107547624787,482.27634434531,868.0974198215577,1639.7395707740552,3375.934410417169,8150.470219435744,14998.794309139143,35254.400771642155,57487.3402459609,106149.02339040267,171738.6062213649,291150.22908126353,401350.37376416684,576223.7762237762,715891.0055461779,863129.973474801,924427.29684109,968410.8994453822,981577.043646009,987846.6361224981,989486.3756932722,990547.3836508319,990981.4323607427,991753.0745116952,1000000.0,0.0,0.0,0.0,0.0,0.0,0.0,0.0,0.0,0.0,0.0,0.0,0.0,0.0,0.0,0.0,0.0,0.0,0.0,0.0,0.0,0.0,0.0,0.0,0.0,0.0,0.0,0.0,0.0,0.0,0.0,0.0,0.0,0.0,0.0,0.0,0.0,0.0,0.0,0.0,0.0,0.0,0.0,0.0,0.0,0.0,0.0,0.0,0.0,0.0,0.0,0.0,0.0,0.0,0.0,0.0,0.0,0.0,0.0,0.0,0.0,0.0,0.0,0.0,1000000.0
FLINT,MAGNUM03,F,na,na,na,na,2025_03_11-15_02_56,na,3,2,Yes,1,na,0.0,4002.893658066155,0.0,10.0,45.0,0.0,,,,0.0,5160.356884494819,0.0,10.0,45.0,0.0,32.0,21.0,10.0,30.0,16.0,8.0,26.0,11.0,4.0,22.0,6.0,0.0,17.0,-10.0,0.0,12.0,-19.0,0.0,15.0,-13.0,0.0,0.0,32.0,32.0,53.0,53.0,63.0,0.0,30.0,34.0,50.0,55.0,63.0,0.0,26.0,37.0,48.0,59.0,63.0,2.0,24.0,40.0,46.0,63.0,63.0,4.0,21.0,54.0,44.0,63.0,63.0,6.0,18.0,61.0,42.0,63.0,63.0,5.0,20.0,57.0,44.0,63.0,63.0,8.0,0.0,63.0,12.0,63.0,38.0,63.0,0.0,0.27030515649315845,2.9591286008803843,2.607577102378778,0.43759898836448535,30.0,160.0,990884.9770918736,992958.7653725585,996624.0655895828,997733.301181577,999517.7236556546,999710.6341933928,1000000.0,1000000.0,1000000.0,1000000.0,1000000.0,1000000.0,1000000.0,1000000.0,1000000.0,1000000.0,1000000.0,1000000.0,1000000.0,1000000.0,1000000.0,1000000.0,1000000.0,1000000.0,1000000.0,1000000.0,1000000.0,1000000.0,1000000.0,1000000.0,1000000.0,1000000.0,1000000.0,1000000.0,1000000.0,1000000.0,1000000.0,1000000.0,1000000.0,1000000.0,1000000.0,1000000.0,1000000.0,1000000.0,1000000.0,1000000.0,1000000.0,1000000.0,1000000.0,1000000.0,1000000.0,1000000.0,1000000.0,1000000.0,1000000.0,1000000.0,1000000.0,1000000.0,1000000.0,1000000.0,1000000.0,1000000.0,1000000.0,1000000.0,0.0,0.0,0.0,0.0,0.0,0.0,0.0,0.0,0.0,0.0,0.0,0.0,48.22763443453082,48.22763443453082,48.22763443453082,96.4552688690621,96.4552688690621,96.4552688690621,337.59344104171646,530.5039787798403,1157.4632264287443,2122.0159151193625,3617.07258258982,4919.218712322153,9211.4781769954,15770.436460091643,31926.693995659498,51458.88594164456,91487.8225223053,151579.45502773096,250542.56088738848,320569.0860863274,557222.088256571,698046.7808054015,847070.1712081024,910055.4617795998,963973.9570774053,982252.2305280925,991126.1152640462,993199.9035447311,994357.3667711598,995032.5536532432,995321.9194598505,995514.8299975885,995997.1063419338,996575.8379551483,997058.1142994935,997154.5695683626,997347.4801061008,997685.0735471424,998119.1222570533,998215.5775259222,998408.4880636605,998649.626235833,999035.4473113093,999180.1302146129,999373.040752351,999614.1789245236,999662.4065589582,999710.6341933928,999855.3170966964,999903.5447311308,999951.7723655654,1000000.0,0.0,0.0,0.0,0.0,0.0,0.0,0.0,0.0,0.0,0.0,0.0,0.0,0.0,0.0,0.0,0.0,0.0,0.0,0.0,0.0,0.0,0.0,0.0,0.0,0.0,0.0,0.0,0.0,0.0,0.0,0.0,0.0,0.0,0.0,0.0,0.0,0.0,0.0,48.22763443453082,48.22763443453082,48.22763443453082,192.91053773812425,241.13817217265407,530.5039787798403,1446.829033035929,3568.844948155295,9741.98215577526,17506.63129973476,41958.04195804194,81070.6534844466,171256.32987701954,263033.518205932,453484.4465878948,631782.0110923558,830913.9136725343,907451.1695201348,960935.6161080298,972269.1102001446,976706.0525681215,977815.2881601156,978972.7513865444,980323.1251507113,982445.1410658307,1000000.0,48.22763443453082,48.22763443453082,48.22763443453082,48.22763443453082,48.22763443453082,48.22763443453082,48.22763443453082,48.22763443453082,48.22763443453082,48.22763443453082,48.22763443453082,48.22763443453082,48.22763443453082,48.22763443453082,48.22763443453082,48.22763443453082,48.22763443453082,48.22763443453082,48.22763443453082,48.22763443453082,48.22763443453082,48.22763443453082,48.22763443453082,48.22763443453082,48.22763443453082,48.22763443453082,48.22763443453082,48.22763443453082,48.22763443453082,48.22763443453082,48.22763443453082,48.22763443453082,48.22763443453082,48.22763443453082,48.22763443453082,48.22763443453082,48.22763443453082,48.22763443453082,48.22763443453082,48.22763443453082,48.22763443453082,48.22763443453082,48.22763443453082,48.22763443453082,48.22763443453082,48.22763443453082,48.22763443453082,48.22763443453082,48.22763443453082,48.22763443453082,48.22763443453082,48.22763443453082,48.22763443453082,48.22763443453082,48.22763443453082,48.22763443453082,48.22763443453082,48.22763443453082,48.22763443453082,48.22763443453082,48.22763443453082,48.22763443453082,144.68290330359284,1000000.0
FLINT,MAGNUM03,F,na,na,na,na,2025_03_11-15_02_56,na,3,3,Yes,1,na,0.0,9452.616349168164,28502.53195080787,12.0,46.0,62.0,,,,0.0,12925.006028454334,28502.53195080787,12.0,46.0,62.0,32.0,21.0,10.0,29.0,16.0,8.0,25.0,10.0,0.0,20.0,-3.0,0.0,16.0,-13.0,0.0,10.0,-21.0,0.0,13.0,-18.0,0.0,0.0,32.0,32.0,53.0,53.0,63.0,0.0,29.0,35.0,51.0,55.0,63.0,1.0,26.0,38.0,48.0,63.0,63.0,4.0,24.0,49.0,46.0,63.0,63.0,5.0,21.0,58.0,45.0,63.0,63.0,7.0,17.0,63.0,42.0,63.0,63.0,6.0,19.0,61.0,43.0,63.0,63.0,8.0,0.0,63.0,16.0,63.0,39.0,63.0,63.0,0.46876398860379576,3.5382427049185377,2.7144785606084003,0.0,30.0,160.0,971835.0614902338,980323.1251507113,989920.4244031829,992862.3101036893,997636.845912708,999083.6749457439,999807.0894622619,1000000.0,1000000.0,1000000.0,1000000.0,1000000.0,1000000.0,1000000.0,1000000.0,1000000.0,1000000.0,1000000.0,1000000.0,1000000.0,1000000.0,1000000.0,1000000.0,1000000.0,1000000.0,1000000.0,1000000.0,1000000.0,1000000.0,1000000.0,1000000.0,1000000.0,1000000.0,1000000.0,1000000.0,1000000.0,1000000.0,1000000.0,1000000.0,1000000.0,1000000.0,1000000.0,1000000.0,1000000.0,1000000.0,1000000.0,1000000.0,1000000.0,1000000.0,1000000.0,1000000.0,1000000.0,1000000.0,1000000.0,1000000.0,1000000.0,1000000.0,1000000.0,1000000.0,1000000.0,1000000.0,1000000.0,1000000.0,1000000.0,0.0,0.0,0.0,0.0,0.0,0.0,0.0,0.0,0.0,0.0,0.0,0.0,0.0,0.0,0.0,0.0,96.4552688690621,289.36580660718624,530.5039787798403,578.7316132143711,964.5526886906189,1784.4224740776426,3472.38967928623,5208.58451892934,9838.437424644324,18808.777429467067,38775.018085362906,63756.932722449965,103062.45478659264,180708.94622618755,288304.7986496262,333879.913190258,551579.4550277309,685073.5471425126,835254.4007716422,889317.5789727513,945985.0494333253,969134.3139619001,980998.3120327947,982975.6450446106,985194.116228599,986303.3518205931,987557.2703158909,988280.6848324089,989582.8309621413,990547.3836508319,991994.2126838678,992765.8548348203,993537.4969857727,994212.6838678562,994887.8707499397,995370.147094285,995948.8787074994,996431.1550518447,996961.6590306245,997395.7077405354,997829.756450446,998360.2604292259,998938.9920424403,999228.3578490474,999469.4960212201,999565.9512900892,999710.6341933928,1000000.0,0.0,0.0,0.0,0.0,0.0,0.0,0.0,0.0,0.0,0.0,0.0,0.0,0.0,0.0,0.0,0.0,0.0,0.0,0.0,0.0,0.0,0.0,0.0,0.0,0.0,0.0,0.0,0.0,0.0,0.0,0.0,0.0,0.0,0.0,0.0,0.0,0.0,0.0,0.0,48.22763443453082,96.4552688690621,192.91053773812425,385.82107547624787,578.7316132143711,1253.9184952978064,2893.6580660718573,7957.559681697602,16252.71280443696,31203.279479141525,62503.01422715218,139860.13986013984,207957.5596816976,380950.0843983603,575114.540631782,792862.3101036893,892404.1475765614,942223.2939474318,959971.0634193392,965951.2900892211,967880.3954666023,969134.3139619001,971497.4680491921,973812.3945020495,1000000.0,0.0,0.0,0.0,0.0,0.0,0.0,0.0,0.0,0.0,0.0,0.0,0.0,0.0,0.0,0.0,0.0,0.0,0.0,0.0,0.0,0.0,0.0,0.0,0.0,0.0,0.0,0.0,0.0,0.0,0.0,0.0,0.0,0.0,0.0,0.0,0.0,0.0,0.0,0.0,0.0,0.0,0.0,0.0,0.0,0.0,0.0,0.0,0.0,0.0,0.0,0.0,0.0,0.0,0.0,0.0,0.0,0.0,0.0,0.0,0.0,0.0,0.0,0.0,1000000.0
FLINT,MAGNUM03,F,na,na,na,na,2025_03_11-15_02_56,na,3,4,Yes,1,na,0.0,916.3250542560967,1350.373764166911,12.5,45.0,60.0,,,,0.0,1446.8290330360335,1446.8290330359434,12.5,45.0,60.0,32.0,21.0,10.0,29.0,18.0,8.0,26.0,13.0,7.0,25.0,11.0,5.0,21.0,3.0,1.0,17.0,-10.0,-3.0,19.0,-4.0,-2.0,0.0,32.0,32.0,53.0,53.0,63.0,0.0,29.0,34.0,52.0,55.0,63.0,0.0,26.0,36.0,49.0,56.0,63.0,0.0,25.0,37.0,48.0,57.0,62.0,2.0,23.0,43.0,46.0,60.0,61.0,4.0,21.0,54.0,44.0,63.0,60.0,3.0,22.0,49.0,45.0,63.0,61.0,6.0,0.0,58.0,19.0,63.0,42.0,63.0,59.0,0.1380914766214375,2.4638982838352765,1.6921829002471749,0.13657621967476571,30.0,160.0,994598.5049433325,997926.211719315,999421.2683867855,999710.6341933928,999903.5447311308,1000000.0,1000000.0,1000000.0,1000000.0,1000000.0,1000000.0,1000000.0,1000000.0,1000000.0,1000000.0,1000000.0,1000000.0,1000000.0,1000000.0,1000000.0,1000000.0,1000000.0,1000000.0,1000000.0,1000000.0,1000000.0,1000000.0,1000000.0,1000000.0,1000000.0,1000000.0,1000000.0,1000000.0,1000000.0,1000000.0,1000000.0,1000000.0,1000000.0,1000000.0,1000000.0,1000000.0,1000000.0,1000000.0,1000000.0,1000000.0,1000000.0,1000000.0,1000000.0,1000000.0,1000000.0,1000000.0,1000000.0,1000000.0,1000000.0,1000000.0,1000000.0,1000000.0,1000000.0,1000000.0,1000000.0,1000000.0,1000000.0,1000000.0,1000000.0,0.0,0.0,0.0,0.0,0.0,0.0,0.0,0.0,0.0,0.0,0.0,0.0,0.0,0.0,0.0,0.0,0.0,0.0,0.0,48.22763443453082,144.68290330359284,289.36580660718624,723.414516517964,1543.2843019049903,4919.218712322153,9838.437424644324,26669.88184229562,45333.97636845912,99397.15456956827,174198.2155775259,306390.16156257526,411044.12828550756,644080.0578731613,779358.5724620207,907644.0800578732,955148.2999758861,987750.1808536291,995611.2852664576,997540.3906438388,998070.8946226187,998360.2604292259,998456.7156980949,998697.8538702676,998842.5367735712,999083.6749457439,999131.9025801783,999276.585483482,999324.8131179166,999421.2683867855,999565.9512900892,999614.1789245236,999662.4065589582,999758.8618278273,999807.0894622619,999903.5447311308,999951.7723655654,1000000.0,1000000.0,1000000.0,1000000.0,1000000.0,1000000.0,1000000.0,1000000.0,0.0,0.0,0.0,0.0,0.0,0.0,0.0,0.0,0.0,0.0,0.0,0.0,0.0,0.0,0.0,0.0,0.0,0.0,0.0,0.0,0.0,0.0,0.0,0.0,0.0,0.0,0.0,0.0,0.0,0.0,0.0,0.0,0.0,0.0,0.0,0.0,0.0,0.0,0.0,0.0,0.0,0.0,48.22763443453082,48.22763443453082,337.59344104171646,723.414516517964,2218.471183988428,4002.8936580660734,11912.225705329136,26959.2476489028,71907.40294188572,135471.4251265976,327224.4996382927,551579.4550277309,840800.5787316132,937979.2621171931,991463.7087050879,997733.301181577,998553.1709669641,998649.626235833,998842.5367735712,999228.3578490474,999517.7236556546,1000000.0,0.0,0.0,0.0,0.0,0.0,0.0,0.0,0.0,0.0,0.0,0.0,0.0,0.0,0.0,0.0,0.0,0.0,0.0,0.0,0.0,0.0,0.0,0.0,0.0,0.0,0.0,0.0,0.0,0.0,0.0,0.0,0.0,0.0,0.0,0.0,0.0,0.0,0.0,0.0,0.0,0.0,0.0,0.0,0.0,0.0,0.0,0.0,0.0,0.0,0.0,0.0,0.0,0.0,0.0,0.0,0.0,0.0,0.0,0.0,48.22763443453082,385.82107547624787,2266.6988184229576,9741.98215577526,1000000.0
FLINT,MAGNUM03,F,na,na,na,na,2025_03_11-15_02_56,na,3,5,Yes,1,na,0.0,21075.476247890067,0.0,13.0,49.0,0.0,,,,0.0,29659.99517723661,0.0,13.0,49.0,0.0,34.0,21.0,8.0,31.0,17.0,6.0,28.0,2.0,0.0,23.0,-7.0,0.0,19.0,-14.0,0.0,13.0,-19.0,0.0,16.0,-17.0,0.0,0.0,34.0,34.0,55.0,55.0,63.0,0.0,31.0,36.0,53.0,57.0,63.0,0.0,28.0,48.0,50.0,63.0,63.0,3.0,26.0,55.0,48.0,63.0,63.0,5.0,24.0,60.0,46.0,63.0,63.0,7.0,20.0,63.0,44.0,63.0,63.0,6.0,22.0,62.0,45.0,63.0,63.0,9.0,0.0,63.0,17.0,63.0,42.0,63.0,0.0,0.4182849549190552,4.204289855273666,3.038621583485971,0.4377639156890563,30.0,160.0,979647.9382686279,986737.400530504,992042.4403183024,994405.5944055944,997877.9840848806,999180.1302146129,999614.1789245236,999903.5447311308,1000000.0,1000000.0,1000000.0,1000000.0,1000000.0,1000000.0,1000000.0,1000000.0,1000000.0,1000000.0,1000000.0,1000000.0,1000000.0,1000000.0,1000000.0,1000000.0,1000000.0,1000000.0,1000000.0,1000000.0,1000000.0,1000000.0,1000000.0,1000000.0,1000000.0,1000000.0,1000000.0,1000000.0,1000000.0,1000000.0,1000000.0,1000000.0,1000000.0,1000000.0,1000000.0,1000000.0,1000000.0,1000000.0,1000000.0,1000000.0,1000000.0,1000000.0,1000000.0,1000000.0,1000000.0,1000000.0,1000000.0,1000000.0,1000000.0,1000000.0,1000000.0,1000000.0,1000000.0,1000000.0,1000000.0,1000000.0,0.0,0.0,0.0,0.0,0.0,0.0,0.0,0.0,0.0,0.0,0.0,0.0,0.0,0.0,0.0,0.0,0.0,96.4552688690621,144.68290330359284,192.91053773812425,289.36580660718624,482.27634434531,868.0974198215577,1350.373764166866,2893.6580660718573,5353.267422232942,11574.632264287418,19773.330118157683,40318.302387267875,69640.70412346277,129732.33662888838,179744.39353749694,364022.1847118399,499397.15456956835,674656.3781046539,782734.5068724379,879479.1415481071,922932.2401736195,944731.1309380274,950759.5852423438,955871.714492404,958765.3725584759,961851.9411622859,964408.0057873161,967687.4849288642,970147.0942850253,973715.9392331806,975837.9551482999,978924.52375211,981432.3607427055,984277.7911743429,986062.2136484205,988328.9124668434,990595.6112852665,992621.1719315166,993875.0904268145,995563.0576320231,996672.2932240173,997877.9840848806,998649.626235833,999276.585483482,999469.4960212201,999758.8618278273,1000000.0,0.0,0.0,0.0,0.0,0.0,0.0,0.0,0.0,0.0,0.0,0.0,0.0,0.0,0.0,0.0,0.0,0.0,0.0,0.0,0.0,0.0,0.0,0.0,0.0,0.0,0.0,0.0,0.0,0.0,0.0,0.0,0.0,0.0,0.0,0.0,0.0,0.0,0.0,0.0,0.0,0.0,0.0,48.22763443453082,96.4552688690621,530.5039787798403,868.0974198215577,1929.1053773812387,3424.1620448516924,8391.608391608395,15336.387750180844,34627.44152399321,56474.5599228358,120376.17554858931,217120.81022425843,418712.322160598,590161.5625753556,793151.6759102966,871328.6713286712,899734.7480106099,904702.1943573668,909814.323607427,913720.761996624,919025.8017844222,1000000.0,48.22763443453082,48.22763443453082,48.22763443453082,48.22763443453082,48.22763443453082,48.22763443453082,48.22763443453082,48.22763443453082,48.22763443453082,48.22763443453082,48.22763443453082,48.22763443453082,48.22763443453082,48.22763443453082,48.22763443453082,48.22763443453082,48.22763443453082,48.22763443453082,48.22763443453082,48.22763443453082,48.22763443453082,48.22763443453082,48.22763443453082,48.22763443453082,48.22763443453082,48.22763443453082,48.22763443453082,48.22763443453082,48.22763443453082,48.22763443453082,48.22763443453082,48.22763443453082,48.22763443453082,48.22763443453082,48.22763443453082,48.22763443453082,48.22763443453082,48.22763443453082,48.22763443453082,48.22763443453082,48.22763443453082,48.22763443453082,48.22763443453082,48.22763443453082,48.22763443453082,48.22763443453082,48.22763443453082,48.22763443453082,48.22763443453082,48.22763443453082,48.22763443453082,48.22763443453082,48.22763443453082,48.22763443453082,48.22763443453082,48.22763443453082,48.22763443453082,48.22763443453082,48.22763443453082,48.22763443453082,48.22763443453082,96.4552688690621,144.68290330359284,1000000.0
FLINT,MAGNUM03,F,na,na,na,na,2025_03_11-15_02_56,na,3,6,Yes,1,na,0.0,5449.722691102118,18278.273450687324,12.0,46.0,62.0,,,,0.0,6993.0069930069885,18712.3221605981,12.0,46.0,62.0,32.0,21.0,10.0,30.0,16.0,8.0,25.0,12.0,5.0,21.0,3.0,0.0,18.0,-7.0,0.0,13.0,-14.0,-1.0,16.0,-12.0,0.0,0.0,32.0,32.0,53.0,53.0,63.0,0.0,30.0,35.0,51.0,55.0,63.0,2.0,27.0,37.0,49.0,58.0,63.0,4.0,25.0,44.0,47.0,63.0,63.0,5.0,23.0,53.0,46.0,63.0,63.0,7.0,20.0,58.0,44.0,63.0,62.0,6.0,22.0,57.0,45.0,63.0,63.0,8.0,0.0,63.0,16.0,63.0,40.0,63.0,60.0,0.5521314217459385,2.7945759440011866,2.2928481724011336,0.03401399085744363,30.0,160.0,958090.1856763925,972462.0207378828,984036.6530021701,991126.1152640462,996720.5208584518,998746.0815047021,999855.3170966964,1000000.0,1000000.0,1000000.0,1000000.0,1000000.0,1000000.0,1000000.0,1000000.0,1000000.0,1000000.0,1000000.0,1000000.0,1000000.0,1000000.0,1000000.0,1000000.0,1000000.0,1000000.0,1000000.0,1000000.0,1000000.0,1000000.0,1000000.0,1000000.0,1000000.0,1000000.0,1000000.0,1000000.0,1000000.0,1000000.0,1000000.0,1000000.0,1000000.0,1000000.0,1000000.0,1000000.0,1000000.0,1000000.0,1000000.0,1000000.0,1000000.0,1000000.0,1000000.0,1000000.0,1000000.0,1000000.0,1000000.0,1000000.0,1000000.0,1000000.0,1000000.0,1000000.0,1000000.0,1000000.0,1000000.0,1000000.0,1000000.0,0.0,0.0,0.0,0.0,0.0,0.0,0.0,0.0,0.0,0.0,0.0,0.0,0.0,0.0,0.0,0.0,48.22763443453082,96.4552688690621,96.4552688690621,96.4552688690621,241.13817217265407,434.04870991077877,1012.7803231251486,2025.5606462503029,4099.348926935128,7861.104412828547,17169.037858693027,32216.05980226669,64142.75379792618,112852.66457680255,196575.83795514828,250253.19508078127,525054.2560887388,684928.8642392091,836990.5956112852,915215.8186640945,964504.4610561852,981384.133108271,988039.5466602363,989872.1967687485,991174.3428984808,991945.9850494333,992765.8548348203,993199.9035447311,994019.7733301182,994550.2773088979,995563.0576320231,995997.1063419338,996431.1550518447,996865.2037617555,997733.301181577,997974.4393537496,998504.9433325295,998794.3091391367,999180.1302146129,999180.1302146129,999469.4960212201,999855.3170966964,1000000.0,1000000.0,1000000.0,1000000.0,1000000.0,1000000.0,0.0,0.0,0.0,0.0,0.0,0.0,0.0,0.0,0.0,0.0,0.0,0.0,0.0,0.0,0.0,0.0,0.0,0.0,0.0,0.0,0.0,0.0,0.0,0.0,0.0,0.0,0.0,0.0,0.0,0.0,0.0,0.0,0.0,0.0,0.0,0.0,0.0,0.0,0.0,0.0,48.22763443453082,48.22763443453082,48.22763443453082,192.91053773812425,482.27634434531,1061.0079575596806,3809.9831203279427,7957.559681697602,19001.68796720521,41668.67615143483,97082.22811671092,179744.39353749694,356353.99083674944,572703.1589100554,814227.1521581867,916325.0542560886,966867.6151434772,976513.1420303833,978683.3855799373,979551.4829997588,980467.8080540149,981721.7265493127,983650.8319266939,1000000.0,0.0,0.0,0.0,0.0,0.0,0.0,0.0,0.0,0.0,0.0,0.0,0.0,0.0,0.0,0.0,0.0,0.0,0.0,0.0,0.0,0.0,0.0,0.0,0.0,0.0,0.0,0.0,0.0,0.0,0.0,0.0,0.0,0.0,0.0,0.0,0.0,0.0,0.0,0.0,0.0,0.0,0.0,0.0,0.0,0.0,0.0,0.0,0.0,0.0,0.0,0.0,0.0,0.0,0.0,0.0,0.0,0.0,0.0,0.0,0.0,48.22763443453082,144.68290330359284,482.27634434531,1000000.0
FLINT,MAGNUM03,F,na,na,na,na,2025_03_11-15_02_56,na,3,7,Yes,1,na,0.0,2218.471183988431,0.0,10.0,44.0,0.0,,,,0.0,2604.292259464775,0.0,10.0,44.0,0.0,32.0,21.0,10.0,30.0,16.0,9.0,26.0,11.0,6.0,21.0,7.0,0.0,17.0,-4.0,0.0,12.0,-15.0,0.0,13.0,-10.0,0.0,0.0,32.0,32.0,53.0,53.0,63.0,0.0,30.0,34.0,50.0,54.0,63.0,0.0,26.0,37.0,48.0,57.0,63.0,3.0,24.0,39.0,46.0,63.0,63.0,4.0,21.0,48.0,44.0,63.0,63.0,6.0,18.0,58.0,43.0,63.0,63.0,6.0,19.0,54.0,44.0,63.0,63.0,7.0,0.0,63.0,13.0,63.0,38.0,63.0,0.0,0.38104307461983694,2.7977755094023378,2.5031004676204565,0.4379287755901053,30.0,160.0,977574.149987943,985001.2056908607,992910.5377381239,996431.1550518447,998842.5367735712,999469.4960212201,999903.5447311308,1000000.0,1000000.0,1000000.0,1000000.0,1000000.0,1000000.0,1000000.0,1000000.0,1000000.0,1000000.0,1000000.0,1000000.0,1000000.0,1000000.0,1000000.0,1000000.0,1000000.0,1000000.0,1000000.0,1000000.0,1000000.0,1000000.0,1000000.0,1000000.0,1000000.0,1000000.0,1000000.0,1000000.0,1000000.0,1000000.0,1000000.0,1000000.0,1000000.0,1000000.0,1000000.0,1000000.0,1000000.0,1000000.0,1000000.0,1000000.0,1000000.0,1000000.0,1000000.0,1000000.0,1000000.0,1000000.0,1000000.0,1000000.0,1000000.0,1000000.0,1000000.0,1000000.0,1000000.0,1000000.0,1000000.0,1000000.0,1000000.0,0.0,0.0,0.0,0.0,0.0,0.0,0.0,0.0,0.0,0.0,0.0,0.0,0.0,48.22763443453082,96.4552688690621,96.4552688690621,96.4552688690621,96.4552688690621,385.82107547624787,675.1868820834334,1109.2355919942117,1687.967205208584,2893.6580660718573,4678.080540149494,8680.97419821557,16445.623342175077,32698.336146611982,52375.21099590065,96889.31757897274,158041.958041958,258837.71401012785,300361.70725825895,573571.2563298771,717048.4687726067,850783.6990595611,920713.768989631,965517.2413793103,984952.9780564263,993633.9522546419,996141.7892452375,997299.2524716662,997540.3906438388,997685.0735471424,997781.5288160116,998070.8946226187,998263.8051603568,998456.7156980949,998601.3986013986,998794.3091391367,998938.9920424403,999035.4473113093,999131.9025801783,999276.585483482,999517.7236556546,999565.9512900892,999758.8618278273,999807.0894622619,999855.3170966964,999903.5447311308,999903.5447311308,999903.5447311308,999951.7723655654,1000000.0,1000000.0,0.0,0.0,0.0,0.0,0.0,0.0,0.0,0.0,0.0,0.0,0.0,0.0,0.0,0.0,0.0,0.0,0.0,0.0,0.0,0.0,0.0,0.0,0.0,0.0,0.0,0.0,0.0,0.0,0.0,0.0,0.0,0.0,0.0,0.0,0.0,0.0,0.0,0.0,48.22763443453082,48.22763443453082,96.4552688690621,96.4552688690621,192.91053773812425,482.27634434531,1495.056667470457,3568.844948155295,10561.851941162287,20255.606462503023,48034.72389679288,91391.36725343627,185194.11622859898,290716.1803713527,481697.6127320954,663949.843260188,847890.0409934893,924282.6139377863,969134.3139619001,979551.4829997588,983457.9213889558,984518.9293465156,985483.482035206,986303.3518205931,987219.6768748492,1000000.0,48.22763443453082,48.22763443453082,48.22763443453082,48.22763443453082,48.22763443453082,48.22763443453082,48.22763443453082,48.22763443453082,48.22763443453082,48.22763443453082,48.22763443453082,48.22763443453082,48.22763443453082,48.22763443453082,48.22763443453082,48.22763443453082,48.22763443453082,48.22763443453082,48.22763443453082,48.22763443453082,48.22763443453082,48.22763443453082,48.22763443453082,48.22763443453082,48.22763443453082,48.22763443453082,48.22763443453082,48.22763443453082,48.22763443453082,48.22763443453082,48.22763443453082,48.22763443453082,48.22763443453082,48.22763443453082,48.22763443453082,48.22763443453082,48.22763443453082,48.22763443453082,48.22763443453082,48.22763443453082,48.22763443453082,48.22763443453082,48.22763443453082,48.22763443453082,48.22763443453082,48.22763443453082,48.22763443453082,48.22763443453082,48.22763443453082,48.22763443453082,48.22763443453082,48.22763443453082,48.22763443453082,48.22763443453082,48.22763443453082,48.22763443453082,48.22763443453082,48.22763443453082,48.22763443453082,48.22763443453082,48.22763443453082,144.68290330359284,144.68290330359284,1000000.0
FLINT,MAGNUM03,F,na,na,na,na,2025_03_11-15_02_56,na,3,8,Yes,1,na,0.0,1398.601398601398,10561.851941162333,10.5,42.0,62.0,,,,0.0,2122.0159151193766,10561.851941162333,10.5,42.0,62.0,32.0,20.0,11.0,29.0,16.0,8.0,25.0,9.0,6.0,20.0,6.0,0.0,15.0,1.0,0.0,9.0,-10.0,0.0,13.0,-1.0,0.0,0.0,32.0,32.0,52.0,52.0,63.0,0.0,29.0,34.0,50.0,55.0,63.0,0.0,25.0,37.0,46.0,57.0,63.0,2.0,22.0,39.0,45.0,63.0,63.0,4.0,19.0,41.0,42.0,63.0,63.0,6.0,15.0,48.0,38.0,63.0,63.0,5.0,18.0,42.0,41.0,63.0,63.0,8.0,0.0,63.0,13.0,63.0,32.0,63.0,63.0,0.2810695064960664,2.9845666322497597,2.820857153762384,0.0,30.0,160.0,987701.9532191945,992283.578490475,996624.0655895828,998070.8946226187,999373.040752351,999710.6341933928,999903.5447311308,999951.7723655654,1000000.0,1000000.0,1000000.0,1000000.0,1000000.0,1000000.0,1000000.0,1000000.0,1000000.0,1000000.0,1000000.0,1000000.0,1000000.0,1000000.0,1000000.0,1000000.0,1000000.0,1000000.0,1000000.0,1000000.0,1000000.0,1000000.0,1000000.0,1000000.0,1000000.0,1000000.0,1000000.0,1000000.0,1000000.0,1000000.0,1000000.0,1000000.0,1000000.0,1000000.0,1000000.0,1000000.0,1000000.0,1000000.0,1000000.0,1000000.0,1000000.0,1000000.0,1000000.0,1000000.0,1000000.0,1000000.0,1000000.0,1000000.0,1000000.0,1000000.0,1000000.0,1000000.0,1000000.0,1000000.0,1000000.0,1000000.0,0.0,0.0,0.0,0.0,0.0,0.0,0.0,0.0,0.0,0.0,0.0,0.0,0.0,96.4552688690621,144.68290330359284,241.13817217265407,385.82107547624787,434.04870991077877,771.6421509524955,1446.829033035929,2556.0646250301406,4292.259464673261,6944.779358572451,10368.941403424169,17361.948396431144,27586.206896551706,49047.50421991797,74463.46756691586,125922.35350856045,193489.26935133827,296889.3175789727,360115.7463226429,591222.5705329154,720617.313720762,849336.8700265251,913093.8027489751,959681.6976127321,980853.6291294912,993151.6759102965,996865.2037617555,998553.1709669641,999131.9025801783,999662.4065589582,999662.4065589582,999807.0894622619,999855.3170966964,999855.3170966964,999855.3170966964,999903.5447311308,999903.5447311308,999903.5447311308,999951.7723655654,999951.7723655654,999951.7723655654,1000000.0,1000000.0,1000000.0,1000000.0,1000000.0,1000000.0,1000000.0,1000000.0,1000000.0,1000000.0,0.0,0.0,0.0,0.0,0.0,0.0,0.0,0.0,0.0,0.0,0.0,0.0,0.0,0.0,0.0,0.0,0.0,0.0,0.0,0.0,0.0,0.0,0.0,0.0,0.0,0.0,0.0,0.0,0.0,0.0,0.0,0.0,48.22763443453082,48.22763443453082,48.22763443453082,48.22763443453082,48.22763443453082,48.22763443453082,241.13817217265407,289.36580660718624,385.82107547624787,723.414516517964,1446.829033035929,2748.975162768264,6076.6819387508895,11815.770436460101,26091.150229081253,43501.326259946945,80202.55606462507,143236.074270557,252712.8044369424,357318.54352544004,527031.5891005546,671087.5331564986,826911.0200144682,903834.0969375451,958186.6409452616,977525.9223535085,985821.0754762478,987943.0913913671,988859.4164456233,989438.1480588376,990113.3349409212,1000000.0,0.0,0.0,0.0,0.0,0.0,0.0,0.0,0.0,0.0,0.0,0.0,0.0,0.0,0.0,0.0,0.0,0.0,0.0,0.0,0.0,0.0,0.0,0.0,0.0,0.0,0.0,0.0,0.0,0.0,0.0,0.0,0.0,0.0,0.0,0.0,0.0,0.0,0.0,0.0,0.0,0.0,0.0,0.0,0.0,0.0,0.0,0.0,0.0,0.0,0.0,0.0,0.0,0.0,0.0,0.0,0.0,0.0,0.0,0.0,0.0,0.0,0.0,0.0,1000000.0
FLINT,MAGNUM03,F,na,na,na,na,2025_03_11-15_02_56,na,3,9,Yes,1,na,0.0,96.4552688690621,1398.6013986014846,12.0,44.0,61.0,,,,0.0,96.4552688690621,1687.9672052086808,12.0,44.0,61.0,32.0,22.0,9.0,30.0,18.0,8.0,26.0,13.0,7.0,23.0,11.0,6.0,18.0,7.0,1.0,16.0,-8.0,-2.0,17.0,0.0,-2.0,0.0,32.0,32.0,54.0,54.0,63.0,0.0,30.0,34.0,52.0,55.0,63.0,1.0,27.0,36.0,49.0,56.0,63.0,2.0,25.0,37.0,48.0,57.0,63.0,4.0,22.0,39.0,46.0,61.0,62.0,5.0,21.0,53.0,45.0,63.0,61.0,4.0,21.0,46.0,46.0,63.0,61.0,8.0,0.0,63.0,16.0,63.0,41.0,63.0,57.0,0.31279974250085585,2.4358644044255993,1.7149909374046448,0.08410171673716756,30.0,160.0,975982.6380516036,987605.4979503255,995948.8787074994,998408.4880636605,999614.1789245236,999951.7723655654,1000000.0,1000000.0,1000000.0,1000000.0,1000000.0,1000000.0,1000000.0,1000000.0,1000000.0,1000000.0,1000000.0,1000000.0,1000000.0,1000000.0,1000000.0,1000000.0,1000000.0,1000000.0,1000000.0,1000000.0,1000000.0,1000000.0,1000000.0,1000000.0,1000000.0,1000000.0,1000000.0,1000000.0,1000000.0,1000000.0,1000000.0,1000000.0,1000000.0,1000000.0,1000000.0,1000000.0,1000000.0,1000000.0,1000000.0,1000000.0,1000000.0,1000000.0,1000000.0,1000000.0,1000000.0,1000000.0,1000000.0,1000000.0,1000000.0,1000000.0,1000000.0,1000000.0,1000000.0,1000000.0,1000000.0,1000000.0,1000000.0,1000000.0,0.0,0.0,0.0,0.0,0.0,0.0,0.0,0.0,0.0,0.0,0.0,0.0,0.0,0.0,0.0,0.0,48.22763443453082,48.22763443453082,48.22763443453082,48.22763443453082,192.91053773812425,578.7316132143711,1736.1948396431121,2604.2922594646707,5256.812153363875,10079.575596816969,21798.89076440802,37569.32722449966,80250.78369905958,145358.09018567635,259223.53508560403,312707.98167349887,581384.1331082709,732867.1328671328,882565.7101519168,942994.9360983843,983120.3279479141,994068.0009645526,998360.2604292259,998842.5367735712,999131.9025801783,999228.3578490474,999276.585483482,999324.8131179166,999324.8131179166,999469.4960212201,999614.1789245236,999614.1789245236,999758.8618278273,999758.8618278273,999758.8618278273,999807.0894622619,999855.3170966964,999903.5447311308,999951.7723655654,1000000.0,1000000.0,1000000.0,1000000.0,1000000.0,1000000.0,1000000.0,1000000.0,1000000.0,0.0,0.0,0.0,0.0,0.0,0.0,0.0,0.0,0.0,0.0,0.0,0.0,0.0,0.0,0.0,0.0,0.0,0.0,0.0,0.0,0.0,0.0,0.0,0.0,0.0,0.0,0.0,0.0,0.0,0.0,0.0,0.0,0.0,0.0,0.0,0.0,0.0,0.0,0.0,0.0,0.0,48.22763443453082,48.22763443453082,96.4552688690621,144.68290330359284,289.36580660718624,1446.829033035929,3424.1620448516924,9886.665059078852,23824.451410658283,65300.21702435491,122546.41909814317,289028.21316614415,496262.35833132383,801157.4632264287,922449.9638292743,986544.4899927658,996720.5208584518,998167.3498914879,998456.7156980949,998601.3986013986,998746.0815047021,998987.2196768748,1000000.0,0.0,0.0,0.0,0.0,0.0,0.0,0.0,0.0,0.0,0.0,0.0,0.0,0.0,0.0,0.0,0.0,0.0,0.0,0.0,0.0,0.0,0.0,0.0,0.0,0.0,0.0,0.0,0.0,0.0,0.0,0.0,0.0,0.0,0.0,0.0,0.0,0.0,0.0,0.0,0.0,0.0,0.0,0.0,0.0,0.0,0.0,0.0,0.0,0.0,0.0,0.0,0.0,0.0,0.0,0.0,0.0,0.0,48.22763443453082,48.22763443453082,48.22763443453082,192.91053773812425,578.7316132143711,3086.56860380998,1000000.0
FLINT,MAGNUM03,F,na,na,na,na,2025_03_11-15_02_56,na,3,10,Yes,1,na,0.0,8054.014950566682,0.0,14.0,47.0,0.0,,,,0.0,12298.046780805478,0.0,14.0,47.0,0.0,33.0,20.0,10.0,31.0,17.0,8.0,28.0,11.0,7.0,24.0,-1.0,0.0,21.0,-9.0,-1.0,17.0,-16.0,-2.0,18.0,-12.0,-1.0,0.0,33.0,33.0,53.0,53.0,63.0,0.0,31.0,35.0,52.0,55.0,63.0,0.0,28.0,38.0,49.0,56.0,63.0,2.0,26.0,48.0,47.0,63.0,63.0,4.0,25.0,54.0,45.0,63.0,62.0,6.0,23.0,60.0,44.0,63.0,61.0,6.0,24.0,57.0,45.0,63.0,62.0,8.0,0.0,63.0,20.0,63.0,36.0,63.0,0.0,0.34792003448067815,2.852951016170425,1.9850422132152155,0.4412017047483246,30.0,160.0,983457.9213889558,989100.5546177959,994453.8220400289,996720.5208584518,998746.0815047021,999373.040752351,999951.7723655654,999951.7723655654,1000000.0,1000000.0,1000000.0,1000000.0,1000000.0,1000000.0,1000000.0,1000000.0,1000000.0,1000000.0,1000000.0,1000000.0,1000000.0,1000000.0,1000000.0,1000000.0,1000000.0,1000000.0,1000000.0,1000000.0,1000000.0,1000000.0,1000000.0,1000000.0,1000000.0,1000000.0,1000000.0,1000000.0,1000000.0,1000000.0,1000000.0,1000000.0,1000000.0,1000000.0,1000000.0,1000000.0,1000000.0,1000000.0,1000000.0,1000000.0,1000000.0,1000000.0,1000000.0,1000000.0,1000000.0,1000000.0,1000000.0,1000000.0,1000000.0,1000000.0,1000000.0,1000000.0,1000000.0,1000000.0,1000000.0,1000000.0,0.0,0.0,0.0,0.0,0.0,0.0,0.0,0.0,0.0,0.0,0.0,0.0,0.0,0.0,0.0,0.0,0.0,0.0,0.0,0.0,48.22763443453082,96.4552688690621,144.68290330359284,482.27634434531,1205.690860863273,2556.0646250301406,7619.966240655894,15963.346997829749,37087.05088015431,68869.06197251029,141692.7899686521,208246.9254883048,461104.41282855073,634000.4822763443,818133.5905473836,903930.5522064142,960501.5673981191,974246.4432119604,981287.677839402,982927.417410176,984374.2464432119,985290.571497468,987123.2216059802,987750.1808536291,989245.2375210995,990113.3349409212,991945.9850494333,992765.8548348203,993971.5456956836,994839.6431155051,996093.561610803,996816.9761273209,997781.5288160116,998553.1709669641,999035.4473113093,999228.3578490474,999469.4960212201,999565.9512900892,999710.6341933928,999855.3170966964,999903.5447311308,1000000.0,1000000.0,1000000.0,0.0,0.0,0.0,0.0,0.0,0.0,0.0,0.0,0.0,0.0,0.0,0.0,0.0,0.0,0.0,0.0,0.0,0.0,0.0,0.0,0.0,0.0,0.0,0.0,0.0,0.0,0.0,0.0,0.0,0.0,0.0,0.0,0.0,0.0,0.0,0.0,48.22763443453082,48.22763443453082,48.22763443453082,48.22763443453082,48.22763443453082,48.22763443453082,96.4552688690621,144.68290330359284,385.82107547624787,1591.5119363395213,4436.942367976849,7330.600434048703,16493.850976609592,32360.742705570286,73691.82541596335,138509.766095973,303689.4140342415,519893.899204244,804099.3489269352,923125.1507113576,980901.8567639258,987653.7255847601,989148.7822522304,989727.5138654449,990836.7494574391,991994.2126838678,993103.448275862,1000000.0,48.22763443453082,48.22763443453082,48.22763443453082,48.22763443453082,48.22763443453082,48.22763443453082,48.22763443453082,48.22763443453082,48.22763443453082,48.22763443453082,48.22763443453082,48.22763443453082,48.22763443453082,48.22763443453082,48.22763443453082,48.22763443453082,48.22763443453082,48.22763443453082,48.22763443453082,48.22763443453082,48.22763443453082,48.22763443453082,48.22763443453082,48.22763443453082,48.22763443453082,48.22763443453082,48.22763443453082,48.22763443453082,48.22763443453082,48.22763443453082,48.22763443453082,48.22763443453082,48.22763443453082,48.22763443453082,48.22763443453082,48.22763443453082,48.22763443453082,48.22763443453082,48.22763443453082,48.22763443453082,48.22763443453082,48.22763443453082,48.22763443453082,48.22763443453082,48.22763443453082,48.22763443453082,48.22763443453082,48.22763443453082,48.22763443453082,48.22763443453082,48.22763443453082,48.22763443453082,48.22763443453082,48.22763443453082,48.22763443453082,48.22763443453082,48.22763443453082,48.22763443453082,48.22763443453082,48.22763443453082,192.91053773812425,337.59344104171646,1736.1948396431121,1000000.0
FLINT,MAGNUM03,F,na,na,na,na,2025_03_11-15_02_56,na,3,11,Yes,1,na,0.0,913865.4448999277,932240.173619484,12.0,62.0,62.0,,,,0.0,993392.8140824692,932240.173619484,12.0,62.0,62.0,63.0,0.0,0.0,63.0,0.0,0.0,54.0,-7.0,0.0,43.0,-13.0,0.0,32.0,-17.0,0.0,27.0,-21.0,0.0,29.0,-19.0,0.0,0.0,63.0,63.0,63.0,63.0,63.0,0.0,63.0,63.0,63.0,63.0,63.0,0.0,54.0,63.0,56.0,63.0,63.0,0.0,43.0,63.0,50.0,63.0,63.0,0.0,32.0,63.0,46.0,63.0,63.0,0.0,27.0,63.0,42.0,63.0,63.0,0.0,29.0,63.0,44.0,63.0,63.0,0.0,0.0,63.0,24.0,63.0,36.0,63.0,63.0,0.0,2.959483668189959,1.9631233069871081,0.0,30.0,160.0,1000000.0,1000000.0,1000000.0,1000000.0,1000000.0,1000000.0,1000000.0,1000000.0,1000000.0,1000000.0,1000000.0,1000000.0,1000000.0,1000000.0,1000000.0,1000000.0,1000000.0,1000000.0,1000000.0,1000000.0,1000000.0,1000000.0,1000000.0,1000000.0,1000000.0,1000000.0,1000000.0,1000000.0,1000000.0,1000000.0,1000000.0,1000000.0,1000000.0,1000000.0,1000000.0,1000000.0,1000000.0,1000000.0,1000000.0,1000000.0,1000000.0,1000000.0,1000000.0,1000000.0,1000000.0,1000000.0,1000000.0,1000000.0,1000000.0,1000000.0,1000000.0,1000000.0,1000000.0,1000000.0,1000000.0,1000000.0,1000000.0,1000000.0,1000000.0,1000000.0,1000000.0,1000000.0,1000000.0,1000000.0,0.0,0.0,0.0,0.0,0.0,0.0,0.0,0.0,0.0,0.0,0.0,0.0,0.0,0.0,0.0,0.0,0.0,0.0,0.0,0.0,0.0,0.0,0.0,0.0,48.22763443453082,48.22763443453082,96.4552688690621,241.13817217265407,385.82107547624787,578.7316132143711,868.0974198215577,916.3250542560885,1543.2843019049903,1977.3330118157653,2411.3817217265464,2748.975162768264,3375.934410417169,3665.3002170243526,4099.348926935128,4340.487099107789,4678.080540149494,5015.673981191222,5642.633228840121,6414.2753797926125,7089.462261876058,7812.876778394019,8873.884735953696,9693.754521340716,11381.721726549311,12828.550759585236,14998.794309139143,16204.485170002381,19483.964311550495,22666.98818422955,26862.792380033734,29659.99517723655,36267.1810947673,42440.318302387284,52278.755727031574,59850.49433325294,72389.67928623101,86134.55510007234,105570.29177718823,1000000.0,0.0,0.0,0.0,0.0,0.0,0.0,0.0,0.0,0.0,0.0,0.0,0.0,0.0,0.0,0.0,0.0,0.0,0.0,0.0,0.0,0.0,0.0,0.0,0.0,0.0,0.0,0.0,0.0,0.0,0.0,0.0,0.0,0.0,0.0,0.0,0.0,48.22763443453082,48.22763443453082,96.4552688690621,96.4552688690621,96.4552688690621,192.91053773812425,289.36580660718624,482.27634434531,819.8697853870253,1157.4632264287443,1591.5119363395213,2314.926452857486,3761.755485893413,5015.673981191222,6800.096455268857,8584.518929346517,11478.176995418351,14709.428502531931,19098.143236074284,21895.346033277066,28406.07668193874,33952.254641909814,41765.13142030383,47359.53701470944,57969.61659030622,67759.82638051605,82276.34434530995,1000000.0,0.0,0.0,0.0,0.0,0.0,0.0,0.0,0.0,0.0,0.0,0.0,0.0,0.0,0.0,0.0,0.0,0.0,0.0,0.0,0.0,0.0,0.0,0.0,0.0,0.0,0.0,0.0,0.0,0.0,0.0,0.0,0.0,0.0,0.0,0.0,0.0,0.0,0.0,0.0,0.0,0.0,0.0,0.0,0.0,0.0,0.0,0.0,0.0,0.0,0.0,0.0,0.0,0.0,0.0,0.0,0.0,0.0,0.0,0.0,0.0,0.0,0.0,0.0,1000000.0
FLINT,MAGNUM03,F,na,na,na,na,2025_03_11-15_02_56,na,3,12,Yes,1,na,0.0,2363.154087292037,5160.356884494888,14.0,45.0,62.0,,,,0.0,2845.430431637347,5594.405594405638,14.0,45.0,62.0,32.0,21.0,10.0,30.0,17.0,8.0,26.0,12.0,7.0,22.0,9.0,4.0,18.0,-2.0,0.0,13.0,-11.0,-1.0,16.0,-6.0,-1.0,0.0,32.0,32.0,53.0,53.0,63.0,0.0,30.0,34.0,51.0,55.0,63.0,1.0,27.0,37.0,49.0,56.0,63.0,3.0,25.0,38.0,47.0,59.0,63.0,5.0,23.0,48.0,46.0,63.0,63.0,7.0,20.0,56.0,45.0,63.0,62.0,5.0,21.0,51.0,45.0,63.0,62.0,12.0,0.0,59.0,16.0,63.0,43.0,63.0,60.0,0.4118028429294854,2.497250581400671,1.9695012324740098,0.03987737328682724,30.0,160.0,976127.3209549071,983843.742464432,991801.3021461297,995514.8299975885,998601.3986013986,999614.1789245236,999855.3170966964,999903.5447311308,999951.7723655654,1000000.0,1000000.0,1000000.0,1000000.0,1000000.0,1000000.0,1000000.0,1000000.0,1000000.0,1000000.0,1000000.0,1000000.0,1000000.0,1000000.0,1000000.0,1000000.0,1000000.0,1000000.0,1000000.0,1000000.0,1000000.0,1000000.0,1000000.0,1000000.0,1000000.0,1000000.0,1000000.0,1000000.0,1000000.0,1000000.0,1000000.0,1000000.0,1000000.0,1000000.0,1000000.0,1000000.0,1000000.0,1000000.0,1000000.0,1000000.0,1000000.0,1000000.0,1000000.0,1000000.0,1000000.0,1000000.0,1000000.0,1000000.0,1000000.0,1000000.0,1000000.0,1000000.0,1000000.0,1000000.0,1000000.0,0.0,0.0,0.0,0.0,0.0,0.0,0.0,0.0,0.0,0.0,0.0,0.0,0.0,0.0,0.0,0.0,48.22763443453082,96.4552688690621,144.68290330359284,192.91053773812425,385.82107547624787,626.959247648901,1205.690860863273,1784.4224740776426,3761.755485893413,7764.649143959485,17795.997106341903,31106.824210272465,64142.75379792618,111791.65661924284,201302.14612973228,275186.8820834338,537400.5305039787,697419.8215577526,853629.1294911985,928912.4668435013,974873.4024596093,989293.4651555341,994550.2773088979,995900.6510730648,996575.8379551483,996768.7484928863,996913.43139619,997251.0248372317,997636.845912708,997926.211719315,998215.5775259222,998312.0327947914,998890.7644080058,999083.6749457439,999276.585483482,999565.9512900892,999614.1789245236,999710.6341933928,999807.0894622619,999855.3170966964,999951.7723655654,999951.7723655654,999951.7723655654,1000000.0,1000000.0,1000000.0,1000000.0,1000000.0,0.0,0.0,0.0,0.0,0.0,0.0,0.0,0.0,0.0,0.0,0.0,0.0,0.0,0.0,0.0,0.0,0.0,0.0,0.0,0.0,0.0,0.0,0.0,0.0,0.0,0.0,0.0,0.0,0.0,0.0,0.0,0.0,0.0,0.0,0.0,0.0,0.0,0.0,0.0,0.0,0.0,0.0,0.0,48.22763443453082,144.68290330359284,723.414516517964,3183.023872679041,7330.600434048703,17603.08656860379,39064.38389197007,96021.22015915121,171159.87460815045,356643.35664335656,563491.68073306,821750.6631299735,925874.1258741259,981818.1818181818,990595.6112852665,993585.7246202073,994068.0009645526,994502.0496744635,994839.6431155051,995418.3747287195,1000000.0,0.0,0.0,0.0,0.0,0.0,0.0,0.0,0.0,0.0,0.0,0.0,0.0,0.0,0.0,0.0,0.0,0.0,0.0,0.0,0.0,0.0,0.0,0.0,0.0,0.0,0.0,0.0,0.0,0.0,0.0,0.0,0.0,0.0,0.0,0.0,0.0,0.0,0.0,0.0,0.0,0.0,0.0,0.0,0.0,0.0,0.0,0.0,0.0,0.0,0.0,0.0,0.0,0.0,0.0,0.0,0.0,0.0,0.0,0.0,0.0,48.22763443453082,144.68290330359284,916.3250542560885,1000000.0
FLINT,MAGNUM03,F,na,na,na,na,2025_03_11-15_02_56,na,3,13,Yes,1,na,0.0,578.7316132144223,2748.975162768285,11.5,45.0,62.0,,,,0.0,771.6421509525879,3231.2515071136468,11.5,45.0,62.0,32.0,21.0,10.0,30.0,17.0,8.0,26.0,13.0,7.0,22.0,10.0,6.0,19.0,6.0,-1.0,15.0,-6.0,-2.0,17.0,0.0,-1.0,0.0,32.0,32.0,53.0,53.0,63.0,0.0,30.0,34.0,51.0,55.0,63.0,1.0,27.0,36.0,49.0,56.0,63.0,3.0,25.0,38.0,48.0,57.0,63.0,4.0,23.0,40.0,46.0,63.0,62.0,6.0,21.0,51.0,45.0,63.0,61.0,5.0,22.0,46.0,46.0,63.0,62.0,6.0,0.0,62.0,17.0,63.0,42.0,63.0,59.0,0.41724253603695205,2.4122062588732365,1.8872811647298124,0.06168194188517865,30.0,160.0,967832.1678321677,979647.9382686279,991126.1152640462,995514.8299975885,999421.2683867855,999758.8618278273,1000000.0,1000000.0,1000000.0,1000000.0,1000000.0,1000000.0,1000000.0,1000000.0,1000000.0,1000000.0,1000000.0,1000000.0,1000000.0,1000000.0,1000000.0,1000000.0,1000000.0,1000000.0,1000000.0,1000000.0,1000000.0,1000000.0,1000000.0,1000000.0,1000000.0,1000000.0,1000000.0,1000000.0,1000000.0,1000000.0,1000000.0,1000000.0,1000000.0,1000000.0,1000000.0,1000000.0,1000000.0,1000000.0,1000000.0,1000000.0,1000000.0,1000000.0,1000000.0,1000000.0,1000000.0,1000000.0,1000000.0,1000000.0,1000000.0,1000000.0,1000000.0,1000000.0,1000000.0,1000000.0,1000000.0,1000000.0,1000000.0,1000000.0,0.0,0.0,0.0,0.0,0.0,0.0,0.0,0.0,0.0,0.0,0.0,0.0,0.0,0.0,0.0,0.0,0.0,48.22763443453082,96.4552688690621,96.4552688690621,192.91053773812425,241.13817217265407,771.6421509524955,2073.7882806848356,4485.170002411382,9404.388714733534,20930.793344586447,35109.71786833856,75572.70315891002,129780.5642633229,236701.22980467806,284060.76681938744,575210.9959006511,723318.0612490957,874367.0122980467,935616.108029901,978828.0684832409,991897.7574149987,997395.7077405354,998070.8946226187,998842.5367735712,999035.4473113093,999276.585483482,999373.040752351,999421.2683867855,999517.7236556546,999662.4065589582,999710.6341933928,999758.8618278273,999807.0894622619,999807.0894622619,999903.5447311308,999951.7723655654,999951.7723655654,1000000.0,1000000.0,1000000.0,1000000.0,1000000.0,1000000.0,1000000.0,1000000.0,1000000.0,1000000.0,0.0,0.0,0.0,0.0,0.0,0.0,0.0,0.0,0.0,0.0,0.0,0.0,0.0,0.0,0.0,0.0,0.0,0.0,0.0,0.0,0.0,0.0,0.0,0.0,0.0,0.0,0.0,0.0,0.0,0.0,0.0,0.0,0.0,0.0,0.0,0.0,0.0,0.0,0.0,0.0,0.0,0.0,48.22763443453082,48.22763443453082,192.91053773812425,434.04870991077877,2604.2922594646707,5353.267422232942,17072.58258982395,38485.65227875571,97468.04919218716,168652.03761755492,358717.14492404147,563443.4530986255,825512.4186158669,928767.7839401977,986206.896551724,994791.4154810706,996382.9274174101,996672.2932240173,997058.1142994935,997251.0248372317,997636.845912708,1000000.0,0.0,0.0,0.0,0.0,0.0,0.0,0.0,0.0,0.0,0.0,0.0,0.0,0.0,0.0,0.0,0.0,0.0,0.0,0.0,0.0,0.0,0.0,0.0,0.0,0.0,0.0,0.0,0.0,0.0,0.0,0.0,0.0,0.0,0.0,0.0,0.0,0.0,0.0,0.0,0.0,0.0,0.0,0.0,0.0,0.0,0.0,0.0,0.0,0.0,0.0,0.0,0.0,0.0,0.0,0.0,0.0,0.0,0.0,0.0,48.22763443453082,144.68290330359284,337.59344104171646,1736.1948396431121,1000000.0
FLINT,MAGNUM03,F,na,na,na,na,2025_03_11-15_02_56,na,3,14,Yes,1,na,0.0,48.22763443453082,0.0,16.5,43.0,0.0,,,,0.0,48.22763443453082,0.0,16.5,43.0,0.0,32.0,21.0,10.0,30.0,17.0,8.0,26.0,11.0,6.0,21.0,9.0,4.0,17.0,5.0,0.0,12.0,-7.0,0.0,15.0,2.0,0.0,0.0,32.0,32.0,53.0,53.0,63.0,0.0,30.0,34.0,51.0,55.0,63.0,0.0,26.0,37.0,48.0,57.0,63.0,3.0,24.0,38.0,47.0,59.0,63.0,5.0,22.0,40.0,45.0,63.0,63.0,8.0,20.0,51.0,44.0,63.0,63.0,6.0,21.0,42.0,44.0,63.0,63.0,15.0,0.0,58.0,18.0,63.0,42.0,63.0,0.0,0.40007794816534215,2.549490632763097,2.1528673276342234,0.43803888309958594,30.0,160.0,985869.3031106823,989293.4651555341,993392.8140824692,995177.2365565469,998263.8051603568,999083.6749457439,999565.9512900892,999807.0894622619,999903.5447311308,999951.7723655654,999951.7723655654,1000000.0,1000000.0,1000000.0,1000000.0,1000000.0,1000000.0,1000000.0,1000000.0,1000000.0,1000000.0,1000000.0,1000000.0,1000000.0,1000000.0,1000000.0,1000000.0,1000000.0,1000000.0,1000000.0,1000000.0,1000000.0,1000000.0,1000000.0,1000000.0,1000000.0,1000000.0,1000000.0,1000000.0,1000000.0,1000000.0,1000000.0,1000000.0,1000000.0,1000000.0,1000000.0,1000000.0,1000000.0,1000000.0,1000000.0,1000000.0,1000000.0,1000000.0,1000000.0,1000000.0,1000000.0,1000000.0,1000000.0,1000000.0,1000000.0,1000000.0,1000000.0,1000000.0,1000000.0,0.0,0.0,0.0,0.0,0.0,0.0,0.0,0.0,0.0,0.0,0.0,0.0,0.0,0.0,0.0,0.0,0.0,0.0,48.22763443453082,96.4552688690621,289.36580660718624,675.1868820834334,1784.4224740776426,3038.3409693754506,7619.966240655894,12587.412587412591,26669.88184229562,42247.40776464917,86713.28671328665,139474.31878466366,250397.87798408486,333060.0434048711,570050.6390161563,707354.714251266,863178.2011092355,923510.9717868338,974873.4024596093,990113.3349409212,997395.7077405354,998312.0327947914,999276.585483482,999517.7236556546,999614.1789245236,999614.1789245236,999662.4065589582,999710.6341933928,999710.6341933928,999710.6341933928,999758.8618278273,999758.8618278273,999855.3170966964,999903.5447311308,999951.7723655654,999951.7723655654,1000000.0,1000000.0,1000000.0,1000000.0,1000000.0,1000000.0,1000000.0,1000000.0,1000000.0,1000000.0,0.0,0.0,0.0,0.0,0.0,0.0,0.0,0.0,0.0,0.0,0.0,0.0,0.0,0.0,0.0,0.0,0.0,0.0,0.0,0.0,0.0,0.0,0.0,0.0,0.0,0.0,0.0,0.0,0.0,0.0,0.0,0.0,0.0,0.0,0.0,0.0,0.0,0.0,0.0,0.0,0.0,0.0,48.22763443453082,96.4552688690621,626.959247648901,1398.601398601398,5305.039787798405,9645.526886906195,26911.02001446829,53773.81239450204,125006.02845430431,195370.14709428503,381625.27128044365,559488.787074994,805931.9990354474,900892.2112370387,974487.5813841331,988425.3677357126,992862.3101036893,993875.0904268145,994694.9602122015,995032.5536532432,995466.602363154,1000000.0,48.22763443453082,48.22763443453082,48.22763443453082,48.22763443453082,48.22763443453082,48.22763443453082,48.22763443453082,48.22763443453082,48.22763443453082,48.22763443453082,48.22763443453082,48.22763443453082,48.22763443453082,48.22763443453082,48.22763443453082,48.22763443453082,48.22763443453082,48.22763443453082,48.22763443453082,48.22763443453082,48.22763443453082,48.22763443453082,48.22763443453082,48.22763443453082,48.22763443453082,48.22763443453082,48.22763443453082,48.22763443453082,48.22763443453082,48.22763443453082,48.22763443453082,48.22763443453082,48.22763443453082,48.22763443453082,48.22763443453082,48.22763443453082,48.22763443453082,48.22763443453082,48.22763443453082,48.22763443453082,48.22763443453082,48.22763443453082,48.22763443453082,48.22763443453082,48.22763443453082,48.22763443453082,48.22763443453082,48.22763443453082,48.22763443453082,48.22763443453082,48.22763443453082,48.22763443453082,48.22763443453082,48.22763443453082,48.22763443453082,48.22763443453082,48.22763443453082,48.22763443453082,48.22763443453082,48.22763443453082,96.4552688690621,96.4552688690621,144.68290330359284,1000000.0
FLINT,MAGNUM03,F,na,na,na,na,2025_03_11-15_02_56,na,3,15,Yes,1,na,0.0,530.5039787798403,0.0,10.0,41.0,0.0,,,,0.0,868.0974198216245,0.0,10.0,41.0,0.0,32.0,20.0,11.0,29.0,16.0,9.0,25.0,10.0,7.0,20.0,7.0,4.0,16.0,4.0,0.0,9.0,-1.0,0.0,12.0,1.0,0.0,0.0,32.0,32.0,52.0,52.0,63.0,0.0,29.0,34.0,50.0,54.0,63.0,0.0,25.0,36.0,46.0,56.0,63.0,2.0,22.0,38.0,45.0,59.0,63.0,4.0,20.0,39.0,43.0,63.0,63.0,6.0,15.0,42.0,41.0,63.0,63.0,5.0,17.0,40.0,41.0,63.0,63.0,8.0,0.0,58.0,12.0,63.0,38.0,63.0,0.0,0.30569362410915224,2.7707141574513057,2.5317272425106587,0.4374894505865458,30.0,160.0,985724.6202073788,991319.0258017844,995804.1958041957,997588.6182782734,999228.3578490474,999614.1789245236,999903.5447311308,999951.7723655654,1000000.0,1000000.0,1000000.0,1000000.0,1000000.0,1000000.0,1000000.0,1000000.0,1000000.0,1000000.0,1000000.0,1000000.0,1000000.0,1000000.0,1000000.0,1000000.0,1000000.0,1000000.0,1000000.0,1000000.0,1000000.0,1000000.0,1000000.0,1000000.0,1000000.0,1000000.0,1000000.0,1000000.0,1000000.0,1000000.0,1000000.0,1000000.0,1000000.0,1000000.0,1000000.0,1000000.0,1000000.0,1000000.0,1000000.0,1000000.0,1000000.0,1000000.0,1000000.0,1000000.0,1000000.0,1000000.0,1000000.0,1000000.0,1000000.0,1000000.0,1000000.0,1000000.0,1000000.0,1000000.0,1000000.0,1000000.0,0.0,0.0,0.0,0.0,0.0,0.0,0.0,0.0,0.0,0.0,0.0,0.0,48.22763443453082,96.4552688690621,144.68290330359284,289.36580660718624,385.82107547624787,578.7316132143711,771.6421509524955,1012.7803231251486,1784.4224740776426,3183.023872679041,6414.2753797926125,9838.437424644324,18712.322160598032,30769.230769230744,56136.96648179405,87629.61176754281,154328.43019049914,238051.6035688449,379551.48299975885,432939.47431878466,701181.5770436459,816879.6720520857,916903.785869303,956402.2184711839,983313.2384856523,993151.6759102965,997877.9840848806,999276.585483482,999662.4065589582,999855.3170966964,1000000.0,1000000.0,1000000.0,1000000.0,1000000.0,1000000.0,1000000.0,1000000.0,1000000.0,1000000.0,1000000.0,1000000.0,1000000.0,1000000.0,1000000.0,1000000.0,1000000.0,1000000.0,1000000.0,1000000.0,1000000.0,1000000.0,0.0,0.0,0.0,0.0,0.0,0.0,0.0,0.0,0.0,0.0,0.0,0.0,0.0,0.0,0.0,0.0,0.0,0.0,0.0,0.0,0.0,0.0,0.0,0.0,0.0,0.0,0.0,0.0,0.0,0.0,0.0,0.0,0.0,0.0,0.0,0.0,0.0,0.0,48.22763443453082,96.4552688690621,96.4552688690621,578.7316132143711,1253.9184952978064,2314.926452857486,4870.991077887631,10224.25850012056,23920.90667952736,40414.75765613695,82951.5312273933,139811.91222570534,253436.21895346025,357800.81986978534,547721.2442729684,709428.5025319508,876489.028213166,939570.7740535326,980274.8975162767,989631.0585965757,993537.4969857727,994212.6838678562,994791.4154810706,995321.9194598505,995611.2852664576,1000000.0,48.22763443453082,48.22763443453082,48.22763443453082,48.22763443453082,48.22763443453082,48.22763443453082,48.22763443453082,48.22763443453082,48.22763443453082,48.22763443453082,48.22763443453082,48.22763443453082,48.22763443453082,48.22763443453082,48.22763443453082,48.22763443453082,48.22763443453082,48.22763443453082,48.22763443453082,48.22763443453082,48.22763443453082,48.22763443453082,48.22763443453082,48.22763443453082,48.22763443453082,48.22763443453082,48.22763443453082,48.22763443453082,48.22763443453082,48.22763443453082,48.22763443453082,48.22763443453082,48.22763443453082,48.22763443453082,48.22763443453082,48.22763443453082,48.22763443453082,48.22763443453082,48.22763443453082,48.22763443453082,48.22763443453082,48.22763443453082,48.22763443453082,48.22763443453082,48.22763443453082,48.22763443453082,48.22763443453082,48.22763443453082,48.22763443453082,48.22763443453082,48.22763443453082,48.22763443453082,48.22763443453082,48.22763443453082,48.22763443453082,48.22763443453082,48.22763443453082,48.22763443453082,48.22763443453082,48.22763443453082,48.22763443453082,48.22763443453082,48.22763443453082,1000000.0
FLINT,MAGNUM03,F,na,na,na,na,2025_03_11-15_02_56,na,3,16,Yes,1,na,0.0,192.91053773817794,771.6421509525992,12.5,41.0,62.0,,,,0.0,241.13817217270875,819.86978538713,12.5,41.0,62.0,32.0,21.0,10.0,29.0,16.0,9.0,25.0,12.0,7.0,22.0,8.0,6.0,17.0,5.0,4.0,12.0,0.0,0.0,15.0,3.0,0.0,0.0,32.0,32.0,53.0,53.0,63.0,0.0,29.0,34.0,50.0,54.0,63.0,0.0,25.0,36.0,48.0,56.0,63.0,1.0,23.0,38.0,46.0,57.0,63.0,3.0,20.0,39.0,44.0,59.0,63.0,6.0,18.0,42.0,42.0,63.0,63.0,4.0,19.0,40.0,43.0,63.0,63.0,9.0,0.0,49.0,16.0,63.0,41.0,63.0,61.0,0.2177786966863359,2.735982721049468,2.125520441598678,0.015527575859944588,30.0,160.0,991994.2126838678,995466.602363154,998263.8051603568,999035.4473113093,999565.9512900892,999855.3170966964,999903.5447311308,1000000.0,1000000.0,1000000.0,1000000.0,1000000.0,1000000.0,1000000.0,1000000.0,1000000.0,1000000.0,1000000.0,1000000.0,1000000.0,1000000.0,1000000.0,1000000.0,1000000.0,1000000.0,1000000.0,1000000.0,1000000.0,1000000.0,1000000.0,1000000.0,1000000.0,1000000.0,1000000.0,1000000.0,1000000.0,1000000.0,1000000.0,1000000.0,1000000.0,1000000.0,1000000.0,1000000.0,1000000.0,1000000.0,1000000.0,1000000.0,1000000.0,1000000.0,1000000.0,1000000.0,1000000.0,1000000.0,1000000.0,1000000.0,1000000.0,1000000.0,1000000.0,1000000.0,1000000.0,1000000.0,1000000.0,1000000.0,1000000.0,0.0,0.0,0.0,0.0,0.0,0.0,0.0,0.0,0.0,0.0,0.0,0.0,0.0,0.0,0.0,0.0,48.22763443453082,144.68290330359284,337.59344104171646,578.7316132143711,1687.967205208584,2652.5198938992025,4919.218712322153,8054.014950566682,15673.98119122258,28213.166144200633,57535.567880395465,85218.23004581625,155678.8039546661,240366.53002170238,383940.1977333012,476151.4347721244,705232.6983361465,812539.1849529779,914251.2659754038,953460.3327706775,984615.3846153845,993392.8140824692,998408.4880636605,999421.2683867855,999807.0894622619,999855.3170966964,999903.5447311308,999903.5447311308,999903.5447311308,999903.5447311308,999951.7723655654,999951.7723655654,1000000.0,1000000.0,1000000.0,1000000.0,1000000.0,1000000.0,1000000.0,1000000.0,1000000.0,1000000.0,1000000.0,1000000.0,1000000.0,1000000.0,1000000.0,1000000.0,0.0,0.0,0.0,0.0,0.0,0.0,0.0,0.0,0.0,0.0,0.0,0.0,0.0,0.0,0.0,0.0,0.0,0.0,0.0,0.0,0.0,0.0,0.0,0.0,0.0,0.0,0.0,0.0,0.0,0.0,0.0,0.0,0.0,0.0,0.0,0.0,0.0,0.0,0.0,0.0,0.0,96.4552688690621,337.59344104171646,578.7316132143711,1832.650108512174,4147.576561369663,10610.079575596808,20352.061731372072,43887.14733542317,82710.39305522066,175693.27224499636,275958.5242343863,482372.7996141789,670122.9804678081,871810.9476730165,945454.5454545454,987557.2703158909,995321.9194598505,998215.5775259222,998746.0815047021,999083.6749457439,999228.3578490474,999324.8131179166,1000000.0,0.0,0.0,0.0,0.0,0.0,0.0,0.0,0.0,0.0,0.0,0.0,0.0,0.0,0.0,0.0,0.0,0.0,0.0,0.0,0.0,0.0,0.0,0.0,0.0,0.0,0.0,0.0,0.0,0.0,0.0,0.0,0.0,0.0,0.0,0.0,0.0,0.0,0.0,0.0,0.0,0.0,0.0,0.0,0.0,0.0,0.0,0.0,0.0,0.0,0.0,0.0,0.0,0.0,0.0,0.0,0.0,0.0,0.0,0.0,0.0,0.0,48.22763443453082,96.4552688690621,1000000.0
FLINT,MAGNUM03,F,na,na,na,na,2025_03_11-15_02_56,na,3,17,Yes,1,na,48.22763443457198,1109.2355919942718,0.0,8.0,43.0,0.0,,,,48.22763443457198,1543.2843019050656,0.0,8.0,43.0,0.0,32.0,21.0,10.0,29.0,16.0,9.0,25.0,12.0,7.0,20.0,8.0,0.0,17.0,3.0,0.0,12.0,-13.0,-1.0,15.0,-8.0,0.0,0.0,32.0,32.0,53.0,53.0,63.0,0.0,29.0,34.0,50.0,54.0,63.0,1.0,26.0,36.0,48.0,56.0,63.0,4.0,24.0,38.0,46.0,63.0,63.0,5.0,22.0,41.0,44.0,63.0,63.0,7.0,19.0,55.0,42.0,63.0,62.0,6.0,21.0,51.0,43.0,63.0,63.0,10.0,0.0,63.0,8.0,63.0,41.0,63.0,0.0,0.490874533990386,2.6715763282980656,2.318759930290493,0.4384760239777558,30.0,160.0,965903.0624547865,977477.694719074,987943.0913913671,993151.6759102965,997685.0735471424,999228.3578490474,999807.0894622619,999951.7723655654,1000000.0,1000000.0,1000000.0,1000000.0,1000000.0,1000000.0,1000000.0,1000000.0,1000000.0,1000000.0,1000000.0,1000000.0,1000000.0,1000000.0,1000000.0,1000000.0,1000000.0,1000000.0,1000000.0,1000000.0,1000000.0,1000000.0,1000000.0,1000000.0,1000000.0,1000000.0,1000000.0,1000000.0,1000000.0,1000000.0,1000000.0,1000000.0,1000000.0,1000000.0,1000000.0,1000000.0,1000000.0,1000000.0,1000000.0,1000000.0,1000000.0,1000000.0,1000000.0,1000000.0,1000000.0,1000000.0,1000000.0,1000000.0,1000000.0,1000000.0,1000000.0,1000000.0,1000000.0,1000000.0,1000000.0,1000000.0,0.0,0.0,0.0,0.0,0.0,0.0,0.0,0.0,48.22763443453082,48.22763443453082,48.22763443453082,48.22763443453082,48.22763443453082,48.22763443453082,48.22763443453082,48.22763443453082,144.68290330359284,144.68290330359284,192.91053773812425,241.13817217265407,434.04870991077877,1109.2355919942117,2604.2922594646707,5112.12925006028,9645.526886906195,17892.452375210985,36556.54690137447,64239.20906679531,112900.89221123706,187943.09139136723,299059.5611285266,346853.14685314684,621991.801302146,766964.0704123464,893465.1555341209,946660.2363154086,980033.7593441041,991367.253436219,996334.6997829756,997588.6182782734,998263.8051603568,998746.0815047021,998890.7644080058,998938.9920424403,999131.9025801783,999373.040752351,999469.4960212201,999469.4960212201,999469.4960212201,999517.7236556546,999517.7236556546,999614.1789245236,999710.6341933928,999807.0894622619,999855.3170966964,999903.5447311308,999903.5447311308,999903.5447311308,999903.5447311308,1000000.0,1000000.0,1000000.0,1000000.0,1000000.0,0.0,0.0,0.0,0.0,0.0,0.0,0.0,0.0,0.0,0.0,0.0,0.0,0.0,0.0,0.0,0.0,0.0,0.0,0.0,0.0,0.0,0.0,0.0,0.0,0.0,0.0,0.0,0.0,0.0,0.0,0.0,0.0,0.0,0.0,0.0,0.0,0.0,0.0,0.0,0.0,0.0,144.68290330359284,337.59344104171646,771.6421509524955,1639.7395707740552,3568.844948155295,9500.843983602605,18037.1352785146,44176.51314203044,91632.5054256089,189775.74149987943,294429.7082228117,487484.9288642392,684687.7260670364,869351.3383168555,943380.7571738606,979262.1171931516,986930.3110682421,989534.6033277067,990402.7007475282,991174.3428984808,992090.6679527368,992669.3995659512,1000000.0,48.22763443453082,48.22763443453082,48.22763443453082,48.22763443453082,48.22763443453082,48.22763443453082,48.22763443453082,48.22763443453082,48.22763443453082,48.22763443453082,48.22763443453082,48.22763443453082,48.22763443453082,48.22763443453082,48.22763443453082,48.22763443453082,48.22763443453082,48.22763443453082,48.22763443453082,48.22763443453082,48.22763443453082,48.22763443453082,48.22763443453082,48.22763443453082,48.22763443453082,48.22763443453082,48.22763443453082,48.22763443453082,48.22763443453082,48.22763443453082,48.22763443453082,48.22763443453082,48.22763443453082,48.22763443453082,48.22763443453082,48.22763443453082,48.22763443453082,48.22763443453082,48.22763443453082,48.22763443453082,48.22763443453082,48.22763443453082,48.22763443453082,48.22763443453082,48.22763443453082,48.22763443453082,48.22763443453082,48.22763443453082,48.22763443453082,48.22763443453082,48.22763443453082,48.22763443453082,48.22763443453082,48.22763443453082,48.22763443453082,48.22763443453082,48.22763443453082,48.22763443453082,48.22763443453082,48.22763443453082,96.4552688690621,96.4552688690621,530.5039787798403,1000000.0
FLINT,MAGNUM03,F,na,na,na,na,2025_03_11-15_02_56,na,3,18,Yes,1,na,0.0,192.91053773817794,0.0,13.0,43.0,0.0,,,,0.0,289.36580660724,0.0,13.0,43.0,0.0,32.0,21.0,10.0,29.0,17.0,9.0,26.0,12.0,7.0,22.0,8.0,6.0,18.0,7.0,4.0,13.0,0.0,-1.0,16.0,4.0,0.0,0.0,32.0,32.0,53.0,53.0,63.0,0.0,29.0,34.0,51.0,54.0,63.0,0.0,26.0,36.0,48.0,56.0,63.0,2.0,24.0,38.0,46.0,57.0,63.0,4.0,22.0,39.0,46.0,59.0,63.0,6.0,19.0,44.0,44.0,63.0,62.0,5.0,21.0,40.0,44.0,63.0,63.0,9.0,0.0,61.0,17.0,63.0,40.0,63.0,0.0,0.27542268783340934,2.5178629327343254,1.9809435850134547,0.4378179179607637,30.0,160.0,987219.6768748492,992138.8955871714,996575.8379551483,998360.2604292259,999517.7236556546,999807.0894622619,999903.5447311308,1000000.0,1000000.0,1000000.0,1000000.0,1000000.0,1000000.0,1000000.0,1000000.0,1000000.0,1000000.0,1000000.0,1000000.0,1000000.0,1000000.0,1000000.0,1000000.0,1000000.0,1000000.0,1000000.0,1000000.0,1000000.0,1000000.0,1000000.0,1000000.0,1000000.0,1000000.0,1000000.0,1000000.0,1000000.0,1000000.0,1000000.0,1000000.0,1000000.0,1000000.0,1000000.0,1000000.0,1000000.0,1000000.0,1000000.0,1000000.0,1000000.0,1000000.0,1000000.0,1000000.0,1000000.0,1000000.0,1000000.0,1000000.0,1000000.0,1000000.0,1000000.0,1000000.0,1000000.0,1000000.0,1000000.0,1000000.0,1000000.0,0.0,0.0,0.0,0.0,0.0,0.0,0.0,0.0,0.0,0.0,0.0,0.0,0.0,0.0,0.0,0.0,0.0,48.22763443453082,192.91053773812425,241.13817217265407,434.04870991077877,868.0974198215577,2073.7882806848356,4051.121292500604,7812.876778394019,14805.883771401013,31878.46636122496,52761.03207137695,104171.69037858692,175162.76826621653,294285.02531950804,370918.73643597774,631299.7347480106,767398.119122257,895201.3503737642,951820.5931999035,983506.1490233904,993682.1798890764,998312.0327947914,999228.3578490474,999565.9512900892,999758.8618278273,999807.0894622619,999855.3170966964,999903.5447311308,999903.5447311308,999903.5447311308,999903.5447311308,999903.5447311308,999903.5447311308,999951.7723655654,999951.7723655654,999951.7723655654,999951.7723655654,999951.7723655654,999951.7723655654,999951.7723655654,999951.7723655654,1000000.0,1000000.0,1000000.0,1000000.0,1000000.0,1000000.0,0.0,0.0,0.0,0.0,0.0,0.0,0.0,0.0,0.0,0.0,0.0,0.0,0.0,0.0,0.0,0.0,0.0,0.0,0.0,0.0,0.0,0.0,0.0,0.0,0.0,0.0,0.0,0.0,0.0,0.0,0.0,0.0,0.0,0.0,0.0,0.0,0.0,0.0,0.0,0.0,48.22763443453082,48.22763443453082,48.22763443453082,144.68290330359284,578.7316132143711,1350.373764166866,6366.047745358085,12876.778394019768,32987.70195321919,66554.13551965276,147914.15481070647,245912.70798167342,445141.065830721,650687.243790692,871473.354231975,950325.536532433,990595.6112852665,996816.9761273209,998649.626235833,998987.2196768748,999131.9025801783,999228.3578490474,999276.585483482,1000000.0,48.22763443453082,48.22763443453082,48.22763443453082,48.22763443453082,48.22763443453082,48.22763443453082,48.22763443453082,48.22763443453082,48.22763443453082,48.22763443453082,48.22763443453082,48.22763443453082,48.22763443453082,48.22763443453082,48.22763443453082,48.22763443453082,48.22763443453082,48.22763443453082,48.22763443453082,48.22763443453082,48.22763443453082,48.22763443453082,48.22763443453082,48.22763443453082,48.22763443453082,48.22763443453082,48.22763443453082,48.22763443453082,48.22763443453082,48.22763443453082,48.22763443453082,48.22763443453082,48.22763443453082,48.22763443453082,48.22763443453082,48.22763443453082,48.22763443453082,48.22763443453082,48.22763443453082,48.22763443453082,48.22763443453082,48.22763443453082,48.22763443453082,48.22763443453082,48.22763443453082,48.22763443453082,48.22763443453082,48.22763443453082,48.22763443453082,48.22763443453082,48.22763443453082,48.22763443453082,48.22763443453082,48.22763443453082,48.22763443453082,48.22763443453082,48.22763443453082,48.22763443453082,48.22763443453082,48.22763443453082,48.22763443453082,48.22763443453082,337.59344104171646,1000000.0
FLINT,MAGNUM03,F,na,na,na,na,2025_03_11-15_02_56,na,3,19,Yes,1,na,0.0,4244.031830238799,51314.20303834093,11.5,43.0,62.0,,,,0.0,5594.405594405596,51314.20303834093,11.5,43.0,62.0,32.0,20.0,11.0,29.0,16.0,8.0,25.0,9.0,0.0,20.0,5.0,0.0,15.0,-10.0,0.0,8.0,-22.0,0.0,11.0,-18.0,0.0,0.0,32.0,32.0,52.0,52.0,63.0,0.0,29.0,34.0,50.0,55.0,63.0,0.0,25.0,37.0,46.0,63.0,63.0,3.0,23.0,40.0,45.0,63.0,63.0,5.0,20.0,53.0,43.0,63.0,63.0,8.0,16.0,63.0,41.0,63.0,63.0,6.0,17.0,60.0,42.0,63.0,63.0,8.0,0.0,63.0,15.0,63.0,37.0,63.0,63.0,0.3996368884587272,3.230039997063553,3.4897286726962395,0.0,30.0,160.0,984422.4740776465,989148.7822522304,993199.9035447311,995514.8299975885,997636.845912708,998890.7644080058,999565.9512900892,999614.1789245236,1000000.0,1000000.0,1000000.0,1000000.0,1000000.0,1000000.0,1000000.0,1000000.0,1000000.0,1000000.0,1000000.0,1000000.0,1000000.0,1000000.0,1000000.0,1000000.0,1000000.0,1000000.0,1000000.0,1000000.0,1000000.0,1000000.0,1000000.0,1000000.0,1000000.0,1000000.0,1000000.0,1000000.0,1000000.0,1000000.0,1000000.0,1000000.0,1000000.0,1000000.0,1000000.0,1000000.0,1000000.0,1000000.0,1000000.0,1000000.0,1000000.0,1000000.0,1000000.0,1000000.0,1000000.0,1000000.0,1000000.0,1000000.0,1000000.0,1000000.0,1000000.0,1000000.0,1000000.0,1000000.0,1000000.0,1000000.0,0.0,0.0,0.0,0.0,0.0,0.0,0.0,0.0,0.0,0.0,0.0,0.0,0.0,0.0,0.0,96.4552688690621,241.13817217265407,578.7316132143711,819.8697853870253,1350.373764166866,2025.5606462503029,3279.479141548107,6173.137207619962,10320.71376898964,17554.858934169293,30045.816252712804,54690.13744875808,81986.97853870268,134989.14878225222,202170.24354955388,305666.74704605737,380708.9462261876,612394.5020496744,739619.0016879671,859561.1285266458,913624.306727755,960839.1608391608,979455.0277308897,988473.595370147,992187.123221606,994309.1391367252,995321.9194598505,995755.9681697612,996141.7892452375,996575.8379551483,996913.43139619,997058.1142994935,997251.0248372317,997540.3906438388,997829.756450446,998070.8946226187,998263.8051603568,998360.2604292259,998746.0815047021,998987.2196768748,999083.6749457439,999180.1302146129,999324.8131179166,999517.7236556546,999517.7236556546,999662.4065589582,999758.8618278273,999807.0894622619,1000000.0,0.0,0.0,0.0,0.0,0.0,0.0,0.0,0.0,0.0,0.0,0.0,0.0,0.0,0.0,0.0,0.0,0.0,0.0,0.0,0.0,0.0,0.0,0.0,0.0,0.0,0.0,0.0,0.0,0.0,0.0,0.0,0.0,0.0,0.0,0.0,0.0,0.0,48.22763443453082,192.91053773812425,192.91053773812425,192.91053773812425,385.82107547624787,964.5526886906189,2073.7882806848356,5160.356884494808,9307.933445864473,25319.508078128747,40897.034000482294,83385.57993730411,146226.1876054981,258596.57583795514,358379.5514829997,526404.6298529058,675862.0689655172,818664.0945261634,879913.1902580177,922257.053291536,933735.2302869543,940004.8227634435,942850.2531950808,946274.4152399324,948685.7969616591,952736.9182541596,1000000.0,0.0,0.0,0.0,0.0,0.0,0.0,0.0,0.0,0.0,0.0,0.0,0.0,0.0,0.0,0.0,0.0,0.0,0.0,0.0,0.0,0.0,0.0,0.0,0.0,0.0,0.0,0.0,0.0,0.0,0.0,0.0,0.0,0.0,0.0,0.0,0.0,0.0,0.0,0.0,0.0,0.0,0.0,0.0,0.0,0.0,0.0,0.0,0.0,0.0,0.0,0.0,0.0,0.0,0.0,0.0,0.0,0.0,0.0,0.0,0.0,0.0,0.0,0.0,1000000.0
FLINT,MAGNUM03,F,na,na,na,na,2025_03_11-15_02_56,na,3,20,Yes,1,na,0.0,144.68290330359284,0.0,12.0,42.0,0.0,,,,0.0,144.68290330359284,0.0,12.0,42.0,0.0,32.0,21.0,10.0,29.0,17.0,9.0,26.0,12.0,7.0,22.0,10.0,6.0,18.0,8.0,5.0,12.0,2.0,0.0,16.0,5.0,4.0,0.0,32.0,32.0,53.0,53.0,63.0,0.0,29.0,34.0,51.0,54.0,63.0,0.0,26.0,36.0,48.0,56.0,63.0,2.0,24.0,37.0,47.0,57.0,63.0,4.0,22.0,38.0,46.0,58.0,63.0,6.0,18.0,41.0,43.0,62.0,62.0,4.0,20.0,39.0,44.0,58.0,62.0,8.0,0.0,52.0,16.0,63.0,39.0,63.0,0.0,0.28016172942105366,2.5768437498652412,1.8951910423277312,0.43852979536706843,30.0,160.0,985772.8478418133,991511.9363395225,996527.6103207137,998360.2604292259,999565.9512900892,999710.6341933928,999951.7723655654,1000000.0,1000000.0,1000000.0,1000000.0,1000000.0,1000000.0,1000000.0,1000000.0,1000000.0,1000000.0,1000000.0,1000000.0,1000000.0,1000000.0,1000000.0,1000000.0,1000000.0,1000000.0,1000000.0,1000000.0,1000000.0,1000000.0,1000000.0,1000000.0,1000000.0,1000000.0,1000000.0,1000000.0,1000000.0,1000000.0,1000000.0,1000000.0,1000000.0,1000000.0,1000000.0,1000000.0,1000000.0,1000000.0,1000000.0,1000000.0,1000000.0,1000000.0,1000000.0,1000000.0,1000000.0,1000000.0,1000000.0,1000000.0,1000000.0,1000000.0,1000000.0,1000000.0,1000000.0,1000000.0,1000000.0,1000000.0,1000000.0,0.0,0.0,0.0,0.0,0.0,0.0,0.0,0.0,0.0,0.0,0.0,0.0,0.0,0.0,0.0,0.0,48.22763443453082,96.4552688690621,241.13817217265407,385.82107547624787,723.414516517964,1061.0079575596806,3038.3409693754506,5256.812153363875,11092.355919942114,20689.655172413797,43742.46443211957,73257.77670605255,140728.23727996147,229033.03592958767,377091.87364359776,451700.0241138172,698673.7400530503,812394.5020496744,922691.1020014468,963732.8189052327,988570.0506390162,996479.3826862792,999180.1302146129,999710.6341933928,999855.3170966964,999951.7723655654,999951.7723655654,999951.7723655654,999951.7723655654,999951.7723655654,999951.7723655654,1000000.0,1000000.0,1000000.0,1000000.0,1000000.0,1000000.0,1000000.0,1000000.0,1000000.0,1000000.0,1000000.0,1000000.0,1000000.0,1000000.0,1000000.0,1000000.0,1000000.0,0.0,0.0,0.0,0.0,0.0,0.0,0.0,0.0,0.0,0.0,0.0,0.0,0.0,0.0,0.0,0.0,0.0,0.0,0.0,0.0,0.0,0.0,0.0,0.0,0.0,0.0,0.0,0.0,0.0,0.0,0.0,0.0,0.0,0.0,0.0,0.0,0.0,0.0,0.0,48.22763443453082,48.22763443453082,96.4552688690621,192.91053773812425,337.59344104171646,626.959247648901,1157.4632264287443,3858.2107547624714,8729.201832650102,26669.88184229562,59271.762720038605,149312.75620930784,255895.82830962143,464914.39594887866,661104.4128285507,881938.7509042681,957607.9093320472,993392.8140824692,998456.7156980949,999710.6341933928,999807.0894622619,999855.3170966964,999855.3170966964,999903.5447311308,1000000.0,48.22763443453082,48.22763443453082,48.22763443453082,48.22763443453082,48.22763443453082,48.22763443453082,48.22763443453082,48.22763443453082,48.22763443453082,48.22763443453082,48.22763443453082,48.22763443453082,48.22763443453082,48.22763443453082,48.22763443453082,48.22763443453082,48.22763443453082,48.22763443453082,48.22763443453082,48.22763443453082,48.22763443453082,48.22763443453082,48.22763443453082,48.22763443453082,48.22763443453082,48.22763443453082,48.22763443453082,48.22763443453082,48.22763443453082,48.22763443453082,48.22763443453082,48.22763443453082,48.22763443453082,48.22763443453082,48.22763443453082,48.22763443453082,48.22763443453082,48.22763443453082,48.22763443453082,48.22763443453082,48.22763443453082,48.22763443453082,48.22763443453082,48.22763443453082,48.22763443453082,48.22763443453082,48.22763443453082,48.22763443453082,48.22763443453082,48.22763443453082,48.22763443453082,48.22763443453082,48.22763443453082,48.22763443453082,48.22763443453082,48.22763443453082,48.22763443453082,48.22763443453082,48.22763443453082,48.22763443453082,48.22763443453082,144.68290330359284,675.1868820834334,1000000.0
FLINT,MAGNUM03,F,na,na,na,na,2025_03_11-15_02_56,na,3,21,Yes,1,na,0.0,241.13817217274982,0.0,14.0,44.0,0.0,,,,0.0,385.8210754763427,0.0,14.0,44.0,0.0,33.0,21.0,9.0,30.0,17.0,7.0,26.0,11.0,5.0,20.0,9.0,4.0,17.0,6.0,0.0,12.0,-1.0,0.0,14.0,5.0,0.0,0.0,33.0,33.0,54.0,54.0,63.0,0.0,30.0,35.0,52.0,56.0,63.0,1.0,27.0,38.0,49.0,58.0,63.0,4.0,24.0,39.0,48.0,59.0,63.0,5.0,22.0,40.0,46.0,63.0,63.0,7.0,19.0,46.0,45.0,63.0,63.0,6.0,20.0,41.0,46.0,63.0,63.0,12.0,0.0,52.0,16.0,63.0,42.0,63.0,0.0,0.4515954659423368,2.7214679167936726,2.1494619358600215,0.4374894505865458,30.0,160.0,977043.6460091631,984181.3359054738,990643.8389197009,993778.6351579454,997202.7972027971,999035.4473113093,999807.0894622619,999903.5447311308,1000000.0,1000000.0,1000000.0,1000000.0,1000000.0,1000000.0,1000000.0,1000000.0,1000000.0,1000000.0,1000000.0,1000000.0,1000000.0,1000000.0,1000000.0,1000000.0,1000000.0,1000000.0,1000000.0,1000000.0,1000000.0,1000000.0,1000000.0,1000000.0,1000000.0,1000000.0,1000000.0,1000000.0,1000000.0,1000000.0,1000000.0,1000000.0,1000000.0,1000000.0,1000000.0,1000000.0,1000000.0,1000000.0,1000000.0,1000000.0,1000000.0,1000000.0,1000000.0,1000000.0,1000000.0,1000000.0,1000000.0,1000000.0,1000000.0,1000000.0,1000000.0,1000000.0,1000000.0,1000000.0,1000000.0,1000000.0,0.0,0.0,0.0,0.0,0.0,0.0,0.0,0.0,0.0,0.0,0.0,0.0,0.0,0.0,0.0,0.0,48.22763443453082,96.4552688690621,192.91053773812425,385.82107547624787,771.6421509524955,1061.0079575596806,2218.471183988428,3424.1620448516924,6510.730648661682,11333.494092114755,22570.53291536052,37087.05088015431,70364.11863998072,119990.35447311318,201736.19483964305,248468.77260670357,466988.1842295635,601398.6013986013,761803.7135278515,860573.9088497708,938365.0831926693,974294.670846395,992717.6272003858,997154.5695683626,999035.4473113093,999565.9512900892,999662.4065589582,999758.8618278273,999807.0894622619,999855.3170966964,999903.5447311308,999903.5447311308,1000000.0,1000000.0,1000000.0,1000000.0,1000000.0,1000000.0,1000000.0,1000000.0,1000000.0,1000000.0,1000000.0,1000000.0,1000000.0,1000000.0,1000000.0,1000000.0,0.0,0.0,0.0,0.0,0.0,0.0,0.0,0.0,0.0,0.0,0.0,0.0,0.0,0.0,0.0,0.0,0.0,0.0,0.0,0.0,0.0,0.0,0.0,0.0,0.0,0.0,0.0,0.0,0.0,0.0,0.0,0.0,0.0,0.0,0.0,0.0,0.0,0.0,0.0,0.0,0.0,0.0,48.22763443453082,48.22763443453082,192.91053773812425,385.82107547624787,1784.4224740776426,3713.527851458888,11429.94936098385,25512.418615866904,55365.32433084157,94188.57005063891,173523.0286954424,291777.1883289124,510778.8762961176,682758.6206896551,873257.7767060526,955292.9828791898,990402.7007475282,995948.8787074994,997540.3906438388,997781.5288160116,997926.211719315,1000000.0,48.22763443453082,48.22763443453082,48.22763443453082,48.22763443453082,48.22763443453082,48.22763443453082,48.22763443453082,48.22763443453082,48.22763443453082,48.22763443453082,48.22763443453082,48.22763443453082,48.22763443453082,48.22763443453082,48.22763443453082,48.22763443453082,48.22763443453082,48.22763443453082,48.22763443453082,48.22763443453082,48.22763443453082,48.22763443453082,48.22763443453082,48.22763443453082,48.22763443453082,48.22763443453082,48.22763443453082,48.22763443453082,48.22763443453082,48.22763443453082,48.22763443453082,48.22763443453082,48.22763443453082,48.22763443453082,48.22763443453082,48.22763443453082,48.22763443453082,48.22763443453082,48.22763443453082,48.22763443453082,48.22763443453082,48.22763443453082,48.22763443453082,48.22763443453082,48.22763443453082,48.22763443453082,48.22763443453082,48.22763443453082,48.22763443453082,48.22763443453082,48.22763443453082,48.22763443453082,48.22763443453082,48.22763443453082,48.22763443453082,48.22763443453082,48.22763443453082,48.22763443453082,48.22763443453082,48.22763443453082,48.22763443453082,48.22763443453082,48.22763443453082,1000000.0
FLINT,MAGNUM03,F,na,na,na,na,2025_03_11-15_02_56,na,3,22,Yes,1,na,192.91053773812425,3327.7067759826386,1446.8290330359434,10.0,41.0,62.0,,,,192.91053773812425,4774.535809018582,1446.8290330359434,10.0,41.0,62.0,32.0,20.0,11.0,29.0,15.0,9.0,24.0,8.0,6.0,17.0,4.0,5.0,11.0,-1.0,0.0,2.0,-7.0,0.0,6.0,-4.0,0.0,0.0,32.0,32.0,52.0,52.0,63.0,0.0,29.0,34.0,49.0,54.0,63.0,0.0,24.0,37.0,45.0,57.0,63.0,3.0,20.0,39.0,43.0,58.0,63.0,5.0,16.0,41.0,40.0,63.0,63.0,8.0,10.0,44.0,37.0,63.0,63.0,7.0,13.0,42.0,38.0,63.0,63.0,11.0,0.0,46.0,4.0,63.0,34.0,63.0,63.0,0.4324415458607322,3.1994878005643677,2.9607524487016312,0.0,30.0,160.0,980371.3527851459,985869.3031106823,991319.0258017844,994743.187846636,997974.4393537496,999180.1302146129,999517.7236556546,999565.9512900892,999903.5447311308,1000000.0,1000000.0,1000000.0,1000000.0,1000000.0,1000000.0,1000000.0,1000000.0,1000000.0,1000000.0,1000000.0,1000000.0,1000000.0,1000000.0,1000000.0,1000000.0,1000000.0,1000000.0,1000000.0,1000000.0,1000000.0,1000000.0,1000000.0,1000000.0,1000000.0,1000000.0,1000000.0,1000000.0,1000000.0,1000000.0,1000000.0,1000000.0,1000000.0,1000000.0,1000000.0,1000000.0,1000000.0,1000000.0,1000000.0,1000000.0,1000000.0,1000000.0,1000000.0,1000000.0,1000000.0,1000000.0,1000000.0,1000000.0,1000000.0,1000000.0,1000000.0,1000000.0,1000000.0,1000000.0,1000000.0,0.0,0.0,0.0,0.0,48.22763443453082,48.22763443453082,48.22763443453082,48.22763443453082,48.22763443453082,48.22763443453082,241.13817217265407,385.82107547624787,482.27634434531,675.1868820834334,868.0974198215577,1061.0079575596806,1543.2843019049903,2025.5606462503029,3183.023872679041,4581.625271280436,6317.820110923553,9066.795273691821,13455.510007234145,18230.045816252703,28840.12539184954,42729.684108994436,68097.41982155776,97612.7320954907,148589.34169278992,210658.30721003131,312466.8435013263,379020.97902097896,618664.0945261634,743718.3506149023,870798.1673498915,927851.4588859415,964986.7374005304,981673.4989148782,991319.0258017844,996238.2445141064,998553.1709669641,999324.8131179166,999614.1789245236,999807.0894622619,999903.5447311308,1000000.0,1000000.0,1000000.0,1000000.0,1000000.0,1000000.0,1000000.0,1000000.0,1000000.0,1000000.0,1000000.0,1000000.0,1000000.0,1000000.0,1000000.0,1000000.0,1000000.0,1000000.0,1000000.0,0.0,0.0,0.0,0.0,0.0,0.0,0.0,0.0,0.0,0.0,0.0,0.0,0.0,0.0,0.0,0.0,0.0,0.0,0.0,0.0,0.0,0.0,0.0,0.0,0.0,0.0,0.0,0.0,0.0,0.0,0.0,0.0,0.0,0.0,48.22763443453082,96.4552688690621,192.91053773812425,337.59344104171646,578.7316132143711,964.5526886906189,1832.650108512174,3375.934410417169,5787.316132143714,10995.900651073063,18760.549795032555,29756.45044610562,54641.90981432362,81842.29563539907,138268.6279238004,206124.90957318546,330069.93006993004,449578.0081986978,597492.1630094043,727899.6865203761,863033.518205932,927369.1825415962,969954.1837472871,987316.1321437183,995948.8787074994,997395.7077405354,998167.3498914879,998553.1709669641,998601.3986013986,1000000.0,0.0,0.0,0.0,0.0,0.0,0.0,0.0,0.0,0.0,0.0,0.0,0.0,0.0,0.0,0.0,0.0,0.0,0.0,0.0,0.0,0.0,0.0,0.0,0.0,0.0,0.0,0.0,0.0,0.0,0.0,0.0,0.0,0.0,0.0,0.0,0.0,0.0,0.0,0.0,0.0,0.0,0.0,0.0,0.0,0.0,0.0,0.0,0.0,0.0,0.0,0.0,0.0,0.0,0.0,0.0,0.0,0.0,0.0,0.0,0.0,0.0,0.0,0.0,1000000.0
FLINT,MAGNUM03,F,na,na,na,na,2025_03_11-15_02_56,na,3,23,Yes,1,na,0.0,385.8210754763569,2652.5198938992503,14.0,44.0,61.0,,,,0.0,482.27634434538857,3086.5686038100534,14.0,44.0,61.0,32.0,21.0,10.0,30.0,17.0,8.0,24.0,13.0,7.0,21.0,11.0,6.0,17.0,7.0,-1.0,13.0,-4.0,-2.0,16.0,4.0,-2.0,0.0,32.0,32.0,53.0,53.0,63.0,0.0,30.0,34.0,51.0,55.0,63.0,3.0,27.0,36.0,49.0,56.0,63.0,4.0,25.0,37.0,48.0,57.0,63.0,6.0,23.0,39.0,46.0,63.0,62.0,8.0,21.0,49.0,45.0,63.0,61.0,6.0,22.0,42.0,46.0,63.0,61.0,9.0,0.0,55.0,19.0,63.0,44.0,63.0,60.0,0.7563906078519591,2.362072241608393,1.8052625527269743,0.07692804432656032,30.0,160.0,914685.3146853147,943525.4400771642,967976.8507354714,982396.9134313961,994839.6431155051,998360.2604292259,999758.8618278273,999855.3170966964,1000000.0,1000000.0,1000000.0,1000000.0,1000000.0,1000000.0,1000000.0,1000000.0,1000000.0,1000000.0,1000000.0,1000000.0,1000000.0,1000000.0,1000000.0,1000000.0,1000000.0,1000000.0,1000000.0,1000000.0,1000000.0,1000000.0,1000000.0,1000000.0,1000000.0,1000000.0,1000000.0,1000000.0,1000000.0,1000000.0,1000000.0,1000000.0,1000000.0,1000000.0,1000000.0,1000000.0,1000000.0,1000000.0,1000000.0,1000000.0,1000000.0,1000000.0,1000000.0,1000000.0,1000000.0,1000000.0,1000000.0,1000000.0,1000000.0,1000000.0,1000000.0,1000000.0,1000000.0,1000000.0,1000000.0,1000000.0,0.0,0.0,0.0,0.0,0.0,0.0,0.0,0.0,0.0,0.0,0.0,0.0,0.0,0.0,0.0,0.0,0.0,0.0,0.0,48.22763443453082,192.91053773812425,289.36580660718624,1205.690860863273,2652.5198938992025,5883.771401012779,11285.266457680242,22088.2565710152,40318.302387267875,81986.97853870268,143236.074270557,253918.49529780564,307499.39715456945,612490.9573185436,755727.0315891005,889896.3105859659,953605.0156739812,986351.5794550277,995611.2852664576,998553.1709669641,999131.9025801783,999469.4960212201,999517.7236556546,999614.1789245236,999614.1789245236,999662.4065589582,999758.8618278273,999758.8618278273,999855.3170966964,999855.3170966964,999903.5447311308,999903.5447311308,999903.5447311308,999951.7723655654,1000000.0,1000000.0,1000000.0,1000000.0,1000000.0,1000000.0,1000000.0,1000000.0,1000000.0,1000000.0,1000000.0,0.0,0.0,0.0,0.0,0.0,0.0,0.0,0.0,0.0,0.0,0.0,0.0,0.0,0.0,0.0,0.0,0.0,0.0,0.0,0.0,0.0,0.0,0.0,0.0,0.0,0.0,0.0,0.0,0.0,0.0,0.0,0.0,0.0,0.0,0.0,0.0,0.0,0.0,0.0,0.0,0.0,0.0,0.0,0.0,144.68290330359284,482.27634434531,1929.1053773812387,4388.714733542319,14805.883771401013,34289.84808295149,88208.34338075711,164166.86761514342,340197.7333011815,555775.2592235351,831444.4176513142,945068.7243790692,990306.2454786592,995514.8299975885,996720.5208584518,997058.1142994935,997347.4801061008,997636.845912708,997926.211719315,1000000.0,0.0,0.0,0.0,0.0,0.0,0.0,0.0,0.0,0.0,0.0,0.0,0.0,0.0,0.0,0.0,0.0,0.0,0.0,0.0,0.0,0.0,0.0,0.0,0.0,0.0,0.0,0.0,0.0,0.0,0.0,0.0,0.0,0.0,0.0,0.0,0.0,0.0,0.0,0.0,0.0,0.0,0.0,0.0,0.0,0.0,0.0,0.0,0.0,0.0,0.0,0.0,0.0,0.0,0.0,0.0,0.0,0.0,0.0,0.0,0.0,192.91053773812425,723.414516517964,2797.202797202796,1000000.0
FLINT,MAGNUM03,F,na,na,na,na,2025_03_11-15_02_56,na,3,24,Yes,1,na,0.0,0.0,15239.93248131183,12.5,0.0,62.0,,,,0.0,0.0,15336.387750180891,12.5,0.0,62.0,32.0,21.0,10.0,30.0,15.0,8.0,25.0,11.0,5.0,20.0,8.0,0.0,16.0,4.0,0.0,11.0,-6.0,0.0,14.0,1.0,0.0,0.0,32.0,32.0,53.0,53.0,63.0,0.0,30.0,35.0,50.0,55.0,63.0,1.0,26.0,37.0,48.0,58.0,63.0,4.0,24.0,38.0,46.0,63.0,63.0,6.0,22.0,40.0,44.0,63.0,63.0,8.0,19.0,48.0,42.0,63.0,63.0,6.0,20.0,42.0,43.0,63.0,63.0,9.0,0.0,63.0,16.0,63.0,0.0,63.0,0.0,0.4669251959966866,2.676741124784134,2.6145811113532504,0.6187270920281196,30.0,160.0,974969.8577284784,982782.7345068724,990016.879672052,993633.9522546419,997106.3419339281,998697.8538702676,999710.6341933928,999807.0894622619,1000000.0,1000000.0,1000000.0,1000000.0,1000000.0,1000000.0,1000000.0,1000000.0,1000000.0,1000000.0,1000000.0,1000000.0,1000000.0,1000000.0,1000000.0,1000000.0,1000000.0,1000000.0,1000000.0,1000000.0,1000000.0,1000000.0,1000000.0,1000000.0,1000000.0,1000000.0,1000000.0,1000000.0,1000000.0,1000000.0,1000000.0,1000000.0,1000000.0,1000000.0,1000000.0,1000000.0,1000000.0,1000000.0,1000000.0,1000000.0,1000000.0,1000000.0,1000000.0,1000000.0,1000000.0,1000000.0,1000000.0,1000000.0,1000000.0,1000000.0,1000000.0,1000000.0,1000000.0,1000000.0,1000000.0,1000000.0,0.0,0.0,0.0,0.0,0.0,0.0,0.0,0.0,0.0,0.0,0.0,0.0,0.0,0.0,0.0,0.0,48.22763443453082,144.68290330359284,192.91053773812425,289.36580660718624,723.414516517964,1253.9184952978064,2363.1540872920177,4340.487099107789,8632.74656378105,16300.940438871463,30721.00313479626,50831.926693995665,90523.26983361458,144875.81384133114,235977.81528816008,284639.4984326019,535471.4251265975,680395.4666023632,834868.5796961659,913768.9896310585,965372.5584760066,985628.1649385097,994791.4154810706,997685.0735471424,998987.2196768748,999324.8131179166,999614.1789245236,999614.1789245236,999662.4065589582,999662.4065589582,999758.8618278273,999855.3170966964,999951.7723655654,1000000.0,1000000.0,1000000.0,1000000.0,1000000.0,1000000.0,1000000.0,1000000.0,1000000.0,1000000.0,1000000.0,1000000.0,1000000.0,1000000.0,1000000.0,48.22763443453082,48.22763443453082,48.22763443453082,48.22763443453082,48.22763443453082,48.22763443453082,48.22763443453082,48.22763443453082,48.22763443453082,48.22763443453082,48.22763443453082,48.22763443453082,48.22763443453082,48.22763443453082,48.22763443453082,48.22763443453082,48.22763443453082,48.22763443453082,48.22763443453082,48.22763443453082,48.22763443453082,48.22763443453082,48.22763443453082,48.22763443453082,48.22763443453082,48.22763443453082,48.22763443453082,48.22763443453082,48.22763443453082,48.22763443453082,48.22763443453082,48.22763443453082,48.22763443453082,48.22763443453082,48.22763443453082,48.22763443453082,48.22763443453082,48.22763443453082,48.22763443453082,96.4552688690621,144.68290330359284,192.91053773812425,241.13817217265407,868.0974198215577,1543.2843019049903,3568.844948155295,10127.80323125151,19966.24065589584,47359.53701470944,91584.27779117435,180564.263322884,287147.3354231975,449240.4147576561,621798.8907644079,822715.2158186642,908463.9498432602,961996.6240655895,976272.0038582106,981287.677839402,982445.1410658307,983699.0595611285,984760.0675186882,985869.3031106823,1000000.0,96.4552688690621,96.4552688690621,96.4552688690621,96.4552688690621,96.4552688690621,96.4552688690621,96.4552688690621,96.4552688690621,96.4552688690621,96.4552688690621,96.4552688690621,96.4552688690621,96.4552688690621,96.4552688690621,96.4552688690621,96.4552688690621,96.4552688690621,96.4552688690621,96.4552688690621,96.4552688690621,96.4552688690621,96.4552688690621,96.4552688690621,96.4552688690621,96.4552688690621,96.4552688690621,96.4552688690621,96.4552688690621,96.4552688690621,96.4552688690621,96.4552688690621,96.4552688690621,96.4552688690621,96.4552688690621,96.4552688690621,96.4552688690621,96.4552688690621,96.4552688690621,96.4552688690621,96.4552688690621,96.4552688690621,96.4552688690621,96.4552688690621,96.4552688690621,96.4552688690621,96.4552688690621,96.4552688690621,96.4552688690621,96.4552688690621,96.4552688690621,96.4552688690621,96.4552688690621,96.4552688690621,96.4552688690621,96.4552688690621,96.4552688690621,96.4552688690621,96.4552688690621,96.4552688690621,96.4552688690621,96.4552688690621,96.4552688690621,144.68290330359284,1000000.0
FLINT,MAGNUM03,F,na,na,na,na,2025_03_11-15_02_56,na,3,25,Yes,1,na,0.0,337.59344104178416,4340.4870991078305,11.0,42.0,62.0,,,,0.0,578.7316132144382,4340.4870991078305,11.0,42.0,62.0,32.0,21.0,10.0,29.0,16.0,8.0,23.0,11.0,6.0,19.0,8.0,5.0,14.0,4.0,0.0,8.0,-1.0,0.0,13.0,2.0,0.0,0.0,32.0,32.0,53.0,53.0,63.0,0.0,29.0,34.0,50.0,55.0,63.0,2.0,25.0,37.0,48.0,57.0,63.0,4.0,23.0,38.0,46.0,58.0,63.0,6.0,20.0,40.0,44.0,63.0,63.0,8.0,16.0,43.0,42.0,63.0,63.0,6.0,19.0,41.0,43.0,63.0,63.0,10.0,0.0,50.0,12.0,63.0,39.0,63.0,62.0,0.5610679871118011,2.7326991949659596,2.364330575124359,0.006944276993437237,30.0,160.0,961321.4371835061,972462.0207378828,983120.3279479141,991367.253436219,996527.6103207137,998649.626235833,999662.4065589582,999807.0894622619,1000000.0,1000000.0,1000000.0,1000000.0,1000000.0,1000000.0,1000000.0,1000000.0,1000000.0,1000000.0,1000000.0,1000000.0,1000000.0,1000000.0,1000000.0,1000000.0,1000000.0,1000000.0,1000000.0,1000000.0,1000000.0,1000000.0,1000000.0,1000000.0,1000000.0,1000000.0,1000000.0,1000000.0,1000000.0,1000000.0,1000000.0,1000000.0,1000000.0,1000000.0,1000000.0,1000000.0,1000000.0,1000000.0,1000000.0,1000000.0,1000000.0,1000000.0,1000000.0,1000000.0,1000000.0,1000000.0,1000000.0,1000000.0,1000000.0,1000000.0,1000000.0,1000000.0,1000000.0,1000000.0,1000000.0,1000000.0,0.0,0.0,0.0,0.0,0.0,0.0,0.0,0.0,0.0,0.0,0.0,0.0,48.22763443453082,48.22763443453082,96.4552688690621,96.4552688690621,241.13817217265407,241.13817217265407,337.59344104171646,723.414516517964,1446.829033035929,2122.0159151193625,3954.6660236315374,6944.779358572451,12876.778394019768,23101.036894140365,41379.31034482761,69206.655413552,114203.03834096935,181577.04364600912,286038.0998312033,338365.0831926694,597106.3419339281,741306.9688931757,872775.5003617073,938268.6279238003,973667.711598746,989582.8309621413,996913.43139619,998504.9433325295,999421.2683867855,999662.4065589582,999855.3170966964,999903.5447311308,999951.7723655654,999951.7723655654,999951.7723655654,999951.7723655654,999951.7723655654,1000000.0,1000000.0,1000000.0,1000000.0,1000000.0,1000000.0,1000000.0,1000000.0,1000000.0,1000000.0,1000000.0,1000000.0,1000000.0,1000000.0,1000000.0,0.0,0.0,0.0,0.0,0.0,0.0,0.0,0.0,0.0,0.0,0.0,0.0,0.0,0.0,0.0,0.0,0.0,0.0,0.0,0.0,0.0,0.0,0.0,0.0,0.0,0.0,0.0,0.0,0.0,0.0,0.0,0.0,0.0,0.0,0.0,0.0,0.0,0.0,0.0,48.22763443453082,48.22763443453082,96.4552688690621,289.36580660718624,578.7316132143711,1832.650108512174,4147.576561369663,11671.08753315649,21943.57366771158,50928.381962864696,100843.98360260432,196768.7484928864,308078.12876778387,473643.59778152884,647552.4475524476,838437.4246443212,927706.775982638,977043.6460091631,989823.9691343139,994019.7733301182,994646.732577767,995177.2365565469,995659.5129008922,995997.1063419338,1000000.0,0.0,0.0,0.0,0.0,0.0,0.0,0.0,0.0,0.0,0.0,0.0,0.0,0.0,0.0,0.0,0.0,0.0,0.0,0.0,0.0,0.0,0.0,0.0,0.0,0.0,0.0,0.0,0.0,0.0,0.0,0.0,0.0,0.0,0.0,0.0,0.0,0.0,0.0,0.0,0.0,0.0,0.0,0.0,0.0,0.0,0.0,0.0,0.0,0.0,0.0,0.0,0.0,0.0,0.0,0.0,0.0,0.0,0.0,0.0,0.0,0.0,0.0,48.22763443453082,1000000.0
FLINT,MAGNUM03,F,na,na,na,na,2025_03_11-15_02_56,na,3,26,Yes,1,na,0.0,771.6421509525992,0.0,10.5,40.0,30.0,,,,0.0,1109.2355919942665,0.0,10.5,40.0,30.0,31.0,20.0,12.0,28.0,15.0,10.0,24.0,10.0,8.0,22.0,7.0,7.0,17.0,3.0,6.0,12.0,-1.0,4.0,14.0,0.0,5.0,0.0,31.0,31.0,51.0,51.0,63.0,0.0,28.0,33.0,48.0,53.0,63.0,0.0,24.0,36.0,46.0,55.0,63.0,0.0,22.0,37.0,44.0,56.0,63.0,2.0,19.0,39.0,42.0,57.0,63.0,4.0,16.0,41.0,40.0,59.0,63.0,4.0,18.0,40.0,40.0,58.0,63.0,10.0,0.0,44.0,11.0,60.0,37.0,63.0,0.0,0.15541076918995228,2.8718143061599197,2.4288138213117936,0.4374894505865458,30.0,160.0,996624.0655895828,997974.4393537496,999035.4473113093,999469.4960212201,999903.5447311308,999951.7723655654,1000000.0,1000000.0,1000000.0,1000000.0,1000000.0,1000000.0,1000000.0,1000000.0,1000000.0,1000000.0,1000000.0,1000000.0,1000000.0,1000000.0,1000000.0,1000000.0,1000000.0,1000000.0,1000000.0,1000000.0,1000000.0,1000000.0,1000000.0,1000000.0,1000000.0,1000000.0,1000000.0,1000000.0,1000000.0,1000000.0,1000000.0,1000000.0,1000000.0,1000000.0,1000000.0,1000000.0,1000000.0,1000000.0,1000000.0,1000000.0,1000000.0,1000000.0,1000000.0,1000000.0,1000000.0,1000000.0,1000000.0,1000000.0,1000000.0,1000000.0,1000000.0,1000000.0,1000000.0,1000000.0,1000000.0,1000000.0,1000000.0,1000000.0,0.0,0.0,0.0,0.0,0.0,0.0,0.0,0.0,0.0,0.0,0.0,48.22763443453082,48.22763443453082,96.4552688690621,96.4552688690621,144.68290330359284,337.59344104171646,434.04870991077877,1061.0079575596806,1929.1053773812387,3761.755485893413,5980.226669881832,10513.624306727752,15673.98119122258,31203.279479141525,49433.325295394265,90716.18037135282,137255.84760067528,229322.40173619485,327513.8654448999,496551.724137931,585097.6609597299,800241.1381721726,877791.1743428983,945068.7243790692,971015.1917048468,989341.6927899687,995129.0089221123,998649.626235833,999228.3578490474,999807.0894622619,999951.7723655654,999951.7723655654,1000000.0,1000000.0,1000000.0,1000000.0,1000000.0,1000000.0,1000000.0,1000000.0,1000000.0,1000000.0,1000000.0,1000000.0,1000000.0,1000000.0,1000000.0,1000000.0,1000000.0,1000000.0,1000000.0,1000000.0,1000000.0,0.0,0.0,0.0,0.0,0.0,0.0,0.0,0.0,0.0,0.0,0.0,0.0,0.0,0.0,0.0,0.0,0.0,0.0,0.0,0.0,0.0,0.0,0.0,0.0,0.0,0.0,0.0,0.0,0.0,0.0,0.0,0.0,0.0,0.0,0.0,0.0,0.0,48.22763443453082,96.4552688690621,144.68290330359284,578.7316132143711,964.5526886906189,2314.926452857486,4533.397636845913,10417.169037858685,19773.330118157683,48179.40680009647,79093.32047263085,168314.44417651315,279672.05208584515,469592.4764890282,606317.8201109235,765324.3308415721,865637.8104653966,954907.1618037135,979889.0764408004,996286.472148541,998938.9920424403,999855.3170966964,1000000.0,1000000.0,1000000.0,1000000.0,1000000.0,48.22763443453082,48.22763443453082,48.22763443453082,48.22763443453082,48.22763443453082,48.22763443453082,48.22763443453082,48.22763443453082,48.22763443453082,48.22763443453082,48.22763443453082,48.22763443453082,48.22763443453082,48.22763443453082,48.22763443453082,48.22763443453082,48.22763443453082,48.22763443453082,48.22763443453082,48.22763443453082,48.22763443453082,48.22763443453082,48.22763443453082,48.22763443453082,48.22763443453082,48.22763443453082,48.22763443453082,48.22763443453082,48.22763443453082,48.22763443453082,48.22763443453082,48.22763443453082,48.22763443453082,48.22763443453082,48.22763443453082,48.22763443453082,48.22763443453082,48.22763443453082,48.22763443453082,48.22763443453082,48.22763443453082,48.22763443453082,48.22763443453082,48.22763443453082,48.22763443453082,48.22763443453082,48.22763443453082,48.22763443453082,48.22763443453082,48.22763443453082,48.22763443453082,48.22763443453082,48.22763443453082,48.22763443453082,48.22763443453082,48.22763443453082,48.22763443453082,48.22763443453082,48.22763443453082,48.22763443453082,48.22763443453082,48.22763443453082,48.22763443453082,1000000.0
FLINT,MAGNUM03,F,na,na,na,na,2025_03_11-15_02_56,na,3,27,Yes,1,na,0.0,48.22763443453082,0.0,12.5,44.0,0.0,,,,0.0,48.22763443453082,0.0,12.5,44.0,0.0,32.0,20.0,11.0,29.0,17.0,9.0,25.0,13.0,8.0,22.0,12.0,6.0,19.0,8.0,4.0,16.0,6.0,2.0,17.0,8.0,3.0,0.0,32.0,32.0,52.0,52.0,63.0,0.0,29.0,34.0,51.0,54.0,63.0,1.0,26.0,36.0,49.0,55.0,63.0,3.0,25.0,36.0,48.0,56.0,62.0,4.0,23.0,38.0,46.0,57.0,61.0,5.0,21.0,39.0,45.0,58.0,60.0,5.0,22.0,38.0,46.0,57.0,60.0,6.0,0.0,46.0,19.0,63.0,44.0,63.0,0.0,0.3699624126367011,2.292125195071516,1.6908492111652398,0.46133938149290993,30.0,160.0,973137.2076199661,983650.8319266939,993055.2206414274,996913.43139619,999469.4960212201,999903.5447311308,1000000.0,1000000.0,1000000.0,1000000.0,1000000.0,1000000.0,1000000.0,1000000.0,1000000.0,1000000.0,1000000.0,1000000.0,1000000.0,1000000.0,1000000.0,1000000.0,1000000.0,1000000.0,1000000.0,1000000.0,1000000.0,1000000.0,1000000.0,1000000.0,1000000.0,1000000.0,1000000.0,1000000.0,1000000.0,1000000.0,1000000.0,1000000.0,1000000.0,1000000.0,1000000.0,1000000.0,1000000.0,1000000.0,1000000.0,1000000.0,1000000.0,1000000.0,1000000.0,1000000.0,1000000.0,1000000.0,1000000.0,1000000.0,1000000.0,1000000.0,1000000.0,1000000.0,1000000.0,1000000.0,1000000.0,1000000.0,1000000.0,1000000.0,0.0,0.0,0.0,0.0,0.0,0.0,0.0,0.0,0.0,0.0,0.0,0.0,0.0,0.0,0.0,0.0,0.0,0.0,0.0,48.22763443453082,96.4552688690621,289.36580660718624,1109.2355919942117,1929.1053773812387,5208.58451892934,11044.128285507591,26959.2476489028,45864.48034723895,106438.38919700982,178635.15794550284,318157.7043646009,407282.37279961415,684880.6366047745,813310.8271039305,930889.7998553171,972365.5654690136,994068.0009645526,998215.5775259222,999662.4065589582,999903.5447311308,999951.7723655654,999951.7723655654,999951.7723655654,1000000.0,1000000.0,1000000.0,1000000.0,1000000.0,1000000.0,1000000.0,1000000.0,1000000.0,1000000.0,1000000.0,1000000.0,1000000.0,1000000.0,1000000.0,1000000.0,1000000.0,1000000.0,1000000.0,1000000.0,1000000.0,0.0,0.0,0.0,0.0,0.0,0.0,0.0,0.0,0.0,0.0,0.0,0.0,0.0,0.0,0.0,0.0,0.0,0.0,0.0,0.0,0.0,0.0,0.0,0.0,0.0,0.0,0.0,0.0,0.0,0.0,0.0,0.0,0.0,0.0,0.0,0.0,0.0,0.0,0.0,0.0,0.0,0.0,0.0,0.0,96.4552688690621,482.27634434531,2748.975162768264,6173.137207619962,19821.557752592234,48951.04895104891,146997.82975645043,266409.45261634915,519508.0781287678,726935.1338316855,933060.0434048708,979647.9382686279,998649.626235833,999758.8618278273,999951.7723655654,1000000.0,1000000.0,1000000.0,1000000.0,1000000.0,48.22763443453082,48.22763443453082,48.22763443453082,48.22763443453082,48.22763443453082,48.22763443453082,48.22763443453082,48.22763443453082,48.22763443453082,48.22763443453082,48.22763443453082,48.22763443453082,48.22763443453082,48.22763443453082,48.22763443453082,48.22763443453082,48.22763443453082,48.22763443453082,48.22763443453082,48.22763443453082,48.22763443453082,48.22763443453082,48.22763443453082,48.22763443453082,48.22763443453082,48.22763443453082,48.22763443453082,48.22763443453082,48.22763443453082,48.22763443453082,48.22763443453082,48.22763443453082,48.22763443453082,48.22763443453082,48.22763443453082,48.22763443453082,48.22763443453082,48.22763443453082,48.22763443453082,48.22763443453082,48.22763443453082,48.22763443453082,48.22763443453082,48.22763443453082,48.22763443453082,48.22763443453082,48.22763443453082,48.22763443453082,48.22763443453082,48.22763443453082,48.22763443453082,48.22763443453082,48.22763443453082,48.22763443453082,48.22763443453082,48.22763443453082,48.22763443453082,48.22763443453082,96.4552688690621,144.68290330359284,675.1868820834334,2411.3817217265464,10417.169037858685,1000000.0
FLINT,MAGNUM03,F,na,na,na,na,2025_03_11-15_02_56,na,3,28,Yes,1,na,0.0,530.5039787798403,530.5039787798496,9.0,41.0,62.0,,,,0.0,868.0974198216245,530.5039787798496,9.0,41.0,62.0,32.0,20.0,11.0,28.0,16.0,9.0,25.0,10.0,7.0,20.0,7.0,6.0,16.0,3.0,4.0,10.0,-3.0,0.0,12.0,1.0,1.0,0.0,32.0,32.0,52.0,52.0,63.0,0.0,28.0,34.0,50.0,54.0,63.0,0.0,25.0,36.0,46.0,56.0,63.0,2.0,22.0,38.0,45.0,57.0,63.0,4.0,20.0,39.0,42.0,59.0,63.0,6.0,16.0,41.0,38.0,63.0,63.0,5.0,17.0,40.0,41.0,62.0,63.0,8.0,0.0,42.0,10.0,63.0,36.0,63.0,63.0,0.3171567882037235,2.783643738357112,2.4677261793397047,0.0,30.0,160.0,986640.9452616348,990788.5218230045,995225.4641909814,997106.3419339281,999131.9025801783,999614.1789245236,999951.7723655654,999951.7723655654,1000000.0,1000000.0,1000000.0,1000000.0,1000000.0,1000000.0,1000000.0,1000000.0,1000000.0,1000000.0,1000000.0,1000000.0,1000000.0,1000000.0,1000000.0,1000000.0,1000000.0,1000000.0,1000000.0,1000000.0,1000000.0,1000000.0,1000000.0,1000000.0,1000000.0,1000000.0,1000000.0,1000000.0,1000000.0,1000000.0,1000000.0,1000000.0,1000000.0,1000000.0,1000000.0,1000000.0,1000000.0,1000000.0,1000000.0,1000000.0,1000000.0,1000000.0,1000000.0,1000000.0,1000000.0,1000000.0,1000000.0,1000000.0,1000000.0,1000000.0,1000000.0,1000000.0,1000000.0,1000000.0,1000000.0,1000000.0,0.0,0.0,0.0,0.0,0.0,0.0,0.0,0.0,0.0,0.0,48.22763443453082,48.22763443453082,48.22763443453082,144.68290330359284,144.68290330359284,192.91053773812425,482.27634434531,771.6421509524955,1109.2355919942117,1350.373764166866,2604.2922594646707,3906.438389197008,6462.5030142271535,9838.437424644324,18422.956353990838,31974.921630094064,59175.30745116957,88304.79864962626,159102.96599951768,245382.20400289368,393055.2206414275,471183.9884253677,708560.4051121293,816011.5746322642,920086.8097419821,958138.4133108271,984084.8806366047,992717.6272003858,997636.845912708,998794.3091391367,999662.4065589582,999951.7723655654,1000000.0,1000000.0,1000000.0,1000000.0,1000000.0,1000000.0,1000000.0,1000000.0,1000000.0,1000000.0,1000000.0,1000000.0,1000000.0,1000000.0,1000000.0,1000000.0,1000000.0,1000000.0,1000000.0,1000000.0,1000000.0,1000000.0,0.0,0.0,0.0,0.0,0.0,0.0,0.0,0.0,0.0,0.0,0.0,0.0,0.0,0.0,0.0,0.0,0.0,0.0,0.0,0.0,0.0,0.0,0.0,0.0,0.0,0.0,0.0,0.0,0.0,0.0,0.0,0.0,0.0,0.0,0.0,0.0,48.22763443453082,96.4552688690621,337.59344104171646,434.04870991077877,530.5039787798403,578.7316132143711,1446.829033035929,2700.747528333735,5690.860863274664,10706.534844465874,25946.467325777645,43597.78152881599,87002.65251989392,145261.63491680732,265927.1762720038,375452.1340728237,558476.0067518688,710827.1039305521,884060.7668193874,941499.8794309138,984567.15698095,994936.0983843743,998504.9433325295,999131.9025801783,999469.4960212201,999469.4960212201,999614.1789245236,1000000.0,0.0,0.0,0.0,0.0,0.0,0.0,0.0,0.0,0.0,0.0,0.0,0.0,0.0,0.0,0.0,0.0,0.0,0.0,0.0,0.0,0.0,0.0,0.0,0.0,0.0,0.0,0.0,0.0,0.0,0.0,0.0,0.0,0.0,0.0,0.0,0.0,0.0,0.0,0.0,0.0,0.0,0.0,0.0,0.0,0.0,0.0,0.0,0.0,0.0,0.0,0.0,0.0,0.0,0.0,0.0,0.0,0.0,0.0,0.0,0.0,0.0,0.0,0.0,1000000.0
FLINT,MAGNUM03,F,na,na,na,na,2025_03_11-15_02_56,na,3,29,Yes,1,na,0.0,48.22763443453082,2556.064625030217,13.5,43.0,62.0,,,,0.0,48.22763443453082,2556.064625030217,13.5,43.0,62.0,32.0,21.0,10.0,30.0,17.0,9.0,26.0,12.0,7.0,21.0,9.0,6.0,17.0,6.0,0.0,14.0,3.0,0.0,15.0,4.0,0.0,0.0,32.0,32.0,53.0,53.0,63.0,0.0,30.0,34.0,51.0,54.0,63.0,0.0,26.0,36.0,48.0,56.0,63.0,3.0,24.0,38.0,47.0,57.0,63.0,5.0,22.0,39.0,45.0,63.0,63.0,6.0,20.0,41.0,44.0,63.0,63.0,6.0,21.0,40.0,44.0,63.0,63.0,9.0,0.0,54.0,18.0,63.0,43.0,63.0,62.0,0.42026474462582664,2.4743757093237946,2.070356523520889,0.006944276993437237,30.0,160.0,977333.0118157704,984084.8806366047,990836.7494574391,994694.9602122015,998408.4880636605,999373.040752351,999903.5447311308,1000000.0,1000000.0,1000000.0,1000000.0,1000000.0,1000000.0,1000000.0,1000000.0,1000000.0,1000000.0,1000000.0,1000000.0,1000000.0,1000000.0,1000000.0,1000000.0,1000000.0,1000000.0,1000000.0,1000000.0,1000000.0,1000000.0,1000000.0,1000000.0,1000000.0,1000000.0,1000000.0,1000000.0,1000000.0,1000000.0,1000000.0,1000000.0,1000000.0,1000000.0,1000000.0,1000000.0,1000000.0,1000000.0,1000000.0,1000000.0,1000000.0,1000000.0,1000000.0,1000000.0,1000000.0,1000000.0,1000000.0,1000000.0,1000000.0,1000000.0,1000000.0,1000000.0,1000000.0,1000000.0,1000000.0,1000000.0,1000000.0,0.0,0.0,0.0,0.0,0.0,0.0,0.0,0.0,0.0,0.0,0.0,0.0,0.0,0.0,0.0,0.0,0.0,0.0,96.4552688690621,192.91053773812425,434.04870991077877,819.8697853870253,1929.1053773812387,2990.1133349409165,6607.1859175307445,11429.94936098385,25271.280443694228,41475.765613696625,81118.88111888111,134796.2382445141,234530.98625512415,275620.9307933446,549891.4878225223,693609.8384374246,855654.6901374486,931082.7103930552,978924.52375211,992572.9442970823,998215.5775259222,999180.1302146129,999710.6341933928,999903.5447311308,999951.7723655654,999951.7723655654,999951.7723655654,999951.7723655654,1000000.0,1000000.0,1000000.0,1000000.0,1000000.0,1000000.0,1000000.0,1000000.0,1000000.0,1000000.0,1000000.0,1000000.0,1000000.0,1000000.0,1000000.0,1000000.0,1000000.0,1000000.0,0.0,0.0,0.0,0.0,0.0,0.0,0.0,0.0,0.0,0.0,0.0,0.0,0.0,0.0,0.0,0.0,0.0,0.0,0.0,0.0,0.0,0.0,0.0,0.0,0.0,0.0,0.0,0.0,0.0,0.0,0.0,0.0,0.0,0.0,0.0,0.0,0.0,0.0,0.0,0.0,0.0,0.0,0.0,96.4552688690621,723.414516517964,1736.1948396431121,4870.991077887631,10995.900651073063,31589.100554617777,63853.38799131898,143139.61900168782,238775.01808536288,418905.2326983361,599710.6341933928,843067.2775500361,934265.7342657342,987267.9045092838,994646.732577767,996575.8379551483,996816.9761273209,997299.2524716662,997443.9353749697,997781.5288160116,1000000.0,0.0,0.0,0.0,0.0,0.0,0.0,0.0,0.0,0.0,0.0,0.0,0.0,0.0,0.0,0.0,0.0,0.0,0.0,0.0,0.0,0.0,0.0,0.0,0.0,0.0,0.0,0.0,0.0,0.0,0.0,0.0,0.0,0.0,0.0,0.0,0.0,0.0,0.0,0.0,0.0,0.0,0.0,0.0,0.0,0.0,0.0,0.0,0.0,0.0,0.0,0.0,0.0,0.0,0.0,0.0,0.0,0.0,0.0,0.0,0.0,0.0,0.0,48.22763443453082,1000000.0
FLINT,MAGNUM03,F,na,na,na,na,2025_03_11-15_02_56,na,3,30,Yes,1,na,0.0,1446.8290330359434,0.0,7.0,40.0,0.0,,,,0.0,2459.6093561611196,0.0,7.0,40.0,0.0,30.0,21.0,12.0,27.0,15.0,9.0,23.0,9.0,7.0,20.0,5.0,6.0,14.0,1.0,5.0,7.0,-5.0,3.0,10.0,-1.0,4.0,0.0,30.0,30.0,51.0,51.0,63.0,0.0,27.0,33.0,48.0,54.0,63.0,0.0,23.0,36.0,45.0,56.0,63.0,0.0,20.0,38.0,43.0,57.0,63.0,2.0,16.0,40.0,41.0,58.0,63.0,4.0,11.0,42.0,37.0,60.0,63.0,3.0,13.0,40.0,39.0,59.0,63.0,5.0,0.0,42.0,9.0,61.0,32.0,63.0,0.0,0.13952753617578095,3.1699004028473223,2.6399334153527962,0.4374894505865458,30.0,160.0,995900.6510730648,997685.0735471424,999035.4473113093,999710.6341933928,999951.7723655654,1000000.0,1000000.0,1000000.0,1000000.0,1000000.0,1000000.0,1000000.0,1000000.0,1000000.0,1000000.0,1000000.0,1000000.0,1000000.0,1000000.0,1000000.0,1000000.0,1000000.0,1000000.0,1000000.0,1000000.0,1000000.0,1000000.0,1000000.0,1000000.0,1000000.0,1000000.0,1000000.0,1000000.0,1000000.0,1000000.0,1000000.0,1000000.0,1000000.0,1000000.0,1000000.0,1000000.0,1000000.0,1000000.0,1000000.0,1000000.0,1000000.0,1000000.0,1000000.0,1000000.0,1000000.0,1000000.0,1000000.0,1000000.0,1000000.0,1000000.0,1000000.0,1000000.0,1000000.0,1000000.0,1000000.0,1000000.0,1000000.0,1000000.0,1000000.0,0.0,0.0,0.0,0.0,0.0,0.0,0.0,0.0,0.0,192.91053773812425,192.91053773812425,241.13817217265407,482.27634434531,723.414516517964,1012.7803231251486,1302.1461297323344,1880.8777429467057,2507.836990595609,4147.576561369663,5594.405594405593,8777.42946708464,12008.680974198212,19628.647214854085,26862.792380033734,46636.122498191435,69158.4277791174,117627.20038582108,168555.58234868583,267325.77767060517,370870.50880154327,536677.1159874608,632264.2874367011,811574.6322642874,878611.0441282855,942850.2531950808,968266.2165420785,985483.482035206,992187.123221606,997540.3906438388,998553.1709669641,999565.9512900892,999855.3170966964,1000000.0,1000000.0,1000000.0,1000000.0,1000000.0,1000000.0,1000000.0,1000000.0,1000000.0,1000000.0,1000000.0,1000000.0,1000000.0,1000000.0,1000000.0,1000000.0,1000000.0,1000000.0,1000000.0,1000000.0,1000000.0,1000000.0,0.0,0.0,0.0,0.0,0.0,0.0,0.0,0.0,0.0,0.0,0.0,0.0,0.0,0.0,0.0,0.0,0.0,0.0,0.0,0.0,0.0,0.0,0.0,0.0,0.0,0.0,0.0,0.0,0.0,0.0,0.0,0.0,48.22763443453082,48.22763443453082,96.4552688690621,144.68290330359284,192.91053773812425,337.59344104171646,482.27634434531,675.1868820834334,1302.1461297323344,2073.7882806848356,4195.804195804195,6896.551724137931,14130.696889317576,24692.548830479835,52953.942609115,86713.28671328665,161128.52664576806,246587.89486375687,407475.2833373523,540535.3267422232,706679.5273691824,818615.866891729,930455.7511454063,966771.159874608,991511.9363395225,997106.3419339281,999131.9025801783,999855.3170966964,999951.7723655654,1000000.0,1000000.0,1000000.0,48.22763443453082,48.22763443453082,48.22763443453082,48.22763443453082,48.22763443453082,48.22763443453082,48.22763443453082,48.22763443453082,48.22763443453082,48.22763443453082,48.22763443453082,48.22763443453082,48.22763443453082,48.22763443453082,48.22763443453082,48.22763443453082,48.22763443453082,48.22763443453082,48.22763443453082,48.22763443453082,48.22763443453082,48.22763443453082,48.22763443453082,48.22763443453082,48.22763443453082,48.22763443453082,48.22763443453082,48.22763443453082,48.22763443453082,48.22763443453082,48.22763443453082,48.22763443453082,48.22763443453082,48.22763443453082,48.22763443453082,48.22763443453082,48.22763443453082,48.22763443453082,48.22763443453082,48.22763443453082,48.22763443453082,48.22763443453082,48.22763443453082,48.22763443453082,48.22763443453082,48.22763443453082,48.22763443453082,48.22763443453082,48.22763443453082,48.22763443453082,48.22763443453082,48.22763443453082,48.22763443453082,48.22763443453082,48.22763443453082,48.22763443453082,48.22763443453082,48.22763443453082,48.22763443453082,48.22763443453082,48.22763443453082,48.22763443453082,48.22763443453082,1000000.0
FLINT,MAGNUM03,F,na,na,na,na,2025_03_11-15_02_56,na,3,31,Yes,1,na,0.0,0.0,0.0,12.0,40.5,0.0,,,,0.0,0.0,0.0,12.0,40.5,0.0,32.0,20.0,11.0,28.0,17.0,9.0,25.0,11.0,7.0,21.0,9.0,7.0,17.0,6.0,5.0,12.0,3.0,2.0,15.0,5.0,5.0,0.0,32.0,32.0,52.0,52.0,63.0,0.0,28.0,33.0,50.0,54.0,63.0,0.0,25.0,36.0,47.0,56.0,63.0,2.0,23.0,37.0,46.0,56.0,63.0,4.0,21.0,38.0,44.0,58.0,63.0,6.0,18.0,40.0,43.0,61.0,63.0,5.0,20.0,38.0,43.0,58.0,63.0,7.0,0.0,40.0,17.0,63.0,41.0,63.0,0.0,0.32084665706691345,2.622764831907367,2.092156091464075,0.43770917883328075,30.0,160.0,979985.5317096696,988087.7742946708,994936.0983843743,997829.756450446,999517.7236556546,999855.3170966964,1000000.0,1000000.0,1000000.0,1000000.0,1000000.0,1000000.0,1000000.0,1000000.0,1000000.0,1000000.0,1000000.0,1000000.0,1000000.0,1000000.0,1000000.0,1000000.0,1000000.0,1000000.0,1000000.0,1000000.0,1000000.0,1000000.0,1000000.0,1000000.0,1000000.0,1000000.0,1000000.0,1000000.0,1000000.0,1000000.0,1000000.0,1000000.0,1000000.0,1000000.0,1000000.0,1000000.0,1000000.0,1000000.0,1000000.0,1000000.0,1000000.0,1000000.0,1000000.0,1000000.0,1000000.0,1000000.0,1000000.0,1000000.0,1000000.0,1000000.0,1000000.0,1000000.0,1000000.0,1000000.0,1000000.0,1000000.0,1000000.0,1000000.0,0.0,0.0,0.0,0.0,0.0,0.0,0.0,0.0,0.0,0.0,0.0,0.0,0.0,0.0,0.0,0.0,0.0,48.22763443453082,289.36580660718624,530.5039787798403,1061.0079575596806,1977.3330118157653,4581.625271280436,7716.421509524954,16542.078611044137,29322.401736194817,55992.28357849047,95538.94381480588,165179.64793826855,265782.4933687003,415481.07065348444,466312.9973474801,741982.1557752592,851458.8859416445,938075.7173860623,974246.4432119604,991270.7981673499,997443.9353749697,999662.4065589582,999855.3170966964,1000000.0,1000000.0,1000000.0,1000000.0,1000000.0,1000000.0,1000000.0,1000000.0,1000000.0,1000000.0,1000000.0,1000000.0,1000000.0,1000000.0,1000000.0,1000000.0,1000000.0,1000000.0,1000000.0,1000000.0,1000000.0,1000000.0,1000000.0,1000000.0,0.0,0.0,0.0,0.0,0.0,0.0,0.0,0.0,0.0,0.0,0.0,0.0,0.0,0.0,0.0,0.0,0.0,0.0,0.0,0.0,0.0,0.0,0.0,0.0,0.0,0.0,0.0,0.0,0.0,0.0,0.0,0.0,0.0,0.0,0.0,0.0,0.0,0.0,0.0,0.0,0.0,48.22763443453082,96.4552688690621,626.959247648901,1784.4224740776426,4244.031830238725,12828.550759585236,23052.809259705788,56619.24282613938,113045.57511454061,231347.96238244514,372317.33783457923,567446.3467566916,745743.9112611526,915312.2739329635,970966.9640704123,994694.9602122015,998408.4880636605,999758.8618278273,999807.0894622619,999855.3170966964,999903.5447311308,999903.5447311308,1000000.0,48.22763443453082,48.22763443453082,48.22763443453082,48.22763443453082,48.22763443453082,48.22763443453082,48.22763443453082,48.22763443453082,48.22763443453082,48.22763443453082,48.22763443453082,48.22763443453082,48.22763443453082,48.22763443453082,48.22763443453082,48.22763443453082,48.22763443453082,48.22763443453082,48.22763443453082,48.22763443453082,48.22763443453082,48.22763443453082,48.22763443453082,48.22763443453082,48.22763443453082,48.22763443453082,48.22763443453082,48.22763443453082,48.22763443453082,48.22763443453082,48.22763443453082,48.22763443453082,48.22763443453082,48.22763443453082,48.22763443453082,48.22763443453082,48.22763443453082,48.22763443453082,48.22763443453082,48.22763443453082,48.22763443453082,48.22763443453082,48.22763443453082,48.22763443453082,48.22763443453082,48.22763443453082,48.22763443453082,48.22763443453082,48.22763443453082,48.22763443453082,48.22763443453082,48.22763443453082,48.22763443453082,48.22763443453082,48.22763443453082,48.22763443453082,48.22763443453082,48.22763443453082,48.22763443453082,48.22763443453082,48.22763443453082,96.4552688690621,96.4552688690621,1000000.0
FLINT,MAGNUM03,F,na,na,na,na,2025_03_11-15_02_56,na,3,32,Yes,1,na,144.68290330360517,2990.1133349409165,48.22763443457198,7.0,41.0,62.0,,,,289.36580660718624,4244.031830238796,48.22763443457198,7.0,41.0,62.0,32.0,19.0,12.0,28.0,14.0,9.0,23.0,8.0,7.0,16.0,4.0,5.0,10.0,0.0,4.0,1.0,-7.0,3.0,6.0,-4.0,3.0,0.0,32.0,32.0,51.0,51.0,63.0,0.0,28.0,34.0,48.0,54.0,63.0,0.0,23.0,37.0,45.0,56.0,63.0,3.0,19.0,39.0,43.0,58.0,63.0,5.0,15.0,40.0,40.0,59.0,63.0,7.0,8.0,43.0,36.0,60.0,63.0,6.0,12.0,42.0,38.0,60.0,63.0,8.0,0.0,46.0,4.0,63.0,30.0,63.0,63.0,0.3867980950148927,3.5131311051401255,2.9198638581965346,0.0,30.0,160.0,983795.5148299976,988521.8230045816,992428.2613937786,995080.7812876777,998167.3498914879,999421.2683867855,999855.3170966964,999951.7723655654,1000000.0,1000000.0,1000000.0,1000000.0,1000000.0,1000000.0,1000000.0,1000000.0,1000000.0,1000000.0,1000000.0,1000000.0,1000000.0,1000000.0,1000000.0,1000000.0,1000000.0,1000000.0,1000000.0,1000000.0,1000000.0,1000000.0,1000000.0,1000000.0,1000000.0,1000000.0,1000000.0,1000000.0,1000000.0,1000000.0,1000000.0,1000000.0,1000000.0,1000000.0,1000000.0,1000000.0,1000000.0,1000000.0,1000000.0,1000000.0,1000000.0,1000000.0,1000000.0,1000000.0,1000000.0,1000000.0,1000000.0,1000000.0,1000000.0,1000000.0,1000000.0,1000000.0,1000000.0,1000000.0,1000000.0,1000000.0,0.0,0.0,0.0,0.0,48.22763443453082,48.22763443453082,144.68290330359284,192.91053773812425,289.36580660718624,337.59344104171646,434.04870991077877,482.27634434531,578.7316132143711,675.1868820834334,1205.690860863273,1495.056667470457,2314.926452857486,3183.023872679041,4919.218712322153,6558.958283096219,9356.161080299,13214.371835061467,20159.151193633927,29370.629370629358,43838.91970098867,63901.615625753526,99734.74801061011,140149.50566674717,200482.2763443453,272775.50036170724,377525.92235350853,414468.29033035925,654207.8611044127,762237.7622377622,871907.4029418856,930503.9787798409,966626.4769713045,983168.5555823486,992765.8548348203,996527.6103207137,998746.0815047021,999421.2683867855,999855.3170966964,1000000.0,1000000.0,1000000.0,1000000.0,1000000.0,1000000.0,1000000.0,1000000.0,1000000.0,1000000.0,1000000.0,1000000.0,1000000.0,1000000.0,1000000.0,1000000.0,1000000.0,1000000.0,1000000.0,1000000.0,1000000.0,0.0,0.0,0.0,0.0,0.0,0.0,0.0,0.0,0.0,0.0,0.0,0.0,0.0,0.0,0.0,0.0,0.0,0.0,0.0,0.0,0.0,0.0,0.0,0.0,0.0,0.0,0.0,0.0,0.0,0.0,48.22763443453082,48.22763443453082,48.22763443453082,48.22763443453082,144.68290330359284,192.91053773812425,289.36580660718624,434.04870991077877,675.1868820834334,964.5526886906189,1832.650108512174,3038.3409693754506,5787.316132143714,9934.892693513388,18808.777429467067,32119.60453339764,62068.96551724135,98143.23607427055,169423.67976850737,250783.69905956104,384470.701712081,504509.28381962865,645237.52109959,768748.4928864238,891632.5054256088,945261.6349168073,980033.7593441041,992572.9442970823,997974.4393537496,999421.2683867855,999903.5447311308,999951.7723655654,1000000.0,1000000.0,0.0,0.0,0.0,0.0,0.0,0.0,0.0,0.0,0.0,0.0,0.0,0.0,0.0,0.0,0.0,0.0,0.0,0.0,0.0,0.0,0.0,0.0,0.0,0.0,0.0,0.0,0.0,0.0,0.0,0.0,0.0,0.0,0.0,0.0,0.0,0.0,0.0,0.0,0.0,0.0,0.0,0.0,0.0,0.0,0.0,0.0,0.0,0.0,0.0,0.0,0.0,0.0,0.0,0.0,0.0,0.0,0.0,0.0,0.0,0.0,0.0,0.0,0.0,1000000.0
FLINT,MAGNUM03,F,na,na,na,na,2025_03_11-15_02_56,na,3,33,Yes,1,na,0.0,819.869785387061,0.0,7.5,40.0,61.5,,,,0.0,1109.235591994224,0.0,7.5,40.0,61.5,30.0,20.0,13.0,27.0,16.0,10.0,23.0,11.0,8.0,20.0,7.0,7.0,18.0,3.0,6.0,10.0,-1.0,4.0,14.0,1.0,5.0,0.0,30.0,30.0,50.0,50.0,63.0,0.0,27.0,32.0,48.0,53.0,63.0,0.0,23.0,35.0,46.0,55.0,63.0,0.0,20.0,37.0,44.0,56.0,63.0,0.0,18.0,39.0,42.0,57.0,63.0,4.0,14.0,41.0,40.0,59.0,63.0,2.0,16.0,40.0,41.0,58.0,63.0,6.0,0.0,42.0,9.0,60.0,34.0,63.0,63.0,0.08862388206581968,3.0336632567397337,2.346154546591194,0.0,30.0,160.0,998794.3091391367,999469.4960212201,999758.8618278273,999758.8618278273,999951.7723655654,1000000.0,1000000.0,1000000.0,1000000.0,1000000.0,1000000.0,1000000.0,1000000.0,1000000.0,1000000.0,1000000.0,1000000.0,1000000.0,1000000.0,1000000.0,1000000.0,1000000.0,1000000.0,1000000.0,1000000.0,1000000.0,1000000.0,1000000.0,1000000.0,1000000.0,1000000.0,1000000.0,1000000.0,1000000.0,1000000.0,1000000.0,1000000.0,1000000.0,1000000.0,1000000.0,1000000.0,1000000.0,1000000.0,1000000.0,1000000.0,1000000.0,1000000.0,1000000.0,1000000.0,1000000.0,1000000.0,1000000.0,1000000.0,1000000.0,1000000.0,1000000.0,1000000.0,1000000.0,1000000.0,1000000.0,1000000.0,1000000.0,1000000.0,1000000.0,0.0,0.0,0.0,0.0,0.0,0.0,0.0,0.0,0.0,48.22763443453082,96.4552688690621,144.68290330359284,144.68290330359284,144.68290330359284,289.36580660718624,482.27634434531,771.6421509524955,1253.9184952978064,2122.0159151193625,3086.56860380998,6510.730648661682,10995.900651073063,19725.10248372319,27634.43453098625,52182.30045816258,79816.73498914871,139667.22932240184,189823.96913431393,317723.65565469005,427827.3450687243,602845.4304316373,688256.5710151916,858307.2100313479,911936.3395225464,961128.526645768,977477.694719074,991077.8876296117,995129.0089221123,998360.2604292259,999180.1302146129,999855.3170966964,1000000.0,1000000.0,1000000.0,1000000.0,1000000.0,1000000.0,1000000.0,1000000.0,1000000.0,1000000.0,1000000.0,1000000.0,1000000.0,1000000.0,1000000.0,1000000.0,1000000.0,1000000.0,1000000.0,1000000.0,1000000.0,1000000.0,1000000.0,0.0,0.0,0.0,0.0,0.0,0.0,0.0,0.0,0.0,0.0,0.0,0.0,0.0,0.0,0.0,0.0,0.0,0.0,0.0,0.0,0.0,0.0,0.0,0.0,0.0,0.0,0.0,0.0,0.0,0.0,0.0,0.0,0.0,0.0,48.22763443453082,48.22763443453082,48.22763443453082,96.4552688690621,96.4552688690621,192.91053773812425,434.04870991077877,1012.7803231251486,1929.1053773812387,3568.844948155295,9307.933445864473,18664.09452616349,50397.87798408488,84784.18133590548,182782.73450687242,299975.8861827827,508367.4945743911,630769.2307692308,805305.0397877983,893995.6595129009,967446.3467566915,986303.3518205931,997733.301181577,999324.8131179166,999807.0894622619,999951.7723655654,1000000.0,1000000.0,1000000.0,1000000.0,0.0,0.0,0.0,0.0,0.0,0.0,0.0,0.0,0.0,0.0,0.0,0.0,0.0,0.0,0.0,0.0,0.0,0.0,0.0,0.0,0.0,0.0,0.0,0.0,0.0,0.0,0.0,0.0,0.0,0.0,0.0,0.0,0.0,0.0,0.0,0.0,0.0,0.0,0.0,0.0,0.0,0.0,0.0,0.0,0.0,0.0,0.0,0.0,0.0,0.0,0.0,0.0,0.0,0.0,0.0,0.0,0.0,0.0,0.0,0.0,0.0,0.0,0.0,1000000.0
FLINT,MAGNUM03,F,na,na,na,na,2025_03_11-15_02_56,na,3,34,Yes,1,na,0.0,144.68290330359284,0.0,10.0,41.0,0.0,,,,0.0,192.9105377381648,0.0,10.0,41.0,0.0,32.0,20.0,11.0,28.0,17.0,9.0,25.0,10.0,7.0,21.0,8.0,6.0,16.0,5.0,5.0,12.0,2.0,3.0,14.0,3.0,5.0,0.0,32.0,32.0,52.0,52.0,63.0,0.0,28.0,33.0,50.0,54.0,63.0,0.0,25.0,36.0,46.0,56.0,63.0,1.0,22.0,37.0,45.0,57.0,63.0,4.0,20.0,38.0,43.0,58.0,63.0,5.0,17.0,40.0,42.0,60.0,63.0,4.0,18.0,39.0,42.0,58.0,63.0,6.0,0.0,41.0,14.0,63.0,33.0,63.0,0.0,0.24370685368892608,2.766008848013289,2.349286085736024,0.4374894505865458,30.0,160.0,991222.5705329153,994212.6838678562,996816.9761273209,998360.2604292259,999614.1789245236,999903.5447311308,1000000.0,1000000.0,1000000.0,1000000.0,1000000.0,1000000.0,1000000.0,1000000.0,1000000.0,1000000.0,1000000.0,1000000.0,1000000.0,1000000.0,1000000.0,1000000.0,1000000.0,1000000.0,1000000.0,1000000.0,1000000.0,1000000.0,1000000.0,1000000.0,1000000.0,1000000.0,1000000.0,1000000.0,1000000.0,1000000.0,1000000.0,1000000.0,1000000.0,1000000.0,1000000.0,1000000.0,1000000.0,1000000.0,1000000.0,1000000.0,1000000.0,1000000.0,1000000.0,1000000.0,1000000.0,1000000.0,1000000.0,1000000.0,1000000.0,1000000.0,1000000.0,1000000.0,1000000.0,1000000.0,1000000.0,1000000.0,1000000.0,1000000.0,0.0,0.0,0.0,0.0,0.0,0.0,0.0,0.0,0.0,0.0,0.0,0.0,0.0,0.0,48.22763443453082,96.4552688690621,192.91053773812425,241.13817217265407,578.7316132143711,964.5526886906189,1639.7395707740552,3086.56860380998,6607.1859175307445,10754.762478900398,20255.606462503023,36411.8639980709,67808.05401495053,115071.13576079097,185724.6202073788,283626.71810947673,420834.3380757173,494429.70822281163,750614.9023390403,851169.5201350371,930455.7511454063,969616.5903062455,988618.2782734506,995659.5129008922,998890.7644080058,999614.1789245236,999951.7723655654,1000000.0,1000000.0,1000000.0,1000000.0,1000000.0,1000000.0,1000000.0,1000000.0,1000000.0,1000000.0,1000000.0,1000000.0,1000000.0,1000000.0,1000000.0,1000000.0,1000000.0,1000000.0,1000000.0,1000000.0,1000000.0,1000000.0,1000000.0,0.0,0.0,0.0,0.0,0.0,0.0,0.0,0.0,0.0,0.0,0.0,0.0,0.0,0.0,0.0,0.0,0.0,0.0,0.0,0.0,0.0,0.0,0.0,0.0,0.0,0.0,0.0,0.0,0.0,0.0,0.0,0.0,0.0,48.22763443453082,48.22763443453082,48.22763443453082,48.22763443453082,48.22763443453082,48.22763443453082,48.22763443453082,144.68290330359284,192.91053773812425,964.5526886906189,2170.2435495538875,4581.625271280436,9259.705811429942,23101.036894140365,36026.04292259466,81842.29563539907,147914.15481070647,273643.5977815288,402652.51989389915,573474.8010610079,737738.1239450205,896841.0899445382,957752.5922353509,990402.7007475282,997154.5695683626,999614.1789245236,999855.3170966964,999903.5447311308,999903.5447311308,999903.5447311308,1000000.0,48.22763443453082,48.22763443453082,48.22763443453082,48.22763443453082,48.22763443453082,48.22763443453082,48.22763443453082,48.22763443453082,48.22763443453082,48.22763443453082,48.22763443453082,48.22763443453082,48.22763443453082,48.22763443453082,48.22763443453082,48.22763443453082,48.22763443453082,48.22763443453082,48.22763443453082,48.22763443453082,48.22763443453082,48.22763443453082,48.22763443453082,48.22763443453082,48.22763443453082,48.22763443453082,48.22763443453082,48.22763443453082,48.22763443453082,48.22763443453082,48.22763443453082,48.22763443453082,48.22763443453082,48.22763443453082,48.22763443453082,48.22763443453082,48.22763443453082,48.22763443453082,48.22763443453082,48.22763443453082,48.22763443453082,48.22763443453082,48.22763443453082,48.22763443453082,48.22763443453082,48.22763443453082,48.22763443453082,48.22763443453082,48.22763443453082,48.22763443453082,48.22763443453082,48.22763443453082,48.22763443453082,48.22763443453082,48.22763443453082,48.22763443453082,48.22763443453082,48.22763443453082,48.22763443453082,48.22763443453082,48.22763443453082,48.22763443453082,48.22763443453082,1000000.0
FLINT,MAGNUM03,F,na,na,na,na,2025_03_11-15_02_56,na,3,35,Yes,1,na,0.0,385.8210754763569,723.4145165180289,11.5,41.0,61.0,,,,0.0,723.4145165180734,723.4145165180289,11.5,41.0,61.0,32.0,20.0,11.0,29.0,15.0,9.0,23.0,10.0,7.0,18.0,7.0,6.0,13.0,3.0,4.0,10.0,-2.0,0.0,11.0,2.0,0.0,0.0,32.0,32.0,52.0,52.0,63.0,0.0,29.0,35.0,50.0,54.0,63.0,2.0,25.0,37.0,47.0,56.0,63.0,4.0,22.0,38.0,45.0,57.0,63.0,6.0,19.0,40.0,43.0,59.0,63.0,6.0,16.0,42.0,40.0,63.0,63.0,6.0,17.0,40.0,42.0,63.0,63.0,9.0,0.0,42.0,14.0,63.0,32.0,63.0,63.0,0.5832846734186062,3.0162554411420603,2.466405825883082,0.0,30.0,160.0,955919.9421268386,971642.1509524958,982830.962141307,989486.3756932722,995418.3747287195,998553.1709669641,999903.5447311308,999951.7723655654,1000000.0,1000000.0,1000000.0,1000000.0,1000000.0,1000000.0,1000000.0,1000000.0,1000000.0,1000000.0,1000000.0,1000000.0,1000000.0,1000000.0,1000000.0,1000000.0,1000000.0,1000000.0,1000000.0,1000000.0,1000000.0,1000000.0,1000000.0,1000000.0,1000000.0,1000000.0,1000000.0,1000000.0,1000000.0,1000000.0,1000000.0,1000000.0,1000000.0,1000000.0,1000000.0,1000000.0,1000000.0,1000000.0,1000000.0,1000000.0,1000000.0,1000000.0,1000000.0,1000000.0,1000000.0,1000000.0,1000000.0,1000000.0,1000000.0,1000000.0,1000000.0,1000000.0,1000000.0,1000000.0,1000000.0,1000000.0,0.0,0.0,0.0,0.0,0.0,0.0,0.0,0.0,0.0,0.0,0.0,0.0,0.0,0.0,48.22763443453082,96.4552688690621,289.36580660718624,626.959247648901,964.5526886906189,1495.056667470457,2459.609356161082,4629.85290571497,8150.470219435744,12925.006028454296,20689.655172413797,32408.970340004777,55075.958524234404,81697.61273209541,130069.93006993001,196672.29322401737,288353.02628406073,317723.65565469005,568748.492886424,700024.1138172172,838003.3759344104,910827.1039305521,965227.8755727031,986785.6281649384,994936.0983843743,997685.0735471424,999614.1789245236,999855.3170966964,1000000.0,1000000.0,1000000.0,1000000.0,1000000.0,1000000.0,1000000.0,1000000.0,1000000.0,1000000.0,1000000.0,1000000.0,1000000.0,1000000.0,1000000.0,1000000.0,1000000.0,1000000.0,1000000.0,1000000.0,1000000.0,1000000.0,0.0,0.0,0.0,0.0,0.0,0.0,0.0,0.0,0.0,0.0,0.0,0.0,0.0,0.0,0.0,0.0,0.0,0.0,0.0,0.0,0.0,0.0,0.0,0.0,0.0,0.0,0.0,0.0,0.0,0.0,0.0,0.0,48.22763443453082,48.22763443453082,48.22763443453082,48.22763443453082,48.22763443453082,48.22763443453082,48.22763443453082,96.4552688690621,241.13817217265407,385.82107547624787,723.414516517964,1832.650108512174,3858.2107547624714,8439.836026042916,21123.70388232458,35881.36001929101,82903.30359295872,148734.02459609354,268483.24089703395,377429.4670846395,543525.4400771642,696455.268869062,861731.3720761996,936339.5225464191,983602.6042922594,994887.8707499397,998601.3986013986,999083.6749457439,999276.585483482,999373.040752351,999373.040752351,1000000.0,0.0,0.0,0.0,0.0,0.0,0.0,0.0,0.0,0.0,0.0,0.0,0.0,0.0,0.0,0.0,0.0,0.0,0.0,0.0,0.0,0.0,0.0,0.0,0.0,0.0,0.0,0.0,0.0,0.0,0.0,0.0,0.0,0.0,0.0,0.0,0.0,0.0,0.0,0.0,0.0,0.0,0.0,0.0,0.0,0.0,0.0,0.0,0.0,0.0,0.0,0.0,0.0,0.0,0.0,0.0,0.0,0.0,0.0,0.0,0.0,0.0,0.0,0.0,1000000.0
FLINT,MAGNUM03,F,na,na,na,na,2025_03_11-15_02_56,na,3,36,Yes,1,na,0.0,289.36580660718624,0.0,10.0,41.0,0.0,,,,0.0,434.0487099108167,0.0,10.0,41.0,0.0,32.0,20.0,11.0,28.0,16.0,9.0,24.0,11.0,7.0,19.0,8.0,6.0,15.0,6.0,5.0,10.0,0.0,4.0,12.0,3.0,5.0,0.0,32.0,32.0,52.0,52.0,63.0,0.0,28.0,34.0,50.0,54.0,63.0,1.0,25.0,36.0,47.0,56.0,63.0,3.0,22.0,37.0,45.0,57.0,63.0,4.0,19.0,38.0,44.0,58.0,63.0,6.0,16.0,41.0,41.0,59.0,63.0,5.0,17.0,39.0,42.0,58.0,63.0,7.0,0.0,42.0,13.0,63.0,40.0,63.0,0.0,0.4092019372288998,2.776996655309303,2.2501427607212507,0.4374894505865458,30.0,160.0,972269.1102001446,982011.0923559199,991319.0258017844,995755.9681697612,998746.0815047021,999758.8618278273,1000000.0,1000000.0,1000000.0,1000000.0,1000000.0,1000000.0,1000000.0,1000000.0,1000000.0,1000000.0,1000000.0,1000000.0,1000000.0,1000000.0,1000000.0,1000000.0,1000000.0,1000000.0,1000000.0,1000000.0,1000000.0,1000000.0,1000000.0,1000000.0,1000000.0,1000000.0,1000000.0,1000000.0,1000000.0,1000000.0,1000000.0,1000000.0,1000000.0,1000000.0,1000000.0,1000000.0,1000000.0,1000000.0,1000000.0,1000000.0,1000000.0,1000000.0,1000000.0,1000000.0,1000000.0,1000000.0,1000000.0,1000000.0,1000000.0,1000000.0,1000000.0,1000000.0,1000000.0,1000000.0,1000000.0,1000000.0,1000000.0,1000000.0,0.0,0.0,0.0,0.0,0.0,0.0,0.0,0.0,0.0,0.0,0.0,0.0,0.0,48.22763443453082,48.22763443453082,144.68290330359284,434.04870991077877,626.959247648901,1061.0079575596806,1639.7395707740552,2700.747528333735,4340.487099107789,7523.510971786837,11671.08753315649,21364.842054497214,34772.12442729683,63081.74584036649,101374.48758138412,172558.47600675194,261876.05497950318,398312.0327947914,447938.2686279238,731323.8485652278,836797.6850735472,926693.9956595128,968748.4928864238,988328.9124668434,995997.1063419338,998746.0815047021,999565.9512900892,999807.0894622619,1000000.0,1000000.0,1000000.0,1000000.0,1000000.0,1000000.0,1000000.0,1000000.0,1000000.0,1000000.0,1000000.0,1000000.0,1000000.0,1000000.0,1000000.0,1000000.0,1000000.0,1000000.0,1000000.0,1000000.0,1000000.0,1000000.0,1000000.0,0.0,0.0,0.0,0.0,0.0,0.0,0.0,0.0,0.0,0.0,0.0,0.0,0.0,0.0,0.0,0.0,0.0,0.0,0.0,0.0,0.0,0.0,0.0,0.0,0.0,0.0,0.0,0.0,0.0,0.0,0.0,0.0,0.0,0.0,0.0,0.0,0.0,0.0,0.0,0.0,48.22763443453082,337.59344104171646,819.8697853870253,1350.373764166866,3520.617313720762,7475.283337352298,18230.045816252703,30142.271521581883,73306.0043404871,138461.5384615384,254352.54400771635,390258.0178442247,572799.6141789245,739715.4569568363,905232.6983361467,962334.2175066313,992572.9442970823,998408.4880636605,999758.8618278273,999903.5447311308,999903.5447311308,999951.7723655654,999951.7723655654,1000000.0,48.22763443453082,48.22763443453082,48.22763443453082,48.22763443453082,48.22763443453082,48.22763443453082,48.22763443453082,48.22763443453082,48.22763443453082,48.22763443453082,48.22763443453082,48.22763443453082,48.22763443453082,48.22763443453082,48.22763443453082,48.22763443453082,48.22763443453082,48.22763443453082,48.22763443453082,48.22763443453082,48.22763443453082,48.22763443453082,48.22763443453082,48.22763443453082,48.22763443453082,48.22763443453082,48.22763443453082,48.22763443453082,48.22763443453082,48.22763443453082,48.22763443453082,48.22763443453082,48.22763443453082,48.22763443453082,48.22763443453082,48.22763443453082,48.22763443453082,48.22763443453082,48.22763443453082,48.22763443453082,48.22763443453082,48.22763443453082,48.22763443453082,48.22763443453082,48.22763443453082,48.22763443453082,48.22763443453082,48.22763443453082,48.22763443453082,48.22763443453082,48.22763443453082,48.22763443453082,48.22763443453082,48.22763443453082,48.22763443453082,48.22763443453082,48.22763443453082,48.22763443453082,48.22763443453082,48.22763443453082,48.22763443453082,48.22763443453082,48.22763443453082,1000000.0
FLINT,MAGNUM03,F,na,na,na,na,2025_03_11-15_02_56,na,3,37,Yes,1,na,0.0,434.04870991077877,0.0,9.5,41.5,61.5,,,,0.0,434.04870991077877,0.0,9.5,41.5,61.5,31.0,20.0,12.0,28.0,16.0,10.0,25.0,11.0,7.0,21.0,9.0,7.0,17.0,6.0,5.0,13.0,1.0,5.0,16.0,3.0,5.0,0.0,31.0,31.0,51.0,51.0,63.0,0.0,28.0,33.0,49.0,53.0,63.0,0.0,25.0,36.0,47.0,56.0,63.0,1.0,22.0,37.0,46.0,56.0,63.0,3.0,20.0,38.0,44.0,58.0,63.0,4.0,17.0,41.0,42.0,58.0,63.0,3.0,19.0,40.0,43.0,58.0,63.0,5.0,0.0,41.0,14.0,61.0,40.0,63.0,62.0,0.19964927733519636,2.736817139652903,2.178419015369023,0.009820453887798475,30.0,160.0,987605.4979503255,994068.0009645526,998697.8538702676,999662.4065589582,1000000.0,1000000.0,1000000.0,1000000.0,1000000.0,1000000.0,1000000.0,1000000.0,1000000.0,1000000.0,1000000.0,1000000.0,1000000.0,1000000.0,1000000.0,1000000.0,1000000.0,1000000.0,1000000.0,1000000.0,1000000.0,1000000.0,1000000.0,1000000.0,1000000.0,1000000.0,1000000.0,1000000.0,1000000.0,1000000.0,1000000.0,1000000.0,1000000.0,1000000.0,1000000.0,1000000.0,1000000.0,1000000.0,1000000.0,1000000.0,1000000.0,1000000.0,1000000.0,1000000.0,1000000.0,1000000.0,1000000.0,1000000.0,1000000.0,1000000.0,1000000.0,1000000.0,1000000.0,1000000.0,1000000.0,1000000.0,1000000.0,1000000.0,1000000.0,1000000.0,0.0,0.0,0.0,0.0,0.0,0.0,0.0,0.0,0.0,0.0,0.0,0.0,0.0,0.0,48.22763443453082,96.4552688690621,144.68290330359284,241.13817217265407,482.27634434531,819.8697853870253,1880.8777429467057,3086.56860380998,6655.413551965274,11092.355919942114,20930.793344586447,35591.994212683836,72486.13455510004,114540.63178201119,201495.05666747046,312707.98167349887,476151.4347721244,512515.0711357608,789872.1967687485,872486.1345550999,941355.1965276102,970436.4600916324,989775.7414998794,995707.7405353268,998746.0815047021,999517.7236556546,999855.3170966964,1000000.0,1000000.0,1000000.0,1000000.0,1000000.0,1000000.0,1000000.0,1000000.0,1000000.0,1000000.0,1000000.0,1000000.0,1000000.0,1000000.0,1000000.0,1000000.0,1000000.0,1000000.0,1000000.0,1000000.0,1000000.0,1000000.0,1000000.0,0.0,0.0,0.0,0.0,0.0,0.0,0.0,0.0,0.0,0.0,0.0,0.0,0.0,0.0,0.0,0.0,0.0,0.0,0.0,0.0,0.0,0.0,0.0,0.0,0.0,0.0,0.0,0.0,0.0,0.0,0.0,0.0,0.0,0.0,0.0,0.0,0.0,0.0,0.0,0.0,144.68290330359284,144.68290330359284,482.27634434531,1012.7803231251486,2170.2435495538875,5160.356884494808,17072.58258982395,36122.49819146372,105425.60887388469,219146.37087050875,438437.42464432115,589245.2375210996,755485.8934169279,855751.1454063177,942367.9768507354,971979.7443935374,994405.5944055944,998649.626235833,999951.7723655654,999951.7723655654,1000000.0,1000000.0,1000000.0,1000000.0,0.0,0.0,0.0,0.0,0.0,0.0,0.0,0.0,0.0,0.0,0.0,0.0,0.0,0.0,0.0,0.0,0.0,0.0,0.0,0.0,0.0,0.0,0.0,0.0,0.0,0.0,0.0,0.0,0.0,0.0,0.0,0.0,0.0,0.0,0.0,0.0,0.0,0.0,0.0,0.0,0.0,0.0,0.0,0.0,0.0,0.0,0.0,0.0,0.0,0.0,0.0,0.0,0.0,0.0,0.0,0.0,0.0,0.0,0.0,0.0,0.0,0.0,96.4552688690621,1000000.0
FLINT,MAGNUM03,F,na,na,na,na,2025_03_11-15_02_56,na,3,38,Yes,1,na,0.0,0.0,0.0,12.5,41.5,60.0,,,,0.0,0.0,0.0,12.5,41.5,60.0,32.0,21.0,10.0,29.0,16.0,9.0,25.0,12.0,7.0,21.0,10.0,7.0,17.0,7.0,6.0,13.0,4.0,5.0,15.0,5.0,5.0,0.0,32.0,32.0,53.0,53.0,63.0,0.0,29.0,34.0,50.0,54.0,63.0,1.0,26.0,36.0,48.0,56.0,63.0,3.0,24.0,37.0,47.0,56.0,63.0,5.0,22.0,38.0,45.0,57.0,63.0,6.0,19.0,40.0,44.0,58.0,63.0,5.0,20.0,39.0,44.0,58.0,63.0,8.0,0.0,41.0,17.0,59.0,42.0,63.0,61.0,0.4252405117080904,2.5006310690772158,1.9208106118604724,0.021958355173500196,30.0,160.0,974149.9879430914,982059.3199903545,990933.2047263081,994453.8220400289,998456.7156980949,999662.4065589582,1000000.0,1000000.0,1000000.0,1000000.0,1000000.0,1000000.0,1000000.0,1000000.0,1000000.0,1000000.0,1000000.0,1000000.0,1000000.0,1000000.0,1000000.0,1000000.0,1000000.0,1000000.0,1000000.0,1000000.0,1000000.0,1000000.0,1000000.0,1000000.0,1000000.0,1000000.0,1000000.0,1000000.0,1000000.0,1000000.0,1000000.0,1000000.0,1000000.0,1000000.0,1000000.0,1000000.0,1000000.0,1000000.0,1000000.0,1000000.0,1000000.0,1000000.0,1000000.0,1000000.0,1000000.0,1000000.0,1000000.0,1000000.0,1000000.0,1000000.0,1000000.0,1000000.0,1000000.0,1000000.0,1000000.0,1000000.0,1000000.0,1000000.0,0.0,0.0,0.0,0.0,0.0,0.0,0.0,0.0,0.0,0.0,0.0,0.0,0.0,0.0,0.0,0.0,0.0,96.4552688690621,144.68290330359284,241.13817217265407,675.1868820834334,1205.690860863273,2604.2922594646707,4292.259464673261,8922.112370388226,16397.39570774054,37376.41668676151,65686.03809983116,125295.39426091146,201687.96720520855,337931.0344827586,378779.84084880626,684398.3602604292,803231.2515071133,916855.5582348686,963202.3149264528,988618.2782734506,996720.5208584518,999324.8131179166,999807.0894622619,999951.7723655654,1000000.0,1000000.0,1000000.0,1000000.0,1000000.0,1000000.0,1000000.0,1000000.0,1000000.0,1000000.0,1000000.0,1000000.0,1000000.0,1000000.0,1000000.0,1000000.0,1000000.0,1000000.0,1000000.0,1000000.0,1000000.0,1000000.0,1000000.0,0.0,0.0,0.0,0.0,0.0,0.0,0.0,0.0,0.0,0.0,0.0,0.0,0.0,0.0,0.0,0.0,0.0,0.0,0.0,0.0,0.0,0.0,0.0,0.0,0.0,0.0,0.0,0.0,0.0,0.0,0.0,0.0,0.0,0.0,0.0,0.0,0.0,0.0,0.0,0.0,0.0,0.0,48.22763443453082,144.68290330359284,626.959247648901,1446.829033035929,4340.487099107789,9356.161080299,29033.035929587655,63467.566915842755,159633.46997829754,280395.46660236316,480781.2876778394,669688.9317578973,882565.7101519168,957222.088256571,993923.318061249,998890.7644080058,1000000.0,1000000.0,1000000.0,1000000.0,1000000.0,1000000.0,0.0,0.0,0.0,0.0,0.0,0.0,0.0,0.0,0.0,0.0,0.0,0.0,0.0,0.0,0.0,0.0,0.0,0.0,0.0,0.0,0.0,0.0,0.0,0.0,0.0,0.0,0.0,0.0,0.0,0.0,0.0,0.0,0.0,0.0,0.0,0.0,0.0,0.0,0.0,0.0,0.0,0.0,0.0,0.0,0.0,0.0,0.0,0.0,0.0,0.0,0.0,0.0,0.0,0.0,0.0,0.0,0.0,0.0,0.0,0.0,0.0,96.4552688690621,192.91053773812425,1000000.0
FLINT,MAGNUM03,F,na,na,na,na,2025_03_11-15_02_56,na,3,39,Yes,1,na,0.0,241.13817217265407,0.0,9.0,41.0,61.5,,,,0.0,241.13817217265407,0.0,9.0,41.0,61.5,30.0,21.0,12.0,27.0,16.0,10.0,24.0,11.0,8.0,20.0,8.0,7.0,16.0,5.0,6.0,12.0,1.0,5.0,14.0,3.0,5.0,0.0,30.0,30.0,51.0,51.0,63.0,0.0,27.0,33.0,49.0,53.0,63.0,0.0,24.0,35.0,46.0,55.0,63.0,1.0,21.0,37.0,45.0,56.0,63.0,2.0,18.0,38.0,43.0,57.0,63.0,4.0,16.0,40.0,41.0,58.0,63.0,3.0,17.0,39.0,42.0,58.0,63.0,4.0,0.0,40.0,14.0,60.0,39.0,63.0,63.0,0.15926023941694925,2.901699847104098,2.2218841248442214,0.0,30.0,160.0,990740.29418857,996190.0168796721,999517.7236556546,999758.8618278273,1000000.0,1000000.0,1000000.0,1000000.0,1000000.0,1000000.0,1000000.0,1000000.0,1000000.0,1000000.0,1000000.0,1000000.0,1000000.0,1000000.0,1000000.0,1000000.0,1000000.0,1000000.0,1000000.0,1000000.0,1000000.0,1000000.0,1000000.0,1000000.0,1000000.0,1000000.0,1000000.0,1000000.0,1000000.0,1000000.0,1000000.0,1000000.0,1000000.0,1000000.0,1000000.0,1000000.0,1000000.0,1000000.0,1000000.0,1000000.0,1000000.0,1000000.0,1000000.0,1000000.0,1000000.0,1000000.0,1000000.0,1000000.0,1000000.0,1000000.0,1000000.0,1000000.0,1000000.0,1000000.0,1000000.0,1000000.0,1000000.0,1000000.0,1000000.0,1000000.0,0.0,0.0,0.0,0.0,0.0,0.0,0.0,0.0,0.0,0.0,0.0,0.0,0.0,0.0,144.68290330359284,144.68290330359284,385.82107547624787,916.3250542560885,1784.4224740776426,2411.3817217265464,5015.673981191222,7957.559681697602,14468.290330359305,22377.6223776224,37087.05088015431,59127.07981673499,111212.92500602853,164745.5992283578,262406.5589582831,384904.7504219918,550856.0405112129,620930.7933445865,833277.0677598263,903930.5522064142,961610.8029901133,978779.8408488063,992765.8548348203,996672.2932240173,999131.9025801783,999662.4065589582,1000000.0,1000000.0,1000000.0,1000000.0,1000000.0,1000000.0,1000000.0,1000000.0,1000000.0,1000000.0,1000000.0,1000000.0,1000000.0,1000000.0,1000000.0,1000000.0,1000000.0,1000000.0,1000000.0,1000000.0,1000000.0,1000000.0,1000000.0,1000000.0,0.0,0.0,0.0,0.0,0.0,0.0,0.0,0.0,0.0,0.0,0.0,0.0,0.0,0.0,0.0,0.0,0.0,0.0,0.0,0.0,0.0,0.0,0.0,0.0,0.0,0.0,0.0,0.0,0.0,0.0,0.0,0.0,0.0,0.0,0.0,0.0,0.0,0.0,0.0,48.22763443453082,96.4552688690621,289.36580660718624,771.6421509524955,1591.5119363395213,4340.487099107789,10947.673016638537,29467.08463949845,54931.27562093078,122353.50856040517,226428.743670123,436942.3679768507,561948.396431155,746949.6021220159,865927.1762720038,959295.8765372558,984229.5635399083,997251.0248372317,999421.2683867855,999951.7723655654,1000000.0,1000000.0,1000000.0,1000000.0,1000000.0,0.0,0.0,0.0,0.0,0.0,0.0,0.0,0.0,0.0,0.0,0.0,0.0,0.0,0.0,0.0,0.0,0.0,0.0,0.0,0.0,0.0,0.0,0.0,0.0,0.0,0.0,0.0,0.0,0.0,0.0,0.0,0.0,0.0,0.0,0.0,0.0,0.0,0.0,0.0,0.0,0.0,0.0,0.0,0.0,0.0,0.0,0.0,0.0,0.0,0.0,0.0,0.0,0.0,0.0,0.0,0.0,0.0,0.0,0.0,0.0,0.0,0.0,0.0,1000000.0
FLINT,MAGNUM03,F,na,na,na,na,2025_03_11-15_02_56,na,3,40,Yes,1,na,0.0,0.0,0.0,11.5,41.0,61.0,,,,0.0,0.0,0.0,11.5,41.0,61.0,32.0,20.0,11.0,29.0,16.0,9.0,23.0,12.0,7.0,19.0,9.0,7.0,16.0,6.0,6.0,11.0,3.0,5.0,14.0,4.0,5.0,0.0,32.0,32.0,52.0,52.0,63.0,0.0,29.0,34.0,50.0,54.0,63.0,2.0,25.0,36.0,48.0,56.0,63.0,4.0,23.0,37.0,46.0,56.0,63.0,5.0,21.0,38.0,44.0,57.0,63.0,7.0,18.0,40.0,43.0,58.0,63.0,6.0,20.0,39.0,43.0,58.0,63.0,7.0,0.0,40.0,16.0,60.0,42.0,63.0,62.0,0.5027453037445394,2.603917500922176,2.0451653752240806,0.006944276993437237,30.0,160.0,960405.1121292501,975210.995900651,986978.5387026767,993151.6759102965,997636.845912708,999276.585483482,999855.3170966964,1000000.0,1000000.0,1000000.0,1000000.0,1000000.0,1000000.0,1000000.0,1000000.0,1000000.0,1000000.0,1000000.0,1000000.0,1000000.0,1000000.0,1000000.0,1000000.0,1000000.0,1000000.0,1000000.0,1000000.0,1000000.0,1000000.0,1000000.0,1000000.0,1000000.0,1000000.0,1000000.0,1000000.0,1000000.0,1000000.0,1000000.0,1000000.0,1000000.0,1000000.0,1000000.0,1000000.0,1000000.0,1000000.0,1000000.0,1000000.0,1000000.0,1000000.0,1000000.0,1000000.0,1000000.0,1000000.0,1000000.0,1000000.0,1000000.0,1000000.0,1000000.0,1000000.0,1000000.0,1000000.0,1000000.0,1000000.0,1000000.0,0.0,0.0,0.0,0.0,0.0,0.0,0.0,0.0,0.0,0.0,0.0,0.0,0.0,0.0,0.0,0.0,96.4552688690621,144.68290330359284,241.13817217265407,482.27634434531,1157.4632264287443,2314.926452857486,4051.121292500604,6510.730648661682,13166.144200626935,24451.41065830721,46539.66722932241,74993.97154569572,136243.0672775501,218181.81818181815,344104.1716903786,394357.36677115987,689028.2131661442,814709.4285025321,917771.8832891246,961755.4858934169,987894.8637569327,995707.7405353268,999228.3578490474,999758.8618278273,1000000.0,1000000.0,1000000.0,1000000.0,1000000.0,1000000.0,1000000.0,1000000.0,1000000.0,1000000.0,1000000.0,1000000.0,1000000.0,1000000.0,1000000.0,1000000.0,1000000.0,1000000.0,1000000.0,1000000.0,1000000.0,1000000.0,1000000.0,1000000.0,0.0,0.0,0.0,0.0,0.0,0.0,0.0,0.0,0.0,0.0,0.0,0.0,0.0,0.0,0.0,0.0,0.0,0.0,0.0,0.0,0.0,0.0,0.0,0.0,0.0,0.0,0.0,0.0,0.0,0.0,0.0,0.0,0.0,0.0,0.0,0.0,0.0,0.0,0.0,0.0,0.0,0.0,192.91053773812425,626.959247648901,1591.5119363395213,3954.6660236315374,10465.39667229322,18760.549795032555,47070.171208102285,94477.93585724618,201832.65010851214,310489.51048951043,518109.4767301664,711839.8842536773,900795.7559681697,964986.7374005304,995273.6918254159,999421.2683867855,999951.7723655654,1000000.0,1000000.0,1000000.0,1000000.0,1000000.0,0.0,0.0,0.0,0.0,0.0,0.0,0.0,0.0,0.0,0.0,0.0,0.0,0.0,0.0,0.0,0.0,0.0,0.0,0.0,0.0,0.0,0.0,0.0,0.0,0.0,0.0,0.0,0.0,0.0,0.0,0.0,0.0,0.0,0.0,0.0,0.0,0.0,0.0,0.0,0.0,0.0,0.0,0.0,0.0,0.0,0.0,0.0,0.0,0.0,0.0,0.0,0.0,0.0,0.0,0.0,0.0,0.0,0.0,0.0,0.0,0.0,0.0,48.22763443453082,1000000.0
FLINT,MAGNUM03,F,na,na,na,na,2025_03_11-15_02_56,na,3,41,Yes,1,na,48.22763443453082,771.6421509525992,626.9592476489951,10.0,41.0,60.0,,,,48.22763443453082,1205.690860863378,626.9592476489951,10.0,41.0,60.0,32.0,20.0,11.0,29.0,15.0,9.0,23.0,9.0,7.0,17.0,6.0,5.0,12.0,3.0,4.0,6.0,-2.0,0.0,10.0,1.0,3.0,0.0,32.0,32.0,52.0,52.0,63.0,0.0,29.0,34.0,49.0,54.0,63.0,1.0,24.0,37.0,46.0,56.0,63.0,4.0,21.0,38.0,44.0,58.0,63.0,5.0,17.0,40.0,43.0,59.0,63.0,7.0,13.0,42.0,40.0,63.0,63.0,6.0,16.0,41.0,42.0,60.0,63.0,9.0,0.0,44.0,8.0,63.0,39.0,63.0,63.0,0.45106656846686743,3.243003302444719,2.6004510167723276,0.0,30.0,160.0,976513.1420303833,983409.6937545212,991222.5705329153,993778.6351579454,997347.4801061008,998842.5367735712,999662.4065589582,999903.5447311308,1000000.0,1000000.0,1000000.0,1000000.0,1000000.0,1000000.0,1000000.0,1000000.0,1000000.0,1000000.0,1000000.0,1000000.0,1000000.0,1000000.0,1000000.0,1000000.0,1000000.0,1000000.0,1000000.0,1000000.0,1000000.0,1000000.0,1000000.0,1000000.0,1000000.0,1000000.0,1000000.0,1000000.0,1000000.0,1000000.0,1000000.0,1000000.0,1000000.0,1000000.0,1000000.0,1000000.0,1000000.0,1000000.0,1000000.0,1000000.0,1000000.0,1000000.0,1000000.0,1000000.0,1000000.0,1000000.0,1000000.0,1000000.0,1000000.0,1000000.0,1000000.0,1000000.0,1000000.0,1000000.0,1000000.0,1000000.0,0.0,0.0,0.0,0.0,0.0,0.0,0.0,0.0,48.22763443453082,48.22763443453082,48.22763443453082,96.4552688690621,96.4552688690621,241.13817217265407,434.04870991077877,482.27634434531,916.3250542560885,1398.601398601398,2218.471183988428,3134.7962382445157,4388.714733542319,7089.462261876058,11960.453339763686,17603.08656860379,28695.442488545894,42633.228840125375,71859.17530745117,103158.91005546169,158186.64094526164,230045.8162527128,328912.4668435012,356884.49481552927,593392.8140824692,716807.330600434,847986.4962623584,910682.4210272486,960983.8437424643,983602.6042922594,994116.2285989872,997347.4801061008,999228.3578490474,999710.6341933928,1000000.0,1000000.0,1000000.0,1000000.0,1000000.0,1000000.0,1000000.0,1000000.0,1000000.0,1000000.0,1000000.0,1000000.0,1000000.0,1000000.0,1000000.0,1000000.0,1000000.0,1000000.0,1000000.0,1000000.0,1000000.0,1000000.0,0.0,0.0,0.0,0.0,0.0,0.0,0.0,0.0,0.0,0.0,0.0,0.0,0.0,0.0,0.0,0.0,0.0,0.0,0.0,0.0,0.0,0.0,0.0,0.0,0.0,0.0,0.0,0.0,0.0,0.0,0.0,0.0,0.0,0.0,0.0,0.0,0.0,0.0,0.0,48.22763443453082,241.13817217265407,482.27634434531,1205.690860863273,2507.836990595609,6462.5030142271535,13455.510007234145,30335.18205931997,51796.47938268629,102869.54424885464,177622.3776223776,304461.05618519406,411333.4940921148,575452.1340728237,716903.785869303,866795.2736918255,933301.1815770436,981287.677839402,993392.8140824692,998601.3986013986,999373.040752351,999614.1789245236,999614.1789245236,999614.1789245236,1000000.0,0.0,0.0,0.0,0.0,0.0,0.0,0.0,0.0,0.0,0.0,0.0,0.0,0.0,0.0,0.0,0.0,0.0,0.0,0.0,0.0,0.0,0.0,0.0,0.0,0.0,0.0,0.0,0.0,0.0,0.0,0.0,0.0,0.0,0.0,0.0,0.0,0.0,0.0,0.0,0.0,0.0,0.0,0.0,0.0,0.0,0.0,0.0,0.0,0.0,0.0,0.0,0.0,0.0,0.0,0.0,0.0,0.0,0.0,0.0,0.0,0.0,0.0,0.0,1000000.0
FLINT,MAGNUM03,F,na,na,na,na,2025_03_11-15_02_56,na,3,42,Yes,1,na,144.68290330359284,1253.9184952978064,0.0,9.0,41.0,61.5,,,,144.68290330359284,1929.1053773812616,0.0,9.0,41.0,61.5,32.0,20.0,11.0,28.0,15.0,9.0,24.0,10.0,7.0,17.0,6.0,6.0,11.0,2.0,5.0,4.0,-4.0,3.0,8.0,-1.0,4.0,0.0,32.0,32.0,52.0,52.0,63.0,0.0,28.0,34.0,49.0,54.0,63.0,0.0,24.0,36.0,46.0,56.0,63.0,3.0,20.0,38.0,44.0,57.0,63.0,5.0,16.0,40.0,42.0,58.0,63.0,7.0,11.0,42.0,38.0,60.0,63.0,6.0,14.0,41.0,40.0,59.0,63.0,8.0,0.0,42.0,0.0,60.0,36.0,63.0,63.0,0.37102978876665527,3.1340604734451296,2.636816681500845,0.0,30.0,160.0,983554.3766578248,987943.0913913671,993151.6759102965,995997.1063419338,998601.3986013986,999421.2683867855,999807.0894622619,1000000.0,1000000.0,1000000.0,1000000.0,1000000.0,1000000.0,1000000.0,1000000.0,1000000.0,1000000.0,1000000.0,1000000.0,1000000.0,1000000.0,1000000.0,1000000.0,1000000.0,1000000.0,1000000.0,1000000.0,1000000.0,1000000.0,1000000.0,1000000.0,1000000.0,1000000.0,1000000.0,1000000.0,1000000.0,1000000.0,1000000.0,1000000.0,1000000.0,1000000.0,1000000.0,1000000.0,1000000.0,1000000.0,1000000.0,1000000.0,1000000.0,1000000.0,1000000.0,1000000.0,1000000.0,1000000.0,1000000.0,1000000.0,1000000.0,1000000.0,1000000.0,1000000.0,1000000.0,1000000.0,1000000.0,1000000.0,1000000.0,48.22763443453082,48.22763443453082,48.22763443453082,96.4552688690621,96.4552688690621,96.4552688690621,96.4552688690621,96.4552688690621,96.4552688690621,96.4552688690621,192.91053773812425,289.36580660718624,434.04870991077877,530.5039787798403,819.8697853870253,1012.7803231251486,1398.601398601398,2025.5606462503029,3231.251507113574,4147.576561369663,6414.2753797926125,9741.98215577526,15770.436460091643,21413.069688931733,32408.970340004777,46587.894863756934,77887.62961176752,108801.54328430192,176995.41837472876,258114.2994936098,386351.57945502765,423149.2645285749,703303.5929587653,809741.9821557752,905039.7877984084,946081.5047021944,977718.8328912467,989775.7414998794,996238.2445141064,998215.5775259222,999324.8131179166,999807.0894622619,1000000.0,1000000.0,1000000.0,1000000.0,1000000.0,1000000.0,1000000.0,1000000.0,1000000.0,1000000.0,1000000.0,1000000.0,1000000.0,1000000.0,1000000.0,1000000.0,1000000.0,1000000.0,1000000.0,1000000.0,1000000.0,1000000.0,0.0,0.0,0.0,0.0,0.0,0.0,0.0,0.0,0.0,0.0,0.0,0.0,0.0,0.0,0.0,0.0,0.0,0.0,0.0,0.0,0.0,0.0,0.0,0.0,0.0,0.0,0.0,0.0,0.0,0.0,0.0,0.0,0.0,0.0,0.0,0.0,96.4552688690621,144.68290330359284,385.82107547624787,434.04870991077877,819.8697853870253,1302.1461297323344,2700.747528333735,5305.039787798405,10417.169037858685,19676.87484928863,39980.70894622621,62840.60766819384,118447.07017120815,189534.60332770678,319363.3952254642,425174.82517482515,607427.0557029177,748396.4311550518,891873.6435977814,945309.8625512419,984277.7911743429,994453.8220400289,998987.2196768748,999710.6341933928,1000000.0,1000000.0,1000000.0,1000000.0,0.0,0.0,0.0,0.0,0.0,0.0,0.0,0.0,0.0,0.0,0.0,0.0,0.0,0.0,0.0,0.0,0.0,0.0,0.0,0.0,0.0,0.0,0.0,0.0,0.0,0.0,0.0,0.0,0.0,0.0,0.0,0.0,0.0,0.0,0.0,0.0,0.0,0.0,0.0,0.0,0.0,0.0,0.0,0.0,0.0,0.0,0.0,0.0,0.0,0.0,0.0,0.0,0.0,0.0,0.0,0.0,0.0,0.0,0.0,0.0,0.0,0.0,0.0,1000000.0
FLINT,MAGNUM03,F,na,na,na,na,2025_03_11-15_02_56,na,3,43,Yes,1,na,48.22763443453082,626.959247648901,144.68290330360517,9.5,41.0,62.0,,,,48.22763443453082,771.6421509525062,144.68290330360517,9.5,41.0,62.0,32.0,20.0,11.0,29.0,16.0,9.0,25.0,11.0,7.0,19.0,7.0,6.0,13.0,3.0,5.0,6.0,-1.0,1.0,10.0,1.0,4.0,0.0,32.0,32.0,52.0,52.0,63.0,0.0,29.0,34.0,50.0,54.0,63.0,0.0,25.0,36.0,47.0,56.0,63.0,3.0,22.0,38.0,45.0,57.0,63.0,5.0,18.0,39.0,42.0,58.0,63.0,8.0,14.0,41.0,40.0,62.0,63.0,6.0,16.0,40.0,41.0,59.0,63.0,9.0,0.0,48.0,0.0,63.0,36.0,63.0,63.0,0.4125338888172937,2.9039930203819577,2.376612178504492,0.0,30.0,160.0,980516.0356884495,985965.7583795515,992138.8955871714,994743.187846636,998263.8051603568,999131.9025801783,999710.6341933928,999855.3170966964,1000000.0,1000000.0,1000000.0,1000000.0,1000000.0,1000000.0,1000000.0,1000000.0,1000000.0,1000000.0,1000000.0,1000000.0,1000000.0,1000000.0,1000000.0,1000000.0,1000000.0,1000000.0,1000000.0,1000000.0,1000000.0,1000000.0,1000000.0,1000000.0,1000000.0,1000000.0,1000000.0,1000000.0,1000000.0,1000000.0,1000000.0,1000000.0,1000000.0,1000000.0,1000000.0,1000000.0,1000000.0,1000000.0,1000000.0,1000000.0,1000000.0,1000000.0,1000000.0,1000000.0,1000000.0,1000000.0,1000000.0,1000000.0,1000000.0,1000000.0,1000000.0,1000000.0,1000000.0,1000000.0,1000000.0,1000000.0,48.22763443453082,48.22763443453082,48.22763443453082,48.22763443453082,48.22763443453082,48.22763443453082,48.22763443453082,48.22763443453082,48.22763443453082,48.22763443453082,96.4552688690621,96.4552688690621,96.4552688690621,192.91053773812425,385.82107547624787,434.04870991077877,626.959247648901,1109.2355919942117,1591.5119363395213,2025.5606462503029,3086.56860380998,4436.942367976849,8054.014950566682,11912.225705329136,20737.882806848294,31926.693995659498,56571.0151917049,83337.35230286953,140053.05039787802,207427.0557029178,319942.1268386785,357897.27513865446,631685.5558234869,756450.4461056185,885266.4576802506,937400.5305039788,978635.1579455027,991801.3021461297,998022.6669881842,999180.1302146129,999855.3170966964,999951.7723655654,1000000.0,1000000.0,1000000.0,1000000.0,1000000.0,1000000.0,1000000.0,1000000.0,1000000.0,1000000.0,1000000.0,1000000.0,1000000.0,1000000.0,1000000.0,1000000.0,1000000.0,1000000.0,1000000.0,1000000.0,1000000.0,1000000.0,0.0,0.0,0.0,0.0,0.0,0.0,0.0,0.0,0.0,0.0,0.0,0.0,0.0,0.0,0.0,0.0,0.0,0.0,0.0,0.0,0.0,0.0,0.0,0.0,0.0,0.0,0.0,0.0,0.0,0.0,0.0,0.0,0.0,0.0,0.0,0.0,48.22763443453082,48.22763443453082,96.4552688690621,96.4552688690621,434.04870991077877,675.1868820834334,1446.829033035929,2266.6988184229576,4533.397636845913,8825.657101519182,21268.386785628147,37038.82324571978,76006.75186882078,132095.4907161804,243935.37496985774,339811.9122257053,529105.3773812394,693658.0660718591,876054.9795032553,946901.3744875814,988377.140101278,996624.0655895828,999469.4960212201,999807.0894622619,999807.0894622619,999855.3170966964,999903.5447311308,1000000.0,0.0,0.0,0.0,0.0,0.0,0.0,0.0,0.0,0.0,0.0,0.0,0.0,0.0,0.0,0.0,0.0,0.0,0.0,0.0,0.0,0.0,0.0,0.0,0.0,0.0,0.0,0.0,0.0,0.0,0.0,0.0,0.0,0.0,0.0,0.0,0.0,0.0,0.0,0.0,0.0,0.0,0.0,0.0,0.0,0.0,0.0,0.0,0.0,0.0,0.0,0.0,0.0,0.0,0.0,0.0,0.0,0.0,0.0,0.0,0.0,0.0,0.0,0.0,1000000.0
FLINT,MAGNUM03,F,na,na,na,na,2025_03_11-15_02_56,na,3,44,Yes,1,na,0.0,530.5039787798403,0.0,8.5,42.0,61.5,,,,0.0,626.9592476489846,0.0,8.5,42.0,61.5,32.0,21.0,10.0,29.0,16.0,8.0,25.0,10.0,6.0,20.0,7.0,5.0,15.0,3.0,4.0,10.0,1.0,3.0,11.0,1.0,4.0,0.0,32.0,32.0,53.0,53.0,63.0,0.0,29.0,34.0,50.0,55.0,63.0,0.0,25.0,37.0,47.0,57.0,63.0,2.0,22.0,38.0,45.0,58.0,63.0,4.0,19.0,40.0,43.0,59.0,63.0,6.0,16.0,41.0,42.0,60.0,63.0,6.0,17.0,41.0,42.0,59.0,63.0,7.0,0.0,46.0,10.0,60.0,36.0,63.0,63.0,0.33918417100581444,2.9576202444880995,2.4397197230660486,0.0,30.0,160.0,985628.1649385097,990016.879672052,994309.1391367252,996238.2445141064,998938.9920424403,999517.7236556546,1000000.0,1000000.0,1000000.0,1000000.0,1000000.0,1000000.0,1000000.0,1000000.0,1000000.0,1000000.0,1000000.0,1000000.0,1000000.0,1000000.0,1000000.0,1000000.0,1000000.0,1000000.0,1000000.0,1000000.0,1000000.0,1000000.0,1000000.0,1000000.0,1000000.0,1000000.0,1000000.0,1000000.0,1000000.0,1000000.0,1000000.0,1000000.0,1000000.0,1000000.0,1000000.0,1000000.0,1000000.0,1000000.0,1000000.0,1000000.0,1000000.0,1000000.0,1000000.0,1000000.0,1000000.0,1000000.0,1000000.0,1000000.0,1000000.0,1000000.0,1000000.0,1000000.0,1000000.0,1000000.0,1000000.0,1000000.0,1000000.0,1000000.0,0.0,0.0,0.0,0.0,0.0,0.0,0.0,0.0,0.0,0.0,48.22763443453082,48.22763443453082,48.22763443453082,48.22763443453082,48.22763443453082,192.91053773812425,434.04870991077877,723.414516517964,1012.7803231251486,1543.2843019049903,2893.6580660718573,4629.85290571497,7619.966240655894,11333.494092114755,20062.69592476488,32553.653243308425,57053.29153605014,86327.46563781041,146997.82975645043,226814.5647455992,352736.91825415957,401109.2355919942,645575.1145406318,754569.5683626719,875862.0689655172,928864.2392090668,973957.0774053532,988762.9611767542,997009.886665059,998697.8538702676,999469.4960212201,999903.5447311308,1000000.0,1000000.0,1000000.0,1000000.0,1000000.0,1000000.0,1000000.0,1000000.0,1000000.0,1000000.0,1000000.0,1000000.0,1000000.0,1000000.0,1000000.0,1000000.0,1000000.0,1000000.0,1000000.0,1000000.0,1000000.0,1000000.0,0.0,0.0,0.0,0.0,0.0,0.0,0.0,0.0,0.0,0.0,0.0,0.0,0.0,0.0,0.0,0.0,0.0,0.0,0.0,0.0,0.0,0.0,0.0,0.0,0.0,0.0,0.0,0.0,0.0,0.0,0.0,0.0,0.0,0.0,0.0,0.0,48.22763443453082,48.22763443453082,48.22763443453082,48.22763443453082,96.4552688690621,192.91053773812425,578.7316132143711,1543.2843019049903,3231.251507113574,6944.779358572451,15866.891728960678,26284.060766819373,56715.698095008425,100940.4388714733,202459.60935616097,293320.4726308175,466216.54207861103,617217.2654931275,802314.9264528576,889848.0829515312,968217.988907644,990161.5625753556,998504.9433325295,999565.9512900892,1000000.0,1000000.0,1000000.0,1000000.0,0.0,0.0,0.0,0.0,0.0,0.0,0.0,0.0,0.0,0.0,0.0,0.0,0.0,0.0,0.0,0.0,0.0,0.0,0.0,0.0,0.0,0.0,0.0,0.0,0.0,0.0,0.0,0.0,0.0,0.0,0.0,0.0,0.0,0.0,0.0,0.0,0.0,0.0,0.0,0.0,0.0,0.0,0.0,0.0,0.0,0.0,0.0,0.0,0.0,0.0,0.0,0.0,0.0,0.0,0.0,0.0,0.0,0.0,0.0,0.0,0.0,0.0,0.0,1000000.0
FLINT,MAGNUM03,F,na,na,na,na,2025_03_11-15_02_56,na,3,45,Yes,1,na,0.0,0.0,96.4552688691443,11.5,42.0,61.0,,,,0.0,0.0,96.4552688691443,11.5,42.0,61.0,32.0,21.0,10.0,30.0,17.0,9.0,27.0,13.0,7.0,23.0,9.0,6.0,19.0,8.0,5.0,14.0,4.0,2.0,15.0,5.0,4.0,0.0,32.0,32.0,53.0,53.0,63.0,0.0,30.0,34.0,51.0,54.0,63.0,0.0,27.0,36.0,49.0,56.0,63.0,2.0,25.0,38.0,47.0,57.0,63.0,4.0,23.0,38.0,46.0,58.0,63.0,6.0,20.0,40.0,44.0,60.0,62.0,6.0,21.0,40.0,45.0,58.0,62.0,8.0,0.0,60.0,15.0,63.0,42.0,63.0,62.0,0.33376515225784925,2.432072939051006,1.8715268824380749,0.024049299485162212,30.0,160.0,987267.9045092838,990113.3349409212,995032.5536532432,996190.0168796721,999083.6749457439,999517.7236556546,999903.5447311308,999951.7723655654,1000000.0,1000000.0,1000000.0,1000000.0,1000000.0,1000000.0,1000000.0,1000000.0,1000000.0,1000000.0,1000000.0,1000000.0,1000000.0,1000000.0,1000000.0,1000000.0,1000000.0,1000000.0,1000000.0,1000000.0,1000000.0,1000000.0,1000000.0,1000000.0,1000000.0,1000000.0,1000000.0,1000000.0,1000000.0,1000000.0,1000000.0,1000000.0,1000000.0,1000000.0,1000000.0,1000000.0,1000000.0,1000000.0,1000000.0,1000000.0,1000000.0,1000000.0,1000000.0,1000000.0,1000000.0,1000000.0,1000000.0,1000000.0,1000000.0,1000000.0,1000000.0,1000000.0,1000000.0,1000000.0,1000000.0,1000000.0,0.0,0.0,0.0,0.0,0.0,0.0,0.0,0.0,0.0,0.0,0.0,0.0,0.0,0.0,0.0,48.22763443453082,48.22763443453082,48.22763443453082,48.22763443453082,48.22763443453082,241.13817217265407,578.7316132143711,819.8697853870253,1736.1948396431121,4629.85290571497,9018.567639257291,22281.167108753332,34193.39281408243,77453.58090185674,131323.84856522782,248179.40680009642,324813.1179165662,578394.0197733301,705570.2917771883,864576.8025078368,922498.1914637088,979358.5724620208,992958.7653725585,998890.7644080058,999421.2683867855,1000000.0,1000000.0,1000000.0,1000000.0,1000000.0,1000000.0,1000000.0,1000000.0,1000000.0,1000000.0,1000000.0,1000000.0,1000000.0,1000000.0,1000000.0,1000000.0,1000000.0,1000000.0,1000000.0,1000000.0,1000000.0,1000000.0,1000000.0,1000000.0,0.0,0.0,0.0,0.0,0.0,0.0,0.0,0.0,0.0,0.0,0.0,0.0,0.0,0.0,0.0,0.0,0.0,0.0,0.0,0.0,0.0,0.0,0.0,0.0,0.0,0.0,0.0,0.0,0.0,0.0,0.0,0.0,0.0,0.0,0.0,0.0,0.0,0.0,0.0,0.0,0.0,0.0,48.22763443453082,48.22763443453082,241.13817217265407,771.6421509524955,2797.202797202796,6317.820110923553,20014.468290330373,45044.61056185197,121630.09404388713,193006.9930069929,406028.4543043163,592910.5377381239,844321.1960453339,930986.255124186,990836.7494574391,998070.8946226187,999710.6341933928,999855.3170966964,999903.5447311308,999951.7723655654,999951.7723655654,1000000.0,0.0,0.0,0.0,0.0,0.0,0.0,0.0,0.0,0.0,0.0,0.0,0.0,0.0,0.0,0.0,0.0,0.0,0.0,0.0,0.0,0.0,0.0,0.0,0.0,0.0,0.0,0.0,0.0,0.0,0.0,0.0,0.0,0.0,0.0,0.0,0.0,0.0,0.0,0.0,0.0,0.0,0.0,0.0,0.0,0.0,0.0,0.0,0.0,0.0,0.0,0.0,0.0,0.0,0.0,0.0,0.0,0.0,0.0,0.0,0.0,0.0,0.0,578.7316132143711,1000000.0
FLINT,MAGNUM03,F,na,na,na,na,2025_03_11-15_02_56,na,3,46,Yes,1,na,0.0,48.22763443453082,385.8210754763569,11.5,42.0,60.0,,,,0.0,48.22763443453082,385.8210754763569,11.5,42.0,60.0,32.0,21.0,10.0,29.0,17.0,9.0,25.0,12.0,7.0,20.0,10.0,6.0,16.0,7.0,5.0,12.0,4.0,0.0,13.0,5.0,4.0,0.0,32.0,32.0,53.0,53.0,63.0,0.0,29.0,34.0,51.0,54.0,63.0,1.0,26.0,36.0,48.0,56.0,63.0,4.0,24.0,37.0,47.0,57.0,63.0,5.0,21.0,38.0,45.0,58.0,63.0,6.0,18.0,40.0,44.0,63.0,63.0,6.0,19.0,39.0,44.0,59.0,63.0,9.0,0.0,42.0,14.0,63.0,38.0,63.0,63.0,0.46904234671031647,2.5381890714107542,1.939843645599708,0.0,30.0,160.0,972220.8825657101,980323.1251507113,989534.6033277067,993103.448275862,997251.0248372317,999324.8131179166,999903.5447311308,1000000.0,1000000.0,1000000.0,1000000.0,1000000.0,1000000.0,1000000.0,1000000.0,1000000.0,1000000.0,1000000.0,1000000.0,1000000.0,1000000.0,1000000.0,1000000.0,1000000.0,1000000.0,1000000.0,1000000.0,1000000.0,1000000.0,1000000.0,1000000.0,1000000.0,1000000.0,1000000.0,1000000.0,1000000.0,1000000.0,1000000.0,1000000.0,1000000.0,1000000.0,1000000.0,1000000.0,1000000.0,1000000.0,1000000.0,1000000.0,1000000.0,1000000.0,1000000.0,1000000.0,1000000.0,1000000.0,1000000.0,1000000.0,1000000.0,1000000.0,1000000.0,1000000.0,1000000.0,1000000.0,1000000.0,1000000.0,1000000.0,0.0,0.0,0.0,0.0,0.0,0.0,0.0,0.0,0.0,0.0,0.0,0.0,0.0,0.0,48.22763443453082,96.4552688690621,96.4552688690621,144.68290330359284,434.04870991077877,626.959247648901,916.3250542560885,1543.2843019049903,2845.4304316373314,4533.397636845913,9018.567639257291,16252.71280443696,32216.05980226669,51507.11357607905,99541.83747287194,160501.5673981191,274752.8333735231,310827.10393055214,604292.2594646732,740921.1478176996,884784.1813359055,940197.7333011815,981046.5396672293,993875.0904268145,998938.9920424403,999614.1789245236,999903.5447311308,1000000.0,1000000.0,1000000.0,1000000.0,1000000.0,1000000.0,1000000.0,1000000.0,1000000.0,1000000.0,1000000.0,1000000.0,1000000.0,1000000.0,1000000.0,1000000.0,1000000.0,1000000.0,1000000.0,1000000.0,1000000.0,1000000.0,1000000.0,0.0,0.0,0.0,0.0,0.0,0.0,0.0,0.0,0.0,0.0,0.0,0.0,0.0,0.0,0.0,0.0,0.0,0.0,0.0,0.0,0.0,0.0,0.0,0.0,0.0,0.0,0.0,0.0,0.0,0.0,0.0,0.0,0.0,0.0,0.0,0.0,0.0,0.0,48.22763443453082,48.22763443453082,48.22763443453082,48.22763443453082,96.4552688690621,192.91053773812425,675.1868820834334,1543.2843019049903,4678.080540149494,8729.201832650102,27103.930552206417,56860.38099831199,135374.96985772852,226525.198938992,422859.89872196765,616397.3957077406,855510.0072341452,941306.968893176,991029.6599951772,997829.756450446,999469.4960212201,999614.1789245236,999758.8618278273,999758.8618278273,999758.8618278273,1000000.0,0.0,0.0,0.0,0.0,0.0,0.0,0.0,0.0,0.0,0.0,0.0,0.0,0.0,0.0,0.0,0.0,0.0,0.0,0.0,0.0,0.0,0.0,0.0,0.0,0.0,0.0,0.0,0.0,0.0,0.0,0.0,0.0,0.0,0.0,0.0,0.0,0.0,0.0,0.0,0.0,0.0,0.0,0.0,0.0,0.0,0.0,0.0,0.0,0.0,0.0,0.0,0.0,0.0,0.0,0.0,0.0,0.0,0.0,0.0,0.0,0.0,0.0,0.0,1000000.0
FLINT,MAGNUM03,F,na,na,na,na,2025_03_11-15_02_56,na,3,47,Yes,1,na,0.0,0.0,0.0,12.5,41.0,0.0,,,,0.0,0.0,0.0,12.5,41.0,0.0,31.0,20.0,12.0,28.0,16.0,10.0,24.0,12.0,8.0,21.0,10.0,6.0,18.0,8.0,5.0,15.0,5.0,3.0,17.0,6.0,3.0,0.0,31.0,31.0,51.0,51.0,63.0,0.0,28.0,33.0,49.0,53.0,63.0,2.0,26.0,35.0,47.0,55.0,63.0,3.0,24.0,36.0,46.0,56.0,62.0,4.0,22.0,37.0,45.0,56.0,61.0,5.0,20.0,38.0,43.0,57.0,60.0,4.0,21.0,38.0,44.0,57.0,60.0,6.0,0.0,40.0,19.0,57.0,42.0,63.0,0.0,0.47649347795779606,2.3442383459757044,1.8471022386073666,0.46368321031937676,30.0,160.0,949264.5285748733,969954.1837472871,988955.8717144924,995177.2365565469,999565.9512900892,999903.5447311308,1000000.0,1000000.0,1000000.0,1000000.0,1000000.0,1000000.0,1000000.0,1000000.0,1000000.0,1000000.0,1000000.0,1000000.0,1000000.0,1000000.0,1000000.0,1000000.0,1000000.0,1000000.0,1000000.0,1000000.0,1000000.0,1000000.0,1000000.0,1000000.0,1000000.0,1000000.0,1000000.0,1000000.0,1000000.0,1000000.0,1000000.0,1000000.0,1000000.0,1000000.0,1000000.0,1000000.0,1000000.0,1000000.0,1000000.0,1000000.0,1000000.0,1000000.0,1000000.0,1000000.0,1000000.0,1000000.0,1000000.0,1000000.0,1000000.0,1000000.0,1000000.0,1000000.0,1000000.0,1000000.0,1000000.0,1000000.0,1000000.0,1000000.0,0.0,0.0,0.0,0.0,0.0,0.0,0.0,0.0,0.0,0.0,0.0,0.0,0.0,0.0,0.0,0.0,0.0,0.0,0.0,48.22763443453082,289.36580660718624,964.5526886906189,1929.1053773812387,3617.07258258982,9307.933445864473,19676.87484928863,45189.29346515551,80154.3284301905,167060.5256812153,283530.2628406076,463178.2011092356,513961.9001687967,811526.4046298529,897275.138654449,964842.0544972268,985531.7096696406,997009.886665059,999276.585483482,999951.7723655654,1000000.0,1000000.0,1000000.0,1000000.0,1000000.0,1000000.0,1000000.0,1000000.0,1000000.0,1000000.0,1000000.0,1000000.0,1000000.0,1000000.0,1000000.0,1000000.0,1000000.0,1000000.0,1000000.0,1000000.0,1000000.0,1000000.0,1000000.0,1000000.0,1000000.0,0.0,0.0,0.0,0.0,0.0,0.0,0.0,0.0,0.0,0.0,0.0,0.0,0.0,0.0,0.0,0.0,0.0,0.0,0.0,0.0,0.0,0.0,0.0,0.0,0.0,0.0,0.0,0.0,0.0,0.0,0.0,0.0,0.0,0.0,0.0,0.0,0.0,0.0,0.0,0.0,0.0,0.0,96.4552688690621,241.13817217265407,916.3250542560885,3183.023872679041,11237.038823245704,26476.971304557497,91680.73306004344,222763.44345309856,491102.001446829,653098.6255124186,832891.24668435,917820.1109235592,976513.1420303833,992187.123221606,999276.585483482,1000000.0,1000000.0,1000000.0,1000000.0,1000000.0,1000000.0,1000000.0,48.22763443453082,48.22763443453082,48.22763443453082,48.22763443453082,48.22763443453082,48.22763443453082,48.22763443453082,48.22763443453082,48.22763443453082,48.22763443453082,48.22763443453082,48.22763443453082,48.22763443453082,48.22763443453082,48.22763443453082,48.22763443453082,48.22763443453082,48.22763443453082,48.22763443453082,48.22763443453082,48.22763443453082,48.22763443453082,48.22763443453082,48.22763443453082,48.22763443453082,48.22763443453082,48.22763443453082,48.22763443453082,48.22763443453082,48.22763443453082,48.22763443453082,48.22763443453082,48.22763443453082,48.22763443453082,48.22763443453082,48.22763443453082,48.22763443453082,48.22763443453082,48.22763443453082,48.22763443453082,48.22763443453082,48.22763443453082,48.22763443453082,48.22763443453082,48.22763443453082,48.22763443453082,48.22763443453082,48.22763443453082,48.22763443453082,48.22763443453082,48.22763443453082,48.22763443453082,48.22763443453082,48.22763443453082,48.22763443453082,48.22763443453082,48.22763443453082,48.22763443453082,48.22763443453082,192.91053773812425,675.1868820834334,2218.471183988428,13359.054738365065,1000000.0
FLINT,MAGNUM03,F,na,na,na,na,2025_03_11-15_02_56,na,3,48,Yes,1,na,0.0,1012.7803231251486,482.27634434538857,10.0,41.0,60.0,,,,0.0,1495.0566674705371,482.27634434538857,10.0,41.0,60.0,31.0,21.0,11.0,28.0,16.0,9.0,24.0,10.0,7.0,19.0,7.0,6.0,13.0,3.0,4.0,7.0,-4.0,3.0,10.0,-1.0,3.0,0.0,31.0,31.0,52.0,52.0,63.0,0.0,28.0,33.0,49.0,54.0,63.0,0.0,24.0,36.0,46.0,56.0,63.0,2.0,21.0,37.0,44.0,57.0,63.0,5.0,18.0,39.0,42.0,59.0,63.0,7.0,14.0,42.0,38.0,60.0,63.0,6.0,16.0,41.0,40.0,60.0,63.0,9.0,0.0,44.0,11.0,63.0,32.0,63.0,63.0,0.3601520260472574,2.9103622385801162,2.614921208883627,0.0,30.0,160.0,986640.9452616348,990113.3349409212,993971.5456956836,995948.8787074994,998263.8051603568,999469.4960212201,999855.3170966964,999903.5447311308,999951.7723655654,1000000.0,1000000.0,1000000.0,1000000.0,1000000.0,1000000.0,1000000.0,1000000.0,1000000.0,1000000.0,1000000.0,1000000.0,1000000.0,1000000.0,1000000.0,1000000.0,1000000.0,1000000.0,1000000.0,1000000.0,1000000.0,1000000.0,1000000.0,1000000.0,1000000.0,1000000.0,1000000.0,1000000.0,1000000.0,1000000.0,1000000.0,1000000.0,1000000.0,1000000.0,1000000.0,1000000.0,1000000.0,1000000.0,1000000.0,1000000.0,1000000.0,1000000.0,1000000.0,1000000.0,1000000.0,1000000.0,1000000.0,1000000.0,1000000.0,1000000.0,1000000.0,1000000.0,1000000.0,1000000.0,1000000.0,0.0,0.0,0.0,0.0,0.0,0.0,0.0,0.0,0.0,0.0,0.0,48.22763443453082,96.4552688690621,96.4552688690621,241.13817217265407,337.59344104171646,626.959247648901,916.3250542560885,1736.1948396431121,2604.2922594646707,4147.576561369663,6607.1859175307445,11381.721726549311,17410.17603086568,29225.946467325757,45912.70798167352,79334.45864480354,121581.86640945256,198312.03279479136,299831.2032794792,447021.9435736677,553653.2433084158,756161.0802990114,856908.6086327464,936966.4817940679,966481.794068001,986013.9860139859,994212.6838678562,997829.756450446,998794.3091391367,999517.7236556546,999855.3170966964,999951.7723655654,1000000.0,1000000.0,1000000.0,1000000.0,1000000.0,1000000.0,1000000.0,1000000.0,1000000.0,1000000.0,1000000.0,1000000.0,1000000.0,1000000.0,1000000.0,1000000.0,1000000.0,1000000.0,1000000.0,1000000.0,1000000.0,0.0,0.0,0.0,0.0,0.0,0.0,0.0,0.0,0.0,0.0,0.0,0.0,0.0,0.0,0.0,0.0,0.0,0.0,0.0,0.0,0.0,0.0,0.0,0.0,0.0,0.0,0.0,0.0,0.0,0.0,0.0,0.0,48.22763443453082,48.22763443453082,48.22763443453082,48.22763443453082,144.68290330359284,192.91053773812425,289.36580660718624,337.59344104171646,675.1868820834334,1061.0079575596806,2652.5198938992025,4726.3081745840345,10127.80323125151,20496.74463467567,44176.51314203044,68145.64745599225,131613.21437183514,212635.6402218471,353894.3814805884,472679.0450928381,650012.0569086086,782782.7345068722,907933.4458644803,957173.8606221364,986978.5387026767,995418.3747287195,998697.8538702676,999517.7236556546,999951.7723655654,999951.7723655654,999951.7723655654,1000000.0,0.0,0.0,0.0,0.0,0.0,0.0,0.0,0.0,0.0,0.0,0.0,0.0,0.0,0.0,0.0,0.0,0.0,0.0,0.0,0.0,0.0,0.0,0.0,0.0,0.0,0.0,0.0,0.0,0.0,0.0,0.0,0.0,0.0,0.0,0.0,0.0,0.0,0.0,0.0,0.0,0.0,0.0,0.0,0.0,0.0,0.0,0.0,0.0,0.0,0.0,0.0,0.0,0.0,0.0,0.0,0.0,0.0,0.0,0.0,0.0,0.0,0.0,0.0,1000000.0
FLINT,MAGNUM03,F,na,na,na,na,2025_03_11-15_02_56,na,3,49,Yes,1,na,48.22763443457198,868.0974198215577,0.0,8.0,41.0,0.0,,,,48.22763443457198,1591.5119363395866,0.0,8.0,41.0,0.0,32.0,20.0,11.0,29.0,15.0,9.0,25.0,9.0,7.0,19.0,6.0,5.0,14.0,2.0,0.0,8.0,-6.0,0.0,11.0,-1.0,0.0,0.0,32.0,32.0,52.0,52.0,63.0,0.0,29.0,34.0,49.0,54.0,63.0,0.0,25.0,37.0,46.0,56.0,63.0,3.0,22.0,38.0,44.0,58.0,63.0,5.0,19.0,40.0,42.0,63.0,63.0,7.0,15.0,44.0,38.0,63.0,63.0,6.0,17.0,41.0,40.0,63.0,63.0,15.0,0.0,50.0,14.0,63.0,36.0,63.0,0.0,0.38852149672543884,3.0148039840806247,2.6765378775149666,0.4374894505865458,30.0,160.0,983650.8319266939,988811.1888111888,993296.3588136001,995563.0576320231,998070.8946226187,999324.8131179166,999855.3170966964,999951.7723655654,1000000.0,1000000.0,1000000.0,1000000.0,1000000.0,1000000.0,1000000.0,1000000.0,1000000.0,1000000.0,1000000.0,1000000.0,1000000.0,1000000.0,1000000.0,1000000.0,1000000.0,1000000.0,1000000.0,1000000.0,1000000.0,1000000.0,1000000.0,1000000.0,1000000.0,1000000.0,1000000.0,1000000.0,1000000.0,1000000.0,1000000.0,1000000.0,1000000.0,1000000.0,1000000.0,1000000.0,1000000.0,1000000.0,1000000.0,1000000.0,1000000.0,1000000.0,1000000.0,1000000.0,1000000.0,1000000.0,1000000.0,1000000.0,1000000.0,1000000.0,1000000.0,1000000.0,1000000.0,1000000.0,1000000.0,1000000.0,0.0,0.0,0.0,0.0,0.0,0.0,0.0,0.0,0.0,0.0,0.0,0.0,0.0,0.0,144.68290330359284,241.13817217265407,385.82107547624787,578.7316132143711,1109.2355919942117,1880.8777429467057,3279.479141548107,5256.812153363875,8777.42946708464,13021.46129732335,21316.614420062695,34530.98625512418,58982.396913431396,90378.58693031104,142319.74921630096,209645.52688690613,318013.0214612973,372751.38654448994,618422.9563539908,744682.9033035929,868000.9645526886,926356.4022184712,966192.4282613937,985145.8885941644,994743.187846636,997877.9840848806,999276.585483482,999565.9512900892,999710.6341933928,999855.3170966964,999903.5447311308,999951.7723655654,1000000.0,1000000.0,1000000.0,1000000.0,1000000.0,1000000.0,1000000.0,1000000.0,1000000.0,1000000.0,1000000.0,1000000.0,1000000.0,1000000.0,1000000.0,1000000.0,1000000.0,1000000.0,0.0,0.0,0.0,0.0,0.0,0.0,0.0,0.0,0.0,0.0,0.0,0.0,0.0,0.0,0.0,0.0,0.0,0.0,0.0,0.0,0.0,0.0,0.0,0.0,0.0,0.0,0.0,0.0,0.0,0.0,0.0,0.0,0.0,0.0,0.0,0.0,96.4552688690621,192.91053773812425,241.13817217265407,337.59344104171646,626.959247648901,916.3250542560885,2411.3817217265464,4629.85290571497,9018.567639257291,17940.68000964554,36411.8639980709,60188.087774294625,113238.48565227873,183216.7832167832,307885.21823004575,412828.5507595852,588280.6848324089,736146.6120086809,881263.5640221847,942078.6110441283,980660.7185917529,991319.0258017844,996045.3339763684,997202.7972027971,997636.845912708,997877.9840848806,998070.8946226187,1000000.0,48.22763443453082,48.22763443453082,48.22763443453082,48.22763443453082,48.22763443453082,48.22763443453082,48.22763443453082,48.22763443453082,48.22763443453082,48.22763443453082,48.22763443453082,48.22763443453082,48.22763443453082,48.22763443453082,48.22763443453082,48.22763443453082,48.22763443453082,48.22763443453082,48.22763443453082,48.22763443453082,48.22763443453082,48.22763443453082,48.22763443453082,48.22763443453082,48.22763443453082,48.22763443453082,48.22763443453082,48.22763443453082,48.22763443453082,48.22763443453082,48.22763443453082,48.22763443453082,48.22763443453082,48.22763443453082,48.22763443453082,48.22763443453082,48.22763443453082,48.22763443453082,48.22763443453082,48.22763443453082,48.22763443453082,48.22763443453082,48.22763443453082,48.22763443453082,48.22763443453082,48.22763443453082,48.22763443453082,48.22763443453082,48.22763443453082,48.22763443453082,48.22763443453082,48.22763443453082,48.22763443453082,48.22763443453082,48.22763443453082,48.22763443453082,48.22763443453082,48.22763443453082,48.22763443453082,48.22763443453082,48.22763443453082,48.22763443453082,48.22763443453082,1000000.0
FLINT,MAGNUM03,F,na,na,na,na,2025_03_11-15_02_56,na,3,50,Yes,1,na,0.0,192.91053773817794,0.0,12.0,41.0,62.0,,,,0.0,385.8210754763022,0.0,12.0,41.0,62.0,32.0,20.0,11.0,28.0,16.0,9.0,23.0,11.0,7.0,18.0,8.0,6.0,14.0,4.0,5.0,9.0,0.0,4.0,12.0,2.0,5.0,0.0,32.0,32.0,52.0,52.0,63.0,0.0,28.0,34.0,50.0,54.0,63.0,1.0,24.0,36.0,47.0,56.0,63.0,4.0,22.0,37.0,45.0,57.0,63.0,5.0,19.0,39.0,43.0,58.0,63.0,8.0,17.0,41.0,41.0,59.0,63.0,6.0,18.0,40.0,42.0,58.0,63.0,8.0,0.0,41.0,16.0,61.0,39.0,63.0,63.0,0.5021054244410097,2.8397293236563077,2.3353239983488754,0.0,30.0,160.0,972799.6141789245,979937.304075235,988039.5466602363,991415.4810706534,996913.43139619,998842.5367735712,999662.4065589582,999855.3170966964,1000000.0,1000000.0,1000000.0,1000000.0,1000000.0,1000000.0,1000000.0,1000000.0,1000000.0,1000000.0,1000000.0,1000000.0,1000000.0,1000000.0,1000000.0,1000000.0,1000000.0,1000000.0,1000000.0,1000000.0,1000000.0,1000000.0,1000000.0,1000000.0,1000000.0,1000000.0,1000000.0,1000000.0,1000000.0,1000000.0,1000000.0,1000000.0,1000000.0,1000000.0,1000000.0,1000000.0,1000000.0,1000000.0,1000000.0,1000000.0,1000000.0,1000000.0,1000000.0,1000000.0,1000000.0,1000000.0,1000000.0,1000000.0,1000000.0,1000000.0,1000000.0,1000000.0,1000000.0,1000000.0,1000000.0,1000000.0,0.0,0.0,0.0,0.0,0.0,0.0,0.0,0.0,0.0,0.0,0.0,0.0,0.0,0.0,0.0,0.0,96.4552688690621,434.04870991077877,1157.4632264287443,1639.7395707740552,3134.7962382445157,5063.901615625751,8391.608391608395,12828.550759585236,22859.898721967693,38148.05883771403,70315.89100554615,102724.86134555098,178152.8816011575,271232.2160598022,415625.75355678797,479141.5481070653,733542.3197492162,833180.6124909574,924186.1586689171,959922.8357849047,987605.4979503255,994598.5049433325,998215.5775259222,999324.8131179166,999807.0894622619,1000000.0,1000000.0,1000000.0,1000000.0,1000000.0,1000000.0,1000000.0,1000000.0,1000000.0,1000000.0,1000000.0,1000000.0,1000000.0,1000000.0,1000000.0,1000000.0,1000000.0,1000000.0,1000000.0,1000000.0,1000000.0,1000000.0,1000000.0,0.0,0.0,0.0,0.0,0.0,0.0,0.0,0.0,0.0,0.0,0.0,0.0,0.0,0.0,0.0,0.0,0.0,0.0,0.0,0.0,0.0,0.0,0.0,0.0,0.0,0.0,0.0,0.0,0.0,0.0,0.0,0.0,0.0,0.0,0.0,0.0,0.0,0.0,0.0,48.22763443453082,144.68290330359284,241.13817217265407,1061.0079575596806,1639.7395707740552,4581.625271280436,9790.2097902098,22184.711839884225,39016.1562575356,87099.10778876295,156209.3079334459,308560.4051121292,424547.86592717626,616831.4444176513,761996.6240655895,907210.0313479623,961514.3477212442,991319.0258017844,997251.0248372317,999614.1789245236,999951.7723655654,1000000.0,1000000.0,1000000.0,1000000.0,0.0,0.0,0.0,0.0,0.0,0.0,0.0,0.0,0.0,0.0,0.0,0.0,0.0,0.0,0.0,0.0,0.0,0.0,0.0,0.0,0.0,0.0,0.0,0.0,0.0,0.0,0.0,0.0,0.0,0.0,0.0,0.0,0.0,0.0,0.0,0.0,0.0,0.0,0.0,0.0,0.0,0.0,0.0,0.0,0.0,0.0,0.0,0.0,0.0,0.0,0.0,0.0,0.0,0.0,0.0,0.0,0.0,0.0,0.0,0.0,0.0,0.0,0.0,1000000.0
FLINT,MAGNUM03,F,na,na,na,na,2025_03_11-15_02_56,na,3,51,Yes,1,na,0.0,434.04870991077877,0.0,9.5,41.5,0.0,,,,0.0,530.503978779923,0.0,9.5,41.5,0.0,32.0,20.0,11.0,29.0,16.0,9.0,23.0,12.0,7.0,19.0,8.0,6.0,15.0,5.0,5.0,10.0,1.0,0.0,12.0,3.0,0.0,0.0,32.0,32.0,52.0,52.0,63.0,0.0,29.0,34.0,50.0,54.0,63.0,2.0,25.0,36.0,48.0,56.0,63.0,4.0,23.0,38.0,46.0,57.0,63.0,5.0,20.0,39.0,44.0,58.0,63.0,7.0,17.0,41.0,42.0,63.0,63.0,6.0,18.0,40.0,43.0,63.0,63.0,10.0,0.0,42.0,9.0,63.0,38.0,63.0,0.0,0.528852655341685,2.6841843923847795,2.1347150490528506,0.43754422556097095,30.0,160.0,963732.8189052327,973957.0774053532,986882.0834338076,991415.4810706534,997154.5695683626,999035.4473113093,999614.1789245236,999903.5447311308,1000000.0,1000000.0,1000000.0,1000000.0,1000000.0,1000000.0,1000000.0,1000000.0,1000000.0,1000000.0,1000000.0,1000000.0,1000000.0,1000000.0,1000000.0,1000000.0,1000000.0,1000000.0,1000000.0,1000000.0,1000000.0,1000000.0,1000000.0,1000000.0,1000000.0,1000000.0,1000000.0,1000000.0,1000000.0,1000000.0,1000000.0,1000000.0,1000000.0,1000000.0,1000000.0,1000000.0,1000000.0,1000000.0,1000000.0,1000000.0,1000000.0,1000000.0,1000000.0,1000000.0,1000000.0,1000000.0,1000000.0,1000000.0,1000000.0,1000000.0,1000000.0,1000000.0,1000000.0,1000000.0,1000000.0,1000000.0,0.0,0.0,0.0,0.0,0.0,0.0,0.0,0.0,0.0,48.22763443453082,48.22763443453082,48.22763443453082,48.22763443453082,48.22763443453082,48.22763443453082,48.22763443453082,96.4552688690621,241.13817217265407,723.414516517964,868.0974198215577,1929.1053773812387,2797.202797202796,4822.763443453095,7041.234627441522,13986.013986014003,23004.581625271243,44272.968410899375,64335.66433566437,120183.26501085125,185435.25440077164,295876.5372558475,324330.8415722208,631444.4176513142,758620.6896551724,890233.9040270074,940583.5543766577,980660.7185917529,993103.448275862,998167.3498914879,999324.8131179166,999855.3170966964,999903.5447311308,1000000.0,1000000.0,1000000.0,1000000.0,1000000.0,1000000.0,1000000.0,1000000.0,1000000.0,1000000.0,1000000.0,1000000.0,1000000.0,1000000.0,1000000.0,1000000.0,1000000.0,1000000.0,1000000.0,1000000.0,1000000.0,1000000.0,0.0,0.0,0.0,0.0,0.0,0.0,0.0,0.0,0.0,0.0,0.0,0.0,0.0,0.0,0.0,0.0,0.0,0.0,0.0,0.0,0.0,0.0,0.0,0.0,0.0,0.0,0.0,0.0,0.0,0.0,0.0,0.0,0.0,0.0,0.0,0.0,0.0,0.0,48.22763443453082,96.4552688690621,96.4552688690621,96.4552688690621,482.27634434531,771.6421509524955,1832.650108512174,4147.576561369663,11140.583554376653,20110.923559199407,51314.20303834093,95635.39908367491,194550.2773088979,286423.92090667953,505039.7877984084,687629.6117675428,887147.3354231975,950421.9918013021,990306.2454786592,997251.0248372317,998890.7644080058,999035.4473113093,999131.9025801783,999228.3578490474,999421.2683867855,1000000.0,48.22763443453082,48.22763443453082,48.22763443453082,48.22763443453082,48.22763443453082,48.22763443453082,48.22763443453082,48.22763443453082,48.22763443453082,48.22763443453082,48.22763443453082,48.22763443453082,48.22763443453082,48.22763443453082,48.22763443453082,48.22763443453082,48.22763443453082,48.22763443453082,48.22763443453082,48.22763443453082,48.22763443453082,48.22763443453082,48.22763443453082,48.22763443453082,48.22763443453082,48.22763443453082,48.22763443453082,48.22763443453082,48.22763443453082,48.22763443453082,48.22763443453082,48.22763443453082,48.22763443453082,48.22763443453082,48.22763443453082,48.22763443453082,48.22763443453082,48.22763443453082,48.22763443453082,48.22763443453082,48.22763443453082,48.22763443453082,48.22763443453082,48.22763443453082,48.22763443453082,48.22763443453082,48.22763443453082,48.22763443453082,48.22763443453082,48.22763443453082,48.22763443453082,48.22763443453082,48.22763443453082,48.22763443453082,48.22763443453082,48.22763443453082,48.22763443453082,48.22763443453082,48.22763443453082,48.22763443453082,48.22763443453082,48.22763443453082,96.4552688690621,1000000.0
FLINT,MAGNUM03,F,na,na,na,na,2025_03_11-15_02_56,na,3,52,Yes,1,na,0.0,192.91053773812425,0.0,10.5,41.0,61.0,,,,0.0,241.13817217269622,0.0,10.5,41.0,61.0,32.0,20.0,11.0,28.0,15.0,9.0,24.0,11.0,7.0,18.0,8.0,7.0,15.0,6.0,5.0,12.0,1.0,0.0,13.0,2.0,5.0,0.0,32.0,32.0,52.0,52.0,63.0,0.0,28.0,34.0,49.0,54.0,63.0,1.0,25.0,36.0,47.0,56.0,63.0,4.0,22.0,37.0,45.0,56.0,63.0,5.0,20.0,38.0,44.0,58.0,63.0,6.0,18.0,40.0,41.0,63.0,63.0,6.0,19.0,40.0,42.0,58.0,63.0,8.0,0.0,41.0,13.0,63.0,40.0,63.0,61.0,0.47347689317029196,2.735649034859684,2.2354161771891357,0.015527575859944588,30.0,160.0,969086.0863274656,979744.393537497,988570.0506390162,993103.448275862,997636.845912708,999324.8131179166,999951.7723655654,1000000.0,1000000.0,1000000.0,1000000.0,1000000.0,1000000.0,1000000.0,1000000.0,1000000.0,1000000.0,1000000.0,1000000.0,1000000.0,1000000.0,1000000.0,1000000.0,1000000.0,1000000.0,1000000.0,1000000.0,1000000.0,1000000.0,1000000.0,1000000.0,1000000.0,1000000.0,1000000.0,1000000.0,1000000.0,1000000.0,1000000.0,1000000.0,1000000.0,1000000.0,1000000.0,1000000.0,1000000.0,1000000.0,1000000.0,1000000.0,1000000.0,1000000.0,1000000.0,1000000.0,1000000.0,1000000.0,1000000.0,1000000.0,1000000.0,1000000.0,1000000.0,1000000.0,1000000.0,1000000.0,1000000.0,1000000.0,1000000.0,0.0,0.0,0.0,0.0,0.0,0.0,0.0,0.0,0.0,0.0,0.0,0.0,0.0,48.22763443453082,48.22763443453082,96.4552688690621,192.91053773812425,192.91053773812425,434.04870991077877,868.0974198215577,1784.4224740776426,3183.023872679041,6317.820110923553,10368.941403424169,20303.83409693753,33518.205931999015,62358.331323848564,96407.04123462751,172558.47600675194,272341.45165179647,419532.191945985,474559.92283578485,739570.7740535326,841234.6274415238,929732.3366288883,964456.2334217506,989341.6927899687,996238.2445141064,998987.2196768748,999469.4960212201,999951.7723655654,1000000.0,1000000.0,1000000.0,1000000.0,1000000.0,1000000.0,1000000.0,1000000.0,1000000.0,1000000.0,1000000.0,1000000.0,1000000.0,1000000.0,1000000.0,1000000.0,1000000.0,1000000.0,1000000.0,1000000.0,1000000.0,1000000.0,1000000.0,0.0,0.0,0.0,0.0,0.0,0.0,0.0,0.0,0.0,0.0,0.0,0.0,0.0,0.0,0.0,0.0,0.0,0.0,0.0,0.0,0.0,0.0,0.0,0.0,0.0,0.0,0.0,0.0,0.0,0.0,0.0,0.0,0.0,0.0,0.0,0.0,0.0,0.0,0.0,0.0,96.4552688690621,241.13817217265407,578.7316132143711,964.5526886906189,2941.8857005063924,7330.600434048703,19242.826139377863,36556.54690137447,89269.35133831688,163202.31492645288,317193.1516759102,443887.14733542316,651314.203038341,796624.0655895828,926838.6785628165,972172.6549312756,994212.6838678562,998360.2604292259,999614.1789245236,999614.1789245236,999710.6341933928,999710.6341933928,999758.8618278273,1000000.0,0.0,0.0,0.0,0.0,0.0,0.0,0.0,0.0,0.0,0.0,0.0,0.0,0.0,0.0,0.0,0.0,0.0,0.0,0.0,0.0,0.0,0.0,0.0,0.0,0.0,0.0,0.0,0.0,0.0,0.0,0.0,0.0,0.0,0.0,0.0,0.0,0.0,0.0,0.0,0.0,0.0,0.0,0.0,0.0,0.0,0.0,0.0,0.0,0.0,0.0,0.0,0.0,0.0,0.0,0.0,0.0,0.0,0.0,0.0,0.0,0.0,48.22763443453082,96.4552688690621,1000000.0
FLINT,MAGNUM03,F,na,na,na,na,2025_03_11-15_02_56,na,3,53,Yes,1,na,0.0,0.0,289.36580660718624,10.5,39.0,60.0,,,,0.0,0.0,289.36580660718624,10.5,39.0,60.0,30.0,20.0,13.0,27.0,16.0,11.0,24.0,11.0,9.0,22.0,8.0,8.0,18.0,6.0,6.0,15.0,2.0,3.0,17.0,3.0,5.0,0.0,30.0,30.0,50.0,50.0,63.0,0.0,27.0,32.0,48.0,52.0,63.0,0.0,24.0,35.0,46.0,54.0,63.0,0.0,22.0,36.0,44.0,55.0,63.0,2.0,20.0,37.0,43.0,56.0,62.0,3.0,18.0,38.0,40.0,57.0,60.0,2.0,19.0,38.0,41.0,56.0,61.0,4.0,0.0,40.0,17.0,62.0,39.0,63.0,60.0,0.09682603202163906,2.643996863949958,1.9645100274509282,0.09779520673171624,30.0,160.0,996382.9274174101,998649.626235833,999807.0894622619,1000000.0,1000000.0,1000000.0,1000000.0,1000000.0,1000000.0,1000000.0,1000000.0,1000000.0,1000000.0,1000000.0,1000000.0,1000000.0,1000000.0,1000000.0,1000000.0,1000000.0,1000000.0,1000000.0,1000000.0,1000000.0,1000000.0,1000000.0,1000000.0,1000000.0,1000000.0,1000000.0,1000000.0,1000000.0,1000000.0,1000000.0,1000000.0,1000000.0,1000000.0,1000000.0,1000000.0,1000000.0,1000000.0,1000000.0,1000000.0,1000000.0,1000000.0,1000000.0,1000000.0,1000000.0,1000000.0,1000000.0,1000000.0,1000000.0,1000000.0,1000000.0,1000000.0,1000000.0,1000000.0,1000000.0,1000000.0,1000000.0,1000000.0,1000000.0,1000000.0,1000000.0,0.0,0.0,0.0,0.0,0.0,0.0,0.0,0.0,0.0,0.0,0.0,0.0,0.0,0.0,0.0,0.0,0.0,96.4552688690621,337.59344104171646,578.7316132143711,1495.056667470457,3424.1620448516924,8102.242585001196,14371.835061490223,33180.61249095733,56522.787557270334,115456.95683626727,169857.7284784181,301567.39811912226,442826.1393778635,626332.2884012539,678659.27176272,889655.172413793,938509.766095973,975114.5406317819,986833.855799373,996575.8379551483,999083.6749457439,1000000.0,1000000.0,1000000.0,1000000.0,1000000.0,1000000.0,1000000.0,1000000.0,1000000.0,1000000.0,1000000.0,1000000.0,1000000.0,1000000.0,1000000.0,1000000.0,1000000.0,1000000.0,1000000.0,1000000.0,1000000.0,1000000.0,1000000.0,1000000.0,1000000.0,1000000.0,0.0,0.0,0.0,0.0,0.0,0.0,0.0,0.0,0.0,0.0,0.0,0.0,0.0,0.0,0.0,0.0,0.0,0.0,0.0,0.0,0.0,0.0,0.0,0.0,0.0,0.0,0.0,0.0,0.0,0.0,0.0,0.0,0.0,0.0,0.0,0.0,0.0,0.0,0.0,48.22763443453082,241.13817217265407,626.959247648901,1157.4632264287443,2700.747528333735,6800.096455268857,15481.070653484428,51169.520135037375,96985.77284784187,239980.70894622614,418181.8181818181,689028.2131661442,801784.4224740776,924861.3455510007,966433.5664335664,991560.1639739571,997106.3419339281,999565.9512900892,1000000.0,1000000.0,1000000.0,1000000.0,1000000.0,1000000.0,1000000.0,0.0,0.0,0.0,0.0,0.0,0.0,0.0,0.0,0.0,0.0,0.0,0.0,0.0,0.0,0.0,0.0,0.0,0.0,0.0,0.0,0.0,0.0,0.0,0.0,0.0,0.0,0.0,0.0,0.0,0.0,0.0,0.0,0.0,0.0,0.0,0.0,0.0,0.0,0.0,0.0,0.0,0.0,0.0,0.0,0.0,0.0,0.0,0.0,0.0,0.0,0.0,0.0,0.0,0.0,0.0,0.0,0.0,0.0,0.0,0.0,337.59344104171646,1253.9184952978064,4147.576561369663,1000000.0
FLINT,MAGNUM03,F,na,na,na,na,2025_03_11-15_02_56,na,3,54,Yes,1,na,0.0,96.4552688691443,0.0,10.5,39.0,58.5,,,,0.0,96.4552688691443,0.0,10.5,39.0,58.5,30.0,20.0,13.0,27.0,16.0,11.0,24.0,12.0,9.0,21.0,8.0,8.0,18.0,6.0,6.0,15.0,3.0,3.0,16.0,4.0,5.0,0.0,30.0,30.0,50.0,50.0,63.0,0.0,27.0,32.0,48.0,52.0,63.0,0.0,24.0,34.0,46.0,54.0,63.0,1.0,22.0,36.0,44.0,55.0,63.0,3.0,21.0,37.0,43.0,56.0,62.0,4.0,19.0,38.0,41.0,57.0,60.0,4.0,20.0,38.0,42.0,56.0,61.0,7.0,0.0,52.0,14.0,58.0,40.0,63.0,59.0,0.21175173994718371,2.5443442529709235,2.0206304578372816,0.10805137345120729,30.0,160.0,990209.7902097901,994309.1391367252,997974.4393537496,999228.3578490474,999951.7723655654,1000000.0,1000000.0,1000000.0,1000000.0,1000000.0,1000000.0,1000000.0,1000000.0,1000000.0,1000000.0,1000000.0,1000000.0,1000000.0,1000000.0,1000000.0,1000000.0,1000000.0,1000000.0,1000000.0,1000000.0,1000000.0,1000000.0,1000000.0,1000000.0,1000000.0,1000000.0,1000000.0,1000000.0,1000000.0,1000000.0,1000000.0,1000000.0,1000000.0,1000000.0,1000000.0,1000000.0,1000000.0,1000000.0,1000000.0,1000000.0,1000000.0,1000000.0,1000000.0,1000000.0,1000000.0,1000000.0,1000000.0,1000000.0,1000000.0,1000000.0,1000000.0,1000000.0,1000000.0,1000000.0,1000000.0,1000000.0,1000000.0,1000000.0,1000000.0,0.0,0.0,0.0,0.0,0.0,0.0,0.0,0.0,0.0,0.0,0.0,0.0,0.0,0.0,48.22763443453082,48.22763443453082,48.22763443453082,48.22763443453082,144.68290330359284,434.04870991077877,1253.9184952978064,2700.747528333735,6462.5030142271535,12201.591511936347,24885.459368218024,49143.95948878702,99782.97564504463,159344.10417169041,278803.9546660236,419387.5090426815,601061.0079575597,697998.5531709669,879575.5968169761,939522.546419098,978683.3855799373,990788.5218230045,997974.4393537496,999517.7236556546,999903.5447311308,999951.7723655654,1000000.0,1000000.0,1000000.0,1000000.0,1000000.0,1000000.0,1000000.0,1000000.0,1000000.0,1000000.0,1000000.0,1000000.0,1000000.0,1000000.0,1000000.0,1000000.0,1000000.0,1000000.0,1000000.0,1000000.0,1000000.0,1000000.0,1000000.0,1000000.0,0.0,0.0,0.0,0.0,0.0,0.0,0.0,0.0,0.0,0.0,0.0,0.0,0.0,0.0,0.0,0.0,0.0,0.0,0.0,0.0,0.0,0.0,0.0,0.0,0.0,0.0,0.0,0.0,0.0,0.0,0.0,0.0,0.0,0.0,0.0,0.0,0.0,0.0,0.0,0.0,192.91053773812425,385.82107547624787,868.0974198215577,2459.609356161082,7089.462261876058,14950.566674704614,47600.675186882094,92741.74101760307,218037.13527851447,394116.2285989872,644465.8789486375,772992.5247166626,896262.3583313238,956402.2184711839,990981.4323607427,997781.5288160116,999807.0894622619,1000000.0,1000000.0,1000000.0,1000000.0,1000000.0,1000000.0,1000000.0,0.0,0.0,0.0,0.0,0.0,0.0,0.0,0.0,0.0,0.0,0.0,0.0,0.0,0.0,0.0,0.0,0.0,0.0,0.0,0.0,0.0,0.0,0.0,0.0,0.0,0.0,0.0,0.0,0.0,0.0,0.0,0.0,0.0,0.0,0.0,0.0,0.0,0.0,0.0,0.0,0.0,0.0,0.0,0.0,0.0,0.0,0.0,0.0,0.0,0.0,0.0,0.0,0.0,0.0,0.0,0.0,0.0,0.0,0.0,96.4552688690621,530.5039787798403,1205.690860863273,4774.535809018565,1000000.0
FLINT,MAGNUM03,F,na,na,na,na,2025_03_11-15_02_56,na,3,55,Yes,1,na,0.0,241.13817217265407,0.0,8.5,40.0,29.5,,,,0.0,434.04870991083203,0.0,8.5,40.0,29.5,30.0,20.0,13.0,27.0,15.0,10.0,24.0,11.0,8.0,19.0,7.0,7.0,15.0,4.0,6.0,8.0,0.0,5.0,13.0,2.0,6.0,0.0,30.0,30.0,50.0,50.0,63.0,0.0,27.0,33.0,48.0,53.0,63.0,0.0,24.0,35.0,46.0,55.0,63.0,2.0,21.0,37.0,44.0,56.0,63.0,4.0,19.0,38.0,42.0,57.0,63.0,6.0,14.0,40.0,40.0,58.0,63.0,4.0,17.0,39.0,41.0,57.0,63.0,6.0,0.0,40.0,11.0,59.0,34.0,63.0,0.0,0.25632936052819216,2.866786379144037,2.312595239805114,0.4374894505865458,30.0,160.0,986930.3110682421,992717.6272003858,997009.886665059,998553.1709669641,999662.4065589582,999855.3170966964,1000000.0,1000000.0,1000000.0,1000000.0,1000000.0,1000000.0,1000000.0,1000000.0,1000000.0,1000000.0,1000000.0,1000000.0,1000000.0,1000000.0,1000000.0,1000000.0,1000000.0,1000000.0,1000000.0,1000000.0,1000000.0,1000000.0,1000000.0,1000000.0,1000000.0,1000000.0,1000000.0,1000000.0,1000000.0,1000000.0,1000000.0,1000000.0,1000000.0,1000000.0,1000000.0,1000000.0,1000000.0,1000000.0,1000000.0,1000000.0,1000000.0,1000000.0,1000000.0,1000000.0,1000000.0,1000000.0,1000000.0,1000000.0,1000000.0,1000000.0,1000000.0,1000000.0,1000000.0,1000000.0,1000000.0,1000000.0,1000000.0,1000000.0,0.0,0.0,0.0,0.0,0.0,0.0,0.0,0.0,0.0,0.0,0.0,48.22763443453082,96.4552688690621,144.68290330359284,241.13817217265407,289.36580660718624,530.5039787798403,771.6421509524955,1350.373764166866,1832.650108512174,3472.38967928623,6462.5030142271535,12298.046780805396,19339.281408246912,36797.68507354718,61297.32336628891,110344.827586207,161755.48589341692,272871.9556305763,391608.39160839154,554617.7959971064,625608.873884736,840028.9365806606,906486.6168314444,961128.526645768,979840.848806366,993633.9522546419,997443.9353749697,999421.2683867855,999807.0894622619,1000000.0,1000000.0,1000000.0,1000000.0,1000000.0,1000000.0,1000000.0,1000000.0,1000000.0,1000000.0,1000000.0,1000000.0,1000000.0,1000000.0,1000000.0,1000000.0,1000000.0,1000000.0,1000000.0,1000000.0,1000000.0,1000000.0,1000000.0,1000000.0,0.0,0.0,0.0,0.0,0.0,0.0,0.0,0.0,0.0,0.0,0.0,0.0,0.0,0.0,0.0,0.0,0.0,0.0,0.0,0.0,0.0,0.0,0.0,0.0,0.0,0.0,0.0,0.0,0.0,0.0,0.0,0.0,0.0,0.0,48.22763443453082,48.22763443453082,48.22763443453082,48.22763443453082,96.4552688690621,96.4552688690621,289.36580660718624,819.8697853870253,1880.8777429467057,3665.3002170243526,9211.4781769954,19001.68796720521,45382.20400289366,81167.10875331568,177863.51579455024,305618.51941162284,510441.28285507596,645430.4316373281,810176.030865686,896937.5452134071,967301.6638533879,987557.2703158909,997251.0248372317,999614.1789245236,1000000.0,1000000.0,1000000.0,1000000.0,1000000.0,1000000.0,48.22763443453082,48.22763443453082,48.22763443453082,48.22763443453082,48.22763443453082,48.22763443453082,48.22763443453082,48.22763443453082,48.22763443453082,48.22763443453082,48.22763443453082,48.22763443453082,48.22763443453082,48.22763443453082,48.22763443453082,48.22763443453082,48.22763443453082,48.22763443453082,48.22763443453082,48.22763443453082,48.22763443453082,48.22763443453082,48.22763443453082,48.22763443453082,48.22763443453082,48.22763443453082,48.22763443453082,48.22763443453082,48.22763443453082,48.22763443453082,48.22763443453082,48.22763443453082,48.22763443453082,48.22763443453082,48.22763443453082,48.22763443453082,48.22763443453082,48.22763443453082,48.22763443453082,48.22763443453082,48.22763443453082,48.22763443453082,48.22763443453082,48.22763443453082,48.22763443453082,48.22763443453082,48.22763443453082,48.22763443453082,48.22763443453082,48.22763443453082,48.22763443453082,48.22763443453082,48.22763443453082,48.22763443453082,48.22763443453082,48.22763443453082,48.22763443453082,48.22763443453082,48.22763443453082,48.22763443453082,48.22763443453082,48.22763443453082,48.22763443453082,1000000.0
FLINT,MAGNUM03,F,na,na,na,na,2025_03_11-15_02_56,na,3,56,Yes,1,na,0.0,482.27634434538857,0.0,11.0,42.0,0.0,,,,0.0,819.869785387105,0.0,11.0,42.0,0.0,32.0,21.0,10.0,29.0,16.0,9.0,25.0,10.0,7.0,19.0,8.0,6.0,14.0,4.0,0.0,9.0,-11.0,0.0,12.0,1.0,0.0,0.0,32.0,32.0,53.0,53.0,63.0,0.0,29.0,34.0,50.0,54.0,63.0,1.0,26.0,37.0,47.0,56.0,63.0,4.0,23.0,38.0,46.0,57.0,63.0,6.0,20.0,40.0,44.0,63.0,63.0,7.0,16.0,53.0,42.0,63.0,63.0,6.0,18.0,42.0,43.0,63.0,63.0,9.0,0.0,55.0,13.0,63.0,40.0,63.0,0.0,0.5163113794436042,2.7742576165288693,2.2430200327599374,0.43754422556097095,30.0,160.0,969520.1350373763,978972.7513865444,987894.8637569327,991656.6192428261,996479.3826862792,998408.4880636605,999565.9512900892,999903.5447311308,1000000.0,1000000.0,1000000.0,1000000.0,1000000.0,1000000.0,1000000.0,1000000.0,1000000.0,1000000.0,1000000.0,1000000.0,1000000.0,1000000.0,1000000.0,1000000.0,1000000.0,1000000.0,1000000.0,1000000.0,1000000.0,1000000.0,1000000.0,1000000.0,1000000.0,1000000.0,1000000.0,1000000.0,1000000.0,1000000.0,1000000.0,1000000.0,1000000.0,1000000.0,1000000.0,1000000.0,1000000.0,1000000.0,1000000.0,1000000.0,1000000.0,1000000.0,1000000.0,1000000.0,1000000.0,1000000.0,1000000.0,1000000.0,1000000.0,1000000.0,1000000.0,1000000.0,1000000.0,1000000.0,1000000.0,1000000.0,0.0,0.0,0.0,0.0,0.0,0.0,0.0,0.0,0.0,0.0,0.0,0.0,0.0,96.4552688690621,144.68290330359284,192.91053773812425,289.36580660718624,385.82107547624787,626.959247648901,964.5526886906189,1736.1948396431121,2411.3817217265464,4436.942367976849,6896.551724137931,13262.599469496023,22329.394743187844,42054.49722691106,67374.00530503978,121051.36243067266,188184.2295635399,300409.93489269353,346322.64287436695,608102.2425850012,741065.8307210031,874222.3293947431,931757.8972751385,975452.1340728237,989920.4244031829,996382.9274174101,998408.4880636605,999228.3578490474,999517.7236556546,999710.6341933928,999758.8618278273,999758.8618278273,999758.8618278273,999855.3170966964,999855.3170966964,999855.3170966964,999855.3170966964,999855.3170966964,999855.3170966964,999855.3170966964,999951.7723655654,1000000.0,1000000.0,1000000.0,1000000.0,1000000.0,1000000.0,1000000.0,1000000.0,1000000.0,1000000.0,0.0,0.0,0.0,0.0,0.0,0.0,0.0,0.0,0.0,0.0,0.0,0.0,0.0,0.0,0.0,0.0,0.0,0.0,0.0,0.0,0.0,0.0,0.0,0.0,0.0,0.0,0.0,0.0,0.0,0.0,0.0,0.0,0.0,0.0,0.0,0.0,0.0,0.0,0.0,0.0,144.68290330359284,192.91053773812425,385.82107547624787,1012.7803231251486,2170.2435495538875,4967.446346756688,13117.916566192442,25078.369905956108,56522.787557270334,104605.73908849774,202507.8369905956,301953.2191945985,497902.09790209786,684880.6366047745,872389.679286231,945406.3178201108,985531.7096696406,995129.0089221123,997781.5288160116,998119.1222570533,998312.0327947914,998408.4880636605,998553.1709669641,1000000.0,48.22763443453082,48.22763443453082,48.22763443453082,48.22763443453082,48.22763443453082,48.22763443453082,48.22763443453082,48.22763443453082,48.22763443453082,48.22763443453082,48.22763443453082,48.22763443453082,48.22763443453082,48.22763443453082,48.22763443453082,48.22763443453082,48.22763443453082,48.22763443453082,48.22763443453082,48.22763443453082,48.22763443453082,48.22763443453082,48.22763443453082,48.22763443453082,48.22763443453082,48.22763443453082,48.22763443453082,48.22763443453082,48.22763443453082,48.22763443453082,48.22763443453082,48.22763443453082,48.22763443453082,48.22763443453082,48.22763443453082,48.22763443453082,48.22763443453082,48.22763443453082,48.22763443453082,48.22763443453082,48.22763443453082,48.22763443453082,48.22763443453082,48.22763443453082,48.22763443453082,48.22763443453082,48.22763443453082,48.22763443453082,48.22763443453082,48.22763443453082,48.22763443453082,48.22763443453082,48.22763443453082,48.22763443453082,48.22763443453082,48.22763443453082,48.22763443453082,48.22763443453082,48.22763443453082,48.22763443453082,48.22763443453082,48.22763443453082,96.4552688690621,1000000.0
FLINT,MAGNUM03,F,na,na,na,na,2025_03_11-15_02_56,na,3,57,Yes,1,na,0.0,337.59344104178416,0.0,12.0,43.0,0.0,,,,0.0,482.27634434537697,0.0,12.0,43.0,0.0,32.0,21.0,10.0,30.0,17.0,9.0,24.0,12.0,7.0,20.0,9.0,7.0,17.0,7.0,5.0,11.0,-4.0,-2.0,13.0,4.0,3.0,0.0,32.0,32.0,53.0,53.0,63.0,0.0,30.0,34.0,51.0,54.0,63.0,2.0,26.0,36.0,48.0,56.0,63.0,4.0,24.0,38.0,47.0,56.0,63.0,5.0,22.0,39.0,46.0,58.0,63.0,8.0,19.0,48.0,44.0,63.0,61.0,7.0,20.0,41.0,45.0,60.0,63.0,12.0,0.0,52.0,12.0,63.0,42.0,63.0,0.0,0.5549937291960719,2.534526184633919,1.8994617885257719,0.4386405685199762,30.0,160.0,959922.8357849047,972799.6141789245,986448.0347238968,990258.0178442247,997106.3419339281,998746.0815047021,999421.2683867855,999758.8618278273,999951.7723655654,999951.7723655654,1000000.0,1000000.0,1000000.0,1000000.0,1000000.0,1000000.0,1000000.0,1000000.0,1000000.0,1000000.0,1000000.0,1000000.0,1000000.0,1000000.0,1000000.0,1000000.0,1000000.0,1000000.0,1000000.0,1000000.0,1000000.0,1000000.0,1000000.0,1000000.0,1000000.0,1000000.0,1000000.0,1000000.0,1000000.0,1000000.0,1000000.0,1000000.0,1000000.0,1000000.0,1000000.0,1000000.0,1000000.0,1000000.0,1000000.0,1000000.0,1000000.0,1000000.0,1000000.0,1000000.0,1000000.0,1000000.0,1000000.0,1000000.0,1000000.0,1000000.0,1000000.0,1000000.0,1000000.0,1000000.0,0.0,0.0,0.0,0.0,0.0,0.0,0.0,0.0,0.0,0.0,0.0,0.0,48.22763443453082,48.22763443453082,48.22763443453082,96.4552688690621,96.4552688690621,144.68290330359284,144.68290330359284,289.36580660718624,578.7316132143711,1205.690860863273,2266.6988184229576,3954.6660236315374,8922.112370388226,14998.794309139143,30721.00313479626,48227.634434530955,96310.58596575848,157559.68169761274,272968.41089944536,329153.6050156739,607282.3727996142,743043.1637328189,881263.5640221847,938123.9450204967,981046.5396672293,992910.5377381239,997877.9840848806,999035.4473113093,999517.7236556546,999614.1789245236,999662.4065589582,999710.6341933928,999807.0894622619,999855.3170966964,999855.3170966964,999855.3170966964,999951.7723655654,1000000.0,1000000.0,1000000.0,1000000.0,1000000.0,1000000.0,1000000.0,1000000.0,1000000.0,1000000.0,1000000.0,1000000.0,1000000.0,1000000.0,1000000.0,0.0,0.0,0.0,0.0,0.0,0.0,0.0,0.0,0.0,0.0,0.0,0.0,0.0,0.0,0.0,0.0,0.0,0.0,0.0,0.0,0.0,0.0,0.0,0.0,0.0,0.0,0.0,0.0,0.0,0.0,0.0,0.0,0.0,0.0,0.0,0.0,0.0,0.0,0.0,0.0,0.0,0.0,144.68290330359284,192.91053773812425,434.04870991077877,1350.373764166866,5305.039787798405,10658.30721003135,28695.442488545894,62358.331323848564,154087.2920183266,251362.43067277543,476585.48348203517,679334.4586448035,889414.0342416205,958379.5514829997,994260.9115022907,998504.9433325295,999324.8131179166,999469.4960212201,999565.9512900892,999662.4065589582,999758.8618278273,1000000.0,48.22763443453082,48.22763443453082,48.22763443453082,48.22763443453082,48.22763443453082,48.22763443453082,48.22763443453082,48.22763443453082,48.22763443453082,48.22763443453082,48.22763443453082,48.22763443453082,48.22763443453082,48.22763443453082,48.22763443453082,48.22763443453082,48.22763443453082,48.22763443453082,48.22763443453082,48.22763443453082,48.22763443453082,48.22763443453082,48.22763443453082,48.22763443453082,48.22763443453082,48.22763443453082,48.22763443453082,48.22763443453082,48.22763443453082,48.22763443453082,48.22763443453082,48.22763443453082,48.22763443453082,48.22763443453082,48.22763443453082,48.22763443453082,48.22763443453082,48.22763443453082,48.22763443453082,48.22763443453082,48.22763443453082,48.22763443453082,48.22763443453082,48.22763443453082,48.22763443453082,48.22763443453082,48.22763443453082,48.22763443453082,48.22763443453082,48.22763443453082,48.22763443453082,48.22763443453082,48.22763443453082,48.22763443453082,48.22763443453082,48.22763443453082,48.22763443453082,48.22763443453082,48.22763443453082,48.22763443453082,48.22763443453082,241.13817217265407,482.27634434531,1000000.0
FLINT,MAGNUM03,F,na,na,na,na,2025_03_11-15_02_56,na,3,58,Yes,1,na,0.0,192.91053773812425,0.0,12.0,41.0,0.0,,,,0.0,192.91053773812425,0.0,12.0,41.0,0.0,30.0,21.0,12.0,28.0,16.0,10.0,25.0,11.0,8.0,21.0,9.0,7.0,17.0,5.0,6.0,13.0,1.0,-1.0,15.0,3.0,5.0,0.0,30.0,30.0,51.0,51.0,63.0,0.0,28.0,33.0,49.0,53.0,63.0,0.0,25.0,35.0,46.0,55.0,63.0,2.0,23.0,36.0,45.0,56.0,63.0,4.0,21.0,38.0,43.0,57.0,63.0,6.0,19.0,40.0,41.0,63.0,62.0,5.0,20.0,39.0,42.0,58.0,63.0,8.0,0.0,53.0,16.0,63.0,40.0,63.0,0.0,0.3337458363629472,2.6017143356522987,2.2539231200758056,0.43814749793744073,30.0,160.0,986930.3110682421,990161.5625753556,995032.5536532432,996575.8379551483,998746.0815047021,999565.9512900892,999903.5447311308,999951.7723655654,1000000.0,1000000.0,1000000.0,1000000.0,1000000.0,1000000.0,1000000.0,1000000.0,1000000.0,1000000.0,1000000.0,1000000.0,1000000.0,1000000.0,1000000.0,1000000.0,1000000.0,1000000.0,1000000.0,1000000.0,1000000.0,1000000.0,1000000.0,1000000.0,1000000.0,1000000.0,1000000.0,1000000.0,1000000.0,1000000.0,1000000.0,1000000.0,1000000.0,1000000.0,1000000.0,1000000.0,1000000.0,1000000.0,1000000.0,1000000.0,1000000.0,1000000.0,1000000.0,1000000.0,1000000.0,1000000.0,1000000.0,1000000.0,1000000.0,1000000.0,1000000.0,1000000.0,1000000.0,1000000.0,1000000.0,1000000.0,0.0,0.0,0.0,0.0,0.0,0.0,0.0,0.0,0.0,0.0,0.0,0.0,0.0,0.0,0.0,0.0,48.22763443453082,48.22763443453082,192.91053773812425,434.04870991077877,1012.7803231251486,1784.4224740776426,5015.673981191222,8584.518929346517,19483.964311550495,34772.12442729683,72727.2727272727,110827.10393055223,210899.44538220396,323945.02049674466,503496.50349650346,595659.5129008922,808102.2425850012,889848.0829515312,956932.7224499638,979262.1171931516,994839.6431155051,997733.301181577,999517.7236556546,999758.8618278273,999903.5447311308,999903.5447311308,999951.7723655654,999951.7723655654,999951.7723655654,999951.7723655654,999951.7723655654,1000000.0,1000000.0,1000000.0,1000000.0,1000000.0,1000000.0,1000000.0,1000000.0,1000000.0,1000000.0,1000000.0,1000000.0,1000000.0,1000000.0,1000000.0,1000000.0,1000000.0,0.0,0.0,0.0,0.0,0.0,0.0,0.0,0.0,0.0,0.0,0.0,0.0,0.0,0.0,0.0,0.0,0.0,0.0,0.0,0.0,0.0,0.0,0.0,0.0,0.0,0.0,0.0,0.0,0.0,0.0,0.0,0.0,0.0,0.0,0.0,0.0,0.0,0.0,0.0,0.0,144.68290330359284,241.13817217265407,1061.0079575596806,1977.3330118157653,6173.137207619962,12780.323125150719,33662.888835302656,61442.00626959248,149505.66674704608,264190.9814323608,465878.94863756926,592138.8955871713,773281.8905232698,880829.5153122741,966095.9729925247,987219.6768748492,997733.301181577,999131.9025801783,999565.9512900892,999758.8618278273,999758.8618278273,999807.0894622619,999855.3170966964,1000000.0,48.22763443453082,48.22763443453082,48.22763443453082,48.22763443453082,48.22763443453082,48.22763443453082,48.22763443453082,48.22763443453082,48.22763443453082,48.22763443453082,48.22763443453082,48.22763443453082,48.22763443453082,48.22763443453082,48.22763443453082,48.22763443453082,48.22763443453082,48.22763443453082,48.22763443453082,48.22763443453082,48.22763443453082,48.22763443453082,48.22763443453082,48.22763443453082,48.22763443453082,48.22763443453082,48.22763443453082,48.22763443453082,48.22763443453082,48.22763443453082,48.22763443453082,48.22763443453082,48.22763443453082,48.22763443453082,48.22763443453082,48.22763443453082,48.22763443453082,48.22763443453082,48.22763443453082,48.22763443453082,48.22763443453082,48.22763443453082,48.22763443453082,48.22763443453082,48.22763443453082,48.22763443453082,48.22763443453082,48.22763443453082,48.22763443453082,48.22763443453082,48.22763443453082,48.22763443453082,48.22763443453082,48.22763443453082,48.22763443453082,48.22763443453082,48.22763443453082,48.22763443453082,48.22763443453082,48.22763443453082,48.22763443453082,144.68290330359284,337.59344104171646,1000000.0
FLINT,MAGNUM03,F,na,na,na,na,2025_03_11-15_02_56,na,3,59,Yes,1,na,0.0,7571.738606221388,19435.736677116038,13.5,47.0,62.0,,,,0.0,10224.258500120632,19676.87484928869,13.5,47.0,62.0,33.0,20.0,10.0,30.0,17.0,8.0,26.0,11.0,3.0,22.0,0.0,0.0,18.0,-10.0,0.0,14.0,-17.0,-1.0,17.0,-14.0,0.0,0.0,33.0,33.0,53.0,53.0,63.0,0.0,30.0,35.0,52.0,55.0,63.0,2.0,28.0,38.0,49.0,60.0,63.0,4.0,26.0,48.0,48.0,63.0,63.0,6.0,24.0,56.0,46.0,63.0,63.0,8.0,22.0,62.0,45.0,63.0,62.0,6.0,23.0,59.0,45.0,63.0,63.0,8.0,0.0,63.0,19.0,63.0,44.0,63.0,62.0,0.6265068301152086,2.9731074213757824,2.2761802851735218,0.017007884270469446,30.0,160.0,946563.7810465395,964504.4610561852,980033.7593441041,987991.3190258017,995418.3747287195,998601.3986013986,999758.8618278273,999855.3170966964,1000000.0,1000000.0,1000000.0,1000000.0,1000000.0,1000000.0,1000000.0,1000000.0,1000000.0,1000000.0,1000000.0,1000000.0,1000000.0,1000000.0,1000000.0,1000000.0,1000000.0,1000000.0,1000000.0,1000000.0,1000000.0,1000000.0,1000000.0,1000000.0,1000000.0,1000000.0,1000000.0,1000000.0,1000000.0,1000000.0,1000000.0,1000000.0,1000000.0,1000000.0,1000000.0,1000000.0,1000000.0,1000000.0,1000000.0,1000000.0,1000000.0,1000000.0,1000000.0,1000000.0,1000000.0,1000000.0,1000000.0,1000000.0,1000000.0,1000000.0,1000000.0,1000000.0,1000000.0,1000000.0,1000000.0,1000000.0,0.0,0.0,0.0,0.0,0.0,0.0,0.0,0.0,0.0,0.0,0.0,0.0,0.0,0.0,0.0,0.0,0.0,0.0,0.0,48.22763443453082,48.22763443453082,144.68290330359284,385.82107547624787,916.3250542560885,1736.1948396431121,4244.031830238725,11092.355919942114,22040.028936580668,45333.97636845912,86375.69327224503,161514.3477212443,197877.9840848807,451892.9346515553,617072.5825898239,795611.2852664576,886857.9696165902,950132.625994695,974246.4432119604,982541.5963346998,984567.15698095,986158.6689172896,987026.766337111,988425.3677357126,989245.2375210995,990306.2454786592,991319.0258017844,992428.2613937786,993151.6759102965,994212.6838678562,994791.4154810706,995466.602363154,996141.7892452375,997106.3419339281,997636.845912708,998263.8051603568,998456.7156980949,998842.5367735712,999180.1302146129,999517.7236556546,999662.4065589582,999758.8618278273,999855.3170966964,999903.5447311308,1000000.0,0.0,0.0,0.0,0.0,0.0,0.0,0.0,0.0,0.0,0.0,0.0,0.0,0.0,0.0,0.0,0.0,0.0,0.0,0.0,0.0,0.0,0.0,0.0,0.0,0.0,0.0,0.0,0.0,0.0,0.0,0.0,0.0,0.0,0.0,0.0,0.0,0.0,0.0,0.0,0.0,0.0,0.0,0.0,0.0,192.91053773812425,578.7316132143711,2507.836990595609,4967.446346756688,13503.73764166868,32360.742705570286,81649.38509766095,149939.71545695688,304846.87726067036,518639.98070894624,780998.3120327948,898963.1058596575,960067.5186882083,972317.3378345792,975210.995900651,976657.8249336869,978538.7026766337,980564.263322884,983506.1490233904,1000000.0,0.0,0.0,0.0,0.0,0.0,0.0,0.0,0.0,0.0,0.0,0.0,0.0,0.0,0.0,0.0,0.0,0.0,0.0,0.0,0.0,0.0,0.0,0.0,0.0,0.0,0.0,0.0,0.0,0.0,0.0,0.0,0.0,0.0,0.0,0.0,0.0,0.0,0.0,0.0,0.0,0.0,0.0,0.0,0.0,0.0,0.0,0.0,0.0,0.0,0.0,0.0,0.0,0.0,0.0,0.0,0.0,0.0,0.0,0.0,0.0,0.0,0.0,289.36580660718624,1000000.0
FLINT,MAGNUM03,F,na,na,na,na,2025_03_11-15_02_56,na,3,60,Yes,1,na,0.0,916.3250542560967,0.0,8.5,40.0,0.0,,,,0.0,1687.967205208592,0.0,8.5,40.0,0.0,30.0,21.0,12.0,28.0,15.0,10.0,24.0,9.0,7.0,20.0,6.0,6.0,14.0,2.0,5.0,9.0,-2.0,3.0,11.0,0.0,4.0,0.0,30.0,30.0,51.0,51.0,63.0,0.0,28.0,33.0,48.0,53.0,63.0,0.0,24.0,36.0,45.0,56.0,63.0,2.0,22.0,37.0,43.0,57.0,63.0,4.0,18.0,39.0,41.0,58.0,63.0,6.0,15.0,41.0,39.0,60.0,63.0,6.0,17.0,40.0,40.0,59.0,63.0,8.0,0.0,43.0,9.0,63.0,37.0,63.0,0.0,0.34839853138173094,2.930671770388314,2.6226630193087965,0.4374894505865458,30.0,160.0,982686.2792380033,989245.2375210995,994550.2773088979,996382.9274174101,998842.5367735712,999517.7236556546,999903.5447311308,999951.7723655654,1000000.0,1000000.0,1000000.0,1000000.0,1000000.0,1000000.0,1000000.0,1000000.0,1000000.0,1000000.0,1000000.0,1000000.0,1000000.0,1000000.0,1000000.0,1000000.0,1000000.0,1000000.0,1000000.0,1000000.0,1000000.0,1000000.0,1000000.0,1000000.0,1000000.0,1000000.0,1000000.0,1000000.0,1000000.0,1000000.0,1000000.0,1000000.0,1000000.0,1000000.0,1000000.0,1000000.0,1000000.0,1000000.0,1000000.0,1000000.0,1000000.0,1000000.0,1000000.0,1000000.0,1000000.0,1000000.0,1000000.0,1000000.0,1000000.0,1000000.0,1000000.0,1000000.0,1000000.0,1000000.0,1000000.0,1000000.0,0.0,0.0,0.0,0.0,0.0,0.0,0.0,0.0,0.0,48.22763443453082,48.22763443453082,48.22763443453082,48.22763443453082,96.4552688690621,192.91053773812425,289.36580660718624,434.04870991077877,819.8697853870253,1543.2843019049903,2363.1540872920177,3327.7067759826386,5401.495056667472,10561.851941162287,16734.989148782235,31010.36894140342,53677.35712563295,95490.71618037135,142126.83867856284,245768.02507836992,362478.9004099348,525198.9389920424,571063.4193392814,807861.1044128287,881022.4258500121,942078.6110441283,968169.7612732095,987267.9045092838,994646.732577767,997926.211719315,999083.6749457439,999758.8618278273,1000000.0,1000000.0,1000000.0,1000000.0,1000000.0,1000000.0,1000000.0,1000000.0,1000000.0,1000000.0,1000000.0,1000000.0,1000000.0,1000000.0,1000000.0,1000000.0,1000000.0,1000000.0,1000000.0,1000000.0,1000000.0,1000000.0,1000000.0,0.0,0.0,0.0,0.0,0.0,0.0,0.0,0.0,0.0,0.0,0.0,0.0,0.0,0.0,0.0,0.0,0.0,0.0,0.0,0.0,0.0,0.0,0.0,0.0,0.0,0.0,0.0,0.0,0.0,0.0,0.0,0.0,0.0,0.0,0.0,0.0,0.0,96.4552688690621,144.68290330359284,385.82107547624787,819.8697853870253,1784.4224740776426,3472.38967928623,6703.6411863998055,15481.070653484428,28840.12539184954,62695.92476489032,102531.95080781291,202122.01591511935,318205.9319990354,498143.2360742705,619532.191945985,770340.0048227634,862744.1523993247,940342.4162044851,972799.6141789245,993103.448275862,997685.0735471424,999517.7236556546,999710.6341933928,999951.7723655654,999951.7723655654,999951.7723655654,1000000.0,48.22763443453082,48.22763443453082,48.22763443453082,48.22763443453082,48.22763443453082,48.22763443453082,48.22763443453082,48.22763443453082,48.22763443453082,48.22763443453082,48.22763443453082,48.22763443453082,48.22763443453082,48.22763443453082,48.22763443453082,48.22763443453082,48.22763443453082,48.22763443453082,48.22763443453082,48.22763443453082,48.22763443453082,48.22763443453082,48.22763443453082,48.22763443453082,48.22763443453082,48.22763443453082,48.22763443453082,48.22763443453082,48.22763443453082,48.22763443453082,48.22763443453082,48.22763443453082,48.22763443453082,48.22763443453082,48.22763443453082,48.22763443453082,48.22763443453082,48.22763443453082,48.22763443453082,48.22763443453082,48.22763443453082,48.22763443453082,48.22763443453082,48.22763443453082,48.22763443453082,48.22763443453082,48.22763443453082,48.22763443453082,48.22763443453082,48.22763443453082,48.22763443453082,48.22763443453082,48.22763443453082,48.22763443453082,48.22763443453082,48.22763443453082,48.22763443453082,48.22763443453082,48.22763443453082,48.22763443453082,48.22763443453082,48.22763443453082,48.22763443453082,1000000.0
FLINT,MAGNUM03,F,na,na,na,na,2025_03_11-15_02_56,na,3,61,Yes,1,na,0.0,578.7316132143711,723.4145165180289,13.0,42.0,62.0,,,,0.0,1012.7803231251588,723.4145165180289,13.0,42.0,62.0,32.0,20.0,11.0,29.0,16.0,9.0,24.0,11.0,7.0,20.0,8.0,6.0,16.0,5.0,5.0,10.0,-5.0,0.0,13.0,0.0,0.0,0.0,32.0,32.0,52.0,52.0,63.0,0.0,29.0,34.0,50.0,54.0,63.0,2.0,26.0,36.0,47.0,56.0,63.0,4.0,24.0,38.0,46.0,57.0,63.0,6.0,22.0,39.0,44.0,58.0,63.0,8.0,18.0,47.0,42.0,63.0,63.0,7.0,20.0,42.0,42.0,63.0,63.0,10.0,0.0,51.0,16.0,63.0,40.0,63.0,62.0,0.5456383108357503,2.6256389992625127,2.1770113402946722,0.006944276993437237,30.0,160.0,967398.119122257,976368.4591270798,986640.9452616348,990547.3836508319,996190.0168796721,998553.1709669641,999469.4960212201,999662.4065589582,999903.5447311308,1000000.0,1000000.0,1000000.0,1000000.0,1000000.0,1000000.0,1000000.0,1000000.0,1000000.0,1000000.0,1000000.0,1000000.0,1000000.0,1000000.0,1000000.0,1000000.0,1000000.0,1000000.0,1000000.0,1000000.0,1000000.0,1000000.0,1000000.0,1000000.0,1000000.0,1000000.0,1000000.0,1000000.0,1000000.0,1000000.0,1000000.0,1000000.0,1000000.0,1000000.0,1000000.0,1000000.0,1000000.0,1000000.0,1000000.0,1000000.0,1000000.0,1000000.0,1000000.0,1000000.0,1000000.0,1000000.0,1000000.0,1000000.0,1000000.0,1000000.0,1000000.0,1000000.0,1000000.0,1000000.0,1000000.0,0.0,0.0,0.0,0.0,0.0,0.0,0.0,0.0,0.0,0.0,0.0,0.0,0.0,0.0,0.0,0.0,144.68290330359284,192.91053773812425,385.82107547624787,434.04870991077877,723.414516517964,1253.9184952978064,2893.6580660718573,5353.267422232942,11381.721726549311,19387.509042681453,42343.863033518195,68724.37906920664,128237.27996141798,207619.96624065586,329153.6050156739,373764.1668676151,665782.4933687003,792524.7166626477,906004.340487099,950132.625994695,983650.8319266939,993489.2693513383,998070.8946226187,999083.6749457439,999373.040752351,999517.7236556546,999710.6341933928,999758.8618278273,999807.0894622619,999855.3170966964,999855.3170966964,999903.5447311308,1000000.0,1000000.0,1000000.0,1000000.0,1000000.0,1000000.0,1000000.0,1000000.0,1000000.0,1000000.0,1000000.0,1000000.0,1000000.0,1000000.0,1000000.0,1000000.0,0.0,0.0,0.0,0.0,0.0,0.0,0.0,0.0,0.0,0.0,0.0,0.0,0.0,0.0,0.0,0.0,0.0,0.0,0.0,0.0,0.0,0.0,0.0,0.0,0.0,0.0,0.0,0.0,0.0,0.0,0.0,0.0,0.0,0.0,0.0,0.0,0.0,0.0,0.0,0.0,144.68290330359284,144.68290330359284,626.959247648901,916.3250542560885,2122.0159151193625,5112.12925006028,13214.371835061467,23052.809259705788,56956.83626718108,111212.92500602853,227103.9305522064,336435.9778152882,547769.4719074029,726693.9956595128,895201.3503737642,955582.348685797,990402.7007475282,997299.2524716662,998842.5367735712,999131.9025801783,999276.585483482,999276.585483482,999421.2683867855,1000000.0,0.0,0.0,0.0,0.0,0.0,0.0,0.0,0.0,0.0,0.0,0.0,0.0,0.0,0.0,0.0,0.0,0.0,0.0,0.0,0.0,0.0,0.0,0.0,0.0,0.0,0.0,0.0,0.0,0.0,0.0,0.0,0.0,0.0,0.0,0.0,0.0,0.0,0.0,0.0,0.0,0.0,0.0,0.0,0.0,0.0,0.0,0.0,0.0,0.0,0.0,0.0,0.0,0.0,0.0,0.0,0.0,0.0,0.0,0.0,0.0,0.0,0.0,48.22763443453082,1000000.0
FLINT,MAGNUM03,F,na,na,na,na,2025_03_11-15_02_56,na,3,62,Yes,1,na,0.0,868.0974198216343,482.27634434538857,12.5,42.0,60.0,,,,0.0,1109.2355919942308,530.5039787798496,12.5,42.0,60.0,31.0,20.0,12.0,28.0,16.0,10.0,24.0,11.0,8.0,19.0,8.0,7.0,16.0,5.0,5.0,13.0,-11.0,-3.0,14.0,-7.0,1.0,0.0,31.0,31.0,51.0,51.0,63.0,0.0,28.0,33.0,49.0,53.0,63.0,1.0,25.0,35.0,46.0,55.0,63.0,4.0,23.0,37.0,45.0,56.0,63.0,5.0,21.0,38.0,43.0,57.0,62.0,6.0,19.0,52.0,41.0,63.0,60.0,6.0,20.0,49.0,42.0,60.0,61.0,8.0,0.0,57.0,17.0,63.0,40.0,63.0,59.0,0.4959513999878232,2.6558041866770807,2.2967209017660974,0.0737761956210643,30.0,160.0,966915.8427779117,977670.6052568122,987074.9939715456,992138.8955871714,997733.301181577,999228.3578490474,999951.7723655654,1000000.0,1000000.0,1000000.0,1000000.0,1000000.0,1000000.0,1000000.0,1000000.0,1000000.0,1000000.0,1000000.0,1000000.0,1000000.0,1000000.0,1000000.0,1000000.0,1000000.0,1000000.0,1000000.0,1000000.0,1000000.0,1000000.0,1000000.0,1000000.0,1000000.0,1000000.0,1000000.0,1000000.0,1000000.0,1000000.0,1000000.0,1000000.0,1000000.0,1000000.0,1000000.0,1000000.0,1000000.0,1000000.0,1000000.0,1000000.0,1000000.0,1000000.0,1000000.0,1000000.0,1000000.0,1000000.0,1000000.0,1000000.0,1000000.0,1000000.0,1000000.0,1000000.0,1000000.0,1000000.0,1000000.0,1000000.0,1000000.0,0.0,0.0,0.0,0.0,0.0,0.0,0.0,0.0,0.0,0.0,0.0,0.0,0.0,0.0,0.0,0.0,0.0,96.4552688690621,144.68290330359284,289.36580660718624,771.6421509524955,1591.5119363395213,3954.6660236315374,8054.014950566682,15963.346997829749,31637.328189052336,64142.75379792618,104509.28381962859,192428.2613937786,306245.4786592718,462937.06293706293,541885.7005063902,776223.7762237763,875379.7926211719,949264.5285748733,977670.6052568122,992958.7653725585,997106.3419339281,998746.0815047021,998938.9920424403,999083.6749457439,999131.9025801783,999180.1302146129,999276.585483482,999373.040752351,999373.040752351,999421.2683867855,999469.4960212201,999517.7236556546,999662.4065589582,999855.3170966964,999855.3170966964,999951.7723655654,999951.7723655654,999951.7723655654,1000000.0,1000000.0,1000000.0,1000000.0,1000000.0,1000000.0,1000000.0,1000000.0,1000000.0,0.0,0.0,0.0,0.0,0.0,0.0,0.0,0.0,0.0,0.0,0.0,0.0,0.0,0.0,0.0,0.0,0.0,0.0,0.0,0.0,0.0,0.0,0.0,0.0,0.0,0.0,0.0,0.0,0.0,0.0,0.0,0.0,0.0,0.0,0.0,0.0,0.0,0.0,0.0,0.0,96.4552688690621,289.36580660718624,771.6421509524955,2073.7882806848356,5931.999035447306,13793.103448275855,33807.571738606224,62358.331323848564,134989.14878225222,240318.30238726793,417265.49312756205,554521.3407282372,733735.2302869544,857342.6573426571,958283.0962141306,987894.8637569327,997588.6182782734,999276.585483482,999469.4960212201,999517.7236556546,999565.9512900892,999662.4065589582,999662.4065589582,1000000.0,0.0,0.0,0.0,0.0,0.0,0.0,0.0,0.0,0.0,0.0,0.0,0.0,0.0,0.0,0.0,0.0,0.0,0.0,0.0,0.0,0.0,0.0,0.0,0.0,0.0,0.0,0.0,0.0,0.0,0.0,0.0,0.0,0.0,0.0,0.0,0.0,0.0,0.0,0.0,0.0,0.0,0.0,0.0,0.0,0.0,0.0,0.0,0.0,0.0,0.0,0.0,0.0,0.0,0.0,0.0,0.0,0.0,0.0,0.0,48.22763443453082,337.59344104171646,626.959247648901,1543.2843019049903,1000000.0
FLINT,MAGNUM03,F,na,na,na,na,2025_03_11-15_02_56,na,3,63,Yes,1,na,0.0,2218.471183988431,17795.997106341925,13.0,44.0,59.0,,,,0.0,3183.023872679104,26814.564745599215,13.0,44.0,59.0,32.0,21.0,10.0,30.0,16.0,8.0,26.0,10.0,3.0,20.0,7.0,-4.0,15.0,-6.0,-6.0,9.0,-21.0,-9.0,11.0,-14.0,-7.0,0.0,32.0,32.0,53.0,53.0,63.0,0.0,30.0,34.0,50.0,55.0,63.0,0.0,26.0,37.0,47.0,58.0,61.0,4.0,24.0,39.0,46.0,63.0,59.0,6.0,21.0,50.0,44.0,63.0,57.0,9.0,18.0,63.0,42.0,63.0,54.0,8.0,19.0,57.0,43.0,63.0,56.0,13.0,0.0,63.0,13.0,63.0,39.0,63.0,52.0,0.48748565585101455,2.872221916328208,2.6397364958758285,0.6917797850789996,30.0,160.0,980274.8975162767,984277.7911743429,990161.5625753556,993296.3588136001,996913.43139619,998360.2604292259,999131.9025801783,999421.2683867855,999807.0894622619,999951.7723655654,1000000.0,1000000.0,1000000.0,1000000.0,1000000.0,1000000.0,1000000.0,1000000.0,1000000.0,1000000.0,1000000.0,1000000.0,1000000.0,1000000.0,1000000.0,1000000.0,1000000.0,1000000.0,1000000.0,1000000.0,1000000.0,1000000.0,1000000.0,1000000.0,1000000.0,1000000.0,1000000.0,1000000.0,1000000.0,1000000.0,1000000.0,1000000.0,1000000.0,1000000.0,1000000.0,1000000.0,1000000.0,1000000.0,1000000.0,1000000.0,1000000.0,1000000.0,1000000.0,1000000.0,1000000.0,1000000.0,1000000.0,1000000.0,1000000.0,1000000.0,1000000.0,1000000.0,1000000.0,1000000.0,0.0,0.0,0.0,0.0,0.0,0.0,0.0,0.0,0.0,0.0,0.0,0.0,0.0,48.22763443453082,48.22763443453082,48.22763443453082,96.4552688690621,192.91053773812425,337.59344104171646,626.959247648901,964.5526886906189,1591.5119363395213,2748.975162768264,5112.12925006028,9645.526886906195,18230.045816252703,35061.49023390402,55413.55196527605,96889.31757897274,155582.34868579695,259271.76272003853,327803.2312515071,561948.396431155,708078.1287677839,851217.747769472,915408.7292018327,966240.6558958283,983409.6937545212,991994.2126838678,994936.0983843743,996816.9761273209,997202.7972027971,997540.3906438388,997781.5288160116,997926.211719315,997974.4393537496,998167.3498914879,998215.5775259222,998360.2604292259,998601.3986013986,998842.5367735712,998938.9920424403,999228.3578490474,999373.040752351,999421.2683867855,999517.7236556546,999517.7236556546,999565.9512900892,999758.8618278273,999758.8618278273,999758.8618278273,999758.8618278273,999758.8618278273,1000000.0,0.0,0.0,0.0,0.0,0.0,0.0,0.0,0.0,0.0,0.0,0.0,0.0,0.0,0.0,0.0,0.0,0.0,0.0,0.0,0.0,0.0,0.0,0.0,0.0,0.0,0.0,0.0,0.0,0.0,0.0,0.0,0.0,0.0,0.0,0.0,0.0,0.0,0.0,0.0,48.22763443453082,96.4552688690621,192.91053773812425,434.04870991077877,916.3250542560885,2122.0159151193625,5305.039787798405,13069.688931757892,24596.093561610804,53773.81239450204,102869.54424885464,201253.91849529778,296021.22015915124,474608.15047021944,640125.3918495298,822184.7118398842,904075.2351097177,961128.526645768,975645.0446105618,982204.002893658,983554.3766578248,985338.7991319025,986448.0347238968,987460.8150470218,1000000.0,0.0,0.0,0.0,0.0,0.0,0.0,0.0,0.0,0.0,0.0,0.0,0.0,0.0,0.0,0.0,0.0,0.0,0.0,0.0,0.0,0.0,0.0,0.0,0.0,0.0,0.0,0.0,0.0,0.0,0.0,0.0,0.0,0.0,0.0,0.0,0.0,0.0,0.0,0.0,0.0,0.0,0.0,0.0,0.0,0.0,0.0,0.0,0.0,0.0,0.0,0.0,0.0,96.4552688690621,96.4552688690621,241.13817217265407,337.59344104171646,964.5526886906189,1784.4224740776426,4629.85290571497,9066.795273691821,22232.939474318777,47263.081745840354,116662.64769713047,1000000.0
FLINT,MAGNUM03,F,na,na,na,na,2025_03_11-15_02_56,na,3,64,Yes,1,na,0.0,1495.0566674705178,2122.0159151194002,13.5,42.0,62.0,,,,0.0,2314.926452857502,2411.381721726568,13.5,42.0,62.0,32.0,20.0,11.0,29.0,15.0,9.0,25.0,10.0,7.0,22.0,6.0,6.0,16.0,-1.0,0.0,12.0,-14.0,-1.0,14.0,-8.0,0.0,0.0,32.0,32.0,52.0,52.0,63.0,0.0,29.0,34.0,49.0,54.0,63.0,0.0,25.0,36.0,46.0,56.0,63.0,2.0,24.0,38.0,44.0,57.0,63.0,5.0,21.0,44.0,43.0,63.0,63.0,7.0,19.0,55.0,41.0,63.0,62.0,6.0,20.0,50.0,42.0,63.0,63.0,10.0,0.0,60.0,17.0,63.0,38.0,63.0,58.0,0.3583903388190367,2.727255616381454,2.420721004658553,0.040488585994703244,30.0,160.0,984904.7504219918,990306.2454786592,994405.5944055944,996479.3826862792,998360.2604292259,999324.8131179166,999710.6341933928,999903.5447311308,999951.7723655654,1000000.0,1000000.0,1000000.0,1000000.0,1000000.0,1000000.0,1000000.0,1000000.0,1000000.0,1000000.0,1000000.0,1000000.0,1000000.0,1000000.0,1000000.0,1000000.0,1000000.0,1000000.0,1000000.0,1000000.0,1000000.0,1000000.0,1000000.0,1000000.0,1000000.0,1000000.0,1000000.0,1000000.0,1000000.0,1000000.0,1000000.0,1000000.0,1000000.0,1000000.0,1000000.0,1000000.0,1000000.0,1000000.0,1000000.0,1000000.0,1000000.0,1000000.0,1000000.0,1000000.0,1000000.0,1000000.0,1000000.0,1000000.0,1000000.0,1000000.0,1000000.0,1000000.0,1000000.0,1000000.0,1000000.0,0.0,0.0,0.0,0.0,0.0,0.0,0.0,0.0,0.0,0.0,0.0,0.0,0.0,0.0,0.0,0.0,0.0,48.22763443453082,144.68290330359284,241.13817217265407,626.959247648901,1446.829033035929,2748.975162768264,5980.226669881832,12683.867856281646,24162.044851699997,50204.9674463467,84012.539184953,146756.69158427784,235833.13238485644,365565.46901374485,482324.57197974436,701615.6257535567,819194.5985049433,916132.1437183504,958717.1449240415,983168.5555823486,992958.7653725585,996431.1550518447,997685.0735471424,998167.3498914879,998504.9433325295,998601.3986013986,998697.8538702676,998938.9920424403,999131.9025801783,999228.3578490474,999228.3578490474,999421.2683867855,999469.4960212201,999565.9512900892,999614.1789245236,999758.8618278273,999855.3170966964,999855.3170966964,999903.5447311308,999951.7723655654,999951.7723655654,999951.7723655654,1000000.0,1000000.0,1000000.0,1000000.0,1000000.0,0.0,0.0,0.0,0.0,0.0,0.0,0.0,0.0,0.0,0.0,0.0,0.0,0.0,0.0,0.0,0.0,0.0,0.0,0.0,0.0,0.0,0.0,0.0,0.0,0.0,0.0,0.0,0.0,0.0,0.0,0.0,0.0,0.0,0.0,0.0,0.0,0.0,0.0,48.22763443453082,96.4552688690621,144.68290330359284,530.5039787798403,1012.7803231251486,2411.3817217265464,6896.551724137931,14950.566674704614,32264.28743670122,57197.97443935376,117771.88328912464,205112.12925006027,359488.78707499395,489028.2131661442,677453.5809018567,821316.6144200626,937931.0344827586,976368.4591270798,992283.578490475,995852.4234386302,996961.6590306245,997299.2524716662,997636.845912708,997877.9840848806,998215.5775259222,1000000.0,0.0,0.0,0.0,0.0,0.0,0.0,0.0,0.0,0.0,0.0,0.0,0.0,0.0,0.0,0.0,0.0,0.0,0.0,0.0,0.0,0.0,0.0,0.0,0.0,0.0,0.0,0.0,0.0,0.0,0.0,0.0,0.0,0.0,0.0,0.0,0.0,0.0,0.0,0.0,0.0,0.0,0.0,0.0,0.0,0.0,0.0,0.0,0.0,0.0,0.0,0.0,0.0,0.0,0.0,0.0,0.0,0.0,0.0,48.22763443453082,48.22763443453082,48.22763443453082,96.4552688690621,337.59344104171646,1000000.0
FLINT,MAGNUM03,F,na,na,na,na,2025_03_11-15_02_56,na,3,65,Yes,1,na,0.0,578.7316132143711,289.36580660721114,13.5,42.0,60.0,,,,0.0,819.8697853871209,289.36580660721114,13.5,42.0,60.0,32.0,20.0,11.0,29.0,16.0,9.0,25.0,10.0,7.0,20.0,7.0,6.0,15.0,3.0,5.0,8.0,-4.0,0.0,11.0,1.0,4.0,0.0,32.0,32.0,52.0,52.0,63.0,0.0,29.0,34.0,50.0,54.0,63.0,1.0,26.0,37.0,47.0,56.0,63.0,4.0,24.0,38.0,45.0,57.0,63.0,6.0,21.0,40.0,43.0,58.0,63.0,10.0,18.0,45.0,41.0,63.0,63.0,8.0,19.0,41.0,42.0,59.0,63.0,11.0,0.0,50.0,16.0,63.0,37.0,63.0,63.0,0.5838162457030898,2.694717866138131,2.2910235312052585,0.0,30.0,160.0,970725.8258982396,977911.7434289848,985435.2544007716,989582.8309621413,995611.2852664576,997636.845912708,999083.6749457439,999228.3578490474,999614.1789245236,999758.8618278273,999951.7723655654,1000000.0,1000000.0,1000000.0,1000000.0,1000000.0,1000000.0,1000000.0,1000000.0,1000000.0,1000000.0,1000000.0,1000000.0,1000000.0,1000000.0,1000000.0,1000000.0,1000000.0,1000000.0,1000000.0,1000000.0,1000000.0,1000000.0,1000000.0,1000000.0,1000000.0,1000000.0,1000000.0,1000000.0,1000000.0,1000000.0,1000000.0,1000000.0,1000000.0,1000000.0,1000000.0,1000000.0,1000000.0,1000000.0,1000000.0,1000000.0,1000000.0,1000000.0,1000000.0,1000000.0,1000000.0,1000000.0,1000000.0,1000000.0,1000000.0,1000000.0,1000000.0,1000000.0,1000000.0,0.0,0.0,0.0,0.0,0.0,0.0,0.0,0.0,0.0,0.0,0.0,0.0,0.0,0.0,0.0,0.0,48.22763443453082,192.91053773812425,337.59344104171646,723.414516517964,964.5526886906189,1977.3330118157653,4051.121292500604,6173.137207619962,11574.632264287418,20448.517000241125,39787.79840848808,61056.1851941162,107547.6247890041,173715.93923318063,284880.63660477445,326790.45092838194,606800.0964552689,744875.813841331,875235.1097178684,929105.3773812394,971979.7443935374,989004.0993489268,996527.6103207137,998312.0327947914,999373.040752351,999758.8618278273,999807.0894622619,999807.0894622619,999807.0894622619,999903.5447311308,999903.5447311308,999903.5447311308,1000000.0,1000000.0,1000000.0,1000000.0,1000000.0,1000000.0,1000000.0,1000000.0,1000000.0,1000000.0,1000000.0,1000000.0,1000000.0,1000000.0,1000000.0,1000000.0,0.0,0.0,0.0,0.0,0.0,0.0,0.0,0.0,0.0,0.0,0.0,0.0,0.0,0.0,0.0,0.0,0.0,0.0,0.0,0.0,0.0,0.0,0.0,0.0,0.0,0.0,0.0,0.0,0.0,0.0,0.0,0.0,0.0,0.0,0.0,0.0,0.0,96.4552688690621,96.4552688690621,96.4552688690621,192.91053773812425,289.36580660718624,626.959247648901,1495.056667470457,3568.844948155295,8439.836026042916,20207.378828068486,36604.774535809054,76874.84928864238,139426.0911502292,266988.1842295635,383650.83192669397,587171.4492404148,756932.7224499638,904750.4219918012,957125.6329877019,989486.3756932722,997202.7972027971,999421.2683867855,999710.6341933928,999758.8618278273,999758.8618278273,999758.8618278273,1000000.0,0.0,0.0,0.0,0.0,0.0,0.0,0.0,0.0,0.0,0.0,0.0,0.0,0.0,0.0,0.0,0.0,0.0,0.0,0.0,0.0,0.0,0.0,0.0,0.0,0.0,0.0,0.0,0.0,0.0,0.0,0.0,0.0,0.0,0.0,0.0,0.0,0.0,0.0,0.0,0.0,0.0,0.0,0.0,0.0,0.0,0.0,0.0,0.0,0.0,0.0,0.0,0.0,0.0,0.0,0.0,0.0,0.0,0.0,0.0,0.0,0.0,0.0,0.0,1000000.0
FLINT,MAGNUM03,F,na,na,na,na,2025_03_11-15_02_56,na,3,66,Yes,1,na,0.0,0.0,1000000.0,13.5,0.0,47.083333333333336,,,,0.0,0.0,1000000.0,13.5,0.0,47.083333333333336,30.0,20.0,13.0,28.0,15.0,10.0,24.0,9.0,8.0,19.0,7.0,7.0,15.0,4.0,6.0,11.0,-3.0,4.0,13.0,1.0,5.0,0.0,30.0,30.0,50.0,50.0,63.0,0.0,28.0,33.0,48.0,53.0,63.0,0.0,24.0,36.0,45.0,55.0,63.0,3.0,22.0,37.0,44.0,56.0,63.0,4.0,19.0,38.0,42.0,57.0,63.0,6.0,17.0,42.0,39.0,59.0,63.0,5.0,18.0,40.0,41.0,58.0,63.0,11.0,0.0,50.0,16.0,63.0,0.0,63.0,0.0,0.36332679967110054,2.8985570903124303,2.3926198497953175,0.4374894505865458,30.0,160.0,981335.9054738365,987557.2703158909,993537.4969857727,996479.3826862792,998794.3091391367,999614.1789245236,1000000.0,1000000.0,1000000.0,1000000.0,1000000.0,1000000.0,1000000.0,1000000.0,1000000.0,1000000.0,1000000.0,1000000.0,1000000.0,1000000.0,1000000.0,1000000.0,1000000.0,1000000.0,1000000.0,1000000.0,1000000.0,1000000.0,1000000.0,1000000.0,1000000.0,1000000.0,1000000.0,1000000.0,1000000.0,1000000.0,1000000.0,1000000.0,1000000.0,1000000.0,1000000.0,1000000.0,1000000.0,1000000.0,1000000.0,1000000.0,1000000.0,1000000.0,1000000.0,1000000.0,1000000.0,1000000.0,1000000.0,1000000.0,1000000.0,1000000.0,1000000.0,1000000.0,1000000.0,1000000.0,1000000.0,1000000.0,1000000.0,1000000.0,0.0,0.0,0.0,0.0,0.0,0.0,0.0,0.0,0.0,0.0,0.0,0.0,0.0,0.0,0.0,0.0,192.91053773812425,385.82107547624787,868.0974198215577,1591.5119363395213,2990.1133349409165,5256.812153363875,10899.44538220399,17265.49312756211,35013.262599469446,58162.52712804432,104461.05618519413,155871.71449240416,258982.39691343138,375210.99590065103,538702.6766337111,595948.8787074994,816300.9404388715,893995.6595129009,950277.3088979985,975548.5893416927,991801.3021461297,996286.472148541,998890.7644080058,999421.2683867855,999565.9512900892,999855.3170966964,999951.7723655654,1000000.0,1000000.0,1000000.0,1000000.0,1000000.0,1000000.0,1000000.0,1000000.0,1000000.0,1000000.0,1000000.0,1000000.0,1000000.0,1000000.0,1000000.0,1000000.0,1000000.0,1000000.0,1000000.0,1000000.0,1000000.0,48.22763443453082,48.22763443453082,48.22763443453082,48.22763443453082,48.22763443453082,48.22763443453082,48.22763443453082,48.22763443453082,48.22763443453082,48.22763443453082,48.22763443453082,48.22763443453082,48.22763443453082,48.22763443453082,48.22763443453082,48.22763443453082,48.22763443453082,48.22763443453082,48.22763443453082,48.22763443453082,48.22763443453082,48.22763443453082,48.22763443453082,48.22763443453082,48.22763443453082,48.22763443453082,48.22763443453082,48.22763443453082,48.22763443453082,48.22763443453082,48.22763443453082,48.22763443453082,48.22763443453082,48.22763443453082,48.22763443453082,48.22763443453082,48.22763443453082,48.22763443453082,96.4552688690621,241.13817217265407,530.5039787798403,1205.690860863273,2797.202797202796,5208.58451892934,12008.680974198212,22811.671087533156,54690.13744875808,95538.94381480588,203520.61731372066,337014.70942850254,533349.4092114781,664962.6235833132,820689.6551724138,906149.0233904026,970918.7364359779,989389.9204244032,997540.3906438388,999180.1302146129,999807.0894622619,999951.7723655654,999951.7723655654,999951.7723655654,999951.7723655654,1000000.0,48.22763443453082,48.22763443453082,48.22763443453082,48.22763443453082,48.22763443453082,48.22763443453082,48.22763443453082,48.22763443453082,48.22763443453082,48.22763443453082,48.22763443453082,48.22763443453082,48.22763443453082,48.22763443453082,48.22763443453082,48.22763443453082,48.22763443453082,48.22763443453082,48.22763443453082,48.22763443453082,48.22763443453082,48.22763443453082,48.22763443453082,48.22763443453082,48.22763443453082,48.22763443453082,48.22763443453082,48.22763443453082,48.22763443453082,48.22763443453082,48.22763443453082,48.22763443453082,48.22763443453082,48.22763443453082,48.22763443453082,48.22763443453082,48.22763443453082,48.22763443453082,48.22763443453082,48.22763443453082,48.22763443453082,48.22763443453082,48.22763443453082,48.22763443453082,48.22763443453082,48.22763443453082,48.22763443453082,48.22763443453082,48.22763443453082,48.22763443453082,48.22763443453082,48.22763443453082,48.22763443453082,48.22763443453082,48.22763443453082,48.22763443453082,48.22763443453082,48.22763443453082,48.22763443453082,48.22763443453082,48.22763443453082,48.22763443453082,48.22763443453082,1000000.0
FLINT,MAGNUM03,F,na,na,na,na,2025_03_11-15_02_56,na,3,67,Yes,1,na,0.0,144.68290330360517,0.0,14.0,40.0,0.0,,,,0.0,192.910537738136,0.0,14.0,40.0,0.0,30.0,20.0,13.0,28.0,15.0,10.0,24.0,11.0,8.0,20.0,8.0,7.0,16.0,5.0,6.0,14.0,1.0,-1.0,14.0,4.0,5.0,0.0,30.0,30.0,50.0,50.0,63.0,0.0,28.0,33.0,48.0,53.0,63.0,1.0,25.0,35.0,46.0,55.0,63.0,3.0,23.0,36.0,44.0,56.0,63.0,5.0,21.0,38.0,43.0,57.0,63.0,6.0,20.0,40.0,41.0,61.0,60.0,6.0,20.0,38.0,42.0,57.0,62.0,10.0,0.0,49.0,18.0,63.0,39.0,63.0,0.0,0.4402265017003727,2.599622920398293,2.25348417273328,0.442239437982355,30.0,160.0,973088.9799855317,982686.2792380033,991222.5705329153,994502.0496744635,997588.6182782734,999276.585483482,999903.5447311308,999951.7723655654,1000000.0,1000000.0,1000000.0,1000000.0,1000000.0,1000000.0,1000000.0,1000000.0,1000000.0,1000000.0,1000000.0,1000000.0,1000000.0,1000000.0,1000000.0,1000000.0,1000000.0,1000000.0,1000000.0,1000000.0,1000000.0,1000000.0,1000000.0,1000000.0,1000000.0,1000000.0,1000000.0,1000000.0,1000000.0,1000000.0,1000000.0,1000000.0,1000000.0,1000000.0,1000000.0,1000000.0,1000000.0,1000000.0,1000000.0,1000000.0,1000000.0,1000000.0,1000000.0,1000000.0,1000000.0,1000000.0,1000000.0,1000000.0,1000000.0,1000000.0,1000000.0,1000000.0,1000000.0,1000000.0,1000000.0,1000000.0,0.0,0.0,0.0,0.0,0.0,0.0,0.0,0.0,0.0,0.0,0.0,0.0,0.0,0.0,0.0,0.0,0.0,0.0,96.4552688690621,144.68290330359284,626.959247648901,1591.5119363395213,4051.121292500604,7234.145165179647,18374.728719556282,34530.98625512418,73161.32143718349,117434.28984808296,216879.6720520858,339860.1398601398,508126.35640221846,602748.9751627683,811429.9493609838,891487.8225223052,955582.348685797,978345.7921388955,994357.3667711598,998070.8946226187,999662.4065589582,999855.3170966964,999951.7723655654,999951.7723655654,999951.7723655654,999951.7723655654,1000000.0,1000000.0,1000000.0,1000000.0,1000000.0,1000000.0,1000000.0,1000000.0,1000000.0,1000000.0,1000000.0,1000000.0,1000000.0,1000000.0,1000000.0,1000000.0,1000000.0,1000000.0,1000000.0,1000000.0,0.0,0.0,0.0,0.0,0.0,0.0,0.0,0.0,0.0,0.0,0.0,0.0,0.0,0.0,0.0,0.0,0.0,0.0,0.0,0.0,0.0,0.0,0.0,0.0,0.0,0.0,0.0,0.0,0.0,0.0,0.0,0.0,0.0,0.0,0.0,0.0,0.0,0.0,0.0,48.22763443453082,96.4552688690621,434.04870991077877,1205.690860863273,2797.202797202796,7668.193875090419,17795.997106341903,43646.009163250514,83047.98649626227,180612.49095731863,322546.41909814323,527465.6378104654,658934.1692789969,819676.8748492886,909573.1854352542,973571.256329877,992331.8061249095,998649.626235833,999614.1789245236,999758.8618278273,999807.0894622619,999855.3170966964,999951.7723655654,999951.7723655654,1000000.0,48.22763443453082,48.22763443453082,48.22763443453082,48.22763443453082,48.22763443453082,48.22763443453082,48.22763443453082,48.22763443453082,48.22763443453082,48.22763443453082,48.22763443453082,48.22763443453082,48.22763443453082,48.22763443453082,48.22763443453082,48.22763443453082,48.22763443453082,48.22763443453082,48.22763443453082,48.22763443453082,48.22763443453082,48.22763443453082,48.22763443453082,48.22763443453082,48.22763443453082,48.22763443453082,48.22763443453082,48.22763443453082,48.22763443453082,48.22763443453082,48.22763443453082,48.22763443453082,48.22763443453082,48.22763443453082,48.22763443453082,48.22763443453082,48.22763443453082,48.22763443453082,48.22763443453082,48.22763443453082,48.22763443453082,48.22763443453082,48.22763443453082,48.22763443453082,48.22763443453082,48.22763443453082,48.22763443453082,48.22763443453082,48.22763443453082,48.22763443453082,48.22763443453082,48.22763443453082,48.22763443453082,48.22763443453082,48.22763443453082,48.22763443453082,48.22763443453082,48.22763443453082,48.22763443453082,48.22763443453082,337.59344104171646,530.5039787798403,1350.373764166866,1000000.0
FLINT,MAGNUM03,F,na,na,na,na,2025_03_11-15_02_56,na,3,68,Yes,1,na,0.0,96.4552688691443,0.0,11.0,40.0,60.0,,,,0.0,144.68290330360517,0.0,11.0,40.0,60.0,30.0,20.0,13.0,28.0,16.0,11.0,25.0,11.0,9.0,22.0,8.0,8.0,16.0,6.0,6.0,13.0,2.0,4.0,15.0,3.0,5.0,0.0,30.0,30.0,50.0,50.0,63.0,0.0,28.0,32.0,48.0,52.0,63.0,0.0,25.0,35.0,46.0,54.0,63.0,1.0,23.0,36.0,44.0,55.0,63.0,4.0,20.0,37.0,43.0,56.0,62.0,5.0,18.0,39.0,41.0,57.0,61.0,4.0,19.0,38.0,41.0,56.0,61.0,7.0,0.0,45.0,15.0,63.0,40.0,63.0,60.0,0.24675102534410545,2.548747697917824,2.057848723566377,0.070044600474598,30.0,160.0,991174.3428984808,994357.3667711598,997106.3419339281,997974.4393537496,999614.1789245236,999903.5447311308,1000000.0,1000000.0,1000000.0,1000000.0,1000000.0,1000000.0,1000000.0,1000000.0,1000000.0,1000000.0,1000000.0,1000000.0,1000000.0,1000000.0,1000000.0,1000000.0,1000000.0,1000000.0,1000000.0,1000000.0,1000000.0,1000000.0,1000000.0,1000000.0,1000000.0,1000000.0,1000000.0,1000000.0,1000000.0,1000000.0,1000000.0,1000000.0,1000000.0,1000000.0,1000000.0,1000000.0,1000000.0,1000000.0,1000000.0,1000000.0,1000000.0,1000000.0,1000000.0,1000000.0,1000000.0,1000000.0,1000000.0,1000000.0,1000000.0,1000000.0,1000000.0,1000000.0,1000000.0,1000000.0,1000000.0,1000000.0,1000000.0,1000000.0,0.0,0.0,0.0,0.0,0.0,0.0,0.0,0.0,0.0,0.0,0.0,0.0,0.0,0.0,0.0,48.22763443453082,48.22763443453082,192.91053773812425,434.04870991077877,723.414516517964,1446.829033035929,2604.2922594646707,5497.950325536535,10176.030865686038,21798.89076440802,41427.53797926209,85941.64456233422,134362.18953460344,250253.19508078127,379262.1171931517,563491.68073306,651844.7070171208,855172.4137931034,924137.9310344827,972944.2970822281,988859.4164456233,997009.886665059,998938.9920424403,999855.3170966964,999903.5447311308,999951.7723655654,999951.7723655654,1000000.0,1000000.0,1000000.0,1000000.0,1000000.0,1000000.0,1000000.0,1000000.0,1000000.0,1000000.0,1000000.0,1000000.0,1000000.0,1000000.0,1000000.0,1000000.0,1000000.0,1000000.0,1000000.0,1000000.0,1000000.0,1000000.0,0.0,0.0,0.0,0.0,0.0,0.0,0.0,0.0,0.0,0.0,0.0,0.0,0.0,0.0,0.0,0.0,0.0,0.0,0.0,0.0,0.0,0.0,0.0,0.0,0.0,0.0,0.0,0.0,0.0,0.0,0.0,0.0,0.0,0.0,0.0,0.0,0.0,0.0,0.0,0.0,144.68290330359284,626.959247648901,916.3250542560885,1784.4224740776426,7234.145165179647,15963.346997829749,48468.77260670361,85459.36821798894,218278.27345068724,379840.84880636603,623776.2237762237,752109.9590065107,892886.4239209066,950229.081263564,988859.4164456233,996334.6997829756,999662.4065589582,999951.7723655654,999951.7723655654,999951.7723655654,999951.7723655654,999951.7723655654,1000000.0,1000000.0,0.0,0.0,0.0,0.0,0.0,0.0,0.0,0.0,0.0,0.0,0.0,0.0,0.0,0.0,0.0,0.0,0.0,0.0,0.0,0.0,0.0,0.0,0.0,0.0,0.0,0.0,0.0,0.0,0.0,0.0,0.0,0.0,0.0,0.0,0.0,0.0,0.0,0.0,0.0,0.0,0.0,0.0,0.0,0.0,0.0,0.0,0.0,0.0,0.0,0.0,0.0,0.0,0.0,0.0,0.0,0.0,0.0,0.0,0.0,0.0,48.22763443453082,578.7316132143711,2941.8857005063924,1000000.0
FLINT,MAGNUM03,F,na,na,na,na,2025_03_11-15_02_56,na,3,69,Yes,1,na,48.22763443457198,578.7316132143711,0.0,7.0,41.0,0.0,,,,48.22763443457198,771.6421509525466,0.0,7.0,41.0,0.0,30.0,20.0,13.0,28.0,15.0,10.0,24.0,11.0,8.0,20.0,7.0,7.0,16.0,4.0,6.0,10.0,-3.0,2.0,14.0,1.0,5.0,0.0,30.0,30.0,50.0,50.0,63.0,0.0,28.0,33.0,48.0,53.0,63.0,0.0,24.0,35.0,46.0,55.0,63.0,2.0,22.0,37.0,44.0,56.0,63.0,4.0,20.0,38.0,42.0,57.0,63.0,6.0,16.0,43.0,40.0,60.0,62.0,5.0,19.0,40.0,41.0,58.0,63.0,8.0,0.0,56.0,7.0,63.0,39.0,63.0,0.0,0.33427462696595495,2.740390846897851,2.323117624793432,0.4380374177299876,30.0,160.0,986689.1728960694,990258.0178442247,994598.5049433325,996382.9274174101,998938.9920424403,999565.9512900892,999951.7723655654,1000000.0,1000000.0,1000000.0,1000000.0,1000000.0,1000000.0,1000000.0,1000000.0,1000000.0,1000000.0,1000000.0,1000000.0,1000000.0,1000000.0,1000000.0,1000000.0,1000000.0,1000000.0,1000000.0,1000000.0,1000000.0,1000000.0,1000000.0,1000000.0,1000000.0,1000000.0,1000000.0,1000000.0,1000000.0,1000000.0,1000000.0,1000000.0,1000000.0,1000000.0,1000000.0,1000000.0,1000000.0,1000000.0,1000000.0,1000000.0,1000000.0,1000000.0,1000000.0,1000000.0,1000000.0,1000000.0,1000000.0,1000000.0,1000000.0,1000000.0,1000000.0,1000000.0,1000000.0,1000000.0,1000000.0,1000000.0,1000000.0,0.0,0.0,0.0,0.0,0.0,0.0,0.0,48.22763443453082,48.22763443453082,48.22763443453082,48.22763443453082,48.22763443453082,48.22763443453082,144.68290330359284,144.68290330359284,144.68290330359284,289.36580660718624,337.59344104171646,434.04870991077877,723.414516517964,2073.7882806848356,4051.121292500604,8488.063660477448,13214.371835061467,25223.052809259698,45719.79744393539,87147.33542319741,135182.05931999028,234965.03496503495,351868.8208343381,522353.50856040505,602893.6580660719,823631.5408729201,897130.4557511453,957125.6329877019,978152.8816011575,993151.6759102965,997636.845912708,998938.9920424403,999421.2683867855,999710.6341933928,999807.0894622619,999855.3170966964,999903.5447311308,999951.7723655654,999951.7723655654,999951.7723655654,999951.7723655654,999951.7723655654,1000000.0,1000000.0,1000000.0,1000000.0,1000000.0,1000000.0,1000000.0,1000000.0,1000000.0,1000000.0,1000000.0,1000000.0,1000000.0,1000000.0,1000000.0,0.0,0.0,0.0,0.0,0.0,0.0,0.0,0.0,0.0,0.0,0.0,0.0,0.0,0.0,0.0,0.0,0.0,0.0,0.0,0.0,0.0,0.0,0.0,0.0,0.0,0.0,0.0,0.0,0.0,0.0,0.0,0.0,0.0,0.0,0.0,0.0,0.0,0.0,0.0,48.22763443453082,241.13817217265407,626.959247648901,1832.650108512174,3520.617313720762,9404.388714733534,20400.28936580663,48565.227875572695,81745.84036653004,182541.59633469986,310537.738123945,517675.4280202556,645382.2040028936,808488.0636604774,899059.5611285266,967398.119122257,988859.4164456233,997877.9840848806,999421.2683867855,999758.8618278273,999807.0894622619,999903.5447311308,999951.7723655654,1000000.0,1000000.0,48.22763443453082,48.22763443453082,48.22763443453082,48.22763443453082,48.22763443453082,48.22763443453082,48.22763443453082,48.22763443453082,48.22763443453082,48.22763443453082,48.22763443453082,48.22763443453082,48.22763443453082,48.22763443453082,48.22763443453082,48.22763443453082,48.22763443453082,48.22763443453082,48.22763443453082,48.22763443453082,48.22763443453082,48.22763443453082,48.22763443453082,48.22763443453082,48.22763443453082,48.22763443453082,48.22763443453082,48.22763443453082,48.22763443453082,48.22763443453082,48.22763443453082,48.22763443453082,48.22763443453082,48.22763443453082,48.22763443453082,48.22763443453082,48.22763443453082,48.22763443453082,48.22763443453082,48.22763443453082,48.22763443453082,48.22763443453082,48.22763443453082,48.22763443453082,48.22763443453082,48.22763443453082,48.22763443453082,48.22763443453082,48.22763443453082,48.22763443453082,48.22763443453082,48.22763443453082,48.22763443453082,48.22763443453082,48.22763443453082,48.22763443453082,48.22763443453082,48.22763443453082,48.22763443453082,48.22763443453082,48.22763443453082,96.4552688690621,385.82107547624787,1000000.0
FLINT,MAGNUM03,F,na,na,na,na,2025_03_11-15_02_56,na,3,70,Yes,1,na,0.0,289.36580660721114,241.13817217274982,9.0,41.0,61.0,,,,0.0,434.04870991080395,385.8210754762732,9.0,41.0,61.0,32.0,19.0,12.0,28.0,15.0,10.0,24.0,10.0,8.0,19.0,8.0,7.0,16.0,4.0,6.0,10.0,-6.0,-2.0,13.0,2.0,4.0,0.0,32.0,32.0,51.0,51.0,63.0,0.0,28.0,34.0,49.0,53.0,63.0,1.0,25.0,36.0,46.0,55.0,63.0,4.0,23.0,37.0,45.0,56.0,63.0,5.0,21.0,39.0,43.0,57.0,63.0,7.0,17.0,48.0,42.0,63.0,61.0,6.0,19.0,40.0,42.0,58.0,62.0,8.0,0.0,51.0,10.0,63.0,38.0,63.0,56.0,0.4857888898756295,2.644973405883166,2.260341952316914,0.0636345328102583,30.0,160.0,972413.7931034482,980274.8975162767,988570.0506390162,992235.3508560404,997058.1142994935,999035.4473113093,999855.3170966964,999951.7723655654,1000000.0,1000000.0,1000000.0,1000000.0,1000000.0,1000000.0,1000000.0,1000000.0,1000000.0,1000000.0,1000000.0,1000000.0,1000000.0,1000000.0,1000000.0,1000000.0,1000000.0,1000000.0,1000000.0,1000000.0,1000000.0,1000000.0,1000000.0,1000000.0,1000000.0,1000000.0,1000000.0,1000000.0,1000000.0,1000000.0,1000000.0,1000000.0,1000000.0,1000000.0,1000000.0,1000000.0,1000000.0,1000000.0,1000000.0,1000000.0,1000000.0,1000000.0,1000000.0,1000000.0,1000000.0,1000000.0,1000000.0,1000000.0,1000000.0,1000000.0,1000000.0,1000000.0,1000000.0,1000000.0,1000000.0,1000000.0,0.0,0.0,0.0,0.0,0.0,0.0,0.0,0.0,0.0,0.0,48.22763443453082,48.22763443453082,48.22763443453082,48.22763443453082,48.22763443453082,96.4552688690621,192.91053773812425,241.13817217265407,385.82107547624787,578.7316132143711,1061.0079575596806,1687.967205208584,3954.6660236315374,6655.413551965274,14178.924523752106,26187.605497950302,52616.34916807329,85218.23004581625,161514.3477212443,261972.5102483723,416831.4444176513,483530.2628406076,743043.1637328189,841331.082710393,929828.7918977574,963684.5912707981,988666.5059078851,995804.1958041957,998360.2604292259,999517.7236556546,999710.6341933928,999758.8618278273,999758.8618278273,999758.8618278273,999807.0894622619,999807.0894622619,999855.3170966964,999855.3170966964,999951.7723655654,999951.7723655654,1000000.0,1000000.0,1000000.0,1000000.0,1000000.0,1000000.0,1000000.0,1000000.0,1000000.0,1000000.0,1000000.0,1000000.0,1000000.0,1000000.0,0.0,0.0,0.0,0.0,0.0,0.0,0.0,0.0,0.0,0.0,0.0,0.0,0.0,0.0,0.0,0.0,0.0,0.0,0.0,0.0,0.0,0.0,0.0,0.0,0.0,0.0,0.0,0.0,0.0,0.0,0.0,0.0,0.0,0.0,0.0,0.0,0.0,0.0,48.22763443453082,48.22763443453082,96.4552688690621,192.91053773812425,626.959247648901,1398.601398601398,4002.8936580660734,9838.437424644324,26476.971304557497,48902.821316614405,120038.58210754758,223197.4921630094,414130.6968893175,552495.7800819869,735519.652761032,847407.7646491438,944345.3098625512,979503.2553653242,996672.2932240173,999180.1302146129,999710.6341933928,999710.6341933928,999758.8618278273,999807.0894622619,999807.0894622619,1000000.0,0.0,0.0,0.0,0.0,0.0,0.0,0.0,0.0,0.0,0.0,0.0,0.0,0.0,0.0,0.0,0.0,0.0,0.0,0.0,0.0,0.0,0.0,0.0,0.0,0.0,0.0,0.0,0.0,0.0,0.0,0.0,0.0,0.0,0.0,0.0,0.0,0.0,0.0,0.0,0.0,0.0,0.0,0.0,0.0,0.0,0.0,0.0,0.0,0.0,0.0,0.0,0.0,0.0,0.0,0.0,0.0,48.22763443453082,48.22763443453082,48.22763443453082,48.22763443453082,144.68290330359284,241.13817217265407,675.1868820834334,1000000.0
FLINT,MAGNUM03,F,na,na,na,na,2025_03_11-15_02_56,na,3,71,Yes,1,na,0.0,1302.1461297323344,241.13817217274982,11.0,40.0,62.0,,,,0.0,1929.1053773812966,241.13817217274982,11.0,40.0,62.0,30.0,20.0,13.0,28.0,15.0,10.0,24.0,9.0,8.0,19.0,6.0,7.0,15.0,2.0,5.0,10.0,-4.0,0.0,12.0,0.0,4.0,0.0,30.0,30.0,50.0,50.0,63.0,0.0,28.0,33.0,48.0,53.0,63.0,0.0,24.0,36.0,45.0,55.0,63.0,3.0,22.0,37.0,43.0,56.0,63.0,5.0,20.0,39.0,41.0,58.0,63.0,6.0,16.0,42.0,38.0,63.0,63.0,6.0,18.0,40.0,40.0,59.0,63.0,8.0,0.0,49.0,14.0,63.0,34.0,63.0,63.0,0.3515316847279959,2.850537407640772,2.6146229532872667,0.0,30.0,160.0,987123.2216059802,990547.3836508319,993826.8627923799,996045.3339763684,998456.7156980949,999324.8131179166,999951.7723655654,1000000.0,1000000.0,1000000.0,1000000.0,1000000.0,1000000.0,1000000.0,1000000.0,1000000.0,1000000.0,1000000.0,1000000.0,1000000.0,1000000.0,1000000.0,1000000.0,1000000.0,1000000.0,1000000.0,1000000.0,1000000.0,1000000.0,1000000.0,1000000.0,1000000.0,1000000.0,1000000.0,1000000.0,1000000.0,1000000.0,1000000.0,1000000.0,1000000.0,1000000.0,1000000.0,1000000.0,1000000.0,1000000.0,1000000.0,1000000.0,1000000.0,1000000.0,1000000.0,1000000.0,1000000.0,1000000.0,1000000.0,1000000.0,1000000.0,1000000.0,1000000.0,1000000.0,1000000.0,1000000.0,1000000.0,1000000.0,1000000.0,0.0,0.0,0.0,0.0,0.0,0.0,0.0,0.0,0.0,0.0,0.0,0.0,0.0,0.0,48.22763443453082,144.68290330359284,241.13817217265407,289.36580660718624,675.1868820834334,1157.4632264287443,2604.2922594646707,5015.673981191222,10658.30721003135,18037.1352785146,33228.840125391835,56908.60863274655,102773.08897998561,154280.20255606456,258307.21003134793,384518.92934651556,553412.105136243,648275.8620689654,824885.459368218,896599.9517723655,955968.1697612732,975259.2235350856,990450.9283819628,995418.3747287195,998504.9433325295,999324.8131179166,999758.8618278273,999855.3170966964,999951.7723655654,1000000.0,1000000.0,1000000.0,1000000.0,1000000.0,1000000.0,1000000.0,1000000.0,1000000.0,1000000.0,1000000.0,1000000.0,1000000.0,1000000.0,1000000.0,1000000.0,1000000.0,1000000.0,1000000.0,1000000.0,1000000.0,0.0,0.0,0.0,0.0,0.0,0.0,0.0,0.0,0.0,0.0,0.0,0.0,0.0,0.0,0.0,0.0,0.0,0.0,0.0,0.0,0.0,0.0,0.0,0.0,0.0,0.0,0.0,0.0,0.0,0.0,0.0,0.0,0.0,0.0,48.22763443453082,96.4552688690621,96.4552688690621,192.91053773812425,289.36580660718624,482.27634434531,1350.373764166866,2556.0646250301406,5546.177959971061,9500.843983602605,21605.980226669853,41572.22088256569,87967.20520858454,134024.5960935616,243549.55389438148,366095.97299252474,552640.4629852906,668869.0619725102,817747.7694719073,904268.1456474559,967108.7533156498,986689.1728960694,996382.9274174101,998504.9433325295,999421.2683867855,999662.4065589582,999662.4065589582,999758.8618278273,999807.0894622619,1000000.0,0.0,0.0,0.0,0.0,0.0,0.0,0.0,0.0,0.0,0.0,0.0,0.0,0.0,0.0,0.0,0.0,0.0,0.0,0.0,0.0,0.0,0.0,0.0,0.0,0.0,0.0,0.0,0.0,0.0,0.0,0.0,0.0,0.0,0.0,0.0,0.0,0.0,0.0,0.0,0.0,0.0,0.0,0.0,0.0,0.0,0.0,0.0,0.0,0.0,0.0,0.0,0.0,0.0,0.0,0.0,0.0,0.0,0.0,0.0,0.0,0.0,0.0,0.0,1000000.0
FLINT,MAGNUM03,F,na,na,na,na,2025_03_11-15_02_56,na,3,72,Yes,1,na,0.0,289.36580660721114,0.0,12.5,39.0,0.0,,,,0.0,337.593441041742,0.0,12.5,39.0,0.0,30.0,20.0,13.0,28.0,15.0,10.0,25.0,11.0,8.0,20.0,8.0,7.0,15.0,4.0,6.0,11.0,0.0,4.0,13.0,3.0,5.0,0.0,30.0,30.0,50.0,50.0,63.0,0.0,28.0,33.0,48.0,53.0,63.0,0.0,25.0,35.0,46.0,55.0,63.0,3.0,23.0,36.0,44.0,56.0,63.0,5.0,20.0,38.0,42.0,57.0,63.0,7.0,18.0,40.0,40.0,58.0,62.0,6.0,19.0,38.0,41.0,58.0,63.0,8.0,0.0,53.0,17.0,61.0,36.0,63.0,0.0,0.3675495212193154,2.6398520555184257,2.2954499591496145,0.4380381610340198,30.0,160.0,985097.6609597298,989197.009886665,993585.7246202073,996141.7892452375,998215.5775259222,999228.3578490474,999855.3170966964,999951.7723655654,1000000.0,1000000.0,1000000.0,1000000.0,1000000.0,1000000.0,1000000.0,1000000.0,1000000.0,1000000.0,1000000.0,1000000.0,1000000.0,1000000.0,1000000.0,1000000.0,1000000.0,1000000.0,1000000.0,1000000.0,1000000.0,1000000.0,1000000.0,1000000.0,1000000.0,1000000.0,1000000.0,1000000.0,1000000.0,1000000.0,1000000.0,1000000.0,1000000.0,1000000.0,1000000.0,1000000.0,1000000.0,1000000.0,1000000.0,1000000.0,1000000.0,1000000.0,1000000.0,1000000.0,1000000.0,1000000.0,1000000.0,1000000.0,1000000.0,1000000.0,1000000.0,1000000.0,1000000.0,1000000.0,1000000.0,1000000.0,0.0,0.0,0.0,0.0,0.0,0.0,0.0,0.0,0.0,0.0,0.0,0.0,0.0,0.0,0.0,0.0,0.0,48.22763443453082,434.04870991077877,723.414516517964,1929.1053773812387,3231.251507113574,6221.364842054485,10417.169037858685,21847.118398842544,38967.92862310102,78996.8652037617,125922.35350856045,232746.5637810465,351000.7234145165,528285.5075958524,615722.2088256571,826380.5160356885,898529.0571497468,959199.4212683868,981287.677839402,995032.5536532432,998022.6669881842,999710.6341933928,999807.0894622619,999903.5447311308,1000000.0,1000000.0,1000000.0,1000000.0,1000000.0,1000000.0,1000000.0,1000000.0,1000000.0,1000000.0,1000000.0,1000000.0,1000000.0,1000000.0,1000000.0,1000000.0,1000000.0,1000000.0,1000000.0,1000000.0,1000000.0,1000000.0,1000000.0,0.0,0.0,0.0,0.0,0.0,0.0,0.0,0.0,0.0,0.0,0.0,0.0,0.0,0.0,0.0,0.0,0.0,0.0,0.0,0.0,0.0,0.0,0.0,0.0,0.0,0.0,0.0,0.0,0.0,0.0,0.0,0.0,0.0,0.0,0.0,0.0,48.22763443453082,48.22763443453082,48.22763443453082,96.4552688690621,385.82107547624787,626.959247648901,1784.4224740776426,3761.755485893413,9115.022908126357,19966.24065589584,49095.731854352576,85893.41692789964,197251.02483723167,331661.4420062696,541162.2859898722,667615.1434772124,828454.3043163732,910393.0552206414,972220.8825657101,988955.8717144924,998263.8051603568,999517.7236556546,999951.7723655654,1000000.0,1000000.0,1000000.0,1000000.0,1000000.0,48.22763443453082,48.22763443453082,48.22763443453082,48.22763443453082,48.22763443453082,48.22763443453082,48.22763443453082,48.22763443453082,48.22763443453082,48.22763443453082,48.22763443453082,48.22763443453082,48.22763443453082,48.22763443453082,48.22763443453082,48.22763443453082,48.22763443453082,48.22763443453082,48.22763443453082,48.22763443453082,48.22763443453082,48.22763443453082,48.22763443453082,48.22763443453082,48.22763443453082,48.22763443453082,48.22763443453082,48.22763443453082,48.22763443453082,48.22763443453082,48.22763443453082,48.22763443453082,48.22763443453082,48.22763443453082,48.22763443453082,48.22763443453082,48.22763443453082,48.22763443453082,48.22763443453082,48.22763443453082,48.22763443453082,48.22763443453082,48.22763443453082,48.22763443453082,48.22763443453082,48.22763443453082,48.22763443453082,48.22763443453082,48.22763443453082,48.22763443453082,48.22763443453082,48.22763443453082,48.22763443453082,48.22763443453082,48.22763443453082,48.22763443453082,48.22763443453082,48.22763443453082,48.22763443453082,48.22763443453082,48.22763443453082,144.68290330359284,241.13817217265407,1000000.0
FLINT,MAGNUM03,F,na,na,na,na,2025_03_11-15_02_56,na,3,73,Yes,1,na,0.0,48.22763443453082,48.22763443453082,10.5,40.0,59.0,,,,0.0,48.22763443453082,48.22763443453082,10.5,40.0,59.0,30.0,20.0,13.0,28.0,16.0,11.0,24.0,11.0,9.0,20.0,8.0,7.0,17.0,6.0,5.0,10.0,3.0,2.0,14.0,4.0,4.0,0.0,30.0,30.0,50.0,50.0,63.0,0.0,28.0,32.0,48.0,52.0,63.0,0.0,24.0,35.0,46.0,54.0,63.0,2.0,22.0,36.0,44.0,55.0,62.0,4.0,21.0,37.0,43.0,56.0,61.0,6.0,16.0,39.0,42.0,58.0,60.0,5.0,19.0,38.0,42.0,56.0,60.0,9.0,0.0,46.0,12.0,63.0,39.0,63.0,59.0,0.29023466391258956,2.5806922737805142,1.996081202828368,0.12992463807605656,30.0,160.0,987943.0913913671,991367.253436219,996238.2445141064,997781.5288160116,999324.8131179166,999807.0894622619,999951.7723655654,1000000.0,1000000.0,1000000.0,1000000.0,1000000.0,1000000.0,1000000.0,1000000.0,1000000.0,1000000.0,1000000.0,1000000.0,1000000.0,1000000.0,1000000.0,1000000.0,1000000.0,1000000.0,1000000.0,1000000.0,1000000.0,1000000.0,1000000.0,1000000.0,1000000.0,1000000.0,1000000.0,1000000.0,1000000.0,1000000.0,1000000.0,1000000.0,1000000.0,1000000.0,1000000.0,1000000.0,1000000.0,1000000.0,1000000.0,1000000.0,1000000.0,1000000.0,1000000.0,1000000.0,1000000.0,1000000.0,1000000.0,1000000.0,1000000.0,1000000.0,1000000.0,1000000.0,1000000.0,1000000.0,1000000.0,1000000.0,1000000.0,0.0,0.0,0.0,0.0,0.0,0.0,0.0,0.0,0.0,0.0,0.0,0.0,48.22763443453082,48.22763443453082,48.22763443453082,96.4552688690621,241.13817217265407,337.59344104171646,530.5039787798403,675.1868820834334,1157.4632264287443,2893.6580660718573,6896.551724137931,11863.998070894622,24692.548830479835,46587.894863756934,92789.9686520376,147335.4231974921,266023.6315408729,404533.3976368459,585435.2544007716,669737.1593923318,862261.8760549795,930166.385338799,975018.0853629129,988859.4164456233,997685.0735471424,999180.1302146129,999758.8618278273,999903.5447311308,999903.5447311308,999903.5447311308,999903.5447311308,999903.5447311308,999903.5447311308,1000000.0,1000000.0,1000000.0,1000000.0,1000000.0,1000000.0,1000000.0,1000000.0,1000000.0,1000000.0,1000000.0,1000000.0,1000000.0,1000000.0,1000000.0,1000000.0,1000000.0,1000000.0,1000000.0,0.0,0.0,0.0,0.0,0.0,0.0,0.0,0.0,0.0,0.0,0.0,0.0,0.0,0.0,0.0,0.0,0.0,0.0,0.0,0.0,0.0,0.0,0.0,0.0,0.0,0.0,0.0,0.0,0.0,0.0,0.0,0.0,0.0,0.0,0.0,0.0,0.0,0.0,0.0,48.22763443453082,96.4552688690621,192.91053773812425,1109.2355919942117,2122.0159151193625,6414.2753797926125,16445.623342175077,49915.60163973956,97853.87026766334,233277.06775982637,412201.5915119363,667759.826380516,788328.9124668435,910730.6486616831,964552.6886906198,992042.4403183024,997154.5695683626,999614.1789245236,999758.8618278273,999951.7723655654,999951.7723655654,999951.7723655654,1000000.0,1000000.0,1000000.0,0.0,0.0,0.0,0.0,0.0,0.0,0.0,0.0,0.0,0.0,0.0,0.0,0.0,0.0,0.0,0.0,0.0,0.0,0.0,0.0,0.0,0.0,0.0,0.0,0.0,0.0,0.0,0.0,0.0,0.0,0.0,0.0,0.0,0.0,0.0,0.0,0.0,0.0,0.0,0.0,0.0,0.0,0.0,0.0,0.0,0.0,0.0,0.0,0.0,0.0,0.0,0.0,0.0,0.0,0.0,0.0,0.0,0.0,0.0,96.4552688690621,675.1868820834334,1977.3330118157653,6993.006993006999,1000000.0
FLINT,MAGNUM03,F,na,na,na,na,2025_03_11-15_02_56,na,3,74,Yes,1,na,0.0,0.0,289.36580660718624,12.0,0.0,62.0,,,,0.0,0.0,289.36580660718624,12.0,0.0,62.0,31.0,20.0,12.0,28.0,15.0,10.0,24.0,10.0,8.0,20.0,7.0,7.0,15.0,3.0,5.0,8.0,-10.0,-1.0,12.0,-2.0,0.0,0.0,31.0,31.0,51.0,51.0,63.0,0.0,28.0,33.0,48.0,53.0,63.0,0.0,24.0,36.0,46.0,55.0,63.0,3.0,23.0,37.0,44.0,56.0,63.0,5.0,20.0,39.0,42.0,58.0,63.0,8.0,16.0,50.0,40.0,63.0,62.0,6.0,18.0,43.0,41.0,63.0,63.0,10.0,0.0,55.0,14.0,63.0,0.0,63.0,60.0,0.43592203877594876,2.772975072057418,2.416114874652985,0.03181902063473756,30.0,160.0,979020.9790209789,985097.6609597298,991222.5705329153,994453.8220400289,997829.756450446,999083.6749457439,999565.9512900892,999807.0894622619,999903.5447311308,1000000.0,1000000.0,1000000.0,1000000.0,1000000.0,1000000.0,1000000.0,1000000.0,1000000.0,1000000.0,1000000.0,1000000.0,1000000.0,1000000.0,1000000.0,1000000.0,1000000.0,1000000.0,1000000.0,1000000.0,1000000.0,1000000.0,1000000.0,1000000.0,1000000.0,1000000.0,1000000.0,1000000.0,1000000.0,1000000.0,1000000.0,1000000.0,1000000.0,1000000.0,1000000.0,1000000.0,1000000.0,1000000.0,1000000.0,1000000.0,1000000.0,1000000.0,1000000.0,1000000.0,1000000.0,1000000.0,1000000.0,1000000.0,1000000.0,1000000.0,1000000.0,1000000.0,1000000.0,1000000.0,1000000.0,0.0,0.0,0.0,0.0,0.0,0.0,0.0,0.0,0.0,0.0,0.0,0.0,0.0,0.0,48.22763443453082,96.4552688690621,241.13817217265407,385.82107547624787,675.1868820834334,868.0974198215577,1687.967205208584,2845.4304316373314,5931.999035447306,11044.128285507591,23052.809259705788,41041.716903785855,74945.74391126113,119122.25705329154,207427.0557029178,313576.07909332047,466071.8591753074,559488.787074994,780708.9462261876,875138.6544489992,943959.4887870749,972606.7036411864,990065.1073064866,995900.6510730648,998601.3986013986,998938.9920424403,999276.585483482,999324.8131179166,999517.7236556546,999614.1789245236,999614.1789245236,999614.1789245236,999710.6341933928,999710.6341933928,999710.6341933928,999758.8618278273,999903.5447311308,999903.5447311308,999903.5447311308,999903.5447311308,1000000.0,1000000.0,1000000.0,1000000.0,1000000.0,1000000.0,1000000.0,1000000.0,1000000.0,1000000.0,48.22763443453082,48.22763443453082,48.22763443453082,48.22763443453082,48.22763443453082,48.22763443453082,48.22763443453082,48.22763443453082,48.22763443453082,48.22763443453082,48.22763443453082,48.22763443453082,48.22763443453082,48.22763443453082,48.22763443453082,48.22763443453082,48.22763443453082,48.22763443453082,48.22763443453082,48.22763443453082,48.22763443453082,48.22763443453082,48.22763443453082,48.22763443453082,48.22763443453082,48.22763443453082,48.22763443453082,48.22763443453082,48.22763443453082,48.22763443453082,48.22763443453082,48.22763443453082,48.22763443453082,48.22763443453082,48.22763443453082,48.22763443453082,96.4552688690621,96.4552688690621,144.68290330359284,144.68290330359284,434.04870991077877,771.6421509524955,1687.967205208584,3472.38967928623,9452.616349168073,20689.655172413797,46877.26067036413,82228.11671087531,167301.66385338802,287774.2946708464,466939.956595129,601543.284301905,772896.0694477935,882662.165420786,961610.8029901133,987074.9939715456,996431.1550518447,998601.3986013986,999180.1302146129,999324.8131179166,999421.2683867855,999469.4960212201,999469.4960212201,1000000.0,0.0,0.0,0.0,0.0,0.0,0.0,0.0,0.0,0.0,0.0,0.0,0.0,0.0,0.0,0.0,0.0,0.0,0.0,0.0,0.0,0.0,0.0,0.0,0.0,0.0,0.0,0.0,0.0,0.0,0.0,0.0,0.0,0.0,0.0,0.0,0.0,0.0,0.0,0.0,0.0,0.0,0.0,0.0,0.0,0.0,0.0,0.0,0.0,0.0,0.0,0.0,0.0,0.0,0.0,0.0,0.0,0.0,0.0,0.0,0.0,48.22763443453082,144.68290330359284,337.59344104171646,1000000.0
FLINT,MAGNUM03,F,na,na,na,na,2025_03_11-15_02_56,na,3,75,Yes,1,na,0.0,241.13817217274982,0.0,13.0,40.0,58.5,,,,0.0,385.8210754763427,0.0,13.0,40.0,58.5,30.0,20.0,13.0,28.0,15.0,11.0,23.0,11.0,9.0,19.0,9.0,7.0,16.0,6.0,5.0,13.0,0.0,4.0,14.0,4.0,5.0,0.0,30.0,30.0,50.0,50.0,63.0,0.0,28.0,33.0,48.0,52.0,63.0,2.0,25.0,35.0,46.0,54.0,63.0,4.0,23.0,36.0,45.0,55.0,62.0,5.0,21.0,37.0,43.0,56.0,61.0,6.0,19.0,41.0,41.0,56.0,60.0,6.0,20.0,38.0,42.0,56.0,61.0,9.0,0.0,43.0,17.0,57.0,35.0,63.0,60.0,0.5372720818154024,2.513150167488115,2.0008422997739395,0.14597076811409396,30.0,160.0,957656.1369664818,971593.9233180612,985097.6609597298,991222.5705329153,997733.301181577,999228.3578490474,999903.5447311308,999951.7723655654,1000000.0,1000000.0,1000000.0,1000000.0,1000000.0,1000000.0,1000000.0,1000000.0,1000000.0,1000000.0,1000000.0,1000000.0,1000000.0,1000000.0,1000000.0,1000000.0,1000000.0,1000000.0,1000000.0,1000000.0,1000000.0,1000000.0,1000000.0,1000000.0,1000000.0,1000000.0,1000000.0,1000000.0,1000000.0,1000000.0,1000000.0,1000000.0,1000000.0,1000000.0,1000000.0,1000000.0,1000000.0,1000000.0,1000000.0,1000000.0,1000000.0,1000000.0,1000000.0,1000000.0,1000000.0,1000000.0,1000000.0,1000000.0,1000000.0,1000000.0,1000000.0,1000000.0,1000000.0,1000000.0,1000000.0,1000000.0,0.0,0.0,0.0,0.0,0.0,0.0,0.0,0.0,0.0,0.0,0.0,0.0,0.0,0.0,0.0,0.0,0.0,48.22763443453082,192.91053773812425,289.36580660718624,819.8697853870253,1832.650108512174,4002.8936580660734,7185.917530745107,17458.403665300208,33373.52302869545,68820.83433807574,112949.11984567158,214371.83506149027,329346.5155534121,510007.23414516513,597299.2524716663,829949.3609838437,904943.3325295394,964842.0544972268,985772.8478418133,996720.5208584518,999035.4473113093,999565.9512900892,999758.8618278273,999807.0894622619,999903.5447311308,999951.7723655654,1000000.0,1000000.0,1000000.0,1000000.0,1000000.0,1000000.0,1000000.0,1000000.0,1000000.0,1000000.0,1000000.0,1000000.0,1000000.0,1000000.0,1000000.0,1000000.0,1000000.0,1000000.0,1000000.0,1000000.0,1000000.0,0.0,0.0,0.0,0.0,0.0,0.0,0.0,0.0,0.0,0.0,0.0,0.0,0.0,0.0,0.0,0.0,0.0,0.0,0.0,0.0,0.0,0.0,0.0,0.0,0.0,0.0,0.0,0.0,0.0,0.0,0.0,0.0,0.0,0.0,0.0,48.22763443453082,48.22763443453082,48.22763443453082,96.4552688690621,96.4552688690621,192.91053773812425,385.82107547624787,819.8697853870253,1446.829033035929,5353.267422232942,13359.054738365065,37569.32722449966,74270.55702917767,192958.76537255853,359633.4699782975,611140.5835543766,749409.211478177,885845.1892934651,949071.6180371352,987123.2216059802,996961.6590306245,999951.7723655654,1000000.0,1000000.0,1000000.0,1000000.0,1000000.0,1000000.0,1000000.0,0.0,0.0,0.0,0.0,0.0,0.0,0.0,0.0,0.0,0.0,0.0,0.0,0.0,0.0,0.0,0.0,0.0,0.0,0.0,0.0,0.0,0.0,0.0,0.0,0.0,0.0,0.0,0.0,0.0,0.0,0.0,0.0,0.0,0.0,0.0,0.0,0.0,0.0,0.0,0.0,0.0,0.0,0.0,0.0,0.0,0.0,0.0,0.0,0.0,0.0,0.0,0.0,0.0,0.0,0.0,0.0,0.0,0.0,0.0,0.0,530.5039787798403,2604.2922594646707,11044.128285507591,1000000.0
FLINT,MAGNUM03,F,na,na,na,na,2025_03_11-15_02_56,na,3,76,Yes,1,na,0.0,530.5039787798403,0.0,13.0,43.0,0.0,,,,0.0,530.5039787798403,0.0,13.0,43.0,0.0,32.0,20.0,11.0,29.0,15.0,9.0,26.0,11.0,7.0,22.0,9.0,6.0,18.0,5.0,4.0,15.0,-7.0,3.0,17.0,-3.0,4.0,0.0,32.0,32.0,52.0,52.0,63.0,0.0,29.0,34.0,49.0,54.0,63.0,0.0,26.0,36.0,47.0,56.0,63.0,2.0,24.0,37.0,46.0,57.0,63.0,4.0,22.0,39.0,44.0,58.0,62.0,6.0,21.0,49.0,42.0,59.0,62.0,5.0,22.0,46.0,43.0,58.0,62.0,8.0,0.0,54.0,18.0,63.0,41.0,63.0,0.0,0.28172114172978013,2.6400011362172546,2.295451420139887,0.44070667101261257,30.0,160.0,989679.2862310103,993441.0417169037,996672.2932240173,997733.301181577,999035.4473113093,999662.4065589582,999903.5447311308,999951.7723655654,1000000.0,1000000.0,1000000.0,1000000.0,1000000.0,1000000.0,1000000.0,1000000.0,1000000.0,1000000.0,1000000.0,1000000.0,1000000.0,1000000.0,1000000.0,1000000.0,1000000.0,1000000.0,1000000.0,1000000.0,1000000.0,1000000.0,1000000.0,1000000.0,1000000.0,1000000.0,1000000.0,1000000.0,1000000.0,1000000.0,1000000.0,1000000.0,1000000.0,1000000.0,1000000.0,1000000.0,1000000.0,1000000.0,1000000.0,1000000.0,1000000.0,1000000.0,1000000.0,1000000.0,1000000.0,1000000.0,1000000.0,1000000.0,1000000.0,1000000.0,1000000.0,1000000.0,1000000.0,1000000.0,1000000.0,1000000.0,0.0,0.0,0.0,0.0,0.0,0.0,0.0,0.0,0.0,0.0,0.0,0.0,0.0,0.0,0.0,0.0,0.0,0.0,48.22763443453082,48.22763443453082,192.91053773812425,434.04870991077877,1495.056667470457,3761.755485893413,7523.510971786837,14950.566674704614,36942.367976850735,62213.648420544974,118350.61490233906,209693.7545213407,345888.59416445624,436363.63636363635,652134.072823728,769713.0455751145,890426.8145647456,939329.63588136,981046.5396672293,993875.0904268145,998070.8946226187,998746.0815047021,999180.1302146129,999276.585483482,999324.8131179166,999324.8131179166,999324.8131179166,999469.4960212201,999614.1789245236,999710.6341933928,999758.8618278273,999903.5447311308,999903.5447311308,999951.7723655654,999951.7723655654,1000000.0,1000000.0,1000000.0,1000000.0,1000000.0,1000000.0,1000000.0,1000000.0,1000000.0,1000000.0,1000000.0,0.0,0.0,0.0,0.0,0.0,0.0,0.0,0.0,0.0,0.0,0.0,0.0,0.0,0.0,0.0,0.0,0.0,0.0,0.0,0.0,0.0,0.0,0.0,0.0,0.0,0.0,0.0,0.0,0.0,0.0,0.0,0.0,0.0,0.0,0.0,0.0,0.0,0.0,0.0,0.0,0.0,48.22763443453082,241.13817217265407,578.7316132143711,2122.0159151193625,5546.177959971061,16300.940438871463,33084.15722208825,82951.5312273933,169664.81794068005,341258.74125874124,466168.3144441765,652085.8451892935,787316.1321437183,904653.9667229322,955389.4381480587,988907.6440800579,997588.6182782734,999758.8618278273,999903.5447311308,999903.5447311308,999903.5447311308,999951.7723655654,1000000.0,48.22763443453082,48.22763443453082,48.22763443453082,48.22763443453082,48.22763443453082,48.22763443453082,48.22763443453082,48.22763443453082,48.22763443453082,48.22763443453082,48.22763443453082,48.22763443453082,48.22763443453082,48.22763443453082,48.22763443453082,48.22763443453082,48.22763443453082,48.22763443453082,48.22763443453082,48.22763443453082,48.22763443453082,48.22763443453082,48.22763443453082,48.22763443453082,48.22763443453082,48.22763443453082,48.22763443453082,48.22763443453082,48.22763443453082,48.22763443453082,48.22763443453082,48.22763443453082,48.22763443453082,48.22763443453082,48.22763443453082,48.22763443453082,48.22763443453082,48.22763443453082,48.22763443453082,48.22763443453082,48.22763443453082,48.22763443453082,48.22763443453082,48.22763443453082,48.22763443453082,48.22763443453082,48.22763443453082,48.22763443453082,48.22763443453082,48.22763443453082,48.22763443453082,48.22763443453082,48.22763443453082,48.22763443453082,48.22763443453082,48.22763443453082,48.22763443453082,48.22763443453082,48.22763443453082,48.22763443453082,96.4552688690621,192.91053773812425,2218.471183988428,1000000.0
FLINT,MAGNUM03,F,na,na,na,na,2025_03_11-15_02_56,na,3,77,Yes,1,na,1000000.0,1000000.0,1000000.0,0.0,0.0,31.0,,,,1000000.0,1000000.0,1000000.0,0.0,0.0,31.0,0.0,0.0,0.0,0.0,0.0,0.0,0.0,0.0,0.0,0.0,0.0,0.0,0.0,0.0,0.0,0.0,0.0,0.0,0.0,0.0,0.0,0.0,0.0,0.0,0.0,0.0,0.0,0.0,0.0,0.0,0.0,0.0,0.0,0.0,0.0,0.0,0.0,0.0,0.0,0.0,0.0,0.0,0.0,0.0,0.0,0.0,0.0,0.0,0.0,0.0,0.0,0.0,0.0,0.0,0.0,0.0,0.0,0.0,0.0,0.0,0.0,0.0,0.0,0.0,0.0,0.0,0.0,0.0,0.0,62.0,0.0,0.0,0.0,0.0,0.4305451735931086,30.0,160.0,1000000.0,1000000.0,1000000.0,1000000.0,1000000.0,1000000.0,1000000.0,1000000.0,1000000.0,1000000.0,1000000.0,1000000.0,1000000.0,1000000.0,1000000.0,1000000.0,1000000.0,1000000.0,1000000.0,1000000.0,1000000.0,1000000.0,1000000.0,1000000.0,1000000.0,1000000.0,1000000.0,1000000.0,1000000.0,1000000.0,1000000.0,1000000.0,1000000.0,1000000.0,1000000.0,1000000.0,1000000.0,1000000.0,1000000.0,1000000.0,1000000.0,1000000.0,1000000.0,1000000.0,1000000.0,1000000.0,1000000.0,1000000.0,1000000.0,1000000.0,1000000.0,1000000.0,1000000.0,1000000.0,1000000.0,1000000.0,1000000.0,1000000.0,1000000.0,1000000.0,1000000.0,1000000.0,1000000.0,1000000.0,1000000.0,1000000.0,1000000.0,1000000.0,1000000.0,1000000.0,1000000.0,1000000.0,1000000.0,1000000.0,1000000.0,1000000.0,1000000.0,1000000.0,1000000.0,1000000.0,1000000.0,1000000.0,1000000.0,1000000.0,1000000.0,1000000.0,1000000.0,1000000.0,1000000.0,1000000.0,1000000.0,1000000.0,1000000.0,1000000.0,1000000.0,1000000.0,1000000.0,1000000.0,1000000.0,1000000.0,1000000.0,1000000.0,1000000.0,1000000.0,1000000.0,1000000.0,1000000.0,1000000.0,1000000.0,1000000.0,1000000.0,1000000.0,1000000.0,1000000.0,1000000.0,1000000.0,1000000.0,1000000.0,1000000.0,1000000.0,1000000.0,1000000.0,1000000.0,1000000.0,1000000.0,1000000.0,1000000.0,1000000.0,1000000.0,1000000.0,1000000.0,1000000.0,1000000.0,1000000.0,1000000.0,1000000.0,1000000.0,1000000.0,1000000.0,1000000.0,1000000.0,1000000.0,1000000.0,1000000.0,1000000.0,1000000.0,1000000.0,1000000.0,1000000.0,1000000.0,1000000.0,1000000.0,1000000.0,1000000.0,1000000.0,1000000.0,1000000.0,1000000.0,1000000.0,1000000.0,1000000.0,1000000.0,1000000.0,1000000.0,1000000.0,1000000.0,1000000.0,1000000.0,1000000.0,1000000.0,1000000.0,1000000.0,1000000.0,1000000.0,1000000.0,1000000.0,1000000.0,1000000.0,1000000.0,1000000.0,1000000.0,1000000.0,1000000.0,1000000.0,1000000.0,1000000.0,1000000.0,1000000.0,1000000.0,1000000.0,1000000.0,1000000.0,1000000.0,1000000.0,1000000.0,1000000.0,1000000.0,1000000.0,1000000.0,1000000.0,1000000.0,1000000.0,1000000.0,1000000.0,1000000.0,1000000.0,1000000.0,1000000.0,1000000.0,1000000.0,1000000.0,1000000.0,1000000.0,1000000.0,1000000.0,1000000.0,1000000.0,1000000.0,1000000.0,1000000.0,1000000.0,1000000.0,1000000.0,1000000.0,1000000.0,1000000.0,1000000.0,1000000.0,1000000.0,1000000.0,1000000.0,1000000.0,1000000.0,1000000.0,1000000.0,1000000.0,1000000.0,1000000.0,1000000.0,1000000.0,1000000.0,1000000.0,1000000.0,1000000.0,1000000.0,1000000.0,1000000.0,1000000.0,1000000.0,1000000.0,1000000.0,1000000.0,1000000.0,1000000.0,1000000.0,1000000.0
