STEPPING,TESTER,SOCKET,BASE_REV,RUN_NAME,CURRENT_COMMIT,CURRENT_COMMIT_DATE,TEST_START_DATETIME,DIE_ID,MACRO,IO,ADC_CAL,TEST_SEQUENCE,TEST_NAME,LEVEL_01_XPOINT_PPM,LEVEL_12_XPOINT_PPM,LEVEL_23_XPOINT_PPM,LEVEL_01_XPOINT_ADC,LEVEL_12_XPOINT_ADC,LEVEL_23_XPOINT_ADC,LEVEL_01_XPOINT_EXT_PPM,LEVEL_12_XPOINT_EXT_PPM,LEVEL_23_XPOINT_EXT_PPM,LEVEL_01_XPOINT_SUM_PPM,LEVEL_12_XPOINT_SUM_PPM,LEVEL_23_XPOINT_SUM_PPM,LEVEL_01_XPOINT_SUM_ADC,LEVEL_12_XPOINT_SUM_ADC,LEVEL_23_XPOINT_SUM_ADC,LEVEL_01_0SIGMA_ADCRWB,LEVEL_12_0SIGMA_ADCRWB,LEVEL_23_0SIGMA_ADCRWB,LEVEL_01_M1SIGMA_ADCRWB,LEVEL_12_M1SIGMA_ADCRWB,LEVEL_23_M1SIGMA_ADCRWB,LEVEL_01_M2SIGMA_ADCRWB,LEVEL_12_M2SIGMA_ADCRWB,LEVEL_23_M2SIGMA_ADCRWB,LEVEL_01_M2P5SIGMA_ADCRWB,LEVEL_12_M2P5SIGMA_ADCRWB,LEVEL_23_M2P5SIGMA_ADCRWB,LEVEL_01_M3SIGMA_ADCRWB,LEVEL_12_M3SIGMA_ADCRWB,LEVEL_23_M3SIGMA_ADCRWB,LEVEL_01_170PPM_ADCRWB,LEVEL_12_170PPM_ADCRWB,LEVEL_23_170PPM_ADCRWB,LEVEL_01_500PPM_ADCRWB,LEVEL_12_500PPM_ADCRWB,LEVEL_23_500PPM_ADCRWB,LEVEL_01_0_0SIGMA_ADC,LEVEL_01_1_0SIGMA_ADC,LEVEL_12_1_0SIGMA_ADC,LEVEL_12_2_0SIGMA_ADC,LEVEL_23_2_0SIGMA_ADC,LEVEL_23_3_0SIGMA_ADC,LEVEL_01_0_M1SIGMA_ADC,LEVEL_01_1_M1SIGMA_ADC,LEVEL_12_1_M1SIGMA_ADC,LEVEL_12_2_M1SIGMA_ADC,LEVEL_23_2_M1SIGMA_ADC,LEVEL_23_3_M1SIGMA_ADC,LEVEL_01_0_M2SIGMA_ADC,LEVEL_01_1_M2SIGMA_ADC,LEVEL_12_1_M2SIGMA_ADC,LEVEL_12_2_M2SIGMA_ADC,LEVEL_23_2_M2SIGMA_ADC,LEVEL_23_3_M2SIGMA_ADC,LEVEL_01_0_M2P5SIGMA_ADC,LEVEL_01_1_M2P5SIGMA_ADC,LEVEL_12_1_M2P5SIGMA_ADC,LEVEL_12_2_M2P5SIGMA_ADC,LEVEL_23_2_M2P5SIGMA_ADC,LEVEL_23_3_M2P5SIGMA_ADC,LEVEL_01_0_M3SIGMA_ADC,LEVEL_01_1_M3SIGMA_ADC,LEVEL_12_1_M3SIGMA_ADC,LEVEL_12_2_M3SIGMA_ADC,LEVEL_23_2_M3SIGMA_ADC,LEVEL_23_3_M3SIGMA_ADC,LEVEL_01_0_170PPM_ADC,LEVEL_01_1_170PPM_ADC,LEVEL_12_1_170PPM_ADC,LEVEL_12_2_170PPM_ADC,LEVEL_23_2_170PPM_ADC,LEVEL_23_3_170PPM_ADC,LEVEL_01_0_500PPM_ADC,LEVEL_01_1_500PPM_ADC,LEVEL_12_1_500PPM_ADC,LEVEL_12_2_500PPM_ADC,LEVEL_23_2_500PPM_ADC,LEVEL_23_3_500PPM_ADC,LEVEL_0_MAXADC,LEVEL_0_MINADC,LEVEL_1_MAXADC,LEVEL_1_MINADC,LEVEL_2_MAXADC,LEVEL_2_MINADC,LEVEL_3_MAXADC,LEVEL_3_MINADC,LEVEL_0_DISTSIGMA,LEVEL_1_DISTSIGMA,LEVEL_2_DISTSIGMA,LEVEL_3_DISTSIGMA,ADC_0_COND_US,ADC_63_COND_US,LEVEL_0_0ADC_PPM,LEVEL_0_1ADC_PPM,LEVEL_0_2ADC_PPM,LEVEL_0_3ADC_PPM,LEVEL_0_4ADC_PPM,LEVEL_0_5ADC_PPM,LEVEL_0_6ADC_PPM,LEVEL_0_7ADC_PPM,LEVEL_0_8ADC_PPM,LEVEL_0_9ADC_PPM,LEVEL_0_10ADC_PPM,LEVEL_0_11ADC_PPM,LEVEL_0_12ADC_PPM,LEVEL_0_13ADC_PPM,LEVEL_0_14ADC_PPM,LEVEL_0_15ADC_PPM,LEVEL_0_16ADC_PPM,LEVEL_0_17ADC_PPM,LEVEL_0_18ADC_PPM,LEVEL_0_19ADC_PPM,LEVEL_0_20ADC_PPM,LEVEL_0_21ADC_PPM,LEVEL_0_22ADC_PPM,LEVEL_0_23ADC_PPM,LEVEL_0_24ADC_PPM,LEVEL_0_25ADC_PPM,LEVEL_0_26ADC_PPM,LEVEL_0_27ADC_PPM,LEVEL_0_28ADC_PPM,LEVEL_0_29ADC_PPM,LEVEL_0_30ADC_PPM,LEVEL_0_31ADC_PPM,LEVEL_0_32ADC_PPM,LEVEL_0_33ADC_PPM,LEVEL_0_34ADC_PPM,LEVEL_0_35ADC_PPM,LEVEL_0_36ADC_PPM,LEVEL_0_37ADC_PPM,LEVEL_0_38ADC_PPM,LEVEL_0_39ADC_PPM,LEVEL_0_40ADC_PPM,LEVEL_0_41ADC_PPM,LEVEL_0_42ADC_PPM,LEVEL_0_43ADC_PPM,LEVEL_0_44ADC_PPM,LEVEL_0_45ADC_PPM,LEVEL_0_46ADC_PPM,LEVEL_0_47ADC_PPM,LEVEL_0_48ADC_PPM,LEVEL_0_49ADC_PPM,LEVEL_0_50ADC_PPM,LEVEL_0_51ADC_PPM,LEVEL_0_52ADC_PPM,LEVEL_0_53ADC_PPM,LEVEL_0_54ADC_PPM,LEVEL_0_55ADC_PPM,LEVEL_0_56ADC_PPM,LEVEL_0_57ADC_PPM,LEVEL_0_58ADC_PPM,LEVEL_0_59ADC_PPM,LEVEL_0_60ADC_PPM,LEVEL_0_61ADC_PPM,LEVEL_0_62ADC_PPM,LEVEL_0_63ADC_PPM,LEVEL_1_0ADC_PPM,LEVEL_1_1ADC_PPM,LEVEL_1_2ADC_PPM,LEVEL_1_3ADC_PPM,LEVEL_1_4ADC_PPM,LEVEL_1_5ADC_PPM,LEVEL_1_6ADC_PPM,LEVEL_1_7ADC_PPM,LEVEL_1_8ADC_PPM,LEVEL_1_9ADC_PPM,LEVEL_1_10ADC_PPM,LEVEL_1_11ADC_PPM,LEVEL_1_12ADC_PPM,LEVEL_1_13ADC_PPM,LEVEL_1_14ADC_PPM,LEVEL_1_15ADC_PPM,LEVEL_1_16ADC_PPM,LEVEL_1_17ADC_PPM,LEVEL_1_18ADC_PPM,LEVEL_1_19ADC_PPM,LEVEL_1_20ADC_PPM,LEVEL_1_21ADC_PPM,LEVEL_1_22ADC_PPM,LEVEL_1_23ADC_PPM,LEVEL_1_24ADC_PPM,LEVEL_1_25ADC_PPM,LEVEL_1_26ADC_PPM,LEVEL_1_27ADC_PPM,LEVEL_1_28ADC_PPM,LEVEL_1_29ADC_PPM,LEVEL_1_30ADC_PPM,LEVEL_1_31ADC_PPM,LEVEL_1_32ADC_PPM,LEVEL_1_33ADC_PPM,LEVEL_1_34ADC_PPM,LEVEL_1_35ADC_PPM,LEVEL_1_36ADC_PPM,LEVEL_1_37ADC_PPM,LEVEL_1_38ADC_PPM,LEVEL_1_39ADC_PPM,LEVEL_1_40ADC_PPM,LEVEL_1_41ADC_PPM,LEVEL_1_42ADC_PPM,LEVEL_1_43ADC_PPM,LEVEL_1_44ADC_PPM,LEVEL_1_45ADC_PPM,LEVEL_1_46ADC_PPM,LEVEL_1_47ADC_PPM,LEVEL_1_48ADC_PPM,LEVEL_1_49ADC_PPM,LEVEL_1_50ADC_PPM,LEVEL_1_51ADC_PPM,LEVEL_1_52ADC_PPM,LEVEL_1_53ADC_PPM,LEVEL_1_54ADC_PPM,LEVEL_1_55ADC_PPM,LEVEL_1_56ADC_PPM,LEVEL_1_57ADC_PPM,LEVEL_1_58ADC_PPM,LEVEL_1_59ADC_PPM,LEVEL_1_60ADC_PPM,LEVEL_1_61ADC_PPM,LEVEL_1_62ADC_PPM,LEVEL_1_63ADC_PPM,LEVEL_2_0ADC_PPM,LEVEL_2_1ADC_PPM,LEVEL_2_2ADC_PPM,LEVEL_2_3ADC_PPM,LEVEL_2_4ADC_PPM,LEVEL_2_5ADC_PPM,LEVEL_2_6ADC_PPM,LEVEL_2_7ADC_PPM,LEVEL_2_8ADC_PPM,LEVEL_2_9ADC_PPM,LEVEL_2_10ADC_PPM,LEVEL_2_11ADC_PPM,LEVEL_2_12ADC_PPM,LEVEL_2_13ADC_PPM,LEVEL_2_14ADC_PPM,LEVEL_2_15ADC_PPM,LEVEL_2_16ADC_PPM,LEVEL_2_17ADC_PPM,LEVEL_2_18ADC_PPM,LEVEL_2_19ADC_PPM,LEVEL_2_20ADC_PPM,LEVEL_2_21ADC_PPM,LEVEL_2_22ADC_PPM,LEVEL_2_23ADC_PPM,LEVEL_2_24ADC_PPM,LEVEL_2_25ADC_PPM,LEVEL_2_26ADC_PPM,LEVEL_2_27ADC_PPM,LEVEL_2_28ADC_PPM,LEVEL_2_29ADC_PPM,LEVEL_2_30ADC_PPM,LEVEL_2_31ADC_PPM,LEVEL_2_32ADC_PPM,LEVEL_2_33ADC_PPM,LEVEL_2_34ADC_PPM,LEVEL_2_35ADC_PPM,LEVEL_2_36ADC_PPM,LEVEL_2_37ADC_PPM,LEVEL_2_38ADC_PPM,LEVEL_2_39ADC_PPM,LEVEL_2_40ADC_PPM,LEVEL_2_41ADC_PPM,LEVEL_2_42ADC_PPM,LEVEL_2_43ADC_PPM,LEVEL_2_44ADC_PPM,LEVEL_2_45ADC_PPM,LEVEL_2_46ADC_PPM,LEVEL_2_47ADC_PPM,LEVEL_2_48ADC_PPM,LEVEL_2_49ADC_PPM,LEVEL_2_50ADC_PPM,LEVEL_2_51ADC_PPM,LEVEL_2_52ADC_PPM,LEVEL_2_53ADC_PPM,LEVEL_2_54ADC_PPM,LEVEL_2_55ADC_PPM,LEVEL_2_56ADC_PPM,LEVEL_2_57ADC_PPM,LEVEL_2_58ADC_PPM,LEVEL_2_59ADC_PPM,LEVEL_2_60ADC_PPM,LEVEL_2_61ADC_PPM,LEVEL_2_62ADC_PPM,LEVEL_2_63ADC_PPM,LEVEL_3_0ADC_PPM,LEVEL_3_1ADC_PPM,LEVEL_3_2ADC_PPM,LEVEL_3_3ADC_PPM,LEVEL_3_4ADC_PPM,LEVEL_3_5ADC_PPM,LEVEL_3_6ADC_PPM,LEVEL_3_7ADC_PPM,LEVEL_3_8ADC_PPM,LEVEL_3_9ADC_PPM,LEVEL_3_10ADC_PPM,LEVEL_3_11ADC_PPM,LEVEL_3_12ADC_PPM,LEVEL_3_13ADC_PPM,LEVEL_3_14ADC_PPM,LEVEL_3_15ADC_PPM,LEVEL_3_16ADC_PPM,LEVEL_3_17ADC_PPM,LEVEL_3_18ADC_PPM,LEVEL_3_19ADC_PPM,LEVEL_3_20ADC_PPM,LEVEL_3_21ADC_PPM,LEVEL_3_22ADC_PPM,LEVEL_3_23ADC_PPM,LEVEL_3_24ADC_PPM,LEVEL_3_25ADC_PPM,LEVEL_3_26ADC_PPM,LEVEL_3_27ADC_PPM,LEVEL_3_28ADC_PPM,LEVEL_3_29ADC_PPM,LEVEL_3_30ADC_PPM,LEVEL_3_31ADC_PPM,LEVEL_3_32ADC_PPM,LEVEL_3_33ADC_PPM,LEVEL_3_34ADC_PPM,LEVEL_3_35ADC_PPM,LEVEL_3_36ADC_PPM,LEVEL_3_37ADC_PPM,LEVEL_3_38ADC_PPM,LEVEL_3_39ADC_PPM,LEVEL_3_40ADC_PPM,LEVEL_3_41ADC_PPM,LEVEL_3_42ADC_PPM,LEVEL_3_43ADC_PPM,LEVEL_3_44ADC_PPM,LEVEL_3_45ADC_PPM,LEVEL_3_46ADC_PPM,LEVEL_3_47ADC_PPM,LEVEL_3_48ADC_PPM,LEVEL_3_49ADC_PPM,LEVEL_3_50ADC_PPM,LEVEL_3_51ADC_PPM,LEVEL_3_52ADC_PPM,LEVEL_3_53ADC_PPM,LEVEL_3_54ADC_PPM,LEVEL_3_55ADC_PPM,LEVEL_3_56ADC_PPM,LEVEL_3_57ADC_PPM,LEVEL_3_58ADC_PPM,LEVEL_3_59ADC_PPM,LEVEL_3_60ADC_PPM,LEVEL_3_61ADC_PPM,LEVEL_3_62ADC_PPM,LEVEL_3_63ADC_PPM
FLINT,MAGNUM03,F,na,na,na,na,2025_03_11-09_22_56,na,3,0,Yes,1,na,0.0,0.0,0.0,7.5,51.5,0.0,,,,0.0,0.0,0.0,7.5,51.5,0.0,32.0,31.0,0.0,29.0,29.0,0.0,26.0,26.0,0.0,23.0,25.0,0.0,20.0,23.0,0.0,12.0,21.0,0.0,17.0,23.0,0.0,0.0,32.0,32.0,63.0,63.0,63.0,0.0,29.0,34.0,63.0,63.0,63.0,0.0,26.0,37.0,63.0,63.0,63.0,0.0,23.0,38.0,63.0,63.0,63.0,1.0,21.0,40.0,63.0,63.0,63.0,4.0,16.0,41.0,62.0,63.0,63.0,2.0,19.0,40.0,63.0,63.0,63.0,6.0,0.0,42.0,9.0,63.0,61.0,63.0,0.0,0.09865083050226577,2.71913868953715,0.03256533366582182,0.4374894505865458,30.0,160.0,998649.626235833,999276.585483482,999614.1789245236,999758.8618278273,999903.5447311308,1000000.0,1000000.0,1000000.0,1000000.0,1000000.0,1000000.0,1000000.0,1000000.0,1000000.0,1000000.0,1000000.0,1000000.0,1000000.0,1000000.0,1000000.0,1000000.0,1000000.0,1000000.0,1000000.0,1000000.0,1000000.0,1000000.0,1000000.0,1000000.0,1000000.0,1000000.0,1000000.0,1000000.0,1000000.0,1000000.0,1000000.0,1000000.0,1000000.0,1000000.0,1000000.0,1000000.0,1000000.0,1000000.0,1000000.0,1000000.0,1000000.0,1000000.0,1000000.0,1000000.0,1000000.0,1000000.0,1000000.0,1000000.0,1000000.0,1000000.0,1000000.0,1000000.0,1000000.0,1000000.0,1000000.0,1000000.0,1000000.0,1000000.0,1000000.0,0.0,0.0,0.0,0.0,0.0,0.0,0.0,0.0,0.0,48.22763443453082,48.22763443453082,48.22763443453082,48.22763443453082,96.4552688690621,144.68290330359284,192.91053773812425,241.13817217265407,241.13817217265407,482.27634434531,771.6421509524955,1302.1461297323344,2170.2435495538875,4099.348926935128,6800.096455268857,12587.412587412591,20303.83409693753,37762.23776223773,59802.266698818436,102387.26790450925,164456.2334217507,269447.79358572455,346177.95997106336,576706.0525681215,723076.923076923,854786.5927176271,924571.9797443936,971883.2891246683,989004.0993489268,996575.8379551483,998697.8538702676,999614.1789245236,999903.5447311308,1000000.0,1000000.0,1000000.0,1000000.0,1000000.0,1000000.0,1000000.0,1000000.0,1000000.0,1000000.0,1000000.0,1000000.0,1000000.0,1000000.0,1000000.0,1000000.0,1000000.0,1000000.0,1000000.0,1000000.0,1000000.0,1000000.0,0.0,0.0,0.0,0.0,0.0,0.0,0.0,0.0,0.0,0.0,0.0,0.0,0.0,0.0,0.0,0.0,0.0,0.0,0.0,0.0,0.0,0.0,0.0,0.0,0.0,0.0,0.0,0.0,0.0,0.0,0.0,0.0,0.0,0.0,0.0,0.0,0.0,0.0,0.0,0.0,0.0,0.0,0.0,0.0,0.0,0.0,0.0,0.0,0.0,0.0,0.0,0.0,0.0,0.0,0.0,0.0,0.0,0.0,0.0,0.0,0.0,192.91053773812425,482.27634434531,1000000.0,48.22763443453082,48.22763443453082,48.22763443453082,48.22763443453082,48.22763443453082,48.22763443453082,48.22763443453082,48.22763443453082,48.22763443453082,48.22763443453082,48.22763443453082,48.22763443453082,48.22763443453082,48.22763443453082,48.22763443453082,48.22763443453082,48.22763443453082,48.22763443453082,48.22763443453082,48.22763443453082,48.22763443453082,48.22763443453082,48.22763443453082,48.22763443453082,48.22763443453082,48.22763443453082,48.22763443453082,48.22763443453082,48.22763443453082,48.22763443453082,48.22763443453082,48.22763443453082,48.22763443453082,48.22763443453082,48.22763443453082,48.22763443453082,48.22763443453082,48.22763443453082,48.22763443453082,48.22763443453082,48.22763443453082,48.22763443453082,48.22763443453082,48.22763443453082,48.22763443453082,48.22763443453082,48.22763443453082,48.22763443453082,48.22763443453082,48.22763443453082,48.22763443453082,48.22763443453082,48.22763443453082,48.22763443453082,48.22763443453082,48.22763443453082,48.22763443453082,48.22763443453082,48.22763443453082,48.22763443453082,48.22763443453082,48.22763443453082,48.22763443453082,1000000.0
FLINT,MAGNUM03,F,na,na,na,na,2025_03_11-09_22_56,na,3,1,Yes,1,na,0.0,0.0,999180.1302146129,9.5,56.0,62.0,,,,0.0,0.0,999180.1302146129,9.5,56.0,62.0,32.0,31.0,0.0,29.0,29.0,0.0,25.0,26.0,0.0,21.0,25.0,0.0,17.0,21.0,0.0,11.0,14.0,0.0,13.0,19.0,0.0,0.0,32.0,32.0,63.0,63.0,63.0,0.0,29.0,34.0,63.0,63.0,63.0,0.0,25.0,37.0,63.0,63.0,63.0,1.0,22.0,38.0,63.0,63.0,63.0,3.0,20.0,41.0,62.0,63.0,63.0,5.0,16.0,46.0,60.0,63.0,63.0,4.0,17.0,42.0,61.0,63.0,63.0,6.0,0.0,59.0,13.0,63.0,56.0,63.0,63.0,0.2065380465619848,2.8744566854967277,0.09411598650153329,0.0,30.0,160.0,991704.8468772606,995466.602363154,998312.0327947914,999035.4473113093,999662.4065589582,999903.5447311308,1000000.0,1000000.0,1000000.0,1000000.0,1000000.0,1000000.0,1000000.0,1000000.0,1000000.0,1000000.0,1000000.0,1000000.0,1000000.0,1000000.0,1000000.0,1000000.0,1000000.0,1000000.0,1000000.0,1000000.0,1000000.0,1000000.0,1000000.0,1000000.0,1000000.0,1000000.0,1000000.0,1000000.0,1000000.0,1000000.0,1000000.0,1000000.0,1000000.0,1000000.0,1000000.0,1000000.0,1000000.0,1000000.0,1000000.0,1000000.0,1000000.0,1000000.0,1000000.0,1000000.0,1000000.0,1000000.0,1000000.0,1000000.0,1000000.0,1000000.0,1000000.0,1000000.0,1000000.0,1000000.0,1000000.0,1000000.0,1000000.0,1000000.0,0.0,0.0,0.0,0.0,0.0,0.0,0.0,0.0,0.0,0.0,0.0,0.0,0.0,96.4552688690621,96.4552688690621,144.68290330359284,241.13817217265407,578.7316132143711,1012.7803231251486,1157.4632264287443,2170.2435495538875,3375.934410417169,6269.592476489024,10417.169037858685,17699.54183747286,28936.580660718602,51024.83723173378,79286.23101036903,132240.17361948386,207041.23462744144,312949.1198456715,377091.87364359776,632071.3768989631,771159.8746081505,876633.7111164697,935037.3764166867,970822.2811671087,987894.8637569327,995466.602363154,997636.845912708,998601.3986013986,999324.8131179166,999614.1789245236,999807.0894622619,999855.3170966964,999855.3170966964,999903.5447311308,999951.7723655654,999951.7723655654,999951.7723655654,1000000.0,1000000.0,1000000.0,1000000.0,1000000.0,1000000.0,1000000.0,1000000.0,1000000.0,1000000.0,1000000.0,1000000.0,1000000.0,1000000.0,0.0,0.0,0.0,0.0,0.0,0.0,0.0,0.0,0.0,0.0,0.0,0.0,0.0,0.0,0.0,0.0,0.0,0.0,0.0,0.0,0.0,0.0,0.0,0.0,0.0,0.0,0.0,0.0,0.0,0.0,0.0,0.0,0.0,0.0,0.0,0.0,0.0,0.0,0.0,0.0,0.0,0.0,0.0,0.0,0.0,0.0,0.0,0.0,0.0,0.0,0.0,0.0,0.0,0.0,0.0,0.0,48.22763443453082,48.22763443453082,48.22763443453082,144.68290330359284,241.13817217265407,819.8697853870253,2604.2922594646707,1000000.0,0.0,0.0,0.0,0.0,0.0,0.0,0.0,0.0,0.0,0.0,0.0,0.0,0.0,0.0,0.0,0.0,0.0,0.0,0.0,0.0,0.0,0.0,0.0,0.0,0.0,0.0,0.0,0.0,0.0,0.0,0.0,0.0,0.0,0.0,0.0,0.0,0.0,0.0,0.0,0.0,0.0,0.0,0.0,0.0,0.0,0.0,0.0,0.0,0.0,0.0,0.0,0.0,0.0,0.0,0.0,0.0,0.0,0.0,0.0,0.0,0.0,0.0,0.0,1000000.0
FLINT,MAGNUM03,F,na,na,na,na,2025_03_11-09_22_56,na,3,2,Yes,1,na,0.0,96.4552688691443,0.0,11.0,62.0,0.0,,,,0.0,144.68290330367512,0.0,11.0,62.0,0.0,32.0,31.0,0.0,30.0,29.0,0.0,26.0,26.0,0.0,23.0,23.0,0.0,18.0,10.0,0.0,14.0,2.0,0.0,16.0,6.0,0.0,0.0,32.0,32.0,63.0,63.0,63.0,0.0,30.0,34.0,63.0,63.0,63.0,0.0,26.0,37.0,63.0,63.0,63.0,2.0,25.0,40.0,63.0,63.0,63.0,4.0,22.0,53.0,63.0,63.0,63.0,6.0,20.0,61.0,63.0,63.0,63.0,5.0,21.0,57.0,63.0,63.0,63.0,9.0,0.0,63.0,13.0,63.0,62.0,63.0,0.0,0.27826833435280823,2.800504895557424,0.009820453887798475,0.4374894505865458,30.0,160.0,990643.8389197009,993537.4969857727,996334.6997829756,997540.3906438388,999276.585483482,999758.8618278273,999951.7723655654,1000000.0,1000000.0,1000000.0,1000000.0,1000000.0,1000000.0,1000000.0,1000000.0,1000000.0,1000000.0,1000000.0,1000000.0,1000000.0,1000000.0,1000000.0,1000000.0,1000000.0,1000000.0,1000000.0,1000000.0,1000000.0,1000000.0,1000000.0,1000000.0,1000000.0,1000000.0,1000000.0,1000000.0,1000000.0,1000000.0,1000000.0,1000000.0,1000000.0,1000000.0,1000000.0,1000000.0,1000000.0,1000000.0,1000000.0,1000000.0,1000000.0,1000000.0,1000000.0,1000000.0,1000000.0,1000000.0,1000000.0,1000000.0,1000000.0,1000000.0,1000000.0,1000000.0,1000000.0,1000000.0,1000000.0,1000000.0,1000000.0,0.0,0.0,0.0,0.0,0.0,0.0,0.0,0.0,0.0,0.0,0.0,0.0,0.0,48.22763443453082,48.22763443453082,48.22763443453082,48.22763443453082,48.22763443453082,48.22763443453082,144.68290330359284,241.13817217265407,723.414516517964,1784.4224740776426,3134.7962382445157,5739.088497709187,11526.404629852897,24065.589582830988,42199.18013021459,80154.3284301905,143573.6677115988,243115.50518447068,328478.41813359055,565083.1926693995,722498.1914637086,862937.0629370627,927803.2312515072,969616.5903062455,985772.8478418133,992042.4403183024,993730.407523511,994598.5049433325,994839.6431155051,995273.6918254159,995707.7405353268,996045.3339763684,996334.6997829756,996816.9761273209,997009.886665059,997443.9353749697,997588.6182782734,998070.8946226187,998119.1222570533,998504.9433325295,998794.3091391367,998938.9920424403,999131.9025801783,999324.8131179166,999565.9512900892,999662.4065589582,999710.6341933928,999807.0894622619,999903.5447311308,999951.7723655654,1000000.0,0.0,0.0,0.0,0.0,0.0,0.0,0.0,0.0,0.0,0.0,0.0,0.0,0.0,0.0,0.0,0.0,0.0,0.0,0.0,0.0,0.0,0.0,0.0,0.0,0.0,0.0,0.0,0.0,0.0,0.0,0.0,0.0,0.0,0.0,0.0,0.0,0.0,0.0,0.0,0.0,0.0,0.0,0.0,0.0,0.0,0.0,0.0,0.0,0.0,0.0,0.0,0.0,0.0,0.0,0.0,0.0,0.0,0.0,0.0,0.0,0.0,0.0,96.4552688690621,1000000.0,48.22763443453082,48.22763443453082,48.22763443453082,48.22763443453082,48.22763443453082,48.22763443453082,48.22763443453082,48.22763443453082,48.22763443453082,48.22763443453082,48.22763443453082,48.22763443453082,48.22763443453082,48.22763443453082,48.22763443453082,48.22763443453082,48.22763443453082,48.22763443453082,48.22763443453082,48.22763443453082,48.22763443453082,48.22763443453082,48.22763443453082,48.22763443453082,48.22763443453082,48.22763443453082,48.22763443453082,48.22763443453082,48.22763443453082,48.22763443453082,48.22763443453082,48.22763443453082,48.22763443453082,48.22763443453082,48.22763443453082,48.22763443453082,48.22763443453082,48.22763443453082,48.22763443453082,48.22763443453082,48.22763443453082,48.22763443453082,48.22763443453082,48.22763443453082,48.22763443453082,48.22763443453082,48.22763443453082,48.22763443453082,48.22763443453082,48.22763443453082,48.22763443453082,48.22763443453082,48.22763443453082,48.22763443453082,48.22763443453082,48.22763443453082,48.22763443453082,48.22763443453082,48.22763443453082,48.22763443453082,48.22763443453082,48.22763443453082,48.22763443453082,1000000.0
FLINT,MAGNUM03,F,na,na,na,na,2025_03_11-09_22_56,na,3,3,Yes,1,na,0.0,1205.690860863306,993585.7246202073,13.0,59.0,62.0,,,,0.0,1687.9672052086707,993585.7246202073,13.0,59.0,62.0,32.0,31.0,0.0,30.0,28.0,0.0,25.0,25.0,0.0,20.0,12.0,0.0,17.0,2.0,0.0,11.0,-5.0,0.0,15.0,-2.0,0.0,0.0,32.0,32.0,63.0,63.0,63.0,0.0,30.0,35.0,63.0,63.0,63.0,1.0,26.0,38.0,63.0,63.0,63.0,4.0,24.0,49.0,61.0,63.0,63.0,5.0,22.0,58.0,60.0,63.0,63.0,8.0,19.0,63.0,58.0,63.0,63.0,6.0,21.0,61.0,59.0,63.0,63.0,10.0,0.0,63.0,16.0,63.0,56.0,63.0,63.0,0.48517877964389095,3.398461146195615,0.23840005121464838,0.0,30.0,160.0,971063.4193392813,979696.1659030624,989631.0585965757,992572.9442970823,997058.1142994935,999083.6749457439,999807.0894622619,999855.3170966964,999951.7723655654,1000000.0,1000000.0,1000000.0,1000000.0,1000000.0,1000000.0,1000000.0,1000000.0,1000000.0,1000000.0,1000000.0,1000000.0,1000000.0,1000000.0,1000000.0,1000000.0,1000000.0,1000000.0,1000000.0,1000000.0,1000000.0,1000000.0,1000000.0,1000000.0,1000000.0,1000000.0,1000000.0,1000000.0,1000000.0,1000000.0,1000000.0,1000000.0,1000000.0,1000000.0,1000000.0,1000000.0,1000000.0,1000000.0,1000000.0,1000000.0,1000000.0,1000000.0,1000000.0,1000000.0,1000000.0,1000000.0,1000000.0,1000000.0,1000000.0,1000000.0,1000000.0,1000000.0,1000000.0,1000000.0,1000000.0,0.0,0.0,0.0,0.0,0.0,0.0,0.0,0.0,0.0,0.0,0.0,0.0,0.0,0.0,0.0,0.0,48.22763443453082,96.4552688690621,144.68290330359284,241.13817217265407,385.82107547624787,916.3250542560885,1880.8777429467057,3472.38967928623,6462.5030142271535,13407.2823727996,26862.792380033734,48179.40680009647,83192.66939956599,157559.68169761274,261297.32336628885,322353.5085604051,529394.7431878466,681070.6534844465,830817.4584036652,895972.9925247167,947624.7890040993,971690.3785869303,981142.9949360983,983265.0108512177,985194.116228599,986158.6689172896,987171.4492404147,988280.6848324089,989486.3756932722,990547.3836508319,991753.0745116952,992572.9442970823,993392.8140824692,994019.7733301182,994791.4154810706,995466.602363154,995900.6510730648,996382.9274174101,997106.3419339281,997540.3906438388,998022.6669881842,998601.3986013986,998794.3091391367,999131.9025801783,999373.040752351,999662.4065589582,999758.8618278273,1000000.0,0.0,0.0,0.0,0.0,0.0,0.0,0.0,0.0,0.0,0.0,0.0,0.0,0.0,0.0,0.0,0.0,0.0,0.0,0.0,0.0,0.0,0.0,0.0,0.0,0.0,0.0,0.0,0.0,0.0,0.0,0.0,0.0,0.0,0.0,0.0,0.0,0.0,0.0,0.0,0.0,0.0,0.0,0.0,0.0,0.0,0.0,0.0,0.0,0.0,0.0,0.0,0.0,0.0,0.0,0.0,0.0,48.22763443453082,48.22763443453082,337.59344104171646,723.414516517964,1736.1948396431121,6414.2753797926125,20544.972269110207,1000000.0,0.0,0.0,0.0,0.0,0.0,0.0,0.0,0.0,0.0,0.0,0.0,0.0,0.0,0.0,0.0,0.0,0.0,0.0,0.0,0.0,0.0,0.0,0.0,0.0,0.0,0.0,0.0,0.0,0.0,0.0,0.0,0.0,0.0,0.0,0.0,0.0,0.0,0.0,0.0,0.0,0.0,0.0,0.0,0.0,0.0,0.0,0.0,0.0,0.0,0.0,0.0,0.0,0.0,0.0,0.0,0.0,0.0,0.0,0.0,0.0,0.0,0.0,0.0,1000000.0
FLINT,MAGNUM03,F,na,na,na,na,2025_03_11-09_22_56,na,3,4,Yes,1,na,0.0,0.0,999807.0894622619,12.0,59.0,62.0,,,,0.0,0.0,999807.0894622619,12.0,59.0,62.0,32.0,31.0,0.0,29.0,29.0,0.0,26.0,27.0,0.0,25.0,26.0,0.0,22.0,21.0,0.0,19.0,9.0,0.0,19.0,13.0,0.0,0.0,32.0,32.0,63.0,63.0,63.0,0.0,29.0,34.0,63.0,63.0,63.0,0.0,26.0,36.0,63.0,63.0,63.0,0.0,25.0,37.0,63.0,63.0,63.0,2.0,24.0,42.0,63.0,63.0,63.0,3.0,22.0,53.0,62.0,63.0,63.0,3.0,22.0,49.0,62.0,63.0,63.0,4.0,0.0,58.0,20.0,63.0,60.0,63.0,63.0,0.1268364031919546,2.3645782346167903,0.04656375190722779,0.0,30.0,160.0,994887.8707499397,997685.0735471424,999469.4960212201,999903.5447311308,1000000.0,1000000.0,1000000.0,1000000.0,1000000.0,1000000.0,1000000.0,1000000.0,1000000.0,1000000.0,1000000.0,1000000.0,1000000.0,1000000.0,1000000.0,1000000.0,1000000.0,1000000.0,1000000.0,1000000.0,1000000.0,1000000.0,1000000.0,1000000.0,1000000.0,1000000.0,1000000.0,1000000.0,1000000.0,1000000.0,1000000.0,1000000.0,1000000.0,1000000.0,1000000.0,1000000.0,1000000.0,1000000.0,1000000.0,1000000.0,1000000.0,1000000.0,1000000.0,1000000.0,1000000.0,1000000.0,1000000.0,1000000.0,1000000.0,1000000.0,1000000.0,1000000.0,1000000.0,1000000.0,1000000.0,1000000.0,1000000.0,1000000.0,1000000.0,1000000.0,0.0,0.0,0.0,0.0,0.0,0.0,0.0,0.0,0.0,0.0,0.0,0.0,0.0,0.0,0.0,0.0,0.0,0.0,0.0,0.0,96.4552688690621,192.91053773812425,578.7316132143711,1253.9184952978064,3375.934410417169,9645.526886906195,26091.150229081253,51265.97540390642,110489.51048951056,203954.66602363155,340004.82276344346,468724.3790692066,700892.2112370388,835591.9942126839,935712.5632987702,973715.9392331806,992428.2613937786,996768.7484928863,998070.8946226187,998263.8051603568,998408.4880636605,998697.8538702676,998746.0815047021,998842.5367735712,999083.6749457439,999131.9025801783,999276.585483482,999421.2683867855,999469.4960212201,999565.9512900892,999662.4065589582,999710.6341933928,999807.0894622619,999903.5447311308,999903.5447311308,999951.7723655654,1000000.0,1000000.0,1000000.0,1000000.0,1000000.0,1000000.0,1000000.0,1000000.0,0.0,0.0,0.0,0.0,0.0,0.0,0.0,0.0,0.0,0.0,0.0,0.0,0.0,0.0,0.0,0.0,0.0,0.0,0.0,0.0,0.0,0.0,0.0,0.0,0.0,0.0,0.0,0.0,0.0,0.0,0.0,0.0,0.0,0.0,0.0,0.0,0.0,0.0,0.0,0.0,0.0,0.0,0.0,0.0,0.0,0.0,0.0,0.0,0.0,0.0,0.0,0.0,0.0,0.0,0.0,0.0,0.0,0.0,0.0,0.0,96.4552688690621,192.91053773812425,1109.2355919942117,1000000.0,0.0,0.0,0.0,0.0,0.0,0.0,0.0,0.0,0.0,0.0,0.0,0.0,0.0,0.0,0.0,0.0,0.0,0.0,0.0,0.0,0.0,0.0,0.0,0.0,0.0,0.0,0.0,0.0,0.0,0.0,0.0,0.0,0.0,0.0,0.0,0.0,0.0,0.0,0.0,0.0,0.0,0.0,0.0,0.0,0.0,0.0,0.0,0.0,0.0,0.0,0.0,0.0,0.0,0.0,0.0,0.0,0.0,0.0,0.0,0.0,0.0,0.0,0.0,1000000.0
FLINT,MAGNUM03,F,na,na,na,na,2025_03_11-09_22_56,na,3,5,Yes,1,na,0.0,819.869785387061,0.0,12.5,61.0,0.0,,,,0.0,1398.6013986014418,0.0,12.5,61.0,0.0,33.0,30.0,0.0,31.0,27.0,0.0,28.0,15.0,0.0,23.0,7.0,0.0,19.0,2.0,0.0,14.0,-2.0,0.0,17.0,0.0,0.0,0.0,33.0,33.0,63.0,63.0,63.0,0.0,31.0,36.0,63.0,63.0,63.0,0.0,28.0,48.0,63.0,63.0,63.0,3.0,26.0,56.0,63.0,63.0,63.0,5.0,24.0,60.0,62.0,63.0,63.0,8.0,22.0,63.0,61.0,63.0,63.0,6.0,23.0,61.0,61.0,63.0,63.0,8.0,0.0,63.0,17.0,63.0,60.0,63.0,0.0,0.3998834217711121,4.132061315712647,0.07405573613996201,0.4374894505865458,30.0,160.0,979696.1659030624,986351.5794550277,992476.4890282131,995563.0576320231,998119.1222570533,999421.2683867855,999758.8618278273,999807.0894622619,1000000.0,1000000.0,1000000.0,1000000.0,1000000.0,1000000.0,1000000.0,1000000.0,1000000.0,1000000.0,1000000.0,1000000.0,1000000.0,1000000.0,1000000.0,1000000.0,1000000.0,1000000.0,1000000.0,1000000.0,1000000.0,1000000.0,1000000.0,1000000.0,1000000.0,1000000.0,1000000.0,1000000.0,1000000.0,1000000.0,1000000.0,1000000.0,1000000.0,1000000.0,1000000.0,1000000.0,1000000.0,1000000.0,1000000.0,1000000.0,1000000.0,1000000.0,1000000.0,1000000.0,1000000.0,1000000.0,1000000.0,1000000.0,1000000.0,1000000.0,1000000.0,1000000.0,1000000.0,1000000.0,1000000.0,1000000.0,0.0,0.0,0.0,0.0,0.0,0.0,0.0,0.0,0.0,0.0,0.0,0.0,0.0,0.0,0.0,0.0,0.0,48.22763443453082,96.4552688690621,96.4552688690621,144.68290330359284,192.91053773812425,482.27634434531,819.8697853870253,2170.2435495538875,4099.348926935128,8054.014950566682,16349.168073306007,32746.56378104652,65203.76175548585,120424.40318302384,175307.45116952012,350470.2194357366,502001.446829033,675669.1584277791,796720.5208584518,887340.2459609356,929587.6537255847,946419.0981432361,951338.3168555582,956353.9908367494,960163.9739570774,962623.5833132383,964697.3715939232,967446.3467566915,970147.0942850253,972896.0694477935,975693.2722449964,979262.1171931516,982155.7752592235,984326.0188087773,986206.896551724,988328.9124668434,990499.1560163974,992428.2613937786,993730.407523511,995466.602363154,996527.6103207137,998070.8946226187,998649.626235833,999180.1302146129,999565.9512900892,999758.8618278273,1000000.0,0.0,0.0,0.0,0.0,0.0,0.0,0.0,0.0,0.0,0.0,0.0,0.0,0.0,0.0,0.0,0.0,0.0,0.0,0.0,0.0,0.0,0.0,0.0,0.0,0.0,0.0,0.0,0.0,0.0,0.0,0.0,0.0,0.0,0.0,0.0,0.0,0.0,0.0,0.0,0.0,0.0,0.0,0.0,0.0,0.0,0.0,0.0,0.0,0.0,0.0,0.0,0.0,0.0,0.0,0.0,0.0,0.0,0.0,0.0,0.0,96.4552688690621,723.414516517964,2845.4304316373314,1000000.0,48.22763443453082,48.22763443453082,48.22763443453082,48.22763443453082,48.22763443453082,48.22763443453082,48.22763443453082,48.22763443453082,48.22763443453082,48.22763443453082,48.22763443453082,48.22763443453082,48.22763443453082,48.22763443453082,48.22763443453082,48.22763443453082,48.22763443453082,48.22763443453082,48.22763443453082,48.22763443453082,48.22763443453082,48.22763443453082,48.22763443453082,48.22763443453082,48.22763443453082,48.22763443453082,48.22763443453082,48.22763443453082,48.22763443453082,48.22763443453082,48.22763443453082,48.22763443453082,48.22763443453082,48.22763443453082,48.22763443453082,48.22763443453082,48.22763443453082,48.22763443453082,48.22763443453082,48.22763443453082,48.22763443453082,48.22763443453082,48.22763443453082,48.22763443453082,48.22763443453082,48.22763443453082,48.22763443453082,48.22763443453082,48.22763443453082,48.22763443453082,48.22763443453082,48.22763443453082,48.22763443453082,48.22763443453082,48.22763443453082,48.22763443453082,48.22763443453082,48.22763443453082,48.22763443453082,48.22763443453082,48.22763443453082,48.22763443453082,48.22763443453082,1000000.0
FLINT,MAGNUM03,F,na,na,na,na,2025_03_11-09_22_56,na,3,6,Yes,1,na,1000000.0,0.0,985579.9373040752,29.0,42.5,62.0,,,,1000000.0,0.0,985579.9373040752,29.0,42.5,62.0,0.0,34.0,0.0,0.0,34.0,0.0,0.0,33.0,0.0,0.0,32.0,0.0,0.0,30.0,0.0,0.0,29.0,0.0,0.0,30.0,0.0,29.0,29.0,29.0,63.0,63.0,63.0,29.0,29.0,29.0,63.0,63.0,63.0,29.0,29.0,29.0,62.0,63.0,63.0,29.0,29.0,29.0,61.0,63.0,63.0,29.0,29.0,29.0,59.0,63.0,63.0,29.0,29.0,29.0,58.0,63.0,63.0,29.0,29.0,29.0,59.0,63.0,63.0,29.0,29.0,29.0,29.0,63.0,56.0,63.0,63.0,0.0,0.0,0.35256161322508583,0.0,30.0,160.0,0.0,0.0,0.0,0.0,0.0,0.0,0.0,0.0,0.0,0.0,0.0,0.0,0.0,0.0,0.0,0.0,0.0,0.0,0.0,0.0,0.0,0.0,0.0,0.0,0.0,0.0,0.0,0.0,0.0,1000000.0,1000000.0,1000000.0,1000000.0,1000000.0,1000000.0,1000000.0,1000000.0,1000000.0,1000000.0,1000000.0,1000000.0,1000000.0,1000000.0,1000000.0,1000000.0,1000000.0,1000000.0,1000000.0,1000000.0,1000000.0,1000000.0,1000000.0,1000000.0,1000000.0,1000000.0,1000000.0,1000000.0,1000000.0,1000000.0,1000000.0,1000000.0,1000000.0,1000000.0,1000000.0,0.0,0.0,0.0,0.0,0.0,0.0,0.0,0.0,0.0,0.0,0.0,0.0,0.0,0.0,0.0,0.0,0.0,0.0,0.0,0.0,0.0,0.0,0.0,0.0,0.0,0.0,0.0,0.0,0.0,1000000.0,1000000.0,1000000.0,1000000.0,1000000.0,1000000.0,1000000.0,1000000.0,1000000.0,1000000.0,1000000.0,1000000.0,1000000.0,1000000.0,1000000.0,1000000.0,1000000.0,1000000.0,1000000.0,1000000.0,1000000.0,1000000.0,1000000.0,1000000.0,1000000.0,1000000.0,1000000.0,1000000.0,1000000.0,1000000.0,1000000.0,1000000.0,1000000.0,1000000.0,1000000.0,0.0,0.0,0.0,0.0,0.0,0.0,0.0,0.0,0.0,0.0,0.0,0.0,0.0,0.0,0.0,0.0,0.0,0.0,0.0,0.0,0.0,0.0,0.0,0.0,0.0,0.0,0.0,0.0,0.0,0.0,0.0,0.0,0.0,0.0,0.0,0.0,0.0,0.0,0.0,0.0,0.0,0.0,0.0,0.0,0.0,0.0,0.0,0.0,0.0,0.0,0.0,0.0,0.0,0.0,0.0,0.0,48.22763443453082,96.4552688690621,482.27634434531,1398.601398601398,4678.080540149494,14420.062695924775,46394.9843260188,1000000.0,0.0,0.0,0.0,0.0,0.0,0.0,0.0,0.0,0.0,0.0,0.0,0.0,0.0,0.0,0.0,0.0,0.0,0.0,0.0,0.0,0.0,0.0,0.0,0.0,0.0,0.0,0.0,0.0,0.0,0.0,0.0,0.0,0.0,0.0,0.0,0.0,0.0,0.0,0.0,0.0,0.0,0.0,0.0,0.0,0.0,0.0,0.0,0.0,0.0,0.0,0.0,0.0,0.0,0.0,0.0,0.0,0.0,0.0,0.0,0.0,0.0,0.0,0.0,1000000.0
FLINT,MAGNUM03,F,na,na,na,na,2025_03_11-09_22_56,na,3,7,Yes,1,na,0.0,192.91053773812425,0.0,11.5,58.0,0.0,,,,0.0,192.91053773812425,0.0,11.5,58.0,0.0,32.0,31.0,0.0,30.0,29.0,0.0,25.0,26.0,0.0,22.0,24.0,0.0,18.0,12.0,0.0,13.0,1.0,0.0,16.0,4.0,0.0,0.0,32.0,32.0,63.0,63.0,63.0,0.0,30.0,34.0,63.0,63.0,63.0,1.0,26.0,37.0,63.0,63.0,63.0,3.0,25.0,38.0,62.0,63.0,63.0,4.0,22.0,48.0,60.0,63.0,63.0,6.0,19.0,57.0,58.0,63.0,63.0,5.0,21.0,55.0,59.0,63.0,63.0,7.0,0.0,63.0,16.0,63.0,57.0,63.0,0.0,0.38727458038468515,2.6610885798454365,0.21214751230503234,0.4374894505865458,30.0,160.0,975789.7275138653,985338.7991319025,992572.9442970823,995948.8787074994,998746.0815047021,999565.9512900892,999951.7723655654,1000000.0,1000000.0,1000000.0,1000000.0,1000000.0,1000000.0,1000000.0,1000000.0,1000000.0,1000000.0,1000000.0,1000000.0,1000000.0,1000000.0,1000000.0,1000000.0,1000000.0,1000000.0,1000000.0,1000000.0,1000000.0,1000000.0,1000000.0,1000000.0,1000000.0,1000000.0,1000000.0,1000000.0,1000000.0,1000000.0,1000000.0,1000000.0,1000000.0,1000000.0,1000000.0,1000000.0,1000000.0,1000000.0,1000000.0,1000000.0,1000000.0,1000000.0,1000000.0,1000000.0,1000000.0,1000000.0,1000000.0,1000000.0,1000000.0,1000000.0,1000000.0,1000000.0,1000000.0,1000000.0,1000000.0,1000000.0,1000000.0,0.0,0.0,0.0,0.0,0.0,0.0,0.0,0.0,0.0,0.0,0.0,0.0,0.0,0.0,0.0,0.0,48.22763443453082,48.22763443453082,192.91053773812425,241.13817217265407,530.5039787798403,1012.7803231251486,1639.7395707740552,2941.8857005063924,6173.137207619962,11815.770436460101,24451.41065830721,43356.6433566433,81408.24692548838,142560.8873884736,241331.082710393,297853.8702676633,561707.2582589823,720038.5821075476,855075.9585242342,926645.7680250783,970484.687726067,986978.5387026767,994646.732577767,996479.3826862792,997202.7972027971,997492.1630094043,997685.0735471424,997733.301181577,997877.9840848806,998119.1222570533,998263.8051603568,998504.9433325295,998794.3091391367,998890.7644080058,999035.4473113093,999131.9025801783,999276.585483482,999324.8131179166,999517.7236556546,999710.6341933928,999758.8618278273,999903.5447311308,999903.5447311308,999903.5447311308,999903.5447311308,999951.7723655654,1000000.0,1000000.0,0.0,0.0,0.0,0.0,0.0,0.0,0.0,0.0,0.0,0.0,0.0,0.0,0.0,0.0,0.0,0.0,0.0,0.0,0.0,0.0,0.0,0.0,0.0,0.0,0.0,0.0,0.0,0.0,0.0,0.0,0.0,0.0,0.0,0.0,0.0,0.0,0.0,0.0,0.0,0.0,0.0,0.0,0.0,0.0,0.0,0.0,0.0,0.0,0.0,0.0,0.0,0.0,0.0,0.0,0.0,0.0,0.0,144.68290330359284,241.13817217265407,626.959247648901,1495.056667470457,4822.763443453095,15432.843019049933,1000000.0,48.22763443453082,48.22763443453082,48.22763443453082,48.22763443453082,48.22763443453082,48.22763443453082,48.22763443453082,48.22763443453082,48.22763443453082,48.22763443453082,48.22763443453082,48.22763443453082,48.22763443453082,48.22763443453082,48.22763443453082,48.22763443453082,48.22763443453082,48.22763443453082,48.22763443453082,48.22763443453082,48.22763443453082,48.22763443453082,48.22763443453082,48.22763443453082,48.22763443453082,48.22763443453082,48.22763443453082,48.22763443453082,48.22763443453082,48.22763443453082,48.22763443453082,48.22763443453082,48.22763443453082,48.22763443453082,48.22763443453082,48.22763443453082,48.22763443453082,48.22763443453082,48.22763443453082,48.22763443453082,48.22763443453082,48.22763443453082,48.22763443453082,48.22763443453082,48.22763443453082,48.22763443453082,48.22763443453082,48.22763443453082,48.22763443453082,48.22763443453082,48.22763443453082,48.22763443453082,48.22763443453082,48.22763443453082,48.22763443453082,48.22763443453082,48.22763443453082,48.22763443453082,48.22763443453082,48.22763443453082,48.22763443453082,48.22763443453082,48.22763443453082,1000000.0
FLINT,MAGNUM03,F,na,na,na,na,2025_03_11-09_22_56,na,3,8,Yes,1,na,0.0,48.22763443453082,996768.7484928864,10.5,56.0,62.0,,,,0.0,48.22763443453082,996768.7484928864,10.5,56.0,62.0,32.0,31.0,0.0,29.0,29.0,0.0,26.0,26.0,0.0,21.0,23.0,0.0,16.0,21.0,0.0,11.0,11.0,0.0,14.0,18.0,0.0,0.0,32.0,32.0,63.0,63.0,63.0,0.0,29.0,34.0,63.0,63.0,63.0,0.0,26.0,37.0,63.0,63.0,63.0,2.0,23.0,39.0,62.0,63.0,63.0,4.0,20.0,40.0,61.0,63.0,63.0,6.0,17.0,48.0,59.0,63.0,63.0,5.0,19.0,42.0,60.0,63.0,63.0,7.0,0.0,63.0,14.0,63.0,54.0,63.0,63.0,0.3146047637081644,2.7811067586489,0.18166533934950355,0.0,30.0,160.0,984808.2951531227,990450.9283819628,995225.4641909814,997251.0248372317,999035.4473113093,999807.0894622619,1000000.0,1000000.0,1000000.0,1000000.0,1000000.0,1000000.0,1000000.0,1000000.0,1000000.0,1000000.0,1000000.0,1000000.0,1000000.0,1000000.0,1000000.0,1000000.0,1000000.0,1000000.0,1000000.0,1000000.0,1000000.0,1000000.0,1000000.0,1000000.0,1000000.0,1000000.0,1000000.0,1000000.0,1000000.0,1000000.0,1000000.0,1000000.0,1000000.0,1000000.0,1000000.0,1000000.0,1000000.0,1000000.0,1000000.0,1000000.0,1000000.0,1000000.0,1000000.0,1000000.0,1000000.0,1000000.0,1000000.0,1000000.0,1000000.0,1000000.0,1000000.0,1000000.0,1000000.0,1000000.0,1000000.0,1000000.0,1000000.0,1000000.0,0.0,0.0,0.0,0.0,0.0,0.0,0.0,0.0,0.0,0.0,0.0,0.0,0.0,0.0,96.4552688690621,96.4552688690621,192.91053773812425,241.13817217265407,434.04870991077877,626.959247648901,1446.829033035929,2170.2435495538875,4099.348926935128,6800.096455268857,11381.721726549311,19483.964311550495,36218.95346033274,55944.05594405593,98046.78080540152,164311.55051844704,264046.2985290571,341499.8794309139,565565.4690137448,710393.0552206413,843067.2775500361,915022.9081263563,962864.7214854112,984567.15698095,993151.6759102965,997058.1142994935,998794.3091391367,999373.040752351,999710.6341933928,999758.8618278273,999807.0894622619,999807.0894622619,999855.3170966964,999855.3170966964,999903.5447311308,999903.5447311308,999903.5447311308,999903.5447311308,999903.5447311308,999951.7723655654,1000000.0,1000000.0,1000000.0,1000000.0,1000000.0,1000000.0,1000000.0,1000000.0,1000000.0,1000000.0,0.0,0.0,0.0,0.0,0.0,0.0,0.0,0.0,0.0,0.0,0.0,0.0,0.0,0.0,0.0,0.0,0.0,0.0,0.0,0.0,0.0,0.0,0.0,0.0,0.0,0.0,0.0,0.0,0.0,0.0,0.0,0.0,0.0,0.0,0.0,0.0,0.0,0.0,0.0,0.0,0.0,0.0,0.0,0.0,0.0,0.0,0.0,0.0,0.0,0.0,0.0,0.0,0.0,0.0,48.22763443453082,48.22763443453082,96.4552688690621,96.4552688690621,96.4552688690621,434.04870991077877,1205.690860863273,3231.251507113574,9741.98215577526,1000000.0,0.0,0.0,0.0,0.0,0.0,0.0,0.0,0.0,0.0,0.0,0.0,0.0,0.0,0.0,0.0,0.0,0.0,0.0,0.0,0.0,0.0,0.0,0.0,0.0,0.0,0.0,0.0,0.0,0.0,0.0,0.0,0.0,0.0,0.0,0.0,0.0,0.0,0.0,0.0,0.0,0.0,0.0,0.0,0.0,0.0,0.0,0.0,0.0,0.0,0.0,0.0,0.0,0.0,0.0,0.0,0.0,0.0,0.0,0.0,0.0,0.0,0.0,0.0,1000000.0
FLINT,MAGNUM03,F,na,na,na,na,2025_03_11-09_22_56,na,3,9,Yes,1,na,0.0,48.22763443453082,997685.0735471426,13.0,59.0,62.0,,,,0.0,48.22763443453082,997685.0735471426,13.0,59.0,62.0,32.0,31.0,0.0,30.0,29.0,0.0,27.0,27.0,0.0,23.0,25.0,0.0,20.0,22.0,0.0,17.0,7.0,0.0,17.0,15.0,0.0,0.0,32.0,32.0,63.0,63.0,63.0,0.0,30.0,34.0,63.0,63.0,63.0,0.0,27.0,36.0,63.0,63.0,63.0,2.0,25.0,37.0,62.0,63.0,63.0,3.0,23.0,39.0,61.0,63.0,63.0,4.0,21.0,53.0,60.0,63.0,63.0,4.0,21.0,46.0,61.0,63.0,63.0,7.0,0.0,63.0,19.0,63.0,59.0,63.0,63.0,0.2928884905051143,2.3530190620469047,0.13922063612728244,0.0,30.0,160.0,977477.694719074,988328.9124668434,996479.3826862792,998794.3091391367,999903.5447311308,999951.7723655654,1000000.0,1000000.0,1000000.0,1000000.0,1000000.0,1000000.0,1000000.0,1000000.0,1000000.0,1000000.0,1000000.0,1000000.0,1000000.0,1000000.0,1000000.0,1000000.0,1000000.0,1000000.0,1000000.0,1000000.0,1000000.0,1000000.0,1000000.0,1000000.0,1000000.0,1000000.0,1000000.0,1000000.0,1000000.0,1000000.0,1000000.0,1000000.0,1000000.0,1000000.0,1000000.0,1000000.0,1000000.0,1000000.0,1000000.0,1000000.0,1000000.0,1000000.0,1000000.0,1000000.0,1000000.0,1000000.0,1000000.0,1000000.0,1000000.0,1000000.0,1000000.0,1000000.0,1000000.0,1000000.0,1000000.0,1000000.0,1000000.0,1000000.0,0.0,0.0,0.0,0.0,0.0,0.0,0.0,0.0,0.0,0.0,0.0,0.0,0.0,0.0,0.0,0.0,0.0,0.0,0.0,96.4552688690621,96.4552688690621,626.959247648901,1253.9184952978064,1784.4224740776426,4388.714733542319,8777.42946708464,19966.24065589584,37183.50614902336,77598.26380516033,148926.9351338317,258982.39691343138,334651.5553412105,600337.5934410417,760935.6161080298,898432.6018808777,955389.4381480587,987074.9939715456,996334.6997829756,998456.7156980949,998987.2196768748,999035.4473113093,999228.3578490474,999324.8131179166,999324.8131179166,999373.040752351,999469.4960212201,999614.1789245236,999662.4065589582,999662.4065589582,999758.8618278273,999758.8618278273,999807.0894622619,999855.3170966964,999903.5447311308,999951.7723655654,999951.7723655654,1000000.0,1000000.0,1000000.0,1000000.0,1000000.0,1000000.0,1000000.0,1000000.0,0.0,0.0,0.0,0.0,0.0,0.0,0.0,0.0,0.0,0.0,0.0,0.0,0.0,0.0,0.0,0.0,0.0,0.0,0.0,0.0,0.0,0.0,0.0,0.0,0.0,0.0,0.0,0.0,0.0,0.0,0.0,0.0,0.0,0.0,0.0,0.0,0.0,0.0,0.0,0.0,0.0,0.0,0.0,0.0,0.0,0.0,0.0,0.0,0.0,0.0,0.0,0.0,0.0,0.0,0.0,0.0,0.0,0.0,0.0,96.4552688690621,530.5039787798403,2314.926452857486,9259.705811429942,1000000.0,0.0,0.0,0.0,0.0,0.0,0.0,0.0,0.0,0.0,0.0,0.0,0.0,0.0,0.0,0.0,0.0,0.0,0.0,0.0,0.0,0.0,0.0,0.0,0.0,0.0,0.0,0.0,0.0,0.0,0.0,0.0,0.0,0.0,0.0,0.0,0.0,0.0,0.0,0.0,0.0,0.0,0.0,0.0,0.0,0.0,0.0,0.0,0.0,0.0,0.0,0.0,0.0,0.0,0.0,0.0,0.0,0.0,0.0,0.0,0.0,0.0,0.0,0.0,1000000.0
FLINT,MAGNUM03,F,na,na,na,na,2025_03_11-09_22_56,na,3,10,Yes,1,na,0.0,192.91053773817794,0.0,13.5,59.0,0.0,,,,0.0,289.36580660724,0.0,13.5,59.0,0.0,33.0,30.0,0.0,31.0,28.0,0.0,28.0,26.0,0.0,24.0,15.0,0.0,21.0,7.0,0.0,17.0,0.0,0.0,19.0,4.0,0.0,0.0,33.0,33.0,63.0,63.0,63.0,0.0,31.0,35.0,63.0,63.0,63.0,0.0,28.0,37.0,63.0,63.0,63.0,2.0,26.0,48.0,63.0,63.0,63.0,4.0,25.0,54.0,61.0,63.0,63.0,6.0,23.0,60.0,60.0,63.0,63.0,5.0,24.0,57.0,61.0,63.0,63.0,7.0,0.0,62.0,20.0,63.0,50.0,63.0,0.0,0.3312585322761325,2.7749824878814704,0.14226573125512507,0.4374894505865458,30.0,160.0,983409.6937545212,989582.8309621413,994550.2773088979,996961.6590306245,999035.4473113093,999662.4065589582,1000000.0,1000000.0,1000000.0,1000000.0,1000000.0,1000000.0,1000000.0,1000000.0,1000000.0,1000000.0,1000000.0,1000000.0,1000000.0,1000000.0,1000000.0,1000000.0,1000000.0,1000000.0,1000000.0,1000000.0,1000000.0,1000000.0,1000000.0,1000000.0,1000000.0,1000000.0,1000000.0,1000000.0,1000000.0,1000000.0,1000000.0,1000000.0,1000000.0,1000000.0,1000000.0,1000000.0,1000000.0,1000000.0,1000000.0,1000000.0,1000000.0,1000000.0,1000000.0,1000000.0,1000000.0,1000000.0,1000000.0,1000000.0,1000000.0,1000000.0,1000000.0,1000000.0,1000000.0,1000000.0,1000000.0,1000000.0,1000000.0,1000000.0,0.0,0.0,0.0,0.0,0.0,0.0,0.0,0.0,0.0,0.0,0.0,0.0,0.0,0.0,0.0,0.0,0.0,0.0,0.0,0.0,96.4552688690621,96.4552688690621,192.91053773812425,434.04870991077877,771.6421509524955,1929.1053773812387,6317.820110923553,12635.640221847118,32601.88087774292,66505.90788521817,140824.69254883044,210706.53484446587,471039.30552206415,661056.1851941162,839209.0667952737,923318.0612490957,964938.509766096,977911.7434289848,981480.58837714,982975.6450446106,984615.3846153845,985917.5307451169,986930.3110682421,987991.3190258017,989438.1480588376,990499.1560163974,991801.3021461297,992669.3995659512,994116.2285989872,995032.5536532432,996334.6997829756,997106.3419339281,997781.5288160116,998360.2604292259,998987.2196768748,999180.1302146129,999517.7236556546,999614.1789245236,999807.0894622619,999855.3170966964,999903.5447311308,1000000.0,1000000.0,1000000.0,0.0,0.0,0.0,0.0,0.0,0.0,0.0,0.0,0.0,0.0,0.0,0.0,0.0,0.0,0.0,0.0,0.0,0.0,0.0,0.0,0.0,0.0,0.0,0.0,0.0,0.0,0.0,0.0,0.0,0.0,0.0,0.0,0.0,0.0,0.0,0.0,0.0,0.0,0.0,0.0,0.0,0.0,0.0,0.0,0.0,0.0,0.0,0.0,0.0,0.0,48.22763443453082,48.22763443453082,48.22763443453082,48.22763443453082,48.22763443453082,48.22763443453082,48.22763443453082,48.22763443453082,48.22763443453082,144.68290330359284,385.82107547624787,1495.056667470457,5497.950325536535,1000000.0,48.22763443453082,48.22763443453082,48.22763443453082,48.22763443453082,48.22763443453082,48.22763443453082,48.22763443453082,48.22763443453082,48.22763443453082,48.22763443453082,48.22763443453082,48.22763443453082,48.22763443453082,48.22763443453082,48.22763443453082,48.22763443453082,48.22763443453082,48.22763443453082,48.22763443453082,48.22763443453082,48.22763443453082,48.22763443453082,48.22763443453082,48.22763443453082,48.22763443453082,48.22763443453082,48.22763443453082,48.22763443453082,48.22763443453082,48.22763443453082,48.22763443453082,48.22763443453082,48.22763443453082,48.22763443453082,48.22763443453082,48.22763443453082,48.22763443453082,48.22763443453082,48.22763443453082,48.22763443453082,48.22763443453082,48.22763443453082,48.22763443453082,48.22763443453082,48.22763443453082,48.22763443453082,48.22763443453082,48.22763443453082,48.22763443453082,48.22763443453082,48.22763443453082,48.22763443453082,48.22763443453082,48.22763443453082,48.22763443453082,48.22763443453082,48.22763443453082,48.22763443453082,48.22763443453082,48.22763443453082,48.22763443453082,48.22763443453082,48.22763443453082,1000000.0
FLINT,MAGNUM03,F,na,na,na,na,2025_03_11-09_22_56,na,3,11,Yes,1,na,1000000.0,0.0,998890.7644080059,58.0,56.0,62.0,,,,1000000.0,0.0,998890.7644080059,58.0,56.0,62.0,0.0,5.0,0.0,0.0,5.0,0.0,0.0,5.0,0.0,0.0,5.0,0.0,0.0,4.0,0.0,0.0,0.0,0.0,0.0,2.0,0.0,58.0,58.0,58.0,63.0,63.0,63.0,58.0,58.0,58.0,63.0,63.0,63.0,58.0,58.0,58.0,63.0,63.0,63.0,58.0,58.0,58.0,63.0,63.0,63.0,58.0,58.0,58.0,62.0,63.0,63.0,58.0,58.0,58.0,58.0,63.0,63.0,58.0,58.0,58.0,60.0,63.0,63.0,58.0,58.0,58.0,58.0,63.0,56.0,63.0,63.0,0.0,0.0,0.12587746930113233,0.0,30.0,160.0,0.0,0.0,0.0,0.0,0.0,0.0,0.0,0.0,0.0,0.0,0.0,0.0,0.0,0.0,0.0,0.0,0.0,0.0,0.0,0.0,0.0,0.0,0.0,0.0,0.0,0.0,0.0,0.0,0.0,0.0,0.0,0.0,0.0,0.0,0.0,0.0,0.0,0.0,0.0,0.0,0.0,0.0,0.0,0.0,0.0,0.0,0.0,0.0,0.0,0.0,0.0,0.0,0.0,0.0,0.0,0.0,0.0,0.0,1000000.0,1000000.0,1000000.0,1000000.0,1000000.0,1000000.0,0.0,0.0,0.0,0.0,0.0,0.0,0.0,0.0,0.0,0.0,0.0,0.0,0.0,0.0,0.0,0.0,0.0,0.0,0.0,0.0,0.0,0.0,0.0,0.0,0.0,0.0,0.0,0.0,0.0,0.0,0.0,0.0,0.0,0.0,0.0,0.0,0.0,0.0,0.0,0.0,0.0,0.0,0.0,0.0,0.0,0.0,0.0,0.0,0.0,0.0,0.0,0.0,0.0,0.0,0.0,0.0,0.0,0.0,1000000.0,1000000.0,1000000.0,1000000.0,1000000.0,1000000.0,0.0,0.0,0.0,0.0,0.0,0.0,0.0,0.0,0.0,0.0,0.0,0.0,0.0,0.0,0.0,0.0,0.0,0.0,0.0,0.0,0.0,0.0,0.0,0.0,0.0,0.0,0.0,0.0,0.0,0.0,0.0,0.0,0.0,0.0,0.0,0.0,0.0,0.0,0.0,0.0,0.0,0.0,0.0,0.0,0.0,0.0,0.0,0.0,0.0,0.0,0.0,0.0,0.0,0.0,0.0,0.0,48.22763443453082,96.4552688690621,241.13817217265407,482.27634434531,675.1868820834334,1109.2355919942117,1929.1053773812387,1000000.0,0.0,0.0,0.0,0.0,0.0,0.0,0.0,0.0,0.0,0.0,0.0,0.0,0.0,0.0,0.0,0.0,0.0,0.0,0.0,0.0,0.0,0.0,0.0,0.0,0.0,0.0,0.0,0.0,0.0,0.0,0.0,0.0,0.0,0.0,0.0,0.0,0.0,0.0,0.0,0.0,0.0,0.0,0.0,0.0,0.0,0.0,0.0,0.0,0.0,0.0,0.0,0.0,0.0,0.0,0.0,0.0,0.0,0.0,0.0,0.0,0.0,0.0,0.0,1000000.0
FLINT,MAGNUM03,F,na,na,na,na,2025_03_11-09_22_56,na,3,12,Yes,1,na,0.0,48.22763443457198,997251.0248372317,14.0,58.0,62.0,,,,0.0,48.22763443457198,997251.0248372317,14.0,58.0,62.0,32.0,31.0,0.0,30.0,29.0,0.0,26.0,26.0,0.0,23.0,24.0,0.0,19.0,12.0,0.0,15.0,3.0,0.0,16.0,10.0,0.0,0.0,32.0,32.0,63.0,63.0,63.0,0.0,30.0,34.0,63.0,63.0,63.0,1.0,27.0,37.0,63.0,63.0,63.0,3.0,26.0,38.0,62.0,63.0,63.0,5.0,24.0,49.0,61.0,63.0,63.0,7.0,22.0,56.0,59.0,63.0,63.0,6.0,22.0,51.0,61.0,63.0,63.0,11.0,0.0,60.0,17.0,63.0,59.0,63.0,63.0,0.42865236966730436,2.3725395618484395,0.1522902943392862,0.0,30.0,160.0,975066.3129973474,984326.0188087773,991126.1152640462,994839.6431155051,998070.8946226187,999324.8131179166,999807.0894622619,999951.7723655654,999951.7723655654,1000000.0,1000000.0,1000000.0,1000000.0,1000000.0,1000000.0,1000000.0,1000000.0,1000000.0,1000000.0,1000000.0,1000000.0,1000000.0,1000000.0,1000000.0,1000000.0,1000000.0,1000000.0,1000000.0,1000000.0,1000000.0,1000000.0,1000000.0,1000000.0,1000000.0,1000000.0,1000000.0,1000000.0,1000000.0,1000000.0,1000000.0,1000000.0,1000000.0,1000000.0,1000000.0,1000000.0,1000000.0,1000000.0,1000000.0,1000000.0,1000000.0,1000000.0,1000000.0,1000000.0,1000000.0,1000000.0,1000000.0,1000000.0,1000000.0,1000000.0,1000000.0,1000000.0,1000000.0,1000000.0,1000000.0,0.0,0.0,0.0,0.0,0.0,0.0,0.0,0.0,0.0,0.0,0.0,0.0,0.0,0.0,0.0,0.0,0.0,48.22763443453082,48.22763443453082,48.22763443453082,48.22763443453082,144.68290330359284,578.7316132143711,819.8697853870253,1832.650108512174,4822.763443453095,11671.08753315649,24354.95538943816,50446.105618519425,97950.32553653233,182541.59633469986,259368.2179889076,520327.9479141548,693658.0660718591,857535.5678803953,934989.1487822521,976030.865686038,990113.3349409212,995370.147094285,996190.0168796721,996527.6103207137,996720.5208584518,996913.43139619,997154.5695683626,997636.845912708,997877.9840848806,998022.6669881842,998360.2604292259,998649.626235833,998938.9920424403,999228.3578490474,999565.9512900892,999710.6341933928,999758.8618278273,999807.0894622619,999855.3170966964,999951.7723655654,999951.7723655654,1000000.0,1000000.0,1000000.0,1000000.0,1000000.0,1000000.0,0.0,0.0,0.0,0.0,0.0,0.0,0.0,0.0,0.0,0.0,0.0,0.0,0.0,0.0,0.0,0.0,0.0,0.0,0.0,0.0,0.0,0.0,0.0,0.0,0.0,0.0,0.0,0.0,0.0,0.0,0.0,0.0,0.0,0.0,0.0,0.0,0.0,0.0,0.0,0.0,0.0,0.0,0.0,0.0,0.0,0.0,0.0,0.0,0.0,0.0,0.0,0.0,0.0,0.0,0.0,0.0,0.0,0.0,0.0,289.36580660718624,530.5039787798403,2748.975162768264,10465.39667229322,1000000.0,0.0,0.0,0.0,0.0,0.0,0.0,0.0,0.0,0.0,0.0,0.0,0.0,0.0,0.0,0.0,0.0,0.0,0.0,0.0,0.0,0.0,0.0,0.0,0.0,0.0,0.0,0.0,0.0,0.0,0.0,0.0,0.0,0.0,0.0,0.0,0.0,0.0,0.0,0.0,0.0,0.0,0.0,0.0,0.0,0.0,0.0,0.0,0.0,0.0,0.0,0.0,0.0,0.0,0.0,0.0,0.0,0.0,0.0,0.0,0.0,0.0,0.0,0.0,1000000.0
FLINT,MAGNUM03,F,na,na,na,na,2025_03_11-09_22_56,na,3,13,Yes,1,na,0.0,0.0,994116.2285989872,11.5,57.0,62.0,,,,0.0,0.0,994116.2285989872,11.5,57.0,62.0,32.0,31.0,0.0,30.0,29.0,0.0,26.0,26.0,0.0,22.0,24.0,0.0,20.0,20.0,0.0,15.0,7.0,0.0,17.0,15.0,0.0,0.0,32.0,32.0,63.0,63.0,63.0,0.0,30.0,34.0,63.0,63.0,63.0,1.0,27.0,36.0,62.0,63.0,63.0,3.0,25.0,38.0,62.0,63.0,63.0,4.0,24.0,40.0,60.0,63.0,63.0,6.0,21.0,52.0,59.0,63.0,63.0,5.0,22.0,45.0,60.0,63.0,63.0,6.0,0.0,62.0,17.0,63.0,57.0,63.0,63.0,0.4067213287694308,2.300096315106577,0.22743552528497216,0.0,30.0,160.0,967446.3467566915,980467.8080540149,991560.1639739571,996334.6997829756,999180.1302146129,999855.3170966964,1000000.0,1000000.0,1000000.0,1000000.0,1000000.0,1000000.0,1000000.0,1000000.0,1000000.0,1000000.0,1000000.0,1000000.0,1000000.0,1000000.0,1000000.0,1000000.0,1000000.0,1000000.0,1000000.0,1000000.0,1000000.0,1000000.0,1000000.0,1000000.0,1000000.0,1000000.0,1000000.0,1000000.0,1000000.0,1000000.0,1000000.0,1000000.0,1000000.0,1000000.0,1000000.0,1000000.0,1000000.0,1000000.0,1000000.0,1000000.0,1000000.0,1000000.0,1000000.0,1000000.0,1000000.0,1000000.0,1000000.0,1000000.0,1000000.0,1000000.0,1000000.0,1000000.0,1000000.0,1000000.0,1000000.0,1000000.0,1000000.0,1000000.0,0.0,0.0,0.0,0.0,0.0,0.0,0.0,0.0,0.0,0.0,0.0,0.0,0.0,0.0,0.0,0.0,0.0,48.22763443453082,96.4552688690621,144.68290330359284,144.68290330359284,385.82107547624787,771.6421509524955,1350.373764166866,3617.07258258982,7234.145165179647,16059.802266698814,29322.401736194817,61200.8680974198,119170.48468772601,225174.82517482518,283723.17337834573,569713.0455751144,732577.7670605257,877501.8085362914,946660.2363154086,982300.4581625271,993248.1311791657,997540.3906438388,998408.4880636605,998890.7644080058,999035.4473113093,999131.9025801783,999324.8131179166,999517.7236556546,999614.1789245236,999662.4065589582,999710.6341933928,999807.0894622619,999807.0894622619,999855.3170966964,999855.3170966964,1000000.0,1000000.0,1000000.0,1000000.0,1000000.0,1000000.0,1000000.0,1000000.0,1000000.0,1000000.0,1000000.0,1000000.0,0.0,0.0,0.0,0.0,0.0,0.0,0.0,0.0,0.0,0.0,0.0,0.0,0.0,0.0,0.0,0.0,0.0,0.0,0.0,0.0,0.0,0.0,0.0,0.0,0.0,0.0,0.0,0.0,0.0,0.0,0.0,0.0,0.0,0.0,0.0,0.0,0.0,0.0,0.0,0.0,0.0,0.0,0.0,0.0,0.0,0.0,0.0,0.0,0.0,0.0,0.0,0.0,0.0,0.0,0.0,0.0,0.0,48.22763443453082,96.4552688690621,337.59344104171646,1398.601398601398,5883.771401012779,24354.95538943816,1000000.0,0.0,0.0,0.0,0.0,0.0,0.0,0.0,0.0,0.0,0.0,0.0,0.0,0.0,0.0,0.0,0.0,0.0,0.0,0.0,0.0,0.0,0.0,0.0,0.0,0.0,0.0,0.0,0.0,0.0,0.0,0.0,0.0,0.0,0.0,0.0,0.0,0.0,0.0,0.0,0.0,0.0,0.0,0.0,0.0,0.0,0.0,0.0,0.0,0.0,0.0,0.0,0.0,0.0,0.0,0.0,0.0,0.0,0.0,0.0,0.0,0.0,0.0,0.0,1000000.0
FLINT,MAGNUM03,F,na,na,na,na,2025_03_11-09_22_56,na,3,14,Yes,1,na,0.0,0.0,0.0,18.0,58.0,0.0,,,,0.0,0.0,0.0,18.0,58.0,0.0,32.0,31.0,0.0,30.0,29.0,0.0,27.0,27.0,0.0,22.0,25.0,0.0,18.0,24.0,0.0,12.0,11.0,0.0,16.0,22.0,0.0,0.0,32.0,32.0,63.0,63.0,63.0,0.0,30.0,34.0,63.0,63.0,63.0,0.0,27.0,36.0,63.0,63.0,63.0,3.0,25.0,38.0,63.0,63.0,63.0,4.0,22.0,39.0,63.0,63.0,63.0,9.0,21.0,51.0,62.0,63.0,63.0,5.0,21.0,41.0,63.0,63.0,63.0,18.0,0.0,55.0,18.0,63.0,61.0,63.0,0.0,0.38139847497786317,2.4271793331258644,0.021956872338166962,0.4374894505865458,30.0,160.0,986544.4899927658,989727.5138654449,993199.9035447311,995707.7405353268,998794.3091391367,999614.1789245236,999807.0894622619,999807.0894622619,999855.3170966964,1000000.0,1000000.0,1000000.0,1000000.0,1000000.0,1000000.0,1000000.0,1000000.0,1000000.0,1000000.0,1000000.0,1000000.0,1000000.0,1000000.0,1000000.0,1000000.0,1000000.0,1000000.0,1000000.0,1000000.0,1000000.0,1000000.0,1000000.0,1000000.0,1000000.0,1000000.0,1000000.0,1000000.0,1000000.0,1000000.0,1000000.0,1000000.0,1000000.0,1000000.0,1000000.0,1000000.0,1000000.0,1000000.0,1000000.0,1000000.0,1000000.0,1000000.0,1000000.0,1000000.0,1000000.0,1000000.0,1000000.0,1000000.0,1000000.0,1000000.0,1000000.0,1000000.0,1000000.0,1000000.0,1000000.0,0.0,0.0,0.0,0.0,0.0,0.0,0.0,0.0,0.0,0.0,0.0,0.0,0.0,0.0,0.0,0.0,0.0,0.0,48.22763443453082,48.22763443453082,144.68290330359284,723.414516517964,1446.829033035929,2556.0646250301406,5160.356884494808,9645.526886906195,22763.44345309863,37906.92066554136,77115.98746081503,140197.73330118164,250060.28454304312,343718.35061490233,580998.3120327947,730407.5235109718,879816.7349891486,940342.4162044851,979985.5317096696,992910.5377381239,997685.0735471424,998842.5367735712,999421.2683867855,999614.1789245236,999614.1789245236,999662.4065589582,999662.4065589582,999662.4065589582,999758.8618278273,999758.8618278273,999758.8618278273,999855.3170966964,999855.3170966964,999903.5447311308,999903.5447311308,999951.7723655654,1000000.0,1000000.0,1000000.0,1000000.0,1000000.0,1000000.0,1000000.0,1000000.0,1000000.0,1000000.0,0.0,0.0,0.0,0.0,0.0,0.0,0.0,0.0,0.0,0.0,0.0,0.0,0.0,0.0,0.0,0.0,0.0,0.0,0.0,0.0,0.0,0.0,0.0,0.0,0.0,0.0,0.0,0.0,0.0,0.0,0.0,0.0,0.0,0.0,0.0,0.0,0.0,0.0,0.0,0.0,0.0,0.0,0.0,0.0,0.0,0.0,0.0,0.0,0.0,0.0,0.0,0.0,0.0,0.0,0.0,0.0,0.0,0.0,0.0,0.0,0.0,48.22763443453082,337.59344104171646,1000000.0,48.22763443453082,48.22763443453082,48.22763443453082,48.22763443453082,48.22763443453082,48.22763443453082,48.22763443453082,48.22763443453082,48.22763443453082,48.22763443453082,48.22763443453082,48.22763443453082,48.22763443453082,48.22763443453082,48.22763443453082,48.22763443453082,48.22763443453082,48.22763443453082,48.22763443453082,48.22763443453082,48.22763443453082,48.22763443453082,48.22763443453082,48.22763443453082,48.22763443453082,48.22763443453082,48.22763443453082,48.22763443453082,48.22763443453082,48.22763443453082,48.22763443453082,48.22763443453082,48.22763443453082,48.22763443453082,48.22763443453082,48.22763443453082,48.22763443453082,48.22763443453082,48.22763443453082,48.22763443453082,48.22763443453082,48.22763443453082,48.22763443453082,48.22763443453082,48.22763443453082,48.22763443453082,48.22763443453082,48.22763443453082,48.22763443453082,48.22763443453082,48.22763443453082,48.22763443453082,48.22763443453082,48.22763443453082,48.22763443453082,48.22763443453082,48.22763443453082,48.22763443453082,48.22763443453082,48.22763443453082,48.22763443453082,48.22763443453082,48.22763443453082,1000000.0
FLINT,MAGNUM03,F,na,na,na,na,2025_03_11-09_22_56,na,3,15,Yes,1,na,0.0,0.0,0.0,8.5,59.0,0.0,,,,0.0,0.0,0.0,8.5,59.0,0.0,32.0,31.0,0.0,29.0,29.0,0.0,26.0,27.0,0.0,22.0,25.0,0.0,17.0,23.0,0.0,10.0,19.0,0.0,13.0,20.0,0.0,0.0,32.0,32.0,63.0,63.0,63.0,0.0,29.0,34.0,63.0,63.0,63.0,0.0,26.0,36.0,63.0,63.0,63.0,2.0,24.0,38.0,63.0,63.0,63.0,4.0,21.0,39.0,62.0,63.0,63.0,6.0,16.0,41.0,60.0,63.0,63.0,5.0,18.0,40.0,60.0,63.0,63.0,8.0,0.0,58.0,9.0,63.0,60.0,63.0,0.0,0.2996349226433302,2.599780764537689,0.1062855059484311,0.4374894505865458,30.0,160.0,984374.2464432119,990161.5625753556,995900.6510730648,997974.4393537496,999421.2683867855,999807.0894622619,999951.7723655654,1000000.0,1000000.0,1000000.0,1000000.0,1000000.0,1000000.0,1000000.0,1000000.0,1000000.0,1000000.0,1000000.0,1000000.0,1000000.0,1000000.0,1000000.0,1000000.0,1000000.0,1000000.0,1000000.0,1000000.0,1000000.0,1000000.0,1000000.0,1000000.0,1000000.0,1000000.0,1000000.0,1000000.0,1000000.0,1000000.0,1000000.0,1000000.0,1000000.0,1000000.0,1000000.0,1000000.0,1000000.0,1000000.0,1000000.0,1000000.0,1000000.0,1000000.0,1000000.0,1000000.0,1000000.0,1000000.0,1000000.0,1000000.0,1000000.0,1000000.0,1000000.0,1000000.0,1000000.0,1000000.0,1000000.0,1000000.0,1000000.0,0.0,0.0,0.0,0.0,0.0,0.0,0.0,0.0,0.0,48.22763443453082,48.22763443453082,48.22763443453082,48.22763443453082,96.4552688690621,144.68290330359284,144.68290330359284,241.13817217265407,385.82107547624787,626.959247648901,819.8697853870253,1253.9184952978064,2073.7882806848356,3665.3002170243526,6076.6819387508895,10851.217747769464,20641.427537979234,38582.1075476248,63612.24981914636,118254.15963346991,203327.70677598266,333108.2710393055,395852.4234386303,668193.8750904269,802170.2435495539,908753.3156498673,953894.3814805883,983023.872679045,992958.7653725585,997347.4801061008,998842.5367735712,999855.3170966964,999951.7723655654,1000000.0,1000000.0,1000000.0,1000000.0,1000000.0,1000000.0,1000000.0,1000000.0,1000000.0,1000000.0,1000000.0,1000000.0,1000000.0,1000000.0,1000000.0,1000000.0,1000000.0,1000000.0,1000000.0,1000000.0,1000000.0,1000000.0,0.0,0.0,0.0,0.0,0.0,0.0,0.0,0.0,0.0,0.0,0.0,0.0,0.0,0.0,0.0,0.0,0.0,0.0,0.0,0.0,0.0,0.0,0.0,0.0,0.0,0.0,0.0,0.0,0.0,0.0,0.0,0.0,0.0,0.0,0.0,0.0,0.0,0.0,0.0,0.0,0.0,0.0,0.0,0.0,0.0,0.0,0.0,0.0,0.0,0.0,0.0,0.0,0.0,0.0,0.0,0.0,0.0,0.0,0.0,0.0,675.1868820834334,1302.1461297323344,4051.121292500604,1000000.0,48.22763443453082,48.22763443453082,48.22763443453082,48.22763443453082,48.22763443453082,48.22763443453082,48.22763443453082,48.22763443453082,48.22763443453082,48.22763443453082,48.22763443453082,48.22763443453082,48.22763443453082,48.22763443453082,48.22763443453082,48.22763443453082,48.22763443453082,48.22763443453082,48.22763443453082,48.22763443453082,48.22763443453082,48.22763443453082,48.22763443453082,48.22763443453082,48.22763443453082,48.22763443453082,48.22763443453082,48.22763443453082,48.22763443453082,48.22763443453082,48.22763443453082,48.22763443453082,48.22763443453082,48.22763443453082,48.22763443453082,48.22763443453082,48.22763443453082,48.22763443453082,48.22763443453082,48.22763443453082,48.22763443453082,48.22763443453082,48.22763443453082,48.22763443453082,48.22763443453082,48.22763443453082,48.22763443453082,48.22763443453082,48.22763443453082,48.22763443453082,48.22763443453082,48.22763443453082,48.22763443453082,48.22763443453082,48.22763443453082,48.22763443453082,48.22763443453082,48.22763443453082,48.22763443453082,48.22763443453082,48.22763443453082,48.22763443453082,48.22763443453082,1000000.0
FLINT,MAGNUM03,F,na,na,na,na,2025_03_11-09_22_56,na,3,16,Yes,1,na,0.0,0.0,999662.4065589583,11.5,56.0,62.0,,,,0.0,0.0,999662.4065589583,11.5,56.0,62.0,32.0,31.0,0.0,29.0,29.0,0.0,26.0,27.0,0.0,23.0,26.0,0.0,18.0,25.0,0.0,13.0,21.0,0.0,16.0,23.0,0.0,0.0,32.0,32.0,63.0,63.0,63.0,0.0,29.0,34.0,63.0,63.0,63.0,0.0,26.0,36.0,63.0,63.0,63.0,1.0,24.0,37.0,63.0,63.0,63.0,3.0,21.0,38.0,63.0,63.0,63.0,5.0,18.0,40.0,61.0,63.0,63.0,4.0,20.0,39.0,62.0,63.0,63.0,7.0,0.0,53.0,16.0,63.0,59.0,63.0,63.0,0.19639088913384267,2.5560060555520048,0.056817662047378974,0.0,30.0,160.0,992862.3101036893,995948.8787074994,998408.4880636605,999276.585483482,999662.4065589582,999903.5447311308,1000000.0,1000000.0,1000000.0,1000000.0,1000000.0,1000000.0,1000000.0,1000000.0,1000000.0,1000000.0,1000000.0,1000000.0,1000000.0,1000000.0,1000000.0,1000000.0,1000000.0,1000000.0,1000000.0,1000000.0,1000000.0,1000000.0,1000000.0,1000000.0,1000000.0,1000000.0,1000000.0,1000000.0,1000000.0,1000000.0,1000000.0,1000000.0,1000000.0,1000000.0,1000000.0,1000000.0,1000000.0,1000000.0,1000000.0,1000000.0,1000000.0,1000000.0,1000000.0,1000000.0,1000000.0,1000000.0,1000000.0,1000000.0,1000000.0,1000000.0,1000000.0,1000000.0,1000000.0,1000000.0,1000000.0,1000000.0,1000000.0,1000000.0,0.0,0.0,0.0,0.0,0.0,0.0,0.0,0.0,0.0,0.0,0.0,0.0,0.0,0.0,0.0,0.0,48.22763443453082,144.68290330359284,241.13817217265407,385.82107547624787,1012.7803231251486,1446.829033035929,3279.479141548107,4581.625271280436,10079.575596816969,19628.647214854085,40848.80636604773,69688.93175789721,132963.58813600184,228068.483240897,370388.23245719785,478128.76778394013,704605.7390884977,822763.4434530986,917482.5174825174,961176.7542802026,987123.2216059802,995514.8299975885,998987.2196768748,999662.4065589582,999903.5447311308,999903.5447311308,999903.5447311308,999903.5447311308,999903.5447311308,999903.5447311308,999951.7723655654,999951.7723655654,1000000.0,1000000.0,1000000.0,1000000.0,1000000.0,1000000.0,1000000.0,1000000.0,1000000.0,1000000.0,1000000.0,1000000.0,1000000.0,1000000.0,1000000.0,1000000.0,0.0,0.0,0.0,0.0,0.0,0.0,0.0,0.0,0.0,0.0,0.0,0.0,0.0,0.0,0.0,0.0,0.0,0.0,0.0,0.0,0.0,0.0,0.0,0.0,0.0,0.0,0.0,0.0,0.0,0.0,0.0,0.0,0.0,0.0,0.0,0.0,0.0,0.0,0.0,0.0,0.0,0.0,0.0,0.0,0.0,0.0,0.0,0.0,0.0,0.0,0.0,0.0,0.0,0.0,0.0,0.0,0.0,0.0,0.0,48.22763443453082,144.68290330359284,337.59344104171646,1157.4632264287443,1000000.0,0.0,0.0,0.0,0.0,0.0,0.0,0.0,0.0,0.0,0.0,0.0,0.0,0.0,0.0,0.0,0.0,0.0,0.0,0.0,0.0,0.0,0.0,0.0,0.0,0.0,0.0,0.0,0.0,0.0,0.0,0.0,0.0,0.0,0.0,0.0,0.0,0.0,0.0,0.0,0.0,0.0,0.0,0.0,0.0,0.0,0.0,0.0,0.0,0.0,0.0,0.0,0.0,0.0,0.0,0.0,0.0,0.0,0.0,0.0,0.0,0.0,0.0,0.0,1000000.0
FLINT,MAGNUM03,F,na,na,na,na,2025_03_11-09_22_56,na,3,17,Yes,1,na,0.0,0.0,0.0,12.5,56.0,0.0,,,,0.0,0.0,0.0,12.5,56.0,0.0,32.0,31.0,0.0,30.0,29.0,0.0,24.0,25.0,0.0,21.0,22.0,0.0,18.0,17.0,0.0,14.0,3.0,0.0,16.0,8.0,0.0,0.0,32.0,32.0,63.0,63.0,63.0,0.0,30.0,34.0,63.0,63.0,63.0,2.0,26.0,37.0,62.0,63.0,63.0,4.0,25.0,38.0,60.0,63.0,63.0,5.0,23.0,42.0,59.0,63.0,63.0,7.0,21.0,55.0,58.0,63.0,63.0,6.0,22.0,50.0,58.0,63.0,63.0,7.0,0.0,63.0,18.0,63.0,56.0,63.0,0.0,0.514320554005472,2.5042016784172536,0.4336189963485087,0.4374894505865458,30.0,160.0,962093.0793344587,975645.0446105618,985965.7583795515,992042.4403183024,997299.2524716662,999373.040752351,999855.3170966964,1000000.0,1000000.0,1000000.0,1000000.0,1000000.0,1000000.0,1000000.0,1000000.0,1000000.0,1000000.0,1000000.0,1000000.0,1000000.0,1000000.0,1000000.0,1000000.0,1000000.0,1000000.0,1000000.0,1000000.0,1000000.0,1000000.0,1000000.0,1000000.0,1000000.0,1000000.0,1000000.0,1000000.0,1000000.0,1000000.0,1000000.0,1000000.0,1000000.0,1000000.0,1000000.0,1000000.0,1000000.0,1000000.0,1000000.0,1000000.0,1000000.0,1000000.0,1000000.0,1000000.0,1000000.0,1000000.0,1000000.0,1000000.0,1000000.0,1000000.0,1000000.0,1000000.0,1000000.0,1000000.0,1000000.0,1000000.0,1000000.0,0.0,0.0,0.0,0.0,0.0,0.0,0.0,0.0,0.0,0.0,0.0,0.0,0.0,0.0,0.0,0.0,0.0,0.0,96.4552688690621,96.4552688690621,192.91053773812425,385.82107547624787,1253.9184952978064,2411.3817217265464,5739.088497709187,11237.038823245704,23486.85796961658,41716.903785869275,78803.95466602374,145502.77308897997,248565.22787557266,309717.86833855795,575596.8169761273,736484.2054497227,873498.9148782252,940342.4162044851,977091.8736435977,991126.1152640462,996286.472148541,997926.211719315,998360.2604292259,998649.626235833,998746.0815047021,998842.5367735712,999035.4473113093,999228.3578490474,999373.040752351,999421.2683867855,999421.2683867855,999469.4960212201,999565.9512900892,999662.4065589582,999662.4065589582,999758.8618278273,999855.3170966964,999903.5447311308,999903.5447311308,999951.7723655654,1000000.0,1000000.0,1000000.0,1000000.0,1000000.0,1000000.0,0.0,0.0,0.0,0.0,0.0,0.0,0.0,0.0,0.0,0.0,0.0,0.0,0.0,0.0,0.0,0.0,0.0,0.0,0.0,0.0,0.0,0.0,0.0,0.0,0.0,0.0,0.0,0.0,0.0,0.0,0.0,0.0,0.0,0.0,0.0,0.0,0.0,0.0,0.0,0.0,0.0,0.0,0.0,0.0,0.0,0.0,0.0,0.0,0.0,0.0,0.0,0.0,0.0,0.0,0.0,0.0,48.22763443453082,192.91053773812425,868.0974198215577,2218.471183988428,8295.15312273932,21750.663129973454,64866.16831444414,1000000.0,48.22763443453082,48.22763443453082,48.22763443453082,48.22763443453082,48.22763443453082,48.22763443453082,48.22763443453082,48.22763443453082,48.22763443453082,48.22763443453082,48.22763443453082,48.22763443453082,48.22763443453082,48.22763443453082,48.22763443453082,48.22763443453082,48.22763443453082,48.22763443453082,48.22763443453082,48.22763443453082,48.22763443453082,48.22763443453082,48.22763443453082,48.22763443453082,48.22763443453082,48.22763443453082,48.22763443453082,48.22763443453082,48.22763443453082,48.22763443453082,48.22763443453082,48.22763443453082,48.22763443453082,48.22763443453082,48.22763443453082,48.22763443453082,48.22763443453082,48.22763443453082,48.22763443453082,48.22763443453082,48.22763443453082,48.22763443453082,48.22763443453082,48.22763443453082,48.22763443453082,48.22763443453082,48.22763443453082,48.22763443453082,48.22763443453082,48.22763443453082,48.22763443453082,48.22763443453082,48.22763443453082,48.22763443453082,48.22763443453082,48.22763443453082,48.22763443453082,48.22763443453082,48.22763443453082,48.22763443453082,48.22763443453082,48.22763443453082,48.22763443453082,1000000.0
FLINT,MAGNUM03,F,na,na,na,na,2025_03_11-09_22_56,na,3,18,Yes,1,na,0.0,48.22763443453082,0.0,12.5,59.0,0.0,,,,0.0,48.22763443453082,0.0,12.5,59.0,0.0,32.0,31.0,0.0,30.0,29.0,0.0,27.0,27.0,0.0,23.0,26.0,0.0,19.0,24.0,0.0,14.0,16.0,0.0,17.0,22.0,0.0,0.0,32.0,32.0,63.0,63.0,63.0,0.0,30.0,34.0,63.0,63.0,63.0,0.0,27.0,36.0,63.0,63.0,63.0,2.0,25.0,37.0,63.0,63.0,63.0,4.0,23.0,38.0,62.0,63.0,63.0,6.0,20.0,45.0,61.0,63.0,63.0,4.0,21.0,39.0,61.0,63.0,63.0,10.0,0.0,62.0,15.0,63.0,59.0,63.0,0.0,0.2723463324087485,2.3803213131622196,0.10229805460177942,0.4374894505865458,30.0,160.0,988087.7742946708,992042.4403183024,996431.1550518447,998601.3986013986,999662.4065589582,999855.3170966964,999903.5447311308,999951.7723655654,1000000.0,1000000.0,1000000.0,1000000.0,1000000.0,1000000.0,1000000.0,1000000.0,1000000.0,1000000.0,1000000.0,1000000.0,1000000.0,1000000.0,1000000.0,1000000.0,1000000.0,1000000.0,1000000.0,1000000.0,1000000.0,1000000.0,1000000.0,1000000.0,1000000.0,1000000.0,1000000.0,1000000.0,1000000.0,1000000.0,1000000.0,1000000.0,1000000.0,1000000.0,1000000.0,1000000.0,1000000.0,1000000.0,1000000.0,1000000.0,1000000.0,1000000.0,1000000.0,1000000.0,1000000.0,1000000.0,1000000.0,1000000.0,1000000.0,1000000.0,1000000.0,1000000.0,1000000.0,1000000.0,1000000.0,1000000.0,0.0,0.0,0.0,0.0,0.0,0.0,0.0,0.0,0.0,0.0,0.0,0.0,0.0,0.0,0.0,48.22763443453082,48.22763443453082,48.22763443453082,96.4552688690621,144.68290330359284,337.59344104171646,675.1868820834334,1302.1461297323344,2363.1540872920177,4919.218712322153,9838.437424644324,21654.207861104413,41138.172172654944,85025.31950807807,157270.31589100554,274897.5162768266,368073.30600434047,614130.6968893176,770774.0535326741,893947.4318784663,954955.389438148,985579.9373040752,995418.3747287195,998987.2196768748,999662.4065589582,999758.8618278273,999758.8618278273,999758.8618278273,999807.0894622619,999807.0894622619,999903.5447311308,999903.5447311308,999903.5447311308,999903.5447311308,999903.5447311308,999951.7723655654,999951.7723655654,999951.7723655654,999951.7723655654,999951.7723655654,999951.7723655654,999951.7723655654,999951.7723655654,1000000.0,1000000.0,1000000.0,1000000.0,1000000.0,1000000.0,0.0,0.0,0.0,0.0,0.0,0.0,0.0,0.0,0.0,0.0,0.0,0.0,0.0,0.0,0.0,0.0,0.0,0.0,0.0,0.0,0.0,0.0,0.0,0.0,0.0,0.0,0.0,0.0,0.0,0.0,0.0,0.0,0.0,0.0,0.0,0.0,0.0,0.0,0.0,0.0,0.0,0.0,0.0,0.0,0.0,0.0,0.0,0.0,0.0,0.0,0.0,0.0,0.0,0.0,0.0,0.0,0.0,0.0,0.0,96.4552688690621,192.91053773812425,1109.2355919942117,5546.177959971061,1000000.0,48.22763443453082,48.22763443453082,48.22763443453082,48.22763443453082,48.22763443453082,48.22763443453082,48.22763443453082,48.22763443453082,48.22763443453082,48.22763443453082,48.22763443453082,48.22763443453082,48.22763443453082,48.22763443453082,48.22763443453082,48.22763443453082,48.22763443453082,48.22763443453082,48.22763443453082,48.22763443453082,48.22763443453082,48.22763443453082,48.22763443453082,48.22763443453082,48.22763443453082,48.22763443453082,48.22763443453082,48.22763443453082,48.22763443453082,48.22763443453082,48.22763443453082,48.22763443453082,48.22763443453082,48.22763443453082,48.22763443453082,48.22763443453082,48.22763443453082,48.22763443453082,48.22763443453082,48.22763443453082,48.22763443453082,48.22763443453082,48.22763443453082,48.22763443453082,48.22763443453082,48.22763443453082,48.22763443453082,48.22763443453082,48.22763443453082,48.22763443453082,48.22763443453082,48.22763443453082,48.22763443453082,48.22763443453082,48.22763443453082,48.22763443453082,48.22763443453082,48.22763443453082,48.22763443453082,48.22763443453082,48.22763443453082,48.22763443453082,48.22763443453082,1000000.0
FLINT,MAGNUM03,F,na,na,na,na,2025_03_11-09_22_56,na,3,19,Yes,1,na,0.0,723.4145165180289,994405.5944055944,11.0,58.0,62.0,,,,0.0,1012.7803231252151,994405.5944055944,11.0,58.0,62.0,32.0,31.0,0.0,30.0,28.0,0.0,26.0,26.0,0.0,21.0,22.0,0.0,16.0,6.0,0.0,9.0,-6.0,0.0,14.0,0.0,0.0,0.0,32.0,32.0,63.0,63.0,63.0,0.0,30.0,35.0,63.0,63.0,63.0,0.0,26.0,37.0,63.0,63.0,63.0,3.0,24.0,40.0,62.0,63.0,63.0,5.0,21.0,54.0,60.0,63.0,63.0,8.0,17.0,63.0,57.0,63.0,63.0,6.0,20.0,59.0,59.0,63.0,63.0,10.0,0.0,63.0,12.0,63.0,53.0,63.0,63.0,0.405874921446356,3.023308989905718,0.25076440813509737,0.0,30.0,160.0,982927.417410176,987798.4084880636,992862.3101036893,994984.3260188088,997781.5288160116,999131.9025801783,999614.1789245236,999855.3170966964,999951.7723655654,1000000.0,1000000.0,1000000.0,1000000.0,1000000.0,1000000.0,1000000.0,1000000.0,1000000.0,1000000.0,1000000.0,1000000.0,1000000.0,1000000.0,1000000.0,1000000.0,1000000.0,1000000.0,1000000.0,1000000.0,1000000.0,1000000.0,1000000.0,1000000.0,1000000.0,1000000.0,1000000.0,1000000.0,1000000.0,1000000.0,1000000.0,1000000.0,1000000.0,1000000.0,1000000.0,1000000.0,1000000.0,1000000.0,1000000.0,1000000.0,1000000.0,1000000.0,1000000.0,1000000.0,1000000.0,1000000.0,1000000.0,1000000.0,1000000.0,1000000.0,1000000.0,1000000.0,1000000.0,1000000.0,1000000.0,0.0,0.0,0.0,0.0,0.0,0.0,0.0,0.0,0.0,0.0,0.0,0.0,48.22763443453082,48.22763443453082,48.22763443453082,96.4552688690621,96.4552688690621,241.13817217265407,385.82107547624787,530.5039787798403,964.5526886906189,1446.829033035929,2941.8857005063924,5305.039787798405,10272.48613455508,18808.777429467067,33952.254641909814,56763.92572944293,96214.13069688933,158476.00675186884,257632.02314926454,343332.52953942603,561514.3477212442,708222.8116710875,839594.8878707499,913142.0303834097,957366.7711598745,979647.9382686279,989293.4651555341,993055.2206414274,994598.5049433325,995177.2365565469,995804.1958041957,996045.3339763684,996527.6103207137,996816.9761273209,997154.5695683626,997154.5695683626,997395.7077405354,997492.1630094043,997877.9840848806,998167.3498914879,998456.7156980949,998553.1709669641,998938.9920424403,999035.4473113093,999131.9025801783,999276.585483482,999517.7236556546,999614.1789245236,999614.1789245236,999710.6341933928,999758.8618278273,1000000.0,0.0,0.0,0.0,0.0,0.0,0.0,0.0,0.0,0.0,0.0,0.0,0.0,0.0,0.0,0.0,0.0,0.0,0.0,0.0,0.0,0.0,0.0,0.0,0.0,0.0,0.0,0.0,0.0,0.0,0.0,0.0,0.0,0.0,0.0,0.0,0.0,0.0,0.0,0.0,0.0,0.0,0.0,0.0,0.0,0.0,0.0,0.0,0.0,0.0,0.0,0.0,0.0,0.0,48.22763443453082,96.4552688690621,96.4552688690621,144.68290330359284,241.13817217265407,337.59344104171646,1012.7803231251486,2411.3817217265464,5594.405594405593,16059.802266698814,1000000.0,0.0,0.0,0.0,0.0,0.0,0.0,0.0,0.0,0.0,0.0,0.0,0.0,0.0,0.0,0.0,0.0,0.0,0.0,0.0,0.0,0.0,0.0,0.0,0.0,0.0,0.0,0.0,0.0,0.0,0.0,0.0,0.0,0.0,0.0,0.0,0.0,0.0,0.0,0.0,0.0,0.0,0.0,0.0,0.0,0.0,0.0,0.0,0.0,0.0,0.0,0.0,0.0,0.0,0.0,0.0,0.0,0.0,0.0,0.0,0.0,0.0,0.0,0.0,1000000.0
FLINT,MAGNUM03,F,na,na,na,na,2025_03_11-09_22_56,na,3,20,Yes,1,na,0.0,0.0,0.0,11.5,56.0,0.0,,,,0.0,0.0,0.0,11.5,56.0,0.0,32.0,31.0,0.0,29.0,29.0,0.0,26.0,27.0,0.0,23.0,26.0,0.0,19.0,24.0,0.0,14.0,21.0,0.0,16.0,23.0,0.0,0.0,32.0,32.0,63.0,63.0,63.0,0.0,29.0,34.0,63.0,63.0,63.0,0.0,26.0,36.0,63.0,63.0,63.0,2.0,25.0,37.0,63.0,63.0,63.0,4.0,23.0,38.0,62.0,63.0,63.0,5.0,19.0,40.0,61.0,63.0,63.0,5.0,21.0,39.0,62.0,63.0,63.0,6.0,0.0,52.0,17.0,63.0,60.0,63.0,0.0,0.2629633528122201,2.4185140772249194,0.06320288698970786,0.4374894505865458,30.0,160.0,985676.3925729443,991415.4810706534,997202.7972027971,998601.3986013986,999517.7236556546,1000000.0,1000000.0,1000000.0,1000000.0,1000000.0,1000000.0,1000000.0,1000000.0,1000000.0,1000000.0,1000000.0,1000000.0,1000000.0,1000000.0,1000000.0,1000000.0,1000000.0,1000000.0,1000000.0,1000000.0,1000000.0,1000000.0,1000000.0,1000000.0,1000000.0,1000000.0,1000000.0,1000000.0,1000000.0,1000000.0,1000000.0,1000000.0,1000000.0,1000000.0,1000000.0,1000000.0,1000000.0,1000000.0,1000000.0,1000000.0,1000000.0,1000000.0,1000000.0,1000000.0,1000000.0,1000000.0,1000000.0,1000000.0,1000000.0,1000000.0,1000000.0,1000000.0,1000000.0,1000000.0,1000000.0,1000000.0,1000000.0,1000000.0,1000000.0,0.0,0.0,0.0,0.0,0.0,0.0,0.0,0.0,0.0,0.0,0.0,0.0,0.0,0.0,0.0,0.0,0.0,48.22763443453082,96.4552688690621,241.13817217265407,385.82107547624787,723.414516517964,1205.690860863273,2652.5198938992025,5883.771401012779,13021.46129732335,30865.686038099826,55895.82830962143,109042.68145647462,203327.70677598266,346853.14685314684,435157.9455027731,683337.3523028695,812490.9573185435,917771.8832891246,963732.8189052327,989438.1480588376,996961.6590306245,999324.8131179166,999855.3170966964,999903.5447311308,999951.7723655654,999951.7723655654,999951.7723655654,999951.7723655654,999951.7723655654,999951.7723655654,999951.7723655654,1000000.0,1000000.0,1000000.0,1000000.0,1000000.0,1000000.0,1000000.0,1000000.0,1000000.0,1000000.0,1000000.0,1000000.0,1000000.0,1000000.0,1000000.0,1000000.0,0.0,0.0,0.0,0.0,0.0,0.0,0.0,0.0,0.0,0.0,0.0,0.0,0.0,0.0,0.0,0.0,0.0,0.0,0.0,0.0,0.0,0.0,0.0,0.0,0.0,0.0,0.0,0.0,0.0,0.0,0.0,0.0,0.0,0.0,0.0,0.0,0.0,0.0,0.0,0.0,0.0,0.0,0.0,0.0,0.0,0.0,0.0,0.0,0.0,0.0,0.0,0.0,0.0,0.0,0.0,0.0,0.0,0.0,0.0,0.0,96.4552688690621,385.82107547624787,2363.1540872920177,1000000.0,48.22763443453082,48.22763443453082,48.22763443453082,48.22763443453082,48.22763443453082,48.22763443453082,48.22763443453082,48.22763443453082,48.22763443453082,48.22763443453082,48.22763443453082,48.22763443453082,48.22763443453082,48.22763443453082,48.22763443453082,48.22763443453082,48.22763443453082,48.22763443453082,48.22763443453082,48.22763443453082,48.22763443453082,48.22763443453082,48.22763443453082,48.22763443453082,48.22763443453082,48.22763443453082,48.22763443453082,48.22763443453082,48.22763443453082,48.22763443453082,48.22763443453082,48.22763443453082,48.22763443453082,48.22763443453082,48.22763443453082,48.22763443453082,48.22763443453082,48.22763443453082,48.22763443453082,48.22763443453082,48.22763443453082,48.22763443453082,48.22763443453082,48.22763443453082,48.22763443453082,48.22763443453082,48.22763443453082,48.22763443453082,48.22763443453082,48.22763443453082,48.22763443453082,48.22763443453082,48.22763443453082,48.22763443453082,48.22763443453082,48.22763443453082,48.22763443453082,48.22763443453082,48.22763443453082,48.22763443453082,48.22763443453082,48.22763443453082,48.22763443453082,1000000.0
FLINT,MAGNUM03,F,na,na,na,na,2025_03_11-09_22_56,na,3,21,Yes,1,na,0.0,0.0,0.0,12.0,53.5,0.0,,,,0.0,0.0,0.0,12.0,53.5,0.0,33.0,30.0,0.0,30.0,28.0,0.0,27.0,26.0,0.0,22.0,24.0,0.0,18.0,22.0,0.0,12.0,13.0,0.0,15.0,20.0,0.0,0.0,33.0,33.0,63.0,63.0,63.0,0.0,30.0,35.0,63.0,63.0,63.0,0.0,27.0,37.0,63.0,63.0,63.0,3.0,25.0,39.0,63.0,63.0,63.0,5.0,23.0,40.0,62.0,63.0,63.0,7.0,19.0,48.0,61.0,63.0,63.0,6.0,21.0,41.0,61.0,63.0,63.0,9.0,0.0,50.0,15.0,63.0,57.0,63.0,0.0,0.42456435506795565,2.5794548091077454,0.08031684458503077,0.4374894505865458,30.0,160.0,977863.5157945502,985387.0267663371,990740.29418857,994598.5049433325,998070.8946226187,999324.8131179166,999710.6341933928,999951.7723655654,1000000.0,1000000.0,1000000.0,1000000.0,1000000.0,1000000.0,1000000.0,1000000.0,1000000.0,1000000.0,1000000.0,1000000.0,1000000.0,1000000.0,1000000.0,1000000.0,1000000.0,1000000.0,1000000.0,1000000.0,1000000.0,1000000.0,1000000.0,1000000.0,1000000.0,1000000.0,1000000.0,1000000.0,1000000.0,1000000.0,1000000.0,1000000.0,1000000.0,1000000.0,1000000.0,1000000.0,1000000.0,1000000.0,1000000.0,1000000.0,1000000.0,1000000.0,1000000.0,1000000.0,1000000.0,1000000.0,1000000.0,1000000.0,1000000.0,1000000.0,1000000.0,1000000.0,1000000.0,1000000.0,1000000.0,1000000.0,0.0,0.0,0.0,0.0,0.0,0.0,0.0,0.0,0.0,0.0,0.0,0.0,0.0,0.0,0.0,48.22763443453082,96.4552688690621,96.4552688690621,144.68290330359284,337.59344104171646,337.59344104171646,675.1868820834334,1205.690860863273,2266.6988184229576,4436.942367976849,7668.193875090419,17603.08656860379,31685.555823486833,56812.153363877514,106052.56812153358,188521.8230045816,246105.6185194116,455124.1861586689,608922.1123703882,768603.8099831203,870219.4357366768,945454.5454545454,980226.6698818422,993006.993006993,997492.1630094043,999180.1302146129,999662.4065589582,999758.8618278273,999758.8618278273,999807.0894622619,999855.3170966964,999855.3170966964,999855.3170966964,1000000.0,1000000.0,1000000.0,1000000.0,1000000.0,1000000.0,1000000.0,1000000.0,1000000.0,1000000.0,1000000.0,1000000.0,1000000.0,1000000.0,1000000.0,1000000.0,0.0,0.0,0.0,0.0,0.0,0.0,0.0,0.0,0.0,0.0,0.0,0.0,0.0,0.0,0.0,0.0,0.0,0.0,0.0,0.0,0.0,0.0,0.0,0.0,0.0,0.0,0.0,0.0,0.0,0.0,0.0,0.0,0.0,0.0,0.0,0.0,0.0,0.0,0.0,0.0,0.0,0.0,0.0,0.0,0.0,0.0,0.0,0.0,0.0,0.0,0.0,0.0,0.0,0.0,0.0,0.0,0.0,48.22763443453082,48.22763443453082,48.22763443453082,192.91053773812425,578.7316132143711,2459.609356161082,1000000.0,48.22763443453082,48.22763443453082,48.22763443453082,48.22763443453082,48.22763443453082,48.22763443453082,48.22763443453082,48.22763443453082,48.22763443453082,48.22763443453082,48.22763443453082,48.22763443453082,48.22763443453082,48.22763443453082,48.22763443453082,48.22763443453082,48.22763443453082,48.22763443453082,48.22763443453082,48.22763443453082,48.22763443453082,48.22763443453082,48.22763443453082,48.22763443453082,48.22763443453082,48.22763443453082,48.22763443453082,48.22763443453082,48.22763443453082,48.22763443453082,48.22763443453082,48.22763443453082,48.22763443453082,48.22763443453082,48.22763443453082,48.22763443453082,48.22763443453082,48.22763443453082,48.22763443453082,48.22763443453082,48.22763443453082,48.22763443453082,48.22763443453082,48.22763443453082,48.22763443453082,48.22763443453082,48.22763443453082,48.22763443453082,48.22763443453082,48.22763443453082,48.22763443453082,48.22763443453082,48.22763443453082,48.22763443453082,48.22763443453082,48.22763443453082,48.22763443453082,48.22763443453082,48.22763443453082,48.22763443453082,48.22763443453082,48.22763443453082,48.22763443453082,1000000.0
FLINT,MAGNUM03,F,na,na,na,na,2025_03_11-09_22_56,na,3,22,Yes,1,na,48.22763443453082,0.0,998938.9920424403,8.0,49.5,62.0,,,,48.22763443453082,0.0,998938.9920424403,8.0,49.5,62.0,32.0,31.0,0.0,29.0,29.0,0.0,25.0,26.0,0.0,18.0,25.0,0.0,13.0,21.0,0.0,3.0,17.0,0.0,10.0,20.0,0.0,0.0,32.0,32.0,63.0,63.0,63.0,0.0,29.0,34.0,63.0,63.0,63.0,0.0,25.0,37.0,63.0,63.0,63.0,3.0,21.0,38.0,63.0,63.0,63.0,5.0,18.0,41.0,62.0,63.0,63.0,9.0,12.0,43.0,60.0,63.0,63.0,6.0,16.0,41.0,61.0,63.0,63.0,12.0,0.0,44.0,0.0,63.0,55.0,63.0,63.0,0.42039488053629637,2.953533675621462,0.1052360216630368,0.0,30.0,160.0,980178.4422474077,985724.6202073788,991656.6192428261,994887.8707499397,998167.3498914879,999469.4960212201,999662.4065589582,999855.3170966964,999855.3170966964,999951.7723655654,1000000.0,1000000.0,1000000.0,1000000.0,1000000.0,1000000.0,1000000.0,1000000.0,1000000.0,1000000.0,1000000.0,1000000.0,1000000.0,1000000.0,1000000.0,1000000.0,1000000.0,1000000.0,1000000.0,1000000.0,1000000.0,1000000.0,1000000.0,1000000.0,1000000.0,1000000.0,1000000.0,1000000.0,1000000.0,1000000.0,1000000.0,1000000.0,1000000.0,1000000.0,1000000.0,1000000.0,1000000.0,1000000.0,1000000.0,1000000.0,1000000.0,1000000.0,1000000.0,1000000.0,1000000.0,1000000.0,1000000.0,1000000.0,1000000.0,1000000.0,1000000.0,1000000.0,1000000.0,1000000.0,48.22763443453082,48.22763443453082,48.22763443453082,48.22763443453082,48.22763443453082,48.22763443453082,48.22763443453082,48.22763443453082,96.4552688690621,96.4552688690621,96.4552688690621,192.91053773812425,241.13817217265407,337.59344104171646,434.04870991077877,482.27634434531,1061.0079575596806,1253.9184952978064,1880.8777429467057,3086.56860380998,4726.3081745840345,6751.868820834333,10610.079575596808,14612.973233662888,21943.57366771158,34096.93754521341,53725.584760067526,78948.6375693273,125777.6706052568,195707.74053532662,304123.46274415235,381046.5396672293,625223.0528092597,762044.8517000241,882324.5719797444,939040.2700747529,971063.4193392813,986158.6689172896,994791.4154810706,997492.1630094043,998697.8538702676,999565.9512900892,999855.3170966964,1000000.0,1000000.0,1000000.0,1000000.0,1000000.0,1000000.0,1000000.0,1000000.0,1000000.0,1000000.0,1000000.0,1000000.0,1000000.0,1000000.0,1000000.0,1000000.0,1000000.0,1000000.0,1000000.0,1000000.0,1000000.0,0.0,0.0,0.0,0.0,0.0,0.0,0.0,0.0,0.0,0.0,0.0,0.0,0.0,0.0,0.0,0.0,0.0,0.0,0.0,0.0,0.0,0.0,0.0,0.0,0.0,0.0,0.0,0.0,0.0,0.0,0.0,0.0,0.0,0.0,0.0,0.0,0.0,0.0,0.0,0.0,0.0,0.0,0.0,0.0,0.0,0.0,0.0,0.0,0.0,0.0,0.0,0.0,0.0,0.0,0.0,48.22763443453082,48.22763443453082,48.22763443453082,48.22763443453082,192.91053773812425,385.82107547624787,1061.0079575596806,2314.926452857486,1000000.0,0.0,0.0,0.0,0.0,0.0,0.0,0.0,0.0,0.0,0.0,0.0,0.0,0.0,0.0,0.0,0.0,0.0,0.0,0.0,0.0,0.0,0.0,0.0,0.0,0.0,0.0,0.0,0.0,0.0,0.0,0.0,0.0,0.0,0.0,0.0,0.0,0.0,0.0,0.0,0.0,0.0,0.0,0.0,0.0,0.0,0.0,0.0,0.0,0.0,0.0,0.0,0.0,0.0,0.0,0.0,0.0,0.0,0.0,0.0,0.0,0.0,0.0,0.0,1000000.0
FLINT,MAGNUM03,F,na,na,na,na,2025_03_11-09_22_56,na,3,23,Yes,1,na,0.0,0.0,963684.5912707982,14.5,55.0,62.0,,,,0.0,0.0,963684.5912707982,14.5,55.0,62.0,32.0,31.0,0.0,30.0,29.0,0.0,24.0,25.0,0.0,20.0,23.0,0.0,18.0,21.0,0.0,15.0,8.0,0.0,16.0,16.0,0.0,0.0,32.0,32.0,63.0,63.0,63.0,0.0,30.0,34.0,63.0,63.0,63.0,3.0,27.0,36.0,61.0,63.0,63.0,5.0,25.0,37.0,60.0,63.0,63.0,6.0,24.0,38.0,59.0,63.0,63.0,7.0,22.0,50.0,58.0,63.0,63.0,6.0,22.0,42.0,58.0,63.0,63.0,8.0,0.0,53.0,21.0,63.0,57.0,63.0,63.0,0.7820532885859233,2.229485566364677,0.5244393557301441,0.0,30.0,160.0,910875.3315649867,939860.1398601398,965227.8755727031,981046.5396672293,993537.4969857727,998553.1709669641,999758.8618278273,1000000.0,1000000.0,1000000.0,1000000.0,1000000.0,1000000.0,1000000.0,1000000.0,1000000.0,1000000.0,1000000.0,1000000.0,1000000.0,1000000.0,1000000.0,1000000.0,1000000.0,1000000.0,1000000.0,1000000.0,1000000.0,1000000.0,1000000.0,1000000.0,1000000.0,1000000.0,1000000.0,1000000.0,1000000.0,1000000.0,1000000.0,1000000.0,1000000.0,1000000.0,1000000.0,1000000.0,1000000.0,1000000.0,1000000.0,1000000.0,1000000.0,1000000.0,1000000.0,1000000.0,1000000.0,1000000.0,1000000.0,1000000.0,1000000.0,1000000.0,1000000.0,1000000.0,1000000.0,1000000.0,1000000.0,1000000.0,1000000.0,0.0,0.0,0.0,0.0,0.0,0.0,0.0,0.0,0.0,0.0,0.0,0.0,0.0,0.0,0.0,0.0,0.0,0.0,0.0,0.0,0.0,144.68290330359284,578.7316132143711,1302.1461297323344,3038.3409693754506,6655.413551965274,14468.290330359305,29611.76754280201,67132.8671328671,128912.46684350139,234193.39281408247,302097.9020979021,594453.822040029,756836.2671810947,891921.8712322159,956402.2184711839,987750.1808536291,996045.3339763684,999131.9025801783,999276.585483482,999421.2683867855,999469.4960212201,999565.9512900892,999662.4065589582,999710.6341933928,999758.8618278273,999758.8618278273,999855.3170966964,999855.3170966964,999855.3170966964,999903.5447311308,999903.5447311308,999951.7723655654,1000000.0,1000000.0,1000000.0,1000000.0,1000000.0,1000000.0,1000000.0,1000000.0,1000000.0,1000000.0,1000000.0,0.0,0.0,0.0,0.0,0.0,0.0,0.0,0.0,0.0,0.0,0.0,0.0,0.0,0.0,0.0,0.0,0.0,0.0,0.0,0.0,0.0,0.0,0.0,0.0,0.0,0.0,0.0,0.0,0.0,0.0,0.0,0.0,0.0,0.0,0.0,0.0,0.0,0.0,0.0,0.0,0.0,0.0,0.0,0.0,0.0,0.0,0.0,0.0,0.0,0.0,0.0,0.0,0.0,0.0,0.0,0.0,0.0,96.4552688690621,723.414516517964,2652.5198938992025,11285.266457680242,36315.408729201816,109235.59199421262,1000000.0,0.0,0.0,0.0,0.0,0.0,0.0,0.0,0.0,0.0,0.0,0.0,0.0,0.0,0.0,0.0,0.0,0.0,0.0,0.0,0.0,0.0,0.0,0.0,0.0,0.0,0.0,0.0,0.0,0.0,0.0,0.0,0.0,0.0,0.0,0.0,0.0,0.0,0.0,0.0,0.0,0.0,0.0,0.0,0.0,0.0,0.0,0.0,0.0,0.0,0.0,0.0,0.0,0.0,0.0,0.0,0.0,0.0,0.0,0.0,0.0,0.0,0.0,0.0,1000000.0
FLINT,MAGNUM03,F,na,na,na,na,2025_03_11-09_22_56,na,3,24,Yes,1,na,0.0,0.0,1000000.0,13.0,0.0,51.857142857142854,,,,0.0,0.0,1000000.0,13.0,0.0,51.857142857142854,33.0,30.0,0.0,30.0,28.0,0.0,26.0,26.0,0.0,21.0,24.0,0.0,17.0,20.0,0.0,13.0,11.0,0.0,16.0,17.0,0.0,0.0,33.0,33.0,63.0,63.0,63.0,0.0,30.0,35.0,63.0,63.0,63.0,1.0,27.0,37.0,63.0,63.0,63.0,4.0,25.0,38.0,62.0,63.0,63.0,6.0,23.0,40.0,60.0,63.0,63.0,7.0,20.0,48.0,59.0,63.0,63.0,6.0,22.0,43.0,60.0,63.0,63.0,9.0,0.0,62.0,17.0,63.0,0.0,63.0,0.0,0.5086450757066264,2.4666906461503695,0.48597283599152913,0.6186885949313036,30.0,160.0,971690.3785869303,980805.4014950566,988039.5466602363,991897.7574149987,995948.8787074994,998697.8538702676,999565.9512900892,999903.5447311308,1000000.0,1000000.0,1000000.0,1000000.0,1000000.0,1000000.0,1000000.0,1000000.0,1000000.0,1000000.0,1000000.0,1000000.0,1000000.0,1000000.0,1000000.0,1000000.0,1000000.0,1000000.0,1000000.0,1000000.0,1000000.0,1000000.0,1000000.0,1000000.0,1000000.0,1000000.0,1000000.0,1000000.0,1000000.0,1000000.0,1000000.0,1000000.0,1000000.0,1000000.0,1000000.0,1000000.0,1000000.0,1000000.0,1000000.0,1000000.0,1000000.0,1000000.0,1000000.0,1000000.0,1000000.0,1000000.0,1000000.0,1000000.0,1000000.0,1000000.0,1000000.0,1000000.0,1000000.0,1000000.0,1000000.0,1000000.0,0.0,0.0,0.0,0.0,0.0,0.0,0.0,0.0,0.0,0.0,0.0,0.0,0.0,0.0,0.0,0.0,0.0,48.22763443453082,96.4552688690621,192.91053773812425,337.59344104171646,482.27634434531,1109.2355919942117,2218.471183988428,4629.85290571497,8825.657101519182,17603.08656860379,32167.83216783218,60815.04702194358,112370.3882324572,195997.1063419339,258934.16927899682,499782.9756450446,653773.8123945021,817072.582589824,911839.8842536773,966144.2006269592,987653.7255847601,995466.602363154,997781.5288160116,999083.6749457439,999373.040752351,999469.4960212201,999565.9512900892,999662.4065589582,999662.4065589582,999758.8618278273,999855.3170966964,999951.7723655654,999951.7723655654,1000000.0,1000000.0,1000000.0,1000000.0,1000000.0,1000000.0,1000000.0,1000000.0,1000000.0,1000000.0,1000000.0,1000000.0,1000000.0,1000000.0,48.22763443453082,48.22763443453082,48.22763443453082,48.22763443453082,48.22763443453082,48.22763443453082,48.22763443453082,48.22763443453082,48.22763443453082,48.22763443453082,48.22763443453082,48.22763443453082,48.22763443453082,48.22763443453082,48.22763443453082,48.22763443453082,48.22763443453082,48.22763443453082,48.22763443453082,48.22763443453082,48.22763443453082,48.22763443453082,48.22763443453082,48.22763443453082,48.22763443453082,48.22763443453082,48.22763443453082,48.22763443453082,48.22763443453082,48.22763443453082,48.22763443453082,48.22763443453082,48.22763443453082,48.22763443453082,48.22763443453082,48.22763443453082,48.22763443453082,48.22763443453082,48.22763443453082,48.22763443453082,48.22763443453082,48.22763443453082,48.22763443453082,48.22763443453082,48.22763443453082,48.22763443453082,48.22763443453082,48.22763443453082,48.22763443453082,48.22763443453082,48.22763443453082,48.22763443453082,48.22763443453082,48.22763443453082,48.22763443453082,48.22763443453082,48.22763443453082,48.22763443453082,96.4552688690621,385.82107547624787,1880.8777429467057,5256.812153363875,18037.1352785146,1000000.0,96.4552688690621,96.4552688690621,96.4552688690621,96.4552688690621,96.4552688690621,96.4552688690621,96.4552688690621,96.4552688690621,96.4552688690621,96.4552688690621,96.4552688690621,96.4552688690621,96.4552688690621,96.4552688690621,96.4552688690621,96.4552688690621,96.4552688690621,96.4552688690621,96.4552688690621,96.4552688690621,96.4552688690621,96.4552688690621,96.4552688690621,96.4552688690621,96.4552688690621,96.4552688690621,96.4552688690621,96.4552688690621,96.4552688690621,96.4552688690621,96.4552688690621,96.4552688690621,96.4552688690621,96.4552688690621,96.4552688690621,96.4552688690621,96.4552688690621,96.4552688690621,96.4552688690621,96.4552688690621,96.4552688690621,96.4552688690621,96.4552688690621,96.4552688690621,96.4552688690621,96.4552688690621,96.4552688690621,96.4552688690621,96.4552688690621,96.4552688690621,96.4552688690621,96.4552688690621,96.4552688690621,96.4552688690621,96.4552688690621,96.4552688690621,96.4552688690621,96.4552688690621,96.4552688690621,96.4552688690621,96.4552688690621,96.4552688690621,96.4552688690621,1000000.0
FLINT,MAGNUM03,F,na,na,na,na,2025_03_11-09_22_56,na,3,25,Yes,1,na,0.0,0.0,984615.3846153846,13.0,52.0,62.0,,,,0.0,0.0,984615.3846153846,13.0,52.0,62.0,32.0,31.0,0.0,30.0,29.0,0.0,24.0,25.0,0.0,20.0,23.0,0.0,17.0,21.0,0.0,11.0,16.0,0.0,15.0,18.0,0.0,0.0,32.0,32.0,63.0,63.0,63.0,0.0,30.0,34.0,63.0,63.0,63.0,2.0,26.0,37.0,62.0,63.0,63.0,4.0,24.0,38.0,61.0,63.0,63.0,5.0,22.0,39.0,60.0,63.0,63.0,7.0,18.0,42.0,58.0,63.0,63.0,6.0,21.0,40.0,58.0,63.0,63.0,9.0,0.0,50.0,17.0,63.0,54.0,63.0,63.0,0.558004972696512,2.5329280388149047,0.36743044313716783,0.0,30.0,160.0,958861.827827345,971931.5167591029,983795.5148299976,990933.2047263081,996527.6103207137,998987.2196768748,999710.6341933928,999903.5447311308,1000000.0,1000000.0,1000000.0,1000000.0,1000000.0,1000000.0,1000000.0,1000000.0,1000000.0,1000000.0,1000000.0,1000000.0,1000000.0,1000000.0,1000000.0,1000000.0,1000000.0,1000000.0,1000000.0,1000000.0,1000000.0,1000000.0,1000000.0,1000000.0,1000000.0,1000000.0,1000000.0,1000000.0,1000000.0,1000000.0,1000000.0,1000000.0,1000000.0,1000000.0,1000000.0,1000000.0,1000000.0,1000000.0,1000000.0,1000000.0,1000000.0,1000000.0,1000000.0,1000000.0,1000000.0,1000000.0,1000000.0,1000000.0,1000000.0,1000000.0,1000000.0,1000000.0,1000000.0,1000000.0,1000000.0,1000000.0,0.0,0.0,0.0,0.0,0.0,0.0,0.0,0.0,0.0,0.0,0.0,0.0,0.0,0.0,0.0,0.0,0.0,144.68290330359284,289.36580660718624,434.04870991077877,530.5039787798403,1012.7803231251486,1832.650108512174,3520.617313720762,6510.730648661682,13310.827103930547,26428.743670122974,46539.66722932241,82131.66144200628,145020.49674463473,244321.19604533393,315794.55027730897,560212.2015915118,713190.2580178442,853387.9913190258,932722.4499638292,973812.3945020495,989823.9691343139,996816.9761273209,998794.3091391367,999758.8618278273,999855.3170966964,999903.5447311308,999903.5447311308,999951.7723655654,999951.7723655654,999951.7723655654,999951.7723655654,999951.7723655654,1000000.0,1000000.0,1000000.0,1000000.0,1000000.0,1000000.0,1000000.0,1000000.0,1000000.0,1000000.0,1000000.0,1000000.0,1000000.0,1000000.0,1000000.0,0.0,0.0,0.0,0.0,0.0,0.0,0.0,0.0,0.0,0.0,0.0,0.0,0.0,0.0,0.0,0.0,0.0,0.0,0.0,0.0,0.0,0.0,0.0,0.0,0.0,0.0,0.0,0.0,0.0,0.0,0.0,0.0,0.0,0.0,0.0,0.0,0.0,0.0,0.0,0.0,0.0,0.0,0.0,0.0,0.0,0.0,0.0,0.0,0.0,0.0,0.0,0.0,0.0,0.0,48.22763443453082,48.22763443453082,48.22763443453082,192.91053773812425,626.959247648901,1302.1461297323344,5594.405594405593,15384.615384615381,46732.57776706052,1000000.0,0.0,0.0,0.0,0.0,0.0,0.0,0.0,0.0,0.0,0.0,0.0,0.0,0.0,0.0,0.0,0.0,0.0,0.0,0.0,0.0,0.0,0.0,0.0,0.0,0.0,0.0,0.0,0.0,0.0,0.0,0.0,0.0,0.0,0.0,0.0,0.0,0.0,0.0,0.0,0.0,0.0,0.0,0.0,0.0,0.0,0.0,0.0,0.0,0.0,0.0,0.0,0.0,0.0,0.0,0.0,0.0,0.0,0.0,0.0,0.0,0.0,0.0,0.0,1000000.0
FLINT,MAGNUM03,F,na,na,na,na,2025_03_11-09_22_56,na,3,26,Yes,1,na,0.0,0.0,0.0,10.5,51.0,0.0,,,,0.0,0.0,0.0,10.5,51.0,0.0,31.0,32.0,0.0,28.0,30.0,0.0,25.0,27.0,0.0,23.0,26.0,0.0,19.0,23.0,0.0,13.0,20.0,0.0,16.0,21.0,0.0,0.0,31.0,31.0,63.0,63.0,63.0,0.0,28.0,33.0,63.0,63.0,63.0,0.0,25.0,36.0,63.0,63.0,63.0,0.0,23.0,37.0,63.0,63.0,63.0,1.0,20.0,38.0,61.0,63.0,63.0,4.0,17.0,40.0,60.0,63.0,63.0,2.0,18.0,40.0,61.0,63.0,63.0,8.0,0.0,42.0,13.0,63.0,60.0,63.0,0.0,0.11209735184206265,2.642332551332599,0.0978063356667018,0.4374894505865458,30.0,160.0,997636.845912708,998746.0815047021,999614.1789245236,999855.3170966964,999951.7723655654,1000000.0,1000000.0,1000000.0,1000000.0,1000000.0,1000000.0,1000000.0,1000000.0,1000000.0,1000000.0,1000000.0,1000000.0,1000000.0,1000000.0,1000000.0,1000000.0,1000000.0,1000000.0,1000000.0,1000000.0,1000000.0,1000000.0,1000000.0,1000000.0,1000000.0,1000000.0,1000000.0,1000000.0,1000000.0,1000000.0,1000000.0,1000000.0,1000000.0,1000000.0,1000000.0,1000000.0,1000000.0,1000000.0,1000000.0,1000000.0,1000000.0,1000000.0,1000000.0,1000000.0,1000000.0,1000000.0,1000000.0,1000000.0,1000000.0,1000000.0,1000000.0,1000000.0,1000000.0,1000000.0,1000000.0,1000000.0,1000000.0,1000000.0,1000000.0,0.0,0.0,0.0,0.0,0.0,0.0,0.0,0.0,0.0,0.0,0.0,0.0,0.0,48.22763443453082,48.22763443453082,96.4552688690621,96.4552688690621,337.59344104171646,723.414516517964,1205.690860863273,2266.6988184229576,3279.479141548107,6076.6819387508895,10513.624306727752,19339.281408246912,35206.173137207625,66409.45261634915,111791.65661924284,195080.78128767782,310007.2341451652,477646.4914395949,576513.1420303833,801639.739570774,889076.4408005787,948734.0245960935,976947.1907402942,991367.253436219,996141.7892452375,998794.3091391367,999421.2683867855,999903.5447311308,1000000.0,1000000.0,1000000.0,1000000.0,1000000.0,1000000.0,1000000.0,1000000.0,1000000.0,1000000.0,1000000.0,1000000.0,1000000.0,1000000.0,1000000.0,1000000.0,1000000.0,1000000.0,1000000.0,1000000.0,1000000.0,1000000.0,1000000.0,0.0,0.0,0.0,0.0,0.0,0.0,0.0,0.0,0.0,0.0,0.0,0.0,0.0,0.0,0.0,0.0,0.0,0.0,0.0,0.0,0.0,0.0,0.0,0.0,0.0,0.0,0.0,0.0,0.0,0.0,0.0,0.0,0.0,0.0,0.0,0.0,0.0,0.0,0.0,0.0,0.0,0.0,0.0,0.0,0.0,0.0,0.0,0.0,0.0,0.0,0.0,0.0,0.0,0.0,0.0,0.0,0.0,0.0,0.0,0.0,289.36580660718624,1446.829033035929,3809.9831203279427,1000000.0,48.22763443453082,48.22763443453082,48.22763443453082,48.22763443453082,48.22763443453082,48.22763443453082,48.22763443453082,48.22763443453082,48.22763443453082,48.22763443453082,48.22763443453082,48.22763443453082,48.22763443453082,48.22763443453082,48.22763443453082,48.22763443453082,48.22763443453082,48.22763443453082,48.22763443453082,48.22763443453082,48.22763443453082,48.22763443453082,48.22763443453082,48.22763443453082,48.22763443453082,48.22763443453082,48.22763443453082,48.22763443453082,48.22763443453082,48.22763443453082,48.22763443453082,48.22763443453082,48.22763443453082,48.22763443453082,48.22763443453082,48.22763443453082,48.22763443453082,48.22763443453082,48.22763443453082,48.22763443453082,48.22763443453082,48.22763443453082,48.22763443453082,48.22763443453082,48.22763443453082,48.22763443453082,48.22763443453082,48.22763443453082,48.22763443453082,48.22763443453082,48.22763443453082,48.22763443453082,48.22763443453082,48.22763443453082,48.22763443453082,48.22763443453082,48.22763443453082,48.22763443453082,48.22763443453082,48.22763443453082,48.22763443453082,48.22763443453082,48.22763443453082,1000000.0
FLINT,MAGNUM03,F,na,na,na,na,2025_03_11-09_22_56,na,3,27,Yes,1,na,0.0,0.0,0.0,12.5,52.0,0.0,,,,0.0,0.0,0.0,12.5,52.0,0.0,32.0,31.0,0.0,30.0,29.0,0.0,26.0,27.0,0.0,23.0,26.0,0.0,20.0,25.0,0.0,17.0,21.0,0.0,18.0,23.0,0.0,0.0,32.0,32.0,63.0,63.0,63.0,0.0,30.0,34.0,63.0,63.0,63.0,1.0,27.0,36.0,63.0,63.0,63.0,3.0,26.0,36.0,62.0,63.0,63.0,4.0,24.0,37.0,62.0,63.0,63.0,5.0,22.0,39.0,60.0,63.0,63.0,5.0,23.0,38.0,61.0,63.0,63.0,6.0,0.0,44.0,19.0,63.0,60.0,63.0,0.0,0.3744849918898651,2.166887713280208,0.11181217469093484,0.4374894505865458,30.0,160.0,971497.4680491921,983650.8319266939,993248.1311791657,996720.5208584518,999180.1302146129,1000000.0,1000000.0,1000000.0,1000000.0,1000000.0,1000000.0,1000000.0,1000000.0,1000000.0,1000000.0,1000000.0,1000000.0,1000000.0,1000000.0,1000000.0,1000000.0,1000000.0,1000000.0,1000000.0,1000000.0,1000000.0,1000000.0,1000000.0,1000000.0,1000000.0,1000000.0,1000000.0,1000000.0,1000000.0,1000000.0,1000000.0,1000000.0,1000000.0,1000000.0,1000000.0,1000000.0,1000000.0,1000000.0,1000000.0,1000000.0,1000000.0,1000000.0,1000000.0,1000000.0,1000000.0,1000000.0,1000000.0,1000000.0,1000000.0,1000000.0,1000000.0,1000000.0,1000000.0,1000000.0,1000000.0,1000000.0,1000000.0,1000000.0,1000000.0,0.0,0.0,0.0,0.0,0.0,0.0,0.0,0.0,0.0,0.0,0.0,0.0,0.0,0.0,0.0,0.0,0.0,0.0,0.0,48.22763443453082,96.4552688690621,96.4552688690621,530.5039787798403,868.0974198215577,2122.0159151193625,6221.364842054485,15963.346997829749,32987.70195321919,78562.81649385093,153846.1538461539,286809.7419821557,387701.95321919455,656474.5599228358,798119.1222570533,922884.012539185,971786.8338557993,994405.5944055944,999083.6749457439,999807.0894622619,999903.5447311308,999951.7723655654,999951.7723655654,999951.7723655654,999951.7723655654,1000000.0,1000000.0,1000000.0,1000000.0,1000000.0,1000000.0,1000000.0,1000000.0,1000000.0,1000000.0,1000000.0,1000000.0,1000000.0,1000000.0,1000000.0,1000000.0,1000000.0,1000000.0,1000000.0,1000000.0,0.0,0.0,0.0,0.0,0.0,0.0,0.0,0.0,0.0,0.0,0.0,0.0,0.0,0.0,0.0,0.0,0.0,0.0,0.0,0.0,0.0,0.0,0.0,0.0,0.0,0.0,0.0,0.0,0.0,0.0,0.0,0.0,0.0,0.0,0.0,0.0,0.0,0.0,0.0,0.0,0.0,0.0,0.0,0.0,0.0,0.0,0.0,0.0,0.0,0.0,0.0,0.0,0.0,0.0,0.0,0.0,0.0,0.0,0.0,0.0,289.36580660718624,1109.2355919942117,7812.876778394019,1000000.0,48.22763443453082,48.22763443453082,48.22763443453082,48.22763443453082,48.22763443453082,48.22763443453082,48.22763443453082,48.22763443453082,48.22763443453082,48.22763443453082,48.22763443453082,48.22763443453082,48.22763443453082,48.22763443453082,48.22763443453082,48.22763443453082,48.22763443453082,48.22763443453082,48.22763443453082,48.22763443453082,48.22763443453082,48.22763443453082,48.22763443453082,48.22763443453082,48.22763443453082,48.22763443453082,48.22763443453082,48.22763443453082,48.22763443453082,48.22763443453082,48.22763443453082,48.22763443453082,48.22763443453082,48.22763443453082,48.22763443453082,48.22763443453082,48.22763443453082,48.22763443453082,48.22763443453082,48.22763443453082,48.22763443453082,48.22763443453082,48.22763443453082,48.22763443453082,48.22763443453082,48.22763443453082,48.22763443453082,48.22763443453082,48.22763443453082,48.22763443453082,48.22763443453082,48.22763443453082,48.22763443453082,48.22763443453082,48.22763443453082,48.22763443453082,48.22763443453082,48.22763443453082,48.22763443453082,48.22763443453082,48.22763443453082,48.22763443453082,48.22763443453082,1000000.0
FLINT,MAGNUM03,F,na,na,na,na,2025_03_11-09_22_56,na,3,28,Yes,1,na,0.0,0.0,999565.9512900892,11.0,51.0,62.0,,,,0.0,0.0,999565.9512900892,11.0,51.0,62.0,32.0,31.0,0.0,29.0,30.0,0.0,25.0,27.0,0.0,21.0,26.0,0.0,17.0,25.0,0.0,11.0,20.0,0.0,14.0,23.0,0.0,0.0,32.0,32.0,63.0,63.0,63.0,0.0,29.0,33.0,63.0,63.0,63.0,0.0,25.0,36.0,63.0,63.0,63.0,2.0,23.0,37.0,63.0,63.0,63.0,4.0,21.0,38.0,63.0,63.0,63.0,5.0,16.0,40.0,60.0,63.0,63.0,4.0,18.0,39.0,62.0,63.0,63.0,8.0,0.0,42.0,14.0,63.0,60.0,63.0,63.0,0.27782558035079413,2.5746052186642867,0.06130132939377656,0.0,30.0,160.0,987412.5874125873,991994.2126838678,996286.472148541,997926.211719315,999614.1789245236,999903.5447311308,999951.7723655654,1000000.0,1000000.0,1000000.0,1000000.0,1000000.0,1000000.0,1000000.0,1000000.0,1000000.0,1000000.0,1000000.0,1000000.0,1000000.0,1000000.0,1000000.0,1000000.0,1000000.0,1000000.0,1000000.0,1000000.0,1000000.0,1000000.0,1000000.0,1000000.0,1000000.0,1000000.0,1000000.0,1000000.0,1000000.0,1000000.0,1000000.0,1000000.0,1000000.0,1000000.0,1000000.0,1000000.0,1000000.0,1000000.0,1000000.0,1000000.0,1000000.0,1000000.0,1000000.0,1000000.0,1000000.0,1000000.0,1000000.0,1000000.0,1000000.0,1000000.0,1000000.0,1000000.0,1000000.0,1000000.0,1000000.0,1000000.0,1000000.0,0.0,0.0,0.0,0.0,0.0,0.0,0.0,0.0,0.0,0.0,0.0,0.0,0.0,0.0,48.22763443453082,96.4552688690621,241.13817217265407,337.59344104171646,723.414516517964,916.3250542560885,1205.690860863273,2218.471183988428,4436.942367976849,7812.876778394019,13600.192910537737,25560.646250301426,47021.94357366771,78900.40993489267,141933.92814082466,235736.6771159874,385531.7096696407,478659.27176272,723800.337593441,842102.7248613455,932963.5881360018,968796.7205208584,989004.0993489268,996141.7892452375,998987.2196768748,999710.6341933928,999951.7723655654,999951.7723655654,1000000.0,1000000.0,1000000.0,1000000.0,1000000.0,1000000.0,1000000.0,1000000.0,1000000.0,1000000.0,1000000.0,1000000.0,1000000.0,1000000.0,1000000.0,1000000.0,1000000.0,1000000.0,1000000.0,1000000.0,1000000.0,1000000.0,0.0,0.0,0.0,0.0,0.0,0.0,0.0,0.0,0.0,0.0,0.0,0.0,0.0,0.0,0.0,0.0,0.0,0.0,0.0,0.0,0.0,0.0,0.0,0.0,0.0,0.0,0.0,0.0,0.0,0.0,0.0,0.0,0.0,0.0,0.0,0.0,0.0,0.0,0.0,0.0,0.0,0.0,0.0,0.0,0.0,0.0,0.0,0.0,0.0,0.0,0.0,0.0,0.0,0.0,0.0,0.0,0.0,0.0,0.0,0.0,241.13817217265407,434.04870991077877,1253.9184952978064,1000000.0,0.0,0.0,0.0,0.0,0.0,0.0,0.0,0.0,0.0,0.0,0.0,0.0,0.0,0.0,0.0,0.0,0.0,0.0,0.0,0.0,0.0,0.0,0.0,0.0,0.0,0.0,0.0,0.0,0.0,0.0,0.0,0.0,0.0,0.0,0.0,0.0,0.0,0.0,0.0,0.0,0.0,0.0,0.0,0.0,0.0,0.0,0.0,0.0,0.0,0.0,0.0,0.0,0.0,0.0,0.0,0.0,0.0,0.0,0.0,0.0,0.0,0.0,0.0,1000000.0
FLINT,MAGNUM03,F,na,na,na,na,2025_03_11-09_22_56,na,3,29,Yes,1,na,0.0,0.0,998553.1709669641,12.5,56.5,62.0,,,,0.0,0.0,998553.1709669641,12.5,56.5,62.0,32.0,31.0,0.0,30.0,29.0,0.0,27.0,27.0,0.0,22.0,25.0,0.0,18.0,22.0,0.0,14.0,19.0,0.0,17.0,21.0,0.0,0.0,32.0,32.0,63.0,63.0,63.0,0.0,30.0,34.0,63.0,63.0,63.0,0.0,27.0,36.0,63.0,63.0,63.0,3.0,25.0,37.0,62.0,63.0,63.0,5.0,23.0,39.0,61.0,63.0,63.0,6.0,20.0,41.0,60.0,63.0,63.0,5.0,22.0,40.0,61.0,63.0,63.0,7.0,0.0,54.0,18.0,63.0,59.0,63.0,63.0,0.4038473584786493,2.3136066725719635,0.11648247050182092,0.0,30.0,160.0,978876.2961176754,985628.1649385097,991897.7574149987,994646.732577767,998119.1222570533,999614.1789245236,1000000.0,1000000.0,1000000.0,1000000.0,1000000.0,1000000.0,1000000.0,1000000.0,1000000.0,1000000.0,1000000.0,1000000.0,1000000.0,1000000.0,1000000.0,1000000.0,1000000.0,1000000.0,1000000.0,1000000.0,1000000.0,1000000.0,1000000.0,1000000.0,1000000.0,1000000.0,1000000.0,1000000.0,1000000.0,1000000.0,1000000.0,1000000.0,1000000.0,1000000.0,1000000.0,1000000.0,1000000.0,1000000.0,1000000.0,1000000.0,1000000.0,1000000.0,1000000.0,1000000.0,1000000.0,1000000.0,1000000.0,1000000.0,1000000.0,1000000.0,1000000.0,1000000.0,1000000.0,1000000.0,1000000.0,1000000.0,1000000.0,1000000.0,0.0,0.0,0.0,0.0,0.0,0.0,0.0,0.0,0.0,0.0,0.0,0.0,0.0,0.0,0.0,0.0,0.0,0.0,48.22763443453082,96.4552688690621,289.36580660718624,434.04870991077877,964.5526886906189,2025.5606462503029,4340.487099107789,7957.559681697602,17747.769471907395,33180.61249095733,67325.77767060528,126597.54039064386,230962.14130696884,285411.1405835544,552061.7313720762,714395.9488787075,871183.9884253679,948782.252230528,984326.0188087773,995080.7812876777,998504.9433325295,999421.2683867855,999807.0894622619,999951.7723655654,999951.7723655654,999951.7723655654,999951.7723655654,1000000.0,1000000.0,1000000.0,1000000.0,1000000.0,1000000.0,1000000.0,1000000.0,1000000.0,1000000.0,1000000.0,1000000.0,1000000.0,1000000.0,1000000.0,1000000.0,1000000.0,1000000.0,1000000.0,0.0,0.0,0.0,0.0,0.0,0.0,0.0,0.0,0.0,0.0,0.0,0.0,0.0,0.0,0.0,0.0,0.0,0.0,0.0,0.0,0.0,0.0,0.0,0.0,0.0,0.0,0.0,0.0,0.0,0.0,0.0,0.0,0.0,0.0,0.0,0.0,0.0,0.0,0.0,0.0,0.0,0.0,0.0,0.0,0.0,0.0,0.0,0.0,0.0,0.0,0.0,0.0,0.0,0.0,0.0,0.0,0.0,0.0,0.0,48.22763443453082,385.82107547624787,1446.829033035929,7041.234627441522,1000000.0,0.0,0.0,0.0,0.0,0.0,0.0,0.0,0.0,0.0,0.0,0.0,0.0,0.0,0.0,0.0,0.0,0.0,0.0,0.0,0.0,0.0,0.0,0.0,0.0,0.0,0.0,0.0,0.0,0.0,0.0,0.0,0.0,0.0,0.0,0.0,0.0,0.0,0.0,0.0,0.0,0.0,0.0,0.0,0.0,0.0,0.0,0.0,0.0,0.0,0.0,0.0,0.0,0.0,0.0,0.0,0.0,0.0,0.0,0.0,0.0,0.0,0.0,0.0,1000000.0
FLINT,MAGNUM03,F,na,na,na,na,2025_03_11-09_22_56,na,3,30,Yes,1,na,48.22763443453082,0.0,0.0,6.5,49.5,0.0,,,,48.22763443453082,0.0,0.0,6.5,49.5,0.0,30.0,33.0,0.0,28.0,30.0,0.0,24.0,27.0,0.0,21.0,26.0,0.0,16.0,24.0,0.0,8.0,20.0,0.0,11.0,22.0,0.0,0.0,30.0,30.0,63.0,63.0,63.0,0.0,28.0,33.0,63.0,63.0,63.0,0.0,24.0,36.0,63.0,63.0,63.0,0.0,21.0,37.0,63.0,63.0,63.0,2.0,18.0,39.0,63.0,63.0,63.0,4.0,12.0,41.0,61.0,63.0,63.0,3.0,14.0,40.0,62.0,63.0,63.0,5.0,0.0,45.0,0.0,63.0,54.0,63.0,0.0,0.1226606056346639,2.9225399314321225,0.0844607872943567,0.4374894505865458,30.0,160.0,995804.1958041957,998263.8051603568,999373.040752351,999807.0894622619,1000000.0,1000000.0,1000000.0,1000000.0,1000000.0,1000000.0,1000000.0,1000000.0,1000000.0,1000000.0,1000000.0,1000000.0,1000000.0,1000000.0,1000000.0,1000000.0,1000000.0,1000000.0,1000000.0,1000000.0,1000000.0,1000000.0,1000000.0,1000000.0,1000000.0,1000000.0,1000000.0,1000000.0,1000000.0,1000000.0,1000000.0,1000000.0,1000000.0,1000000.0,1000000.0,1000000.0,1000000.0,1000000.0,1000000.0,1000000.0,1000000.0,1000000.0,1000000.0,1000000.0,1000000.0,1000000.0,1000000.0,1000000.0,1000000.0,1000000.0,1000000.0,1000000.0,1000000.0,1000000.0,1000000.0,1000000.0,1000000.0,1000000.0,1000000.0,1000000.0,48.22763443453082,48.22763443453082,48.22763443453082,48.22763443453082,48.22763443453082,48.22763443453082,48.22763443453082,48.22763443453082,96.4552688690621,96.4552688690621,96.4552688690621,192.91053773812425,241.13817217265407,385.82107547624787,626.959247648901,771.6421509524955,1157.4632264287443,1302.1461297323344,2122.0159151193625,3279.479141548107,5112.12925006028,7571.738606221362,12876.778394019768,19291.053773812408,33325.295394260895,53484.44658789487,92934.6515553412,145309.86255124185,239450.20496744633,358041.95804195805,523607.42705570284,631974.9216300941,808632.746563781,888835.3026284062,947624.7890040993,972799.6141789245,988762.9611767542,995225.4641909814,998553.1709669641,999324.8131179166,999855.3170966964,999903.5447311308,999951.7723655654,1000000.0,1000000.0,1000000.0,1000000.0,1000000.0,1000000.0,1000000.0,1000000.0,1000000.0,1000000.0,1000000.0,1000000.0,1000000.0,1000000.0,1000000.0,1000000.0,1000000.0,1000000.0,1000000.0,1000000.0,1000000.0,0.0,0.0,0.0,0.0,0.0,0.0,0.0,0.0,0.0,0.0,0.0,0.0,0.0,0.0,0.0,0.0,0.0,0.0,0.0,0.0,0.0,0.0,0.0,0.0,0.0,0.0,0.0,0.0,0.0,0.0,0.0,0.0,0.0,0.0,0.0,0.0,0.0,0.0,0.0,0.0,0.0,0.0,0.0,0.0,0.0,0.0,0.0,0.0,0.0,0.0,0.0,0.0,0.0,0.0,48.22763443453082,48.22763443453082,48.22763443453082,48.22763443453082,48.22763443453082,96.4552688690621,192.91053773812425,482.27634434531,916.3250542560885,1000000.0,48.22763443453082,48.22763443453082,48.22763443453082,48.22763443453082,48.22763443453082,48.22763443453082,48.22763443453082,48.22763443453082,48.22763443453082,48.22763443453082,48.22763443453082,48.22763443453082,48.22763443453082,48.22763443453082,48.22763443453082,48.22763443453082,48.22763443453082,48.22763443453082,48.22763443453082,48.22763443453082,48.22763443453082,48.22763443453082,48.22763443453082,48.22763443453082,48.22763443453082,48.22763443453082,48.22763443453082,48.22763443453082,48.22763443453082,48.22763443453082,48.22763443453082,48.22763443453082,48.22763443453082,48.22763443453082,48.22763443453082,48.22763443453082,48.22763443453082,48.22763443453082,48.22763443453082,48.22763443453082,48.22763443453082,48.22763443453082,48.22763443453082,48.22763443453082,48.22763443453082,48.22763443453082,48.22763443453082,48.22763443453082,48.22763443453082,48.22763443453082,48.22763443453082,48.22763443453082,48.22763443453082,48.22763443453082,48.22763443453082,48.22763443453082,48.22763443453082,48.22763443453082,48.22763443453082,48.22763443453082,48.22763443453082,48.22763443453082,48.22763443453082,1000000.0
FLINT,MAGNUM03,F,na,na,na,na,2025_03_11-09_22_56,na,3,31,Yes,1,na,0.0,0.0,0.0,9.0,49.5,0.0,,,,0.0,0.0,0.0,9.0,49.5,0.0,32.0,31.0,0.0,29.0,30.0,0.0,26.0,27.0,0.0,22.0,24.0,0.0,18.0,22.0,0.0,14.0,20.0,0.0,16.0,20.0,0.0,0.0,32.0,32.0,63.0,63.0,63.0,0.0,29.0,33.0,63.0,63.0,63.0,0.0,26.0,35.0,62.0,63.0,63.0,2.0,24.0,37.0,61.0,63.0,63.0,4.0,22.0,38.0,60.0,63.0,63.0,5.0,19.0,39.0,59.0,63.0,63.0,4.0,20.0,39.0,59.0,63.0,63.0,6.0,0.0,40.0,12.0,63.0,59.0,63.0,0.0,0.30223456158177087,2.4418095384026426,0.2417693544024149,0.4374894505865458,30.0,160.0,981046.5396672293,989679.2862310103,995225.4641909814,998070.8946226187,999710.6341933928,999903.5447311308,1000000.0,1000000.0,1000000.0,1000000.0,1000000.0,1000000.0,1000000.0,1000000.0,1000000.0,1000000.0,1000000.0,1000000.0,1000000.0,1000000.0,1000000.0,1000000.0,1000000.0,1000000.0,1000000.0,1000000.0,1000000.0,1000000.0,1000000.0,1000000.0,1000000.0,1000000.0,1000000.0,1000000.0,1000000.0,1000000.0,1000000.0,1000000.0,1000000.0,1000000.0,1000000.0,1000000.0,1000000.0,1000000.0,1000000.0,1000000.0,1000000.0,1000000.0,1000000.0,1000000.0,1000000.0,1000000.0,1000000.0,1000000.0,1000000.0,1000000.0,1000000.0,1000000.0,1000000.0,1000000.0,1000000.0,1000000.0,1000000.0,1000000.0,0.0,0.0,0.0,0.0,0.0,0.0,0.0,0.0,0.0,0.0,0.0,0.0,48.22763443453082,48.22763443453082,48.22763443453082,48.22763443453082,48.22763443453082,48.22763443453082,144.68290330359284,337.59344104171646,578.7316132143711,964.5526886906189,2218.471183988428,4533.397636845913,9983.120327947918,19049.915601639714,41234.627441524026,78514.58885941636,148637.5693272246,258307.21003134793,411671.0875331564,480250.78369905957,748734.0245960935,862888.8353026282,946660.2363154086,980467.8080540149,993730.407523511,997974.4393537496,999469.4960212201,999951.7723655654,1000000.0,1000000.0,1000000.0,1000000.0,1000000.0,1000000.0,1000000.0,1000000.0,1000000.0,1000000.0,1000000.0,1000000.0,1000000.0,1000000.0,1000000.0,1000000.0,1000000.0,1000000.0,1000000.0,1000000.0,1000000.0,1000000.0,1000000.0,1000000.0,0.0,0.0,0.0,0.0,0.0,0.0,0.0,0.0,0.0,0.0,0.0,0.0,0.0,0.0,0.0,0.0,0.0,0.0,0.0,0.0,0.0,0.0,0.0,0.0,0.0,0.0,0.0,0.0,0.0,0.0,0.0,0.0,0.0,0.0,0.0,0.0,0.0,0.0,0.0,0.0,0.0,0.0,0.0,0.0,0.0,0.0,0.0,0.0,0.0,0.0,0.0,0.0,0.0,0.0,0.0,0.0,0.0,0.0,0.0,626.959247648901,2073.7882806848356,6462.5030142271535,25512.418615866904,1000000.0,48.22763443453082,48.22763443453082,48.22763443453082,48.22763443453082,48.22763443453082,48.22763443453082,48.22763443453082,48.22763443453082,48.22763443453082,48.22763443453082,48.22763443453082,48.22763443453082,48.22763443453082,48.22763443453082,48.22763443453082,48.22763443453082,48.22763443453082,48.22763443453082,48.22763443453082,48.22763443453082,48.22763443453082,48.22763443453082,48.22763443453082,48.22763443453082,48.22763443453082,48.22763443453082,48.22763443453082,48.22763443453082,48.22763443453082,48.22763443453082,48.22763443453082,48.22763443453082,48.22763443453082,48.22763443453082,48.22763443453082,48.22763443453082,48.22763443453082,48.22763443453082,48.22763443453082,48.22763443453082,48.22763443453082,48.22763443453082,48.22763443453082,48.22763443453082,48.22763443453082,48.22763443453082,48.22763443453082,48.22763443453082,48.22763443453082,48.22763443453082,48.22763443453082,48.22763443453082,48.22763443453082,48.22763443453082,48.22763443453082,48.22763443453082,48.22763443453082,48.22763443453082,48.22763443453082,48.22763443453082,48.22763443453082,48.22763443453082,48.22763443453082,1000000.0
FLINT,MAGNUM03,F,na,na,na,na,2025_03_11-09_22_56,na,3,32,Yes,1,na,96.4552688690621,0.0,997058.1142994936,10.0,51.0,62.0,,,,96.4552688690621,0.0,997058.1142994936,10.0,51.0,62.0,32.0,31.0,0.0,28.0,29.0,0.0,24.0,26.0,0.0,18.0,24.0,0.0,13.0,20.0,0.0,5.0,16.0,0.0,9.0,19.0,0.0,0.0,32.0,32.0,63.0,63.0,63.0,0.0,28.0,34.0,63.0,63.0,63.0,0.0,24.0,37.0,63.0,63.0,63.0,3.0,21.0,38.0,62.0,63.0,63.0,5.0,18.0,40.0,60.0,63.0,63.0,7.0,12.0,42.0,58.0,63.0,63.0,6.0,15.0,41.0,60.0,63.0,63.0,10.0,0.0,46.0,7.0,63.0,56.0,63.0,63.0,0.39813174267700485,3.1442499360591465,0.1881130270991643,0.0,30.0,160.0,982975.6450446106,987943.0913913671,992235.3508560404,995418.3747287195,997877.9840848806,999276.585483482,999758.8618278273,999903.5447311308,1000000.0,1000000.0,1000000.0,1000000.0,1000000.0,1000000.0,1000000.0,1000000.0,1000000.0,1000000.0,1000000.0,1000000.0,1000000.0,1000000.0,1000000.0,1000000.0,1000000.0,1000000.0,1000000.0,1000000.0,1000000.0,1000000.0,1000000.0,1000000.0,1000000.0,1000000.0,1000000.0,1000000.0,1000000.0,1000000.0,1000000.0,1000000.0,1000000.0,1000000.0,1000000.0,1000000.0,1000000.0,1000000.0,1000000.0,1000000.0,1000000.0,1000000.0,1000000.0,1000000.0,1000000.0,1000000.0,1000000.0,1000000.0,1000000.0,1000000.0,1000000.0,1000000.0,1000000.0,1000000.0,1000000.0,1000000.0,0.0,0.0,0.0,0.0,0.0,0.0,0.0,48.22763443453082,48.22763443453082,48.22763443453082,144.68290330359284,192.91053773812425,241.13817217265407,385.82107547624787,434.04870991077877,578.7316132143711,964.5526886906189,1302.1461297323344,2073.7882806848356,3231.251507113574,5015.673981191222,7812.876778394019,12490.957318543524,19098.143236074284,29177.718832891253,46009.16325054253,75090.42681456474,112418.61586689172,165758.37955148297,246009.16325054257,352688.6906197251,404002.89365806605,651265.9754039064,778731.6132143718,885314.6853146852,940680.0096455268,971786.8338557993,987653.7255847601,995080.7812876777,997877.9840848806,999180.1302146129,999807.0894622619,999951.7723655654,1000000.0,1000000.0,1000000.0,1000000.0,1000000.0,1000000.0,1000000.0,1000000.0,1000000.0,1000000.0,1000000.0,1000000.0,1000000.0,1000000.0,1000000.0,1000000.0,1000000.0,1000000.0,1000000.0,1000000.0,1000000.0,0.0,0.0,0.0,0.0,0.0,0.0,0.0,0.0,0.0,0.0,0.0,0.0,0.0,0.0,0.0,0.0,0.0,0.0,0.0,0.0,0.0,0.0,0.0,0.0,0.0,0.0,0.0,0.0,0.0,0.0,0.0,0.0,0.0,0.0,0.0,0.0,0.0,0.0,0.0,0.0,0.0,0.0,0.0,0.0,0.0,0.0,0.0,0.0,0.0,0.0,0.0,0.0,0.0,0.0,0.0,0.0,96.4552688690621,192.91053773812425,337.59344104171646,482.27634434531,1687.967205208584,2941.8857005063924,8536.291294911978,1000000.0,0.0,0.0,0.0,0.0,0.0,0.0,0.0,0.0,0.0,0.0,0.0,0.0,0.0,0.0,0.0,0.0,0.0,0.0,0.0,0.0,0.0,0.0,0.0,0.0,0.0,0.0,0.0,0.0,0.0,0.0,0.0,0.0,0.0,0.0,0.0,0.0,0.0,0.0,0.0,0.0,0.0,0.0,0.0,0.0,0.0,0.0,0.0,0.0,0.0,0.0,0.0,0.0,0.0,0.0,0.0,0.0,0.0,0.0,0.0,0.0,0.0,0.0,0.0,1000000.0
FLINT,MAGNUM03,F,na,na,na,na,2025_03_11-09_22_56,na,3,33,Yes,1,na,0.0,0.0,999951.7723655654,9.5,51.0,62.0,,,,0.0,0.0,999951.7723655654,9.5,51.0,62.0,30.0,33.0,0.0,28.0,31.0,0.0,24.0,28.0,0.0,22.0,26.0,0.0,18.0,25.0,0.0,12.0,22.0,0.0,16.0,22.0,0.0,0.0,30.0,30.0,63.0,63.0,63.0,0.0,28.0,32.0,63.0,63.0,63.0,0.0,24.0,35.0,63.0,63.0,63.0,0.0,22.0,37.0,63.0,63.0,63.0,1.0,19.0,38.0,63.0,63.0,63.0,3.0,15.0,40.0,62.0,63.0,63.0,2.0,18.0,40.0,62.0,63.0,63.0,5.0,0.0,41.0,14.0,63.0,61.0,63.0,63.0,0.07728619920514374,2.764486347937366,0.028623538719470334,0.0,30.0,160.0,998504.9433325295,999421.2683867855,999758.8618278273,999951.7723655654,1000000.0,1000000.0,1000000.0,1000000.0,1000000.0,1000000.0,1000000.0,1000000.0,1000000.0,1000000.0,1000000.0,1000000.0,1000000.0,1000000.0,1000000.0,1000000.0,1000000.0,1000000.0,1000000.0,1000000.0,1000000.0,1000000.0,1000000.0,1000000.0,1000000.0,1000000.0,1000000.0,1000000.0,1000000.0,1000000.0,1000000.0,1000000.0,1000000.0,1000000.0,1000000.0,1000000.0,1000000.0,1000000.0,1000000.0,1000000.0,1000000.0,1000000.0,1000000.0,1000000.0,1000000.0,1000000.0,1000000.0,1000000.0,1000000.0,1000000.0,1000000.0,1000000.0,1000000.0,1000000.0,1000000.0,1000000.0,1000000.0,1000000.0,1000000.0,1000000.0,0.0,0.0,0.0,0.0,0.0,0.0,0.0,0.0,0.0,0.0,0.0,0.0,0.0,0.0,192.91053773812425,241.13817217265407,385.82107547624787,482.27634434531,916.3250542560885,1543.2843019049903,3279.479141548107,5594.405594405593,10754.762478900398,18085.362912949113,31878.46636122496,55172.413793103486,102242.58500120559,157463.2264287436,272003.8582107547,404436.94236797676,576127.3209549071,674897.5162768266,851362.4306727754,916325.0542560886,963057.6320231492,982204.002893658,992814.0824692548,997009.886665059,998938.9920424403,999469.4960212201,999951.7723655654,1000000.0,1000000.0,1000000.0,1000000.0,1000000.0,1000000.0,1000000.0,1000000.0,1000000.0,1000000.0,1000000.0,1000000.0,1000000.0,1000000.0,1000000.0,1000000.0,1000000.0,1000000.0,1000000.0,1000000.0,1000000.0,1000000.0,1000000.0,0.0,0.0,0.0,0.0,0.0,0.0,0.0,0.0,0.0,0.0,0.0,0.0,0.0,0.0,0.0,0.0,0.0,0.0,0.0,0.0,0.0,0.0,0.0,0.0,0.0,0.0,0.0,0.0,0.0,0.0,0.0,0.0,0.0,0.0,0.0,0.0,0.0,0.0,0.0,0.0,0.0,0.0,0.0,0.0,0.0,0.0,0.0,0.0,0.0,0.0,0.0,0.0,0.0,0.0,0.0,0.0,0.0,0.0,0.0,0.0,0.0,48.22763443453082,675.1868820834334,1000000.0,0.0,0.0,0.0,0.0,0.0,0.0,0.0,0.0,0.0,0.0,0.0,0.0,0.0,0.0,0.0,0.0,0.0,0.0,0.0,0.0,0.0,0.0,0.0,0.0,0.0,0.0,0.0,0.0,0.0,0.0,0.0,0.0,0.0,0.0,0.0,0.0,0.0,0.0,0.0,0.0,0.0,0.0,0.0,0.0,0.0,0.0,0.0,0.0,0.0,0.0,0.0,0.0,0.0,0.0,0.0,0.0,0.0,0.0,0.0,0.0,0.0,0.0,0.0,1000000.0
FLINT,MAGNUM03,F,na,na,na,na,2025_03_11-09_22_56,na,3,34,Yes,1,na,0.0,0.0,0.0,9.0,49.0,0.0,,,,0.0,0.0,0.0,9.0,49.0,0.0,32.0,31.0,0.0,29.0,29.0,0.0,26.0,27.0,0.0,22.0,25.0,0.0,17.0,22.0,0.0,14.0,19.0,0.0,16.0,20.0,0.0,0.0,32.0,32.0,63.0,63.0,63.0,0.0,29.0,34.0,63.0,63.0,63.0,0.0,26.0,36.0,63.0,63.0,63.0,2.0,24.0,37.0,62.0,63.0,63.0,4.0,21.0,38.0,60.0,63.0,63.0,5.0,19.0,40.0,59.0,63.0,63.0,4.0,20.0,39.0,59.0,63.0,63.0,8.0,0.0,42.0,10.0,63.0,56.0,63.0,0.0,0.2542927063862863,2.5416507521002867,0.23431672050619226,0.4374894505865458,30.0,160.0,989245.2375210995,993344.5864480347,996575.8379551483,998408.4880636605,999710.6341933928,999951.7723655654,1000000.0,1000000.0,1000000.0,1000000.0,1000000.0,1000000.0,1000000.0,1000000.0,1000000.0,1000000.0,1000000.0,1000000.0,1000000.0,1000000.0,1000000.0,1000000.0,1000000.0,1000000.0,1000000.0,1000000.0,1000000.0,1000000.0,1000000.0,1000000.0,1000000.0,1000000.0,1000000.0,1000000.0,1000000.0,1000000.0,1000000.0,1000000.0,1000000.0,1000000.0,1000000.0,1000000.0,1000000.0,1000000.0,1000000.0,1000000.0,1000000.0,1000000.0,1000000.0,1000000.0,1000000.0,1000000.0,1000000.0,1000000.0,1000000.0,1000000.0,1000000.0,1000000.0,1000000.0,1000000.0,1000000.0,1000000.0,1000000.0,1000000.0,0.0,0.0,0.0,0.0,0.0,0.0,0.0,0.0,0.0,0.0,48.22763443453082,48.22763443453082,48.22763443453082,96.4552688690621,96.4552688690621,96.4552688690621,96.4552688690621,96.4552688690621,192.91053773812425,434.04870991077877,819.8697853870253,1880.8777429467057,3424.1620448516924,6173.137207619962,11044.128285507591,21220.159151193613,41379.31034482761,76633.7111164697,138943.81480588386,237569.32722449963,368941.40342416207,477791.1743428985,713865.4448999276,834338.0757173861,924523.7521099589,970243.5495538943,988955.8717144924,997106.3419339281,998938.9920424403,999662.4065589582,999903.5447311308,1000000.0,1000000.0,1000000.0,1000000.0,1000000.0,1000000.0,1000000.0,1000000.0,1000000.0,1000000.0,1000000.0,1000000.0,1000000.0,1000000.0,1000000.0,1000000.0,1000000.0,1000000.0,1000000.0,1000000.0,1000000.0,1000000.0,1000000.0,0.0,0.0,0.0,0.0,0.0,0.0,0.0,0.0,0.0,0.0,0.0,0.0,0.0,0.0,0.0,0.0,0.0,0.0,0.0,0.0,0.0,0.0,0.0,0.0,0.0,0.0,0.0,0.0,0.0,0.0,0.0,0.0,0.0,0.0,0.0,0.0,0.0,0.0,0.0,0.0,0.0,0.0,0.0,0.0,0.0,0.0,0.0,0.0,0.0,0.0,0.0,0.0,0.0,0.0,0.0,0.0,48.22763443453082,48.22763443453082,96.4552688690621,771.6421509524955,2266.6988184229576,5980.226669881832,19001.68796720521,1000000.0,48.22763443453082,48.22763443453082,48.22763443453082,48.22763443453082,48.22763443453082,48.22763443453082,48.22763443453082,48.22763443453082,48.22763443453082,48.22763443453082,48.22763443453082,48.22763443453082,48.22763443453082,48.22763443453082,48.22763443453082,48.22763443453082,48.22763443453082,48.22763443453082,48.22763443453082,48.22763443453082,48.22763443453082,48.22763443453082,48.22763443453082,48.22763443453082,48.22763443453082,48.22763443453082,48.22763443453082,48.22763443453082,48.22763443453082,48.22763443453082,48.22763443453082,48.22763443453082,48.22763443453082,48.22763443453082,48.22763443453082,48.22763443453082,48.22763443453082,48.22763443453082,48.22763443453082,48.22763443453082,48.22763443453082,48.22763443453082,48.22763443453082,48.22763443453082,48.22763443453082,48.22763443453082,48.22763443453082,48.22763443453082,48.22763443453082,48.22763443453082,48.22763443453082,48.22763443453082,48.22763443453082,48.22763443453082,48.22763443453082,48.22763443453082,48.22763443453082,48.22763443453082,48.22763443453082,48.22763443453082,48.22763443453082,48.22763443453082,48.22763443453082,1000000.0
FLINT,MAGNUM03,F,na,na,na,na,2025_03_11-09_22_56,na,3,35,Yes,1,na,0.0,0.0,959440.5594405595,11.5,49.5,62.0,,,,0.0,0.0,959440.5594405595,11.5,49.5,62.0,32.0,31.0,0.0,29.0,29.0,0.0,23.0,24.0,0.0,19.0,22.0,0.0,16.0,18.0,0.0,12.0,15.0,0.0,13.0,17.0,0.0,0.0,32.0,32.0,63.0,63.0,63.0,0.0,29.0,34.0,63.0,63.0,63.0,2.0,25.0,37.0,61.0,63.0,63.0,4.0,23.0,38.0,60.0,63.0,63.0,5.0,21.0,40.0,58.0,63.0,63.0,6.0,18.0,41.0,56.0,63.0,63.0,6.0,19.0,40.0,57.0,63.0,63.0,9.0,0.0,43.0,14.0,63.0,56.0,63.0,63.0,0.5501002064693578,2.7867076177324224,0.5876833858954309,0.0,30.0,160.0,958668.9172896069,972317.3378345792,984181.3359054738,990981.4323607427,996527.6103207137,999035.4473113093,1000000.0,1000000.0,1000000.0,1000000.0,1000000.0,1000000.0,1000000.0,1000000.0,1000000.0,1000000.0,1000000.0,1000000.0,1000000.0,1000000.0,1000000.0,1000000.0,1000000.0,1000000.0,1000000.0,1000000.0,1000000.0,1000000.0,1000000.0,1000000.0,1000000.0,1000000.0,1000000.0,1000000.0,1000000.0,1000000.0,1000000.0,1000000.0,1000000.0,1000000.0,1000000.0,1000000.0,1000000.0,1000000.0,1000000.0,1000000.0,1000000.0,1000000.0,1000000.0,1000000.0,1000000.0,1000000.0,1000000.0,1000000.0,1000000.0,1000000.0,1000000.0,1000000.0,1000000.0,1000000.0,1000000.0,1000000.0,1000000.0,1000000.0,0.0,0.0,0.0,0.0,0.0,0.0,0.0,0.0,0.0,0.0,0.0,0.0,0.0,0.0,48.22763443453082,48.22763443453082,96.4552688690621,192.91053773812425,289.36580660718624,723.414516517964,1157.4632264287443,2025.5606462503029,4195.804195804195,8005.7873161321395,13359.054738365065,24113.81721726547,42150.95249578004,67229.32240173627,108367.49457439121,175934.41041716907,270749.9397154569,316228.5989872197,558379.5514829998,703158.9100554617,846250.3014227152,923076.923076923,970677.598263805,989727.5138654449,996382.9274174101,998697.8538702676,999710.6341933928,999951.7723655654,1000000.0,1000000.0,1000000.0,1000000.0,1000000.0,1000000.0,1000000.0,1000000.0,1000000.0,1000000.0,1000000.0,1000000.0,1000000.0,1000000.0,1000000.0,1000000.0,1000000.0,1000000.0,1000000.0,1000000.0,1000000.0,1000000.0,0.0,0.0,0.0,0.0,0.0,0.0,0.0,0.0,0.0,0.0,0.0,0.0,0.0,0.0,0.0,0.0,0.0,0.0,0.0,0.0,0.0,0.0,0.0,0.0,0.0,0.0,0.0,0.0,0.0,0.0,0.0,0.0,0.0,0.0,0.0,0.0,0.0,0.0,0.0,0.0,0.0,0.0,0.0,0.0,0.0,0.0,0.0,0.0,0.0,0.0,0.0,0.0,0.0,0.0,0.0,0.0,241.13817217265407,626.959247648901,2604.2922594646707,4870.991077887631,15047.021943573669,40559.440559440554,111791.65661924284,1000000.0,0.0,0.0,0.0,0.0,0.0,0.0,0.0,0.0,0.0,0.0,0.0,0.0,0.0,0.0,0.0,0.0,0.0,0.0,0.0,0.0,0.0,0.0,0.0,0.0,0.0,0.0,0.0,0.0,0.0,0.0,0.0,0.0,0.0,0.0,0.0,0.0,0.0,0.0,0.0,0.0,0.0,0.0,0.0,0.0,0.0,0.0,0.0,0.0,0.0,0.0,0.0,0.0,0.0,0.0,0.0,0.0,0.0,0.0,0.0,0.0,0.0,0.0,0.0,1000000.0
FLINT,MAGNUM03,F,na,na,na,na,2025_03_11-09_22_56,na,3,36,Yes,1,na,0.0,0.0,0.0,10.5,48.0,0.0,,,,0.0,0.0,0.0,10.5,48.0,0.0,32.0,31.0,0.0,29.0,29.0,0.0,24.0,26.0,0.0,20.0,23.0,0.0,15.0,21.0,0.0,11.0,17.0,0.0,12.0,19.0,0.0,0.0,32.0,32.0,63.0,63.0,63.0,0.0,29.0,34.0,63.0,63.0,63.0,1.0,25.0,36.0,62.0,63.0,63.0,3.0,23.0,37.0,60.0,63.0,63.0,5.0,20.0,38.0,59.0,63.0,63.0,6.0,17.0,41.0,58.0,63.0,63.0,6.0,18.0,39.0,58.0,63.0,63.0,8.0,0.0,41.0,13.0,63.0,55.0,63.0,0.0,0.44391930721248773,2.5740255429243466,0.4096247127361266,0.4374894505865458,30.0,160.0,967783.9401977332,979889.0764408004,989631.0585965757,995273.6918254159,998408.4880636605,999469.4960212201,999903.5447311308,1000000.0,1000000.0,1000000.0,1000000.0,1000000.0,1000000.0,1000000.0,1000000.0,1000000.0,1000000.0,1000000.0,1000000.0,1000000.0,1000000.0,1000000.0,1000000.0,1000000.0,1000000.0,1000000.0,1000000.0,1000000.0,1000000.0,1000000.0,1000000.0,1000000.0,1000000.0,1000000.0,1000000.0,1000000.0,1000000.0,1000000.0,1000000.0,1000000.0,1000000.0,1000000.0,1000000.0,1000000.0,1000000.0,1000000.0,1000000.0,1000000.0,1000000.0,1000000.0,1000000.0,1000000.0,1000000.0,1000000.0,1000000.0,1000000.0,1000000.0,1000000.0,1000000.0,1000000.0,1000000.0,1000000.0,1000000.0,1000000.0,0.0,0.0,0.0,0.0,0.0,0.0,0.0,0.0,0.0,0.0,0.0,0.0,0.0,48.22763443453082,48.22763443453082,96.4552688690621,144.68290330359284,289.36580660718624,578.7316132143711,819.8697853870253,1495.056667470457,2218.471183988428,4388.714733542319,7571.738606221362,12925.006028454296,23101.036894140365,44176.51314203044,76247.89004099346,138654.44899927665,235109.7178683385,369278.9968652037,443790.69206655415,713383.1685555823,835447.3113093802,926308.1745840366,969664.81794068,988714.7335423196,995948.8787074994,998890.7644080058,999565.9512900892,999855.3170966964,1000000.0,1000000.0,1000000.0,1000000.0,1000000.0,1000000.0,1000000.0,1000000.0,1000000.0,1000000.0,1000000.0,1000000.0,1000000.0,1000000.0,1000000.0,1000000.0,1000000.0,1000000.0,1000000.0,1000000.0,1000000.0,1000000.0,1000000.0,0.0,0.0,0.0,0.0,0.0,0.0,0.0,0.0,0.0,0.0,0.0,0.0,0.0,0.0,0.0,0.0,0.0,0.0,0.0,0.0,0.0,0.0,0.0,0.0,0.0,0.0,0.0,0.0,0.0,0.0,0.0,0.0,0.0,0.0,0.0,0.0,0.0,0.0,0.0,0.0,0.0,0.0,0.0,0.0,0.0,0.0,0.0,0.0,0.0,0.0,0.0,0.0,0.0,0.0,0.0,48.22763443453082,48.22763443453082,144.68290330359284,1061.0079575596806,2314.926452857486,6751.868820834333,18519.411622859883,57197.97443935376,1000000.0,48.22763443453082,48.22763443453082,48.22763443453082,48.22763443453082,48.22763443453082,48.22763443453082,48.22763443453082,48.22763443453082,48.22763443453082,48.22763443453082,48.22763443453082,48.22763443453082,48.22763443453082,48.22763443453082,48.22763443453082,48.22763443453082,48.22763443453082,48.22763443453082,48.22763443453082,48.22763443453082,48.22763443453082,48.22763443453082,48.22763443453082,48.22763443453082,48.22763443453082,48.22763443453082,48.22763443453082,48.22763443453082,48.22763443453082,48.22763443453082,48.22763443453082,48.22763443453082,48.22763443453082,48.22763443453082,48.22763443453082,48.22763443453082,48.22763443453082,48.22763443453082,48.22763443453082,48.22763443453082,48.22763443453082,48.22763443453082,48.22763443453082,48.22763443453082,48.22763443453082,48.22763443453082,48.22763443453082,48.22763443453082,48.22763443453082,48.22763443453082,48.22763443453082,48.22763443453082,48.22763443453082,48.22763443453082,48.22763443453082,48.22763443453082,48.22763443453082,48.22763443453082,48.22763443453082,48.22763443453082,48.22763443453082,48.22763443453082,48.22763443453082,1000000.0
FLINT,MAGNUM03,F,na,na,na,na,2025_03_11-09_22_56,na,3,37,Yes,1,na,0.0,0.0,994212.6838678563,12.0,49.5,62.0,,,,0.0,0.0,994212.6838678563,12.0,49.5,62.0,31.0,32.0,0.0,28.0,30.0,0.0,26.0,26.0,0.0,23.0,25.0,0.0,20.0,22.0,0.0,14.0,19.0,0.0,18.0,21.0,0.0,0.0,31.0,31.0,63.0,63.0,63.0,0.0,28.0,33.0,63.0,63.0,63.0,0.0,26.0,36.0,62.0,63.0,63.0,1.0,24.0,37.0,62.0,63.0,63.0,2.0,22.0,38.0,60.0,63.0,63.0,5.0,19.0,40.0,59.0,63.0,63.0,3.0,21.0,39.0,60.0,63.0,63.0,6.0,0.0,41.0,18.0,63.0,58.0,63.0,63.0,0.18918300543171307,2.477088606050848,0.2267336362374568,0.0,30.0,160.0,988232.4571979743,995225.4641909814,999180.1302146129,999662.4065589582,999855.3170966964,999951.7723655654,1000000.0,1000000.0,1000000.0,1000000.0,1000000.0,1000000.0,1000000.0,1000000.0,1000000.0,1000000.0,1000000.0,1000000.0,1000000.0,1000000.0,1000000.0,1000000.0,1000000.0,1000000.0,1000000.0,1000000.0,1000000.0,1000000.0,1000000.0,1000000.0,1000000.0,1000000.0,1000000.0,1000000.0,1000000.0,1000000.0,1000000.0,1000000.0,1000000.0,1000000.0,1000000.0,1000000.0,1000000.0,1000000.0,1000000.0,1000000.0,1000000.0,1000000.0,1000000.0,1000000.0,1000000.0,1000000.0,1000000.0,1000000.0,1000000.0,1000000.0,1000000.0,1000000.0,1000000.0,1000000.0,1000000.0,1000000.0,1000000.0,1000000.0,0.0,0.0,0.0,0.0,0.0,0.0,0.0,0.0,0.0,0.0,0.0,0.0,0.0,0.0,0.0,0.0,0.0,0.0,96.4552688690621,241.13817217265407,482.27634434531,1061.0079575596806,2748.975162768264,4967.446346756688,10610.079575596808,21316.614420062695,48420.54497226907,87822.52230528097,167639.2572944297,284880.63660477445,455124.1861586689,510875.33156498667,790161.5625753556,881504.7021943572,946997.8297564504,976127.3209549071,992572.9442970823,997058.1142994935,999083.6749457439,999855.3170966964,1000000.0,1000000.0,1000000.0,1000000.0,1000000.0,1000000.0,1000000.0,1000000.0,1000000.0,1000000.0,1000000.0,1000000.0,1000000.0,1000000.0,1000000.0,1000000.0,1000000.0,1000000.0,1000000.0,1000000.0,1000000.0,1000000.0,1000000.0,1000000.0,0.0,0.0,0.0,0.0,0.0,0.0,0.0,0.0,0.0,0.0,0.0,0.0,0.0,0.0,0.0,0.0,0.0,0.0,0.0,0.0,0.0,0.0,0.0,0.0,0.0,0.0,0.0,0.0,0.0,0.0,0.0,0.0,0.0,0.0,0.0,0.0,0.0,0.0,0.0,0.0,0.0,0.0,0.0,0.0,0.0,0.0,0.0,0.0,0.0,0.0,0.0,0.0,0.0,0.0,0.0,0.0,0.0,0.0,48.22763443453082,241.13817217265407,1977.3330118157653,5787.316132143714,23004.581625271243,1000000.0,0.0,0.0,0.0,0.0,0.0,0.0,0.0,0.0,0.0,0.0,0.0,0.0,0.0,0.0,0.0,0.0,0.0,0.0,0.0,0.0,0.0,0.0,0.0,0.0,0.0,0.0,0.0,0.0,0.0,0.0,0.0,0.0,0.0,0.0,0.0,0.0,0.0,0.0,0.0,0.0,0.0,0.0,0.0,0.0,0.0,0.0,0.0,0.0,0.0,0.0,0.0,0.0,0.0,0.0,0.0,0.0,0.0,0.0,0.0,0.0,0.0,0.0,0.0,1000000.0
FLINT,MAGNUM03,F,na,na,na,na,2025_03_11-09_22_56,na,3,38,Yes,1,na,0.0,0.0,997443.9353749698,10.5,50.0,62.0,,,,0.0,0.0,997443.9353749698,10.5,50.0,62.0,32.0,31.0,0.0,29.0,29.0,0.0,25.0,27.0,0.0,22.0,25.0,0.0,17.0,23.0,0.0,13.0,21.0,0.0,16.0,22.0,0.0,0.0,32.0,32.0,63.0,63.0,63.0,0.0,29.0,34.0,63.0,63.0,63.0,1.0,26.0,36.0,63.0,63.0,63.0,3.0,25.0,37.0,62.0,63.0,63.0,5.0,22.0,38.0,61.0,63.0,63.0,6.0,19.0,39.0,60.0,63.0,63.0,5.0,21.0,38.0,60.0,63.0,63.0,6.0,0.0,41.0,15.0,63.0,59.0,63.0,63.0,0.40882128703792353,2.3426046603056463,0.1554376734479388,0.0,30.0,160.0,974825.1748251747,983361.4661200868,991319.0258017844,995032.5536532432,998697.8538702676,999662.4065589582,1000000.0,1000000.0,1000000.0,1000000.0,1000000.0,1000000.0,1000000.0,1000000.0,1000000.0,1000000.0,1000000.0,1000000.0,1000000.0,1000000.0,1000000.0,1000000.0,1000000.0,1000000.0,1000000.0,1000000.0,1000000.0,1000000.0,1000000.0,1000000.0,1000000.0,1000000.0,1000000.0,1000000.0,1000000.0,1000000.0,1000000.0,1000000.0,1000000.0,1000000.0,1000000.0,1000000.0,1000000.0,1000000.0,1000000.0,1000000.0,1000000.0,1000000.0,1000000.0,1000000.0,1000000.0,1000000.0,1000000.0,1000000.0,1000000.0,1000000.0,1000000.0,1000000.0,1000000.0,1000000.0,1000000.0,1000000.0,1000000.0,1000000.0,0.0,0.0,0.0,0.0,0.0,0.0,0.0,0.0,0.0,0.0,0.0,0.0,0.0,0.0,0.0,48.22763443453082,96.4552688690621,96.4552688690621,192.91053773812425,337.59344104171646,385.82107547624787,868.0974198215577,1784.4224740776426,2990.1133349409165,5305.039787798405,11285.266457680242,24596.093561610804,48902.821316614405,99252.47166626477,184374.2464432119,316373.28189052327,370532.91536050156,671810.9476730166,806221.3648420544,918254.1596334699,969520.1350373763,990065.1073064866,997492.1630094043,999614.1789245236,999951.7723655654,1000000.0,1000000.0,1000000.0,1000000.0,1000000.0,1000000.0,1000000.0,1000000.0,1000000.0,1000000.0,1000000.0,1000000.0,1000000.0,1000000.0,1000000.0,1000000.0,1000000.0,1000000.0,1000000.0,1000000.0,1000000.0,1000000.0,1000000.0,1000000.0,0.0,0.0,0.0,0.0,0.0,0.0,0.0,0.0,0.0,0.0,0.0,0.0,0.0,0.0,0.0,0.0,0.0,0.0,0.0,0.0,0.0,0.0,0.0,0.0,0.0,0.0,0.0,0.0,0.0,0.0,0.0,0.0,0.0,0.0,0.0,0.0,0.0,0.0,0.0,0.0,0.0,0.0,0.0,0.0,0.0,0.0,0.0,0.0,0.0,0.0,0.0,0.0,0.0,0.0,0.0,0.0,0.0,0.0,0.0,144.68290330359284,723.414516517964,2556.0646250301406,12105.136243067265,1000000.0,0.0,0.0,0.0,0.0,0.0,0.0,0.0,0.0,0.0,0.0,0.0,0.0,0.0,0.0,0.0,0.0,0.0,0.0,0.0,0.0,0.0,0.0,0.0,0.0,0.0,0.0,0.0,0.0,0.0,0.0,0.0,0.0,0.0,0.0,0.0,0.0,0.0,0.0,0.0,0.0,0.0,0.0,0.0,0.0,0.0,0.0,0.0,0.0,0.0,0.0,0.0,0.0,0.0,0.0,0.0,0.0,0.0,0.0,0.0,0.0,0.0,0.0,0.0,1000000.0
FLINT,MAGNUM03,F,na,na,na,na,2025_03_11-09_22_56,na,3,39,Yes,1,na,1000000.0,0.0,995804.1958041957,20.0,39.0,62.0,,,,1000000.0,0.0,995804.1958041957,20.0,39.0,62.0,0.0,43.0,0.0,0.0,43.0,0.0,0.0,43.0,0.0,0.0,42.0,0.0,0.0,40.0,0.0,0.0,39.0,0.0,0.0,40.0,0.0,20.0,20.0,20.0,63.0,63.0,63.0,20.0,20.0,20.0,63.0,63.0,63.0,20.0,20.0,20.0,63.0,63.0,63.0,20.0,20.0,20.0,62.0,63.0,63.0,20.0,20.0,20.0,60.0,63.0,63.0,20.0,20.0,20.0,59.0,63.0,63.0,20.0,20.0,20.0,60.0,63.0,63.0,20.0,20.0,20.0,20.0,63.0,58.0,63.0,63.0,0.0,0.0,0.19858034401627234,0.0,30.0,160.0,0.0,0.0,0.0,0.0,0.0,0.0,0.0,0.0,0.0,0.0,0.0,0.0,0.0,0.0,0.0,0.0,0.0,0.0,0.0,0.0,1000000.0,1000000.0,1000000.0,1000000.0,1000000.0,1000000.0,1000000.0,1000000.0,1000000.0,1000000.0,1000000.0,1000000.0,1000000.0,1000000.0,1000000.0,1000000.0,1000000.0,1000000.0,1000000.0,1000000.0,1000000.0,1000000.0,1000000.0,1000000.0,1000000.0,1000000.0,1000000.0,1000000.0,1000000.0,1000000.0,1000000.0,1000000.0,1000000.0,1000000.0,1000000.0,1000000.0,1000000.0,1000000.0,1000000.0,1000000.0,1000000.0,1000000.0,1000000.0,1000000.0,0.0,0.0,0.0,0.0,0.0,0.0,0.0,0.0,0.0,0.0,0.0,0.0,0.0,0.0,0.0,0.0,0.0,0.0,0.0,0.0,1000000.0,1000000.0,1000000.0,1000000.0,1000000.0,1000000.0,1000000.0,1000000.0,1000000.0,1000000.0,1000000.0,1000000.0,1000000.0,1000000.0,1000000.0,1000000.0,1000000.0,1000000.0,1000000.0,1000000.0,1000000.0,1000000.0,1000000.0,1000000.0,1000000.0,1000000.0,1000000.0,1000000.0,1000000.0,1000000.0,1000000.0,1000000.0,1000000.0,1000000.0,1000000.0,1000000.0,1000000.0,1000000.0,1000000.0,1000000.0,1000000.0,1000000.0,1000000.0,1000000.0,0.0,0.0,0.0,0.0,0.0,0.0,0.0,0.0,0.0,0.0,0.0,0.0,0.0,0.0,0.0,0.0,0.0,0.0,0.0,0.0,0.0,0.0,0.0,0.0,0.0,0.0,0.0,0.0,0.0,0.0,0.0,0.0,0.0,0.0,0.0,0.0,0.0,0.0,0.0,0.0,0.0,0.0,0.0,0.0,0.0,0.0,0.0,0.0,0.0,0.0,0.0,0.0,0.0,0.0,0.0,0.0,0.0,0.0,144.68290330359284,385.82107547624787,1446.829033035929,4195.804195804195,16108.029901133345,1000000.0,0.0,0.0,0.0,0.0,0.0,0.0,0.0,0.0,0.0,0.0,0.0,0.0,0.0,0.0,0.0,0.0,0.0,0.0,0.0,0.0,0.0,0.0,0.0,0.0,0.0,0.0,0.0,0.0,0.0,0.0,0.0,0.0,0.0,0.0,0.0,0.0,0.0,0.0,0.0,0.0,0.0,0.0,0.0,0.0,0.0,0.0,0.0,0.0,0.0,0.0,0.0,0.0,0.0,0.0,0.0,0.0,0.0,0.0,0.0,0.0,0.0,0.0,0.0,1000000.0
FLINT,MAGNUM03,F,na,na,na,na,2025_03_11-09_22_56,na,3,40,Yes,1,na,0.0,0.0,975403.9064383891,8.5,49.0,62.0,,,,0.0,0.0,975403.9064383891,8.5,49.0,62.0,32.0,31.0,0.0,29.0,29.0,0.0,24.0,25.0,0.0,20.0,23.0,0.0,17.0,21.0,0.0,13.0,18.0,0.0,14.0,19.0,0.0,0.0,32.0,32.0,63.0,63.0,63.0,0.0,29.0,34.0,63.0,63.0,63.0,2.0,26.0,36.0,61.0,63.0,63.0,4.0,24.0,37.0,60.0,63.0,63.0,5.0,22.0,38.0,59.0,63.0,63.0,6.0,19.0,40.0,58.0,63.0,63.0,6.0,20.0,39.0,58.0,63.0,63.0,8.0,0.0,41.0,9.0,63.0,57.0,63.0,63.0,0.5338969447658338,2.4187006950538974,0.45616276363352315,0.0,30.0,160.0,957414.9987943091,973571.256329877,985242.3438630335,991367.253436219,996816.9761273209,999517.7236556546,999903.5447311308,1000000.0,1000000.0,1000000.0,1000000.0,1000000.0,1000000.0,1000000.0,1000000.0,1000000.0,1000000.0,1000000.0,1000000.0,1000000.0,1000000.0,1000000.0,1000000.0,1000000.0,1000000.0,1000000.0,1000000.0,1000000.0,1000000.0,1000000.0,1000000.0,1000000.0,1000000.0,1000000.0,1000000.0,1000000.0,1000000.0,1000000.0,1000000.0,1000000.0,1000000.0,1000000.0,1000000.0,1000000.0,1000000.0,1000000.0,1000000.0,1000000.0,1000000.0,1000000.0,1000000.0,1000000.0,1000000.0,1000000.0,1000000.0,1000000.0,1000000.0,1000000.0,1000000.0,1000000.0,1000000.0,1000000.0,1000000.0,1000000.0,0.0,0.0,0.0,0.0,0.0,0.0,0.0,0.0,0.0,48.22763443453082,48.22763443453082,48.22763443453082,48.22763443453082,48.22763443453082,96.4552688690621,96.4552688690621,96.4552688690621,96.4552688690621,192.91053773812425,337.59344104171646,675.1868820834334,1350.373764166866,2122.0159151193625,3568.844948155295,7571.738606221362,14709.428502531931,31251.507113576063,57197.97443935376,107644.08005787323,191463.70870508795,316903.785869303,399131.90258017846,668193.8750904269,812056.9086086326,920231.4926452857,966481.794068001,989293.4651555341,996527.6103207137,999180.1302146129,999758.8618278273,1000000.0,1000000.0,1000000.0,1000000.0,1000000.0,1000000.0,1000000.0,1000000.0,1000000.0,1000000.0,1000000.0,1000000.0,1000000.0,1000000.0,1000000.0,1000000.0,1000000.0,1000000.0,1000000.0,1000000.0,1000000.0,1000000.0,1000000.0,1000000.0,0.0,0.0,0.0,0.0,0.0,0.0,0.0,0.0,0.0,0.0,0.0,0.0,0.0,0.0,0.0,0.0,0.0,0.0,0.0,0.0,0.0,0.0,0.0,0.0,0.0,0.0,0.0,0.0,0.0,0.0,0.0,0.0,0.0,0.0,0.0,0.0,0.0,0.0,0.0,0.0,0.0,0.0,0.0,0.0,0.0,0.0,0.0,0.0,0.0,0.0,0.0,0.0,0.0,0.0,0.0,0.0,0.0,192.91053773812425,916.3250542560885,1977.3330118157653,9452.616349168073,24596.093561610804,75524.47552447555,1000000.0,0.0,0.0,0.0,0.0,0.0,0.0,0.0,0.0,0.0,0.0,0.0,0.0,0.0,0.0,0.0,0.0,0.0,0.0,0.0,0.0,0.0,0.0,0.0,0.0,0.0,0.0,0.0,0.0,0.0,0.0,0.0,0.0,0.0,0.0,0.0,0.0,0.0,0.0,0.0,0.0,0.0,0.0,0.0,0.0,0.0,0.0,0.0,0.0,0.0,0.0,0.0,0.0,0.0,0.0,0.0,0.0,0.0,0.0,0.0,0.0,0.0,0.0,0.0,1000000.0
FLINT,MAGNUM03,F,na,na,na,na,2025_03_11-09_22_56,na,3,41,Yes,1,na,48.22763443453082,0.0,976320.2314926453,15.0,49.5,62.0,,,,48.22763443453082,0.0,976320.2314926453,15.0,49.5,62.0,32.0,31.0,0.0,29.0,29.0,0.0,24.0,24.0,0.0,19.0,22.0,0.0,14.0,19.0,0.0,10.0,15.0,0.0,12.0,17.0,0.0,0.0,32.0,32.0,63.0,63.0,63.0,0.0,29.0,34.0,63.0,63.0,63.0,1.0,25.0,37.0,61.0,63.0,63.0,3.0,22.0,38.0,60.0,63.0,63.0,5.0,19.0,40.0,59.0,63.0,63.0,7.0,17.0,42.0,57.0,63.0,63.0,6.0,18.0,41.0,58.0,63.0,63.0,8.0,0.0,45.0,5.0,63.0,54.0,63.0,63.0,0.44013852440476015,2.9564336250490793,0.46272658856099147,0.0,30.0,160.0,976898.9631058596,984326.0188087773,991077.8876296117,994260.9115022907,997685.0735471424,998987.2196768748,999565.9512900892,999903.5447311308,1000000.0,1000000.0,1000000.0,1000000.0,1000000.0,1000000.0,1000000.0,1000000.0,1000000.0,1000000.0,1000000.0,1000000.0,1000000.0,1000000.0,1000000.0,1000000.0,1000000.0,1000000.0,1000000.0,1000000.0,1000000.0,1000000.0,1000000.0,1000000.0,1000000.0,1000000.0,1000000.0,1000000.0,1000000.0,1000000.0,1000000.0,1000000.0,1000000.0,1000000.0,1000000.0,1000000.0,1000000.0,1000000.0,1000000.0,1000000.0,1000000.0,1000000.0,1000000.0,1000000.0,1000000.0,1000000.0,1000000.0,1000000.0,1000000.0,1000000.0,1000000.0,1000000.0,1000000.0,1000000.0,1000000.0,1000000.0,0.0,0.0,0.0,0.0,0.0,48.22763443453082,48.22763443453082,48.22763443453082,48.22763443453082,48.22763443453082,48.22763443453082,48.22763443453082,48.22763443453082,48.22763443453082,48.22763443453082,96.4552688690621,144.68290330359284,482.27634434531,1253.9184952978064,1929.1053773812387,3038.3409693754506,4678.080540149494,7089.462261876058,12635.640221847118,19291.053773812408,31540.872920183247,54593.68217988903,85218.23004581625,132818.90523269834,208198.6978538702,314685.31468531466,367446.3467566916,596720.5208584518,732674.2223293948,863226.42874367,930118.1577043646,970870.5088015433,989679.2862310103,996431.1550518447,998456.7156980949,999324.8131179166,999710.6341933928,999903.5447311308,999903.5447311308,1000000.0,1000000.0,1000000.0,1000000.0,1000000.0,1000000.0,1000000.0,1000000.0,1000000.0,1000000.0,1000000.0,1000000.0,1000000.0,1000000.0,1000000.0,1000000.0,1000000.0,1000000.0,1000000.0,1000000.0,0.0,0.0,0.0,0.0,0.0,0.0,0.0,0.0,0.0,0.0,0.0,0.0,0.0,0.0,0.0,0.0,0.0,0.0,0.0,0.0,0.0,0.0,0.0,0.0,0.0,0.0,0.0,0.0,0.0,0.0,0.0,0.0,0.0,0.0,0.0,0.0,0.0,0.0,0.0,0.0,0.0,0.0,0.0,0.0,0.0,0.0,0.0,0.0,0.0,0.0,0.0,0.0,0.0,0.0,48.22763443453082,96.4552688690621,192.91053773812425,289.36580660718624,1350.373764166866,2845.4304316373314,9693.754521340716,23679.768507354696,65300.21702435491,1000000.0,0.0,0.0,0.0,0.0,0.0,0.0,0.0,0.0,0.0,0.0,0.0,0.0,0.0,0.0,0.0,0.0,0.0,0.0,0.0,0.0,0.0,0.0,0.0,0.0,0.0,0.0,0.0,0.0,0.0,0.0,0.0,0.0,0.0,0.0,0.0,0.0,0.0,0.0,0.0,0.0,0.0,0.0,0.0,0.0,0.0,0.0,0.0,0.0,0.0,0.0,0.0,0.0,0.0,0.0,0.0,0.0,0.0,0.0,0.0,0.0,0.0,0.0,0.0,1000000.0
FLINT,MAGNUM03,F,na,na,na,na,2025_03_11-09_22_56,na,3,42,Yes,1,na,48.22763443453082,0.0,996479.3826862792,11.0,50.0,62.0,,,,48.22763443453082,0.0,996479.3826862792,11.0,50.0,62.0,32.0,31.0,0.0,29.0,29.0,0.0,25.0,27.0,0.0,19.0,24.0,0.0,13.0,20.0,0.0,6.0,16.0,0.0,10.0,18.0,0.0,0.0,32.0,32.0,63.0,63.0,63.0,0.0,29.0,34.0,63.0,63.0,63.0,0.0,25.0,36.0,63.0,63.0,63.0,3.0,22.0,38.0,62.0,63.0,63.0,5.0,18.0,40.0,60.0,63.0,63.0,6.0,12.0,42.0,58.0,63.0,63.0,6.0,16.0,41.0,59.0,63.0,63.0,8.0,0.0,45.0,0.0,63.0,55.0,63.0,63.0,0.37859282772667574,2.837331949939854,0.19323475580137445,0.0,30.0,160.0,983409.6937545212,987846.6361224981,993296.3588136001,995707.7405353268,998215.5775259222,999324.8131179166,999903.5447311308,999951.7723655654,1000000.0,1000000.0,1000000.0,1000000.0,1000000.0,1000000.0,1000000.0,1000000.0,1000000.0,1000000.0,1000000.0,1000000.0,1000000.0,1000000.0,1000000.0,1000000.0,1000000.0,1000000.0,1000000.0,1000000.0,1000000.0,1000000.0,1000000.0,1000000.0,1000000.0,1000000.0,1000000.0,1000000.0,1000000.0,1000000.0,1000000.0,1000000.0,1000000.0,1000000.0,1000000.0,1000000.0,1000000.0,1000000.0,1000000.0,1000000.0,1000000.0,1000000.0,1000000.0,1000000.0,1000000.0,1000000.0,1000000.0,1000000.0,1000000.0,1000000.0,1000000.0,1000000.0,1000000.0,1000000.0,1000000.0,1000000.0,48.22763443453082,48.22763443453082,48.22763443453082,48.22763443453082,48.22763443453082,48.22763443453082,48.22763443453082,48.22763443453082,48.22763443453082,48.22763443453082,48.22763443453082,96.4552688690621,241.13817217265407,289.36580660718624,337.59344104171646,434.04870991077877,675.1868820834334,1012.7803231251486,1495.056667470457,1977.3330118157653,3375.934410417169,5112.12925006028,8102.242585001196,12539.18495297808,20689.655172413797,34820.35206173134,57680.2507836991,88304.79864962626,145309.86255124185,234000.48227634435,362816.4938509766,418278.27345068724,692838.1962864721,816831.4444176513,911695.2013503737,957897.2751386545,981528.8160115746,991897.7574149987,996286.472148541,998215.5775259222,999228.3578490474,999855.3170966964,1000000.0,1000000.0,1000000.0,1000000.0,1000000.0,1000000.0,1000000.0,1000000.0,1000000.0,1000000.0,1000000.0,1000000.0,1000000.0,1000000.0,1000000.0,1000000.0,1000000.0,1000000.0,1000000.0,1000000.0,1000000.0,1000000.0,0.0,0.0,0.0,0.0,0.0,0.0,0.0,0.0,0.0,0.0,0.0,0.0,0.0,0.0,0.0,0.0,0.0,0.0,0.0,0.0,0.0,0.0,0.0,0.0,0.0,0.0,0.0,0.0,0.0,0.0,0.0,0.0,0.0,0.0,0.0,0.0,0.0,0.0,0.0,0.0,0.0,0.0,0.0,0.0,0.0,0.0,0.0,0.0,0.0,0.0,0.0,0.0,0.0,0.0,0.0,48.22763443453082,48.22763443453082,144.68290330359284,241.13817217265407,675.1868820834334,1687.967205208584,3520.617313720762,8729.201832650102,1000000.0,0.0,0.0,0.0,0.0,0.0,0.0,0.0,0.0,0.0,0.0,0.0,0.0,0.0,0.0,0.0,0.0,0.0,0.0,0.0,0.0,0.0,0.0,0.0,0.0,0.0,0.0,0.0,0.0,0.0,0.0,0.0,0.0,0.0,0.0,0.0,0.0,0.0,0.0,0.0,0.0,0.0,0.0,0.0,0.0,0.0,0.0,0.0,0.0,0.0,0.0,0.0,0.0,0.0,0.0,0.0,0.0,0.0,0.0,0.0,0.0,0.0,0.0,0.0,1000000.0
FLINT,MAGNUM03,F,na,na,na,na,2025_03_11-09_22_56,na,3,43,Yes,1,na,0.0,0.0,996238.2445141065,11.5,52.0,62.0,,,,0.0,0.0,996238.2445141065,11.5,52.0,62.0,32.0,31.0,0.0,29.0,29.0,0.0,26.0,27.0,0.0,20.0,24.0,0.0,15.0,21.0,0.0,9.0,18.0,0.0,12.0,20.0,0.0,0.0,32.0,32.0,63.0,63.0,63.0,0.0,29.0,34.0,63.0,63.0,63.0,0.0,26.0,36.0,63.0,63.0,63.0,3.0,23.0,38.0,62.0,63.0,63.0,5.0,20.0,39.0,60.0,63.0,63.0,7.0,16.0,41.0,59.0,63.0,63.0,6.0,18.0,40.0,60.0,63.0,63.0,9.0,0.0,47.0,14.0,63.0,57.0,63.0,63.0,0.4246107057167196,2.640602421042247,0.1871169816516812,0.0,30.0,160.0,979069.2066554135,985821.0754762478,990740.29418857,994212.6838678562,998022.6669881842,999276.585483482,999807.0894622619,999951.7723655654,1000000.0,1000000.0,1000000.0,1000000.0,1000000.0,1000000.0,1000000.0,1000000.0,1000000.0,1000000.0,1000000.0,1000000.0,1000000.0,1000000.0,1000000.0,1000000.0,1000000.0,1000000.0,1000000.0,1000000.0,1000000.0,1000000.0,1000000.0,1000000.0,1000000.0,1000000.0,1000000.0,1000000.0,1000000.0,1000000.0,1000000.0,1000000.0,1000000.0,1000000.0,1000000.0,1000000.0,1000000.0,1000000.0,1000000.0,1000000.0,1000000.0,1000000.0,1000000.0,1000000.0,1000000.0,1000000.0,1000000.0,1000000.0,1000000.0,1000000.0,1000000.0,1000000.0,1000000.0,1000000.0,1000000.0,1000000.0,0.0,0.0,0.0,0.0,0.0,0.0,0.0,0.0,0.0,0.0,0.0,0.0,0.0,0.0,48.22763443453082,96.4552688690621,241.13817217265407,385.82107547624787,675.1868820834334,868.0974198215577,1446.829033035929,2459.609356161082,4195.804195804195,7378.82806848324,13021.46129732335,21268.386785628147,38437.42464432118,63178.20110923557,109428.50253195086,177911.7434289848,283626.71810947673,335760.79093320464,612056.9086086327,755341.2105136244,886086.3274656377,946274.4152399324,980805.4014950566,993055.2206414274,998119.1222570533,999324.8131179166,999807.0894622619,999903.5447311308,1000000.0,1000000.0,1000000.0,1000000.0,1000000.0,1000000.0,1000000.0,1000000.0,1000000.0,1000000.0,1000000.0,1000000.0,1000000.0,1000000.0,1000000.0,1000000.0,1000000.0,1000000.0,1000000.0,1000000.0,1000000.0,1000000.0,0.0,0.0,0.0,0.0,0.0,0.0,0.0,0.0,0.0,0.0,0.0,0.0,0.0,0.0,0.0,0.0,0.0,0.0,0.0,0.0,0.0,0.0,0.0,0.0,0.0,0.0,0.0,0.0,0.0,0.0,0.0,0.0,0.0,0.0,0.0,0.0,0.0,0.0,0.0,0.0,0.0,0.0,0.0,0.0,0.0,0.0,0.0,0.0,0.0,0.0,0.0,0.0,0.0,0.0,0.0,0.0,0.0,48.22763443453082,144.68290330359284,434.04870991077877,1639.7395707740552,3761.755485893413,10947.673016638537,1000000.0,0.0,0.0,0.0,0.0,0.0,0.0,0.0,0.0,0.0,0.0,0.0,0.0,0.0,0.0,0.0,0.0,0.0,0.0,0.0,0.0,0.0,0.0,0.0,0.0,0.0,0.0,0.0,0.0,0.0,0.0,0.0,0.0,0.0,0.0,0.0,0.0,0.0,0.0,0.0,0.0,0.0,0.0,0.0,0.0,0.0,0.0,0.0,0.0,0.0,0.0,0.0,0.0,0.0,0.0,0.0,0.0,0.0,0.0,0.0,0.0,0.0,0.0,0.0,1000000.0
FLINT,MAGNUM03,F,na,na,na,na,2025_03_11-09_22_56,na,3,44,Yes,1,na,0.0,0.0,998312.0327947914,11.5,51.0,62.0,,,,0.0,0.0,998312.0327947914,11.5,51.0,62.0,32.0,31.0,0.0,29.0,29.0,0.0,26.0,26.0,0.0,21.0,25.0,0.0,16.0,22.0,0.0,11.0,19.0,0.0,14.0,21.0,0.0,0.0,32.0,32.0,63.0,63.0,63.0,0.0,29.0,34.0,63.0,63.0,63.0,0.0,26.0,37.0,63.0,63.0,63.0,2.0,23.0,38.0,63.0,63.0,63.0,5.0,21.0,39.0,61.0,63.0,63.0,7.0,18.0,41.0,60.0,63.0,63.0,5.0,19.0,40.0,61.0,63.0,63.0,8.0,0.0,44.0,15.0,63.0,58.0,63.0,63.0,0.34594597507185065,2.7496915721127912,0.1231809949928756,0.0,30.0,160.0,985628.1649385097,989872.1967687485,994260.9115022907,996093.561610803,998601.3986013986,999758.8618278273,999855.3170966964,1000000.0,1000000.0,1000000.0,1000000.0,1000000.0,1000000.0,1000000.0,1000000.0,1000000.0,1000000.0,1000000.0,1000000.0,1000000.0,1000000.0,1000000.0,1000000.0,1000000.0,1000000.0,1000000.0,1000000.0,1000000.0,1000000.0,1000000.0,1000000.0,1000000.0,1000000.0,1000000.0,1000000.0,1000000.0,1000000.0,1000000.0,1000000.0,1000000.0,1000000.0,1000000.0,1000000.0,1000000.0,1000000.0,1000000.0,1000000.0,1000000.0,1000000.0,1000000.0,1000000.0,1000000.0,1000000.0,1000000.0,1000000.0,1000000.0,1000000.0,1000000.0,1000000.0,1000000.0,1000000.0,1000000.0,1000000.0,1000000.0,0.0,0.0,0.0,0.0,0.0,0.0,0.0,0.0,0.0,0.0,0.0,0.0,0.0,0.0,0.0,96.4552688690621,96.4552688690621,192.91053773812425,385.82107547624787,723.414516517964,1350.373764166866,2314.926452857486,4485.170002411382,7427.055702917767,12780.323125150719,21509.52495780081,41475.765613696625,68049.19218712325,118929.34651555336,199855.31709669647,324427.2968410899,388232.45719797444,625753.5567880395,755919.9421268386,874801.0610079576,933831.6855558234,972847.8418133591,989920.4244031829,997347.4801061008,998987.2196768748,999807.0894622619,999903.5447311308,1000000.0,1000000.0,1000000.0,1000000.0,1000000.0,1000000.0,1000000.0,1000000.0,1000000.0,1000000.0,1000000.0,1000000.0,1000000.0,1000000.0,1000000.0,1000000.0,1000000.0,1000000.0,1000000.0,1000000.0,1000000.0,1000000.0,0.0,0.0,0.0,0.0,0.0,0.0,0.0,0.0,0.0,0.0,0.0,0.0,0.0,0.0,0.0,0.0,0.0,0.0,0.0,0.0,0.0,0.0,0.0,0.0,0.0,0.0,0.0,0.0,0.0,0.0,0.0,0.0,0.0,0.0,0.0,0.0,0.0,0.0,0.0,0.0,0.0,0.0,0.0,0.0,0.0,0.0,0.0,0.0,0.0,0.0,0.0,0.0,0.0,0.0,0.0,0.0,0.0,0.0,96.4552688690621,144.68290330359284,530.5039787798403,1687.967205208584,5642.633228840121,1000000.0,0.0,0.0,0.0,0.0,0.0,0.0,0.0,0.0,0.0,0.0,0.0,0.0,0.0,0.0,0.0,0.0,0.0,0.0,0.0,0.0,0.0,0.0,0.0,0.0,0.0,0.0,0.0,0.0,0.0,0.0,0.0,0.0,0.0,0.0,0.0,0.0,0.0,0.0,0.0,0.0,0.0,0.0,0.0,0.0,0.0,0.0,0.0,0.0,0.0,0.0,0.0,0.0,0.0,0.0,0.0,0.0,0.0,0.0,0.0,0.0,0.0,0.0,0.0,1000000.0
FLINT,MAGNUM03,F,na,na,na,na,2025_03_11-09_22_56,na,3,45,Yes,1,na,0.0,0.0,999807.0894622619,12.5,60.0,62.0,,,,0.0,0.0,999807.0894622619,12.5,60.0,62.0,32.0,31.0,0.0,30.0,29.0,0.0,27.0,27.0,0.0,23.0,26.0,0.0,20.0,25.0,0.0,15.0,23.0,0.0,17.0,23.0,0.0,0.0,32.0,32.0,63.0,63.0,63.0,0.0,30.0,34.0,63.0,63.0,63.0,0.0,27.0,36.0,63.0,63.0,63.0,2.0,25.0,37.0,63.0,63.0,63.0,4.0,24.0,38.0,63.0,63.0,63.0,6.0,21.0,39.0,62.0,63.0,63.0,5.0,22.0,39.0,62.0,63.0,63.0,7.0,0.0,62.0,18.0,63.0,60.0,63.0,63.0,0.3175751917250607,2.2653925329501576,0.03865417179657508,0.0,30.0,160.0,987798.4084880636,991270.7981673499,994984.3260188088,997106.3419339281,998746.0815047021,999710.6341933928,999903.5447311308,1000000.0,1000000.0,1000000.0,1000000.0,1000000.0,1000000.0,1000000.0,1000000.0,1000000.0,1000000.0,1000000.0,1000000.0,1000000.0,1000000.0,1000000.0,1000000.0,1000000.0,1000000.0,1000000.0,1000000.0,1000000.0,1000000.0,1000000.0,1000000.0,1000000.0,1000000.0,1000000.0,1000000.0,1000000.0,1000000.0,1000000.0,1000000.0,1000000.0,1000000.0,1000000.0,1000000.0,1000000.0,1000000.0,1000000.0,1000000.0,1000000.0,1000000.0,1000000.0,1000000.0,1000000.0,1000000.0,1000000.0,1000000.0,1000000.0,1000000.0,1000000.0,1000000.0,1000000.0,1000000.0,1000000.0,1000000.0,1000000.0,0.0,0.0,0.0,0.0,0.0,0.0,0.0,0.0,0.0,0.0,0.0,0.0,0.0,0.0,0.0,0.0,0.0,0.0,96.4552688690621,96.4552688690621,192.91053773812425,482.27634434531,675.1868820834334,1253.9184952978064,3665.3002170243526,7234.145165179647,17795.997106341903,33228.840125391835,74752.83337352306,145551.00072341465,266361.2249819146,360405.11212924996,613648.4205449723,763925.7294429707,902773.0889799854,959247.6489028212,989582.8309621413,997106.3419339281,999517.7236556546,999903.5447311308,1000000.0,1000000.0,1000000.0,1000000.0,1000000.0,1000000.0,1000000.0,1000000.0,1000000.0,1000000.0,1000000.0,1000000.0,1000000.0,1000000.0,1000000.0,1000000.0,1000000.0,1000000.0,1000000.0,1000000.0,1000000.0,1000000.0,1000000.0,1000000.0,0.0,0.0,0.0,0.0,0.0,0.0,0.0,0.0,0.0,0.0,0.0,0.0,0.0,0.0,0.0,0.0,0.0,0.0,0.0,0.0,0.0,0.0,0.0,0.0,0.0,0.0,0.0,0.0,0.0,0.0,0.0,0.0,0.0,0.0,0.0,0.0,0.0,0.0,0.0,0.0,0.0,0.0,0.0,0.0,0.0,0.0,0.0,0.0,0.0,0.0,0.0,0.0,0.0,0.0,0.0,0.0,0.0,0.0,0.0,0.0,48.22763443453082,192.91053773812425,675.1868820834334,1000000.0,0.0,0.0,0.0,0.0,0.0,0.0,0.0,0.0,0.0,0.0,0.0,0.0,0.0,0.0,0.0,0.0,0.0,0.0,0.0,0.0,0.0,0.0,0.0,0.0,0.0,0.0,0.0,0.0,0.0,0.0,0.0,0.0,0.0,0.0,0.0,0.0,0.0,0.0,0.0,0.0,0.0,0.0,0.0,0.0,0.0,0.0,0.0,0.0,0.0,0.0,0.0,0.0,0.0,0.0,0.0,0.0,0.0,0.0,0.0,0.0,0.0,0.0,0.0,1000000.0
FLINT,MAGNUM03,F,na,na,na,na,2025_03_11-09_22_56,na,3,46,Yes,1,na,0.0,0.0,997926.2117193151,10.5,50.0,62.0,,,,0.0,0.0,997926.2117193151,10.5,50.0,62.0,32.0,31.0,0.0,30.0,29.0,0.0,25.0,27.0,0.0,22.0,25.0,0.0,17.0,23.0,0.0,13.0,20.0,0.0,15.0,22.0,0.0,0.0,32.0,32.0,63.0,63.0,63.0,0.0,30.0,34.0,63.0,63.0,63.0,1.0,26.0,36.0,63.0,63.0,63.0,3.0,25.0,37.0,62.0,63.0,63.0,5.0,22.0,38.0,61.0,63.0,63.0,6.0,19.0,40.0,60.0,63.0,63.0,6.0,21.0,39.0,61.0,63.0,63.0,9.0,0.0,42.0,12.0,63.0,58.0,63.0,63.0,0.4467601312078036,2.3771243237682613,0.1363234198421302,0.0,30.0,160.0,972510.2483723173,982300.4581625271,990065.1073064866,993875.0904268145,997926.211719315,999324.8131179166,999951.7723655654,1000000.0,1000000.0,1000000.0,1000000.0,1000000.0,1000000.0,1000000.0,1000000.0,1000000.0,1000000.0,1000000.0,1000000.0,1000000.0,1000000.0,1000000.0,1000000.0,1000000.0,1000000.0,1000000.0,1000000.0,1000000.0,1000000.0,1000000.0,1000000.0,1000000.0,1000000.0,1000000.0,1000000.0,1000000.0,1000000.0,1000000.0,1000000.0,1000000.0,1000000.0,1000000.0,1000000.0,1000000.0,1000000.0,1000000.0,1000000.0,1000000.0,1000000.0,1000000.0,1000000.0,1000000.0,1000000.0,1000000.0,1000000.0,1000000.0,1000000.0,1000000.0,1000000.0,1000000.0,1000000.0,1000000.0,1000000.0,1000000.0,0.0,0.0,0.0,0.0,0.0,0.0,0.0,0.0,0.0,0.0,0.0,0.0,48.22763443453082,48.22763443453082,48.22763443453082,48.22763443453082,96.4552688690621,96.4552688690621,192.91053773812425,241.13817217265407,482.27634434531,916.3250542560885,1784.4224740776426,3231.251507113574,5835.543766578246,11092.355919942114,24258.500120569093,47070.171208102285,87629.61176754281,158041.958041958,276633.7111164697,323896.7928623101,617361.948396431,767832.1678321678,900409.9348926935,957559.6816976126,987364.3597781529,996093.561610803,998890.7644080058,999614.1789245236,1000000.0,1000000.0,1000000.0,1000000.0,1000000.0,1000000.0,1000000.0,1000000.0,1000000.0,1000000.0,1000000.0,1000000.0,1000000.0,1000000.0,1000000.0,1000000.0,1000000.0,1000000.0,1000000.0,1000000.0,1000000.0,1000000.0,1000000.0,1000000.0,0.0,0.0,0.0,0.0,0.0,0.0,0.0,0.0,0.0,0.0,0.0,0.0,0.0,0.0,0.0,0.0,0.0,0.0,0.0,0.0,0.0,0.0,0.0,0.0,0.0,0.0,0.0,0.0,0.0,0.0,0.0,0.0,0.0,0.0,0.0,0.0,0.0,0.0,0.0,0.0,0.0,0.0,0.0,0.0,0.0,0.0,0.0,0.0,0.0,0.0,0.0,0.0,0.0,0.0,0.0,0.0,0.0,0.0,96.4552688690621,96.4552688690621,482.27634434531,2073.7882806848356,8536.291294911978,1000000.0,0.0,0.0,0.0,0.0,0.0,0.0,0.0,0.0,0.0,0.0,0.0,0.0,0.0,0.0,0.0,0.0,0.0,0.0,0.0,0.0,0.0,0.0,0.0,0.0,0.0,0.0,0.0,0.0,0.0,0.0,0.0,0.0,0.0,0.0,0.0,0.0,0.0,0.0,0.0,0.0,0.0,0.0,0.0,0.0,0.0,0.0,0.0,0.0,0.0,0.0,0.0,0.0,0.0,0.0,0.0,0.0,0.0,0.0,0.0,0.0,0.0,0.0,0.0,1000000.0
FLINT,MAGNUM03,F,na,na,na,na,2025_03_11-09_22_56,na,3,47,Yes,1,na,0.0,0.0,0.0,13.0,48.5,0.0,,,,0.0,0.0,0.0,13.0,48.5,0.0,31.0,32.0,0.0,29.0,29.0,0.0,24.0,25.0,0.0,22.0,24.0,0.0,19.0,22.0,0.0,16.0,20.0,0.0,17.0,20.0,0.0,0.0,31.0,31.0,63.0,63.0,63.0,0.0,29.0,33.0,62.0,63.0,63.0,2.0,26.0,35.0,60.0,63.0,63.0,3.0,25.0,36.0,60.0,63.0,63.0,4.0,23.0,37.0,59.0,63.0,63.0,5.0,21.0,38.0,58.0,63.0,63.0,5.0,22.0,38.0,58.0,63.0,63.0,6.0,0.0,40.0,20.0,63.0,57.0,63.0,0.0,0.486871325935125,2.1641010866734014,0.740778037494102,0.4374894505865458,30.0,160.0,948010.6100795756,969037.858693031,987460.8150470218,995321.9194598505,999421.2683867855,1000000.0,1000000.0,1000000.0,1000000.0,1000000.0,1000000.0,1000000.0,1000000.0,1000000.0,1000000.0,1000000.0,1000000.0,1000000.0,1000000.0,1000000.0,1000000.0,1000000.0,1000000.0,1000000.0,1000000.0,1000000.0,1000000.0,1000000.0,1000000.0,1000000.0,1000000.0,1000000.0,1000000.0,1000000.0,1000000.0,1000000.0,1000000.0,1000000.0,1000000.0,1000000.0,1000000.0,1000000.0,1000000.0,1000000.0,1000000.0,1000000.0,1000000.0,1000000.0,1000000.0,1000000.0,1000000.0,1000000.0,1000000.0,1000000.0,1000000.0,1000000.0,1000000.0,1000000.0,1000000.0,1000000.0,1000000.0,1000000.0,1000000.0,1000000.0,0.0,0.0,0.0,0.0,0.0,0.0,0.0,0.0,0.0,0.0,0.0,0.0,0.0,0.0,0.0,0.0,0.0,0.0,0.0,0.0,48.22763443453082,241.13817217265407,626.959247648901,1591.5119363395213,4195.804195804195,9790.2097902098,27345.068724379063,58982.396913431396,133060.043404871,256281.64938509755,441138.1721726549,518784.66361224983,803279.479141548,898577.2847841812,966385.3387991318,988570.0506390162,997347.4801061008,999421.2683867855,999951.7723655654,1000000.0,1000000.0,1000000.0,1000000.0,1000000.0,1000000.0,1000000.0,1000000.0,1000000.0,1000000.0,1000000.0,1000000.0,1000000.0,1000000.0,1000000.0,1000000.0,1000000.0,1000000.0,1000000.0,1000000.0,1000000.0,1000000.0,1000000.0,1000000.0,1000000.0,0.0,0.0,0.0,0.0,0.0,0.0,0.0,0.0,0.0,0.0,0.0,0.0,0.0,0.0,0.0,0.0,0.0,0.0,0.0,0.0,0.0,0.0,0.0,0.0,0.0,0.0,0.0,0.0,0.0,0.0,0.0,0.0,0.0,0.0,0.0,0.0,0.0,0.0,0.0,0.0,0.0,0.0,0.0,0.0,0.0,0.0,0.0,0.0,0.0,0.0,0.0,0.0,0.0,0.0,0.0,0.0,0.0,192.91053773812425,964.5526886906189,3809.9831203279427,25030.14227152156,87388.47359537006,289703.4000482276,1000000.0,48.22763443453082,48.22763443453082,48.22763443453082,48.22763443453082,48.22763443453082,48.22763443453082,48.22763443453082,48.22763443453082,48.22763443453082,48.22763443453082,48.22763443453082,48.22763443453082,48.22763443453082,48.22763443453082,48.22763443453082,48.22763443453082,48.22763443453082,48.22763443453082,48.22763443453082,48.22763443453082,48.22763443453082,48.22763443453082,48.22763443453082,48.22763443453082,48.22763443453082,48.22763443453082,48.22763443453082,48.22763443453082,48.22763443453082,48.22763443453082,48.22763443453082,48.22763443453082,48.22763443453082,48.22763443453082,48.22763443453082,48.22763443453082,48.22763443453082,48.22763443453082,48.22763443453082,48.22763443453082,48.22763443453082,48.22763443453082,48.22763443453082,48.22763443453082,48.22763443453082,48.22763443453082,48.22763443453082,48.22763443453082,48.22763443453082,48.22763443453082,48.22763443453082,48.22763443453082,48.22763443453082,48.22763443453082,48.22763443453082,48.22763443453082,48.22763443453082,48.22763443453082,48.22763443453082,48.22763443453082,48.22763443453082,48.22763443453082,48.22763443453082,1000000.0
FLINT,MAGNUM03,F,na,na,na,na,2025_03_11-09_22_56,na,3,48,Yes,1,na,0.0,0.0,996672.2932240174,10.0,49.0,62.0,,,,0.0,0.0,996672.2932240174,10.0,49.0,62.0,31.0,32.0,0.0,29.0,30.0,0.0,25.0,27.0,0.0,21.0,25.0,0.0,15.0,21.0,0.0,9.0,16.0,0.0,12.0,19.0,0.0,0.0,31.0,31.0,63.0,63.0,63.0,0.0,29.0,33.0,63.0,63.0,63.0,0.0,25.0,36.0,63.0,63.0,63.0,2.0,23.0,37.0,62.0,63.0,63.0,5.0,20.0,39.0,60.0,63.0,63.0,7.0,16.0,42.0,58.0,63.0,63.0,6.0,18.0,40.0,59.0,63.0,63.0,8.0,0.0,42.0,12.0,63.0,56.0,63.0,63.0,0.3613286262403478,2.6727243421002767,0.19271209260188193,0.0,30.0,160.0,985676.3925729443,990209.7902097901,994116.2285989872,995900.6510730648,998070.8946226187,999421.2683867855,999855.3170966964,999903.5447311308,1000000.0,1000000.0,1000000.0,1000000.0,1000000.0,1000000.0,1000000.0,1000000.0,1000000.0,1000000.0,1000000.0,1000000.0,1000000.0,1000000.0,1000000.0,1000000.0,1000000.0,1000000.0,1000000.0,1000000.0,1000000.0,1000000.0,1000000.0,1000000.0,1000000.0,1000000.0,1000000.0,1000000.0,1000000.0,1000000.0,1000000.0,1000000.0,1000000.0,1000000.0,1000000.0,1000000.0,1000000.0,1000000.0,1000000.0,1000000.0,1000000.0,1000000.0,1000000.0,1000000.0,1000000.0,1000000.0,1000000.0,1000000.0,1000000.0,1000000.0,1000000.0,1000000.0,1000000.0,1000000.0,1000000.0,1000000.0,0.0,0.0,0.0,0.0,0.0,0.0,0.0,0.0,0.0,0.0,0.0,0.0,48.22763443453082,96.4552688690621,192.91053773812425,192.91053773812425,289.36580660718624,434.04870991077877,771.6421509524955,1157.4632264287443,2025.5606462503029,3713.527851458888,5931.999035447306,10706.534844465874,16976.1273209549,29901.13334940919,56329.87701953218,91536.05015673982,157704.36460091625,266843.50132625987,410272.4861345551,544248.8545936821,735905.4738365082,848758.1384133109,933156.49867374,969037.858693031,987991.3190258017,995611.2852664576,998263.8051603568,999228.3578490474,999710.6341933928,999855.3170966964,1000000.0,1000000.0,1000000.0,1000000.0,1000000.0,1000000.0,1000000.0,1000000.0,1000000.0,1000000.0,1000000.0,1000000.0,1000000.0,1000000.0,1000000.0,1000000.0,1000000.0,1000000.0,1000000.0,1000000.0,1000000.0,1000000.0,0.0,0.0,0.0,0.0,0.0,0.0,0.0,0.0,0.0,0.0,0.0,0.0,0.0,0.0,0.0,0.0,0.0,0.0,0.0,0.0,0.0,0.0,0.0,0.0,0.0,0.0,0.0,0.0,0.0,0.0,0.0,0.0,0.0,0.0,0.0,0.0,0.0,0.0,0.0,0.0,0.0,0.0,0.0,0.0,0.0,0.0,0.0,0.0,0.0,0.0,0.0,0.0,0.0,0.0,0.0,0.0,96.4552688690621,96.4552688690621,385.82107547624787,626.959247648901,1591.5119363395213,3327.7067759826386,9259.705811429942,1000000.0,0.0,0.0,0.0,0.0,0.0,0.0,0.0,0.0,0.0,0.0,0.0,0.0,0.0,0.0,0.0,0.0,0.0,0.0,0.0,0.0,0.0,0.0,0.0,0.0,0.0,0.0,0.0,0.0,0.0,0.0,0.0,0.0,0.0,0.0,0.0,0.0,0.0,0.0,0.0,0.0,0.0,0.0,0.0,0.0,0.0,0.0,0.0,0.0,0.0,0.0,0.0,0.0,0.0,0.0,0.0,0.0,0.0,0.0,0.0,0.0,0.0,0.0,0.0,1000000.0
FLINT,MAGNUM03,F,na,na,na,na,2025_03_11-09_22_56,na,3,49,Yes,1,na,0.0,0.0,0.0,12.0,53.5,0.0,,,,0.0,0.0,0.0,12.0,53.5,0.0,32.0,31.0,0.0,29.0,29.0,0.0,26.0,26.0,0.0,20.0,24.0,0.0,16.0,20.0,0.0,8.0,14.0,0.0,13.0,17.0,0.0,0.0,32.0,32.0,63.0,63.0,63.0,0.0,29.0,34.0,63.0,63.0,63.0,0.0,26.0,37.0,63.0,63.0,63.0,3.0,23.0,38.0,62.0,63.0,63.0,5.0,21.0,40.0,60.0,63.0,63.0,8.0,16.0,43.0,57.0,63.0,63.0,6.0,19.0,41.0,58.0,63.0,63.0,11.0,0.0,51.0,13.0,63.0,56.0,63.0,0.0,0.38780786668505135,2.7113279631355884,0.23815596399960262,0.4374894505865458,30.0,160.0,982493.3687002652,988184.22956354,993151.6759102965,996141.7892452375,998215.5775259222,999373.040752351,999758.8618278273,999758.8618278273,999903.5447311308,999951.7723655654,1000000.0,1000000.0,1000000.0,1000000.0,1000000.0,1000000.0,1000000.0,1000000.0,1000000.0,1000000.0,1000000.0,1000000.0,1000000.0,1000000.0,1000000.0,1000000.0,1000000.0,1000000.0,1000000.0,1000000.0,1000000.0,1000000.0,1000000.0,1000000.0,1000000.0,1000000.0,1000000.0,1000000.0,1000000.0,1000000.0,1000000.0,1000000.0,1000000.0,1000000.0,1000000.0,1000000.0,1000000.0,1000000.0,1000000.0,1000000.0,1000000.0,1000000.0,1000000.0,1000000.0,1000000.0,1000000.0,1000000.0,1000000.0,1000000.0,1000000.0,1000000.0,1000000.0,1000000.0,1000000.0,0.0,0.0,0.0,0.0,0.0,0.0,0.0,0.0,0.0,0.0,0.0,0.0,0.0,48.22763443453082,48.22763443453082,96.4552688690621,241.13817217265407,289.36580660718624,434.04870991077877,723.414516517964,1205.690860863273,2122.0159151193625,3858.2107547624714,7668.193875090419,13069.688931757892,22763.44345309863,39884.25367735713,64528.57487340241,108126.35640221852,176030.86568603816,281118.8811188811,357029.17771883286,598746.0815047022,747865.927176272,873498.9148782252,938895.5871714492,972799.6141789245,988425.3677357126,996045.3339763684,998312.0327947914,999228.3578490474,999662.4065589582,999807.0894622619,999903.5447311308,999951.7723655654,1000000.0,1000000.0,1000000.0,1000000.0,1000000.0,1000000.0,1000000.0,1000000.0,1000000.0,1000000.0,1000000.0,1000000.0,1000000.0,1000000.0,1000000.0,1000000.0,1000000.0,1000000.0,1000000.0,0.0,0.0,0.0,0.0,0.0,0.0,0.0,0.0,0.0,0.0,0.0,0.0,0.0,0.0,0.0,0.0,0.0,0.0,0.0,0.0,0.0,0.0,0.0,0.0,0.0,0.0,0.0,0.0,0.0,0.0,0.0,0.0,0.0,0.0,0.0,0.0,0.0,0.0,0.0,0.0,0.0,0.0,0.0,0.0,0.0,0.0,0.0,0.0,0.0,0.0,0.0,0.0,0.0,0.0,0.0,0.0,48.22763443453082,289.36580660718624,675.1868820834334,819.8697853870253,2073.7882806848356,5160.356884494808,15866.891728960678,1000000.0,48.22763443453082,48.22763443453082,48.22763443453082,48.22763443453082,48.22763443453082,48.22763443453082,48.22763443453082,48.22763443453082,48.22763443453082,48.22763443453082,48.22763443453082,48.22763443453082,48.22763443453082,48.22763443453082,48.22763443453082,48.22763443453082,48.22763443453082,48.22763443453082,48.22763443453082,48.22763443453082,48.22763443453082,48.22763443453082,48.22763443453082,48.22763443453082,48.22763443453082,48.22763443453082,48.22763443453082,48.22763443453082,48.22763443453082,48.22763443453082,48.22763443453082,48.22763443453082,48.22763443453082,48.22763443453082,48.22763443453082,48.22763443453082,48.22763443453082,48.22763443453082,48.22763443453082,48.22763443453082,48.22763443453082,48.22763443453082,48.22763443453082,48.22763443453082,48.22763443453082,48.22763443453082,48.22763443453082,48.22763443453082,48.22763443453082,48.22763443453082,48.22763443453082,48.22763443453082,48.22763443453082,48.22763443453082,48.22763443453082,48.22763443453082,48.22763443453082,48.22763443453082,48.22763443453082,48.22763443453082,48.22763443453082,48.22763443453082,48.22763443453082,1000000.0
FLINT,MAGNUM03,F,na,na,na,na,2025_03_11-09_22_56,na,3,50,Yes,1,na,0.0,0.0,998263.8051603568,11.5,49.0,62.0,,,,0.0,0.0,998263.8051603568,11.5,49.0,62.0,31.0,32.0,0.0,28.0,30.0,0.0,24.0,27.0,0.0,19.0,25.0,0.0,15.0,23.0,0.0,11.0,20.0,0.0,12.0,22.0,0.0,0.0,31.0,31.0,63.0,63.0,63.0,0.0,28.0,33.0,63.0,63.0,63.0,1.0,25.0,36.0,63.0,63.0,63.0,4.0,23.0,37.0,62.0,63.0,63.0,5.0,20.0,38.0,61.0,63.0,63.0,7.0,18.0,40.0,60.0,63.0,63.0,6.0,18.0,39.0,61.0,63.0,63.0,11.0,0.0,40.0,12.0,63.0,58.0,63.0,63.0,0.4688769537944751,2.6609580387392766,0.12679070148709765,0.0,30.0,160.0,974053.5326742223,982493.3687002652,989438.1480588376,993537.4969857727,997106.3419339281,998987.2196768748,999758.8618278273,999903.5447311308,1000000.0,1000000.0,1000000.0,1000000.0,1000000.0,1000000.0,1000000.0,1000000.0,1000000.0,1000000.0,1000000.0,1000000.0,1000000.0,1000000.0,1000000.0,1000000.0,1000000.0,1000000.0,1000000.0,1000000.0,1000000.0,1000000.0,1000000.0,1000000.0,1000000.0,1000000.0,1000000.0,1000000.0,1000000.0,1000000.0,1000000.0,1000000.0,1000000.0,1000000.0,1000000.0,1000000.0,1000000.0,1000000.0,1000000.0,1000000.0,1000000.0,1000000.0,1000000.0,1000000.0,1000000.0,1000000.0,1000000.0,1000000.0,1000000.0,1000000.0,1000000.0,1000000.0,1000000.0,1000000.0,1000000.0,1000000.0,0.0,0.0,0.0,0.0,0.0,0.0,0.0,0.0,0.0,0.0,0.0,0.0,48.22763443453082,48.22763443453082,96.4552688690621,96.4552688690621,96.4552688690621,144.68290330359284,626.959247648901,1012.7803231251486,1977.3330118157653,3472.38967928623,6124.909573185426,9934.892693513388,17747.769471907395,31010.36894140342,56378.10465396668,94477.93585724618,164070.41234627445,271183.98842536774,414227.1521581866,504895.10489510495,745358.0901856764,854834.8203520617,936050.1567398119,969905.9561128526,989727.5138654449,996575.8379551483,999131.9025801783,999807.0894622619,1000000.0,1000000.0,1000000.0,1000000.0,1000000.0,1000000.0,1000000.0,1000000.0,1000000.0,1000000.0,1000000.0,1000000.0,1000000.0,1000000.0,1000000.0,1000000.0,1000000.0,1000000.0,1000000.0,1000000.0,1000000.0,1000000.0,1000000.0,1000000.0,0.0,0.0,0.0,0.0,0.0,0.0,0.0,0.0,0.0,0.0,0.0,0.0,0.0,0.0,0.0,0.0,0.0,0.0,0.0,0.0,0.0,0.0,0.0,0.0,0.0,0.0,0.0,0.0,0.0,0.0,0.0,0.0,0.0,0.0,0.0,0.0,0.0,0.0,0.0,0.0,0.0,0.0,0.0,0.0,0.0,0.0,0.0,0.0,0.0,0.0,0.0,0.0,0.0,0.0,0.0,0.0,0.0,0.0,144.68290330359284,144.68290330359284,434.04870991077877,1736.1948396431121,6462.5030142271535,1000000.0,0.0,0.0,0.0,0.0,0.0,0.0,0.0,0.0,0.0,0.0,0.0,0.0,0.0,0.0,0.0,0.0,0.0,0.0,0.0,0.0,0.0,0.0,0.0,0.0,0.0,0.0,0.0,0.0,0.0,0.0,0.0,0.0,0.0,0.0,0.0,0.0,0.0,0.0,0.0,0.0,0.0,0.0,0.0,0.0,0.0,0.0,0.0,0.0,0.0,0.0,0.0,0.0,0.0,0.0,0.0,0.0,0.0,0.0,0.0,0.0,0.0,0.0,0.0,1000000.0
FLINT,MAGNUM03,F,na,na,na,na,2025_03_11-09_22_56,na,3,51,Yes,1,na,0.0,0.0,0.0,12.5,48.0,0.0,,,,0.0,0.0,0.0,12.5,48.0,0.0,32.0,31.0,0.0,29.0,29.0,0.0,24.0,27.0,0.0,20.0,24.0,0.0,17.0,21.0,0.0,13.0,18.0,0.0,15.0,21.0,0.0,0.0,32.0,32.0,63.0,63.0,63.0,0.0,29.0,34.0,63.0,63.0,63.0,2.0,26.0,36.0,63.0,63.0,63.0,4.0,24.0,37.0,61.0,63.0,63.0,5.0,22.0,39.0,60.0,63.0,63.0,7.0,20.0,40.0,58.0,63.0,63.0,6.0,21.0,39.0,60.0,63.0,63.0,8.0,0.0,42.0,17.0,63.0,54.0,63.0,0.0,0.5176943643728245,2.479958090942217,0.24998086822103216,0.4374894505865458,30.0,160.0,964070.4123462744,974680.4919218712,986351.5794550277,992235.3508560404,997347.4801061008,999131.9025801783,999758.8618278273,999903.5447311308,1000000.0,1000000.0,1000000.0,1000000.0,1000000.0,1000000.0,1000000.0,1000000.0,1000000.0,1000000.0,1000000.0,1000000.0,1000000.0,1000000.0,1000000.0,1000000.0,1000000.0,1000000.0,1000000.0,1000000.0,1000000.0,1000000.0,1000000.0,1000000.0,1000000.0,1000000.0,1000000.0,1000000.0,1000000.0,1000000.0,1000000.0,1000000.0,1000000.0,1000000.0,1000000.0,1000000.0,1000000.0,1000000.0,1000000.0,1000000.0,1000000.0,1000000.0,1000000.0,1000000.0,1000000.0,1000000.0,1000000.0,1000000.0,1000000.0,1000000.0,1000000.0,1000000.0,1000000.0,1000000.0,1000000.0,1000000.0,0.0,0.0,0.0,0.0,0.0,0.0,0.0,0.0,0.0,0.0,0.0,0.0,0.0,0.0,0.0,0.0,0.0,48.22763443453082,96.4552688690621,192.91053773812425,434.04870991077877,916.3250542560885,2266.6988184229576,3665.3002170243526,9163.250542560887,14661.200868097394,28550.759585242326,48709.910778876285,94333.25295394257,160887.3884735954,270557.0291777188,310778.87629611767,602411.3817217265,749505.666747046,885314.6853146852,946033.2770677598,982107.547624789,994453.8220400289,998697.8538702676,999662.4065589582,999951.7723655654,1000000.0,1000000.0,1000000.0,1000000.0,1000000.0,1000000.0,1000000.0,1000000.0,1000000.0,1000000.0,1000000.0,1000000.0,1000000.0,1000000.0,1000000.0,1000000.0,1000000.0,1000000.0,1000000.0,1000000.0,1000000.0,1000000.0,1000000.0,0.0,0.0,0.0,0.0,0.0,0.0,0.0,0.0,0.0,0.0,0.0,0.0,0.0,0.0,0.0,0.0,0.0,0.0,0.0,0.0,0.0,0.0,0.0,0.0,0.0,0.0,0.0,0.0,0.0,0.0,0.0,0.0,0.0,0.0,0.0,0.0,0.0,0.0,0.0,0.0,0.0,0.0,0.0,0.0,0.0,0.0,0.0,0.0,0.0,0.0,0.0,0.0,0.0,0.0,48.22763443453082,48.22763443453082,96.4552688690621,144.68290330359284,241.13817217265407,482.27634434531,2411.3817217265464,6510.730648661682,21991.801302146112,1000000.0,48.22763443453082,48.22763443453082,48.22763443453082,48.22763443453082,48.22763443453082,48.22763443453082,48.22763443453082,48.22763443453082,48.22763443453082,48.22763443453082,48.22763443453082,48.22763443453082,48.22763443453082,48.22763443453082,48.22763443453082,48.22763443453082,48.22763443453082,48.22763443453082,48.22763443453082,48.22763443453082,48.22763443453082,48.22763443453082,48.22763443453082,48.22763443453082,48.22763443453082,48.22763443453082,48.22763443453082,48.22763443453082,48.22763443453082,48.22763443453082,48.22763443453082,48.22763443453082,48.22763443453082,48.22763443453082,48.22763443453082,48.22763443453082,48.22763443453082,48.22763443453082,48.22763443453082,48.22763443453082,48.22763443453082,48.22763443453082,48.22763443453082,48.22763443453082,48.22763443453082,48.22763443453082,48.22763443453082,48.22763443453082,48.22763443453082,48.22763443453082,48.22763443453082,48.22763443453082,48.22763443453082,48.22763443453082,48.22763443453082,48.22763443453082,48.22763443453082,48.22763443453082,48.22763443453082,48.22763443453082,48.22763443453082,48.22763443453082,48.22763443453082,1000000.0
FLINT,MAGNUM03,F,na,na,na,na,2025_03_11-09_22_56,na,3,52,Yes,1,na,0.0,0.0,973040.7523510972,11.5,48.5,62.0,,,,0.0,0.0,973040.7523510972,11.5,48.5,62.0,32.0,31.0,0.0,29.0,30.0,0.0,25.0,25.0,0.0,20.0,23.0,0.0,16.0,21.0,0.0,13.0,17.0,0.0,15.0,20.0,0.0,0.0,32.0,32.0,63.0,63.0,63.0,0.0,29.0,33.0,63.0,63.0,63.0,1.0,26.0,36.0,61.0,63.0,63.0,4.0,24.0,37.0,60.0,63.0,63.0,5.0,21.0,38.0,59.0,63.0,63.0,6.0,19.0,40.0,57.0,63.0,63.0,5.0,20.0,38.0,58.0,63.0,63.0,6.0,0.0,42.0,17.0,63.0,55.0,63.0,63.0,0.45897879554996196,2.4866956690147237,0.4752205991464683,0.0,30.0,160.0,970774.0535326742,980612.4909573185,988714.7335423196,993296.3588136001,997974.4393537496,999565.9512900892,1000000.0,1000000.0,1000000.0,1000000.0,1000000.0,1000000.0,1000000.0,1000000.0,1000000.0,1000000.0,1000000.0,1000000.0,1000000.0,1000000.0,1000000.0,1000000.0,1000000.0,1000000.0,1000000.0,1000000.0,1000000.0,1000000.0,1000000.0,1000000.0,1000000.0,1000000.0,1000000.0,1000000.0,1000000.0,1000000.0,1000000.0,1000000.0,1000000.0,1000000.0,1000000.0,1000000.0,1000000.0,1000000.0,1000000.0,1000000.0,1000000.0,1000000.0,1000000.0,1000000.0,1000000.0,1000000.0,1000000.0,1000000.0,1000000.0,1000000.0,1000000.0,1000000.0,1000000.0,1000000.0,1000000.0,1000000.0,1000000.0,1000000.0,0.0,0.0,0.0,0.0,0.0,0.0,0.0,0.0,0.0,0.0,0.0,0.0,0.0,0.0,0.0,0.0,0.0,48.22763443453082,96.4552688690621,241.13817217265407,675.1868820834334,1398.601398601398,2459.609356161082,4774.535809018565,10127.80323125151,20882.56571015191,42343.863033518195,76681.93875090429,141210.5136243067,253484.4465878948,407427.05570291774,482903.3035929587,741258.7412587412,853291.5360501568,936773.5712563299,972799.6141789245,990402.7007475282,997106.3419339281,999614.1789245236,999855.3170966964,1000000.0,1000000.0,1000000.0,1000000.0,1000000.0,1000000.0,1000000.0,1000000.0,1000000.0,1000000.0,1000000.0,1000000.0,1000000.0,1000000.0,1000000.0,1000000.0,1000000.0,1000000.0,1000000.0,1000000.0,1000000.0,1000000.0,1000000.0,1000000.0,0.0,0.0,0.0,0.0,0.0,0.0,0.0,0.0,0.0,0.0,0.0,0.0,0.0,0.0,0.0,0.0,0.0,0.0,0.0,0.0,0.0,0.0,0.0,0.0,0.0,0.0,0.0,0.0,0.0,0.0,0.0,0.0,0.0,0.0,0.0,0.0,0.0,0.0,0.0,0.0,0.0,0.0,0.0,0.0,0.0,0.0,0.0,0.0,0.0,0.0,0.0,0.0,0.0,0.0,0.0,48.22763443453082,192.91053773812425,337.59344104171646,916.3250542560885,2363.1540872920177,9066.795273691821,26959.2476489028,82999.75886182787,1000000.0,0.0,0.0,0.0,0.0,0.0,0.0,0.0,0.0,0.0,0.0,0.0,0.0,0.0,0.0,0.0,0.0,0.0,0.0,0.0,0.0,0.0,0.0,0.0,0.0,0.0,0.0,0.0,0.0,0.0,0.0,0.0,0.0,0.0,0.0,0.0,0.0,0.0,0.0,0.0,0.0,0.0,0.0,0.0,0.0,0.0,0.0,0.0,0.0,0.0,0.0,0.0,0.0,0.0,0.0,0.0,0.0,0.0,0.0,0.0,0.0,0.0,0.0,0.0,1000000.0
FLINT,MAGNUM03,F,na,na,na,na,2025_03_11-09_22_56,na,3,53,Yes,1,na,0.0,0.0,997202.7972027973,11.5,49.5,62.0,,,,0.0,0.0,997202.7972027973,11.5,49.5,62.0,30.0,33.0,0.0,28.0,31.0,0.0,25.0,28.0,0.0,23.0,26.0,0.0,20.0,24.0,0.0,16.0,20.0,0.0,19.0,22.0,0.0,0.0,30.0,30.0,63.0,63.0,63.0,0.0,28.0,32.0,63.0,63.0,63.0,0.0,25.0,35.0,63.0,63.0,63.0,0.0,23.0,36.0,62.0,63.0,63.0,2.0,22.0,37.0,61.0,63.0,63.0,4.0,20.0,39.0,59.0,63.0,63.0,2.0,21.0,38.0,60.0,63.0,63.0,4.0,0.0,40.0,19.0,63.0,59.0,63.0,63.0,0.10472938286010884,2.3981927867882993,0.1687419399295398,0.0,30.0,160.0,996865.2037617555,998649.626235833,999662.4065589582,999807.0894622619,1000000.0,1000000.0,1000000.0,1000000.0,1000000.0,1000000.0,1000000.0,1000000.0,1000000.0,1000000.0,1000000.0,1000000.0,1000000.0,1000000.0,1000000.0,1000000.0,1000000.0,1000000.0,1000000.0,1000000.0,1000000.0,1000000.0,1000000.0,1000000.0,1000000.0,1000000.0,1000000.0,1000000.0,1000000.0,1000000.0,1000000.0,1000000.0,1000000.0,1000000.0,1000000.0,1000000.0,1000000.0,1000000.0,1000000.0,1000000.0,1000000.0,1000000.0,1000000.0,1000000.0,1000000.0,1000000.0,1000000.0,1000000.0,1000000.0,1000000.0,1000000.0,1000000.0,1000000.0,1000000.0,1000000.0,1000000.0,1000000.0,1000000.0,1000000.0,1000000.0,0.0,0.0,0.0,0.0,0.0,0.0,0.0,0.0,0.0,0.0,0.0,0.0,0.0,0.0,0.0,0.0,0.0,0.0,0.0,96.4552688690621,530.5039787798403,1205.690860863273,3279.479141548107,7089.462261876058,16493.850976609592,31974.921630094064,71521.58186640943,125777.6706052568,234820.35206173136,388473.5953701471,583506.1490233904,652471.6662647697,878369.9059561128,938268.6279238003,976850.7354714251,988955.8717144924,996575.8379551483,998987.2196768748,999855.3170966964,999951.7723655654,1000000.0,1000000.0,1000000.0,1000000.0,1000000.0,1000000.0,1000000.0,1000000.0,1000000.0,1000000.0,1000000.0,1000000.0,1000000.0,1000000.0,1000000.0,1000000.0,1000000.0,1000000.0,1000000.0,1000000.0,1000000.0,1000000.0,1000000.0,1000000.0,0.0,0.0,0.0,0.0,0.0,0.0,0.0,0.0,0.0,0.0,0.0,0.0,0.0,0.0,0.0,0.0,0.0,0.0,0.0,0.0,0.0,0.0,0.0,0.0,0.0,0.0,0.0,0.0,0.0,0.0,0.0,0.0,0.0,0.0,0.0,0.0,0.0,0.0,0.0,0.0,0.0,0.0,0.0,0.0,0.0,0.0,0.0,0.0,0.0,0.0,0.0,0.0,0.0,0.0,0.0,0.0,0.0,0.0,0.0,289.36580660718624,916.3250542560885,2797.202797202796,13793.103448275855,1000000.0,0.0,0.0,0.0,0.0,0.0,0.0,0.0,0.0,0.0,0.0,0.0,0.0,0.0,0.0,0.0,0.0,0.0,0.0,0.0,0.0,0.0,0.0,0.0,0.0,0.0,0.0,0.0,0.0,0.0,0.0,0.0,0.0,0.0,0.0,0.0,0.0,0.0,0.0,0.0,0.0,0.0,0.0,0.0,0.0,0.0,0.0,0.0,0.0,0.0,0.0,0.0,0.0,0.0,0.0,0.0,0.0,0.0,0.0,0.0,0.0,0.0,0.0,0.0,1000000.0
FLINT,MAGNUM03,F,na,na,na,na,2025_03_11-09_22_56,na,3,54,Yes,1,na,0.0,0.0,989004.0993489269,9.0,55.0,62.0,,,,0.0,0.0,989004.0993489269,9.0,55.0,62.0,30.0,33.0,0.0,28.0,31.0,0.0,25.0,28.0,0.0,22.0,25.0,0.0,19.0,23.0,0.0,16.0,21.0,0.0,17.0,22.0,0.0,0.0,30.0,30.0,63.0,63.0,63.0,0.0,28.0,32.0,63.0,63.0,63.0,0.0,25.0,34.0,62.0,63.0,63.0,1.0,23.0,36.0,61.0,63.0,63.0,3.0,22.0,37.0,60.0,63.0,63.0,4.0,20.0,38.0,59.0,63.0,63.0,4.0,21.0,37.0,59.0,63.0,63.0,5.0,0.0,52.0,13.0,63.0,58.0,63.0,63.0,0.20956406501465055,2.3083635503432434,0.30761340897708234,0.0,30.0,160.0,989823.9691343139,994453.8220400289,998070.8946226187,999180.1302146129,999903.5447311308,1000000.0,1000000.0,1000000.0,1000000.0,1000000.0,1000000.0,1000000.0,1000000.0,1000000.0,1000000.0,1000000.0,1000000.0,1000000.0,1000000.0,1000000.0,1000000.0,1000000.0,1000000.0,1000000.0,1000000.0,1000000.0,1000000.0,1000000.0,1000000.0,1000000.0,1000000.0,1000000.0,1000000.0,1000000.0,1000000.0,1000000.0,1000000.0,1000000.0,1000000.0,1000000.0,1000000.0,1000000.0,1000000.0,1000000.0,1000000.0,1000000.0,1000000.0,1000000.0,1000000.0,1000000.0,1000000.0,1000000.0,1000000.0,1000000.0,1000000.0,1000000.0,1000000.0,1000000.0,1000000.0,1000000.0,1000000.0,1000000.0,1000000.0,1000000.0,0.0,0.0,0.0,0.0,0.0,0.0,0.0,0.0,0.0,0.0,0.0,0.0,0.0,48.22763443453082,48.22763443453082,48.22763443453082,48.22763443453082,48.22763443453082,48.22763443453082,144.68290330359284,434.04870991077877,1205.690860863273,3183.023872679041,6558.958283096219,13310.827103930547,27634.43453098625,60959.72992524717,112129.25006028457,216011.57463226424,369520.1350373764,557704.3646009163,691198.456715698,867904.5092838196,936725.3436218954,978345.7921388955,993730.407523511,998649.626235833,999565.9512900892,1000000.0,1000000.0,1000000.0,1000000.0,1000000.0,1000000.0,1000000.0,1000000.0,1000000.0,1000000.0,1000000.0,1000000.0,1000000.0,1000000.0,1000000.0,1000000.0,1000000.0,1000000.0,1000000.0,1000000.0,1000000.0,1000000.0,1000000.0,1000000.0,1000000.0,1000000.0,0.0,0.0,0.0,0.0,0.0,0.0,0.0,0.0,0.0,0.0,0.0,0.0,0.0,0.0,0.0,0.0,0.0,0.0,0.0,0.0,0.0,0.0,0.0,0.0,0.0,0.0,0.0,0.0,0.0,0.0,0.0,0.0,0.0,0.0,0.0,0.0,0.0,0.0,0.0,0.0,0.0,0.0,0.0,0.0,0.0,0.0,0.0,0.0,0.0,0.0,0.0,0.0,0.0,0.0,0.0,0.0,0.0,0.0,144.68290330359284,675.1868820834334,2652.5198938992025,10995.900651073063,46009.16325054253,1000000.0,0.0,0.0,0.0,0.0,0.0,0.0,0.0,0.0,0.0,0.0,0.0,0.0,0.0,0.0,0.0,0.0,0.0,0.0,0.0,0.0,0.0,0.0,0.0,0.0,0.0,0.0,0.0,0.0,0.0,0.0,0.0,0.0,0.0,0.0,0.0,0.0,0.0,0.0,0.0,0.0,0.0,0.0,0.0,0.0,0.0,0.0,0.0,0.0,0.0,0.0,0.0,0.0,0.0,0.0,0.0,0.0,0.0,0.0,0.0,0.0,0.0,0.0,0.0,1000000.0
FLINT,MAGNUM03,F,na,na,na,na,2025_03_11-09_22_56,na,3,55,Yes,1,na,0.0,0.0,0.0,9.5,49.0,0.0,,,,0.0,0.0,0.0,9.5,49.0,0.0,30.0,33.0,0.0,28.0,30.0,0.0,25.0,28.0,0.0,20.0,26.0,0.0,17.0,22.0,0.0,12.0,20.0,0.0,14.0,22.0,0.0,0.0,30.0,30.0,63.0,63.0,63.0,0.0,28.0,33.0,63.0,63.0,63.0,0.0,25.0,35.0,63.0,63.0,63.0,2.0,22.0,36.0,62.0,63.0,63.0,3.0,20.0,38.0,60.0,63.0,63.0,5.0,17.0,39.0,59.0,63.0,63.0,4.0,18.0,38.0,60.0,63.0,63.0,8.0,0.0,40.0,11.0,63.0,58.0,63.0,0.0,0.2392259150245789,2.6097624421790186,0.1866243179607428,0.4374894505865458,30.0,160.0,986351.5794550277,993103.448275862,997829.756450446,999035.4473113093,999807.0894622619,999903.5447311308,1000000.0,1000000.0,1000000.0,1000000.0,1000000.0,1000000.0,1000000.0,1000000.0,1000000.0,1000000.0,1000000.0,1000000.0,1000000.0,1000000.0,1000000.0,1000000.0,1000000.0,1000000.0,1000000.0,1000000.0,1000000.0,1000000.0,1000000.0,1000000.0,1000000.0,1000000.0,1000000.0,1000000.0,1000000.0,1000000.0,1000000.0,1000000.0,1000000.0,1000000.0,1000000.0,1000000.0,1000000.0,1000000.0,1000000.0,1000000.0,1000000.0,1000000.0,1000000.0,1000000.0,1000000.0,1000000.0,1000000.0,1000000.0,1000000.0,1000000.0,1000000.0,1000000.0,1000000.0,1000000.0,1000000.0,1000000.0,1000000.0,1000000.0,0.0,0.0,0.0,0.0,0.0,0.0,0.0,0.0,0.0,0.0,0.0,48.22763443453082,48.22763443453082,48.22763443453082,48.22763443453082,48.22763443453082,96.4552688690621,289.36580660718624,578.7316132143711,964.5526886906189,1784.4224740776426,3424.1620448516924,6558.958283096219,11622.859898721968,21750.663129973454,39884.25367735713,74801.06100795757,120231.49264528576,219725.1024837231,351145.4063178201,521919.4598504943,609211.4781769954,829322.4017361947,907740.5353267421,961321.4371835061,982493.3687002652,994646.732577767,998022.6669881842,999565.9512900892,999951.7723655654,1000000.0,1000000.0,1000000.0,1000000.0,1000000.0,1000000.0,1000000.0,1000000.0,1000000.0,1000000.0,1000000.0,1000000.0,1000000.0,1000000.0,1000000.0,1000000.0,1000000.0,1000000.0,1000000.0,1000000.0,1000000.0,1000000.0,1000000.0,1000000.0,0.0,0.0,0.0,0.0,0.0,0.0,0.0,0.0,0.0,0.0,0.0,0.0,0.0,0.0,0.0,0.0,0.0,0.0,0.0,0.0,0.0,0.0,0.0,0.0,0.0,0.0,0.0,0.0,0.0,0.0,0.0,0.0,0.0,0.0,0.0,0.0,0.0,0.0,0.0,0.0,0.0,0.0,0.0,0.0,0.0,0.0,0.0,0.0,0.0,0.0,0.0,0.0,0.0,0.0,0.0,0.0,0.0,0.0,96.4552688690621,289.36580660718624,1446.829033035929,3761.755485893413,13793.103448275855,1000000.0,48.22763443453082,48.22763443453082,48.22763443453082,48.22763443453082,48.22763443453082,48.22763443453082,48.22763443453082,48.22763443453082,48.22763443453082,48.22763443453082,48.22763443453082,48.22763443453082,48.22763443453082,48.22763443453082,48.22763443453082,48.22763443453082,48.22763443453082,48.22763443453082,48.22763443453082,48.22763443453082,48.22763443453082,48.22763443453082,48.22763443453082,48.22763443453082,48.22763443453082,48.22763443453082,48.22763443453082,48.22763443453082,48.22763443453082,48.22763443453082,48.22763443453082,48.22763443453082,48.22763443453082,48.22763443453082,48.22763443453082,48.22763443453082,48.22763443453082,48.22763443453082,48.22763443453082,48.22763443453082,48.22763443453082,48.22763443453082,48.22763443453082,48.22763443453082,48.22763443453082,48.22763443453082,48.22763443453082,48.22763443453082,48.22763443453082,48.22763443453082,48.22763443453082,48.22763443453082,48.22763443453082,48.22763443453082,48.22763443453082,48.22763443453082,48.22763443453082,48.22763443453082,48.22763443453082,48.22763443453082,48.22763443453082,48.22763443453082,48.22763443453082,1000000.0
FLINT,MAGNUM03,F,na,na,na,na,2025_03_11-09_22_56,na,3,56,Yes,1,na,0.0,48.22763443453082,0.0,13.5,56.0,0.0,,,,0.0,48.22763443453082,0.0,13.5,56.0,0.0,32.0,31.0,0.0,30.0,29.0,0.0,25.0,25.0,0.0,20.0,23.0,0.0,16.0,20.0,0.0,11.0,5.0,0.0,14.0,16.0,0.0,0.0,32.0,32.0,63.0,63.0,63.0,0.0,30.0,34.0,63.0,63.0,63.0,1.0,26.0,37.0,62.0,63.0,63.0,4.0,24.0,38.0,61.0,63.0,63.0,6.0,22.0,40.0,60.0,63.0,63.0,7.0,18.0,53.0,58.0,63.0,63.0,6.0,20.0,42.0,58.0,63.0,63.0,13.0,0.0,56.0,14.0,63.0,56.0,63.0,0.0,0.5289847074624304,2.564294551389181,0.2992424196178261,0.4374894505865458,30.0,160.0,967639.2572944297,978297.564504461,987123.2216059802,991801.3021461297,995997.1063419338,998504.9433325295,999662.4065589582,999903.5447311308,999951.7723655654,1000000.0,1000000.0,1000000.0,1000000.0,1000000.0,1000000.0,1000000.0,1000000.0,1000000.0,1000000.0,1000000.0,1000000.0,1000000.0,1000000.0,1000000.0,1000000.0,1000000.0,1000000.0,1000000.0,1000000.0,1000000.0,1000000.0,1000000.0,1000000.0,1000000.0,1000000.0,1000000.0,1000000.0,1000000.0,1000000.0,1000000.0,1000000.0,1000000.0,1000000.0,1000000.0,1000000.0,1000000.0,1000000.0,1000000.0,1000000.0,1000000.0,1000000.0,1000000.0,1000000.0,1000000.0,1000000.0,1000000.0,1000000.0,1000000.0,1000000.0,1000000.0,1000000.0,1000000.0,1000000.0,1000000.0,0.0,0.0,0.0,0.0,0.0,0.0,0.0,0.0,0.0,0.0,0.0,0.0,0.0,0.0,48.22763443453082,48.22763443453082,96.4552688690621,96.4552688690621,241.13817217265407,385.82107547624787,723.414516517964,1061.0079575596806,2170.2435495538875,3761.755485893413,6751.868820834333,13310.827103930547,27779.117434289838,47697.13045575113,89751.62768266215,154135.5196527611,258789.48637569326,317723.65565469005,572654.9312756209,728430.190499156,867470.4605739088,935182.0593199903,973667.711598746,989438.1480588376,996624.0655895828,998215.5775259222,999083.6749457439,999469.4960212201,999614.1789245236,999710.6341933928,999758.8618278273,999758.8618278273,999855.3170966964,999855.3170966964,999855.3170966964,999855.3170966964,999855.3170966964,999855.3170966964,999855.3170966964,999903.5447311308,999951.7723655654,1000000.0,1000000.0,1000000.0,1000000.0,1000000.0,1000000.0,1000000.0,1000000.0,1000000.0,0.0,0.0,0.0,0.0,0.0,0.0,0.0,0.0,0.0,0.0,0.0,0.0,0.0,0.0,0.0,0.0,0.0,0.0,0.0,0.0,0.0,0.0,0.0,0.0,0.0,0.0,0.0,0.0,0.0,0.0,0.0,0.0,0.0,0.0,0.0,0.0,0.0,0.0,0.0,0.0,0.0,0.0,0.0,0.0,0.0,0.0,0.0,0.0,0.0,0.0,0.0,0.0,0.0,0.0,0.0,0.0,96.4552688690621,144.68290330359284,578.7316132143711,1205.690860863273,3279.479141548107,9693.754521340716,29563.539908367497,1000000.0,48.22763443453082,48.22763443453082,48.22763443453082,48.22763443453082,48.22763443453082,48.22763443453082,48.22763443453082,48.22763443453082,48.22763443453082,48.22763443453082,48.22763443453082,48.22763443453082,48.22763443453082,48.22763443453082,48.22763443453082,48.22763443453082,48.22763443453082,48.22763443453082,48.22763443453082,48.22763443453082,48.22763443453082,48.22763443453082,48.22763443453082,48.22763443453082,48.22763443453082,48.22763443453082,48.22763443453082,48.22763443453082,48.22763443453082,48.22763443453082,48.22763443453082,48.22763443453082,48.22763443453082,48.22763443453082,48.22763443453082,48.22763443453082,48.22763443453082,48.22763443453082,48.22763443453082,48.22763443453082,48.22763443453082,48.22763443453082,48.22763443453082,48.22763443453082,48.22763443453082,48.22763443453082,48.22763443453082,48.22763443453082,48.22763443453082,48.22763443453082,48.22763443453082,48.22763443453082,48.22763443453082,48.22763443453082,48.22763443453082,48.22763443453082,48.22763443453082,48.22763443453082,48.22763443453082,48.22763443453082,48.22763443453082,48.22763443453082,48.22763443453082,1000000.0
FLINT,MAGNUM03,F,na,na,na,na,2025_03_11-09_22_56,na,3,57,Yes,1,na,0.0,0.0,0.0,8.5,55.0,0.0,,,,0.0,0.0,0.0,8.5,55.0,0.0,32.0,31.0,0.0,30.0,29.0,0.0,25.0,26.0,0.0,21.0,24.0,0.0,18.0,21.0,0.0,13.0,13.0,0.0,16.0,19.0,0.0,0.0,32.0,32.0,63.0,63.0,63.0,0.0,30.0,34.0,63.0,63.0,63.0,2.0,27.0,36.0,62.0,63.0,63.0,4.0,25.0,37.0,61.0,63.0,63.0,5.0,23.0,39.0,60.0,63.0,63.0,7.0,20.0,46.0,59.0,63.0,63.0,6.0,22.0,40.0,59.0,63.0,63.0,8.0,0.0,52.0,9.0,63.0,58.0,63.0,0.0,0.5618060913092697,2.3213270483831745,0.3001907628209478,0.4374894505865458,30.0,160.0,956932.7224499638,970966.9640704123,984470.701712081,990113.3349409212,996816.9761273209,998890.7644080058,999710.6341933928,999903.5447311308,1000000.0,1000000.0,1000000.0,1000000.0,1000000.0,1000000.0,1000000.0,1000000.0,1000000.0,1000000.0,1000000.0,1000000.0,1000000.0,1000000.0,1000000.0,1000000.0,1000000.0,1000000.0,1000000.0,1000000.0,1000000.0,1000000.0,1000000.0,1000000.0,1000000.0,1000000.0,1000000.0,1000000.0,1000000.0,1000000.0,1000000.0,1000000.0,1000000.0,1000000.0,1000000.0,1000000.0,1000000.0,1000000.0,1000000.0,1000000.0,1000000.0,1000000.0,1000000.0,1000000.0,1000000.0,1000000.0,1000000.0,1000000.0,1000000.0,1000000.0,1000000.0,1000000.0,1000000.0,1000000.0,1000000.0,1000000.0,0.0,0.0,0.0,0.0,0.0,0.0,0.0,0.0,0.0,48.22763443453082,48.22763443453082,48.22763443453082,48.22763443453082,48.22763443453082,48.22763443453082,48.22763443453082,48.22763443453082,48.22763443453082,96.4552688690621,144.68290330359284,289.36580660718624,530.5039787798403,1061.0079575596806,1736.1948396431121,4002.8936580660734,7378.82806848324,17506.63129973476,33228.840125391835,67711.59874608151,129057.14974680482,236315.40872920182,300024.1138172173,573908.8497709187,735857.2462020738,877839.401977333,944345.3098625512,982493.3687002652,994212.6838678562,998504.9433325295,999324.8131179166,999565.9512900892,999662.4065589582,999710.6341933928,999710.6341933928,999758.8618278273,999807.0894622619,999903.5447311308,999951.7723655654,999951.7723655654,1000000.0,1000000.0,1000000.0,1000000.0,1000000.0,1000000.0,1000000.0,1000000.0,1000000.0,1000000.0,1000000.0,1000000.0,1000000.0,1000000.0,1000000.0,0.0,0.0,0.0,0.0,0.0,0.0,0.0,0.0,0.0,0.0,0.0,0.0,0.0,0.0,0.0,0.0,0.0,0.0,0.0,0.0,0.0,0.0,0.0,0.0,0.0,0.0,0.0,0.0,0.0,0.0,0.0,0.0,0.0,0.0,0.0,0.0,0.0,0.0,0.0,0.0,0.0,0.0,0.0,0.0,0.0,0.0,0.0,0.0,0.0,0.0,0.0,0.0,0.0,0.0,0.0,0.0,0.0,0.0,96.4552688690621,675.1868820834334,3279.479141548107,10561.851941162287,39353.74969857731,1000000.0,48.22763443453082,48.22763443453082,48.22763443453082,48.22763443453082,48.22763443453082,48.22763443453082,48.22763443453082,48.22763443453082,48.22763443453082,48.22763443453082,48.22763443453082,48.22763443453082,48.22763443453082,48.22763443453082,48.22763443453082,48.22763443453082,48.22763443453082,48.22763443453082,48.22763443453082,48.22763443453082,48.22763443453082,48.22763443453082,48.22763443453082,48.22763443453082,48.22763443453082,48.22763443453082,48.22763443453082,48.22763443453082,48.22763443453082,48.22763443453082,48.22763443453082,48.22763443453082,48.22763443453082,48.22763443453082,48.22763443453082,48.22763443453082,48.22763443453082,48.22763443453082,48.22763443453082,48.22763443453082,48.22763443453082,48.22763443453082,48.22763443453082,48.22763443453082,48.22763443453082,48.22763443453082,48.22763443453082,48.22763443453082,48.22763443453082,48.22763443453082,48.22763443453082,48.22763443453082,48.22763443453082,48.22763443453082,48.22763443453082,48.22763443453082,48.22763443453082,48.22763443453082,48.22763443453082,48.22763443453082,48.22763443453082,48.22763443453082,48.22763443453082,1000000.0
FLINT,MAGNUM03,F,na,na,na,na,2025_03_11-09_22_56,na,3,58,Yes,1,na,0.0,0.0,0.0,12.5,57.0,0.0,,,,0.0,0.0,0.0,12.5,57.0,0.0,31.0,32.0,0.0,28.0,30.0,0.0,26.0,28.0,0.0,22.0,27.0,0.0,18.0,25.0,0.0,13.0,21.0,0.0,15.0,24.0,0.0,0.0,31.0,31.0,63.0,63.0,63.0,0.0,28.0,33.0,63.0,63.0,63.0,0.0,26.0,35.0,63.0,63.0,63.0,2.0,24.0,36.0,63.0,63.0,63.0,4.0,22.0,38.0,63.0,63.0,63.0,6.0,19.0,40.0,61.0,63.0,63.0,5.0,20.0,38.0,62.0,63.0,63.0,8.0,0.0,54.0,17.0,63.0,60.0,63.0,0.0,0.32687794382178026,2.3823981831044168,0.04907725486988598,0.4374894505865458,30.0,160.0,987943.0913913671,991753.0745116952,994405.5944055944,996624.0655895828,998794.3091391367,999614.1789245236,999903.5447311308,1000000.0,1000000.0,1000000.0,1000000.0,1000000.0,1000000.0,1000000.0,1000000.0,1000000.0,1000000.0,1000000.0,1000000.0,1000000.0,1000000.0,1000000.0,1000000.0,1000000.0,1000000.0,1000000.0,1000000.0,1000000.0,1000000.0,1000000.0,1000000.0,1000000.0,1000000.0,1000000.0,1000000.0,1000000.0,1000000.0,1000000.0,1000000.0,1000000.0,1000000.0,1000000.0,1000000.0,1000000.0,1000000.0,1000000.0,1000000.0,1000000.0,1000000.0,1000000.0,1000000.0,1000000.0,1000000.0,1000000.0,1000000.0,1000000.0,1000000.0,1000000.0,1000000.0,1000000.0,1000000.0,1000000.0,1000000.0,1000000.0,0.0,0.0,0.0,0.0,0.0,0.0,0.0,0.0,0.0,0.0,0.0,0.0,0.0,0.0,0.0,0.0,0.0,48.22763443453082,96.4552688690621,434.04870991077877,578.7316132143711,868.0974198215577,1687.967205208584,4340.487099107789,10417.169037858685,21220.159151193613,47407.76464914397,85845.18929346518,174198.2155775259,304605.73908849776,477550.03617072577,595177.2365565469,805980.2266698817,900072.3414516518,961755.4858934169,983747.2871955631,994887.8707499397,998504.9433325295,999662.4065589582,999807.0894622619,999903.5447311308,999903.5447311308,999951.7723655654,999951.7723655654,1000000.0,1000000.0,1000000.0,1000000.0,1000000.0,1000000.0,1000000.0,1000000.0,1000000.0,1000000.0,1000000.0,1000000.0,1000000.0,1000000.0,1000000.0,1000000.0,1000000.0,1000000.0,1000000.0,1000000.0,0.0,0.0,0.0,0.0,0.0,0.0,0.0,0.0,0.0,0.0,0.0,0.0,0.0,0.0,0.0,0.0,0.0,0.0,0.0,0.0,0.0,0.0,0.0,0.0,0.0,0.0,0.0,0.0,0.0,0.0,0.0,0.0,0.0,0.0,0.0,0.0,0.0,0.0,0.0,0.0,0.0,0.0,0.0,0.0,0.0,0.0,0.0,0.0,0.0,0.0,0.0,0.0,0.0,0.0,0.0,0.0,0.0,0.0,0.0,0.0,48.22763443453082,289.36580660718624,1302.1461297323344,1000000.0,48.22763443453082,48.22763443453082,48.22763443453082,48.22763443453082,48.22763443453082,48.22763443453082,48.22763443453082,48.22763443453082,48.22763443453082,48.22763443453082,48.22763443453082,48.22763443453082,48.22763443453082,48.22763443453082,48.22763443453082,48.22763443453082,48.22763443453082,48.22763443453082,48.22763443453082,48.22763443453082,48.22763443453082,48.22763443453082,48.22763443453082,48.22763443453082,48.22763443453082,48.22763443453082,48.22763443453082,48.22763443453082,48.22763443453082,48.22763443453082,48.22763443453082,48.22763443453082,48.22763443453082,48.22763443453082,48.22763443453082,48.22763443453082,48.22763443453082,48.22763443453082,48.22763443453082,48.22763443453082,48.22763443453082,48.22763443453082,48.22763443453082,48.22763443453082,48.22763443453082,48.22763443453082,48.22763443453082,48.22763443453082,48.22763443453082,48.22763443453082,48.22763443453082,48.22763443453082,48.22763443453082,48.22763443453082,48.22763443453082,48.22763443453082,48.22763443453082,48.22763443453082,48.22763443453082,48.22763443453082,48.22763443453082,48.22763443453082,48.22763443453082,1000000.0
FLINT,MAGNUM03,F,na,na,na,na,2025_03_11-09_22_56,na,3,59,Yes,1,na,0.0,916.3250542560967,984567.1569809502,13.5,58.0,62.0,,,,0.0,1205.690860863306,984567.1569809502,13.5,58.0,62.0,33.0,30.0,0.0,31.0,28.0,0.0,26.0,25.0,0.0,22.0,13.0,0.0,19.0,4.0,0.0,14.0,-3.0,0.0,17.0,-1.0,0.0,0.0,33.0,33.0,63.0,63.0,63.0,0.0,31.0,35.0,63.0,63.0,63.0,2.0,28.0,37.0,62.0,63.0,63.0,4.0,26.0,48.0,61.0,63.0,63.0,6.0,25.0,56.0,60.0,63.0,63.0,8.0,22.0,61.0,58.0,63.0,63.0,7.0,24.0,60.0,59.0,63.0,63.0,10.0,0.0,63.0,17.0,63.0,58.0,63.0,63.0,0.6608745551140105,2.850928882968021,0.35469946288510096,0.0,30.0,160.0,942560.8873884735,962285.9898721967,978201.1092355918,986496.2623583314,994502.0496744635,998312.0327947914,999469.4960212201,999855.3170966964,1000000.0,1000000.0,1000000.0,1000000.0,1000000.0,1000000.0,1000000.0,1000000.0,1000000.0,1000000.0,1000000.0,1000000.0,1000000.0,1000000.0,1000000.0,1000000.0,1000000.0,1000000.0,1000000.0,1000000.0,1000000.0,1000000.0,1000000.0,1000000.0,1000000.0,1000000.0,1000000.0,1000000.0,1000000.0,1000000.0,1000000.0,1000000.0,1000000.0,1000000.0,1000000.0,1000000.0,1000000.0,1000000.0,1000000.0,1000000.0,1000000.0,1000000.0,1000000.0,1000000.0,1000000.0,1000000.0,1000000.0,1000000.0,1000000.0,1000000.0,1000000.0,1000000.0,1000000.0,1000000.0,1000000.0,1000000.0,0.0,0.0,0.0,0.0,0.0,0.0,0.0,0.0,0.0,0.0,0.0,0.0,0.0,0.0,0.0,0.0,0.0,48.22763443453082,48.22763443453082,48.22763443453082,96.4552688690621,144.68290330359284,289.36580660718624,530.5039787798403,964.5526886906189,2507.836990595609,6317.820110923553,14950.566674704614,31492.64528574873,68290.33035929587,136628.88835302638,182879.18977574146,422425.8500120569,606944.7793585723,792765.8548348203,897516.2768266216,955678.803954666,977622.3776223776,983457.9213889558,985290.571497468,986448.0347238968,987412.5874125873,988714.7335423196,989534.6033277067,990354.4731130938,991270.7981673499,992138.8955871714,993006.993006993,993923.318061249,994598.5049433325,995755.9681697612,996238.2445141064,996865.2037617555,997395.7077405354,998022.6669881842,998456.7156980949,998794.3091391367,999083.6749457439,999324.8131179166,999421.2683867855,999758.8618278273,999903.5447311308,999951.7723655654,1000000.0,0.0,0.0,0.0,0.0,0.0,0.0,0.0,0.0,0.0,0.0,0.0,0.0,0.0,0.0,0.0,0.0,0.0,0.0,0.0,0.0,0.0,0.0,0.0,0.0,0.0,0.0,0.0,0.0,0.0,0.0,0.0,0.0,0.0,0.0,0.0,0.0,0.0,0.0,0.0,0.0,0.0,0.0,0.0,0.0,0.0,0.0,0.0,0.0,0.0,0.0,0.0,0.0,0.0,0.0,0.0,0.0,0.0,0.0,385.82107547624787,1205.690860863273,5063.901615625751,15432.843019049933,47070.171208102285,1000000.0,0.0,0.0,0.0,0.0,0.0,0.0,0.0,0.0,0.0,0.0,0.0,0.0,0.0,0.0,0.0,0.0,0.0,0.0,0.0,0.0,0.0,0.0,0.0,0.0,0.0,0.0,0.0,0.0,0.0,0.0,0.0,0.0,0.0,0.0,0.0,0.0,0.0,0.0,0.0,0.0,0.0,0.0,0.0,0.0,0.0,0.0,0.0,0.0,0.0,0.0,0.0,0.0,0.0,0.0,0.0,0.0,0.0,0.0,0.0,0.0,0.0,0.0,0.0,1000000.0
FLINT,MAGNUM03,F,na,na,na,na,2025_03_11-09_22_56,na,3,60,Yes,1,na,48.22763443453082,0.0,0.0,12.0,49.0,0.0,,,,48.22763443453082,0.0,0.0,12.0,49.0,0.0,30.0,33.0,0.0,28.0,30.0,0.0,25.0,26.0,0.0,21.0,24.0,0.0,16.0,21.0,0.0,9.0,18.0,0.0,11.0,18.0,0.0,0.0,30.0,30.0,63.0,63.0,63.0,0.0,28.0,33.0,63.0,63.0,63.0,0.0,25.0,36.0,62.0,63.0,63.0,2.0,23.0,37.0,61.0,63.0,63.0,4.0,20.0,38.0,59.0,63.0,63.0,8.0,17.0,40.0,58.0,63.0,63.0,6.0,17.0,40.0,58.0,63.0,63.0,10.0,0.0,41.0,7.0,63.0,57.0,63.0,0.0,0.34756797289761243,2.6663001440458824,0.32551424247442934,0.4374894505865458,30.0,160.0,982734.5068724379,989245.2375210995,994839.6431155051,997058.1142994935,998890.7644080058,999373.040752351,999807.0894622619,999855.3170966964,1000000.0,1000000.0,1000000.0,1000000.0,1000000.0,1000000.0,1000000.0,1000000.0,1000000.0,1000000.0,1000000.0,1000000.0,1000000.0,1000000.0,1000000.0,1000000.0,1000000.0,1000000.0,1000000.0,1000000.0,1000000.0,1000000.0,1000000.0,1000000.0,1000000.0,1000000.0,1000000.0,1000000.0,1000000.0,1000000.0,1000000.0,1000000.0,1000000.0,1000000.0,1000000.0,1000000.0,1000000.0,1000000.0,1000000.0,1000000.0,1000000.0,1000000.0,1000000.0,1000000.0,1000000.0,1000000.0,1000000.0,1000000.0,1000000.0,1000000.0,1000000.0,1000000.0,1000000.0,1000000.0,1000000.0,1000000.0,0.0,0.0,0.0,0.0,0.0,0.0,0.0,48.22763443453082,48.22763443453082,48.22763443453082,48.22763443453082,48.22763443453082,48.22763443453082,48.22763443453082,96.4552688690621,192.91053773812425,192.91053773812425,578.7316132143711,723.414516517964,1157.4632264287443,1880.8777429467057,3231.251507113574,5594.405594405593,10272.48613455508,19098.143236074284,36749.4574391126,68483.24089703396,114251.26597540386,209163.25054256085,339184.9529780564,507306.48661683145,574101.7603086568,809018.5676392573,892934.651555341,949891.4878225223,975934.410417169,990836.7494574391,996382.9274174101,998746.0815047021,999324.8131179166,999903.5447311308,1000000.0,1000000.0,1000000.0,1000000.0,1000000.0,1000000.0,1000000.0,1000000.0,1000000.0,1000000.0,1000000.0,1000000.0,1000000.0,1000000.0,1000000.0,1000000.0,1000000.0,1000000.0,1000000.0,1000000.0,1000000.0,1000000.0,1000000.0,0.0,0.0,0.0,0.0,0.0,0.0,0.0,0.0,0.0,0.0,0.0,0.0,0.0,0.0,0.0,0.0,0.0,0.0,0.0,0.0,0.0,0.0,0.0,0.0,0.0,0.0,0.0,0.0,0.0,0.0,0.0,0.0,0.0,0.0,0.0,0.0,0.0,0.0,0.0,0.0,0.0,0.0,0.0,0.0,0.0,0.0,0.0,0.0,0.0,0.0,0.0,0.0,0.0,0.0,0.0,0.0,0.0,96.4552688690621,626.959247648901,1398.601398601398,4485.170002411382,11815.770436460101,34386.30335182058,1000000.0,48.22763443453082,48.22763443453082,48.22763443453082,48.22763443453082,48.22763443453082,48.22763443453082,48.22763443453082,48.22763443453082,48.22763443453082,48.22763443453082,48.22763443453082,48.22763443453082,48.22763443453082,48.22763443453082,48.22763443453082,48.22763443453082,48.22763443453082,48.22763443453082,48.22763443453082,48.22763443453082,48.22763443453082,48.22763443453082,48.22763443453082,48.22763443453082,48.22763443453082,48.22763443453082,48.22763443453082,48.22763443453082,48.22763443453082,48.22763443453082,48.22763443453082,48.22763443453082,48.22763443453082,48.22763443453082,48.22763443453082,48.22763443453082,48.22763443453082,48.22763443453082,48.22763443453082,48.22763443453082,48.22763443453082,48.22763443453082,48.22763443453082,48.22763443453082,48.22763443453082,48.22763443453082,48.22763443453082,48.22763443453082,48.22763443453082,48.22763443453082,48.22763443453082,48.22763443453082,48.22763443453082,48.22763443453082,48.22763443453082,48.22763443453082,48.22763443453082,48.22763443453082,48.22763443453082,48.22763443453082,48.22763443453082,48.22763443453082,48.22763443453082,1000000.0
FLINT,MAGNUM03,F,na,na,na,na,2025_03_11-09_22_56,na,3,61,Yes,1,na,0.0,0.0,992765.8548348204,9.5,53.5,62.0,,,,0.0,0.0,992765.8548348204,9.5,53.5,62.0,32.0,31.0,0.0,29.0,29.0,0.0,24.0,26.0,0.0,20.0,24.0,0.0,17.0,21.0,0.0,13.0,11.0,0.0,15.0,20.0,0.0,0.0,32.0,32.0,63.0,63.0,63.0,0.0,29.0,34.0,63.0,63.0,63.0,2.0,26.0,36.0,62.0,63.0,63.0,4.0,24.0,37.0,61.0,63.0,63.0,5.0,22.0,39.0,60.0,63.0,63.0,7.0,20.0,48.0,59.0,63.0,63.0,6.0,21.0,40.0,60.0,63.0,63.0,9.0,0.0,49.0,10.0,63.0,58.0,63.0,63.0,0.5233962909312874,2.4509659886893855,0.24870707154512314,0.0,30.0,160.0,967735.7125632988,976898.9631058596,986592.7176272003,990933.2047263081,996624.0655895828,999035.4473113093,999758.8618278273,999951.7723655654,1000000.0,1000000.0,1000000.0,1000000.0,1000000.0,1000000.0,1000000.0,1000000.0,1000000.0,1000000.0,1000000.0,1000000.0,1000000.0,1000000.0,1000000.0,1000000.0,1000000.0,1000000.0,1000000.0,1000000.0,1000000.0,1000000.0,1000000.0,1000000.0,1000000.0,1000000.0,1000000.0,1000000.0,1000000.0,1000000.0,1000000.0,1000000.0,1000000.0,1000000.0,1000000.0,1000000.0,1000000.0,1000000.0,1000000.0,1000000.0,1000000.0,1000000.0,1000000.0,1000000.0,1000000.0,1000000.0,1000000.0,1000000.0,1000000.0,1000000.0,1000000.0,1000000.0,1000000.0,1000000.0,1000000.0,1000000.0,0.0,0.0,0.0,0.0,0.0,0.0,0.0,0.0,0.0,0.0,48.22763443453082,48.22763443453082,48.22763443453082,48.22763443453082,48.22763443453082,48.22763443453082,48.22763443453082,96.4552688690621,96.4552688690621,144.68290330359284,434.04870991077877,723.414516517964,1591.5119363395213,2893.6580660718573,6944.779358572451,13986.013986014003,29611.76754280201,53050.39787798404,103158.91005546169,185435.25440077164,306293.70629370626,364842.0544972269,651700.0241138173,795707.7405353265,908705.0880154328,956884.4948155293,984952.9780564263,995563.0576320231,998360.2604292259,999373.040752351,999710.6341933928,999710.6341933928,999758.8618278273,999807.0894622619,999855.3170966964,999855.3170966964,999855.3170966964,999855.3170966964,999903.5447311308,1000000.0,1000000.0,1000000.0,1000000.0,1000000.0,1000000.0,1000000.0,1000000.0,1000000.0,1000000.0,1000000.0,1000000.0,1000000.0,1000000.0,1000000.0,0.0,0.0,0.0,0.0,0.0,0.0,0.0,0.0,0.0,0.0,0.0,0.0,0.0,0.0,0.0,0.0,0.0,0.0,0.0,0.0,0.0,0.0,0.0,0.0,0.0,0.0,0.0,0.0,0.0,0.0,0.0,0.0,0.0,0.0,0.0,0.0,0.0,0.0,0.0,0.0,0.0,0.0,0.0,0.0,0.0,0.0,0.0,0.0,0.0,0.0,0.0,0.0,0.0,0.0,0.0,0.0,0.0,0.0,96.4552688690621,385.82107547624787,2170.2435495538875,7234.145165179647,27103.930552206417,1000000.0,0.0,0.0,0.0,0.0,0.0,0.0,0.0,0.0,0.0,0.0,0.0,0.0,0.0,0.0,0.0,0.0,0.0,0.0,0.0,0.0,0.0,0.0,0.0,0.0,0.0,0.0,0.0,0.0,0.0,0.0,0.0,0.0,0.0,0.0,0.0,0.0,0.0,0.0,0.0,0.0,0.0,0.0,0.0,0.0,0.0,0.0,0.0,0.0,0.0,0.0,0.0,0.0,0.0,0.0,0.0,0.0,0.0,0.0,0.0,0.0,0.0,0.0,0.0,1000000.0
FLINT,MAGNUM03,F,na,na,na,na,2025_03_11-09_22_56,na,3,62,Yes,1,na,0.0,48.22763443453082,945985.0494333253,13.5,55.0,62.0,,,,0.0,48.22763443453082,945985.0494333253,13.5,55.0,62.0,32.0,31.0,0.0,29.0,30.0,0.0,25.0,25.0,0.0,20.0,23.0,0.0,18.0,20.0,0.0,15.0,5.0,0.0,16.0,9.0,0.0,0.0,32.0,32.0,63.0,63.0,63.0,0.0,29.0,33.0,63.0,63.0,63.0,1.0,26.0,36.0,61.0,63.0,63.0,4.0,24.0,37.0,60.0,63.0,63.0,5.0,23.0,39.0,59.0,63.0,63.0,6.0,21.0,52.0,57.0,63.0,63.0,6.0,22.0,49.0,58.0,63.0,63.0,8.0,0.0,58.0,19.0,63.0,55.0,63.0,63.0,0.4939304549893075,2.4613304548055,0.6332816720383319,0.0,30.0,160.0,968073.3060043404,977911.7434289848,987364.3597781529,992572.9442970823,997251.0248372317,999373.040752351,999903.5447311308,999951.7723655654,1000000.0,1000000.0,1000000.0,1000000.0,1000000.0,1000000.0,1000000.0,1000000.0,1000000.0,1000000.0,1000000.0,1000000.0,1000000.0,1000000.0,1000000.0,1000000.0,1000000.0,1000000.0,1000000.0,1000000.0,1000000.0,1000000.0,1000000.0,1000000.0,1000000.0,1000000.0,1000000.0,1000000.0,1000000.0,1000000.0,1000000.0,1000000.0,1000000.0,1000000.0,1000000.0,1000000.0,1000000.0,1000000.0,1000000.0,1000000.0,1000000.0,1000000.0,1000000.0,1000000.0,1000000.0,1000000.0,1000000.0,1000000.0,1000000.0,1000000.0,1000000.0,1000000.0,1000000.0,1000000.0,1000000.0,1000000.0,0.0,0.0,0.0,0.0,0.0,0.0,0.0,0.0,0.0,0.0,0.0,0.0,0.0,0.0,0.0,0.0,0.0,0.0,0.0,48.22763443453082,96.4552688690621,482.27634434531,1157.4632264287443,2507.836990595609,7619.966240655894,16831.444417651295,34675.66915842777,65927.17627200387,133397.63684591255,244272.9684108994,396672.2932240173,499831.2032794791,730648.6616831445,850012.0569086086,938943.8148058838,975018.0853629129,991897.7574149987,996816.9761273209,998408.4880636605,998987.2196768748,999035.4473113093,999035.4473113093,999131.9025801783,999180.1302146129,999276.585483482,999324.8131179166,999373.040752351,999421.2683867855,999421.2683867855,999565.9512900892,999662.4065589582,999662.4065589582,999903.5447311308,999903.5447311308,999951.7723655654,999951.7723655654,1000000.0,1000000.0,1000000.0,1000000.0,1000000.0,1000000.0,1000000.0,1000000.0,0.0,0.0,0.0,0.0,0.0,0.0,0.0,0.0,0.0,0.0,0.0,0.0,0.0,0.0,0.0,0.0,0.0,0.0,0.0,0.0,0.0,0.0,0.0,0.0,0.0,0.0,0.0,0.0,0.0,0.0,0.0,0.0,0.0,0.0,0.0,0.0,0.0,0.0,0.0,0.0,0.0,0.0,0.0,0.0,0.0,0.0,0.0,0.0,0.0,0.0,0.0,0.0,0.0,0.0,0.0,96.4552688690621,144.68290330359284,289.36580660718624,1302.1461297323344,4340.487099107789,18471.183988425386,54014.950566674685,150614.9023390403,1000000.0,0.0,0.0,0.0,0.0,0.0,0.0,0.0,0.0,0.0,0.0,0.0,0.0,0.0,0.0,0.0,0.0,0.0,0.0,0.0,0.0,0.0,0.0,0.0,0.0,0.0,0.0,0.0,0.0,0.0,0.0,0.0,0.0,0.0,0.0,0.0,0.0,0.0,0.0,0.0,0.0,0.0,0.0,0.0,0.0,0.0,0.0,0.0,0.0,0.0,0.0,0.0,0.0,0.0,0.0,0.0,0.0,0.0,0.0,0.0,0.0,0.0,0.0,0.0,1000000.0
FLINT,MAGNUM03,F,na,na,na,na,2025_03_11-09_22_56,na,3,63,Yes,1,na,0.0,0.0,999324.8131179166,13.0,58.0,62.0,,,,0.0,0.0,999324.8131179166,13.0,58.0,62.0,32.0,31.0,0.0,30.0,29.0,0.0,27.0,26.0,0.0,21.0,24.0,0.0,16.0,12.0,0.0,10.0,-3.0,0.0,15.0,6.0,0.0,0.0,32.0,32.0,63.0,63.0,63.0,0.0,30.0,34.0,63.0,63.0,63.0,0.0,27.0,37.0,63.0,63.0,63.0,4.0,25.0,39.0,63.0,63.0,63.0,6.0,22.0,50.0,62.0,63.0,63.0,9.0,19.0,63.0,60.0,63.0,63.0,7.0,22.0,55.0,61.0,63.0,63.0,18.0,0.0,63.0,13.0,63.0,58.0,63.0,63.0,0.4826099735578384,2.6317365410240368,0.08552548765493002,0.0,30.0,160.0,980081.9869785387,984952.9780564263,990402.7007475282,993489.2693513383,996768.7484928863,998360.2604292259,999517.7236556546,999710.6341933928,999855.3170966964,999903.5447311308,1000000.0,1000000.0,1000000.0,1000000.0,1000000.0,1000000.0,1000000.0,1000000.0,1000000.0,1000000.0,1000000.0,1000000.0,1000000.0,1000000.0,1000000.0,1000000.0,1000000.0,1000000.0,1000000.0,1000000.0,1000000.0,1000000.0,1000000.0,1000000.0,1000000.0,1000000.0,1000000.0,1000000.0,1000000.0,1000000.0,1000000.0,1000000.0,1000000.0,1000000.0,1000000.0,1000000.0,1000000.0,1000000.0,1000000.0,1000000.0,1000000.0,1000000.0,1000000.0,1000000.0,1000000.0,1000000.0,1000000.0,1000000.0,1000000.0,1000000.0,1000000.0,1000000.0,1000000.0,1000000.0,0.0,0.0,0.0,0.0,0.0,0.0,0.0,0.0,0.0,0.0,0.0,0.0,0.0,48.22763443453082,48.22763443453082,48.22763443453082,48.22763443453082,96.4552688690621,144.68290330359284,241.13817217265407,289.36580660718624,530.5039787798403,1398.601398601398,2266.6988184229576,4292.259464673261,9741.98215577526,20544.972269110207,36074.27055702915,67952.73691825409,119604.53339763683,213262.599469496,291294.9119845671,525391.8495297806,692597.0581142996,844031.8302387268,923318.0612490957,969037.858693031,986013.9860139859,993489.2693513383,995948.8787074994,997009.886665059,997443.9353749697,997588.6182782734,997733.301181577,997781.5288160116,997877.9840848806,998119.1222570533,998215.5775259222,998408.4880636605,998553.1709669641,998746.0815047021,998842.5367735712,999035.4473113093,999180.1302146129,999421.2683867855,999565.9512900892,999614.1789245236,999662.4065589582,999662.4065589582,999710.6341933928,999758.8618278273,999758.8618278273,999807.0894622619,1000000.0,0.0,0.0,0.0,0.0,0.0,0.0,0.0,0.0,0.0,0.0,0.0,0.0,0.0,0.0,0.0,0.0,0.0,0.0,0.0,0.0,0.0,0.0,0.0,0.0,0.0,0.0,0.0,0.0,0.0,0.0,0.0,0.0,0.0,0.0,0.0,0.0,0.0,0.0,0.0,0.0,0.0,0.0,0.0,0.0,0.0,0.0,0.0,0.0,0.0,0.0,0.0,0.0,0.0,0.0,0.0,0.0,0.0,0.0,48.22763443453082,48.22763443453082,337.59344104171646,675.1868820834334,2845.4304316373314,1000000.0,0.0,0.0,0.0,0.0,0.0,0.0,0.0,0.0,0.0,0.0,0.0,0.0,0.0,0.0,0.0,0.0,0.0,0.0,0.0,0.0,0.0,0.0,0.0,0.0,0.0,0.0,0.0,0.0,0.0,0.0,0.0,0.0,0.0,0.0,0.0,0.0,0.0,0.0,0.0,0.0,0.0,0.0,0.0,0.0,0.0,0.0,0.0,0.0,0.0,0.0,0.0,0.0,0.0,0.0,0.0,0.0,0.0,0.0,0.0,0.0,0.0,0.0,0.0,1000000.0
FLINT,MAGNUM03,F,na,na,na,na,2025_03_11-09_22_56,na,3,64,Yes,1,na,0.0,0.0,989293.4651555342,13.5,56.0,62.0,,,,0.0,0.0,989293.4651555342,13.5,56.0,62.0,32.0,31.0,0.0,29.0,29.0,0.0,26.0,26.0,0.0,22.0,23.0,0.0,17.0,17.0,0.0,15.0,3.0,0.0,15.0,10.0,0.0,0.0,32.0,32.0,63.0,63.0,63.0,0.0,29.0,34.0,63.0,63.0,63.0,0.0,26.0,36.0,62.0,63.0,63.0,2.0,24.0,38.0,61.0,63.0,63.0,5.0,22.0,43.0,60.0,63.0,63.0,6.0,21.0,55.0,58.0,63.0,63.0,6.0,21.0,49.0,59.0,63.0,63.0,11.0,0.0,61.0,16.0,63.0,56.0,63.0,63.0,0.3586407716193116,2.5202486702072906,0.3068286212361712,0.0,30.0,160.0,984760.0675186882,989872.1967687485,994019.7733301182,996190.0168796721,998360.2604292259,999517.7236556546,999903.5447311308,999951.7723655654,1000000.0,1000000.0,1000000.0,1000000.0,1000000.0,1000000.0,1000000.0,1000000.0,1000000.0,1000000.0,1000000.0,1000000.0,1000000.0,1000000.0,1000000.0,1000000.0,1000000.0,1000000.0,1000000.0,1000000.0,1000000.0,1000000.0,1000000.0,1000000.0,1000000.0,1000000.0,1000000.0,1000000.0,1000000.0,1000000.0,1000000.0,1000000.0,1000000.0,1000000.0,1000000.0,1000000.0,1000000.0,1000000.0,1000000.0,1000000.0,1000000.0,1000000.0,1000000.0,1000000.0,1000000.0,1000000.0,1000000.0,1000000.0,1000000.0,1000000.0,1000000.0,1000000.0,1000000.0,1000000.0,1000000.0,1000000.0,0.0,0.0,0.0,0.0,0.0,0.0,0.0,0.0,0.0,0.0,0.0,0.0,0.0,0.0,0.0,0.0,48.22763443453082,48.22763443453082,96.4552688690621,96.4552688690621,96.4552688690621,626.959247648901,1495.056667470457,2893.6580660718573,6317.820110923553,13407.2823727996,29515.312273932934,57583.79551482999,106486.6168314444,193682.17988907645,324668.4350132626,467277.5500361707,675572.70315891,807957.5596816976,914106.5830721003,960983.8437424643,985338.7991319025,993682.1798890764,996624.0655895828,997540.3906438388,998167.3498914879,998263.8051603568,998504.9433325295,998746.0815047021,998938.9920424403,999035.4473113093,999228.3578490474,999228.3578490474,999421.2683867855,999565.9512900892,999614.1789245236,999662.4065589582,999710.6341933928,999758.8618278273,999855.3170966964,999903.5447311308,999903.5447311308,999951.7723655654,999951.7723655654,999951.7723655654,1000000.0,1000000.0,1000000.0,1000000.0,0.0,0.0,0.0,0.0,0.0,0.0,0.0,0.0,0.0,0.0,0.0,0.0,0.0,0.0,0.0,0.0,0.0,0.0,0.0,0.0,0.0,0.0,0.0,0.0,0.0,0.0,0.0,0.0,0.0,0.0,0.0,0.0,0.0,0.0,0.0,0.0,0.0,0.0,0.0,0.0,0.0,0.0,0.0,0.0,0.0,0.0,0.0,0.0,0.0,0.0,0.0,0.0,0.0,0.0,0.0,0.0,48.22763443453082,96.4552688690621,289.36580660718624,868.0974198215577,3617.07258258982,10706.534844465874,36267.1810947673,1000000.0,0.0,0.0,0.0,0.0,0.0,0.0,0.0,0.0,0.0,0.0,0.0,0.0,0.0,0.0,0.0,0.0,0.0,0.0,0.0,0.0,0.0,0.0,0.0,0.0,0.0,0.0,0.0,0.0,0.0,0.0,0.0,0.0,0.0,0.0,0.0,0.0,0.0,0.0,0.0,0.0,0.0,0.0,0.0,0.0,0.0,0.0,0.0,0.0,0.0,0.0,0.0,0.0,0.0,0.0,0.0,0.0,0.0,0.0,0.0,0.0,0.0,0.0,0.0,1000000.0
FLINT,MAGNUM03,F,na,na,na,na,2025_03_11-09_22_56,na,3,65,Yes,1,na,0.0,0.0,994357.3667711599,15.0,53.5,62.0,,,,0.0,0.0,994357.3667711599,15.0,53.5,62.0,32.0,31.0,0.0,30.0,29.0,0.0,25.0,27.0,0.0,20.0,24.0,0.0,16.0,21.0,0.0,11.0,12.0,0.0,14.0,18.0,0.0,0.0,32.0,32.0,63.0,63.0,63.0,0.0,30.0,34.0,63.0,63.0,63.0,1.0,26.0,36.0,63.0,63.0,63.0,4.0,24.0,38.0,62.0,63.0,63.0,6.0,22.0,39.0,60.0,63.0,63.0,9.0,20.0,47.0,59.0,63.0,63.0,7.0,21.0,41.0,59.0,63.0,63.0,13.0,0.0,49.0,17.0,63.0,58.0,63.0,63.0,0.5367461838291372,2.4467393739378065,0.23338289217348024,0.0,30.0,160.0,971401.012780323,979647.9382686279,986640.9452616348,991222.5705329153,996093.561610803,998553.1709669641,999373.040752351,999565.9512900892,999855.3170966964,1000000.0,1000000.0,1000000.0,1000000.0,1000000.0,1000000.0,1000000.0,1000000.0,1000000.0,1000000.0,1000000.0,1000000.0,1000000.0,1000000.0,1000000.0,1000000.0,1000000.0,1000000.0,1000000.0,1000000.0,1000000.0,1000000.0,1000000.0,1000000.0,1000000.0,1000000.0,1000000.0,1000000.0,1000000.0,1000000.0,1000000.0,1000000.0,1000000.0,1000000.0,1000000.0,1000000.0,1000000.0,1000000.0,1000000.0,1000000.0,1000000.0,1000000.0,1000000.0,1000000.0,1000000.0,1000000.0,1000000.0,1000000.0,1000000.0,1000000.0,1000000.0,1000000.0,1000000.0,1000000.0,1000000.0,0.0,0.0,0.0,0.0,0.0,0.0,0.0,0.0,0.0,0.0,0.0,0.0,0.0,0.0,0.0,0.0,0.0,48.22763443453082,96.4552688690621,144.68290330359284,434.04870991077877,819.8697853870253,1736.1948396431121,3183.023872679041,6944.779358572451,13166.144200626935,25126.59754039064,43887.14733542317,79864.96262358334,147962.3824451411,258644.80347238967,314781.7699541837,592524.7166626477,752013.5037376416,881986.9785387027,942030.3834096937,978104.6539667229,992090.6679527368,997636.845912708,999083.6749457439,999469.4960212201,999662.4065589582,999758.8618278273,999807.0894622619,999855.3170966964,999855.3170966964,999855.3170966964,999951.7723655654,999951.7723655654,1000000.0,1000000.0,1000000.0,1000000.0,1000000.0,1000000.0,1000000.0,1000000.0,1000000.0,1000000.0,1000000.0,1000000.0,1000000.0,1000000.0,1000000.0,0.0,0.0,0.0,0.0,0.0,0.0,0.0,0.0,0.0,0.0,0.0,0.0,0.0,0.0,0.0,0.0,0.0,0.0,0.0,0.0,0.0,0.0,0.0,0.0,0.0,0.0,0.0,0.0,0.0,0.0,0.0,0.0,0.0,0.0,0.0,0.0,0.0,0.0,0.0,0.0,0.0,0.0,0.0,0.0,0.0,0.0,0.0,0.0,0.0,0.0,0.0,0.0,0.0,0.0,0.0,0.0,0.0,0.0,144.68290330359284,723.414516517964,2556.0646250301406,5642.633228840121,19194.598504943326,1000000.0,0.0,0.0,0.0,0.0,0.0,0.0,0.0,0.0,0.0,0.0,0.0,0.0,0.0,0.0,0.0,0.0,0.0,0.0,0.0,0.0,0.0,0.0,0.0,0.0,0.0,0.0,0.0,0.0,0.0,0.0,0.0,0.0,0.0,0.0,0.0,0.0,0.0,0.0,0.0,0.0,0.0,0.0,0.0,0.0,0.0,0.0,0.0,0.0,0.0,0.0,0.0,0.0,0.0,0.0,0.0,0.0,0.0,0.0,0.0,0.0,0.0,0.0,0.0,1000000.0
FLINT,MAGNUM03,F,na,na,na,na,2025_03_11-09_22_56,na,3,66,Yes,1,na,0.0,0.0,1000000.0,12.5,25.0,52.888888888888886,,,,0.0,0.0,1000000.0,12.5,25.0,52.888888888888886,30.0,33.0,0.0,28.0,30.0,0.0,25.0,27.0,0.0,21.0,24.0,0.0,16.0,21.0,0.0,11.0,17.0,0.0,14.0,19.0,0.0,0.0,30.0,30.0,63.0,63.0,63.0,0.0,28.0,33.0,63.0,63.0,63.0,0.0,25.0,35.0,62.0,63.0,63.0,2.0,23.0,37.0,61.0,63.0,63.0,4.0,20.0,38.0,59.0,63.0,63.0,6.0,17.0,40.0,57.0,63.0,63.0,5.0,19.0,39.0,58.0,63.0,63.0,9.0,0.0,50.0,16.0,63.0,0.0,63.0,0.0,0.32623813573331983,2.6051315401981343,0.5703907822542745,0.4374894505865458,30.0,160.0,982589.8239691342,989438.1480588376,994598.5049433325,997443.9353749697,999131.9025801783,999807.0894622619,1000000.0,1000000.0,1000000.0,1000000.0,1000000.0,1000000.0,1000000.0,1000000.0,1000000.0,1000000.0,1000000.0,1000000.0,1000000.0,1000000.0,1000000.0,1000000.0,1000000.0,1000000.0,1000000.0,1000000.0,1000000.0,1000000.0,1000000.0,1000000.0,1000000.0,1000000.0,1000000.0,1000000.0,1000000.0,1000000.0,1000000.0,1000000.0,1000000.0,1000000.0,1000000.0,1000000.0,1000000.0,1000000.0,1000000.0,1000000.0,1000000.0,1000000.0,1000000.0,1000000.0,1000000.0,1000000.0,1000000.0,1000000.0,1000000.0,1000000.0,1000000.0,1000000.0,1000000.0,1000000.0,1000000.0,1000000.0,1000000.0,1000000.0,0.0,0.0,0.0,0.0,0.0,0.0,0.0,0.0,0.0,0.0,0.0,0.0,0.0,0.0,0.0,0.0,144.68290330359284,241.13817217265407,434.04870991077877,578.7316132143711,1446.829033035929,2604.2922594646707,5353.267422232942,9452.616349168073,18567.639257294406,36315.408729201816,68869.06197251029,119218.71232216053,208295.15312273934,341885.70050639013,515891.00554617797,595273.6918254159,816204.4851700023,902049.6744634677,956016.3973957077,979503.2553653242,993055.2206414274,997636.845912708,999276.585483482,999758.8618278273,999903.5447311308,999903.5447311308,999951.7723655654,1000000.0,1000000.0,1000000.0,1000000.0,1000000.0,1000000.0,1000000.0,1000000.0,1000000.0,1000000.0,1000000.0,1000000.0,1000000.0,1000000.0,1000000.0,1000000.0,1000000.0,1000000.0,1000000.0,1000000.0,1000000.0,48.22763443453082,48.22763443453082,48.22763443453082,48.22763443453082,48.22763443453082,48.22763443453082,48.22763443453082,48.22763443453082,48.22763443453082,48.22763443453082,48.22763443453082,48.22763443453082,48.22763443453082,48.22763443453082,48.22763443453082,48.22763443453082,48.22763443453082,48.22763443453082,48.22763443453082,48.22763443453082,48.22763443453082,48.22763443453082,48.22763443453082,48.22763443453082,48.22763443453082,48.22763443453082,48.22763443453082,48.22763443453082,48.22763443453082,48.22763443453082,48.22763443453082,48.22763443453082,48.22763443453082,48.22763443453082,48.22763443453082,48.22763443453082,48.22763443453082,48.22763443453082,48.22763443453082,48.22763443453082,48.22763443453082,48.22763443453082,48.22763443453082,48.22763443453082,48.22763443453082,48.22763443453082,48.22763443453082,48.22763443453082,48.22763443453082,48.22763443453082,48.22763443453082,48.22763443453082,48.22763443453082,48.22763443453082,48.22763443453082,48.22763443453082,192.91053773812425,241.13817217265407,723.414516517964,2073.7882806848356,5594.405594405593,13696.648179406795,46153.84615384609,1000000.0,48.22763443453082,48.22763443453082,48.22763443453082,48.22763443453082,48.22763443453082,48.22763443453082,48.22763443453082,48.22763443453082,48.22763443453082,48.22763443453082,48.22763443453082,48.22763443453082,48.22763443453082,48.22763443453082,48.22763443453082,48.22763443453082,48.22763443453082,48.22763443453082,48.22763443453082,48.22763443453082,48.22763443453082,48.22763443453082,48.22763443453082,48.22763443453082,48.22763443453082,48.22763443453082,48.22763443453082,48.22763443453082,48.22763443453082,48.22763443453082,48.22763443453082,48.22763443453082,48.22763443453082,48.22763443453082,48.22763443453082,48.22763443453082,48.22763443453082,48.22763443453082,48.22763443453082,48.22763443453082,48.22763443453082,48.22763443453082,48.22763443453082,48.22763443453082,48.22763443453082,48.22763443453082,48.22763443453082,48.22763443453082,48.22763443453082,48.22763443453082,48.22763443453082,48.22763443453082,48.22763443453082,48.22763443453082,48.22763443453082,48.22763443453082,48.22763443453082,48.22763443453082,48.22763443453082,48.22763443453082,48.22763443453082,48.22763443453082,48.22763443453082,1000000.0
FLINT,MAGNUM03,F,na,na,na,na,2025_03_11-09_22_56,na,3,67,Yes,1,na,0.0,0.0,0.0,13.0,51.0,0.0,,,,0.0,0.0,0.0,13.0,51.0,0.0,30.0,33.0,0.0,28.0,29.0,0.0,25.0,26.0,0.0,21.0,24.0,0.0,17.0,20.0,0.0,14.0,17.0,0.0,15.0,19.0,0.0,0.0,30.0,30.0,63.0,63.0,63.0,0.0,28.0,33.0,62.0,63.0,63.0,1.0,26.0,35.0,61.0,63.0,63.0,3.0,24.0,36.0,60.0,63.0,63.0,5.0,22.0,38.0,58.0,63.0,63.0,6.0,20.0,40.0,57.0,63.0,63.0,6.0,21.0,39.0,58.0,63.0,63.0,7.0,0.0,46.0,19.0,63.0,56.0,63.0,0.0,0.4309389807521924,2.3726889785143572,0.6587956173685515,0.4374894505865458,30.0,160.0,973474.8010610079,982493.3687002652,991029.6599951772,994694.9602122015,997877.9840848806,999421.2683867855,999951.7723655654,1000000.0,1000000.0,1000000.0,1000000.0,1000000.0,1000000.0,1000000.0,1000000.0,1000000.0,1000000.0,1000000.0,1000000.0,1000000.0,1000000.0,1000000.0,1000000.0,1000000.0,1000000.0,1000000.0,1000000.0,1000000.0,1000000.0,1000000.0,1000000.0,1000000.0,1000000.0,1000000.0,1000000.0,1000000.0,1000000.0,1000000.0,1000000.0,1000000.0,1000000.0,1000000.0,1000000.0,1000000.0,1000000.0,1000000.0,1000000.0,1000000.0,1000000.0,1000000.0,1000000.0,1000000.0,1000000.0,1000000.0,1000000.0,1000000.0,1000000.0,1000000.0,1000000.0,1000000.0,1000000.0,1000000.0,1000000.0,1000000.0,0.0,0.0,0.0,0.0,0.0,0.0,0.0,0.0,0.0,0.0,0.0,0.0,0.0,0.0,0.0,0.0,0.0,0.0,0.0,96.4552688690621,289.36580660718624,723.414516517964,1832.650108512174,3713.527851458888,10127.80323125151,22281.167108753332,50349.65034965034,93995.65951290095,186206.89655172412,327658.54834820353,501808.53629129485,617892.4523752109,820930.7933445864,905907.8852182301,964070.4123462744,986496.2623583314,995707.7405353268,998456.7156980949,999517.7236556546,999807.0894622619,999951.7723655654,999951.7723655654,999951.7723655654,1000000.0,1000000.0,1000000.0,1000000.0,1000000.0,1000000.0,1000000.0,1000000.0,1000000.0,1000000.0,1000000.0,1000000.0,1000000.0,1000000.0,1000000.0,1000000.0,1000000.0,1000000.0,1000000.0,1000000.0,1000000.0,0.0,0.0,0.0,0.0,0.0,0.0,0.0,0.0,0.0,0.0,0.0,0.0,0.0,0.0,0.0,0.0,0.0,0.0,0.0,0.0,0.0,0.0,0.0,0.0,0.0,0.0,0.0,0.0,0.0,0.0,0.0,0.0,0.0,0.0,0.0,0.0,0.0,0.0,0.0,0.0,0.0,0.0,0.0,0.0,0.0,0.0,0.0,0.0,0.0,0.0,0.0,0.0,0.0,0.0,0.0,0.0,144.68290330359284,241.13817217265407,1446.829033035929,4581.625271280436,20496.74463467567,58066.0718591753,175645.04461056186,1000000.0,48.22763443453082,48.22763443453082,48.22763443453082,48.22763443453082,48.22763443453082,48.22763443453082,48.22763443453082,48.22763443453082,48.22763443453082,48.22763443453082,48.22763443453082,48.22763443453082,48.22763443453082,48.22763443453082,48.22763443453082,48.22763443453082,48.22763443453082,48.22763443453082,48.22763443453082,48.22763443453082,48.22763443453082,48.22763443453082,48.22763443453082,48.22763443453082,48.22763443453082,48.22763443453082,48.22763443453082,48.22763443453082,48.22763443453082,48.22763443453082,48.22763443453082,48.22763443453082,48.22763443453082,48.22763443453082,48.22763443453082,48.22763443453082,48.22763443453082,48.22763443453082,48.22763443453082,48.22763443453082,48.22763443453082,48.22763443453082,48.22763443453082,48.22763443453082,48.22763443453082,48.22763443453082,48.22763443453082,48.22763443453082,48.22763443453082,48.22763443453082,48.22763443453082,48.22763443453082,48.22763443453082,48.22763443453082,48.22763443453082,48.22763443453082,48.22763443453082,48.22763443453082,48.22763443453082,48.22763443453082,48.22763443453082,48.22763443453082,48.22763443453082,1000000.0
FLINT,MAGNUM03,F,na,na,na,na,2025_03_11-09_22_56,na,3,68,Yes,1,na,0.0,0.0,998504.9433325296,11.5,51.5,62.0,,,,0.0,0.0,998504.9433325296,11.5,51.5,62.0,30.0,33.0,0.0,28.0,30.0,0.0,26.0,28.0,0.0,23.0,26.0,0.0,18.0,24.0,0.0,14.0,21.0,0.0,16.0,23.0,0.0,0.0,30.0,30.0,63.0,63.0,63.0,0.0,28.0,33.0,63.0,63.0,63.0,0.0,26.0,35.0,63.0,63.0,63.0,1.0,24.0,36.0,62.0,63.0,63.0,4.0,22.0,37.0,61.0,63.0,63.0,5.0,19.0,39.0,60.0,63.0,63.0,4.0,20.0,38.0,61.0,63.0,63.0,5.0,0.0,44.0,18.0,63.0,59.0,63.0,63.0,0.23164328112670074,2.3310115380303293,0.11730019975499884,0.0,30.0,160.0,991656.6192428261,994405.5944055944,997251.0248372317,998504.9433325295,999614.1789245236,1000000.0,1000000.0,1000000.0,1000000.0,1000000.0,1000000.0,1000000.0,1000000.0,1000000.0,1000000.0,1000000.0,1000000.0,1000000.0,1000000.0,1000000.0,1000000.0,1000000.0,1000000.0,1000000.0,1000000.0,1000000.0,1000000.0,1000000.0,1000000.0,1000000.0,1000000.0,1000000.0,1000000.0,1000000.0,1000000.0,1000000.0,1000000.0,1000000.0,1000000.0,1000000.0,1000000.0,1000000.0,1000000.0,1000000.0,1000000.0,1000000.0,1000000.0,1000000.0,1000000.0,1000000.0,1000000.0,1000000.0,1000000.0,1000000.0,1000000.0,1000000.0,1000000.0,1000000.0,1000000.0,1000000.0,1000000.0,1000000.0,1000000.0,1000000.0,0.0,0.0,0.0,0.0,0.0,0.0,0.0,0.0,0.0,0.0,0.0,0.0,0.0,0.0,0.0,0.0,0.0,0.0,96.4552688690621,289.36580660718624,675.1868820834334,1302.1461297323344,2990.1133349409165,5449.72269110199,11285.266457680242,22281.167108753332,52085.84518929348,92355.91994212689,185821.07547624782,324571.97974439344,516710.87533156504,630865.6860380999,835640.2218471183,917675.4280202555,969616.5903062455,989727.5138654449,997588.6182782734,999035.4473113093,999807.0894622619,999903.5447311308,999903.5447311308,999951.7723655654,999951.7723655654,1000000.0,1000000.0,1000000.0,1000000.0,1000000.0,1000000.0,1000000.0,1000000.0,1000000.0,1000000.0,1000000.0,1000000.0,1000000.0,1000000.0,1000000.0,1000000.0,1000000.0,1000000.0,1000000.0,1000000.0,1000000.0,0.0,0.0,0.0,0.0,0.0,0.0,0.0,0.0,0.0,0.0,0.0,0.0,0.0,0.0,0.0,0.0,0.0,0.0,0.0,0.0,0.0,0.0,0.0,0.0,0.0,0.0,0.0,0.0,0.0,0.0,0.0,0.0,0.0,0.0,0.0,0.0,0.0,0.0,0.0,0.0,0.0,0.0,0.0,0.0,0.0,0.0,0.0,0.0,0.0,0.0,0.0,0.0,0.0,0.0,0.0,0.0,0.0,0.0,0.0,48.22763443453082,385.82107547624787,1495.056667470457,7089.462261876058,1000000.0,0.0,0.0,0.0,0.0,0.0,0.0,0.0,0.0,0.0,0.0,0.0,0.0,0.0,0.0,0.0,0.0,0.0,0.0,0.0,0.0,0.0,0.0,0.0,0.0,0.0,0.0,0.0,0.0,0.0,0.0,0.0,0.0,0.0,0.0,0.0,0.0,0.0,0.0,0.0,0.0,0.0,0.0,0.0,0.0,0.0,0.0,0.0,0.0,0.0,0.0,0.0,0.0,0.0,0.0,0.0,0.0,0.0,0.0,0.0,0.0,0.0,0.0,0.0,1000000.0
FLINT,MAGNUM03,F,na,na,na,na,2025_03_11-09_22_56,na,3,69,Yes,1,na,0.0,48.22763443457198,0.0,9.0,49.0,0.0,,,,0.0,48.22763443457198,0.0,9.0,49.0,0.0,31.0,32.0,0.0,28.0,30.0,0.0,25.0,28.0,0.0,22.0,26.0,0.0,18.0,23.0,0.0,12.0,15.0,0.0,15.0,21.0,0.0,0.0,31.0,31.0,63.0,63.0,63.0,0.0,28.0,33.0,63.0,63.0,63.0,0.0,25.0,35.0,63.0,63.0,63.0,2.0,24.0,36.0,62.0,63.0,63.0,4.0,22.0,38.0,61.0,63.0,63.0,6.0,18.0,44.0,59.0,63.0,63.0,5.0,20.0,39.0,60.0,63.0,63.0,8.0,0.0,59.0,10.0,63.0,58.0,63.0,0.0,0.32134450872246817,2.4688385961174775,0.17705265139400053,0.4374894505865458,30.0,160.0,987557.2703158909,991222.5705329153,994453.8220400289,996816.9761273209,999035.4473113093,999662.4065589582,1000000.0,1000000.0,1000000.0,1000000.0,1000000.0,1000000.0,1000000.0,1000000.0,1000000.0,1000000.0,1000000.0,1000000.0,1000000.0,1000000.0,1000000.0,1000000.0,1000000.0,1000000.0,1000000.0,1000000.0,1000000.0,1000000.0,1000000.0,1000000.0,1000000.0,1000000.0,1000000.0,1000000.0,1000000.0,1000000.0,1000000.0,1000000.0,1000000.0,1000000.0,1000000.0,1000000.0,1000000.0,1000000.0,1000000.0,1000000.0,1000000.0,1000000.0,1000000.0,1000000.0,1000000.0,1000000.0,1000000.0,1000000.0,1000000.0,1000000.0,1000000.0,1000000.0,1000000.0,1000000.0,1000000.0,1000000.0,1000000.0,1000000.0,0.0,0.0,0.0,0.0,0.0,0.0,0.0,0.0,0.0,0.0,48.22763443453082,48.22763443453082,48.22763443453082,96.4552688690621,96.4552688690621,96.4552688690621,96.4552688690621,144.68290330359284,241.13817217265407,289.36580660718624,675.1868820834334,1350.373764166866,3086.56860380998,5546.177959971061,11960.453339763686,25126.59754039064,53580.9018567639,97468.04919218716,187074.99397154574,314540.63178201107,483626.71810947673,593151.6759102966,809259.7058114299,896455.268869062,960212.2015915118,982541.5963346998,994550.2773088979,997974.4393537496,999421.2683867855,999614.1789245236,999758.8618278273,999758.8618278273,999758.8618278273,999855.3170966964,999903.5447311308,999951.7723655654,999951.7723655654,999951.7723655654,999951.7723655654,1000000.0,1000000.0,1000000.0,1000000.0,1000000.0,1000000.0,1000000.0,1000000.0,1000000.0,1000000.0,1000000.0,1000000.0,1000000.0,1000000.0,1000000.0,0.0,0.0,0.0,0.0,0.0,0.0,0.0,0.0,0.0,0.0,0.0,0.0,0.0,0.0,0.0,0.0,0.0,0.0,0.0,0.0,0.0,0.0,0.0,0.0,0.0,0.0,0.0,0.0,0.0,0.0,0.0,0.0,0.0,0.0,0.0,0.0,0.0,0.0,0.0,0.0,0.0,0.0,0.0,0.0,0.0,0.0,0.0,0.0,0.0,0.0,0.0,0.0,0.0,0.0,0.0,0.0,0.0,0.0,144.68290330359284,385.82107547624787,1205.690860863273,3183.023872679041,12056.90860863274,1000000.0,48.22763443453082,48.22763443453082,48.22763443453082,48.22763443453082,48.22763443453082,48.22763443453082,48.22763443453082,48.22763443453082,48.22763443453082,48.22763443453082,48.22763443453082,48.22763443453082,48.22763443453082,48.22763443453082,48.22763443453082,48.22763443453082,48.22763443453082,48.22763443453082,48.22763443453082,48.22763443453082,48.22763443453082,48.22763443453082,48.22763443453082,48.22763443453082,48.22763443453082,48.22763443453082,48.22763443453082,48.22763443453082,48.22763443453082,48.22763443453082,48.22763443453082,48.22763443453082,48.22763443453082,48.22763443453082,48.22763443453082,48.22763443453082,48.22763443453082,48.22763443453082,48.22763443453082,48.22763443453082,48.22763443453082,48.22763443453082,48.22763443453082,48.22763443453082,48.22763443453082,48.22763443453082,48.22763443453082,48.22763443453082,48.22763443453082,48.22763443453082,48.22763443453082,48.22763443453082,48.22763443453082,48.22763443453082,48.22763443453082,48.22763443453082,48.22763443453082,48.22763443453082,48.22763443453082,48.22763443453082,48.22763443453082,48.22763443453082,48.22763443453082,1000000.0
FLINT,MAGNUM03,F,na,na,na,na,2025_03_11-09_22_56,na,3,70,Yes,1,na,0.0,0.0,973715.9392331807,12.5,52.0,62.0,,,,0.0,0.0,973715.9392331807,12.5,52.0,62.0,32.0,31.0,0.0,29.0,30.0,0.0,25.0,25.0,0.0,20.0,23.0,0.0,17.0,21.0,0.0,14.0,12.0,0.0,15.0,20.0,0.0,0.0,32.0,32.0,63.0,63.0,63.0,0.0,29.0,33.0,63.0,63.0,63.0,1.0,26.0,36.0,61.0,63.0,63.0,4.0,24.0,37.0,60.0,63.0,63.0,5.0,22.0,38.0,59.0,63.0,63.0,6.0,20.0,46.0,58.0,63.0,63.0,6.0,21.0,39.0,59.0,63.0,63.0,7.0,0.0,50.0,18.0,63.0,54.0,63.0,63.0,0.4578750221101128,2.4165552296826944,0.46043101997827013,0.0,30.0,160.0,972992.5247166626,980901.8567639258,989389.9204244032,993778.6351579454,997636.845912708,999131.9025801783,1000000.0,1000000.0,1000000.0,1000000.0,1000000.0,1000000.0,1000000.0,1000000.0,1000000.0,1000000.0,1000000.0,1000000.0,1000000.0,1000000.0,1000000.0,1000000.0,1000000.0,1000000.0,1000000.0,1000000.0,1000000.0,1000000.0,1000000.0,1000000.0,1000000.0,1000000.0,1000000.0,1000000.0,1000000.0,1000000.0,1000000.0,1000000.0,1000000.0,1000000.0,1000000.0,1000000.0,1000000.0,1000000.0,1000000.0,1000000.0,1000000.0,1000000.0,1000000.0,1000000.0,1000000.0,1000000.0,1000000.0,1000000.0,1000000.0,1000000.0,1000000.0,1000000.0,1000000.0,1000000.0,1000000.0,1000000.0,1000000.0,1000000.0,0.0,0.0,0.0,0.0,0.0,0.0,0.0,0.0,0.0,0.0,0.0,0.0,0.0,0.0,0.0,0.0,0.0,0.0,48.22763443453082,96.4552688690621,241.13817217265407,819.8697853870253,1543.2843019049903,3424.1620448516924,7571.738606221362,15818.664094526175,35881.36001929101,67132.8671328671,135567.88039546675,242488.54593682179,406317.82011092355,488111.8881118881,745213.4072823727,855702.9177718831,936580.6607185917,973764.1668676152,992331.8061249095,997492.1630094043,999324.8131179166,999614.1789245236,999710.6341933928,999758.8618278273,999758.8618278273,999758.8618278273,999758.8618278273,999807.0894622619,999903.5447311308,999903.5447311308,999951.7723655654,1000000.0,1000000.0,1000000.0,1000000.0,1000000.0,1000000.0,1000000.0,1000000.0,1000000.0,1000000.0,1000000.0,1000000.0,1000000.0,1000000.0,1000000.0,0.0,0.0,0.0,0.0,0.0,0.0,0.0,0.0,0.0,0.0,0.0,0.0,0.0,0.0,0.0,0.0,0.0,0.0,0.0,0.0,0.0,0.0,0.0,0.0,0.0,0.0,0.0,0.0,0.0,0.0,0.0,0.0,0.0,0.0,0.0,0.0,0.0,0.0,0.0,0.0,0.0,0.0,0.0,0.0,0.0,0.0,0.0,0.0,0.0,0.0,0.0,0.0,0.0,0.0,48.22763443453082,48.22763443453082,96.4552688690621,144.68290330359284,482.27634434531,1736.1948396431121,8632.74656378105,26284.060766819373,83819.62864721482,1000000.0,0.0,0.0,0.0,0.0,0.0,0.0,0.0,0.0,0.0,0.0,0.0,0.0,0.0,0.0,0.0,0.0,0.0,0.0,0.0,0.0,0.0,0.0,0.0,0.0,0.0,0.0,0.0,0.0,0.0,0.0,0.0,0.0,0.0,0.0,0.0,0.0,0.0,0.0,0.0,0.0,0.0,0.0,0.0,0.0,0.0,0.0,0.0,0.0,0.0,0.0,0.0,0.0,0.0,0.0,0.0,0.0,0.0,0.0,0.0,0.0,0.0,0.0,0.0,1000000.0
FLINT,MAGNUM03,F,na,na,na,na,2025_03_11-09_22_56,na,3,71,Yes,1,na,0.0,0.0,998070.8946226188,11.5,54.5,62.0,,,,0.0,0.0,998070.8946226188,11.5,54.5,62.0,30.0,33.0,0.0,28.0,30.0,0.0,25.0,28.0,0.0,21.0,26.0,0.0,17.0,23.0,0.0,12.0,19.0,0.0,15.0,20.0,0.0,0.0,30.0,30.0,63.0,63.0,63.0,0.0,28.0,33.0,63.0,63.0,63.0,0.0,25.0,35.0,63.0,63.0,63.0,2.0,23.0,37.0,63.0,63.0,63.0,4.0,21.0,38.0,61.0,63.0,63.0,6.0,18.0,41.0,60.0,63.0,63.0,5.0,20.0,40.0,60.0,63.0,63.0,8.0,0.0,51.0,15.0,63.0,58.0,63.0,63.0,0.3250464078214533,2.578151369077823,0.12887560262813666,0.0,30.0,160.0,987460.8150470218,991319.0258017844,994502.0496744635,996720.5208584518,998746.0815047021,999758.8618278273,999951.7723655654,1000000.0,1000000.0,1000000.0,1000000.0,1000000.0,1000000.0,1000000.0,1000000.0,1000000.0,1000000.0,1000000.0,1000000.0,1000000.0,1000000.0,1000000.0,1000000.0,1000000.0,1000000.0,1000000.0,1000000.0,1000000.0,1000000.0,1000000.0,1000000.0,1000000.0,1000000.0,1000000.0,1000000.0,1000000.0,1000000.0,1000000.0,1000000.0,1000000.0,1000000.0,1000000.0,1000000.0,1000000.0,1000000.0,1000000.0,1000000.0,1000000.0,1000000.0,1000000.0,1000000.0,1000000.0,1000000.0,1000000.0,1000000.0,1000000.0,1000000.0,1000000.0,1000000.0,1000000.0,1000000.0,1000000.0,1000000.0,1000000.0,0.0,0.0,0.0,0.0,0.0,0.0,0.0,0.0,0.0,0.0,0.0,0.0,0.0,0.0,0.0,48.22763443453082,48.22763443453082,144.68290330359284,337.59344104171646,530.5039787798403,1302.1461297323344,2893.6580660718573,5787.316132143714,10272.48613455508,19291.053773812408,35061.49023390402,70460.57390884974,122015.91511936343,216156.2575355679,356112.8526645768,531034.4827586206,652037.6175548589,824306.7277550036,907258.2589823968,959874.6081504702,981818.1818181818,992862.3101036893,997492.1630094043,998938.9920424403,999421.2683867855,999710.6341933928,999903.5447311308,999951.7723655654,1000000.0,1000000.0,1000000.0,1000000.0,1000000.0,1000000.0,1000000.0,1000000.0,1000000.0,1000000.0,1000000.0,1000000.0,1000000.0,1000000.0,1000000.0,1000000.0,1000000.0,1000000.0,1000000.0,1000000.0,1000000.0,0.0,0.0,0.0,0.0,0.0,0.0,0.0,0.0,0.0,0.0,0.0,0.0,0.0,0.0,0.0,0.0,0.0,0.0,0.0,0.0,0.0,0.0,0.0,0.0,0.0,0.0,0.0,0.0,0.0,0.0,0.0,0.0,0.0,0.0,0.0,0.0,0.0,0.0,0.0,0.0,0.0,0.0,0.0,0.0,0.0,0.0,0.0,0.0,0.0,0.0,0.0,0.0,0.0,0.0,0.0,0.0,0.0,0.0,48.22763443453082,192.91053773812425,626.959247648901,1929.1053773812387,5980.226669881832,1000000.0,0.0,0.0,0.0,0.0,0.0,0.0,0.0,0.0,0.0,0.0,0.0,0.0,0.0,0.0,0.0,0.0,0.0,0.0,0.0,0.0,0.0,0.0,0.0,0.0,0.0,0.0,0.0,0.0,0.0,0.0,0.0,0.0,0.0,0.0,0.0,0.0,0.0,0.0,0.0,0.0,0.0,0.0,0.0,0.0,0.0,0.0,0.0,0.0,0.0,0.0,0.0,0.0,0.0,0.0,0.0,0.0,0.0,0.0,0.0,0.0,0.0,0.0,0.0,1000000.0
FLINT,MAGNUM03,F,na,na,na,na,2025_03_11-09_22_56,na,3,72,Yes,1,na,0.0,0.0,0.0,12.0,55.5,0.0,,,,0.0,0.0,0.0,12.0,55.5,0.0,30.0,33.0,0.0,28.0,30.0,0.0,25.0,28.0,0.0,22.0,26.0,0.0,18.0,23.0,0.0,14.0,18.0,0.0,16.0,22.0,0.0,0.0,30.0,30.0,63.0,63.0,63.0,0.0,28.0,33.0,63.0,63.0,63.0,0.0,25.0,35.0,63.0,63.0,63.0,2.0,24.0,36.0,62.0,63.0,63.0,4.0,22.0,37.0,60.0,63.0,63.0,6.0,20.0,41.0,59.0,63.0,63.0,5.0,21.0,38.0,60.0,63.0,63.0,7.0,0.0,53.0,17.0,63.0,58.0,63.0,0.0,0.3315034375263228,2.4030890307687316,0.19637202968530834,0.4374894505865458,30.0,160.0,987026.766337111,990450.9283819628,994453.8220400289,996334.6997829756,999035.4473113093,999662.4065589582,999903.5447311308,1000000.0,1000000.0,1000000.0,1000000.0,1000000.0,1000000.0,1000000.0,1000000.0,1000000.0,1000000.0,1000000.0,1000000.0,1000000.0,1000000.0,1000000.0,1000000.0,1000000.0,1000000.0,1000000.0,1000000.0,1000000.0,1000000.0,1000000.0,1000000.0,1000000.0,1000000.0,1000000.0,1000000.0,1000000.0,1000000.0,1000000.0,1000000.0,1000000.0,1000000.0,1000000.0,1000000.0,1000000.0,1000000.0,1000000.0,1000000.0,1000000.0,1000000.0,1000000.0,1000000.0,1000000.0,1000000.0,1000000.0,1000000.0,1000000.0,1000000.0,1000000.0,1000000.0,1000000.0,1000000.0,1000000.0,1000000.0,1000000.0,0.0,0.0,0.0,0.0,0.0,0.0,0.0,0.0,0.0,0.0,0.0,0.0,0.0,0.0,0.0,0.0,0.0,48.22763443453082,48.22763443453082,192.91053773812425,482.27634434531,1350.373764166866,3086.56860380998,5739.088497709187,11574.632264287418,26718.109476730133,55799.37304075235,97130.45575114537,195080.78128767782,333349.40921147814,514010.1278032312,626669.8818422955,830624.5478659271,911984.5671569809,965372.5584760066,985242.3438630335,996045.3339763684,998842.5367735712,999662.4065589582,999855.3170966964,999855.3170966964,1000000.0,1000000.0,1000000.0,1000000.0,1000000.0,1000000.0,1000000.0,1000000.0,1000000.0,1000000.0,1000000.0,1000000.0,1000000.0,1000000.0,1000000.0,1000000.0,1000000.0,1000000.0,1000000.0,1000000.0,1000000.0,1000000.0,1000000.0,0.0,0.0,0.0,0.0,0.0,0.0,0.0,0.0,0.0,0.0,0.0,0.0,0.0,0.0,0.0,0.0,0.0,0.0,0.0,0.0,0.0,0.0,0.0,0.0,0.0,0.0,0.0,0.0,0.0,0.0,0.0,0.0,0.0,0.0,0.0,0.0,0.0,0.0,0.0,0.0,0.0,0.0,0.0,0.0,0.0,0.0,0.0,0.0,0.0,0.0,0.0,0.0,0.0,0.0,0.0,0.0,0.0,0.0,48.22763443453082,434.04870991077877,1639.7395707740552,4099.348926935128,15047.021943573669,1000000.0,48.22763443453082,48.22763443453082,48.22763443453082,48.22763443453082,48.22763443453082,48.22763443453082,48.22763443453082,48.22763443453082,48.22763443453082,48.22763443453082,48.22763443453082,48.22763443453082,48.22763443453082,48.22763443453082,48.22763443453082,48.22763443453082,48.22763443453082,48.22763443453082,48.22763443453082,48.22763443453082,48.22763443453082,48.22763443453082,48.22763443453082,48.22763443453082,48.22763443453082,48.22763443453082,48.22763443453082,48.22763443453082,48.22763443453082,48.22763443453082,48.22763443453082,48.22763443453082,48.22763443453082,48.22763443453082,48.22763443453082,48.22763443453082,48.22763443453082,48.22763443453082,48.22763443453082,48.22763443453082,48.22763443453082,48.22763443453082,48.22763443453082,48.22763443453082,48.22763443453082,48.22763443453082,48.22763443453082,48.22763443453082,48.22763443453082,48.22763443453082,48.22763443453082,48.22763443453082,48.22763443453082,48.22763443453082,48.22763443453082,48.22763443453082,48.22763443453082,48.22763443453082,48.22763443453082,48.22763443453082,48.22763443453082,48.22763443453082,48.22763443453082,1000000.0
FLINT,MAGNUM03,F,na,na,na,na,2025_03_11-09_22_56,na,3,73,Yes,1,na,0.0,0.0,994936.0983843743,11.5,52.0,62.0,,,,0.0,0.0,994936.0983843743,11.5,52.0,62.0,30.0,33.0,0.0,28.0,30.0,0.0,26.0,27.0,0.0,22.0,26.0,0.0,18.0,24.0,0.0,14.0,21.0,0.0,16.0,22.0,0.0,0.0,30.0,30.0,63.0,63.0,63.0,0.0,28.0,33.0,63.0,63.0,63.0,0.0,26.0,35.0,62.0,63.0,63.0,2.0,24.0,36.0,62.0,63.0,63.0,4.0,22.0,37.0,61.0,63.0,63.0,5.0,19.0,39.0,60.0,63.0,63.0,5.0,21.0,38.0,60.0,63.0,63.0,8.0,0.0,47.0,15.0,63.0,57.0,63.0,63.0,0.2929327951315065,2.3415447364747424,0.22108488148177385,0.0,30.0,160.0,987460.8150470218,991077.8876296117,995514.8299975885,997926.211719315,999373.040752351,999903.5447311308,999951.7723655654,1000000.0,1000000.0,1000000.0,1000000.0,1000000.0,1000000.0,1000000.0,1000000.0,1000000.0,1000000.0,1000000.0,1000000.0,1000000.0,1000000.0,1000000.0,1000000.0,1000000.0,1000000.0,1000000.0,1000000.0,1000000.0,1000000.0,1000000.0,1000000.0,1000000.0,1000000.0,1000000.0,1000000.0,1000000.0,1000000.0,1000000.0,1000000.0,1000000.0,1000000.0,1000000.0,1000000.0,1000000.0,1000000.0,1000000.0,1000000.0,1000000.0,1000000.0,1000000.0,1000000.0,1000000.0,1000000.0,1000000.0,1000000.0,1000000.0,1000000.0,1000000.0,1000000.0,1000000.0,1000000.0,1000000.0,1000000.0,1000000.0,0.0,0.0,0.0,0.0,0.0,0.0,0.0,0.0,0.0,0.0,0.0,0.0,0.0,0.0,0.0,48.22763443453082,48.22763443453082,48.22763443453082,192.91053773812425,241.13817217265407,337.59344104171646,916.3250542560885,2122.0159151193625,4919.218712322153,10465.39667229322,20448.517000241125,48468.77260670361,92886.42392090667,181191.22257053282,322160.59802266693,507017.1208102242,618037.1352785146,828984.8082951531,913286.7132867133,967301.6638533879,987026.766337111,996382.9274174101,998890.7644080058,999758.8618278273,999903.5447311308,999903.5447311308,999903.5447311308,999903.5447311308,999903.5447311308,999903.5447311308,1000000.0,1000000.0,1000000.0,1000000.0,1000000.0,1000000.0,1000000.0,1000000.0,1000000.0,1000000.0,1000000.0,1000000.0,1000000.0,1000000.0,1000000.0,1000000.0,1000000.0,1000000.0,1000000.0,0.0,0.0,0.0,0.0,0.0,0.0,0.0,0.0,0.0,0.0,0.0,0.0,0.0,0.0,0.0,0.0,0.0,0.0,0.0,0.0,0.0,0.0,0.0,0.0,0.0,0.0,0.0,0.0,0.0,0.0,0.0,0.0,0.0,0.0,0.0,0.0,0.0,0.0,0.0,0.0,0.0,0.0,0.0,0.0,0.0,0.0,0.0,0.0,0.0,0.0,0.0,0.0,0.0,0.0,0.0,0.0,0.0,48.22763443453082,96.4552688690621,192.91053773812425,1302.1461297323344,5063.901615625751,25464.19098143234,1000000.0,0.0,0.0,0.0,0.0,0.0,0.0,0.0,0.0,0.0,0.0,0.0,0.0,0.0,0.0,0.0,0.0,0.0,0.0,0.0,0.0,0.0,0.0,0.0,0.0,0.0,0.0,0.0,0.0,0.0,0.0,0.0,0.0,0.0,0.0,0.0,0.0,0.0,0.0,0.0,0.0,0.0,0.0,0.0,0.0,0.0,0.0,0.0,0.0,0.0,0.0,0.0,0.0,0.0,0.0,0.0,0.0,0.0,0.0,0.0,0.0,0.0,0.0,0.0,1000000.0
FLINT,MAGNUM03,F,na,na,na,na,2025_03_11-09_22_56,na,3,74,Yes,1,na,0.0,0.0,978152.8816011575,14.0,0.0,62.0,,,,0.0,0.0,978152.8816011575,14.0,0.0,62.0,31.0,32.0,0.0,29.0,30.0,0.0,26.0,26.0,0.0,21.0,23.0,0.0,17.0,20.0,0.0,9.0,6.0,0.0,14.0,15.0,0.0,0.0,31.0,31.0,63.0,63.0,63.0,0.0,29.0,33.0,63.0,63.0,63.0,0.0,26.0,36.0,62.0,63.0,63.0,3.0,24.0,37.0,60.0,63.0,63.0,5.0,22.0,39.0,59.0,63.0,63.0,9.0,18.0,51.0,57.0,63.0,63.0,6.0,20.0,43.0,58.0,63.0,63.0,11.0,0.0,56.0,17.0,63.0,0.0,63.0,63.0,0.44993018685852537,2.506417755091751,0.6169381310318919,0.0,30.0,160.0,978345.7921388955,984856.5227875572,990692.0665541354,994068.0009645526,997154.5695683626,999083.6749457439,999662.4065589582,999855.3170966964,999855.3170966964,1000000.0,1000000.0,1000000.0,1000000.0,1000000.0,1000000.0,1000000.0,1000000.0,1000000.0,1000000.0,1000000.0,1000000.0,1000000.0,1000000.0,1000000.0,1000000.0,1000000.0,1000000.0,1000000.0,1000000.0,1000000.0,1000000.0,1000000.0,1000000.0,1000000.0,1000000.0,1000000.0,1000000.0,1000000.0,1000000.0,1000000.0,1000000.0,1000000.0,1000000.0,1000000.0,1000000.0,1000000.0,1000000.0,1000000.0,1000000.0,1000000.0,1000000.0,1000000.0,1000000.0,1000000.0,1000000.0,1000000.0,1000000.0,1000000.0,1000000.0,1000000.0,1000000.0,1000000.0,1000000.0,1000000.0,0.0,0.0,0.0,0.0,0.0,0.0,0.0,0.0,0.0,0.0,0.0,0.0,0.0,0.0,0.0,0.0,0.0,144.68290330359284,337.59344104171646,385.82107547624787,626.959247648901,1109.2355919942117,2363.1540872920177,5594.405594405593,10658.30721003135,18953.460332770668,40173.61948396432,75572.70315891002,144393.53749698587,251458.88594164455,399999.9999999999,522546.41909814323,749650.3496503496,858451.8929346516,936050.1567398119,973667.711598746,989823.9691343139,996093.561610803,998312.0327947914,998890.7644080058,999131.9025801783,999276.585483482,999373.040752351,999565.9512900892,999614.1789245236,999662.4065589582,999662.4065589582,999662.4065589582,999710.6341933928,999807.0894622619,999855.3170966964,999903.5447311308,999903.5447311308,999951.7723655654,1000000.0,1000000.0,1000000.0,1000000.0,1000000.0,1000000.0,1000000.0,1000000.0,1000000.0,1000000.0,48.22763443453082,48.22763443453082,48.22763443453082,48.22763443453082,48.22763443453082,48.22763443453082,48.22763443453082,48.22763443453082,48.22763443453082,48.22763443453082,48.22763443453082,48.22763443453082,48.22763443453082,48.22763443453082,48.22763443453082,48.22763443453082,48.22763443453082,48.22763443453082,48.22763443453082,48.22763443453082,48.22763443453082,48.22763443453082,48.22763443453082,48.22763443453082,48.22763443453082,48.22763443453082,48.22763443453082,48.22763443453082,48.22763443453082,48.22763443453082,48.22763443453082,48.22763443453082,48.22763443453082,48.22763443453082,48.22763443453082,48.22763443453082,48.22763443453082,48.22763443453082,48.22763443453082,48.22763443453082,48.22763443453082,48.22763443453082,48.22763443453082,48.22763443453082,48.22763443453082,48.22763443453082,48.22763443453082,48.22763443453082,48.22763443453082,48.22763443453082,48.22763443453082,48.22763443453082,48.22763443453082,48.22763443453082,48.22763443453082,48.22763443453082,144.68290330359284,289.36580660718624,868.0974198215577,2507.836990595609,7909.3320472630785,21847.118398842544,66650.59078852183,1000000.0,0.0,0.0,0.0,0.0,0.0,0.0,0.0,0.0,0.0,0.0,0.0,0.0,0.0,0.0,0.0,0.0,0.0,0.0,0.0,0.0,0.0,0.0,0.0,0.0,0.0,0.0,0.0,0.0,0.0,0.0,0.0,0.0,0.0,0.0,0.0,0.0,0.0,0.0,0.0,0.0,0.0,0.0,0.0,0.0,0.0,0.0,0.0,0.0,0.0,0.0,0.0,0.0,0.0,0.0,0.0,0.0,0.0,0.0,0.0,0.0,0.0,0.0,0.0,1000000.0
FLINT,MAGNUM03,F,na,na,na,na,2025_03_11-09_22_56,na,3,75,Yes,1,na,0.0,0.0,878514.5888594164,13.0,48.5,62.0,,,,0.0,0.0,878514.5888594164,13.0,48.5,62.0,31.0,32.0,0.0,28.0,29.0,0.0,24.0,25.0,0.0,20.0,23.0,0.0,17.0,21.0,0.0,13.0,16.0,0.0,16.0,19.0,0.0,0.0,31.0,31.0,63.0,63.0,63.0,0.0,28.0,33.0,62.0,63.0,63.0,2.0,26.0,35.0,60.0,63.0,63.0,4.0,24.0,36.0,59.0,63.0,63.0,5.0,22.0,37.0,58.0,63.0,63.0,7.0,20.0,41.0,57.0,63.0,63.0,6.0,22.0,38.0,57.0,63.0,63.0,8.0,0.0,45.0,18.0,63.0,52.0,63.0,63.0,0.5290143939845389,2.2594238892436365,0.865855488524751,0.0,30.0,160.0,957125.6329877019,972220.8825657101,985965.7583795515,992331.8061249095,997443.9353749697,998987.2196768748,999855.3170966964,1000000.0,1000000.0,1000000.0,1000000.0,1000000.0,1000000.0,1000000.0,1000000.0,1000000.0,1000000.0,1000000.0,1000000.0,1000000.0,1000000.0,1000000.0,1000000.0,1000000.0,1000000.0,1000000.0,1000000.0,1000000.0,1000000.0,1000000.0,1000000.0,1000000.0,1000000.0,1000000.0,1000000.0,1000000.0,1000000.0,1000000.0,1000000.0,1000000.0,1000000.0,1000000.0,1000000.0,1000000.0,1000000.0,1000000.0,1000000.0,1000000.0,1000000.0,1000000.0,1000000.0,1000000.0,1000000.0,1000000.0,1000000.0,1000000.0,1000000.0,1000000.0,1000000.0,1000000.0,1000000.0,1000000.0,1000000.0,1000000.0,0.0,0.0,0.0,0.0,0.0,0.0,0.0,0.0,0.0,0.0,0.0,0.0,0.0,0.0,0.0,0.0,0.0,0.0,48.22763443453082,96.4552688690621,289.36580660718624,530.5039787798403,1736.1948396431121,3231.251507113574,7861.104412828547,17458.403665300208,40221.84711839883,79093.32047263085,168507.35471425127,303592.9587653725,490137.44875813834,602170.2435495538,832408.9703400048,913576.0790933204,966192.4282613937,989148.7822522304,997829.756450446,999421.2683867855,999662.4065589582,999758.8618278273,999855.3170966964,999903.5447311308,999903.5447311308,1000000.0,1000000.0,1000000.0,1000000.0,1000000.0,1000000.0,1000000.0,1000000.0,1000000.0,1000000.0,1000000.0,1000000.0,1000000.0,1000000.0,1000000.0,1000000.0,1000000.0,1000000.0,1000000.0,1000000.0,1000000.0,0.0,0.0,0.0,0.0,0.0,0.0,0.0,0.0,0.0,0.0,0.0,0.0,0.0,0.0,0.0,0.0,0.0,0.0,0.0,0.0,0.0,0.0,0.0,0.0,0.0,0.0,0.0,0.0,0.0,0.0,0.0,0.0,0.0,0.0,0.0,0.0,0.0,0.0,0.0,0.0,0.0,0.0,0.0,0.0,0.0,0.0,0.0,0.0,0.0,0.0,0.0,0.0,48.22763443453082,48.22763443453082,96.4552688690621,144.68290330359284,192.91053773812425,626.959247648901,2941.8857005063924,8536.291294911978,42006.26959247647,121485.41114058353,326115.2640462985,1000000.0,0.0,0.0,0.0,0.0,0.0,0.0,0.0,0.0,0.0,0.0,0.0,0.0,0.0,0.0,0.0,0.0,0.0,0.0,0.0,0.0,0.0,0.0,0.0,0.0,0.0,0.0,0.0,0.0,0.0,0.0,0.0,0.0,0.0,0.0,0.0,0.0,0.0,0.0,0.0,0.0,0.0,0.0,0.0,0.0,0.0,0.0,0.0,0.0,0.0,0.0,0.0,0.0,0.0,0.0,0.0,0.0,0.0,0.0,0.0,0.0,0.0,0.0,0.0,1000000.0
FLINT,MAGNUM03,F,na,na,na,na,2025_03_11-09_22_56,na,3,76,Yes,1,na,0.0,0.0,0.0,13.5,56.0,0.0,,,,0.0,0.0,0.0,13.5,56.0,0.0,32.0,31.0,0.0,29.0,29.0,0.0,27.0,27.0,0.0,23.0,25.0,0.0,20.0,22.0,0.0,16.0,10.0,0.0,18.0,15.0,0.0,0.0,32.0,32.0,63.0,63.0,63.0,0.0,29.0,34.0,63.0,63.0,63.0,0.0,27.0,36.0,63.0,63.0,63.0,2.0,25.0,37.0,62.0,63.0,63.0,4.0,24.0,39.0,61.0,63.0,63.0,6.0,22.0,50.0,60.0,63.0,63.0,5.0,23.0,46.0,61.0,63.0,63.0,9.0,0.0,54.0,18.0,63.0,58.0,63.0,0.0,0.2972643035558539,2.4606920329389013,0.12289972723013061,0.4374894505865458,30.0,160.0,989534.6033277067,992669.3995659512,995707.7405353268,997202.7972027971,998938.9920424403,999807.0894622619,1000000.0,1000000.0,1000000.0,1000000.0,1000000.0,1000000.0,1000000.0,1000000.0,1000000.0,1000000.0,1000000.0,1000000.0,1000000.0,1000000.0,1000000.0,1000000.0,1000000.0,1000000.0,1000000.0,1000000.0,1000000.0,1000000.0,1000000.0,1000000.0,1000000.0,1000000.0,1000000.0,1000000.0,1000000.0,1000000.0,1000000.0,1000000.0,1000000.0,1000000.0,1000000.0,1000000.0,1000000.0,1000000.0,1000000.0,1000000.0,1000000.0,1000000.0,1000000.0,1000000.0,1000000.0,1000000.0,1000000.0,1000000.0,1000000.0,1000000.0,1000000.0,1000000.0,1000000.0,1000000.0,1000000.0,1000000.0,1000000.0,1000000.0,0.0,0.0,0.0,0.0,0.0,0.0,0.0,0.0,0.0,0.0,0.0,0.0,0.0,0.0,0.0,0.0,0.0,0.0,48.22763443453082,48.22763443453082,96.4552688690621,192.91053773812425,530.5039787798403,1350.373764166866,3134.7962382445157,8054.014950566682,20303.83409693753,39209.06679527371,82276.34434530995,177091.8736435978,310103.6894140342,417265.49312756205,626091.1502290813,757752.5922353509,880395.4666023633,940680.0096455268,979985.5317096696,995080.7812876777,998553.1709669641,999228.3578490474,999276.585483482,999276.585483482,999276.585483482,999324.8131179166,999373.040752351,999421.2683867855,999565.9512900892,999710.6341933928,999758.8618278273,999855.3170966964,999903.5447311308,999951.7723655654,1000000.0,1000000.0,1000000.0,1000000.0,1000000.0,1000000.0,1000000.0,1000000.0,1000000.0,1000000.0,1000000.0,1000000.0,0.0,0.0,0.0,0.0,0.0,0.0,0.0,0.0,0.0,0.0,0.0,0.0,0.0,0.0,0.0,0.0,0.0,0.0,0.0,0.0,0.0,0.0,0.0,0.0,0.0,0.0,0.0,0.0,0.0,0.0,0.0,0.0,0.0,0.0,0.0,0.0,0.0,0.0,0.0,0.0,0.0,0.0,0.0,0.0,0.0,0.0,0.0,0.0,0.0,0.0,0.0,0.0,0.0,0.0,0.0,0.0,0.0,0.0,48.22763443453082,144.68290330359284,289.36580660718624,1736.1948396431121,7089.462261876058,1000000.0,48.22763443453082,48.22763443453082,48.22763443453082,48.22763443453082,48.22763443453082,48.22763443453082,48.22763443453082,48.22763443453082,48.22763443453082,48.22763443453082,48.22763443453082,48.22763443453082,48.22763443453082,48.22763443453082,48.22763443453082,48.22763443453082,48.22763443453082,48.22763443453082,48.22763443453082,48.22763443453082,48.22763443453082,48.22763443453082,48.22763443453082,48.22763443453082,48.22763443453082,48.22763443453082,48.22763443453082,48.22763443453082,48.22763443453082,48.22763443453082,48.22763443453082,48.22763443453082,48.22763443453082,48.22763443453082,48.22763443453082,48.22763443453082,48.22763443453082,48.22763443453082,48.22763443453082,48.22763443453082,48.22763443453082,48.22763443453082,48.22763443453082,48.22763443453082,48.22763443453082,48.22763443453082,48.22763443453082,48.22763443453082,48.22763443453082,48.22763443453082,48.22763443453082,48.22763443453082,48.22763443453082,48.22763443453082,48.22763443453082,48.22763443453082,48.22763443453082,48.22763443453082,48.22763443453082,48.22763443453082,48.22763443453082,48.22763443453082,48.22763443453082,1000000.0
FLINT,MAGNUM03,F,na,na,na,na,2025_03_11-09_22_56,na,3,77,Yes,1,na,1000000.0,1000000.0,1000000.0,0.0,0.0,31.5,,,,1000000.0,1000000.0,1000000.0,0.0,0.0,31.5,0.0,0.0,0.0,0.0,0.0,0.0,0.0,0.0,0.0,0.0,0.0,0.0,0.0,0.0,0.0,0.0,0.0,0.0,0.0,0.0,0.0,0.0,0.0,0.0,0.0,0.0,0.0,0.0,0.0,0.0,0.0,0.0,0.0,0.0,0.0,0.0,0.0,0.0,0.0,0.0,0.0,0.0,0.0,0.0,0.0,0.0,0.0,0.0,0.0,0.0,0.0,0.0,0.0,0.0,0.0,0.0,0.0,0.0,0.0,0.0,0.0,0.0,0.0,0.0,0.0,0.0,0.0,0.0,0.0,63.0,0.0,0.0,0.0,0.0,0.43748945058654587,30.0,160.0,1000000.0,1000000.0,1000000.0,1000000.0,1000000.0,1000000.0,1000000.0,1000000.0,1000000.0,1000000.0,1000000.0,1000000.0,1000000.0,1000000.0,1000000.0,1000000.0,1000000.0,1000000.0,1000000.0,1000000.0,1000000.0,1000000.0,1000000.0,1000000.0,1000000.0,1000000.0,1000000.0,1000000.0,1000000.0,1000000.0,1000000.0,1000000.0,1000000.0,1000000.0,1000000.0,1000000.0,1000000.0,1000000.0,1000000.0,1000000.0,1000000.0,1000000.0,1000000.0,1000000.0,1000000.0,1000000.0,1000000.0,1000000.0,1000000.0,1000000.0,1000000.0,1000000.0,1000000.0,1000000.0,1000000.0,1000000.0,1000000.0,1000000.0,1000000.0,1000000.0,1000000.0,1000000.0,1000000.0,1000000.0,1000000.0,1000000.0,1000000.0,1000000.0,1000000.0,1000000.0,1000000.0,1000000.0,1000000.0,1000000.0,1000000.0,1000000.0,1000000.0,1000000.0,1000000.0,1000000.0,1000000.0,1000000.0,1000000.0,1000000.0,1000000.0,1000000.0,1000000.0,1000000.0,1000000.0,1000000.0,1000000.0,1000000.0,1000000.0,1000000.0,1000000.0,1000000.0,1000000.0,1000000.0,1000000.0,1000000.0,1000000.0,1000000.0,1000000.0,1000000.0,1000000.0,1000000.0,1000000.0,1000000.0,1000000.0,1000000.0,1000000.0,1000000.0,1000000.0,1000000.0,1000000.0,1000000.0,1000000.0,1000000.0,1000000.0,1000000.0,1000000.0,1000000.0,1000000.0,1000000.0,1000000.0,1000000.0,1000000.0,1000000.0,1000000.0,1000000.0,1000000.0,1000000.0,1000000.0,1000000.0,1000000.0,1000000.0,1000000.0,1000000.0,1000000.0,1000000.0,1000000.0,1000000.0,1000000.0,1000000.0,1000000.0,1000000.0,1000000.0,1000000.0,1000000.0,1000000.0,1000000.0,1000000.0,1000000.0,1000000.0,1000000.0,1000000.0,1000000.0,1000000.0,1000000.0,1000000.0,1000000.0,1000000.0,1000000.0,1000000.0,1000000.0,1000000.0,1000000.0,1000000.0,1000000.0,1000000.0,1000000.0,1000000.0,1000000.0,1000000.0,1000000.0,1000000.0,1000000.0,1000000.0,1000000.0,1000000.0,1000000.0,1000000.0,1000000.0,1000000.0,1000000.0,1000000.0,1000000.0,1000000.0,1000000.0,1000000.0,1000000.0,1000000.0,1000000.0,1000000.0,1000000.0,1000000.0,1000000.0,1000000.0,1000000.0,1000000.0,1000000.0,1000000.0,1000000.0,1000000.0,1000000.0,1000000.0,1000000.0,1000000.0,1000000.0,1000000.0,1000000.0,1000000.0,1000000.0,1000000.0,1000000.0,1000000.0,1000000.0,1000000.0,1000000.0,1000000.0,1000000.0,1000000.0,1000000.0,1000000.0,1000000.0,1000000.0,1000000.0,1000000.0,1000000.0,1000000.0,1000000.0,1000000.0,1000000.0,1000000.0,1000000.0,1000000.0,1000000.0,1000000.0,1000000.0,1000000.0,1000000.0,1000000.0,1000000.0,1000000.0,1000000.0,1000000.0,1000000.0,1000000.0,1000000.0,1000000.0,1000000.0,1000000.0,1000000.0,1000000.0,1000000.0,1000000.0
